# t_us, lat_deg, lon_deg, h_m, roll_deg, pitch_deg, yaw_deg, vn_mps, ve_mps, vd_mps
# Crazyflie onboard estimate (not independent truth)
2287288000,49.8727991149,8.6511852061,144.0082,-0.766840,-0.214090,94.309880,0.0000,0.0000,0.0000
2287388000,49.8727990973,8.6511851926,144.0056,-0.685160,-0.146822,94.316313,0.0000,0.0000,0.0000
2287488000,49.8727990929,8.6511851518,144.0081,-0.687163,-0.085802,94.360002,0.0000,0.0000,0.0000
2287588000,49.8727990699,8.6511851654,144.0060,-0.606708,-0.197057,94.472380,0.0000,0.0000,0.0000
2287688000,49.8727990886,8.6511851790,144.0058,-0.696592,-0.235070,94.479756,0.0000,0.0000,0.0000
2287788000,49.8727990578,8.6511851790,144.0051,-0.607704,-0.255356,94.486672,0.0000,0.0000,0.0000
2287888000,49.8727990957,8.6511851926,144.0128,-0.824485,-0.274316,94.441854,0.0000,0.0000,0.0000
2287988000,49.8727990825,8.6511851654,144.0166,-0.731145,-0.178544,94.486456,0.0000,0.0000,0.0000
2288088000,49.8727990935,8.6511851654,144.0176,-0.772492,-0.197115,94.444704,0.0000,0.0000,0.0000
2288188000,49.8727991121,8.6511852061,144.0134,-0.854571,-0.321799,94.372374,0.0000,0.0000,0.0000
2288288000,49.8727990995,8.6511851654,144.0159,-0.760398,-0.223353,94.451848,0.0000,0.0000,0.0000
2288388000,49.8727991083,8.6511851926,144.0111,-0.829030,-0.290867,94.428003,0.0000,0.0000,0.0000
2288488000,49.8727990666,8.6511852061,144.0030,-0.656034,-0.332621,94.417318,0.0000,0.0000,0.0000
2288588000,49.8727991165,8.6511852061,144.0112,-0.875285,-0.277889,94.403555,0.0000,0.0000,0.0000
2288688000,49.8727991078,8.6511851654,144.0175,-0.775310,-0.157503,94.430460,0.0000,0.0000,0.0000
2288788000,49.8727990781,8.6511851654,144.0150,-0.693991,-0.211029,94.528536,0.0000,0.0000,0.0000
2288888000,49.8727990798,8.6511851790,144.0126,-0.765639,-0.272741,94.560535,0.0000,0.0000,0.0000
2288988000,49.8727990666,8.6511851926,144.0044,-0.753637,-0.269442,94.536020,0.0000,0.0000,0.0000
2289088000,49.8727990853,8.6511851654,144.0091,-0.796461,-0.179156,94.549473,0.0000,0.0000,0.0000
2289188000,49.8727991204,8.6511851926,144.0145,-0.952928,-0.245254,94.469881,0.0000,0.0000,0.0000
2289288000,49.8727991396,8.6511852061,144.0176,-0.949484,-0.247473,94.455911,0.0000,0.0000,0.0000
2289388000,49.8727991220,8.6511852197,144.0091,-0.746585,-0.256975,94.343685,0.0000,0.0000,0.0000
2289491000,49.8727991248,8.6511852197,144.0066,-0.764098,-0.225499,94.254049,0.0000,0.0000,0.0000
2289588000,49.8727990951,8.6511851790,144.0121,-0.650097,-0.145142,94.305777,0.0000,0.0000,0.0000
2289688000,49.8727990628,8.6511852333,143.9977,-0.547677,-0.311048,94.233068,0.0000,0.0000,0.0000
2289788000,49.8727990803,8.6511851518,144.0006,-0.684128,-0.050180,94.284290,0.0000,0.0000,0.0000
2289893000,49.8727990759,8.6511851518,144.0049,-0.667672,-0.149311,94.335890,0.0000,0.0000,0.0000
2289988000,49.8727990721,8.6511851518,144.0090,-0.679118,-0.156762,94.500227,0.0000,0.0000,0.0000
2290089000,49.8727990836,8.6511851382,144.0183,-0.724925,-0.160226,94.619139,0.0000,0.0000,0.0000
2290188000,49.8727990864,8.6511851654,144.0169,-0.811374,-0.241496,94.637309,0.0000,0.0000,0.0000
2290288000,49.8727991132,8.6511851790,144.0238,-0.879170,-0.268406,94.536307,0.0000,0.0000,0.0000
2290388000,49.8727991237,8.6511852333,144.0118,-0.740768,-0.382988,94.445851,0.0000,0.0000,0.0000
2290488000,49.8727991023,8.6511851790,144.0163,-0.662470,-0.233598,94.511133,0.0000,0.0000,0.0000
2290588000,49.8727990693,8.6511852061,144.0055,-0.528423,-0.278362,94.441164,0.0000,0.0000,0.0000
2290688000,49.8727990897,8.6511851654,144.0122,-0.656791,-0.135456,94.458132,0.0000,0.0000,0.0000
2290788000,49.8727990721,8.6511851790,144.0076,-0.644086,-0.213854,94.455063,0.0000,0.0000,0.0000
2290888000,49.8727990370,8.6511852197,144.0002,-0.551752,-0.337805,94.448497,0.0000,0.0000,0.0000
2290988000,49.8727991078,8.6511852061,144.0066,-0.903225,-0.242523,94.396353,0.0000,0.0000,0.0000
2291088000,49.8727991006,8.6511851518,144.0186,-0.753185,-0.060321,94.450762,0.0000,0.0000,0.0000
2291188000,49.8727990897,8.6511851382,144.0190,-0.676672,-0.071906,94.520693,0.0000,0.0000,0.0000
2291288000,49.8727990853,8.6511851382,144.0166,-0.700908,-0.131865,94.514085,0.0000,0.0000,0.0000
2291388000,49.8727990902,8.6511851654,144.0112,-0.763866,-0.241612,94.514889,0.0000,0.0000,0.0000
2291488000,49.8727990770,8.6511851654,144.0099,-0.731518,-0.228792,94.563668,0.0000,0.0000,0.0000
2291588000,49.8727990968,8.6511851654,144.0192,-0.786849,-0.168490,94.549385,0.0000,0.0000,0.0000
2291688000,49.8727990990,8.6511851382,144.0250,-0.763154,-0.144976,94.542204,0.0000,0.0000,0.0000
2291788000,49.8727991017,8.6511851790,144.0178,-0.755520,-0.264417,94.490556,0.0000,0.0000,0.0000
2291888000,49.8727990704,8.6511851790,144.0090,-0.612960,-0.251969,94.549576,0.0000,0.0000,0.0000
2291988000,49.8727990858,8.6511851926,144.0095,-0.707276,-0.260273,94.511389,0.0000,0.0000,0.0000
2292088000,49.8727990962,8.6511852197,144.0016,-0.755954,-0.303699,94.403436,0.0000,0.0000,0.0000
2292193000,49.8727991270,8.6511852197,144.0102,-0.875283,-0.186229,94.416836,0.0000,0.0000,0.0000
2292293000,49.8727990880,8.6511851790,144.0128,-0.708569,-0.142491,94.356873,0.0000,0.0000,0.0000
2292388000,49.8727990858,8.6511851790,144.0122,-0.608540,-0.135212,94.363701,0.0000,0.0000,0.0000
2292488000,49.8727990902,8.6511851518,144.0173,-0.690608,-0.116765,94.437089,0.0000,0.0000,0.0000
2292589000,49.8727990809,8.6511851518,144.0135,-0.668131,-0.145065,94.479173,0.0000,0.0000,0.0000
2292688000,49.8727990962,8.6511851654,144.0167,-0.778104,-0.192289,94.511089,0.0000,0.0000,0.0000
2292788000,49.8727990798,8.6511851654,144.0139,-0.703042,-0.230206,94.518185,0.0000,0.0000,0.0000
2292888000,49.8727990913,8.6511851518,144.0203,-0.781879,-0.220437,94.532257,0.0000,0.0000,0.0000
2292991000,49.8727990940,8.6511851790,144.0117,-0.774464,-0.277776,94.508165,0.0000,0.0000,0.0000
2293088000,49.8727990792,8.6511851654,144.0129,-0.733740,-0.251433,94.567313,0.0000,0.0000,0.0000
2293188000,49.8727990792,8.6511851518,144.0125,-0.724604,-0.195942,94.612375,0.0000,0.0000,0.0000
2293291000,49.8727991111,8.6511851790,144.0155,-0.886211,-0.289295,94.571435,0.0000,0.0000,0.0000
2293388000,49.8727991034,8.6511851518,144.0196,-0.750568,-0.178868,94.587844,0.0000,0.0000,0.0000
2293490000,49.8727990973,8.6511851382,144.0250,-0.706231,-0.163691,94.605155,0.0000,0.0000,0.0000
2293590000,49.8727990995,8.6511851518,144.0241,-0.718852,-0.227283,94.605572,0.0000,0.0000,0.0000
2293688000,49.8727990875,8.6511851790,144.0158,-0.692609,-0.315015,94.599061,0.0000,0.0000,0.0000
2293788000,49.8727990984,8.6511851926,144.0079,-0.729782,-0.296376,94.543126,0.0000,0.0000,0.0000
2293888000,49.8727991286,8.6511852197,144.0046,-0.912682,-0.311933,94.480812,0.0000,0.0000,0.0000
2293988000,49.8727991451,8.6511852197,144.0121,-0.912700,-0.247238,94.445345,0.0000,0.0000,0.0000
2294090000,49.8727991006,8.6511851790,144.0137,-0.622348,-0.185888,94.402442,0.0000,0.0000,0.0000
2294188000,49.8727991012,8.6511852197,144.0082,-0.639941,-0.258425,94.313384,0.0000,0.0000,0.0000
2294288000,49.8727990490,8.6511851790,144.0049,-0.472344,-0.142568,94.395029,0.0000,0.0000,0.0000
2294388000,49.8727991138,8.6511852197,144.0030,-0.827081,-0.275748,94.209114,0.0000,0.0000,0.0000
2294488000,49.8727991341,8.6511852197,144.0092,-0.839781,-0.264103,94.212553,0.0000,0.0000,0.0000
2294588000,49.8727991171,8.6511852197,144.0138,-0.721900,-0.266383,94.261211,0.0000,0.0000,0.0000
2294688000,49.8727990704,8.6511851518,144.0100,-0.557023,-0.124819,94.430001,0.0000,0.0000,0.0000
2294788000,49.8727990534,8.6511851790,144.0084,-0.583183,-0.209902,94.493376,0.0000,0.0000,0.0000
2294888000,49.8727990869,8.6511851518,144.0167,-0.773580,-0.154478,94.531796,0.0000,0.0000,0.0000
2294988000,49.8727990984,8.6511851246,144.0244,-0.790540,-0.106882,94.562945,0.0000,0.0000,0.0000
2295088000,49.8727990776,8.6511851654,144.0105,-0.744681,-0.305621,94.578174,0.0000,0.0000,0.0000
2295188000,49.8727991012,8.6511851790,144.0147,-0.807715,-0.301579,94.483948,0.0000,0.0000,0.0000
2295288000,49.8727991204,8.6511852061,144.0171,-0.847138,-0.304617,94.456113,0.0000,0.0000,0.0000
2295388000,49.8727990781,8.6511851790,144.0075,-0.666696,-0.219033,94.504067,0.0000,0.0000,0.0000
2295492000,49.8727990913,8.6511851790,144.0078,-0.756487,-0.233821,94.479871,0.0000,0.0000,0.0000
2295588000,49.8727990803,8.6511851518,144.0136,-0.696856,-0.128266,94.538523,0.0000,0.0000,0.0000
2295690000,49.8727991193,8.6511852061,144.0116,-0.963345,-0.267178,94.442126,0.0000,0.0000,0.0000
2295788000,49.8727991319,8.6511852197,144.0109,-0.943305,-0.271772,94.403669,0.0000,0.0000,0.0000
2295890000,49.8727991083,8.6511851926,144.0105,-0.789821,-0.206697,94.385380,0.0000,0.0000,0.0000
2295988000,49.8727990886,8.6511851926,144.0091,-0.689654,-0.184348,94.392056,0.0000,0.0000,0.0000
2296088000,49.8727990825,8.6511851926,144.0081,-0.695809,-0.173720,94.392001,0.0000,0.0000,0.0000
2296189000,49.8727990979,8.6511851518,144.0226,-0.764219,-0.096849,94.437031,0.0000,0.0000,0.0000
2296288000,49.8727991061,8.6511851654,144.0208,-0.788119,-0.180639,94.493550,0.0000,0.0000,0.0000
2296388000,49.8727991023,8.6511851518,144.0248,-0.735729,-0.128333,94.475656,0.0000,0.0000,0.0000
2296488000,49.8727990748,8.6511851926,144.0101,-0.611095,-0.286070,94.486843,0.0000,0.0000,0.0000
2296589000,49.8727990798,8.6511851518,144.0146,-0.679812,-0.169921,94.619134,0.0000,0.0000,0.0000
2296688000,49.8727991132,8.6511851926,144.0172,-0.805412,-0.239047,94.553403,0.0000,0.0000,0.0000
2296788000,49.8727990929,8.6511852333,144.0065,-0.682099,-0.343085,94.511825,0.0000,0.0000,0.0000
2296888000,49.8727990869,8.6511851926,144.0012,-0.692353,-0.171726,94.472374,0.0000,0.0000,0.0000
2296988000,49.8727990864,8.6511851382,144.0048,-0.708933,-0.047232,94.475124,0.0000,0.0000,0.0000
2297088000,49.8727990743,8.6511851654,143.9980,-0.696180,-0.183833,94.381577,0.0000,0.0000,0.0000
2297188000,49.8727990331,8.6511852197,143.9949,-0.624615,-0.324502,94.403201,0.0000,0.0000,0.0000
2297290000,49.8727991028,8.6511851926,144.0110,-0.915055,-0.173893,94.413307,0.0000,0.0000,0.0000
2297388000,49.8727991352,8.6511852061,144.0141,-0.929790,-0.219453,94.336800,0.0000,0.0000,0.0000
2297490000,49.8727990754,8.6511851926,144.0054,-0.554917,-0.151930,94.360224,0.0000,0.0000,0.0000
2297590000,49.8727991039,8.6511851790,144.0160,-0.739813,-0.122983,94.398731,0.0000,0.0000,0.0000
2297688000,49.8727991121,8.6511852061,144.0136,-0.743600,-0.234614,94.368001,0.0000,0.0000,0.0000
2297790000,49.8727991132,8.6511852197,144.0122,-0.755331,-0.256620,94.347198,0.0000,0.0000,0.0000
2297888000,49.8727990968,8.6511851518,144.0195,-0.679251,-0.093917,94.471893,0.0000,0.0000,0.0000
2297988000,49.8727991028,8.6511851654,144.0191,-0.736053,-0.148868,94.444332,0.0000,0.0000,0.0000
2298088000,49.8727990886,8.6511851382,144.0188,-0.653167,-0.097023,94.527811,0.0000,0.0000,0.0000
2298188000,49.8727990869,8.6511851382,144.0232,-0.704421,-0.188125,94.503949,0.0000,0.0000,0.0000
2298289000,49.8727990869,8.6511851382,144.0149,-0.754937,-0.246086,94.553344,0.0000,0.0000,0.0000
2298390000,49.8727990847,8.6511851518,144.0154,-0.734091,-0.258437,94.598812,0.0000,0.0000,0.0000
2298490000,49.8727990545,8.6511851926,144.0055,-0.635465,-0.374686,94.588750,0.0000,0.0000,0.0000
2298588000,49.8727990962,8.6511852061,144.0059,-0.831204,-0.338781,94.536706,0.0000,0.0000,0.0000
2298690000,49.8727991286,8.6511852197,144.0110,-0.948110,-0.299493,94.494786,0.0000,0.0000,0.0000
2298788000,49.8727991248,8.6511852197,144.0098,-0.780403,-0.301109,94.420959,0.0000,0.0000,0.0000
2298890000,49.8727990754,8.6511851790,144.0097,-0.608695,-0.192204,94.465367,0.0000,0.0000,0.0000
2298988000,49.8727990962,8.6511851926,144.0086,-0.708439,-0.228498,94.406340,0.0000,0.0000,0.0000
2299088000,49.8727991220,8.6511852061,144.0104,-0.805757,-0.236815,94.340180,0.0000,0.0000,0.0000
2299188000,49.8727990913,8.6511852333,144.0016,-0.655974,-0.290025,94.303120,0.0000,0.0000,0.0000
2299288000,49.8727990946,8.6511851926,144.0046,-0.706463,-0.166813,94.312970,0.0000,0.0000,0.0000
2299388000,49.8727990770,8.6511851518,144.0111,-0.644013,-0.099994,94.433452,0.0000,0.0000,0.0000
2299488000,49.8727990392,8.6511851926,144.0042,-0.578578,-0.289179,94.556678,0.0000,0.0000,0.0000
2299588000,49.8727990331,8.6511851926,144.0027,-0.637946,-0.249274,94.619513,0.0000,0.0000,0.0000
2299689000,49.8727990847,8.6511851518,144.0159,-0.881020,-0.157947,94.608856,0.0000,0.0000,0.0000
2299788000,49.8727990995,8.6511851926,144.0190,-0.881171,-0.238309,94.598989,0.0000,0.0000,0.0000
2299888000,49.8727990979,8.6511851518,144.0213,-0.819606,-0.185755,94.629939,0.0000,0.0000,0.0000
2299988000,49.8727991045,8.6511851518,144.0217,-0.818440,-0.244204,94.616375,0.0000,0.0000,0.0000
2300088000,49.8727990820,8.6511851654,144.0099,-0.718734,-0.245358,94.619665,0.0000,0.0000,0.0000
2300188000,49.8727990984,8.6511851518,144.0192,-0.735275,-0.178580,94.608787,0.0000,0.0000,0.0000
2300291000,49.8727990743,8.6511851790,144.0045,-0.652298,-0.305736,94.553463,0.0000,0.0000,0.0000
2300391000,49.8727990699,8.6511851926,144.0072,-0.714576,-0.252264,94.591740,0.0000,0.0000,0.0000
2300490000,49.8727990918,8.6511851926,144.0076,-0.882088,-0.274964,94.550345,0.0000,0.0000,0.0000
2300589000,49.8727990759,8.6511851926,144.0082,-0.766519,-0.231225,94.514825,0.0000,0.0000,0.0000
2300690000,49.8727990298,8.6511852197,144.0001,-0.587715,-0.299352,94.549763,0.0000,0.0000,0.0000
2300788000,49.8727990902,8.6511851654,144.0119,-0.849679,-0.097609,94.566426,0.0000,0.0000,0.0000
2300889000,49.8727991100,8.6511851518,144.0219,-0.829203,-0.100673,94.527987,0.0000,0.0000,0.0000
2300988000,49.8727991050,8.6511851518,144.0231,-0.740328,-0.143566,94.528186,0.0000,0.0000,0.0000
2301088000,49.8727990946,8.6511851654,144.0188,-0.651500,-0.176871,94.521274,0.0000,0.0000,0.0000
2301188000,49.8727990759,8.6511851654,144.0109,-0.620342,-0.186034,94.510790,0.0000,0.0000,0.0000
2301288000,49.8727990655,8.6511851790,144.0093,-0.629614,-0.208904,94.542386,0.0000,0.0000,0.0000
2301388000,49.8727990320,8.6511852061,144.0016,-0.546359,-0.261229,94.538989,0.0000,0.0000,0.0000
2301488000,49.8727990968,8.6511852061,144.0031,-0.862052,-0.273375,94.431451,0.0000,0.0000,0.0000
2301588000,49.8727990880,8.6511851790,144.0084,-0.770387,-0.177672,94.420103,0.0000,0.0000,0.0000
2301688000,49.8727990995,8.6511851654,144.0105,-0.787776,-0.163037,94.430515,0.0000,0.0000,0.0000
2301788000,49.8727990886,8.6511851654,144.0168,-0.702583,-0.153344,94.479267,0.0000,0.0000,0.0000
2301888000,49.8727990880,8.6511851654,144.0148,-0.725835,-0.154819,94.482803,0.0000,0.0000,0.0000
2301988000,49.8727991039,8.6511851654,144.0190,-0.785146,-0.172719,94.469025,0.0000,0.0000,0.0000
2302088000,49.8727991143,8.6511852061,144.0137,-0.764796,-0.281514,94.431273,0.0000,0.0000,0.0000
2302188000,49.8727990924,8.6511851926,144.0106,-0.636605,-0.212594,94.458537,0.0000,0.0000,0.0000
2302288000,49.8727990880,8.6511851518,144.0166,-0.634183,-0.126420,94.510483,0.0000,0.0000,0.0000
2302388000,49.8727990973,8.6511852197,144.0052,-0.724620,-0.334289,94.358106,0.0000,0.0000,0.0000
2302488000,49.8727991067,8.6511851926,144.0086,-0.754912,-0.187810,94.350239,0.0000,0.0000,0.0000
2302588000,49.8727990902,8.6511851518,144.0145,-0.663231,-0.098561,94.457927,0.0000,0.0000,0.0000
2302688000,49.8727990798,8.6511851790,144.0062,-0.680971,-0.229368,94.437748,0.0000,0.0000,0.0000
2302788000,49.8727990946,8.6511851654,144.0174,-0.778843,-0.177312,94.521473,0.0000,0.0000,0.0000
2302888000,49.8727990984,8.6511851518,144.0249,-0.770958,-0.200321,94.497150,0.0000,0.0000,0.0000
2302988000,49.8727991100,8.6511852061,144.0109,-0.808673,-0.285359,94.420922,0.0000,0.0000,0.0000
2303088000,49.8727991187,8.6511851790,144.0157,-0.847509,-0.214485,94.423990,0.0000,0.0000,0.0000
2303188000,49.8727991012,8.6511851654,144.0182,-0.692856,-0.162842,94.454846,0.0000,0.0000,0.0000
2303288000,49.8727991182,8.6511851926,144.0195,-0.787344,-0.230472,94.441464,0.0000,0.0000,0.0000
2303388000,49.8727991089,8.6511851654,144.0224,-0.726118,-0.197406,94.441131,0.0000,0.0000,0.0000
2303491000,49.8727990682,8.6511852061,144.0030,-0.495157,-0.293255,94.381727,0.0000,0.0000,0.0000
2303591000,49.8727989986,8.6511852333,143.9956,-0.344795,-0.330215,94.552717,0.0000,0.0000,0.0000
2303688000,49.8727990924,8.6511851654,144.0144,-0.834592,-0.138452,94.493316,0.0000,0.0000,0.0000
2303793000,49.8727990743,8.6511852061,144.0038,-0.689663,-0.241055,94.402883,0.0000,0.0000,0.0000
2303888000,49.8727991127,8.6511852061,144.0063,-0.906142,-0.241240,94.350909,0.0000,0.0000,0.0000
2303988000,49.8727991522,8.6511852197,144.0092,-0.973659,-0.245823,94.333613,0.0000,0.0000,0.0000
2304088000,49.8727991067,8.6511852197,144.0037,-0.695953,-0.260357,94.296053,0.0000,0.0000,0.0000
2304190000,49.8727990381,8.6511851926,144.0031,-0.496407,-0.218664,94.468789,0.0000,0.0000,0.0000
2304288000,49.8727990721,8.6511851654,144.0108,-0.719035,-0.136620,94.514135,0.0000,0.0000,0.0000
2304388000,49.8727990847,8.6511851382,144.0197,-0.773812,-0.114423,94.597929,0.0000,0.0000,0.0000
2304488000,49.8727990995,8.6511851246,144.0268,-0.821594,-0.126423,94.640001,0.0000,0.0000,0.0000
2304588000,49.8727990644,8.6511851926,144.0069,-0.719140,-0.331078,94.623698,0.0000,0.0000,0.0000
2304688000,49.8727990962,8.6511851654,144.0153,-0.791543,-0.261574,94.602458,0.0000,0.0000,0.0000
2304788000,49.8727991121,8.6511852061,144.0126,-0.832936,-0.343352,94.470337,0.0000,0.0000,0.0000
2304888000,49.8727990875,8.6511851790,144.0094,-0.739720,-0.261333,94.521955,0.0000,0.0000,0.0000
2304989000,49.8727991121,8.6511851926,144.0116,-0.820140,-0.260520,94.497667,0.0000,0.0000,0.0000
2305088000,49.8727990880,8.6511851654,144.0150,-0.719959,-0.181146,94.542376,0.0000,0.0000,0.0000
2305188000,49.8727990957,8.6511851518,144.0219,-0.749522,-0.165712,94.531837,0.0000,0.0000,0.0000
2305288000,49.8727991132,8.6511852197,144.0105,-0.802384,-0.315136,94.421115,0.0000,0.0000,0.0000
2305388000,49.8727990880,8.6511851790,144.0101,-0.680770,-0.155093,94.475753,0.0000,0.0000,0.0000
2305488000,49.8727990529,8.6511851926,144.0022,-0.546884,-0.244176,94.486483,0.0000,0.0000,0.0000
2305588000,49.8727990227,8.6511852469,143.9902,-0.548215,-0.351724,94.403115,0.0000,0.0000,0.0000
2305688000,49.8727991121,8.6511851790,144.0130,-0.980433,-0.121286,94.437423,0.0000,0.0000,0.0000
2305788000,49.8727991121,8.6511851518,144.0238,-0.852833,-0.091743,94.426582,0.0000,0.0000,0.0000
2305888000,49.8727990995,8.6511851382,144.0251,-0.775658,-0.118361,94.538544,0.0000,0.0000,0.0000
2305988000,49.8727990869,8.6511851790,144.0132,-0.742608,-0.223327,94.528705,0.0000,0.0000,0.0000
2306088000,49.8727990803,8.6511851926,144.0019,-0.733382,-0.258352,94.479981,0.0000,0.0000,0.0000
2306188000,49.8727990886,8.6511851518,143.9996,-0.746855,-0.089099,94.436966,0.0000,0.0000,0.0000
2306288000,49.8727991171,8.6511852061,144.0041,-0.859937,-0.220830,94.389108,0.0000,0.0000,0.0000
2306388000,49.8727991193,8.6511852061,144.0075,-0.796156,-0.188880,94.395754,0.0000,0.0000,0.0000
2306488000,49.8727991116,8.6511852061,144.0112,-0.712201,-0.177577,94.427003,0.0000,0.0000,0.0000
2306588000,49.8727990639,8.6511851790,144.0004,-0.562382,-0.209080,94.381486,0.0000,0.0000,0.0000
2306688000,49.8727990672,8.6511851790,143.9956,-0.628821,-0.206525,94.323556,0.0000,0.0000,0.0000
2306788000,49.8727990578,8.6511851654,144.0016,-0.631337,-0.170125,94.381397,0.0000,0.0000,0.0000
2306888000,49.8727990672,8.6511851790,144.0072,-0.711677,-0.200348,94.374714,0.0000,0.0000,0.0000
2306988000,49.8727990260,8.6511852197,144.0001,-0.568674,-0.280239,94.409813,0.0000,0.0000,0.0000
2307088000,49.8727990842,8.6511851790,144.0132,-0.835502,-0.154193,94.385080,0.0000,0.0000,0.0000
2307188000,49.8727991270,8.6511852197,144.0155,-0.909092,-0.253441,94.288093,0.0000,0.0000,0.0000
2307288000,49.8727991237,8.6511852061,144.0115,-0.853321,-0.236730,94.268284,0.0000,0.0000,0.0000
2307388000,49.8727991363,8.6511852197,144.0072,-0.821624,-0.257749,94.215959,0.0000,0.0000,0.0000
2307488000,49.8727990875,8.6511851518,144.0162,-0.572019,-0.092138,94.319389,0.0000,0.0000,0.0000
2307590000,49.8727990891,8.6511851382,144.0227,-0.629073,-0.122686,94.370648,0.0000,0.0000,0.0000
2307688000,49.8727990907,8.6511851654,144.0186,-0.676747,-0.212716,94.395698,0.0000,0.0000,0.0000
2307788000,49.8727990842,8.6511851790,144.0090,-0.669919,-0.239627,94.402833,0.0000,0.0000,0.0000
2307888000,49.8727990847,8.6511851518,144.0172,-0.702994,-0.152671,94.479264,0.0000,0.0000,0.0000
2307988000,49.8727990962,8.6511851382,144.0244,-0.749338,-0.116825,94.531517,0.0000,0.0000,0.0000
2308088000,49.8727990984,8.6511851654,144.0213,-0.759628,-0.220694,94.560176,0.0000,0.0000,0.0000
2308188000,49.8727991127,8.6511852061,144.0137,-0.811163,-0.298401,94.511895,0.0000,0.0000,0.0000
2308288000,49.8727990962,8.6511851654,144.0155,-0.680714,-0.151549,94.538643,0.0000,0.0000,0.0000
2308388000,49.8727990962,8.6511851654,144.0158,-0.737498,-0.205725,94.507612,0.0000,0.0000,0.0000
2308488000,49.8727991012,8.6511852061,144.0049,-0.787570,-0.287069,94.354470,0.0000,0.0000,0.0000
2308588000,49.8727990726,8.6511851926,144.0081,-0.663157,-0.164735,94.440833,0.0000,0.0000,0.0000
2308688000,49.8727990468,8.6511851654,144.0090,-0.594776,-0.147607,94.521034,0.0000,0.0000,0.0000
2308788000,49.8727990282,8.6511851518,144.0092,-0.605630,-0.145684,94.514048,0.0000,0.0000,0.0000
2308888000,49.8727991171,8.6511852197,144.0072,-0.961286,-0.310432,94.355101,0.0000,0.0000,0.0000
2308988000,49.8727990370,8.6511852197,144.0000,-0.550156,-0.276812,94.406256,0.0000,0.0000,0.0000
2309088000,49.8727990518,8.6511851790,144.0071,-0.653892,-0.126140,94.538463,0.0000,0.0000,0.0000
2309188000,49.8727990962,8.6511851790,144.0136,-0.896906,-0.176451,94.497184,0.0000,0.0000,0.0000
2309293000,49.8727990973,8.6511851790,144.0125,-0.887368,-0.212429,94.490457,0.0000,0.0000,0.0000
2309388000,49.8727990995,8.6511851518,144.0177,-0.839141,-0.142302,94.510825,0.0000,0.0000,0.0000
2309490000,49.8727991006,8.6511851382,144.0221,-0.748848,-0.126160,94.545557,0.0000,0.0000,0.0000
2309588000,49.8727990990,8.6511851518,144.0232,-0.727486,-0.183363,94.542402,0.0000,0.0000,0.0000
2309690000,49.8727990880,8.6511851518,144.0160,-0.696953,-0.204975,94.605393,0.0000,0.0000,0.0000
2309788000,49.8727991111,8.6511852061,144.0104,-0.836390,-0.354476,94.456448,0.0000,0.0000,0.0000
2309888000,49.8727990864,8.6511851654,144.0156,-0.734659,-0.242298,94.553276,0.0000,0.0000,0.0000
2309989000,49.8727991330,8.6511852061,144.0151,-0.945320,-0.299961,94.424878,0.0000,0.0000,0.0000
2310088000,49.8727990968,8.6511851790,144.0157,-0.708143,-0.162400,94.447874,0.0000,0.0000,0.0000
2310188000,49.8727991017,8.6511851790,144.0165,-0.757105,-0.181965,94.493510,0.0000,0.0000,0.0000
2310290000,49.8727990770,8.6511852061,144.0048,-0.677180,-0.281195,94.392608,0.0000,0.0000,0.0000
2310388000,49.8727990951,8.6511851654,144.0147,-0.785291,-0.176299,94.472545,0.0000,0.0000,0.0000
2310488000,49.8727991248,8.6511851790,144.0213,-0.856578,-0.199617,94.434382,0.0000,0.0000,0.0000
2310591000,49.8727991072,8.6511851654,144.0219,-0.679998,-0.136407,94.440690,0.0000,0.0000,0.0000
2310688000,49.8727990979,8.6511851518,144.0246,-0.663110,-0.128376,94.486060,0.0000,0.0000,0.0000
2310791000,49.8727990946,8.6511852061,144.0110,-0.627045,-0.304908,94.448539,0.0000,0.0000,0.0000
2310888000,49.8727991028,8.6511852333,143.9996,-0.665215,-0.304908,94.278773,0.0000,0.0000,0.0000
2310988000,49.8727990979,8.6511852061,144.0023,-0.609345,-0.189532,94.305961,0.0000,0.0000,0.0000
2311088000,49.8727991061,8.6511851926,144.0089,-0.696745,-0.164097,94.316433,0.0000,0.0000,0.0000
2311190000,49.8727990633,8.6511851926,144.0045,-0.481100,-0.197080,94.333731,0.0000,0.0000,0.0000
2311288000,49.8727990699,8.6511851654,144.0089,-0.575909,-0.171890,94.430258,0.0000,0.0000,0.0000
2311388000,49.8727990726,8.6511851790,144.0105,-0.612807,-0.198869,94.416477,0.0000,0.0000,0.0000
2311488000,49.8727990864,8.6511851518,144.0160,-0.702554,-0.153909,94.440824,0.0000,0.0000,0.0000
2311588000,49.8727990825,8.6511851654,144.0149,-0.692527,-0.154975,94.437321,0.0000,0.0000,0.0000
2311688000,49.8727990875,8.6511851790,144.0115,-0.731610,-0.218182,94.374862,0.0000,0.0000,0.0000
2311788000,49.8727990929,8.6511851926,144.0106,-0.747803,-0.206337,94.385302,0.0000,0.0000,0.0000
2311888000,49.8727991045,8.6511852061,144.0101,-0.769153,-0.218389,94.325999,0.0000,0.0000,0.0000
2311988000,49.8727991006,8.6511852061,144.0073,-0.737065,-0.167063,94.299041,0.0000,0.0000,0.0000
2312089000,49.8727990847,8.6511851654,144.0109,-0.634709,-0.074691,94.415827,0.0000,0.0000,0.0000
2312188000,49.8727990699,8.6511851382,144.0142,-0.605068,-0.075204,94.555615,0.0000,0.0000,0.0000
2312288000,49.8727990946,8.6511851790,144.0155,-0.813036,-0.245798,94.515022,0.0000,0.0000,0.0000
2312388000,49.8727991023,8.6511851790,144.0124,-0.803969,-0.262421,94.473178,0.0000,0.0000,0.0000
2312488000,49.8727990743,8.6511851790,144.0076,-0.658988,-0.244613,94.521675,0.0000,0.0000,0.0000
2312588000,49.8727991039,8.6511852061,144.0074,-0.792073,-0.281822,94.487265,0.0000,0.0000,0.0000
2312688000,49.8727991308,8.6511852197,144.0128,-0.863750,-0.260104,94.441841,0.0000,0.0000,0.0000
2312788000,49.8727990485,8.6511851926,144.0064,-0.495995,-0.195821,94.493155,0.0000,0.0000,0.0000
2312888000,49.8727990979,8.6511851926,144.0102,-0.851850,-0.179642,94.423739,0.0000,0.0000,0.0000
2312988000,49.8727990995,8.6511851654,144.0149,-0.797627,-0.134714,94.437323,0.0000,0.0000,0.0000
2313088000,49.8727990924,8.6511851382,144.0187,-0.727544,-0.075502,94.482302,0.0000,0.0000,0.0000
2313188000,49.8727991061,8.6511851654,144.0208,-0.807774,-0.203498,94.462286,0.0000,0.0000,0.0000
2313289000,49.8727990737,8.6511852061,144.0063,-0.656953,-0.277495,94.410014,0.0000,0.0000,0.0000
2313388000,49.8727990842,8.6511851926,144.0071,-0.794810,-0.186234,94.437677,0.0000,0.0000,0.0000
2313488000,49.8727990957,8.6511851926,144.0074,-0.821641,-0.155988,94.437503,0.0000,0.0000,0.0000
2313588000,49.8727991226,8.6511852061,144.0094,-0.837335,-0.236894,94.375200,0.0000,0.0000,0.0000
2313689000,49.8727990320,8.6511852061,144.0031,-0.456553,-0.236813,94.531697,0.0000,0.0000,0.0000
2313788000,49.8727990035,8.6511852197,144.0004,-0.484444,-0.259899,94.657667,0.0000,0.0000,0.0000
2313888000,49.8727990781,8.6511851790,144.0089,-0.835080,-0.179299,94.619432,0.0000,0.0000,0.0000
2313988000,49.8727991132,8.6511851926,144.0136,-0.881673,-0.185729,94.591596,0.0000,0.0000,0.0000
2314088000,49.8727990562,8.6511851926,144.0045,-0.613659,-0.232240,94.633348,0.0000,0.0000,0.0000
2314188000,49.8727991314,8.6511852197,144.0058,-0.907137,-0.284700,94.438639,0.0000,0.0000,0.0000
2314288000,49.8727991187,8.6511852061,144.0090,-0.890329,-0.246958,94.424323,0.0000,0.0000,0.0000
2314388000,49.8727990622,8.6511851926,144.0075,-0.550861,-0.178169,94.486174,0.0000,0.0000,0.0000
2314488000,49.8727990836,8.6511851518,144.0157,-0.682699,-0.091803,94.510330,0.0000,0.0000,0.0000
2314589000,49.8727990425,8.6511851926,144.0049,-0.593257,-0.216419,94.594782,0.0000,0.0000,0.0000
2314688000,49.8727990792,8.6511851926,144.0077,-0.793537,-0.205293,94.535670,0.0000,0.0000,0.0000
2314788000,49.8727991335,8.6511852061,144.0136,-1.002905,-0.226952,94.438371,0.0000,0.0000,0.0000
2314888000,49.8727991061,8.6511852061,144.0101,-0.802059,-0.240818,94.382146,0.0000,0.0000,0.0000
2314988000,49.8727990973,8.6511851654,144.0162,-0.788685,-0.151785,94.454906,0.0000,0.0000,0.0000
2315088000,49.8727990990,8.6511851518,144.0214,-0.747245,-0.120796,94.472124,0.0000,0.0000,0.0000
2315188000,49.8727990951,8.6511851518,144.0239,-0.718553,-0.168667,94.517831,0.0000,0.0000,0.0000
2315288000,49.8727991204,8.6511852061,144.0137,-0.840371,-0.269465,94.392922,0.0000,0.0000,0.0000
2315388000,49.8727990935,8.6511851790,144.0107,-0.677545,-0.175828,94.412958,0.0000,0.0000,0.0000
2315488000,49.8727991061,8.6511852197,144.0023,-0.740491,-0.295866,94.261445,0.0000,0.0000,0.0000
2315588000,49.8727990869,8.6511852061,143.9971,-0.639386,-0.239270,94.184000,0.0000,0.0000,0.0000
2315688000,49.8727990677,8.6511852197,143.9895,-0.594548,-0.234730,94.152435,0.0000,0.0000,0.0000
2315788000,49.8727990776,8.6511851246,143.9959,-0.668358,-0.002791,94.182681,0.0000,0.0000,0.0000
2315888000,49.8727990693,8.6511850567,143.9998,-0.657108,0.089367,94.199623,0.0000,0.0000,0.0000
2315988000,49.8727990842,8.6511851246,144.0003,-0.728047,-0.151492,94.204592,0.0000,0.0000,0.0000
2316088000,49.8727990836,8.6511851382,143.9953,-0.735729,-0.231443,94.173668,0.0000,0.0000,0.0000
2316188000,49.8727990595,8.6511851790,144.0007,-0.629725,-0.278824,94.292510,0.0000,0.0000,0.0000
2316288000,49.8727990370,8.6511852197,143.9990,-0.617147,-0.350669,94.350890,0.0000,0.0000,0.0000
2316388000,49.8727990792,8.6511851926,144.0110,-0.862831,-0.205485,94.378512,0.0000,0.0000,0.0000
2316489000,49.8727990792,8.6511851790,144.0079,-0.812191,-0.184873,94.395752,0.0000,0.0000,0.0000
2316588000,49.8727990886,8.6511851926,144.0076,-0.790611,-0.204479,94.385366,0.0000,0.0000,0.0000
2316688000,49.8727991171,8.6511852061,144.0101,-0.845844,-0.209507,94.336566,0.0000,0.0000,0.0000
2316788000,49.8727990973,8.6511852061,144.0061,-0.713208,-0.231851,94.274952,0.0000,0.0000,0.0000
2316888000,49.8727991061,8.6511851790,144.0149,-0.813824,-0.125614,94.367371,0.0000,0.0000,0.0000
2316988000,49.8727990913,8.6511851246,144.0206,-0.711539,-0.058395,94.440243,0.0000,0.0000,0.0000
2317088000,49.8727990858,8.6511851790,144.0144,-0.749456,-0.245390,94.458961,0.0000,0.0000,0.0000
2317188000,49.8727991105,8.6511851926,144.0152,-0.807162,-0.247013,94.406667,0.0000,0.0000,0.0000
2317288000,49.8727990886,8.6511851518,144.0169,-0.677711,-0.122193,94.454584,0.0000,0.0000,0.0000
2317388000,49.8727990897,8.6511851926,144.0138,-0.695521,-0.197894,94.448072,0.0000,0.0000,0.0000
2317488000,49.8727990759,8.6511851654,144.0124,-0.641678,-0.139846,94.482605,0.0000,0.0000,0.0000
2317588000,49.8727990556,8.6511851518,144.0121,-0.604591,-0.139997,94.562946,0.0000,0.0000,0.0000
2317688000,49.8727990715,8.6511851790,144.0048,-0.760504,-0.245510,94.507917,0.0000,0.0000,0.0000
2317788000,49.8727990562,8.6511851654,144.0082,-0.693720,-0.209402,94.654341,0.0000,0.0000,0.0000
2317888000,49.8727990853,8.6511852061,144.0042,-0.900339,-0.281512,94.571410,0.0000,0.0000,0.0000
2317988000,49.8727991451,8.6511852197,144.0132,-1.027739,-0.257897,94.442193,0.0000,0.0000,0.0000
2318088000,49.8727991396,8.6511852333,144.0114,-0.907869,-0.263214,94.358078,0.0000,0.0000,0.0000
2318188000,49.8727991100,8.6511851518,144.0215,-0.706628,-0.056558,94.387800,0.0000,0.0000,0.0000
2318288000,49.8727991121,8.6511851246,144.0267,-0.711908,-0.057362,94.384312,0.0000,0.0000,0.0000
2318388000,49.8727991275,8.6511852061,144.0134,-0.809373,-0.241227,94.315751,0.0000,0.0000,0.0000
2318488000,49.8727990984,8.6511851654,144.0170,-0.628472,-0.118038,94.384603,0.0000,0.0000,0.0000
2318590000,49.8727990567,8.6511851654,144.0088,-0.523539,-0.225033,94.566731,0.0000,0.0000,0.0000
2318688000,49.8727990463,8.6511852061,143.9991,-0.553333,-0.306828,94.507769,0.0000,0.0000,0.0000
2318788000,49.8727990600,8.6511852197,143.9965,-0.658242,-0.309723,94.427678,0.0000,0.0000,0.0000
2318888000,49.8727990507,8.6511852333,143.9916,-0.667216,-0.315741,94.424242,0.0000,0.0000,0.0000
2318988000,49.8727991056,8.6511851926,144.0081,-0.924427,-0.167435,94.409774,0.0000,0.0000,0.0000
2319088000,49.8727991017,8.6511851926,144.0065,-0.802521,-0.194176,94.416773,0.0000,0.0000,0.0000
2319188000,49.8727990787,8.6511851518,144.0113,-0.681918,-0.116747,94.496497,0.0000,0.0000,0.0000
2319288000,49.8727990858,8.6511851790,144.0129,-0.781875,-0.247795,94.434580,0.0000,0.0000,0.0000
2319388000,49.8727990951,8.6511851790,144.0136,-0.800743,-0.226233,94.441461,0.0000,0.0000,0.0000
2319488000,49.8727991078,8.6511852061,144.0073,-0.837420,-0.295662,94.386116,0.0000,0.0000,0.0000
2319588000,49.8727991445,8.6511852197,144.0117,-0.930442,-0.257894,94.368573,0.0000,0.0000,0.0000
2319688000,49.8727990853,8.6511851382,144.0172,-0.572927,-0.059558,94.527556,0.0000,0.0000,0.0000
2319788000,49.8727990968,8.6511851518,144.0222,-0.685446,-0.172379,94.517804,0.0000,0.0000,0.0000
2319888000,49.8727990902,8.6511851518,144.0194,-0.686459,-0.174927,94.542286,0.0000,0.0000,0.0000
2319988000,49.8727991006,8.6511852061,144.0098,-0.757934,-0.340536,94.445628,0.0000,0.0000,0.0000
2320088000,49.8727991325,8.6511852197,144.0079,-0.869007,-0.312272,94.344379,0.0000,0.0000,0.0000
2320188000,49.8727991017,8.6511851654,144.0170,-0.710220,-0.172162,94.412985,0.0000,0.0000,0.0000
2320291000,49.8727990946,8.6511851518,144.0227,-0.681320,-0.169963,94.454871,0.0000,0.0000,0.0000
2320388000,49.8727990918,8.6511851518,144.0278,-0.680067,-0.194598,94.441035,0.0000,0.0000,0.0000
2320494000,49.8727990951,8.6511851654,144.0166,-0.655337,-0.174572,94.514276,0.0000,0.0000,0.0000
2320588000,49.8727990968,8.6511851654,144.0180,-0.727458,-0.216247,94.532126,0.0000,0.0000,0.0000
2320688000,49.8727990825,8.6511851926,144.0089,-0.603734,-0.244702,94.462141,0.0000,0.0000,0.0000
2320790000,49.8727990617,8.6511851654,144.0100,-0.583540,-0.169394,94.625978,0.0000,0.0000,0.0000
2320891000,49.8727990479,8.6511852061,143.9982,-0.630669,-0.323242,94.550007,0.0000,0.0000,0.0000
2320988000,49.8727990748,8.6511851790,144.0087,-0.725430,-0.198169,94.532008,0.0000,0.0000,0.0000
2321088000,49.8727990600,8.6511852197,144.0011,-0.689006,-0.330886,94.494297,0.0000,0.0000,0.0000
2321188000,49.8727990935,8.6511851654,144.0124,-0.788629,-0.182345,94.497058,0.0000,0.0000,0.0000
2321291000,49.8727990957,8.6511851790,144.0142,-0.730710,-0.201884,94.465634,0.0000,0.0000,0.0000
2321388000,49.8727990891,8.6511851926,144.0151,-0.710168,-0.246572,94.479855,0.0000,0.0000,0.0000
2321488000,49.8727990759,8.6511852333,144.0024,-0.674842,-0.310757,94.403262,0.0000,0.0000,0.0000
2321588000,49.8727990864,8.6511851518,144.0164,-0.725419,-0.053800,94.562548,0.0000,0.0000,0.0000
2321688000,49.8727990973,8.6511851382,144.0243,-0.761215,-0.095714,94.559349,0.0000,0.0000,0.0000
2321790000,49.8727991039,8.6511851654,144.0236,-0.767637,-0.180786,94.542449,0.0000,0.0000,0.0000
2321888000,49.8727990864,8.6511851790,144.0144,-0.665273,-0.259918,94.518282,0.0000,0.0000,0.0000
2321988000,49.8727990682,8.6511851654,144.0102,-0.613315,-0.227159,94.563424,0.0000,0.0000,0.0000
2322088000,49.8727990880,8.6511851654,144.0146,-0.729983,-0.224415,94.539173,0.0000,0.0000,0.0000
2322188000,49.8727990853,8.6511851926,144.0001,-0.739170,-0.238919,94.472878,0.0000,0.0000,0.0000
2322289000,49.8727991100,8.6511852061,144.0056,-0.829632,-0.228698,94.399593,0.0000,0.0000,0.0000
2322389000,49.8727990869,8.6511851654,144.0124,-0.685243,-0.101950,94.461461,0.0000,0.0000,0.0000
2322488000,49.8727990814,8.6511851654,144.0152,-0.668527,-0.099197,94.482401,0.0000,0.0000,0.0000
2322589000,49.8727990836,8.6511852061,144.0062,-0.754778,-0.306278,94.417431,0.0000,0.0000,0.0000
2322689000,49.8727990924,8.6511851926,144.0060,-0.778525,-0.250893,94.448575,0.0000,0.0000,0.0000
2322788000,49.8727990946,8.6511851518,144.0152,-0.704353,-0.155807,94.423362,0.0000,0.0000,0.0000
2322890000,49.8727990606,8.6511851790,144.0093,-0.577469,-0.209741,94.482879,0.0000,0.0000,0.0000
2322988000,49.8727990929,8.6511851654,144.0180,-0.739364,-0.188466,94.458572,0.0000,0.0000,0.0000
2323088000,49.8727991423,8.6511852197,144.0100,-0.867930,-0.311352,94.275867,0.0000,0.0000,0.0000
2323188000,49.8727991352,8.6511852333,144.0133,-0.752066,-0.323042,94.312671,0.0000,0.0000,0.0000
2323288000,49.8727990397,8.6511851790,144.0069,-0.341680,-0.183561,94.471884,0.0000,0.0000,0.0000
2323388000,49.8727990957,8.6511851790,144.0111,-0.712819,-0.182388,94.423538,0.0000,0.0000,0.0000
2323488000,49.8727990666,8.6511851790,144.0119,-0.633945,-0.166369,94.468762,0.0000,0.0000,0.0000
2323588000,49.8727990787,8.6511851654,144.0131,-0.769130,-0.142638,94.496760,0.0000,0.0000,0.0000
2323688000,49.8727990551,8.6511851790,144.0080,-0.659524,-0.211733,94.566921,0.0000,0.0000,0.0000
2323788000,49.8727990655,8.6511852061,144.0052,-0.790394,-0.291856,94.532766,0.0000,0.0000,0.0000
2323888000,49.8727990677,8.6511851790,144.0038,-0.811268,-0.154549,94.573787,0.0000,0.0000,0.0000
2323988000,49.8727990748,8.6511851654,144.0018,-0.817376,-0.154220,94.570298,0.0000,0.0000,0.0000
2324088000,49.8727990353,8.6511852197,143.9969,-0.635060,-0.335138,94.543095,0.0000,0.0000,0.0000
2324188000,49.8727990902,8.6511851790,144.0089,-0.878925,-0.197340,94.504306,0.0000,0.0000,0.0000
2324288000,49.8727991231,8.6511852061,144.0096,-0.931629,-0.238571,94.452305,0.0000,0.0000,0.0000
2324388000,49.8727990534,8.6511851926,144.0067,-0.559668,-0.167784,94.503612,0.0000,0.0000,0.0000
2324488000,49.8727990666,8.6511851518,144.0105,-0.688030,-0.071113,94.541665,0.0000,0.0000,0.0000
2324589000,49.8727991050,8.6511851654,144.0186,-0.826658,-0.180859,94.511088,0.0000,0.0000,0.0000
2324688000,49.8727991072,8.6511851382,144.0260,-0.782985,-0.137941,94.528201,0.0000,0.0000,0.0000
2324788000,49.8727991039,8.6511851790,144.0132,-0.752868,-0.254952,94.448546,0.0000,0.0000,0.0000
2324888000,49.8727990935,8.6511851654,144.0147,-0.731977,-0.233445,94.483313,0.0000,0.0000,0.0000
2324988000,49.8727990847,8.6511851790,144.0149,-0.655942,-0.247142,94.483237,0.0000,0.0000,0.0000
2325088000,49.8727990639,8.6511852061,144.0012,-0.634410,-0.258995,94.430828,0.0000,0.0000,0.0000
2325189000,49.8727990875,8.6511851790,144.0041,-0.771124,-0.162900,94.416510,0.0000,0.0000,0.0000
2325288000,49.8727990951,8.6511851654,144.0124,-0.752847,-0.119339,94.444159,0.0000,0.0000,0.0000
2325390000,49.8727991171,8.6511851926,144.0157,-0.827373,-0.226302,94.410057,0.0000,0.0000,0.0000
2325488000,49.8727991012,8.6511852061,144.0058,-0.698904,-0.293590,94.278793,0.0000,0.0000,0.0000
2325588000,49.8727990853,8.6511851790,143.9989,-0.639952,-0.178163,94.295467,0.0000,0.0000,0.0000
2325688000,49.8727990715,8.6511851790,143.9886,-0.624757,-0.198296,94.176758,0.0000,0.0000,0.0000
2325788000,49.8727990682,8.6511851518,143.9977,-0.665967,-0.032328,94.284178,0.0000,0.0000,0.0000
2325888000,49.8727990628,8.6511851790,143.9976,-0.713207,-0.184817,94.278153,0.0000,0.0000,0.0000
2325988000,49.8727991089,8.6511851926,144.0099,-0.898520,-0.229142,94.268318,0.0000,0.0000,0.0000
2326088000,49.8727990831,8.6511851518,144.0165,-0.706450,-0.109167,94.381133,0.0000,0.0000,0.0000
2326191000,49.8727991132,8.6511851926,144.0123,-0.875543,-0.255332,94.319493,0.0000,0.0000,0.0000
2326288000,49.8727990880,8.6511851654,144.0147,-0.709729,-0.160563,94.381455,0.0000,0.0000,0.0000
2326388000,49.8727991039,8.6511851654,144.0210,-0.789582,-0.212733,94.367944,0.0000,0.0000,0.0000
2326488000,49.8727990776,8.6511851926,144.0099,-0.675806,-0.268840,94.382046,0.0000,0.0000,0.0000
2326588000,49.8727991105,8.6511852061,144.0104,-0.766233,-0.256276,94.336733,0.0000,0.0000,0.0000
2326690000,49.8727991248,8.6511852197,144.0049,-0.785139,-0.273917,94.254422,0.0000,0.0000,0.0000
2326788000,49.8727990820,8.6511851518,144.0147,-0.584195,-0.070615,94.352857,0.0000,0.0000,0.0000
2326888000,49.8727990353,8.6511852061,144.0022,-0.529635,-0.220923,94.409444,0.0000,0.0000,0.0000
2326988000,49.8727991034,8.6511851790,144.0131,-0.803499,-0.129713,94.384865,0.0000,0.0000,0.0000
2327088000,49.8727990913,8.6511851518,144.0149,-0.705364,-0.079942,94.426391,0.0000,0.0000,0.0000
2327188000,49.8727990573,8.6511851790,144.0041,-0.586881,-0.181917,94.482754,0.0000,0.0000,0.0000
2327288000,49.8727990847,8.6511851654,144.0139,-0.793214,-0.154138,94.500365,0.0000,0.0000,0.0000
2327388000,49.8727991198,8.6511851926,144.0199,-0.932095,-0.228575,94.441739,0.0000,0.0000,0.0000
2327488000,49.8727991017,8.6511851790,144.0149,-0.771377,-0.182534,94.374698,0.0000,0.0000,0.0000
2327588000,49.8727990924,8.6511851654,144.0155,-0.694096,-0.128221,94.419685,0.0000,0.0000,0.0000
2327688000,49.8727991094,8.6511851654,144.0209,-0.754934,-0.152022,94.402434,0.0000,0.0000,0.0000
2327788000,49.8727990886,8.6511851518,144.0168,-0.646870,-0.127172,94.482540,0.0000,0.0000,0.0000
2327891000,49.8727991067,8.6511851790,144.0198,-0.759009,-0.222959,94.420385,0.0000,0.0000,0.0000
2327988000,49.8727991187,8.6511851790,144.0221,-0.783170,-0.229820,94.336590,0.0000,0.0000,0.0000
2328088000,49.8727990562,8.6511851790,144.0033,-0.533933,-0.241055,94.420032,0.0000,0.0000,0.0000
2328188000,49.8727990655,8.6511851654,144.0020,-0.596902,-0.136530,94.468553,0.0000,0.0000,0.0000
2328288000,49.8727990726,8.6511851790,144.0063,-0.696020,-0.187486,94.465485,0.0000,0.0000,0.0000
2328388000,49.8727991259,8.6511852061,144.0116,-0.892449,-0.247148,94.389376,0.0000,0.0000,0.0000
2328488000,49.8727990759,8.6511851790,144.0112,-0.617764,-0.201627,94.437472,0.0000,0.0000,0.0000
2328588000,49.8727990929,8.6511852061,144.0099,-0.727250,-0.229680,94.381918,0.0000,0.0000,0.0000
2328691000,49.8727990875,8.6511852061,144.0035,-0.675945,-0.227829,94.360832,0.0000,0.0000,0.0000
2328788000,49.8727991001,8.6511851790,144.0113,-0.766609,-0.170887,94.409566,0.0000,0.0000,0.0000
2328888000,49.8727990688,8.6511852061,144.0036,-0.649657,-0.227100,94.357280,0.0000,0.0000,0.0000
2328988000,49.8727991275,8.6511851926,144.0139,-0.934206,-0.174192,94.339935,0.0000,0.0000,0.0000
2329088000,49.8727991089,8.6511851790,144.0150,-0.752152,-0.127079,94.335854,0.0000,0.0000,0.0000
2329188000,49.8727990858,8.6511851382,144.0190,-0.627773,-0.041499,94.503020,0.0000,0.0000,0.0000
2329288000,49.8727990907,8.6511851518,144.0189,-0.711487,-0.190209,94.493489,0.0000,0.0000,0.0000
2329389000,49.8727991111,8.6511851926,144.0192,-0.765750,-0.268852,94.487114,0.0000,0.0000,0.0000
2329488000,49.8727991039,8.6511851654,144.0191,-0.694340,-0.177382,94.482897,0.0000,0.0000,0.0000
2329588000,49.8727990973,8.6511851790,144.0161,-0.687565,-0.205170,94.490043,0.0000,0.0000,0.0000
2329688000,49.8727990918,8.6511851654,144.0167,-0.643659,-0.133426,94.521017,0.0000,0.0000,0.0000
2329788000,49.8727991067,8.6511851654,144.0206,-0.728764,-0.173342,94.493410,0.0000,0.0000,0.0000
2329888000,49.8727991094,8.6511851654,144.0222,-0.740538,-0.172333,94.493421,0.0000,0.0000,0.0000
2329988000,49.8727990842,8.6511851382,144.0173,-0.655304,-0.138832,94.566497,0.0000,0.0000,0.0000
2330088000,49.8727991132,8.6511851926,144.0136,-0.827567,-0.342451,94.442353,0.0000,0.0000,0.0000
2330188000,49.8727990924,8.6511851654,144.0150,-0.733977,-0.271449,94.515017,0.0000,0.0000,0.0000
2330288000,49.8727990770,8.6511851926,144.0077,-0.721813,-0.297702,94.487193,0.0000,0.0000,0.0000
2330388000,49.8727990556,8.6511851926,144.0034,-0.623417,-0.252600,94.518147,0.0000,0.0000,0.0000
2330488000,49.8727990984,8.6511851926,144.0098,-0.811271,-0.270985,94.459275,0.0000,0.0000,0.0000
2330588000,49.8727990984,8.6511851654,144.0171,-0.758002,-0.138245,94.482737,0.0000,0.0000,0.0000
2330688000,49.8727991039,8.6511851654,144.0218,-0.754974,-0.150419,94.479318,0.0000,0.0000,0.0000
2330788000,49.8727991094,8.6511851790,144.0162,-0.762974,-0.202451,94.388799,0.0000,0.0000,0.0000
2330888000,49.8727991034,8.6511852197,144.0062,-0.659330,-0.334408,94.282421,0.0000,0.0000,0.0000
2330988000,49.8727990781,8.6511851926,144.0061,-0.521942,-0.168251,94.298732,0.0000,0.0000,0.0000
2331088000,49.8727990737,8.6511851382,144.0168,-0.596951,-0.047560,94.517021,0.0000,0.0000,0.0000
2331188000,49.8727990787,8.6511851926,144.0115,-0.690407,-0.188824,94.479465,0.0000,0.0000,0.0000
2331288000,49.8727991001,8.6511851790,144.0130,-0.728915,-0.191020,94.430609,0.0000,0.0000,0.0000
2331388000,49.8727990864,8.6511851926,144.0098,-0.680230,-0.232658,94.441261,0.0000,0.0000,0.0000
2331490000,49.8727991259,8.6511852061,144.0099,-0.846603,-0.261672,94.378898,0.0000,0.0000,0.0000
2331588000,49.8727991061,8.6511851926,144.0109,-0.777959,-0.250130,94.403130,0.0000,0.0000,0.0000
2331688000,49.8727991143,8.6511852061,144.0102,-0.796503,-0.267550,94.375329,0.0000,0.0000,0.0000
2331788000,49.8727991396,8.6511852061,144.0157,-0.884086,-0.201798,94.354054,0.0000,0.0000,0.0000
2331888000,49.8727991078,8.6511851926,144.0118,-0.644768,-0.179673,94.343022,0.0000,0.0000,0.0000
2331994000,49.8727990924,8.6511851790,144.0104,-0.624439,-0.136699,94.326661,0.0000,0.0000,0.0000
2332088000,49.8727990792,8.6511851382,144.0166,-0.605606,-0.091491,94.419392,0.0000,0.0000,0.0000
2332188000,49.8727991012,8.6511851790,144.0149,-0.783853,-0.256101,94.392698,0.0000,0.0000,0.0000
2332288000,49.8727990962,8.6511851654,144.0172,-0.737832,-0.196543,94.402698,0.0000,0.0000,0.0000
2332388000,49.8727990886,8.6511851382,144.0195,-0.707757,-0.163859,94.444387,0.0000,0.0000,0.0000
2332488000,49.8727991006,8.6511851654,144.0255,-0.756838,-0.225001,94.388937,0.0000,0.0000,0.0000
2332588000,49.8727991297,8.6511852061,144.0179,-0.819482,-0.287024,94.344063,0.0000,0.0000,0.0000
2332688000,49.8727991445,8.6511852061,144.0173,-0.817776,-0.254617,94.326350,0.0000,0.0000,0.0000
2332788000,49.8727990545,8.6511851790,144.0045,-0.429790,-0.164631,94.489430,0.0000,0.0000,0.0000
2332888000,49.8727990139,8.6511852197,143.9967,-0.406139,-0.260831,94.552647,0.0000,0.0000,0.0000
2332988000,49.8727990699,8.6511851518,144.0129,-0.723195,-0.117153,94.625855,0.0000,0.0000,0.0000
2333088000,49.8727990973,8.6511851382,144.0245,-0.808492,-0.116234,94.639914,0.0000,0.0000,0.0000
2333191000,49.8727990951,8.6511851382,144.0211,-0.756013,-0.147813,94.685500,0.0000,0.0000,0.0000
2333288000,49.8727991039,8.6511851654,144.0198,-0.795547,-0.197460,94.612507,0.0000,0.0000,0.0000
2333388000,49.8727990990,8.6511851926,144.0148,-0.669433,-0.252310,94.556692,0.0000,0.0000,0.0000
2333488000,49.8727990672,8.6511851790,144.0048,-0.563568,-0.221219,94.528346,0.0000,0.0000,0.0000
2333588000,49.8727990732,8.6511851518,144.0089,-0.610439,-0.155353,94.552551,0.0000,0.0000,0.0000
2333688000,49.8727990748,8.6511852061,144.0050,-0.700379,-0.286008,94.497551,0.0000,0.0000,0.0000
2333788000,49.8727991006,8.6511852061,144.0046,-0.790759,-0.266748,94.364824,0.0000,0.0000,0.0000
2333888000,49.8727990957,8.6511851790,144.0131,-0.746413,-0.112556,94.398670,0.0000,0.0000,0.0000
2333988000,49.8727990984,8.6511851382,144.0215,-0.711740,-0.052458,94.426225,0.0000,0.0000,0.0000
2334088000,49.8727990875,8.6511851790,144.0157,-0.682403,-0.188329,94.413040,0.0000,0.0000,0.0000
2334188000,49.8727990661,8.6511852061,144.0079,-0.611843,-0.230391,94.420139,0.0000,0.0000,0.0000
2334288000,49.8727990973,8.6511851926,144.0111,-0.752090,-0.169351,94.395553,0.0000,0.0000,0.0000
2334388000,49.8727990693,8.6511851654,144.0073,-0.631069,-0.138157,94.447631,0.0000,0.0000,0.0000
2334488000,49.8727990924,8.6511851654,144.0136,-0.737468,-0.161364,94.482861,0.0000,0.0000,0.0000
2334588000,49.8727990803,8.6511851790,144.0129,-0.707991,-0.246635,94.483346,0.0000,0.0000,0.0000
2334688000,49.8727991045,8.6511851790,144.0183,-0.824084,-0.227087,94.500931,0.0000,0.0000,0.0000
2334788000,49.8727991248,8.6511851790,144.0225,-0.850894,-0.231221,94.480044,0.0000,0.0000,0.0000
2334888000,49.8727991215,8.6511852197,144.0100,-0.724665,-0.320895,94.399966,0.0000,0.0000,0.0000
2334988000,49.8727991209,8.6511852197,144.0026,-0.669012,-0.268713,94.236644,0.0000,0.0000,0.0000
2335090000,49.8727990853,8.6511852061,143.9981,-0.529093,-0.199890,94.208046,0.0000,0.0000,0.0000
2335188000,49.8727990803,8.6511851518,144.0029,-0.582957,-0.046581,94.252782,0.0000,0.0000,0.0000
2335288000,49.8727990595,8.6511851654,143.9992,-0.568208,-0.156186,94.242838,0.0000,0.0000,0.0000
2335388000,49.8727990567,8.6511851654,144.0034,-0.650913,-0.156479,94.360377,0.0000,0.0000,0.0000
2335488000,49.8727990743,8.6511851926,144.0021,-0.780203,-0.255836,94.303202,0.0000,0.0000,0.0000
2335588000,49.8727990825,8.6511852061,144.0031,-0.839986,-0.242694,94.268300,0.0000,0.0000,0.0000
2335689000,49.8727991242,8.6511852061,144.0126,-0.934251,-0.214310,94.261280,0.0000,0.0000,0.0000
2335788000,49.8727991061,8.6511851518,144.0241,-0.725492,-0.046957,94.338812,0.0000,0.0000,0.0000
2335888000,49.8727991105,8.6511852061,144.0179,-0.690016,-0.254062,94.289014,0.0000,0.0000,0.0000
2335988000,49.8727990875,8.6511852061,144.0075,-0.576694,-0.219088,94.260636,0.0000,0.0000,0.0000
2336088000,49.8727990842,8.6511851926,144.0054,-0.612327,-0.187580,94.302462,0.0000,0.0000,0.0000
2336188000,49.8727990875,8.6511851790,144.0093,-0.620081,-0.161158,94.302332,0.0000,0.0000,0.0000
2336288000,49.8727990858,8.6511851518,144.0152,-0.648949,-0.116965,94.339178,0.0000,0.0000,0.0000
2336389000,49.8727990633,8.6511851926,144.0000,-0.590744,-0.274602,94.334320,0.0000,0.0000,0.0000
2336488000,49.8727990254,8.6511852061,143.9977,-0.509746,-0.274085,94.385175,0.0000,0.0000,0.0000
2336588000,49.8727990545,8.6511852197,144.0006,-0.666492,-0.278766,94.354118,0.0000,0.0000,0.0000
2336688000,49.8727990990,8.6511851654,144.0159,-0.785159,-0.127909,94.479203,0.0000,0.0000,0.0000
2336788000,49.8727990880,8.6511851382,144.0191,-0.721064,-0.087380,94.555768,0.0000,0.0000,0.0000
2336888000,49.8727990386,8.6511851790,144.0083,-0.587401,-0.241472,94.661300,0.0000,0.0000,0.0000
2336988000,49.8727991050,8.6511852061,144.0065,-1.000952,-0.259897,94.557488,0.0000,0.0000,0.0000
2337088000,49.8727991182,8.6511852061,144.0099,-0.947588,-0.216299,94.557007,0.0000,0.0000,0.0000
2337188000,49.8727991434,8.6511852197,144.0108,-0.953343,-0.206853,94.560434,0.0000,0.0000,0.0000
2337288000,49.8727991017,8.6511851518,144.0190,-0.708185,-0.093101,94.580258,0.0000,0.0000,0.0000
2337388000,49.8727990924,8.6511851382,144.0243,-0.677052,-0.111091,94.671203,0.0000,0.0000,0.0000
2337488000,49.8727991270,8.6511852061,144.0142,-0.854962,-0.268523,94.473340,0.0000,0.0000,0.0000
2337593000,49.8727991067,8.6511852197,144.0048,-0.713884,-0.305885,94.347412,0.0000,0.0000,0.0000
2337688000,49.8727990611,8.6511851790,143.9991,-0.559443,-0.140996,94.330099,0.0000,0.0000,0.0000
2337791000,49.8727990935,8.6511851926,144.0042,-0.836810,-0.178354,94.350304,0.0000,0.0000,0.0000
2337888000,49.8727991204,8.6511852061,144.0137,-0.868688,-0.189768,94.315485,0.0000,0.0000,0.0000
2337988000,49.8727990880,8.6511852061,144.0065,-0.688488,-0.246496,94.320410,0.0000,0.0000,0.0000
2338088000,49.8727991089,8.6511852197,144.0040,-0.768828,-0.268650,94.282299,0.0000,0.0000,0.0000
2338188000,49.8727990222,8.6511852197,143.9997,-0.446122,-0.296335,94.409576,0.0000,0.0000,0.0000
2338289000,49.8727990743,8.6511851926,144.0063,-0.743601,-0.256355,94.389114,0.0000,0.0000,0.0000
2338391000,49.8727991006,8.6511851790,144.0104,-0.755782,-0.234209,94.306498,0.0000,0.0000,0.0000
2338488000,49.8727991281,8.6511852061,144.0115,-0.846753,-0.296361,94.251241,0.0000,0.0000,0.0000
2338590000,49.8727990979,8.6511851518,144.0190,-0.636238,-0.093124,94.346023,0.0000,0.0000,0.0000
2338688000,49.8727990902,8.6511851246,144.0219,-0.635895,-0.059294,94.471666,0.0000,0.0000,0.0000
2338788000,49.8727990962,8.6511851654,144.0171,-0.718921,-0.243209,94.542764,0.0000,0.0000,0.0000
2338891000,49.8727990935,8.6511851654,144.0155,-0.701188,-0.249750,94.518301,0.0000,0.0000,0.0000
2338990000,49.8727990946,8.6511852197,144.0074,-0.699733,-0.318577,94.434835,0.0000,0.0000,0.0000
2339090000,49.8727991094,8.6511851790,144.0155,-0.787110,-0.178355,94.465572,0.0000,0.0000,0.0000
2339188000,49.8727990918,8.6511851518,144.0201,-0.711021,-0.142779,94.559599,0.0000,0.0000,0.0000
2339288000,49.8727991226,8.6511852061,144.0127,-0.842401,-0.274354,94.431411,0.0000,0.0000,0.0000
2339388000,49.8727990897,8.6511851654,144.0144,-0.657718,-0.183463,94.416466,0.0000,0.0000,0.0000
2339488000,49.8727990880,8.6511851654,144.0137,-0.684851,-0.172244,94.416443,0.0000,0.0000,0.0000
2339588000,49.8727991149,8.6511852061,144.0115,-0.806460,-0.300084,94.361600,0.0000,0.0000,0.0000
2339688000,49.8727991517,8.6511852333,144.0088,-0.937356,-0.260229,94.291707,0.0000,0.0000,0.0000
2339788000,49.8727991138,8.6511852197,144.0084,-0.690330,-0.226873,94.299333,0.0000,0.0000,0.0000
2339888000,49.8727990891,8.6511851790,144.0105,-0.615119,-0.121800,94.316089,0.0000,0.0000,0.0000
2339988000,49.8727990842,8.6511851518,144.0163,-0.617752,-0.089755,94.370458,0.0000,0.0000,0.0000
2340088000,49.8727990907,8.6511851382,144.0227,-0.714861,-0.108760,94.499976,0.0000,0.0000,0.0000
2340188000,49.8727990748,8.6511851926,144.0116,-0.689360,-0.274097,94.476481,0.0000,0.0000,0.0000
2340288000,49.8727991072,8.6511852061,144.0094,-0.891220,-0.247361,94.424328,0.0000,0.0000,0.0000
2340388000,49.8727991056,8.6511851654,144.0161,-0.805357,-0.130755,94.444294,0.0000,0.0000,0.0000
2340488000,49.8727991028,8.6511851246,144.0233,-0.744194,-0.065074,94.471759,0.0000,0.0000,0.0000
2340588000,49.8727990770,8.6511851654,144.0072,-0.679150,-0.213574,94.493573,0.0000,0.0000,0.0000
2340688000,49.8727990886,8.6511851790,144.0109,-0.706858,-0.296143,94.480154,0.0000,0.0000,0.0000
2340788000,49.8727990929,8.6511851654,144.0159,-0.718716,-0.239695,94.511286,0.0000,0.0000,0.0000
2340888000,49.8727991072,8.6511852197,144.0058,-0.776917,-0.374496,94.362027,0.0000,0.0000,0.0000
2340988000,49.8727990831,8.6511852061,144.0062,-0.626796,-0.236103,94.350293,0.0000,0.0000,0.0000
2341090000,49.8727991012,8.6511851654,144.0188,-0.745005,-0.145170,94.370918,0.0000,0.0000,0.0000
2341188000,49.8727991072,8.6511851790,144.0168,-0.759742,-0.187510,94.367722,0.0000,0.0000,0.0000
2341288000,49.8727990979,8.6511851790,144.0139,-0.692980,-0.191983,94.374630,0.0000,0.0000,0.0000
2341388000,49.8727990748,8.6511851654,144.0120,-0.626419,-0.153137,94.461688,0.0000,0.0000,0.0000
2341488000,49.8727990897,8.6511851790,144.0110,-0.732914,-0.191079,94.465569,0.0000,0.0000,0.0000
2341588000,49.8727990858,8.6511851654,144.0123,-0.690178,-0.127442,94.465114,0.0000,0.0000,0.0000
2341689000,49.8727990798,8.6511852197,144.0003,-0.668949,-0.274776,94.347110,0.0000,0.0000,0.0000
2341788000,49.8727991407,8.6511852197,144.0075,-0.934202,-0.197162,94.340123,0.0000,0.0000,0.0000
2341888000,49.8727991676,8.6511852197,144.0087,-0.938458,-0.194186,94.336610,0.0000,0.0000,0.0000
2341988000,49.8727991484,8.6511852061,144.0158,-0.782787,-0.173170,94.306137,0.0000,0.0000,0.0000
2342088000,49.8727991423,8.6511851926,144.0193,-0.722791,-0.160275,94.281508,0.0000,0.0000,0.0000
2342188000,49.8727991127,8.6511852197,144.0114,-0.571505,-0.210473,94.229137,0.0000,0.0000,0.0000
2342288000,49.8727990897,8.6511851654,144.0134,-0.517809,-0.104241,94.319400,0.0000,0.0000,0.0000
2342388000,49.8727990501,8.6511851926,144.0032,-0.439888,-0.188458,94.337121,0.0000,0.0000,0.0000
2342488000,49.8727990458,8.6511851518,144.0027,-0.550369,-0.101600,94.352985,0.0000,0.0000,0.0000
2342588000,49.8727990869,8.6511851654,144.0116,-0.720762,-0.197331,94.381701,0.0000,0.0000,0.0000
2342688000,49.8727990847,8.6511851790,144.0133,-0.719343,-0.238776,94.409922,0.0000,0.0000,0.0000
2342788000,49.8727990973,8.6511851518,144.0196,-0.733127,-0.164167,94.430445,0.0000,0.0000,0.0000
2342888000,49.8727990935,8.6511851382,144.0244,-0.713317,-0.147302,94.503710,0.0000,0.0000,0.0000
2342988000,49.8727990918,8.6511851382,144.0207,-0.720034,-0.180791,94.598293,0.0000,0.0000,0.0000
2343088000,49.8727990600,8.6511851926,144.0058,-0.650431,-0.291808,94.553379,0.0000,0.0000,0.0000
2343188000,49.8727990968,8.6511851654,144.0179,-0.808344,-0.180470,94.559986,0.0000,0.0000,0.0000
2343291000,49.8727991242,8.6511851926,144.0197,-0.887214,-0.241969,94.490686,0.0000,0.0000,0.0000
2343388000,49.8727990979,8.6511851654,144.0159,-0.712460,-0.203713,94.497069,0.0000,0.0000,0.0000
2343488000,49.8727991045,8.6511851790,144.0146,-0.750134,-0.195243,94.462129,0.0000,0.0000,0.0000
2343588000,49.8727991023,8.6511851654,144.0188,-0.739714,-0.161861,94.510828,0.0000,0.0000,0.0000
2343688000,49.8727990798,8.6511851790,144.0093,-0.637383,-0.185601,94.507320,0.0000,0.0000,0.0000
2343788000,49.8727991039,8.6511851926,144.0115,-0.791435,-0.165826,94.465492,0.0000,0.0000,0.0000
2343888000,49.8727991061,8.6511851926,144.0102,-0.808340,-0.185649,94.430704,0.0000,0.0000,0.0000
2343988000,49.8727990765,8.6511852061,144.0029,-0.641085,-0.219949,94.364214,0.0000,0.0000,0.0000
2344088000,49.8727990650,8.6511851790,144.0015,-0.599372,-0.100337,94.405452,0.0000,0.0000,0.0000
2344188000,49.8727991012,8.6511851790,144.0090,-0.772329,-0.092262,94.405549,0.0000,0.0000,0.0000
2344288000,49.8727991012,8.6511851654,144.0113,-0.735200,-0.104999,94.416087,0.0000,0.0000,0.0000
2344388000,49.8727990820,8.6511851790,144.0082,-0.686199,-0.194167,94.455024,0.0000,0.0000,0.0000
2344488000,49.8727991237,8.6511852061,144.0105,-0.829118,-0.250258,94.385766,0.0000,0.0000,0.0000
2344588000,49.8727991303,8.6511852197,144.0072,-0.731752,-0.272576,94.261274,0.0000,0.0000,0.0000
2344688000,49.8727990962,8.6511852061,144.0049,-0.553923,-0.194300,94.270954,0.0000,0.0000,0.0000
2344788000,49.8727990748,8.6511851518,143.9972,-0.538057,-0.074193,94.245906,0.0000,0.0000,0.0000
2344888000,49.8727990452,8.6511851518,144.0031,-0.523758,-0.087489,94.347279,0.0000,0.0000,0.0000
2344988000,49.8727990661,8.6511851790,143.9934,-0.728790,-0.205427,94.246864,0.0000,0.0000,0.0000
2345088000,49.8727990803,8.6511852061,144.0018,-0.832680,-0.212339,94.240112,0.0000,0.0000,0.0000
2345188000,49.8727991314,8.6511851926,144.0192,-0.947693,-0.152476,94.260794,0.0000,0.0000,0.0000
2345288000,49.8727991001,8.6511851790,144.0200,-0.644158,-0.161268,94.316342,0.0000,0.0000,0.0000
2345388000,49.8727990913,8.6511852061,144.0107,-0.616303,-0.247640,94.353829,0.0000,0.0000,0.0000
2345488000,49.8727991160,8.6511852061,144.0118,-0.812386,-0.203456,94.350444,0.0000,0.0000,0.0000
2345588000,49.8727991034,8.6511852197,144.0008,-0.660583,-0.276378,94.250645,0.0000,0.0000,0.0000
2345688000,49.8727991001,8.6511851790,144.0113,-0.713117,-0.134135,94.323257,0.0000,0.0000,0.0000
2345791000,49.8727990814,8.6511851654,144.0122,-0.658352,-0.143982,94.391773,0.0000,0.0000,0.0000
2345888000,49.8727990584,8.6511851790,144.0069,-0.595118,-0.194464,94.405937,0.0000,0.0000,0.0000
2345988000,49.8727991050,8.6511851926,144.0117,-0.885579,-0.250966,94.382400,0.0000,0.0000,0.0000
2346088000,49.8727990825,8.6511851518,144.0141,-0.715744,-0.142153,94.507176,0.0000,0.0000,0.0000
2346188000,49.8727991045,8.6511851654,144.0164,-0.803696,-0.220450,94.500844,0.0000,0.0000,0.0000
2346288000,49.8727991270,8.6511852061,144.0138,-0.860613,-0.293417,94.421112,0.0000,0.0000,0.0000
2346388000,49.8727991012,8.6511851518,144.0222,-0.691846,-0.148114,94.454755,0.0000,0.0000,0.0000
2346488000,49.8727991204,8.6511851926,144.0184,-0.775801,-0.218510,94.367958,0.0000,0.0000,0.0000
2346588000,49.8727991308,8.6511851926,144.0198,-0.784046,-0.206573,94.339929,0.0000,0.0000,0.0000
2346688000,49.8727990973,8.6511851518,144.0256,-0.640572,-0.137601,94.363752,0.0000,0.0000,0.0000
2346788000,49.8727991017,8.6511852061,144.0130,-0.630240,-0.290439,94.324020,0.0000,0.0000,0.0000
2346891000,49.8727990682,8.6511851926,144.0038,-0.592857,-0.247660,94.437666,0.0000,0.0000,0.0000
2346988000,49.8727991012,8.6511851926,144.0050,-0.692809,-0.252776,94.434418,0.0000,0.0000,0.0000
2347088000,49.8727990995,8.6511852197,144.0039,-0.690295,-0.271856,94.310085,0.0000,0.0000,0.0000
2347188000,49.8727990595,8.6511851926,144.0009,-0.540944,-0.184402,94.316306,0.0000,0.0000,0.0000
2347289000,49.8727990496,8.6511851926,143.9993,-0.626497,-0.182315,94.346503,0.0000,0.0000,0.0000
2347388000,49.8727990699,8.6511852061,144.0013,-0.826404,-0.225473,94.378591,0.0000,0.0000,0.0000
2347488000,49.8727990715,8.6511851790,144.0037,-0.764588,-0.129571,94.416278,0.0000,0.0000,0.0000
2347588000,49.8727991105,8.6511851790,144.0149,-0.860224,-0.148407,94.388565,0.0000,0.0000,0.0000
2347688000,49.8727990737,8.6511851790,144.0108,-0.647310,-0.161641,94.458269,0.0000,0.0000,0.0000
2347788000,49.8727990979,8.6511851926,144.0068,-0.824405,-0.205558,94.420387,0.0000,0.0000,0.0000
2347888000,49.8727990677,8.6511851654,144.0106,-0.697914,-0.156896,94.482778,0.0000,0.0000,0.0000
2347988000,49.8727991028,8.6511851654,144.0201,-0.845807,-0.189943,94.497205,0.0000,0.0000,0.0000
2348088000,49.8727990984,8.6511851246,144.0220,-0.751550,-0.072644,94.566179,0.0000,0.0000,0.0000
2348190000,49.8727990436,8.6511851926,144.0069,-0.581452,-0.358912,94.588493,0.0000,0.0000,0.0000
2348288000,49.8727990995,8.6511851790,144.0104,-0.856440,-0.237112,94.511555,0.0000,0.0000,0.0000
2348388000,49.8727990913,8.6511851518,144.0172,-0.770448,-0.174838,94.531929,0.0000,0.0000,0.0000
2348488000,49.8727990913,8.6511851382,144.0201,-0.743326,-0.128463,94.611969,0.0000,0.0000,0.0000
2348588000,49.8727990940,8.6511851518,144.0212,-0.752006,-0.168506,94.657674,0.0000,0.0000,0.0000
2348688000,49.8727990452,8.6511852197,144.0034,-0.566756,-0.393474,94.620072,0.0000,0.0000,0.0000
2348788000,49.8727990704,8.6511851926,143.9988,-0.744884,-0.233569,94.588190,0.0000,0.0000,0.0000
2348888000,49.8727991006,8.6511851790,144.0100,-0.821349,-0.144377,94.563243,0.0000,0.0000,0.0000
2348988000,49.8727991407,8.6511851926,144.0170,-0.929604,-0.161956,94.507602,0.0000,0.0000,0.0000
2349093000,49.8727990726,8.6511851654,144.0112,-0.565332,-0.121250,94.555816,0.0000,0.0000,0.0000
2349188000,49.8727990737,8.6511851790,144.0096,-0.544404,-0.113346,94.506826,0.0000,0.0000,0.0000
2349291000,49.8727990589,8.6511851518,144.0111,-0.558701,-0.064096,94.586985,0.0000,0.0000,0.0000
2349388000,49.8727990886,8.6511851518,144.0165,-0.718982,-0.144584,94.570105,0.0000,0.0000,0.0000
2349488000,49.8727990759,8.6511851926,144.0049,-0.698622,-0.216646,94.546054,0.0000,0.0000,0.0000
2349588000,49.8727990534,8.6511851790,144.0065,-0.575894,-0.185892,94.626049,0.0000,0.0000,0.0000
2349688000,49.8727990787,8.6511851382,144.0081,-0.741522,-0.094981,94.590782,0.0000,0.0000,0.0000
2349788000,49.8727991050,8.6511851654,144.0220,-0.806225,-0.193779,94.546096,0.0000,0.0000,0.0000
2349888000,49.8727991121,8.6511851654,144.0264,-0.782252,-0.231842,94.493890,0.0000,0.0000,0.0000
2349988000,49.8727991165,8.6511851246,144.0294,-0.751428,-0.069865,94.548686,0.0000,0.0000,0.0000
2350088000,49.8727990847,8.6511851654,144.0110,-0.591654,-0.221441,94.566846,0.0000,0.0000,0.0000
2350188000,49.8727991045,8.6511851790,144.0136,-0.660687,-0.255367,94.504265,0.0000,0.0000,0.0000
2350290000,49.8727990891,8.6511851790,144.0132,-0.577706,-0.236482,94.514470,0.0000,0.0000,0.0000
2350388000,49.8727990831,8.6511851654,144.0151,-0.646718,-0.189022,94.514345,0.0000,0.0000,0.0000
2350488000,49.8727990485,8.6511851926,144.0068,-0.569941,-0.313081,94.570755,0.0000,0.0000,0.0000
2350588000,49.8727990222,8.6511852061,144.0035,-0.550891,-0.302566,94.640549,0.0000,0.0000,0.0000
2350689000,49.8727991050,8.6511851654,144.0179,-0.921096,-0.207715,94.612806,0.0000,0.0000,0.0000
2350788000,49.8727990979,8.6511851382,144.0220,-0.815093,-0.137410,94.685503,0.0000,0.0000,0.0000
2350888000,49.8727991127,8.6511851790,144.0209,-0.858814,-0.289725,94.630781,0.0000,0.0000,0.0000
2350988000,49.8727991281,8.6511851926,144.0222,-0.864130,-0.281792,94.609766,0.0000,0.0000,0.0000
2351088000,49.8727990995,8.6511851790,144.0139,-0.691578,-0.237229,94.553155,0.0000,0.0000,0.0000
2351188000,49.8727991012,8.6511851654,144.0179,-0.699380,-0.203618,94.525006,0.0000,0.0000,0.0000
2351288000,49.8727991226,8.6511852061,144.0119,-0.785391,-0.293625,94.431407,0.0000,0.0000,0.0000
2351388000,49.8727990825,8.6511851654,144.0143,-0.577311,-0.149930,94.479082,0.0000,0.0000,0.0000
2351491000,49.8727991012,8.6511851790,144.0167,-0.708818,-0.201666,94.462099,0.0000,0.0000,0.0000
2351588000,49.8727990831,8.6511851790,144.0134,-0.650463,-0.208753,94.462036,0.0000,0.0000,0.0000
2351688000,49.8727991143,8.6511851926,144.0161,-0.776425,-0.230629,94.448433,0.0000,0.0000,0.0000
2351788000,49.8727991220,8.6511852197,144.0100,-0.770225,-0.269493,94.333336,0.0000,0.0000,0.0000
2351888000,49.8727990704,8.6511851654,144.0117,-0.525835,-0.099273,94.419364,0.0000,0.0000,0.0000
2351988000,49.8727990776,8.6511851246,144.0100,-0.646274,-0.067966,94.433273,0.0000,0.0000,0.0000
2352088000,49.8727990759,8.6511851654,144.0112,-0.687748,-0.187813,94.482949,0.0000,0.0000,0.0000
2352188000,49.8727990715,8.6511852061,144.0050,-0.674625,-0.295616,94.375210,0.0000,0.0000,0.0000
2352290000,49.8727990913,8.6511852061,144.0024,-0.783280,-0.269202,94.282337,0.0000,0.0000,0.0000
2352388000,49.8727990897,8.6511851926,144.0097,-0.744858,-0.280976,94.306780,0.0000,0.0000,0.0000
2352488000,49.8727990611,8.6511852605,143.9996,-0.624153,-0.403758,94.237275,0.0000,0.0000,0.0000
2352588000,49.8727991407,8.6511852197,144.0139,-0.916412,-0.205683,94.247202,0.0000,0.0000,0.0000
2352688000,49.8727991149,8.6511851518,144.0231,-0.685166,-0.019411,94.294588,0.0000,0.0000,0.0000
2352788000,49.8727991220,8.6511851926,144.0163,-0.685962,-0.253612,94.243582,0.0000,0.0000,0.0000
2352890000,49.8727990628,8.6511851926,144.0104,-0.458711,-0.244345,94.377943,0.0000,0.0000,0.0000
2352988000,49.8727990710,8.6511851654,144.0077,-0.555286,-0.170391,94.430220,0.0000,0.0000,0.0000
2353088000,49.8727990803,8.6511851518,144.0129,-0.616806,-0.151569,94.517589,0.0000,0.0000,0.0000
2353188000,49.8727990902,8.6511851654,144.0143,-0.731927,-0.242041,94.507834,0.0000,0.0000,0.0000
2353288000,49.8727990809,8.6511851518,144.0139,-0.688464,-0.190174,94.594804,0.0000,0.0000,0.0000
2353388000,49.8727990809,8.6511851790,144.0145,-0.751656,-0.260403,94.591875,0.0000,0.0000,0.0000
2353488000,49.8727990973,8.6511851926,144.0114,-0.813938,-0.277186,94.557187,0.0000,0.0000,0.0000
2353588000,49.8727991220,8.6511851926,144.0140,-0.879990,-0.225979,94.473072,0.0000,0.0000,0.0000
2353688000,49.8727991248,8.6511852197,144.0144,-0.804047,-0.264630,94.469698,0.0000,0.0000,0.0000
2353791000,49.8727990995,8.6511851518,144.0175,-0.632248,-0.100051,94.485869,0.0000,0.0000,0.0000
2353888000,49.8727990962,8.6511851926,144.0123,-0.701439,-0.215929,94.430716,0.0000,0.0000,0.0000
2353988000,49.8727991001,8.6511851926,144.0107,-0.711902,-0.203470,94.434154,0.0000,0.0000,0.0000
2354088000,49.8727990968,8.6511852061,144.0024,-0.697328,-0.263128,94.322639,0.0000,0.0000,0.0000
2354188000,49.8727990891,8.6511851790,143.9998,-0.661466,-0.155834,94.330310,0.0000,0.0000,0.0000
2354288000,49.8727990875,8.6511851382,144.0033,-0.667557,-0.064734,94.377342,0.0000,0.0000,0.0000
2354388000,49.8727990842,8.6511851382,143.9979,-0.668499,-0.168490,94.326899,0.0000,0.0000,0.0000
2354488000,49.8727990392,8.6511852061,144.0010,-0.556437,-0.313206,94.430915,0.0000,0.0000,0.0000
2354588000,49.8727990189,8.6511852197,143.9998,-0.559334,-0.308937,94.430902,0.0000,0.0000,0.0000
2354689000,49.8727991325,8.6511852197,144.0136,-0.928705,-0.283896,94.326834,0.0000,0.0000,0.0000
2354788000,49.8727990929,8.6511851926,144.0125,-0.740362,-0.231901,94.333023,0.0000,0.0000,0.0000
2354888000,49.8727990666,8.6511851654,144.0096,-0.612206,-0.113837,94.468450,0.0000,0.0000,0.0000
2354988000,49.8727990715,8.6511851926,144.0053,-0.692603,-0.224521,94.441237,0.0000,0.0000,0.0000
2355088000,49.8727990748,8.6511851518,144.0132,-0.663308,-0.131074,94.566461,0.0000,0.0000,0.0000
2355188000,49.8727990732,8.6511851518,144.0084,-0.695173,-0.160353,94.615604,0.0000,0.0000,0.0000
2355289000,49.8727991017,8.6511851790,144.0161,-0.805095,-0.218736,94.581219,0.0000,0.0000,0.0000
2355388000,49.8727990886,8.6511851654,144.0133,-0.716532,-0.181873,94.570335,0.0000,0.0000,0.0000
2355488000,49.8727990622,8.6511851926,144.0062,-0.549009,-0.284583,94.528622,0.0000,0.0000,0.0000
2355589000,49.8727990298,8.6511851926,144.0038,-0.497759,-0.278634,94.601862,0.0000,0.0000,0.0000
2355688000,49.8727990458,8.6511851926,144.0018,-0.674814,-0.239985,94.644002,0.0000,0.0000,0.0000
2355788000,49.8727990408,8.6511852061,144.0019,-0.694679,-0.261945,94.714070,0.0000,0.0000,0.0000
2355888000,49.8727991116,8.6511851790,144.0128,-0.926560,-0.191307,94.612683,0.0000,0.0000,0.0000
2355988000,49.8727991418,8.6511851926,144.0191,-0.957007,-0.211112,94.556981,0.0000,0.0000,0.0000
2356088000,49.8727991478,8.6511851926,144.0215,-0.849750,-0.212837,94.486896,0.0000,0.0000,0.0000
2356188000,49.8727990924,8.6511851382,144.0273,-0.611347,-0.090416,94.538225,0.0000,0.0000,0.0000
2356288000,49.8727990990,8.6511852061,144.0099,-0.638991,-0.311241,94.406663,0.0000,0.0000,0.0000
2356388000,49.8727990381,8.6511851926,144.0030,-0.435105,-0.271460,94.503824,0.0000,0.0000,0.0000
2356488000,49.8727990979,8.6511851926,144.0062,-0.852182,-0.266214,94.445355,0.0000,0.0000,0.0000
2356588000,49.8727991275,8.6511852197,144.0100,-0.900353,-0.269432,94.410540,0.0000,0.0000,0.0000
2356688000,49.8727991473,8.6511852197,144.0138,-0.882328,-0.245049,94.399824,0.0000,0.0000,0.0000
2356788000,49.8727990699,8.6511851654,144.0115,-0.485359,-0.103149,94.492744,0.0000,0.0000,0.0000
2356888000,49.8727990139,8.6511852197,143.9999,-0.409798,-0.282406,94.535258,0.0000,0.0000,0.0000
2356988000,49.8727991083,8.6511851926,144.0087,-0.825412,-0.207480,94.451860,0.0000,0.0000,0.0000
2357088000,49.8727990995,8.6511851654,144.0163,-0.699322,-0.092477,94.471901,0.0000,0.0000,0.0000
2357188000,49.8727990880,8.6511851654,144.0159,-0.680747,-0.165834,94.472322,0.0000,0.0000,0.0000
2357290000,49.8727991006,8.6511851790,144.0152,-0.776018,-0.208235,94.462261,0.0000,0.0000,0.0000
2357388000,49.8727990820,8.6511851654,144.0108,-0.646111,-0.141313,94.482619,0.0000,0.0000,0.0000
2357488000,49.8727991138,8.6511851790,144.0174,-0.820813,-0.191536,94.427271,0.0000,0.0000,0.0000
2357590000,49.8727991012,8.6511851382,144.0218,-0.704641,-0.060483,94.482194,0.0000,0.0000,0.0000
2357688000,49.8727990897,8.6511851790,144.0130,-0.670952,-0.181641,94.528322,0.0000,0.0000,0.0000
2357788000,49.8727990907,8.6511851654,144.0178,-0.730598,-0.162566,94.542275,0.0000,0.0000,0.0000
2357888000,49.8727991001,8.6511851654,144.0170,-0.768917,-0.180102,94.538952,0.0000,0.0000,0.0000
2357988000,49.8727991187,8.6511852061,144.0129,-0.834907,-0.261004,94.441782,0.0000,0.0000,0.0000
2358088000,49.8727990951,8.6511851654,144.0159,-0.735321,-0.195640,94.490068,0.0000,0.0000,0.0000
2358188000,49.8727991050,8.6511851654,144.0199,-0.757030,-0.192700,94.458629,0.0000,0.0000,0.0000
2358288000,49.8727990699,8.6511852061,144.0071,-0.585965,-0.295146,94.444885,0.0000,0.0000,0.0000
2358388000,49.8727990995,8.6511851790,144.0119,-0.775289,-0.145980,94.419896,0.0000,0.0000,0.0000
2358488000,49.8727990710,8.6511851926,144.0027,-0.610664,-0.190168,94.381474,0.0000,0.0000,0.0000
2358588000,49.8727990512,8.6511851654,144.0035,-0.600648,-0.142838,94.468590,0.0000,0.0000,0.0000
2358688000,49.8727991072,8.6511852061,144.0091,-0.831285,-0.215635,94.382024,0.0000,0.0000,0.0000
2358788000,49.8727990831,8.6511851790,144.0063,-0.727249,-0.136742,94.426767,0.0000,0.0000,0.0000
2358893000,49.8727990940,8.6511851654,144.0140,-0.779291,-0.101662,94.447562,0.0000,0.0000,0.0000
2358988000,49.8727990913,8.6511851382,144.0186,-0.726988,-0.072362,94.489271,0.0000,0.0000,0.0000
2359088000,49.8727991089,8.6511851926,144.0124,-0.840991,-0.238878,94.413671,0.0000,0.0000,0.0000
2359188000,49.8727991264,8.6511852197,144.0110,-0.871551,-0.274414,94.361575,0.0000,0.0000,0.0000
2359288000,49.8727991056,8.6511851654,144.0212,-0.756511,-0.112905,94.419654,0.0000,0.0000,0.0000
2359388000,49.8727990940,8.6511851654,144.0186,-0.730093,-0.129362,94.486142,0.0000,0.0000,0.0000
2359488000,49.8727990995,8.6511851654,144.0161,-0.758780,-0.168883,94.493426,0.0000,0.0000,0.0000
2359588000,49.8727990628,8.6511851926,144.0020,-0.618868,-0.239699,94.469136,0.0000,0.0000,0.0000
2359688000,49.8727990803,8.6511851926,144.0038,-0.694887,-0.235490,94.493736,0.0000,0.0000,0.0000
2359788000,49.8727991023,8.6511851790,144.0121,-0.802969,-0.190970,94.497141,0.0000,0.0000,0.0000
2359888000,49.8727990918,8.6511851790,144.0122,-0.732701,-0.206132,94.507606,0.0000,0.0000,0.0000
2359988000,49.8727990924,8.6511851926,144.0079,-0.740694,-0.222278,94.465783,0.0000,0.0000,0.0000
2360088000,49.8727991330,8.6511852197,144.0109,-0.934335,-0.220213,94.410218,0.0000,0.0000,0.0000
2360191000,49.8727991528,8.6511852197,144.0150,-0.931408,-0.212726,94.403161,0.0000,0.0000,0.0000
2360288000,49.8727991028,8.6511851790,144.0188,-0.672315,-0.119306,94.423104,0.0000,0.0000,0.0000
2360388000,49.8727990864,8.6511852197,144.0053,-0.594736,-0.265813,94.313321,0.0000,0.0000,0.0000
2360490000,49.8727991050,8.6511851926,144.0087,-0.720762,-0.105136,94.316096,0.0000,0.0000,0.0000
2360588000,49.8727990897,8.6511851518,144.0167,-0.711650,-0.107591,94.391614,0.0000,0.0000,0.0000
2360688000,49.8727990897,8.6511851246,144.0207,-0.712542,-0.108125,94.388123,0.0000,0.0000,0.0000
2360788000,49.8727990951,8.6511851518,144.0281,-0.737137,-0.228153,94.322505,0.0000,0.0000,0.0000
2360888000,49.8727991056,8.6511851246,144.0252,-0.722050,-0.104127,94.426555,0.0000,0.0000,0.0000
2360988000,49.8727991089,8.6511851926,144.0134,-0.746025,-0.298425,94.364926,0.0000,0.0000,0.0000
2361088000,49.8727990995,8.6511851790,144.0123,-0.724555,-0.241403,94.343537,0.0000,0.0000,0.0000
2361188000,49.8727991154,8.6511852061,144.0114,-0.743321,-0.310863,94.292995,0.0000,0.0000,0.0000
2361288000,49.8727991121,8.6511852197,144.0060,-0.712410,-0.306663,94.240476,0.0000,0.0000,0.0000
2361388000,49.8727990929,8.6511852061,144.0037,-0.645692,-0.205467,94.243221,0.0000,0.0000,0.0000
2361488000,49.8727990737,8.6511851654,144.0040,-0.611453,-0.106032,94.305519,0.0000,0.0000,0.0000
2361588000,49.8727990886,8.6511851790,144.0087,-0.763151,-0.174768,94.339679,0.0000,0.0000,0.0000
2361688000,49.8727990545,8.6511852061,144.0014,-0.685075,-0.273789,94.336657,0.0000,0.0000,0.0000
2361788000,49.8727990809,8.6511851790,144.0074,-0.904112,-0.186760,94.374943,0.0000,0.0000,0.0000
2361888000,49.8727990776,8.6511851790,144.0100,-0.840278,-0.220555,94.410040,0.0000,0.0000,0.0000
2361988000,49.8727990973,8.6511852061,144.0025,-0.971165,-0.274405,94.302390,0.0000,0.0000,0.0000
2362088000,49.8727990880,8.6511851654,144.0099,-0.899775,-0.176590,94.367865,0.0000,0.0000,0.0000
2362188000,49.8727991220,8.6511851790,144.0169,-0.970509,-0.230640,94.357946,0.0000,0.0000,0.0000
2362288000,49.8727991451,8.6511851926,144.0220,-0.927580,-0.254956,94.312615,0.0000,0.0000,0.0000
2362388000,49.8727990979,8.6511851926,144.0182,-0.671754,-0.233062,94.353863,0.0000,0.0000,0.0000
2362488000,49.8727990957,8.6511851654,144.0166,-0.665865,-0.169003,94.384938,0.0000,0.0000,0.0000
2362588000,49.8727991072,8.6511851926,144.0148,-0.717100,-0.228690,94.357424,0.0000,0.0000,0.0000
2362688000,49.8727990913,8.6511852197,144.0051,-0.609358,-0.328894,94.313690,0.0000,0.0000,0.0000
2362788000,49.8727990595,8.6511851790,144.0046,-0.515791,-0.169421,94.377727,0.0000,0.0000,0.0000
2362888000,49.8727990836,8.6511851790,144.0120,-0.687118,-0.163229,94.409402,0.0000,0.0000,0.0000
2362988000,49.8727990924,8.6511851926,144.0117,-0.783132,-0.214319,94.395906,0.0000,0.0000,0.0000
2363088000,49.8727990693,8.6511852333,144.0017,-0.694533,-0.281349,94.329734,0.0000,0.0000,0.0000
2363188000,49.8727990781,8.6511852061,143.9964,-0.727584,-0.182134,94.306110,0.0000,0.0000,0.0000
2363288000,49.8727991303,8.6511852197,144.0075,-0.936256,-0.160842,94.290892,0.0000,0.0000,0.0000
2363388000,49.8727990979,8.6511851518,144.0216,-0.731014,-0.041682,94.429660,0.0000,0.0000,0.0000
2363488000,49.8727990907,8.6511851518,144.0175,-0.709938,-0.129035,94.472136,0.0000,0.0000,0.0000
2363589000,49.8727991067,8.6511851654,144.0193,-0.767103,-0.193097,94.455154,0.0000,0.0000,0.0000
2363688000,49.8727991253,8.6511852061,144.0177,-0.808231,-0.283916,94.441883,0.0000,0.0000,0.0000
2363788000,49.8727991275,8.6511852333,144.0168,-0.762833,-0.329682,94.470036,0.0000,0.0000,0.0000
2363888000,49.8727991226,8.6511852605,144.0162,-0.712826,-0.358653,94.487548,0.0000,0.0000,0.0000
2363988000,49.8727990748,8.6511851518,144.0121,-0.547455,-0.121240,94.615210,0.0000,0.0000,0.0000
2364088000,49.8727990567,8.6511851246,144.0113,-0.549790,-0.114035,94.615178,0.0000,0.0000,0.0000
2364188000,49.8727991182,8.6511852061,144.0114,-0.850381,-0.345415,94.424967,0.0000,0.0000,0.0000
2364288000,49.8727991072,8.6511851790,144.0131,-0.738948,-0.228847,94.339991,0.0000,0.0000,0.0000
2364390000,49.8727990864,8.6511851926,144.0098,-0.630529,-0.252948,94.364375,0.0000,0.0000,0.0000
2364490000,49.8727990721,8.6511851926,143.9959,-0.638297,-0.203661,94.302594,0.0000,0.0000,0.0000
2364588000,49.8727991478,8.6511852197,144.0063,-0.971413,-0.226354,94.250970,0.0000,0.0000,0.0000
2364688000,49.8727990929,8.6511851518,144.0169,-0.652047,-0.082500,94.377434,0.0000,0.0000,0.0000
2364788000,49.8727990940,8.6511851518,144.0208,-0.688396,-0.116215,94.433588,0.0000,0.0000,0.0000
2364888000,49.8727990918,8.6511851246,144.0269,-0.687403,-0.078041,94.503261,0.0000,0.0000,0.0000
2364988000,49.8727991023,8.6511851654,144.0214,-0.759504,-0.220437,94.500759,0.0000,0.0000,0.0000
2365088000,49.8727990875,8.6511851518,144.0178,-0.679043,-0.142817,94.528104,0.0000,0.0000,0.0000
2365188000,49.8727990891,8.6511851382,144.0198,-0.724913,-0.160292,94.608655,0.0000,0.0000,0.0000
2365288000,49.8727990929,8.6511851382,144.0213,-0.749350,-0.168004,94.650677,0.0000,0.0000,0.0000
2365388000,49.8727990968,8.6511851518,144.0250,-0.759838,-0.212197,94.619533,0.0000,0.0000,0.0000
2365488000,49.8727991204,8.6511851926,144.0173,-0.853466,-0.293515,94.532939,0.0000,0.0000,0.0000
2365588000,49.8727991056,8.6511851654,144.0215,-0.723599,-0.175251,94.500404,0.0000,0.0000,0.0000
2365688000,49.8727990606,8.6511851926,144.0092,-0.552870,-0.282209,94.535610,0.0000,0.0000,0.0000
2365788000,49.8727990880,8.6511851926,144.0023,-0.702868,-0.251863,94.448415,0.0000,0.0000,0.0000
2365888000,49.8727990666,8.6511851790,144.0019,-0.630195,-0.183386,94.444384,0.0000,0.0000,0.0000
2365988000,49.8727990831,8.6511851518,144.0129,-0.741918,-0.117646,94.517535,0.0000,0.0000,0.0000
2366088000,49.8727990655,8.6511852061,144.0030,-0.714327,-0.285547,94.483602,0.0000,0.0000,0.0000
2366188000,49.8727991379,8.6511852061,144.0125,-0.982331,-0.237783,94.441919,0.0000,0.0000,0.0000
2366290000,49.8727990814,8.6511852061,144.0064,-0.601868,-0.222591,94.395611,0.0000,0.0000,0.0000
2366388000,49.8727990595,8.6511851926,144.0001,-0.576175,-0.223821,94.434015,0.0000,0.0000,0.0000
2366490000,49.8727990704,8.6511851926,144.0042,-0.690137,-0.159910,94.468805,0.0000,0.0000,0.0000
2366590000,49.8727990880,8.6511851654,144.0129,-0.812256,-0.114529,94.535060,0.0000,0.0000,0.0000
2366688000,49.8727991012,8.6511851654,144.0164,-0.848192,-0.138180,94.531776,0.0000,0.0000,0.0000
2366788000,49.8727991429,8.6511852061,144.0135,-0.981296,-0.236274,94.392970,0.0000,0.0000,0.0000
2366888000,49.8727991138,8.6511851518,144.0225,-0.702881,-0.061005,94.426273,0.0000,0.0000,0.0000
2366988000,49.8727991034,8.6511851654,144.0194,-0.648187,-0.175547,94.391939,0.0000,0.0000,0.0000
2367088000,49.8727991034,8.6511851926,144.0159,-0.668698,-0.240864,94.423809,0.0000,0.0000,0.0000
2367188000,49.8727990935,8.6511851518,144.0206,-0.648164,-0.137971,94.479107,0.0000,0.0000,0.0000
2367291000,49.8727990759,8.6511851654,144.0100,-0.587438,-0.239161,94.514504,0.0000,0.0000,0.0000
2367390000,49.8727990809,8.6511851654,144.0130,-0.664946,-0.224578,94.615934,0.0000,0.0000,0.0000
2367488000,49.8727990644,8.6511851926,144.0094,-0.642860,-0.263613,94.602130,0.0000,0.0000,0.0000
2367588000,49.8727990984,8.6511852061,144.0071,-0.810409,-0.288120,94.546771,0.0000,0.0000,0.0000
2367690000,49.8727990260,8.6511852333,143.9962,-0.514093,-0.386381,94.528992,0.0000,0.0000,0.0000
2367788000,49.8727990973,8.6511852061,144.0030,-0.832709,-0.228503,94.410083,0.0000,0.0000,0.0000
2367888000,49.8727991577,8.6511852197,144.0091,-1.061839,-0.238409,94.372183,0.0000,0.0000,0.0000
2367988000,49.8727990973,8.6511851926,144.0077,-0.661779,-0.202405,94.253714,0.0000,0.0000,0.0000
2368088000,49.8727990940,8.6511851790,144.0113,-0.691547,-0.178664,94.343089,0.0000,0.0000,0.0000
2368188000,49.8727990946,8.6511851926,144.0158,-0.686336,-0.201316,94.374675,0.0000,0.0000,0.0000
2368288000,49.8727991017,8.6511852061,144.0120,-0.696683,-0.268798,94.329663,0.0000,0.0000,0.0000
2368388000,49.8727990622,8.6511851654,144.0082,-0.557025,-0.134897,94.471993,0.0000,0.0000,0.0000
2368488000,49.8727990924,8.6511851518,144.0181,-0.731016,-0.163320,94.507330,0.0000,0.0000,0.0000
2368588000,49.8727990754,8.6511851926,144.0078,-0.604892,-0.286991,94.441395,0.0000,0.0000,0.0000
2368688000,49.8727990946,8.6511851518,144.0186,-0.701424,-0.134903,94.479153,0.0000,0.0000,0.0000
2368788000,49.8727991017,8.6511851518,144.0244,-0.735514,-0.168534,94.451447,0.0000,0.0000,0.0000
2368888000,49.8727990836,8.6511851654,144.0177,-0.641744,-0.175194,94.479308,0.0000,0.0000,0.0000
2368988000,49.8727990924,8.6511851654,144.0162,-0.701063,-0.157871,94.517739,0.0000,0.0000,0.0000
2369088000,49.8727990617,8.6511851790,144.0059,-0.609490,-0.218505,94.573855,0.0000,0.0000,0.0000
2369188000,49.8727990957,8.6511851926,144.0053,-0.779539,-0.249359,94.539439,0.0000,0.0000,0.0000
2369288000,49.8727990825,8.6511851518,144.0130,-0.698377,-0.176733,94.563285,0.0000,0.0000,0.0000
2369388000,49.8727990962,8.6511851518,144.0220,-0.758000,-0.169464,94.542359,0.0000,0.0000,0.0000
2369488000,49.8727990836,8.6511851790,144.0151,-0.687064,-0.278382,94.542907,0.0000,0.0000,0.0000
2369588000,49.8727990776,8.6511851654,144.0135,-0.692696,-0.197813,94.587868,0.0000,0.0000,0.0000
2369688000,49.8727991116,8.6511852061,144.0099,-0.872038,-0.265706,94.525785,0.0000,0.0000,0.0000
2369788000,49.8727991341,8.6511852197,144.0075,-0.885844,-0.257465,94.389441,0.0000,0.0000,0.0000
2369888000,49.8727990803,8.6511851654,144.0124,-0.525531,-0.067853,94.475143,0.0000,0.0000,0.0000
2369988000,49.8727990743,8.6511851654,144.0049,-0.601950,-0.087183,94.433348,0.0000,0.0000,0.0000
2370088000,49.8727990803,8.6511851518,144.0148,-0.649968,-0.071443,94.527663,0.0000,0.0000,0.0000
2370188000,49.8727991012,8.6511851654,144.0188,-0.749669,-0.137961,94.475734,0.0000,0.0000,0.0000
2370288000,49.8727991127,8.6511851790,144.0238,-0.775284,-0.180422,94.406148,0.0000,0.0000,0.0000
2370388000,49.8727990995,8.6511851246,144.0255,-0.683558,-0.078798,94.594132,0.0000,0.0000,0.0000
2370488000,49.8727990929,8.6511851926,144.0085,-0.709613,-0.274314,94.525462,0.0000,0.0000,0.0000
2370588000,49.8727990957,8.6511852197,143.9992,-0.726252,-0.307711,94.364933,0.0000,0.0000,0.0000
2370688000,49.8727990726,8.6511851926,144.0025,-0.516335,-0.171509,94.395214,0.0000,0.0000,0.0000
2370788000,49.8727991237,8.6511852061,144.0114,-0.796653,-0.181776,94.329293,0.0000,0.0000,0.0000
2370888000,49.8727991171,8.6511852061,144.0149,-0.734688,-0.207126,94.374797,0.0000,0.0000,0.0000
2370988000,49.8727990770,8.6511851654,144.0055,-0.586839,-0.150843,94.377737,0.0000,0.0000,0.0000
2371088000,49.8727990523,8.6511851790,144.0034,-0.589111,-0.183415,94.472280,0.0000,0.0000,0.0000
2371188000,49.8727990875,8.6511851654,144.0126,-0.751609,-0.197535,94.504088,0.0000,0.0000,0.0000
2371288000,49.8727990847,8.6511851518,144.0143,-0.723229,-0.153495,94.535217,0.0000,0.0000,0.0000
2371389000,49.8727990759,8.6511851926,144.0082,-0.706017,-0.296571,94.487145,0.0000,0.0000,0.0000
2371488000,49.8727990633,8.6511852061,144.0007,-0.709210,-0.291455,94.445179,0.0000,0.0000,0.0000
2371588000,49.8727990853,8.6511851518,144.0170,-0.801100,-0.108455,94.559471,0.0000,0.0000,0.0000
2371688000,49.8727990979,8.6511851382,144.0259,-0.821074,-0.147872,94.580742,0.0000,0.0000,0.0000
2371788000,49.8727991154,8.6511852061,144.0165,-0.877162,-0.296184,94.519040,0.0000,0.0000,0.0000
2371888000,49.8727990918,8.6511851518,144.0175,-0.729521,-0.146551,94.538676,0.0000,0.0000,0.0000
2371990000,49.8727991187,8.6511851926,144.0185,-0.819025,-0.234149,94.459030,0.0000,0.0000,0.0000
2372088000,49.8727991045,8.6511851926,144.0138,-0.729028,-0.205235,94.430700,0.0000,0.0000,0.0000
2372188000,49.8727990633,8.6511851926,144.0092,-0.592504,-0.235570,94.493526,0.0000,0.0000,0.0000
2372288000,49.8727990611,8.6511851654,144.0052,-0.677986,-0.169977,94.566708,0.0000,0.0000,0.0000
2372388000,49.8727990809,8.6511851654,144.0123,-0.766994,-0.163427,94.573786,0.0000,0.0000,0.0000
2372488000,49.8727990995,8.6511851654,144.0172,-0.863722,-0.218823,94.577837,0.0000,0.0000,0.0000
2372588000,49.8727991017,8.6511851654,144.0157,-0.813470,-0.229285,94.619753,0.0000,0.0000,0.0000
2372688000,49.8727991023,8.6511851518,144.0206,-0.728473,-0.117661,94.632853,0.0000,0.0000,0.0000
2372788000,49.8727990897,8.6511851382,144.0194,-0.676501,-0.161198,94.692466,0.0000,0.0000,0.0000
2372888000,49.8727991111,8.6511851790,144.0202,-0.777647,-0.263593,94.612925,0.0000,0.0000,0.0000
2372988000,49.8727990962,8.6511852197,144.0068,-0.682940,-0.341698,94.518809,0.0000,0.0000,0.0000
2373088000,49.8727991566,8.6511852333,144.0097,-0.916949,-0.265282,94.466469,0.0000,0.0000,0.0000
2373188000,49.8727991906,8.6511852469,144.0085,-0.941126,-0.259185,94.428028,0.0000,0.0000,0.0000
2373288000,49.8727991094,8.6511852197,144.0080,-0.529089,-0.229477,94.409482,0.0000,0.0000,0.0000
2373388000,49.8727990973,8.6511852061,144.0092,-0.548620,-0.156176,94.437133,0.0000,0.0000,0.0000
2373488000,49.8727990381,8.6511852061,143.9980,-0.368733,-0.218138,94.412620,0.0000,0.0000,0.0000
2373588000,49.8727990233,8.6511852605,143.9899,-0.507389,-0.318021,94.278411,0.0000,0.0000,0.0000
2373688000,49.8727990836,8.6511852197,143.9945,-0.891571,-0.163936,94.166470,0.0000,0.0000,0.0000
2373788000,49.8727991034,8.6511851790,144.0123,-0.886840,-0.103847,94.253349,0.0000,0.0000,0.0000
2373888000,49.8727991121,8.6511851518,144.0254,-0.779467,-0.050222,94.284332,0.0000,0.0000,0.0000
2373988000,49.8727991067,8.6511851518,144.0276,-0.724150,-0.104250,94.325192,0.0000,0.0000,0.0000
2374088000,49.8727990743,8.6511851926,144.0130,-0.604232,-0.261427,94.330789,0.0000,0.0000,0.0000
2374188000,49.8727990688,8.6511851790,144.0042,-0.649690,-0.248758,94.395852,0.0000,0.0000,0.0000
2374288000,49.8727991050,8.6511851654,144.0175,-0.762210,-0.192403,94.423684,0.0000,0.0000,0.0000
2374388000,49.8727990875,8.6511851654,144.0146,-0.600565,-0.174600,94.461766,0.0000,0.0000,0.0000
2374488000,49.8727990880,8.6511851926,144.0098,-0.670436,-0.274966,94.417022,0.0000,0.0000,0.0000
2374588000,49.8727990951,8.6511851654,144.0172,-0.711344,-0.142522,94.475717,0.0000,0.0000,0.0000
2374688000,49.8727990825,8.6511851382,144.0201,-0.674474,-0.104261,94.548842,0.0000,0.0000,0.0000
2374788000,49.8727990907,8.6511851790,144.0151,-0.755521,-0.249782,94.553370,0.0000,0.0000,0.0000
2374888000,49.8727991209,8.6511852061,144.0128,-0.893591,-0.251316,94.438345,0.0000,0.0000,0.0000
2374988000,49.8727991549,8.6511852061,144.0140,-0.979432,-0.234059,94.378965,0.0000,0.0000,0.0000
2375088000,49.8727990918,8.6511851654,144.0180,-0.635033,-0.139947,94.412694,0.0000,0.0000,0.0000
2375188000,49.8727990704,8.6511851790,144.0109,-0.583251,-0.236874,94.437591,0.0000,0.0000,0.0000
2375291000,49.8727990902,8.6511852197,143.9997,-0.755538,-0.310176,94.319587,0.0000,0.0000,0.0000
2375390000,49.8727991198,8.6511852061,144.0042,-0.851266,-0.251379,94.278870,0.0000,0.0000,0.0000
2375489000,49.8727990946,8.6511851926,144.0058,-0.810459,-0.246630,94.319287,0.0000,0.0000,0.0000
2375588000,49.8727991056,8.6511851654,144.0199,-0.797360,-0.152822,94.367542,0.0000,0.0000,0.0000
2375688000,49.8727991226,8.6511852061,144.0195,-0.813240,-0.258791,94.378801,0.0000,0.0000,0.0000
2375788000,49.8727991308,8.6511852061,144.0207,-0.790901,-0.224011,94.375016,0.0000,0.0000,0.0000
2375888000,49.8727990710,8.6511851790,144.0102,-0.484812,-0.157108,94.465011,0.0000,0.0000,0.0000
2375988000,49.8727990403,8.6511851654,144.0080,-0.477401,-0.186793,94.576966,0.0000,0.0000,0.0000
2376088000,49.8727990611,8.6511851518,144.0109,-0.673026,-0.174057,94.650601,0.0000,0.0000,0.0000
2376188000,49.8727991028,8.6511852061,144.0110,-0.871692,-0.311580,94.536618,0.0000,0.0000,0.0000
2376288000,49.8727991259,8.6511851926,144.0160,-0.888445,-0.249087,94.525694,0.0000,0.0000,0.0000
2376388000,49.8727990902,8.6511851926,144.0115,-0.579489,-0.215445,94.507377,0.0000,0.0000,0.0000
2376488000,49.8727991072,8.6511851926,144.0145,-0.715794,-0.211589,94.476154,0.0000,0.0000,0.0000
2376588000,49.8727990907,8.6511851518,144.0181,-0.631592,-0.093462,94.534763,0.0000,0.0000,0.0000
2376688000,49.8727991083,8.6511851790,144.0190,-0.714760,-0.171267,94.545801,0.0000,0.0000,0.0000
2376788000,49.8727990573,8.6511851926,144.0088,-0.505992,-0.179884,94.569992,0.0000,0.0000,0.0000
2376888000,49.8727990595,8.6511851926,144.0054,-0.612186,-0.212408,94.507423,0.0000,0.0000,0.0000
2376988000,49.8727990518,8.6511851926,144.0003,-0.647511,-0.242978,94.504166,0.0000,0.0000,0.0000
2377088000,49.8727990891,8.6511851926,144.0062,-0.880726,-0.210257,94.493924,0.0000,0.0000,0.0000
2377188000,49.8727990721,8.6511851518,144.0111,-0.741745,-0.132684,94.611995,0.0000,0.0000,0.0000
2377288000,49.8727990792,8.6511851382,144.0137,-0.764378,-0.129116,94.632966,0.0000,0.0000,0.0000
2377388000,49.8727990831,8.6511851790,144.0031,-0.816195,-0.245031,94.574438,0.0000,0.0000,0.0000
2377488000,49.8727990584,8.6511851926,143.9998,-0.694186,-0.304917,94.522115,0.0000,0.0000,0.0000
2377591000,49.8727990260,8.6511852061,144.0002,-0.559938,-0.311743,94.612659,0.0000,0.0000,0.0000
2377691000,49.8727990468,8.6511852197,143.9963,-0.722690,-0.287473,94.473150,0.0000,0.0000,0.0000
2377791000,49.8727990408,8.6511852197,143.9953,-0.647088,-0.292395,94.434541,0.0000,0.0000,0.0000
2377888000,49.8727990359,8.6511852197,143.9970,-0.631214,-0.244243,94.430740,0.0000,0.0000,0.0000
2377988000,49.8727990452,8.6511852197,143.9983,-0.706411,-0.242645,94.430890,0.0000,0.0000,0.0000
2378088000,49.8727990913,8.6511851518,144.0141,-0.844530,-0.101882,94.489563,0.0000,0.0000,0.0000
2378188000,49.8727991100,8.6511851518,144.0259,-0.827188,-0.128562,94.479255,0.0000,0.0000,0.0000
2378288000,49.8727991034,8.6511851790,144.0141,-0.725580,-0.205937,94.444679,0.0000,0.0000,0.0000
2378388000,49.8727990792,8.6511851654,144.0104,-0.644287,-0.185425,94.451408,0.0000,0.0000,0.0000
2378488000,49.8727990924,8.6511851654,144.0150,-0.675436,-0.152484,94.489711,0.0000,0.0000,0.0000
2378588000,49.8727990842,8.6511851926,144.0064,-0.659976,-0.264889,94.413444,0.0000,0.0000,0.0000
2378688000,49.8727990864,8.6511851926,144.0077,-0.686493,-0.249230,94.409916,0.0000,0.0000,0.0000
2378788000,49.8727990918,8.6511851926,144.0093,-0.735381,-0.258375,94.396100,0.0000,0.0000,0.0000
2378889000,49.8727990748,8.6511851654,144.0115,-0.659928,-0.159448,94.468760,0.0000,0.0000,0.0000
2378988000,49.8727990907,8.6511851382,144.0204,-0.706421,-0.093976,94.520847,0.0000,0.0000,0.0000
2379089000,49.8727990886,8.6511851382,144.0184,-0.724525,-0.152721,94.545699,0.0000,0.0000,0.0000
2379188000,49.8727991193,8.6511851926,144.0168,-0.849064,-0.239991,94.487096,0.0000,0.0000,0.0000
2379288000,49.8727991231,8.6511852197,144.0112,-0.796721,-0.270021,94.427777,0.0000,0.0000,0.0000
2379388000,49.8727990792,8.6511851654,144.0120,-0.583597,-0.120751,94.468457,0.0000,0.0000,0.0000
2379488000,49.8727990644,8.6511851518,144.0129,-0.565202,-0.084778,94.566121,0.0000,0.0000,0.0000
2379588000,49.8727990929,8.6511851518,144.0252,-0.736741,-0.141147,94.535156,0.0000,0.0000,0.0000
2379688000,49.8727990869,8.6511851518,144.0292,-0.691260,-0.177477,94.468912,0.0000,0.0000,0.0000
2379790000,49.8727990984,8.6511851518,144.0241,-0.710234,-0.157924,94.503772,0.0000,0.0000,0.0000
2379888000,49.8727990737,8.6511851790,144.0112,-0.637352,-0.258978,94.570638,0.0000,0.0000,0.0000
2379990000,49.8727990973,8.6511852061,144.0030,-0.901057,-0.293465,94.494615,0.0000,0.0000,0.0000
2380088000,49.8727991451,8.6511852197,144.0055,-1.005306,-0.270569,94.368852,0.0000,0.0000,0.0000
2380188000,49.8727991314,8.6511852333,144.0055,-0.760091,-0.245491,94.315675,0.0000,0.0000,0.0000
2380288000,49.8727991012,8.6511851926,144.0098,-0.640561,-0.123645,94.323114,0.0000,0.0000,0.0000
2380388000,49.8727990984,8.6511851790,144.0116,-0.649232,-0.112778,94.342650,0.0000,0.0000,0.0000
2380488000,49.8727990907,8.6511851654,144.0133,-0.629927,-0.099541,94.356540,0.0000,0.0000,0.0000
2380588000,49.8727990902,8.6511851654,144.0088,-0.667038,-0.120314,94.360188,0.0000,0.0000,0.0000
2380688000,49.8727990831,8.6511851654,144.0122,-0.673081,-0.117123,94.398625,0.0000,0.0000,0.0000
2380793000,49.8727990518,8.6511851926,144.0042,-0.614082,-0.185068,94.451357,0.0000,0.0000,0.0000
2380888000,49.8727990935,8.6511851654,144.0142,-0.754678,-0.132302,94.458227,0.0000,0.0000,0.0000
2380988000,49.8727990809,8.6511851382,144.0157,-0.701354,-0.108534,94.569862,0.0000,0.0000,0.0000
2381088000,49.8727991226,8.6511851926,144.0159,-0.928051,-0.281341,94.456139,0.0000,0.0000,0.0000
2381188000,49.8727990842,8.6511851518,144.0177,-0.712266,-0.183772,94.591309,0.0000,0.0000,0.0000
2381290000,49.8727990957,8.6511851926,144.0126,-0.780045,-0.287058,94.494262,0.0000,0.0000,0.0000
2381388000,49.8727991319,8.6511852061,144.0168,-0.851989,-0.260430,94.459292,0.0000,0.0000,0.0000
2381488000,49.8727990951,8.6511851926,144.0127,-0.600452,-0.182790,94.465304,0.0000,0.0000,0.0000
2381588000,49.8727990886,8.6511851790,144.0084,-0.598806,-0.142473,94.405672,0.0000,0.0000,0.0000
2381688000,49.8727990639,8.6511851518,144.0109,-0.548974,-0.106326,94.541747,0.0000,0.0000,0.0000
2381793000,49.8727990540,8.6511851790,144.0048,-0.661378,-0.236640,94.560079,0.0000,0.0000,0.0000
2381888000,49.8727990666,8.6511851790,144.0059,-0.731231,-0.231514,94.584655,0.0000,0.0000,0.0000
2381990000,49.8727991220,8.6511851926,144.0163,-0.932538,-0.257873,94.522367,0.0000,0.0000,0.0000
2382088000,49.8727991160,8.6511851926,144.0211,-0.850151,-0.242377,94.543036,0.0000,0.0000,0.0000
2382191000,49.8727991248,8.6511852333,144.0222,-0.833281,-0.323695,94.554077,0.0000,0.0000,0.0000
2382289000,49.8727990792,8.6511851654,144.0135,-0.652934,-0.154896,94.605029,0.0000,0.0000,0.0000
2382389000,49.8727990650,8.6511851790,144.0071,-0.654387,-0.232242,94.650905,0.0000,0.0000,0.0000
2382488000,49.8727991121,8.6511852061,144.0046,-0.967612,-0.304704,94.512356,0.0000,0.0000,0.0000
2382588000,49.8727991467,8.6511852333,144.0024,-0.990319,-0.307605,94.453024,0.0000,0.0000,0.0000
2382688000,49.8727991078,8.6511852197,144.0033,-0.740884,-0.206813,94.420246,0.0000,0.0000,0.0000
2382788000,49.8727991039,8.6511851926,144.0090,-0.710888,-0.132212,94.430215,0.0000,0.0000,0.0000
2382888000,49.8727991028,8.6511851790,144.0115,-0.705838,-0.126063,94.430171,0.0000,0.0000,0.0000
2382988000,49.8727990803,8.6511851518,143.9963,-0.662255,-0.190823,94.343113,0.0000,0.0000,0.0000
2383088000,49.8727990776,8.6511851518,143.9904,-0.681962,-0.251053,94.257533,0.0000,0.0000,0.0000
2383188000,49.8727990743,8.6511851654,143.9835,-0.698048,-0.266598,94.156336,0.0000,0.0000,0.0000
2383289000,49.8727990907,8.6511851790,144.0069,-0.784212,-0.178796,94.243287,0.0000,0.0000,0.0000
2383388000,49.8727990902,8.6511851654,144.0166,-0.784785,-0.157442,94.322116,0.0000,0.0000,0.0000
2383488000,49.8727990897,8.6511852061,144.0086,-0.760108,-0.258089,94.275221,0.0000,0.0000,0.0000
2383588000,49.8727991325,8.6511852197,144.0158,-0.881200,-0.221889,94.271721,0.0000,0.0000,0.0000
2383691000,49.8727990913,8.6511851382,144.0187,-0.617295,-0.031515,94.422574,0.0000,0.0000,0.0000
2383790000,49.8727991039,8.6511851654,144.0206,-0.714919,-0.157345,94.426881,0.0000,0.0000,0.0000
2383889000,49.8727990929,8.6511851382,144.0211,-0.644564,-0.078098,94.559152,0.0000,0.0000,0.0000
2383988000,49.8727990425,8.6511852061,144.0029,-0.511594,-0.343725,94.549763,0.0000,0.0000,0.0000
2384088000,49.8727990309,8.6511852061,143.9986,-0.549658,-0.242486,94.587835,0.0000,0.0000,0.0000
2384188000,49.8727990073,8.6511852061,143.9926,-0.552908,-0.247169,94.587865,0.0000,0.0000,0.0000
2384288000,49.8727990940,8.6511851382,144.0218,-0.858749,-0.092872,94.653769,0.0000,0.0000,0.0000
2384388000,49.8727991127,8.6511851654,144.0262,-0.857583,-0.153053,94.570343,0.0000,0.0000,0.0000
2384488000,49.8727991259,8.6511852061,144.0162,-0.750316,-0.334592,94.463042,0.0000,0.0000,0.0000
2384588000,49.8727991105,8.6511851926,144.0119,-0.658660,-0.298849,94.413636,0.0000,0.0000,0.0000
2384690000,49.8727990798,8.6511851926,144.0070,-0.580436,-0.289814,94.416881,0.0000,0.0000,0.0000
2384788000,49.8727991160,8.6511852061,144.0069,-0.845604,-0.249576,94.333366,0.0000,0.0000,0.0000
2384888000,49.8727990704,8.6511851926,144.0040,-0.492429,-0.211877,94.353407,0.0000,0.0000,0.0000
2384988000,49.8727990611,8.6511851790,144.0025,-0.561918,-0.185833,94.374381,0.0000,0.0000,0.0000
2385088000,49.8727991061,8.6511851790,144.0172,-0.814557,-0.177841,94.402696,0.0000,0.0000,0.0000
2385188000,49.8727991039,8.6511852197,144.0087,-0.766708,-0.256867,94.343729,0.0000,0.0000,0.0000
2385288000,49.8727991231,8.6511852197,144.0103,-0.808393,-0.227374,94.282101,0.0000,0.0000,0.0000
2385388000,49.8727991127,8.6511852197,144.0091,-0.677575,-0.227163,94.257382,0.0000,0.0000,0.0000
2385488000,49.8727990633,8.6511851926,144.0043,-0.463532,-0.150107,94.298573,0.0000,0.0000,0.0000
2385588000,49.8727990836,8.6511851518,144.0156,-0.665779,-0.098833,94.356567,0.0000,0.0000,0.0000
2385688000,49.8727990940,8.6511851654,144.0171,-0.742626,-0.149711,94.426869,0.0000,0.0000,0.0000
2385788000,49.8727990907,8.6511851382,144.0213,-0.717876,-0.119427,94.472085,0.0000,0.0000,0.0000
2385888000,49.8727991220,8.6511852061,144.0086,-0.914857,-0.310862,94.330511,0.0000,0.0000,0.0000
2385988000,49.8727991001,8.6511851654,144.0176,-0.766964,-0.191173,94.416693,0.0000,0.0000,0.0000
2386088000,49.8727990869,8.6511851790,144.0115,-0.672135,-0.193914,94.423541,0.0000,0.0000,0.0000
2386188000,49.8727991226,8.6511852061,144.0143,-0.791470,-0.217401,94.347008,0.0000,0.0000,0.0000
2386288000,49.8727990886,8.6511851518,144.0179,-0.655931,-0.113265,94.461500,0.0000,0.0000,0.0000
2386388000,49.8727990907,8.6511851518,144.0185,-0.712480,-0.169344,94.535301,0.0000,0.0000,0.0000
2386488000,49.8727991105,8.6511851926,144.0122,-0.855972,-0.283386,94.469958,0.0000,0.0000,0.0000
2386588000,49.8727990957,8.6511852061,144.0058,-0.742337,-0.280227,94.392762,0.0000,0.0000,0.0000
2386688000,49.8727990776,8.6511851518,144.0138,-0.670426,-0.113097,94.524425,0.0000,0.0000,0.0000
2386788000,49.8727991006,8.6511851790,144.0157,-0.798535,-0.200016,94.511177,0.0000,0.0000,0.0000
2386888000,49.8727990875,8.6511851790,144.0098,-0.686819,-0.207980,94.500544,0.0000,0.0000,0.0000
2386988000,49.8727991039,8.6511851790,144.0127,-0.755624,-0.179214,94.455043,0.0000,0.0000,0.0000
2387088000,49.8727991204,8.6511851926,144.0161,-0.796549,-0.207703,94.455305,0.0000,0.0000,0.0000
2387194000,49.8727990891,8.6511851790,144.0124,-0.627760,-0.186532,94.486339,0.0000,0.0000,0.0000
2387288000,49.8727990886,8.6511851654,144.0163,-0.665100,-0.156459,94.496711,0.0000,0.0000,0.0000
2387388000,49.8727990907,8.6511851790,144.0093,-0.681454,-0.171657,94.500319,0.0000,0.0000,0.0000
2387488000,49.8727990781,8.6511851518,144.0098,-0.683062,-0.122750,94.527990,0.0000,0.0000,0.0000
2387588000,49.8727990864,8.6511851926,144.0103,-0.736321,-0.219946,94.514691,0.0000,0.0000,0.0000
2387688000,49.8727990814,8.6511851790,144.0096,-0.744077,-0.184313,94.496999,0.0000,0.0000,0.0000
2387788000,49.8727991094,8.6511851790,144.0120,-0.827281,-0.176510,94.458630,0.0000,0.0000,0.0000
2387888000,49.8727990946,8.6511851382,144.0198,-0.713480,-0.084421,94.517299,0.0000,0.0000,0.0000
2387988000,49.8727991111,8.6511852061,144.0100,-0.781721,-0.315079,94.386105,0.0000,0.0000,0.0000
2388088000,49.8727990940,8.6511851790,144.0131,-0.736634,-0.266943,94.417129,0.0000,0.0000,0.0000
2388188000,49.8727990699,8.6511851790,144.0090,-0.672364,-0.197665,94.472497,0.0000,0.0000,0.0000
2388288000,49.8727991028,8.6511851926,144.0146,-0.808751,-0.228374,94.465958,0.0000,0.0000,0.0000
2388388000,49.8727991292,8.6511852061,144.0181,-0.880038,-0.242020,94.406786,0.0000,0.0000,0.0000
2388488000,49.8727991121,8.6511851790,144.0173,-0.730913,-0.165331,94.381515,0.0000,0.0000,0.0000
2388588000,49.8727990765,8.6511851926,144.0082,-0.577434,-0.200086,94.337406,0.0000,0.0000,0.0000
2388688000,49.8727991023,8.6511851790,144.0138,-0.710429,-0.156990,94.353470,0.0000,0.0000,0.0000
2388788000,49.8727990940,8.6511851518,144.0209,-0.702493,-0.129585,94.447665,0.0000,0.0000,0.0000
2388889000,49.8727990847,8.6511851382,144.0167,-0.670226,-0.130709,94.507052,0.0000,0.0000,0.0000
2388988000,49.8727990468,8.6511851926,144.0052,-0.573614,-0.332939,94.507954,0.0000,0.0000,0.0000
2389088000,49.8727991094,8.6511851790,144.0163,-0.918555,-0.263009,94.441988,0.0000,0.0000,0.0000
2389194000,49.8727991346,8.6511852197,144.0110,-0.909025,-0.316302,94.361997,0.0000,0.0000,0.0000
2389288000,49.8727991045,8.6511851790,144.0155,-0.746337,-0.213084,94.399325,0.0000,0.0000,0.0000
2389388000,49.8727990798,8.6511851790,144.0122,-0.639413,-0.195131,94.451455,0.0000,0.0000,0.0000
2389488000,49.8727990545,8.6511851926,144.0053,-0.606508,-0.237868,94.451625,0.0000,0.0000,0.0000
2389588000,49.8727991193,8.6511851926,144.0139,-0.902070,-0.222440,94.424155,0.0000,0.0000,0.0000
2389688000,49.8727990973,8.6511851926,144.0112,-0.730886,-0.208512,94.420239,0.0000,0.0000,0.0000
2389788000,49.8727990820,8.6511851518,144.0127,-0.675906,-0.141383,94.514112,0.0000,0.0000,0.0000
2389888000,49.8727990847,8.6511851654,144.0059,-0.716042,-0.217420,94.486676,0.0000,0.0000,0.0000
2389988000,49.8727991187,8.6511852197,144.0053,-0.853295,-0.317094,94.282858,0.0000,0.0000,0.0000
2390088000,49.8727990820,8.6511851926,144.0027,-0.645696,-0.192021,94.281579,0.0000,0.0000,0.0000
2390188000,49.8727990414,8.6511852197,143.9960,-0.531986,-0.274495,94.271289,0.0000,0.0000,0.0000
2390288000,49.8727990710,8.6511851790,144.0056,-0.759353,-0.097398,94.349647,0.0000,0.0000,0.0000
2390388000,49.8727990606,8.6511851790,144.0072,-0.706465,-0.085806,94.426428,0.0000,0.0000,0.0000
2390488000,49.8727990968,8.6511851382,144.0224,-0.846159,-0.031864,94.482057,0.0000,0.0000,0.0000
2390588000,49.8727990710,8.6511851790,144.0083,-0.712196,-0.196679,94.504015,0.0000,0.0000,0.0000
2390688000,49.8727990677,8.6511851926,144.0078,-0.692922,-0.229117,94.511168,0.0000,0.0000,0.0000
2390788000,49.8727991259,8.6511852061,144.0113,-0.947390,-0.216825,94.441673,0.0000,0.0000,0.0000
2390888000,49.8727991270,8.6511852197,144.0121,-0.825095,-0.248250,94.382248,0.0000,0.0000,0.0000
2390988000,49.8727990853,8.6511851518,144.0145,-0.626635,-0.102464,94.464907,0.0000,0.0000,0.0000
2391088000,49.8727990968,8.6511851518,144.0209,-0.697019,-0.145096,94.486200,0.0000,0.0000,0.0000
2391188000,49.8727990995,8.6511851246,144.0255,-0.692187,-0.109139,94.566362,0.0000,0.0000,0.0000
2391288000,49.8727990940,8.6511851382,144.0217,-0.675200,-0.142043,94.629447,0.0000,0.0000,0.0000
2391388000,49.8727990820,8.6511851790,144.0093,-0.678854,-0.233466,94.609024,0.0000,0.0000,0.0000
2391488000,49.8727990710,8.6511851654,144.0081,-0.609076,-0.173028,94.633024,0.0000,0.0000,0.0000
2391588000,49.8727990858,8.6511851790,144.0096,-0.720859,-0.235277,94.574173,0.0000,0.0000,0.0000
2391691000,49.8727990891,8.6511851790,144.0103,-0.705953,-0.169604,94.552768,0.0000,0.0000,0.0000
2391791000,49.8727990979,8.6511851926,144.0102,-0.734267,-0.199435,94.553001,0.0000,0.0000,0.0000
2391888000,49.8727991001,8.6511851790,144.0126,-0.723389,-0.179369,94.542370,0.0000,0.0000,0.0000
2391988000,49.8727991050,8.6511851926,144.0133,-0.723714,-0.211562,94.500634,0.0000,0.0000,0.0000
2392089000,49.8727990732,8.6511851790,144.0089,-0.555536,-0.173836,94.507131,0.0000,0.0000,0.0000
2392188000,49.8727990567,8.6511851926,144.0013,-0.570630,-0.214201,94.475899,0.0000,0.0000,0.0000
2392288000,49.8727991396,8.6511852061,144.0132,-0.938986,-0.203673,94.431063,0.0000,0.0000,0.0000
2392388000,49.8727991045,8.6511852061,144.0052,-0.696321,-0.222155,94.374819,0.0000,0.0000,0.0000
2392491000,49.8727990847,8.6511851654,143.9988,-0.617662,-0.096449,94.315955,0.0000,0.0000,0.0000
2392588000,49.8727990743,8.6511851654,143.9905,-0.624143,-0.143566,94.232363,0.0000,0.0000,0.0000
2392688000,49.8727990710,8.6511851654,143.9845,-0.660806,-0.178861,94.190684,0.0000,0.0000,0.0000
2392790000,49.8727990836,8.6511851790,144.0023,-0.698827,-0.114928,94.316136,0.0000,0.0000,0.0000
2392888000,49.8727991078,8.6511851790,144.0173,-0.764847,-0.115059,94.360256,0.0000,0.0000,0.0000
2392988000,49.8727990995,8.6511851654,144.0238,-0.703930,-0.088701,94.398482,0.0000,0.0000,0.0000
2393088000,49.8727990924,8.6511851382,144.0232,-0.701598,-0.083354,94.482333,0.0000,0.0000,0.0000
2393188000,49.8727990968,8.6511851654,144.0210,-0.759816,-0.184421,94.486540,0.0000,0.0000,0.0000
2393288000,49.8727990902,8.6511851518,144.0183,-0.712230,-0.151153,94.559652,0.0000,0.0000,0.0000
2393389000,49.8727990853,8.6511852061,144.0096,-0.696225,-0.336989,94.487365,0.0000,0.0000,0.0000
2393488000,49.8727990907,8.6511851790,144.0109,-0.723238,-0.165288,94.521311,0.0000,0.0000,0.0000
2393588000,49.8727990798,8.6511851518,144.0118,-0.707412,-0.139948,94.563072,0.0000,0.0000,0.0000
2393688000,49.8727990666,8.6511851382,144.0137,-0.679851,-0.149657,94.605034,0.0000,0.0000,0.0000
2393788000,49.8727990946,8.6511851518,144.0198,-0.826730,-0.209489,94.651090,0.0000,0.0000,0.0000
2393888000,49.8727991061,8.6511851654,144.0242,-0.844826,-0.249794,94.574534,0.0000,0.0000,0.0000
2393988000,49.8727991303,8.6511852061,144.0134,-0.842256,-0.338703,94.428389,0.0000,0.0000,0.0000
2394088000,49.8727991286,8.6511852197,144.0125,-0.809892,-0.286583,94.365009,0.0000,0.0000,0.0000
2394188000,49.8727990633,8.6511851926,144.0060,-0.540805,-0.272813,94.402720,0.0000,0.0000,0.0000
2394288000,49.8727991171,8.6511851926,144.0139,-0.830956,-0.230625,94.368151,0.0000,0.0000,0.0000
2394388000,49.8727991500,8.6511852197,144.0134,-0.916688,-0.245169,94.302026,0.0000,0.0000,0.0000
2394488000,49.8727990677,8.6511851926,144.0073,-0.419502,-0.187153,94.337083,0.0000,0.0000,0.0000
2394588000,49.8727990781,8.6511851518,144.0135,-0.574283,-0.096923,94.384441,0.0000,0.0000,0.0000
2394688000,49.8727990710,8.6511851790,144.0101,-0.619396,-0.198739,94.433964,0.0000,0.0000,0.0000
2394788000,49.8727990968,8.6511852197,144.0057,-0.728352,-0.296555,94.292863,0.0000,0.0000,0.0000
2394888000,49.8727990869,8.6511852197,144.0005,-0.676232,-0.248019,94.288948,0.0000,0.0000,0.0000
2394988000,49.8727990765,8.6511851518,144.0053,-0.651921,-0.045125,94.352754,0.0000,0.0000,0.0000
2395089000,49.8727990776,8.6511851246,144.0089,-0.679650,-0.026218,94.384111,0.0000,0.0000,0.0000
2395188000,49.8727990951,8.6511851790,144.0147,-0.772529,-0.200288,94.395792,0.0000,0.0000,0.0000
2395288000,49.8727990979,8.6511851654,144.0182,-0.771731,-0.178495,94.420111,0.0000,0.0000,0.0000
2395388000,49.8727990836,8.6511851926,144.0131,-0.710014,-0.245109,94.434408,0.0000,0.0000,0.0000
2395488000,49.8727990693,8.6511851654,144.0123,-0.643636,-0.178969,94.475837,0.0000,0.0000,0.0000
2395588000,49.8727991105,8.6511851926,144.0144,-0.855704,-0.265728,94.462836,0.0000,0.0000,0.0000
2395688000,49.8727990907,8.6511851926,144.0085,-0.742206,-0.290522,94.357874,0.0000,0.0000,0.0000
2395788000,49.8727991061,8.6511851926,144.0130,-0.788294,-0.247786,94.368183,0.0000,0.0000,0.0000
2395888000,49.8727991292,8.6511852197,144.0104,-0.881053,-0.261360,94.333534,0.0000,0.0000,0.0000
2395989000,49.8727990929,8.6511851518,144.0157,-0.640473,-0.087810,94.426390,0.0000,0.0000,0.0000
2396088000,49.8727990809,8.6511851382,144.0148,-0.615784,-0.102616,94.555769,0.0000,0.0000,0.0000
2396188000,49.8727991061,8.6511851790,144.0146,-0.856882,-0.260660,94.490762,0.0000,0.0000,0.0000
2396288000,49.8727991275,8.6511852061,144.0166,-0.862515,-0.294314,94.466562,0.0000,0.0000,0.0000
2396388000,49.8727990946,8.6511851926,144.0079,-0.652042,-0.276034,94.392517,0.0000,0.0000,0.0000
2396488000,49.8727990485,8.6511852061,144.0028,-0.519313,-0.271687,94.399168,0.0000,0.0000,0.0000
2396588000,49.8727990759,8.6511851654,144.0135,-0.585106,-0.137645,94.447573,0.0000,0.0000,0.0000
2396688000,49.8727990907,8.6511851518,144.0240,-0.717296,-0.161104,94.458365,0.0000,0.0000,0.0000
2396788000,49.8727991215,8.6511852061,144.0156,-0.847990,-0.297690,94.382663,0.0000,0.0000,0.0000
2396888000,49.8727991045,8.6511851518,144.0208,-0.691082,-0.140938,94.416263,0.0000,0.0000,0.0000
2396988000,49.8727990990,8.6511851382,144.0245,-0.654606,-0.112859,94.464991,0.0000,0.0000,0.0000
2397088000,49.8727990787,8.6511851790,144.0130,-0.593593,-0.194745,94.531762,0.0000,0.0000,0.0000
2397188000,49.8727990600,8.6511852061,144.0020,-0.533673,-0.232118,94.461932,0.0000,0.0000,0.0000
2397288000,49.8727991006,8.6511851926,144.0070,-0.725500,-0.170061,94.444452,0.0000,0.0000,0.0000
2397388000,49.8727990611,8.6511851654,144.0100,-0.585776,-0.140109,94.559429,0.0000,0.0000,0.0000
2397488000,49.8727990957,8.6511851926,144.0094,-0.826155,-0.280217,94.494328,0.0000,0.0000,0.0000
2397588000,49.8727991346,8.6511852061,144.0119,-0.910192,-0.276713,94.382658,0.0000,0.0000,0.0000
2397688000,49.8727990979,8.6511851790,144.0136,-0.598164,-0.137393,94.398654,0.0000,0.0000,0.0000
2397788000,49.8727990809,8.6511851654,144.0119,-0.588099,-0.170834,94.416290,0.0000,0.0000,0.0000
2397889000,49.8727991006,8.6511851790,144.0161,-0.720138,-0.213784,94.413262,0.0000,0.0000,0.0000
2397988000,49.8727990907,8.6511851654,144.0138,-0.688026,-0.173380,94.461892,0.0000,0.0000,0.0000
2398088000,49.8727990907,8.6511851518,144.0184,-0.688914,-0.156583,94.629551,0.0000,0.0000,0.0000
2398188000,49.8727990918,8.6511852061,144.0109,-0.701334,-0.265363,94.504417,0.0000,0.0000,0.0000
2398288000,49.8727991434,8.6511852061,144.0151,-0.934461,-0.222967,94.420727,0.0000,0.0000,0.0000
2398388000,49.8727990798,8.6511851654,144.0131,-0.577365,-0.129325,94.464998,0.0000,0.0000,0.0000
2398488000,49.8727990842,8.6511851518,144.0168,-0.652695,-0.130663,94.482566,0.0000,0.0000,0.0000
2398588000,49.8727990902,8.6511851382,144.0247,-0.717064,-0.154418,94.479293,0.0000,0.0000,0.0000
2398688000,49.8727991198,8.6511852061,144.0115,-0.827534,-0.336959,94.354930,0.0000,0.0000,0.0000
2398788000,49.8727990968,8.6511851790,144.0100,-0.659317,-0.228057,94.295784,0.0000,0.0000,0.0000
2398888000,49.8727990754,8.6511851654,144.0109,-0.601610,-0.172468,94.339421,0.0000,0.0000,0.0000
2398988000,49.8727990721,8.6511852061,144.0053,-0.649580,-0.270287,94.316967,0.0000,0.0000,0.0000
2399088000,49.8727991056,8.6511852061,144.0034,-0.832808,-0.242209,94.191413,0.0000,0.0000,0.0000
2399188000,49.8727990962,8.6511851790,144.0091,-0.764235,-0.158053,94.267575,0.0000,0.0000,0.0000
2399288000,49.8727990792,8.6511851518,144.0127,-0.712445,-0.093341,94.426479,0.0000,0.0000,0.0000
2399388000,49.8727990979,8.6511851926,144.0078,-0.846948,-0.292865,94.389615,0.0000,0.0000,0.0000
2399488000,49.8727990836,8.6511852061,143.9978,-0.738264,-0.303068,94.310400,0.0000,0.0000,0.0000
2399588000,49.8727990913,8.6511851926,143.9958,-0.760376,-0.241058,94.322637,0.0000,0.0000,0.0000
2399688000,49.8727990287,8.6511852061,143.9967,-0.471777,-0.254828,94.367528,0.0000,0.0000,0.0000
2399788000,49.8727989848,8.6511852469,143.9948,-0.425702,-0.301018,94.479445,0.0000,0.0000,0.0000
2399888000,49.8727990957,8.6511851790,144.0132,-0.924138,-0.112102,94.503697,0.0000,0.0000,0.0000
2399988000,49.8727990880,8.6511851790,144.0123,-0.832647,-0.145084,94.479381,0.0000,0.0000,0.0000
2400088000,49.8727991017,8.6511851790,144.0129,-0.850434,-0.151670,94.500423,0.0000,0.0000,0.0000
2400188000,49.8727990918,8.6511851790,144.0116,-0.741283,-0.191469,94.490051,0.0000,0.0000,0.0000
2400288000,49.8727991078,8.6511851790,144.0175,-0.788689,-0.206965,94.479752,0.0000,0.0000,0.0000
2400388000,49.8727991297,8.6511851926,144.0190,-0.844568,-0.219206,94.392562,0.0000,0.0000,0.0000
2400488000,49.8727991089,8.6511852333,144.0089,-0.633344,-0.316839,94.343762,0.0000,0.0000,0.0000
2400588000,49.8727991006,8.6511851654,144.0174,-0.624502,-0.094787,94.363500,0.0000,0.0000,0.0000
2400688000,49.8727990688,8.6511851654,144.0121,-0.532598,-0.127125,94.419499,0.0000,0.0000,0.0000
2400788000,49.8727990809,8.6511851654,144.0143,-0.704076,-0.170455,94.444423,0.0000,0.0000,0.0000
2400888000,49.8727990748,8.6511851518,144.0138,-0.714824,-0.140571,94.521145,0.0000,0.0000,0.0000
2400988000,49.8727990973,8.6511851518,144.0228,-0.820790,-0.198483,94.511205,0.0000,0.0000,0.0000
2401088000,49.8727990611,8.6511851926,144.0054,-0.628918,-0.281994,94.504340,0.0000,0.0000,0.0000
2401188000,49.8727990737,8.6511851518,144.0121,-0.726002,-0.163613,94.664594,0.0000,0.0000,0.0000
2401288000,49.8727990853,8.6511851790,144.0114,-0.812841,-0.234680,94.633769,0.0000,0.0000,0.0000
2401391000,49.8727990721,8.6511851790,144.0077,-0.725105,-0.174611,94.643694,0.0000,0.0000,0.0000
2401488000,49.8727990946,8.6511851654,144.0114,-0.820910,-0.142571,94.619147,0.0000,0.0000,0.0000
2401588000,49.8727990968,8.6511851518,144.0190,-0.811243,-0.129831,94.650498,0.0000,0.0000,0.0000
2401688000,49.8727991094,8.6511851382,144.0238,-0.815100,-0.127949,94.646994,0.0000,0.0000,0.0000
2401788000,49.8727991220,8.6511852197,144.0118,-0.805532,-0.302881,94.466476,0.0000,0.0000,0.0000
2401888000,49.8727991182,8.6511852197,144.0116,-0.747161,-0.288933,94.438269,0.0000,0.0000,0.0000
2401988000,49.8727990891,8.6511852061,144.0022,-0.593271,-0.203651,94.398991,0.0000,0.0000,0.0000
2402088000,49.8727990661,8.6511852061,143.9912,-0.557374,-0.202099,94.326899,0.0000,0.0000,0.0000
2402188000,49.8727990545,8.6511852061,143.9850,-0.599798,-0.194996,94.229108,0.0000,0.0000,0.0000
2402288000,49.8727990496,8.6511852061,143.9940,-0.627685,-0.096834,94.256570,0.0000,0.0000,0.0000
2402388000,49.8727990842,8.6511851790,144.0088,-0.750728,-0.042896,94.370255,0.0000,0.0000,0.0000
2402488000,49.8727991078,8.6511851790,144.0174,-0.804141,-0.112638,94.367269,0.0000,0.0000,0.0000
2402588000,49.8727991237,8.6511851926,144.0226,-0.833416,-0.157733,94.360635,0.0000,0.0000,0.0000
2402688000,49.8727991165,8.6511851654,144.0257,-0.747847,-0.106090,94.325226,0.0000,0.0000,0.0000
2402788000,49.8727990962,8.6511851926,144.0148,-0.548205,-0.144734,94.323115,0.0000,0.0000,0.0000
2402888000,49.8727990820,8.6511851926,144.0093,-0.533052,-0.206391,94.330370,0.0000,0.0000,0.0000
2402988000,49.8727990814,8.6511851518,144.0114,-0.587865,-0.097387,94.384455,0.0000,0.0000,0.0000
2403088000,49.8727990606,8.6511851518,144.0111,-0.570297,-0.139821,94.433585,0.0000,0.0000,0.0000
2403188000,49.8727990858,8.6511851382,144.0205,-0.743333,-0.174221,94.556348,0.0000,0.0000,0.0000
2403288000,49.8727990929,8.6511851518,144.0248,-0.792789,-0.261499,94.574502,0.0000,0.0000,0.0000
2403388000,49.8727990924,8.6511851518,144.0278,-0.771296,-0.289145,94.462798,0.0000,0.0000,0.0000
2403488000,49.8727991286,8.6511852197,144.0093,-0.828735,-0.410414,94.265995,0.0000,0.0000,0.0000
2403588000,49.8727991028,8.6511851790,144.0110,-0.690442,-0.263717,94.317024,0.0000,0.0000,0.0000
2403688000,49.8727990842,8.6511851926,144.0062,-0.660672,-0.265042,94.282025,0.0000,0.0000,0.0000
2403790000,49.8727991056,8.6511852061,144.0088,-0.745197,-0.292826,94.264931,0.0000,0.0000,0.0000
2403888000,49.8727991017,8.6511852061,144.0066,-0.790021,-0.253544,94.233329,0.0000,0.0000,0.0000
2403988000,49.8727990962,8.6511851654,144.0134,-0.712180,-0.144666,94.305853,0.0000,0.0000,0.0000
2404088000,49.8727990847,8.6511851790,144.0114,-0.687595,-0.213073,94.339794,0.0000,0.0000,0.0000
2404188000,49.8727990891,8.6511851790,144.0117,-0.719965,-0.199068,94.388702,0.0000,0.0000,0.0000
2404288000,49.8727990792,8.6511852333,144.0014,-0.675605,-0.323617,94.303368,0.0000,0.0000,0.0000
2404388000,49.8727991248,8.6511852061,144.0098,-0.851949,-0.200588,94.254037,0.0000,0.0000,0.0000
2404488000,49.8727990946,8.6511851654,144.0129,-0.624318,-0.067269,94.345873,0.0000,0.0000,0.0000
2404588000,49.8727990743,8.6511851382,144.0147,-0.582752,-0.087115,94.506731,0.0000,0.0000,0.0000
2404688000,49.8727990880,8.6511851790,144.0093,-0.769430,-0.230416,94.455408,0.0000,0.0000,0.0000
2404792000,49.8727990973,8.6511852061,144.0102,-0.844683,-0.269750,94.361476,0.0000,0.0000,0.0000
2404888000,49.8727991050,8.6511851926,144.0148,-0.842008,-0.242558,94.413700,0.0000,0.0000,0.0000
2404988000,49.8727991160,8.6511852197,144.0159,-0.823850,-0.270066,94.427841,0.0000,0.0000,0.0000
2405090000,49.8727991012,8.6511851654,144.0188,-0.689445,-0.108223,94.482473,0.0000,0.0000,0.0000
2405190000,49.8727990929,8.6511851654,144.0159,-0.656174,-0.140430,94.510587,0.0000,0.0000,0.0000
2405288000,49.8727990831,8.6511851790,144.0122,-0.626213,-0.248125,94.476188,0.0000,0.0000,0.0000
2405388000,49.8727990573,8.6511851654,144.0106,-0.552110,-0.208596,94.517778,0.0000,0.0000,0.0000
2405488000,49.8727990787,8.6511851790,144.0111,-0.657569,-0.253958,94.504250,0.0000,0.0000,0.0000
2405588000,49.8727990913,8.6511851926,144.0069,-0.753362,-0.287473,94.490702,0.0000,0.0000,0.0000
2405691000,49.8727991319,8.6511852061,144.0115,-0.935593,-0.272982,94.452595,0.0000,0.0000,0.0000
2405790000,49.8727991100,8.6511852197,144.0102,-0.687976,-0.309230,94.427756,0.0000,0.0000,0.0000
2405888000,49.8727990924,8.6511851518,144.0197,-0.613815,-0.109724,94.489400,0.0000,0.0000,0.0000
2405988000,49.8727990831,8.6511851382,144.0209,-0.614793,-0.111044,94.541834,0.0000,0.0000,0.0000
2406088000,49.8727990907,8.6511851382,144.0255,-0.699846,-0.169412,94.570232,0.0000,0.0000,0.0000
2406188000,49.8727990704,8.6511851654,144.0117,-0.628411,-0.242155,94.591495,0.0000,0.0000,0.0000
2406288000,49.8727990468,8.6511851926,144.0017,-0.609281,-0.277926,94.591645,0.0000,0.0000,0.0000
2406388000,49.8727990139,8.6511852197,143.9980,-0.553550,-0.280951,94.654430,0.0000,0.0000,0.0000
2406492000,49.8727990820,8.6511851790,144.0128,-0.846212,-0.151343,94.626233,0.0000,0.0000,0.0000
2406588000,49.8727991143,8.6511851654,144.0227,-0.878067,-0.150597,94.584331,0.0000,0.0000,0.0000
2406688000,49.8727990814,8.6511851654,144.0153,-0.671604,-0.172939,94.608655,0.0000,0.0000,0.0000
2406788000,49.8727990929,8.6511851382,144.0218,-0.731581,-0.140946,94.615531,0.0000,0.0000,0.0000
2406888000,49.8727990973,8.6511851246,144.0232,-0.741073,-0.092725,94.688619,0.0000,0.0000,0.0000
2406992000,49.8727991198,8.6511852061,144.0064,-0.843590,-0.347800,94.463412,0.0000,0.0000,0.0000
2407088000,49.8727990688,8.6511851926,144.0074,-0.687527,-0.336767,94.508308,0.0000,0.0000,0.0000
2407188000,49.8727990595,8.6511851926,144.0036,-0.728223,-0.245880,94.546296,0.0000,0.0000,0.0000
2407288000,49.8727991297,8.6511852197,144.0051,-1.039149,-0.259801,94.424760,0.0000,0.0000,0.0000
2407388000,49.8727991533,8.6511852333,144.0062,-0.993830,-0.244446,94.379085,0.0000,0.0000,0.0000
2407489000,49.8727991072,8.6511852061,144.0093,-0.642302,-0.114552,94.346148,0.0000,0.0000,0.0000
2407588000,49.8727990589,8.6511851790,144.0091,-0.480114,-0.104436,94.443813,0.0000,0.0000,0.0000
2407688000,49.8727990754,8.6511851518,144.0179,-0.644513,-0.055479,94.506600,0.0000,0.0000,0.0000
2407788000,49.8727990918,8.6511851382,144.0240,-0.736934,-0.090027,94.573272,0.0000,0.0000,0.0000
2407888000,49.8727991001,8.6511851382,144.0253,-0.757933,-0.166368,94.580783,0.0000,0.0000,0.0000
2407988000,49.8727990951,8.6511851518,144.0270,-0.704975,-0.222039,94.553089,0.0000,0.0000,0.0000
2408088000,49.8727991039,8.6511851382,144.0284,-0.721521,-0.163602,94.591197,0.0000,0.0000,0.0000
2408188000,49.8727991023,8.6511852061,144.0092,-0.693983,-0.363295,94.421109,0.0000,0.0000,0.0000
2408289000,49.8727991050,8.6511851926,144.0104,-0.645452,-0.205446,94.423561,0.0000,0.0000,0.0000
2408388000,49.8727991121,8.6511851926,144.0122,-0.689051,-0.202857,94.392166,0.0000,0.0000,0.0000
2408488000,49.8727991138,8.6511851926,144.0133,-0.692457,-0.200560,94.388663,0.0000,0.0000,0.0000
2408588000,49.8727990847,8.6511851518,144.0127,-0.567641,-0.104309,94.468358,0.0000,0.0000,0.0000
2408688000,49.8727990721,8.6511851654,144.0105,-0.577507,-0.154574,94.489591,0.0000,0.0000,0.0000
2408789000,49.8727990907,8.6511851654,144.0158,-0.761725,-0.164994,94.517870,0.0000,0.0000,0.0000
2408889000,49.8727990918,8.6511851926,144.0063,-0.773966,-0.277984,94.480205,0.0000,0.0000,0.0000
2408988000,49.8727991061,8.6511851926,144.0076,-0.798073,-0.257693,94.462646,0.0000,0.0000,0.0000
2409088000,49.8727991072,8.6511852197,144.0043,-0.768498,-0.279629,94.364859,0.0000,0.0000,0.0000
2409188000,49.8727990962,8.6511852061,144.0044,-0.713255,-0.174625,94.332611,0.0000,0.0000,0.0000
2409288000,49.8727990414,8.6511851654,144.0079,-0.519394,-0.101394,94.464806,0.0000,0.0000,0.0000
2409390000,49.8727990869,8.6511851926,144.0116,-0.842420,-0.193731,94.476256,0.0000,0.0000,0.0000
2409488000,49.8727990699,8.6511851926,144.0042,-0.735583,-0.250267,94.431001,0.0000,0.0000,0.0000
2409588000,49.8727990595,8.6511852333,143.9960,-0.718532,-0.320693,94.399948,0.0000,0.0000,0.0000
2409688000,49.8727991067,8.6511851654,144.0168,-0.862478,-0.092245,94.426593,0.0000,0.0000,0.0000
2409788000,49.8727991264,8.6511852061,144.0196,-0.854741,-0.210992,94.385529,0.0000,0.0000,0.0000
2409888000,49.8727991006,8.6511851654,144.0174,-0.659212,-0.119513,94.437072,0.0000,0.0000,0.0000
2409988000,49.8727990770,8.6511852061,144.0050,-0.597359,-0.264294,94.402810,0.0000,0.0000,0.0000
2410093000,49.8727991143,8.6511852061,144.0101,-0.804336,-0.208523,94.388915,0.0000,0.0000,0.0000
2410191000,49.8727990436,8.6511851790,144.0059,-0.499507,-0.173930,94.489571,0.0000,0.0000,0.0000
2410288000,49.8727990721,8.6511851654,144.0112,-0.738811,-0.148873,94.545693,0.0000,0.0000,0.0000
2410388000,49.8727990973,8.6511851790,144.0124,-0.915811,-0.188445,94.532259,0.0000,0.0000,0.0000
2410488000,49.8727991352,8.6511851926,144.0179,-1.001137,-0.201374,94.494067,0.0000,0.0000,0.0000
2410591000,49.8727990798,8.6511851790,144.0084,-0.646130,-0.208048,94.500471,0.0000,0.0000,0.0000
2410688000,49.8727990918,8.6511851654,144.0152,-0.753773,-0.162061,94.545799,0.0000,0.0000,0.0000
2410790000,49.8727991083,8.6511851926,144.0107,-0.795240,-0.265460,94.431237,0.0000,0.0000,0.0000
2410888000,49.8727990913,8.6511851790,144.0123,-0.758874,-0.194637,94.469131,0.0000,0.0000,0.0000
2410988000,49.8727990946,8.6511851926,144.0050,-0.763762,-0.199218,94.409751,0.0000,0.0000,0.0000
2411088000,49.8727991001,8.6511851654,144.0136,-0.755294,-0.103648,94.437068,0.0000,0.0000,0.0000
2411188000,49.8727990726,8.6511851654,144.0129,-0.611756,-0.145918,94.507067,0.0000,0.0000,0.0000
2411288000,49.8727991056,8.6511851926,144.0113,-0.743922,-0.192705,94.469093,0.0000,0.0000,0.0000
2411388000,49.8727990853,8.6511852061,144.0016,-0.628776,-0.239478,94.399251,0.0000,0.0000,0.0000
2411488000,49.8727990869,8.6511851654,144.0010,-0.663120,-0.096771,94.408983,0.0000,0.0000,0.0000
2411588000,49.8727990737,8.6511851654,143.9907,-0.646433,-0.188649,94.350066,0.0000,0.0000,0.0000
2411688000,49.8727990677,8.6511851790,143.9836,-0.671488,-0.215479,94.274772,0.0000,0.0000,0.0000
2411788000,49.8727990501,8.6511851926,143.9959,-0.651249,-0.117805,94.298635,0.0000,0.0000,0.0000
2411888000,49.8727990831,8.6511851790,144.0077,-0.860579,-0.100917,94.374227,0.0000,0.0000,0.0000
2411988000,49.8727991111,8.6511851926,144.0153,-0.966587,-0.173027,94.371434,0.0000,0.0000,0.0000
2412089000,49.8727991006,8.6511851518,144.0228,-0.811097,-0.098264,94.444071,0.0000,0.0000,0.0000
2412191000,49.8727991187,8.6511851790,144.0232,-0.843856,-0.221330,94.434520,0.0000,0.0000,0.0000
2412288000,49.8727990880,8.6511851654,144.0166,-0.685058,-0.141017,94.496646,0.0000,0.0000,0.0000
2412388000,49.8727991034,8.6511851790,144.0138,-0.770942,-0.178610,94.472538,0.0000,0.0000,0.0000
2412488000,49.8727990479,8.6511851926,144.0040,-0.486741,-0.281372,94.524958,0.0000,0.0000,0.0000
2412588000,49.8727990869,8.6511851518,144.0170,-0.719040,-0.156526,94.584159,0.0000,0.0000,0.0000
2412688000,49.8727990880,8.6511851518,144.0176,-0.734297,-0.187460,94.594863,0.0000,0.0000,0.0000
2412788000,49.8727990924,8.6511851518,144.0139,-0.760460,-0.217273,94.609083,0.0000,0.0000,0.0000
2412888000,49.8727990787,8.6511851790,144.0099,-0.676347,-0.318050,94.529135,0.0000,0.0000,0.0000
2412991000,49.8727991325,8.6511852197,144.0073,-0.877770,-0.331909,94.393489,0.0000,0.0000,0.0000
2413088000,49.8727990710,8.6511851926,144.0067,-0.573634,-0.259072,94.448167,0.0000,0.0000,0.0000
2413188000,49.8727990748,8.6511852061,144.0049,-0.588094,-0.264393,94.367836,0.0000,0.0000,0.0000
2413288000,49.8727990869,8.6511852197,144.0022,-0.688086,-0.283112,94.306654,0.0000,0.0000,0.0000
2413388000,49.8727991072,8.6511852061,144.0056,-0.768242,-0.219707,94.247030,0.0000,0.0000,0.0000
2413488000,49.8727990776,8.6511851790,144.0085,-0.642456,-0.163438,94.291895,0.0000,0.0000,0.0000
2413588000,49.8727990957,8.6511851654,144.0145,-0.759077,-0.123492,94.391764,0.0000,0.0000,0.0000
2413688000,49.8727990803,8.6511851518,144.0135,-0.702045,-0.083784,94.471850,0.0000,0.0000,0.0000
2413788000,49.8727991100,8.6511851790,144.0137,-0.877621,-0.189531,94.430846,0.0000,0.0000,0.0000
2413888000,49.8727991368,8.6511852061,144.0142,-0.911339,-0.237920,94.385848,0.0000,0.0000,0.0000
2413988000,49.8727991346,8.6511852333,144.0166,-0.780990,-0.283000,94.410352,0.0000,0.0000,0.0000
2414088000,49.8727990414,8.6511852061,143.9999,-0.367365,-0.227334,94.426628,0.0000,0.0000,0.0000
2414188000,49.8727990298,8.6511852061,143.9983,-0.450433,-0.244180,94.500258,0.0000,0.0000,0.0000
2414288000,49.8727990809,8.6511851518,144.0150,-0.669455,-0.110599,94.527904,0.0000,0.0000,0.0000
2414388000,49.8727990962,8.6511851382,144.0263,-0.757626,-0.104965,94.538437,0.0000,0.0000,0.0000
2414488000,49.8727990946,8.6511851382,144.0279,-0.737496,-0.136226,94.598033,0.0000,0.0000,0.0000
2414590000,49.8727991143,8.6511852061,144.0133,-0.810042,-0.319042,94.445631,0.0000,0.0000,0.0000
2414689000,49.8727990979,8.6511851926,144.0105,-0.760037,-0.279600,94.483677,0.0000,0.0000,0.0000
2414788000,49.8727991023,8.6511851654,144.0190,-0.777160,-0.212405,94.518214,0.0000,0.0000,0.0000
2414888000,49.8727990737,8.6511851654,144.0122,-0.639753,-0.176495,94.573678,0.0000,0.0000,0.0000
2414988000,49.8727990622,8.6511851654,144.0070,-0.634744,-0.203359,94.598283,0.0000,0.0000,0.0000
2415088000,49.8727990809,8.6511851654,144.0113,-0.711689,-0.180688,94.580805,0.0000,0.0000,0.0000
2415188000,49.8727991176,8.6511851926,144.0170,-0.886234,-0.259184,94.532758,0.0000,0.0000,0.0000
2415288000,49.8727991363,8.6511852197,144.0140,-0.900640,-0.262199,94.466407,0.0000,0.0000,0.0000
2415388000,49.8727990968,8.6511851654,144.0148,-0.672593,-0.158585,94.475763,0.0000,0.0000,0.0000
2415488000,49.8727991248,8.6511851926,144.0142,-0.820413,-0.216851,94.392499,0.0000,0.0000,0.0000
2415588000,49.8727990979,8.6511851518,144.0217,-0.680151,-0.117806,94.440579,0.0000,0.0000,0.0000
2415688000,49.8727990622,8.6511851654,144.0115,-0.562449,-0.180762,94.556105,0.0000,0.0000,0.0000
2415788000,49.8727990770,8.6511851518,144.0144,-0.663984,-0.135297,94.625899,0.0000,0.0000,0.0000
2415888000,49.8727990430,8.6511852061,144.0033,-0.604754,-0.327458,94.609369,0.0000,0.0000,0.0000
2415988000,49.8727990781,8.6511851790,144.0080,-0.739936,-0.230026,94.591652,0.0000,0.0000,0.0000
2416088000,49.8727991061,8.6511851926,144.0107,-0.876112,-0.227689,94.469582,0.0000,0.0000,0.0000
2416188000,49.8727990781,8.6511851926,144.0047,-0.704838,-0.144786,94.451256,0.0000,0.0000,0.0000
2416288000,49.8727990770,8.6511851518,144.0076,-0.730961,-0.028549,94.499480,0.0000,0.0000,0.0000
2416388000,49.8727990951,8.6511851382,144.0208,-0.806009,-0.089082,94.548855,0.0000,0.0000,0.0000
2416488000,49.8727991138,8.6511852061,144.0084,-0.837820,-0.287846,94.316151,0.0000,0.0000,0.0000
2416588000,49.8727990864,8.6511851654,144.0123,-0.726092,-0.083843,94.443907,0.0000,0.0000,0.0000
2416688000,49.8727990864,8.6511851518,144.0131,-0.738317,-0.196058,94.441143,0.0000,0.0000,0.0000
2416788000,49.8727990759,8.6511851654,144.0055,-0.691286,-0.255821,94.483365,0.0000,0.0000,0.0000
2416888000,49.8727990968,8.6511851654,144.0134,-0.818349,-0.245314,94.553475,0.0000,0.0000,0.0000
2416991000,49.8727990726,8.6511851654,144.0111,-0.658880,-0.192781,94.633213,0.0000,0.0000,0.0000
2417088000,49.8727990940,8.6511851518,144.0217,-0.753432,-0.150008,94.650565,0.0000,0.0000,0.0000
2417188000,49.8727990748,8.6511851926,144.0122,-0.614620,-0.268211,94.609080,0.0000,0.0000,0.0000
2417290000,49.8727990929,8.6511851654,144.0169,-0.719996,-0.178626,94.629732,0.0000,0.0000,0.0000
2417392000,49.8727990935,8.6511851790,144.0169,-0.724073,-0.259977,94.591810,0.0000,0.0000,0.0000
2417488000,49.8727990957,8.6511851654,144.0183,-0.702643,-0.161277,94.612125,0.0000,0.0000,0.0000
2417591000,49.8727991160,8.6511851790,144.0197,-0.774738,-0.215232,94.567158,0.0000,0.0000,0.0000
2417688000,49.8727990995,8.6511851790,144.0162,-0.682623,-0.199082,94.552909,0.0000,0.0000,0.0000
2417788000,49.8727991017,8.6511851654,144.0182,-0.676087,-0.144758,94.552577,0.0000,0.0000,0.0000
2417888000,49.8727990962,8.6511851654,144.0172,-0.668153,-0.143064,94.559547,0.0000,0.0000,0.0000
2417988000,49.8727991034,8.6511851926,144.0148,-0.737353,-0.212158,94.528623,0.0000,0.0000,0.0000
2418088000,49.8727991154,8.6511852197,144.0072,-0.791759,-0.231880,94.434492,0.0000,0.0000,0.0000
2418188000,49.8727991023,8.6511851790,144.0157,-0.711125,-0.091929,94.485888,0.0000,0.0000,0.0000
2418288000,49.8727990836,8.6511851654,144.0091,-0.648615,-0.171734,94.482794,0.0000,0.0000,0.0000
2418388000,49.8727990392,8.6511852197,143.9986,-0.489048,-0.311100,94.458684,0.0000,0.0000,0.0000
2418488000,49.8727990995,8.6511851926,144.0051,-0.843108,-0.203948,94.392447,0.0000,0.0000,0.0000
2418588000,49.8727991429,8.6511852197,144.0105,-0.947373,-0.221631,94.336852,0.0000,0.0000,0.0000
2418688000,49.8727991467,8.6511852197,144.0173,-0.841457,-0.232695,94.329737,0.0000,0.0000,0.0000
2418788000,49.8727990655,8.6511851654,144.0104,-0.443262,-0.112935,94.454298,0.0000,0.0000,0.0000
2418888000,49.8727990622,8.6511851518,144.0090,-0.537610,-0.105989,94.569695,0.0000,0.0000,0.0000
2418988000,49.8727990962,8.6511852061,144.0084,-0.745657,-0.239399,94.427457,0.0000,0.0000,0.0000
2419091000,49.8727990858,8.6511852061,144.0023,-0.678448,-0.246424,94.381919,0.0000,0.0000,0.0000
2419188000,49.8727990024,8.6511852333,143.9949,-0.394161,-0.285527,94.444357,0.0000,0.0000,0.0000
2419288000,49.8727991067,8.6511851654,144.0179,-0.895556,-0.121403,94.437334,0.0000,0.0000,0.0000
2419388000,49.8727990847,8.6511851790,144.0120,-0.716389,-0.195989,94.413143,0.0000,0.0000,0.0000
2419488000,49.8727990990,8.6511851926,144.0135,-0.785508,-0.240507,94.424053,0.0000,0.0000,0.0000
2419588000,49.8727990897,8.6511851790,144.0137,-0.728998,-0.181565,94.437540,0.0000,0.0000,0.0000
2419688000,49.8727990875,8.6511851518,144.0162,-0.691563,-0.127988,94.510555,0.0000,0.0000,0.0000
2419788000,49.8727991209,8.6511852061,144.0129,-0.845201,-0.281311,94.393021,0.0000,0.0000,0.0000
2419888000,49.8727990957,8.6511851654,144.0146,-0.638377,-0.157472,94.444253,0.0000,0.0000,0.0000
2419988000,49.8727990995,8.6511851654,144.0152,-0.711149,-0.230319,94.413347,0.0000,0.0000,0.0000
2420088000,49.8727990787,8.6511851654,144.0112,-0.654712,-0.194128,94.465456,0.0000,0.0000,0.0000
2420191000,49.8727990842,8.6511851518,144.0101,-0.723419,-0.171321,94.482904,0.0000,0.0000,0.0000
2420288000,49.8727990820,8.6511851790,144.0108,-0.692892,-0.251538,94.493828,0.0000,0.0000,0.0000
2420388000,49.8727990995,8.6511852061,144.0037,-0.722812,-0.316196,94.427894,0.0000,0.0000,0.0000
2420488000,49.8727990891,8.6511851518,144.0170,-0.689481,-0.130565,94.514064,0.0000,0.0000,0.0000
2420588000,49.8727990869,8.6511851518,144.0184,-0.704063,-0.166463,94.542261,0.0000,0.0000,0.0000
2420688000,49.8727990842,8.6511852061,144.0104,-0.744479,-0.306175,94.494297,0.0000,0.0000,0.0000
2420788000,49.8727990732,8.6511852061,144.0051,-0.704441,-0.289850,94.487099,0.0000,0.0000,0.0000
2420888000,49.8727990990,8.6511852197,144.0026,-0.764210,-0.289217,94.427828,0.0000,0.0000,0.0000
2420988000,49.8727991089,8.6511852333,143.9987,-0.766023,-0.279521,94.427768,0.0000,0.0000,0.0000
2421088000,49.8727990556,8.6511852469,143.9897,-0.565083,-0.255237,94.334163,0.0000,0.0000,0.0000
2421190000,49.8727990441,8.6511852469,143.9860,-0.581020,-0.219051,94.236186,0.0000,0.0000,0.0000
2421290000,49.8727990490,8.6511851926,143.9968,-0.649998,0.008824,94.259483,0.0000,0.0000,0.0000
2421390000,49.8727990644,8.6511851518,144.0054,-0.714621,0.043503,94.355721,0.0000,0.0000,0.0000
2421488000,49.8727990913,8.6511851790,144.0092,-0.772862,-0.072671,94.363473,0.0000,0.0000,0.0000
2421588000,49.8727991012,8.6511851654,144.0191,-0.806886,-0.092185,94.398586,0.0000,0.0000,0.0000
2421689000,49.8727990759,8.6511851790,144.0060,-0.639868,-0.209299,94.399106,0.0000,0.0000,0.0000
2421788000,49.8727991116,8.6511851926,144.0144,-0.805092,-0.191717,94.441227,0.0000,0.0000,0.0000
2421888000,49.8727990990,8.6511851518,144.0240,-0.736223,-0.129868,94.472171,0.0000,0.0000,0.0000
2421988000,49.8727991072,8.6511851110,144.0272,-0.760568,-0.002517,94.583194,0.0000,0.0000,0.0000
2422088000,49.8727991039,8.6511851110,144.0259,-0.745816,-0.090666,94.706083,0.0000,0.0000,0.0000
2422188000,49.8727990968,8.6511851654,144.0165,-0.715357,-0.195221,94.594881,0.0000,0.0000,0.0000
2422288000,49.8727990990,8.6511851790,144.0121,-0.731222,-0.209923,94.574032,0.0000,0.0000,0.0000
2422388000,49.8727991105,8.6511851926,144.0105,-0.751428,-0.229700,94.437891,0.0000,0.0000,0.0000
2422488000,49.8727990918,8.6511852061,144.0038,-0.701001,-0.207079,94.378232,0.0000,0.0000,0.0000
2422588000,49.8727991231,8.6511852197,144.0082,-0.848007,-0.197148,94.339974,0.0000,0.0000,0.0000
2422691000,49.8727990935,8.6511851790,144.0136,-0.695562,-0.167015,94.398951,0.0000,0.0000,0.0000
2422788000,49.8727990990,8.6511852061,144.0078,-0.728597,-0.255688,94.343636,0.0000,0.0000,0.0000
2422888000,49.8727991281,8.6511852061,144.0102,-0.834681,-0.239398,94.315791,0.0000,0.0000,0.0000
2422988000,49.8727991034,8.6511851790,144.0139,-0.647142,-0.124291,94.319631,0.0000,0.0000,0.0000
2423088000,49.8727990600,8.6511851654,144.0071,-0.532960,-0.148414,94.402122,0.0000,0.0000,0.0000
2423188000,49.8727990973,8.6511851790,144.0094,-0.677307,-0.193874,94.378111,0.0000,0.0000,0.0000
2423288000,49.8727991341,8.6511851926,144.0157,-0.822364,-0.213215,94.340045,0.0000,0.0000,0.0000
2423388000,49.8727990979,8.6511851518,144.0250,-0.648406,-0.136278,94.370745,0.0000,0.0000,0.0000
2423489000,49.8727990831,8.6511851518,144.0297,-0.610803,-0.157512,94.333744,0.0000,0.0000,0.0000
2423589000,49.8727990699,8.6511852197,144.0056,-0.554900,-0.265868,94.295760,0.0000,0.0000,0.0000
2423688000,49.8727990276,8.6511852197,143.9966,-0.515425,-0.286651,94.364273,0.0000,0.0000,0.0000
2423788000,49.8727990145,8.6511852605,143.9903,-0.591081,-0.333100,94.343729,0.0000,0.0000,0.0000
2423888000,49.8727990886,8.6511851790,144.0043,-0.892903,-0.053550,94.384373,0.0000,0.0000,0.0000
2423988000,49.8727990759,8.6511851518,144.0064,-0.767066,-0.045921,94.454168,0.0000,0.0000,0.0000
2424090000,49.8727991028,8.6511851654,144.0158,-0.853350,-0.149785,94.444491,0.0000,0.0000,0.0000
2424188000,49.8727991121,8.6511851518,144.0229,-0.789771,-0.145945,94.454867,0.0000,0.0000,0.0000
2424289000,49.8727991001,8.6511851382,144.0236,-0.653553,-0.139459,94.545528,0.0000,0.0000,0.0000
2424388000,49.8727990984,8.6511851382,144.0222,-0.641391,-0.195443,94.577281,0.0000,0.0000,0.0000
2424488000,49.8727990924,8.6511851926,144.0084,-0.631380,-0.311689,94.497520,0.0000,0.0000,0.0000
2424588000,49.8727990968,8.6511851790,144.0132,-0.635933,-0.248407,94.514657,0.0000,0.0000,0.0000
2424688000,49.8727991182,8.6511851926,144.0164,-0.739324,-0.242104,94.486879,0.0000,0.0000,0.0000
2424788000,49.8727990655,8.6511851926,144.0055,-0.549761,-0.240192,94.472489,0.0000,0.0000,0.0000
2424888000,49.8727990984,8.6511852333,144.0031,-0.662606,-0.303074,94.310200,0.0000,0.0000,0.0000
2424988000,49.8727991215,8.6511852197,144.0089,-0.771472,-0.198854,94.322377,0.0000,0.0000,0.0000
2425088000,49.8727991176,8.6511852197,144.0066,-0.724774,-0.166936,94.271071,0.0000,0.0000,0.0000
2425188000,49.8727990672,8.6511851518,144.0120,-0.481005,-0.037819,94.370133,0.0000,0.0000,0.0000
2425288000,49.8727990880,8.6511851518,144.0250,-0.654922,-0.087997,94.429897,0.0000,0.0000,0.0000
2425388000,49.8727990886,8.6511851518,144.0191,-0.671822,-0.138536,94.486130,0.0000,0.0000,0.0000
2425488000,49.8727990814,8.6511851926,144.0079,-0.698470,-0.215462,94.490126,0.0000,0.0000,0.0000
2425588000,49.8727990957,8.6511851926,144.0049,-0.793132,-0.189737,94.399250,0.0000,0.0000,0.0000
2425688000,49.8727990534,8.6511851654,144.0084,-0.576914,-0.138468,94.520965,0.0000,0.0000,0.0000
2425788000,49.8727990951,8.6511851382,144.0195,-0.759671,-0.145310,94.545696,0.0000,0.0000,0.0000
2425888000,49.8727990962,8.6511851246,144.0206,-0.738285,-0.145760,94.573632,0.0000,0.0000,0.0000
2425988000,49.8727991149,8.6511852061,144.0154,-0.804447,-0.375992,94.466986,0.0000,0.0000,0.0000
2426088000,49.8727990715,8.6511851926,144.0052,-0.583815,-0.296814,94.434402,0.0000,0.0000,0.0000
2426191000,49.8727990468,8.6511852061,144.0013,-0.497000,-0.325056,94.448280,0.0000,0.0000,0.0000
2426288000,49.8727991056,8.6511852061,144.0063,-0.855358,-0.247382,94.431241,0.0000,0.0000,0.0000
2426388000,49.8727990842,8.6511851518,144.0117,-0.694952,-0.102156,94.545353,0.0000,0.0000,0.0000
2426488000,49.8727990968,8.6511851382,144.0215,-0.719368,-0.076638,94.622101,0.0000,0.0000,0.0000
2426588000,49.8727991001,8.6511851246,144.0239,-0.723597,-0.094604,94.625713,0.0000,0.0000,0.0000
2426688000,49.8727990951,8.6511851382,144.0259,-0.698876,-0.185827,94.647217,0.0000,0.0000,0.0000
2426788000,49.8727990973,8.6511851518,144.0248,-0.710901,-0.225416,94.605545,0.0000,0.0000,0.0000
2426888000,49.8727990951,8.6511852061,144.0140,-0.702067,-0.363231,94.487543,0.0000,0.0000,0.0000
2426988000,49.8727991308,8.6511852061,144.0128,-0.870675,-0.291748,94.445592,0.0000,0.0000,0.0000
2427088000,49.8727990650,8.6511852197,144.0016,-0.424842,-0.317037,94.416589,0.0000,0.0000,0.0000
2427188000,49.8727991045,8.6511851926,144.0087,-0.674864,-0.220664,94.395741,0.0000,0.0000,0.0000
2427288000,49.8727990853,8.6511851790,144.0070,-0.575793,-0.182078,94.384870,0.0000,0.0000,0.0000
2427388000,49.8727990803,8.6511851654,144.0117,-0.618592,-0.179379,94.398905,0.0000,0.0000,0.0000
2427488000,49.8727990869,8.6511852197,144.0028,-0.712718,-0.311136,94.292913,0.0000,0.0000,0.0000
2427588000,49.8727990831,8.6511851926,143.9978,-0.688314,-0.162871,94.264005,0.0000,0.0000,0.0000
2427688000,49.8727991017,8.6511851654,144.0123,-0.696964,-0.033170,94.328231,0.0000,0.0000,0.0000
2427788000,49.8727990759,8.6511851790,144.0090,-0.619104,-0.113788,94.367093,0.0000,0.0000,0.0000
2427888000,49.8727991187,8.6511851926,144.0154,-0.779278,-0.161978,94.329130,0.0000,0.0000,0.0000
2427988000,49.8727991056,8.6511851654,144.0224,-0.668594,-0.092102,94.367016,0.0000,0.0000,0.0000
2428088000,49.8727991111,8.6511851790,144.0229,-0.697441,-0.172272,94.350050,0.0000,0.0000,0.0000
2428188000,49.8727991072,8.6511852197,144.0108,-0.629482,-0.294957,94.303080,0.0000,0.0000,0.0000
2428288000,49.8727990792,8.6511852333,143.9990,-0.514923,-0.288877,94.229386,0.0000,0.0000,0.0000
2428388000,49.8727990496,8.6511851926,143.9985,-0.501441,-0.126260,94.367031,0.0000,0.0000,0.0000
2428488000,49.8727990595,8.6511851926,144.0028,-0.625535,-0.132423,94.395164,0.0000,0.0000,0.0000
2428588000,49.8727991034,8.6511851790,144.0152,-0.812090,-0.114657,94.363796,0.0000,0.0000,0.0000
2428688000,49.8727991182,8.6511851790,144.0207,-0.837182,-0.165239,94.346713,0.0000,0.0000,0.0000
2428788000,49.8727991176,8.6511852197,144.0132,-0.738378,-0.272345,94.292733,0.0000,0.0000,0.0000
2428890000,49.8727990787,8.6511851926,144.0061,-0.586240,-0.156999,94.295275,0.0000,0.0000,0.0000
2428988000,49.8727990650,8.6511851790,144.0063,-0.579368,-0.124135,94.337025,0.0000,0.0000,0.0000
2429088000,49.8727990957,8.6511851654,144.0133,-0.747029,-0.083819,94.356539,0.0000,0.0000,0.0000
2429188000,49.8727990875,8.6511851926,144.0031,-0.682373,-0.212459,94.309713,0.0000,0.0000,0.0000
2429288000,49.8727990765,8.6511852061,144.0036,-0.650365,-0.236742,94.250395,0.0000,0.0000,0.0000
2429389000,49.8727990853,8.6511851790,144.0043,-0.714217,-0.153685,94.267479,0.0000,0.0000,0.0000
2429488000,49.8727990962,8.6511851518,144.0184,-0.752034,-0.100054,94.370631,0.0000,0.0000,0.0000
2429588000,49.8727990924,8.6511851382,144.0185,-0.724281,-0.126483,94.475631,0.0000,0.0000,0.0000
2429688000,49.8727990907,8.6511851382,144.0155,-0.715590,-0.170403,94.538807,0.0000,0.0000,0.0000
2429788000,49.8727991078,8.6511852061,144.0053,-0.775335,-0.377986,94.372532,0.0000,0.0000,0.0000
2429888000,49.8727991006,8.6511851926,144.0099,-0.717737,-0.254677,94.396037,0.0000,0.0000,0.0000
2429988000,49.8727991072,8.6511851790,144.0153,-0.698185,-0.213531,94.378266,0.0000,0.0000,0.0000
2430088000,49.8727991017,8.6511851654,144.0188,-0.668587,-0.158330,94.433813,0.0000,0.0000,0.0000
2430188000,49.8727990984,8.6511851654,144.0175,-0.683780,-0.200402,94.434085,0.0000,0.0000,0.0000
2430288000,49.8727990886,8.6511852061,144.0091,-0.674803,-0.274080,94.427513,0.0000,0.0000,0.0000
2430388000,49.8727990979,8.6511851790,144.0127,-0.727399,-0.150997,94.454819,0.0000,0.0000,0.0000
2430488000,49.8727991275,8.6511852061,144.0116,-0.824192,-0.234763,94.406616,0.0000,0.0000,0.0000
2430588000,49.8727991242,8.6511852197,144.0084,-0.681644,-0.264074,94.336591,0.0000,0.0000,0.0000
2430688000,49.8727990600,8.6511852469,143.9941,-0.386268,-0.316140,94.232647,0.0000,0.0000,0.0000
2430788000,49.8727990655,8.6511851654,143.9873,-0.521531,-0.066081,94.168989,0.0000,0.0000,0.0000
2430888000,49.8727990573,8.6511851654,144.0020,-0.570085,-0.021569,94.380567,0.0000,0.0000,0.0000
2430988000,49.8727990584,8.6511851654,144.0017,-0.656089,-0.085170,94.380948,0.0000,0.0000,0.0000
2431088000,49.8727991335,8.6511851926,144.0175,-1.048654,-0.192103,94.347264,0.0000,0.0000,0.0000
2431188000,49.8727991034,8.6511851382,144.0261,-0.788960,-0.091418,94.450995,0.0000,0.0000,0.0000
2431288000,49.8727991023,8.6511851926,144.0205,-0.757398,-0.272774,94.406730,0.0000,0.0000,0.0000
2431388000,49.8727990973,8.6511851518,144.0220,-0.708317,-0.167271,94.437419,0.0000,0.0000,0.0000
2431488000,49.8727990973,8.6511851246,144.0219,-0.705722,-0.108512,94.562876,0.0000,0.0000,0.0000
2431591000,49.8727990655,8.6511851654,144.0067,-0.697902,-0.251684,94.581215,0.0000,0.0000,0.0000
2431688000,49.8727990666,8.6511851654,144.0109,-0.684415,-0.248857,94.668538,0.0000,0.0000,0.0000
2431788000,49.8727990737,8.6511851926,144.0009,-0.806933,-0.277514,94.550182,0.0000,0.0000,0.0000
2431888000,49.8727990842,8.6511851926,144.0071,-0.775538,-0.261421,94.494077,0.0000,0.0000,0.0000
2431988000,49.8727991335,8.6511852061,144.0140,-0.985807,-0.236434,94.455895,0.0000,0.0000,0.0000
2432089000,49.8727990803,8.6511851926,144.0101,-0.638052,-0.204642,94.461991,0.0000,0.0000,0.0000
2432188000,49.8727990803,8.6511852061,144.0088,-0.664269,-0.226892,94.448186,0.0000,0.0000,0.0000
2432288000,49.8727990995,8.6511852061,144.0047,-0.790192,-0.240785,94.357653,0.0000,0.0000,0.0000
2432388000,49.8727991286,8.6511852197,144.0090,-0.864507,-0.218147,94.315693,0.0000,0.0000,0.0000
2432489000,49.8727990924,8.6511851654,144.0141,-0.604012,-0.073726,94.366867,0.0000,0.0000,0.0000
2432588000,49.8727990650,8.6511851790,144.0052,-0.563077,-0.135114,94.402096,0.0000,0.0000,0.0000
2432690000,49.8727990540,8.6511851654,144.0077,-0.598272,-0.091846,94.531233,0.0000,0.0000,0.0000
2432788000,49.8727990820,8.6511851382,144.0165,-0.712056,-0.080302,94.590666,0.0000,0.0000,0.0000
2432888000,49.8727990825,8.6511851246,144.0196,-0.715849,-0.086931,94.625658,0.0000,0.0000,0.0000
2432988000,49.8727991215,8.6511852061,144.0146,-0.931364,-0.318003,94.505377,0.0000,0.0000,0.0000
2433088000,49.8727991357,8.6511852197,144.0132,-0.898272,-0.306511,94.407330,0.0000,0.0000,0.0000
2433188000,49.8727990951,8.6511851790,144.0140,-0.581305,-0.107111,94.457899,0.0000,0.0000,0.0000
2433288000,49.8727990584,8.6511851790,144.0038,-0.463942,-0.149280,94.464951,0.0000,0.0000,0.0000
2433388000,49.8727990178,8.6511851790,144.0026,-0.422359,-0.190789,94.534951,0.0000,0.0000,0.0000
2433491000,49.8727990748,8.6511851382,144.0188,-0.743500,-0.112257,94.562936,0.0000,0.0000,0.0000
2433588000,49.8727991242,8.6511852061,144.0140,-0.917075,-0.318094,94.400483,0.0000,0.0000,0.0000
2433688000,49.8727990748,8.6511851926,144.0105,-0.672817,-0.231666,94.472697,0.0000,0.0000,0.0000
2433789000,49.8727991226,8.6511851926,144.0181,-0.886764,-0.211464,94.420545,0.0000,0.0000,0.0000
2433888000,49.8727991072,8.6511851382,144.0240,-0.734977,-0.053227,94.464688,0.0000,0.0000,0.0000
2433988000,49.8727990765,8.6511851654,144.0106,-0.562471,-0.183552,94.500199,0.0000,0.0000,0.0000
2434088000,49.8727990951,8.6511851790,144.0144,-0.729396,-0.212084,94.486667,0.0000,0.0000,0.0000
2434191000,49.8727990765,8.6511851790,144.0089,-0.676703,-0.240600,94.490233,0.0000,0.0000,0.0000
2434288000,49.8727991089,8.6511852061,144.0099,-0.753905,-0.260543,94.424118,0.0000,0.0000,0.0000
2434389000,49.8727991017,8.6511851654,144.0206,-0.715771,-0.144296,94.461753,0.0000,0.0000,0.0000
2434489000,49.8727990721,8.6511851926,144.0093,-0.587432,-0.252267,94.476125,0.0000,0.0000,0.0000
2434588000,49.8727990864,8.6511851518,144.0165,-0.677790,-0.177542,94.528308,0.0000,0.0000,0.0000
2434688000,49.8727990792,8.6511851382,144.0181,-0.666136,-0.158089,94.566622,0.0000,0.0000,0.0000
2434788000,49.8727990990,8.6511851654,144.0181,-0.763741,-0.226647,94.528769,0.0000,0.0000,0.0000
2434888000,49.8727990606,8.6511851790,144.0095,-0.656496,-0.243833,94.598554,0.0000,0.0000,0.0000
2434988000,49.8727990628,8.6511852061,144.0051,-0.645682,-0.314213,94.570968,0.0000,0.0000,0.0000
2435088000,49.8727990803,8.6511851654,144.0132,-0.694337,-0.160979,94.626091,0.0000,0.0000,0.0000
2435188000,49.8727990639,8.6511851790,144.0060,-0.676807,-0.245791,94.647535,0.0000,0.0000,0.0000
2435288000,49.8727990715,8.6511851518,144.0098,-0.693847,-0.177318,94.731028,0.0000,0.0000,0.0000
2435388000,49.8727990704,8.6511851790,144.0063,-0.743373,-0.302028,94.634064,0.0000,0.0000,0.0000
2435488000,49.8727990990,8.6511852061,144.0062,-0.821995,-0.315687,94.543503,0.0000,0.0000,0.0000
2435588000,49.8727990770,8.6511851654,144.0111,-0.653116,-0.170183,94.608611,0.0000,0.0000,0.0000
2435688000,49.8727990386,8.6511852197,143.9999,-0.556455,-0.372403,94.539551,0.0000,0.0000,0.0000
2435788000,49.8727991023,8.6511852061,144.0060,-0.947932,-0.228459,94.487207,0.0000,0.0000,0.0000
2435888000,49.8727990973,8.6511851654,144.0161,-0.805471,-0.064467,94.552176,0.0000,0.0000,0.0000
2435988000,49.8727990979,8.6511851382,144.0220,-0.767301,-0.082915,94.604702,0.0000,0.0000,0.0000
2436088000,49.8727990886,8.6511851518,144.0185,-0.712552,-0.146810,94.605059,0.0000,0.0000,0.0000
2436188000,49.8727990951,8.6511851382,144.0211,-0.723258,-0.139639,94.650460,0.0000,0.0000,0.0000
2436288000,49.8727990940,8.6511851382,144.0213,-0.717461,-0.188397,94.710167,0.0000,0.0000,0.0000
2436388000,49.8727991121,8.6511851926,144.0161,-0.798761,-0.310750,94.599323,0.0000,0.0000,0.0000
2436488000,49.8727991111,8.6511851790,144.0170,-0.783667,-0.250491,94.605859,0.0000,0.0000,0.0000
2436588000,49.8727990940,8.6511851926,144.0089,-0.701690,-0.270411,94.570853,0.0000,0.0000,0.0000
2436688000,49.8727991116,8.6511852061,144.0108,-0.749563,-0.254198,94.549891,0.0000,0.0000,0.0000
2436788000,49.8727991209,8.6511852197,144.0083,-0.791110,-0.234557,94.493927,0.0000,0.0000,0.0000
2436888000,49.8727990929,8.6511851790,144.0113,-0.642640,-0.130283,94.503523,0.0000,0.0000,0.0000
2436988000,49.8727991067,8.6511851926,144.0151,-0.717777,-0.163361,94.426922,0.0000,0.0000,0.0000
2437088000,49.8727990940,8.6511851654,144.0142,-0.630271,-0.117899,94.437033,0.0000,0.0000,0.0000
2437188000,49.8727990913,8.6511851654,144.0143,-0.626213,-0.126299,94.430085,0.0000,0.0000,0.0000
2437288000,49.8727990907,8.6511851790,144.0114,-0.655969,-0.206174,94.416594,0.0000,0.0000,0.0000
2437388000,49.8727990946,8.6511851926,144.0049,-0.677917,-0.254196,94.402936,0.0000,0.0000,0.0000
2437488000,49.8727991116,8.6511851790,144.0169,-0.722579,-0.164380,94.391983,0.0000,0.0000,0.0000
2437589000,49.8727990743,8.6511851926,144.0109,-0.540272,-0.213076,94.409427,0.0000,0.0000,0.0000
2437690000,49.8727991171,8.6511851926,144.0136,-0.780297,-0.200176,94.336383,0.0000,0.0000,0.0000
2437788000,49.8727991132,8.6511852197,144.0099,-0.739110,-0.244216,94.310023,0.0000,0.0000,0.0000
2437889000,49.8727990759,8.6511851654,144.0083,-0.607174,-0.075241,94.429793,0.0000,0.0000,0.0000
2437988000,49.8727990265,8.6511852061,144.0000,-0.520191,-0.266443,94.486527,0.0000,0.0000,0.0000
2438089000,49.8727990792,8.6511851790,144.0085,-0.854088,-0.202453,94.448380,0.0000,0.0000,0.0000
2438189000,49.8727990962,8.6511851654,144.0102,-0.884601,-0.176985,94.448237,0.0000,0.0000,0.0000
2438289000,49.8727991297,8.6511852197,144.0107,-0.932936,-0.280759,94.316333,0.0000,0.0000,0.0000
2438388000,49.8727991034,8.6511851790,144.0120,-0.743880,-0.161951,94.306005,0.0000,0.0000,0.0000
2438488000,49.8727991050,8.6511852197,144.0033,-0.785307,-0.256367,94.229844,0.0000,0.0000,0.0000
2438591000,49.8727990781,8.6511851790,144.0095,-0.660064,-0.096243,94.302014,0.0000,0.0000,0.0000
2438691000,49.8727990770,8.6511851654,144.0120,-0.705272,-0.113149,94.363680,0.0000,0.0000,0.0000
2438788000,49.8727991138,8.6511851790,144.0205,-0.815967,-0.158357,94.381588,0.0000,0.0000,0.0000
2438892000,49.8727991198,8.6511852061,144.0199,-0.769123,-0.283184,94.385856,0.0000,0.0000,0.0000
2438988000,49.8727990957,8.6511851654,144.0142,-0.666002,-0.192068,94.461968,0.0000,0.0000,0.0000
2439089000,49.8727990962,8.6511851518,144.0202,-0.679398,-0.185286,94.521367,0.0000,0.0000,0.0000
2439188000,49.8727990661,8.6511852061,144.0076,-0.614277,-0.343845,94.501141,0.0000,0.0000,0.0000
2439288000,49.8727990968,8.6511851790,144.0115,-0.797396,-0.225754,94.528829,0.0000,0.0000,0.0000
2439388000,49.8727991028,8.6511851654,144.0173,-0.803191,-0.173799,94.511001,0.0000,0.0000,0.0000
2439488000,49.8727990979,8.6511852061,144.0121,-0.767626,-0.308196,94.448935,0.0000,0.0000,0.0000
2439588000,49.8727990754,8.6511851926,144.0058,-0.679451,-0.258107,94.434420,0.0000,0.0000,0.0000
2439688000,49.8727990770,8.6511851790,144.0077,-0.739715,-0.186264,94.458559,0.0000,0.0000,0.0000
2439788000,49.8727991056,8.6511852197,144.0044,-0.882239,-0.243902,94.378843,0.0000,0.0000,0.0000
2439888000,49.8727990940,8.6511851926,144.0112,-0.768700,-0.180308,94.395651,0.0000,0.0000,0.0000
2439988000,49.8727991275,8.6511852061,144.0132,-0.897741,-0.204369,94.350603,0.0000,0.0000,0.0000
2440088000,49.8727991396,8.6511852197,144.0111,-0.819542,-0.220734,94.296051,0.0000,0.0000,0.0000
2440188000,49.8727990946,8.6511852333,143.9998,-0.494255,-0.262790,94.218739,0.0000,0.0000,0.0000
2440288000,49.8727990523,8.6511852469,143.9907,-0.389429,-0.265613,94.138143,0.0000,0.0000,0.0000
2440388000,49.8727990573,8.6511851790,143.9975,-0.475771,-0.057270,94.256277,0.0000,0.0000,0.0000
2440490000,49.8727990584,8.6511851518,143.9990,-0.592845,0.005085,94.290952,0.0000,0.0000,0.0000
2440589000,49.8727990918,8.6511851518,144.0136,-0.810406,-0.059119,94.352915,0.0000,0.0000,0.0000
2440688000,49.8727991001,8.6511851382,144.0243,-0.786784,-0.046734,94.447191,0.0000,0.0000,0.0000
2440788000,49.8727990924,8.6511851518,144.0212,-0.729613,-0.107027,94.440562,0.0000,0.0000,0.0000
2440888000,49.8727991039,8.6511851654,144.0215,-0.781302,-0.187366,94.444653,0.0000,0.0000,0.0000
2440988000,49.8727991017,8.6511851246,144.0234,-0.743083,-0.079764,94.566220,0.0000,0.0000,0.0000
2441090000,49.8727990929,8.6511851926,144.0092,-0.692377,-0.280401,94.535942,0.0000,0.0000,0.0000
2441188000,49.8727991237,8.6511852061,144.0127,-0.769049,-0.286490,94.480250,0.0000,0.0000,0.0000
2441288000,49.8727990682,8.6511851790,144.0075,-0.503945,-0.209822,94.472260,0.0000,0.0000,0.0000
2441388000,49.8727990704,8.6511851654,144.0114,-0.659657,-0.162818,94.493245,0.0000,0.0000,0.0000
2441488000,49.8727991132,8.6511852061,144.0129,-0.862578,-0.287653,94.421074,0.0000,0.0000,0.0000
2441589000,49.8727991067,8.6511851926,144.0109,-0.768384,-0.196283,94.364299,0.0000,0.0000,0.0000
2441688000,49.8727991171,8.6511851926,144.0137,-0.834012,-0.220944,94.329637,0.0000,0.0000,0.0000
2441788000,49.8727991335,8.6511852061,144.0175,-0.826945,-0.255541,94.301909,0.0000,0.0000,0.0000
2441888000,49.8727991083,8.6511851790,144.0168,-0.617247,-0.120171,94.319576,0.0000,0.0000,0.0000
2441988000,49.8727990951,8.6511851926,144.0105,-0.591967,-0.156567,94.337207,0.0000,0.0000,0.0000
2442088000,49.8727990737,8.6511851926,144.0027,-0.572981,-0.174889,94.337272,0.0000,0.0000,0.0000
2442188000,49.8727990902,8.6511851654,144.0098,-0.674643,-0.100895,94.395036,0.0000,0.0000,0.0000
2442288000,49.8727990359,8.6511851926,144.0039,-0.511806,-0.265052,94.479511,0.0000,0.0000,0.0000
2442388000,49.8727989909,8.6511852469,143.9938,-0.471403,-0.348558,94.507722,0.0000,0.0000,0.0000
2442488000,49.8727991138,8.6511852061,144.0117,-1.042712,-0.194727,94.396213,0.0000,0.0000,0.0000
2442588000,49.8727991412,8.6511852061,144.0165,-1.003720,-0.182565,94.382059,0.0000,0.0000,0.0000
2442688000,49.8727991017,8.6511851790,144.0138,-0.595702,-0.107388,94.401990,0.0000,0.0000,0.0000
2442788000,49.8727990710,8.6511851654,144.0083,-0.465197,-0.092575,94.422780,0.0000,0.0000,0.0000
2442888000,49.8727990787,8.6511851246,144.0080,-0.594835,-0.016403,94.429480,0.0000,0.0000,0.0000
2442988000,49.8727990940,8.6511851790,144.0159,-0.644075,-0.134748,94.458113,0.0000,0.0000,0.0000
2443090000,49.8727991056,8.6511852061,144.0128,-0.644168,-0.218025,94.413144,0.0000,0.0000,0.0000
2443188000,49.8727990776,8.6511851654,144.0106,-0.589182,-0.150798,94.496578,0.0000,0.0000,0.0000
2443288000,49.8727991023,8.6511852061,144.0076,-0.774432,-0.281555,94.434792,0.0000,0.0000,0.0000
2443388000,49.8727991160,8.6511851790,144.0155,-0.828770,-0.204632,94.434370,0.0000,0.0000,0.0000
2443488000,49.8727990979,8.6511851518,144.0210,-0.711546,-0.158135,94.496785,0.0000,0.0000,0.0000
2443588000,49.8727991253,8.6511851926,144.0161,-0.821188,-0.271051,94.396384,0.0000,0.0000,0.0000
2443688000,49.8727991023,8.6511851926,144.0129,-0.644499,-0.227517,94.395721,0.0000,0.0000,0.0000
2443788000,49.8727990584,8.6511852197,144.0033,-0.534159,-0.296001,94.364363,0.0000,0.0000,0.0000
2443888000,49.8727990995,8.6511851926,144.0064,-0.815489,-0.190847,94.399295,0.0000,0.0000,0.0000
2443988000,49.8727990984,8.6511851654,144.0143,-0.741630,-0.078649,94.426408,0.0000,0.0000,0.0000
2444088000,49.8727990940,8.6511851518,144.0228,-0.697115,-0.079980,94.517260,0.0000,0.0000,0.0000
2444188000,49.8727990902,8.6511851518,144.0188,-0.684791,-0.121832,94.541966,0.0000,0.0000,0.0000
2444288000,49.8727990853,8.6511851382,144.0174,-0.669081,-0.121212,94.604854,0.0000,0.0000,0.0000
2444388000,49.8727990820,8.6511851654,144.0140,-0.715064,-0.187773,94.598328,0.0000,0.0000,0.0000
2444488000,49.8727990737,8.6511851790,144.0076,-0.727788,-0.222026,94.584587,0.0000,0.0000,0.0000
2444588000,49.8727990940,8.6511851654,144.0135,-0.798239,-0.189987,94.570521,0.0000,0.0000,0.0000
2444688000,49.8727990814,8.6511851790,144.0104,-0.686160,-0.254446,94.563731,0.0000,0.0000,0.0000
2444788000,49.8727991023,8.6511851654,144.0159,-0.730173,-0.195945,94.542487,0.0000,0.0000,0.0000
2444888000,49.8727990869,8.6511851382,144.0188,-0.651477,-0.118489,94.611810,0.0000,0.0000,0.0000
2444988000,49.8727990957,8.6511852061,144.0060,-0.820023,-0.313735,94.491058,0.0000,0.0000,0.0000
2445088000,49.8727991023,8.6511852061,144.0050,-0.824329,-0.271141,94.427850,0.0000,0.0000,0.0000
2445188000,49.8727990831,8.6511852061,144.0035,-0.716003,-0.277452,94.403166,0.0000,0.0000,0.0000
2445288000,49.8727991259,8.6511852061,144.0078,-0.871678,-0.241574,94.392784,0.0000,0.0000,0.0000
2445388000,49.8727990951,8.6511851790,144.0178,-0.684789,-0.133855,94.507088,0.0000,0.0000,0.0000
2445491000,49.8727990929,8.6511851654,144.0183,-0.725960,-0.146149,94.503719,0.0000,0.0000,0.0000
2445588000,49.8727990995,8.6511851518,144.0222,-0.745483,-0.152906,94.507283,0.0000,0.0000,0.0000
2445688000,49.8727990968,8.6511851246,144.0245,-0.712610,-0.127162,94.580473,0.0000,0.0000,0.0000
2445792000,49.8727990507,8.6511852061,144.0050,-0.585072,-0.330653,94.567391,0.0000,0.0000,0.0000
2445888000,49.8727990628,8.6511851790,144.0038,-0.673498,-0.243752,94.570630,0.0000,0.0000,0.0000
2445988000,49.8727990929,8.6511852061,144.0024,-0.791166,-0.271550,94.459231,0.0000,0.0000,0.0000
2446088000,49.8727991138,8.6511851926,144.0106,-0.836866,-0.199338,94.427355,0.0000,0.0000,0.0000
2446188000,49.8727990907,8.6511851518,144.0151,-0.661015,-0.086316,94.471835,0.0000,0.0000,0.0000
2446288000,49.8727991143,8.6511852061,144.0049,-0.798382,-0.250245,94.336763,0.0000,0.0000,0.0000
2446388000,49.8727991281,8.6511852197,144.0063,-0.855962,-0.224506,94.298246,0.0000,0.0000,0.0000
2446488000,49.8727991006,8.6511852061,144.0046,-0.698116,-0.157122,94.232539,0.0000,0.0000,0.0000
2446588000,49.8727991056,8.6511852061,144.0067,-0.684008,-0.155077,94.204555,0.0000,0.0000,0.0000
2446691000,49.8727991034,8.6511851790,144.0147,-0.704584,-0.093610,94.316011,0.0000,0.0000,0.0000
2446790000,49.8727990567,8.6511851926,144.0040,-0.561551,-0.186475,94.402346,0.0000,0.0000,0.0000
2446889000,49.8727990918,8.6511851518,144.0167,-0.752165,-0.123845,94.461664,0.0000,0.0000,0.0000
2446988000,49.8727990715,8.6511851926,144.0100,-0.704523,-0.317233,94.445326,0.0000,0.0000,0.0000
2447088000,49.8727991121,8.6511851926,144.0098,-0.893270,-0.256934,94.392949,0.0000,0.0000,0.0000
2447188000,49.8727991231,8.6511852061,144.0119,-0.839005,-0.255851,94.406801,0.0000,0.0000,0.0000
2447288000,49.8727991204,8.6511852197,144.0091,-0.738191,-0.254645,94.347147,0.0000,0.0000,0.0000
2447391000,49.8727990995,8.6511852197,144.0018,-0.584516,-0.233130,94.194336,0.0000,0.0000,0.0000
2447488000,49.8727990726,8.6511851790,143.9987,-0.541659,-0.100233,94.260007,0.0000,0.0000,0.0000
2447588000,49.8727990551,8.6511851654,143.9978,-0.533159,-0.106088,94.291472,0.0000,0.0000,0.0000
2447688000,49.8727990902,8.6511851518,144.0144,-0.740170,-0.075863,94.366969,0.0000,0.0000,0.0000
2447788000,49.8727991171,8.6511852061,144.0141,-0.822567,-0.184405,94.329352,0.0000,0.0000,0.0000
2447888000,49.8727991067,8.6511851654,144.0170,-0.710512,-0.100056,94.316055,0.0000,0.0000,0.0000
2447988000,49.8727991056,8.6511851926,144.0125,-0.750735,-0.169784,94.306066,0.0000,0.0000,0.0000
2448088000,49.8727991467,8.6511852061,144.0121,-0.889270,-0.204422,94.257626,0.0000,0.0000,0.0000
2448188000,49.8727990907,8.6511851790,144.0088,-0.565204,-0.155187,94.312707,0.0000,0.0000,0.0000
2448288000,49.8727990677,8.6511851790,144.0031,-0.552228,-0.204808,94.326903,0.0000,0.0000,0.0000
2448388000,49.8727990803,8.6511851926,144.0082,-0.593058,-0.232129,94.327118,0.0000,0.0000,0.0000
2448488000,49.8727990853,8.6511851654,144.0087,-0.652747,-0.180662,94.384985,0.0000,0.0000,0.0000
2448588000,49.8727990814,8.6511851518,144.0106,-0.649755,-0.135064,94.440646,0.0000,0.0000,0.0000
2448688000,49.8727990907,8.6511851518,144.0199,-0.718267,-0.149754,94.535187,0.0000,0.0000,0.0000
2448788000,49.8727990946,8.6511851518,144.0266,-0.727366,-0.181467,94.514430,0.0000,0.0000,0.0000
2448891000,49.8727991017,8.6511851246,144.0277,-0.748779,-0.113497,94.541980,0.0000,0.0000,0.0000
2448988000,49.8727991045,8.6511851790,144.0225,-0.741381,-0.259080,94.521944,0.0000,0.0000,0.0000
2449090000,49.8727990984,8.6511851654,144.0179,-0.714746,-0.224823,94.570600,0.0000,0.0000,0.0000
2449188000,49.8727990869,8.6511851654,144.0119,-0.697108,-0.210432,94.570478,0.0000,0.0000,0.0000
2449288000,49.8727990886,8.6511851518,144.0147,-0.717820,-0.189893,94.626305,0.0000,0.0000,0.0000
2449388000,49.8727990946,8.6511851518,144.0190,-0.744734,-0.205933,94.633443,0.0000,0.0000,0.0000
2449490000,49.8727990918,8.6511852061,144.0056,-0.746016,-0.326077,94.452489,0.0000,0.0000,0.0000
2449588000,49.8727990891,8.6511852333,143.9985,-0.738396,-0.311633,94.431402,0.0000,0.0000,0.0000
2449688000,49.8727991588,8.6511852333,144.0022,-1.002611,-0.223791,94.350960,0.0000,0.0000,0.0000
2449790000,49.8727990792,8.6511852197,143.9926,-0.492556,-0.192272,94.232408,0.0000,0.0000,0.0000
2449889000,49.8727990787,8.6511851382,143.9940,-0.544319,0.051969,94.234829,0.0000,0.0000,0.0000
2449989000,49.8727990710,8.6511851110,144.0016,-0.586393,0.095293,94.304466,0.0000,0.0000,0.0000
2450088000,49.8727990682,8.6511850431,144.0056,-0.627005,0.142744,94.325135,0.0000,0.0000,0.0000
2450189000,49.8727990968,8.6511851518,144.0219,-0.731178,-0.125214,94.426698,0.0000,0.0000,0.0000
2450288000,49.8727990984,8.6511851382,144.0260,-0.734736,-0.125023,94.486119,0.0000,0.0000,0.0000
2450388000,49.8727990962,8.6511851382,144.0265,-0.721306,-0.126268,94.563003,0.0000,0.0000,0.0000
2450488000,49.8727990962,8.6511851382,144.0242,-0.720310,-0.153476,94.643554,0.0000,0.0000,0.0000
2450588000,49.8727990776,8.6511851790,144.0077,-0.712127,-0.212218,94.608960,0.0000,0.0000,0.0000
2450688000,49.8727991270,8.6511852061,144.0115,-0.911957,-0.266256,94.560832,0.0000,0.0000,0.0000
2450788000,49.8727990875,8.6511852061,144.0091,-0.678639,-0.276872,94.521908,0.0000,0.0000,0.0000
2450888000,49.8727990787,8.6511851926,144.0054,-0.688221,-0.222251,94.483157,0.0000,0.0000,0.0000
2450988000,49.8727990869,8.6511851790,144.0038,-0.749615,-0.125384,94.475652,0.0000,0.0000,0.0000
2451088000,49.8727990891,8.6511851790,144.0079,-0.739622,-0.137935,94.489703,0.0000,0.0000,0.0000
2451188000,49.8727991127,8.6511852061,144.0099,-0.762925,-0.221863,94.430872,0.0000,0.0000,0.0000
2451288000,49.8727991138,8.6511852061,144.0105,-0.745481,-0.237295,94.382004,0.0000,0.0000,0.0000
2451388000,49.8727990891,8.6511851518,144.0196,-0.635753,-0.089716,94.450863,0.0000,0.0000,0.0000
2451488000,49.8727990940,8.6511851518,144.0197,-0.707833,-0.175017,94.496884,0.0000,0.0000,0.0000
2451588000,49.8727990918,8.6511851382,144.0209,-0.714010,-0.163027,94.556234,0.0000,0.0000,0.0000
2451688000,49.8727990710,8.6511851790,144.0127,-0.655002,-0.281382,94.623229,0.0000,0.0000,0.0000
2451788000,49.8727990776,8.6511851654,144.0131,-0.671794,-0.242699,94.612559,0.0000,0.0000,0.0000
2451888000,49.8727990831,8.6511851518,144.0149,-0.694286,-0.203487,94.615864,0.0000,0.0000,0.0000
2451988000,49.8727990924,8.6511851926,144.0102,-0.765433,-0.296877,94.616614,0.0000,0.0000,0.0000
2452088000,49.8727991067,8.6511851790,144.0132,-0.823518,-0.261232,94.623498,0.0000,0.0000,0.0000
2452188000,49.8727991346,8.6511851926,144.0160,-0.905119,-0.279405,94.592374,0.0000,0.0000,0.0000
2452288000,49.8727990650,8.6511851926,144.0028,-0.547474,-0.256624,94.531979,0.0000,0.0000,0.0000
2452388000,49.8727990798,8.6511851518,144.0046,-0.681234,-0.109112,94.552372,0.0000,0.0000,0.0000
2452488000,49.8727990935,8.6511851790,144.0122,-0.729606,-0.192555,94.545959,0.0000,0.0000,0.0000
2452588000,49.8727991165,8.6511852061,144.0123,-0.779049,-0.230770,94.444944,0.0000,0.0000,0.0000
2452688000,49.8727991045,8.6511851790,144.0173,-0.712304,-0.133930,94.461684,0.0000,0.0000,0.0000
2452788000,49.8727990902,8.6511851926,144.0087,-0.639513,-0.220911,94.437618,0.0000,0.0000,0.0000
2452891000,49.8727991204,8.6511852061,144.0086,-0.794264,-0.231491,94.382065,0.0000,0.0000,0.0000
2452988000,49.8727990814,8.6511851654,144.0147,-0.718626,-0.151142,94.433837,0.0000,0.0000,0.0000
2453088000,49.8727991028,8.6511851654,144.0170,-0.821594,-0.178909,94.399220,0.0000,0.0000,0.0000
2453189000,49.8727990765,8.6511851654,144.0143,-0.730684,-0.211618,94.483172,0.0000,0.0000,0.0000
2453288000,49.8727990886,8.6511851654,144.0124,-0.801246,-0.191828,94.493649,0.0000,0.0000,0.0000
2453388000,49.8727991149,8.6511851926,144.0132,-0.906261,-0.239175,94.445267,0.0000,0.0000,0.0000
2453488000,49.8727991056,8.6511851518,144.0219,-0.766919,-0.109800,94.447605,0.0000,0.0000,0.0000
2453588000,49.8727991187,8.6511851926,144.0207,-0.791008,-0.224835,94.413470,0.0000,0.0000,0.0000
2453688000,49.8727991083,8.6511851926,144.0149,-0.699638,-0.273311,94.396110,0.0000,0.0000,0.0000
2453788000,49.8727990776,8.6511851518,144.0121,-0.571961,-0.134419,94.538414,0.0000,0.0000,0.0000
2453888000,49.8727990765,8.6511851926,144.0061,-0.596519,-0.195213,94.440896,0.0000,0.0000,0.0000
2453988000,49.8727990831,8.6511852197,143.9994,-0.658623,-0.267232,94.357528,0.0000,0.0000,0.0000
2454088000,49.8727991105,8.6511851926,144.0086,-0.791765,-0.155758,94.353573,0.0000,0.0000,0.0000
2454188000,49.8727990869,8.6511851518,144.0154,-0.677677,-0.099217,94.436972,0.0000,0.0000,0.0000
2454288000,49.8727990918,8.6511851518,144.0230,-0.716947,-0.118326,94.461592,0.0000,0.0000,0.0000
2454388000,49.8727990759,8.6511851790,144.0112,-0.670565,-0.228767,94.497141,0.0000,0.0000,0.0000
2454488000,49.8727991154,8.6511852061,144.0078,-0.888764,-0.287734,94.393178,0.0000,0.0000,0.0000
2454588000,49.8727990897,8.6511851654,144.0147,-0.691130,-0.163326,94.458341,0.0000,0.0000,0.0000
2454688000,49.8727990907,8.6511851382,144.0198,-0.681906,-0.104809,94.517397,0.0000,0.0000,0.0000
2454788000,49.8727990913,8.6511851246,144.0235,-0.683334,-0.096658,94.517349,0.0000,0.0000,0.0000
2454889000,49.8727991111,8.6511851926,144.0119,-0.776842,-0.266823,94.399746,0.0000,0.0000,0.0000
2454988000,49.8727990951,8.6511851518,144.0194,-0.697009,-0.167454,94.479346,0.0000,0.0000,0.0000
2455088000,49.8727991045,8.6511851654,144.0242,-0.728705,-0.196430,94.441129,0.0000,0.0000,0.0000
2455188000,49.8727991006,8.6511851926,144.0080,-0.607048,-0.221116,94.388622,0.0000,0.0000,0.0000
2455288000,49.8727990875,8.6511851654,144.0136,-0.612987,-0.157017,94.447710,0.0000,0.0000,0.0000
2455388000,49.8727991001,8.6511851654,144.0188,-0.694196,-0.186611,94.441011,0.0000,0.0000,0.0000
2455488000,49.8727991050,8.6511851926,144.0127,-0.690421,-0.248599,94.416911,0.0000,0.0000,0.0000
2455588000,49.8727991111,8.6511852061,144.0135,-0.720964,-0.270787,94.389155,0.0000,0.0000,0.0000
2455688000,49.8727991379,8.6511852061,144.0160,-0.821565,-0.214189,94.361023,0.0000,0.0000,0.0000
2455788000,49.8727991226,8.6511852197,144.0107,-0.673294,-0.203616,94.309644,0.0000,0.0000,0.0000
2455888000,49.8727990946,8.6511851926,144.0103,-0.531694,-0.125135,94.298547,0.0000,0.0000,0.0000
2455988000,49.8727990891,8.6511851518,144.0197,-0.598687,-0.082771,94.391379,0.0000,0.0000,0.0000
2456088000,49.8727990809,8.6511852197,144.0073,-0.573893,-0.316472,94.310032,0.0000,0.0000,0.0000
2456188000,49.8727990770,8.6511851518,144.0141,-0.625550,-0.062416,94.534589,0.0000,0.0000,0.0000
2456288000,49.8727990946,8.6511851654,144.0135,-0.755582,-0.141822,94.535183,0.0000,0.0000,0.0000
2456388000,49.8727991193,8.6511852061,144.0113,-0.836655,-0.271579,94.452349,0.0000,0.0000,0.0000
2456488000,49.8727990551,8.6511851790,144.0070,-0.536898,-0.210192,94.538728,0.0000,0.0000,0.0000
2456588000,49.8727990787,8.6511851518,144.0146,-0.694517,-0.145973,94.556103,0.0000,0.0000,0.0000
2456688000,49.8727990979,8.6511851518,144.0212,-0.793176,-0.162417,94.552847,0.0000,0.0000,0.0000
2456788000,49.8727991138,8.6511852061,144.0114,-0.857718,-0.321172,94.410827,0.0000,0.0000,0.0000
2456888000,49.8727991132,8.6511852197,144.0072,-0.762070,-0.305885,94.368513,0.0000,0.0000,0.0000
2456988000,49.8727990397,8.6511851926,144.0023,-0.529612,-0.193469,94.503687,0.0000,0.0000,0.0000
2457088000,49.8727990353,8.6511851654,144.0024,-0.589878,-0.144994,94.534994,0.0000,0.0000,0.0000
2457188000,49.8727990436,8.6511852333,143.9924,-0.741535,-0.324132,94.441978,0.0000,0.0000,0.0000
2457288000,49.8727990929,8.6511852061,144.0030,-0.896391,-0.240435,94.305441,0.0000,0.0000,0.0000
2457390000,49.8727991001,8.6511851790,144.0113,-0.813624,-0.120664,94.356849,0.0000,0.0000,0.0000
2457489000,49.8727990973,8.6511851926,144.0120,-0.758179,-0.181537,94.353698,0.0000,0.0000,0.0000
2457588000,49.8727990951,8.6511851518,144.0188,-0.749972,-0.124574,94.430210,0.0000,0.0000,0.0000
2457689000,49.8727991067,8.6511851654,144.0214,-0.767585,-0.171615,94.458506,0.0000,0.0000,0.0000
2457788000,49.8727991220,8.6511851926,144.0219,-0.788245,-0.230073,94.462434,0.0000,0.0000,0.0000
2457888000,49.8727991039,8.6511851654,144.0171,-0.665297,-0.222364,94.392237,0.0000,0.0000,0.0000
2457988000,49.8727990721,8.6511851790,144.0103,-0.573571,-0.258269,94.434182,0.0000,0.0000,0.0000
2458088000,49.8727990682,8.6511851518,144.0106,-0.621185,-0.193773,94.570248,0.0000,0.0000,0.0000
2458188000,49.8727990842,8.6511851518,144.0172,-0.711172,-0.197557,94.650804,0.0000,0.0000,0.0000
2458288000,49.8727991023,8.6511851654,144.0191,-0.814987,-0.278789,94.602634,0.0000,0.0000,0.0000
2458388000,49.8727990946,8.6511851926,144.0126,-0.761399,-0.324278,94.501452,0.0000,0.0000,0.0000
2458488000,49.8727990853,8.6511851790,144.0114,-0.670644,-0.206401,94.542446,0.0000,0.0000,0.0000
2458588000,49.8727990957,8.6511851790,144.0113,-0.739534,-0.189867,94.528483,0.0000,0.0000,0.0000
2458690000,49.8727990946,8.6511851790,144.0098,-0.710076,-0.209692,94.500597,0.0000,0.0000,0.0000
2458790000,49.8727990979,8.6511851654,144.0159,-0.667409,-0.148642,94.489678,0.0000,0.0000,0.0000
2458888000,49.8727990650,8.6511851654,144.0109,-0.537831,-0.187988,94.577070,0.0000,0.0000,0.0000
2458988000,49.8727990699,8.6511851790,144.0047,-0.621292,-0.198134,94.531827,0.0000,0.0000,0.0000
2459088000,49.8727990578,8.6511852197,143.9944,-0.618290,-0.313591,94.483514,0.0000,0.0000,0.0000
2459188000,49.8727991050,8.6511852061,144.0030,-0.739062,-0.228172,94.409894,0.0000,0.0000,0.0000
2459288000,49.8727991138,8.6511852197,144.0017,-0.745635,-0.228598,94.406415,0.0000,0.0000,0.0000
2459388000,49.8727990831,8.6511851518,143.9963,-0.604450,-0.070981,94.305328,0.0000,0.0000,0.0000
2459488000,49.8727990798,8.6511850975,144.0021,-0.601713,0.032499,94.362813,0.0000,0.0000,0.0000
2459588000,49.8727990304,8.6511852061,144.0018,-0.417753,-0.300067,94.465440,0.0000,0.0000,0.0000
2459688000,49.8727990979,8.6511851654,144.0171,-0.702934,-0.170971,94.545782,0.0000,0.0000,0.0000
2459788000,49.8727990962,8.6511851382,144.0261,-0.683522,-0.111214,94.569861,0.0000,0.0000,0.0000
2459888000,49.8727990951,8.6511851518,144.0265,-0.694834,-0.175802,94.559779,0.0000,0.0000,0.0000
2459988000,49.8727990902,8.6511851382,144.0201,-0.674298,-0.141703,94.618959,0.0000,0.0000,0.0000
2460088000,49.8727990765,8.6511851518,144.0088,-0.688522,-0.169044,94.615646,0.0000,0.0000,0.0000
2460190000,49.8727991067,8.6511852197,144.0054,-0.814707,-0.343448,94.372416,0.0000,0.0000,0.0000
2460288000,49.8727991187,8.6511851790,144.0137,-0.797632,-0.182759,94.371246,0.0000,0.0000,0.0000
2460390000,49.8727990979,8.6511851926,144.0117,-0.714470,-0.229315,94.343440,0.0000,0.0000,0.0000
2460488000,49.8727990858,8.6511852197,144.0057,-0.645847,-0.287742,94.310069,0.0000,0.0000,0.0000
2460588000,49.8727990825,8.6511851926,144.0059,-0.626486,-0.181602,94.356985,0.0000,0.0000,0.0000
2460688000,49.8727991045,8.6511851790,144.0142,-0.702098,-0.120843,94.395182,0.0000,0.0000,0.0000
2460788000,49.8727991039,8.6511851654,144.0254,-0.703145,-0.102840,94.381091,0.0000,0.0000,0.0000
2460889000,49.8727991116,8.6511852197,144.0101,-0.671039,-0.248070,94.313394,0.0000,0.0000,0.0000
2460989000,49.8727990842,8.6511851654,144.0137,-0.589752,-0.077809,94.401833,0.0000,0.0000,0.0000
2461088000,49.8727990891,8.6511851518,144.0209,-0.658334,-0.085902,94.419402,0.0000,0.0000,0.0000
2461190000,49.8727990809,8.6511851518,144.0172,-0.688945,-0.138424,94.538575,0.0000,0.0000,0.0000
2461288000,49.8727990600,8.6511851926,144.0064,-0.633782,-0.226794,94.521522,0.0000,0.0000,0.0000
2461391000,49.8727990957,8.6511851654,144.0160,-0.850276,-0.113028,94.549067,0.0000,0.0000,0.0000
2461488000,49.8727990787,8.6511851790,144.0120,-0.729220,-0.116063,94.569936,0.0000,0.0000,0.0000
2461588000,49.8727990984,8.6511851926,144.0092,-0.836289,-0.236864,94.504521,0.0000,0.0000,0.0000
2461690000,49.8727991138,8.6511852061,144.0081,-0.836569,-0.269150,94.455826,0.0000,0.0000,0.0000
2461788000,49.8727991259,8.6511852197,144.0132,-0.813307,-0.256055,94.455678,0.0000,0.0000,0.0000
2461890000,49.8727990661,8.6511851790,144.0070,-0.471049,-0.172167,94.524471,0.0000,0.0000,0.0000
2461990000,49.8727990161,8.6511852333,143.9975,-0.417759,-0.318678,94.521430,0.0000,0.0000,0.0000
2462089000,49.8727991160,8.6511851926,144.0143,-0.848812,-0.223285,94.469496,0.0000,0.0000,0.0000
2462189000,49.8727990699,8.6511851654,144.0114,-0.658204,-0.157044,94.556120,0.0000,0.0000,0.0000
2462288000,49.8727990886,8.6511851518,144.0173,-0.721799,-0.149394,94.570139,0.0000,0.0000,0.0000
2462388000,49.8727990858,8.6511851790,144.0114,-0.681116,-0.249980,94.539229,0.0000,0.0000,0.0000
2462488000,49.8727991045,8.6511852061,144.0098,-0.694890,-0.304593,94.462698,0.0000,0.0000,0.0000
2462593000,49.8727991078,8.6511851790,144.0143,-0.704125,-0.194430,94.441075,0.0000,0.0000,0.0000
2462688000,49.8727991023,8.6511851790,144.0138,-0.716178,-0.201401,94.423663,0.0000,0.0000,0.0000
2462790000,49.8727991028,8.6511851654,144.0224,-0.716809,-0.160466,94.440884,0.0000,0.0000,0.0000
2462889000,49.8727990973,8.6511851518,144.0242,-0.661816,-0.128735,94.489556,0.0000,0.0000,0.0000
2462988000,49.8727990940,8.6511851382,144.0231,-0.663678,-0.128191,94.608384,0.0000,0.0000,0.0000
2463088000,49.8727990864,8.6511851518,144.0160,-0.633461,-0.139574,94.569969,0.0000,0.0000,0.0000
2463188000,49.8727990968,8.6511851926,144.0086,-0.740938,-0.260350,94.497486,0.0000,0.0000,0.0000
2463294000,49.8727990617,8.6511851926,144.0004,-0.626400,-0.217993,94.503984,0.0000,0.0000,0.0000
2463388000,49.8727990770,8.6511851654,143.9985,-0.705503,-0.104707,94.489457,0.0000,0.0000,0.0000
2463491000,49.8727991292,8.6511852061,144.0057,-0.944542,-0.209427,94.476558,0.0000,0.0000,0.0000
2463588000,49.8727991429,8.6511852197,144.0082,-0.958677,-0.215717,94.417218,0.0000,0.0000,0.0000
2463688000,49.8727991116,8.6511851790,144.0155,-0.744705,-0.125534,94.381276,0.0000,0.0000,0.0000
2463789000,49.8727991023,8.6511851654,144.0198,-0.673429,-0.091629,94.415952,0.0000,0.0000,0.0000
2463890000,49.8727990847,8.6511851790,144.0122,-0.612933,-0.112326,94.377566,0.0000,0.0000,0.0000
2463989000,49.8727991121,8.6511852197,144.0064,-0.673494,-0.224376,94.236394,0.0000,0.0000,0.0000
2464088000,49.8727990990,8.6511851790,144.0117,-0.617674,-0.145075,94.260315,0.0000,0.0000,0.0000
2464188000,49.8727990924,8.6511851654,144.0165,-0.659562,-0.130622,94.367230,0.0000,0.0000,0.0000
2464288000,49.8727990809,8.6511851382,144.0192,-0.647256,-0.081011,94.489270,0.0000,0.0000,0.0000
2464388000,49.8727990935,8.6511851382,144.0217,-0.749855,-0.161199,94.584232,0.0000,0.0000,0.0000
2464488000,49.8727991105,8.6511852061,144.0133,-0.846590,-0.245571,94.455675,0.0000,0.0000,0.0000
2464588000,49.8727990567,8.6511851926,144.0039,-0.533313,-0.230494,94.531826,0.0000,0.0000,0.0000
2464688000,49.8727991050,8.6511851790,144.0118,-0.778787,-0.176159,94.514475,0.0000,0.0000,0.0000
2464788000,49.8727990990,8.6511851654,144.0163,-0.735902,-0.131007,94.535089,0.0000,0.0000,0.0000
2464888000,49.8727990886,8.6511852197,144.0064,-0.667570,-0.312344,94.441700,0.0000,0.0000,0.0000
2464988000,49.8727990831,8.6511851790,144.0086,-0.668046,-0.189266,94.440983,0.0000,0.0000,0.0000
2465088000,49.8727990875,8.6511852061,144.0045,-0.706199,-0.251269,94.382009,0.0000,0.0000,0.0000
2465188000,49.8727990918,8.6511851654,144.0152,-0.733397,-0.080872,94.419426,0.0000,0.0000,0.0000
2465288000,49.8727991270,8.6511852061,144.0151,-0.864485,-0.170026,94.343293,0.0000,0.0000,0.0000
2465388000,49.8727991149,8.6511852197,144.0106,-0.716624,-0.217748,94.325895,0.0000,0.0000,0.0000
2465488000,49.8727991226,8.6511852197,144.0060,-0.744497,-0.179361,94.281662,0.0000,0.0000,0.0000
2465588000,49.8727991506,8.6511852197,144.0058,-0.833376,-0.172214,94.236328,0.0000,0.0000,0.0000
2465688000,49.8727991709,8.6511852333,144.0047,-0.840695,-0.169101,94.236316,0.0000,0.0000,0.0000
2465788000,49.8727990924,8.6511851654,144.0156,-0.556498,-0.101695,94.352991,0.0000,0.0000,0.0000
2465891000,49.8727990842,8.6511851654,144.0152,-0.614269,-0.147407,94.374260,0.0000,0.0000,0.0000
2465988000,49.8727991023,8.6511851926,144.0110,-0.728764,-0.223496,94.381881,0.0000,0.0000,0.0000
2466088000,49.8727990699,8.6511851926,144.0061,-0.618809,-0.219553,94.392132,0.0000,0.0000,0.0000
2466188000,49.8727990875,8.6511851926,144.0070,-0.735985,-0.217992,94.378365,0.0000,0.0000,0.0000
2466288000,49.8727991056,8.6511851790,144.0148,-0.826484,-0.192015,94.406312,0.0000,0.0000,0.0000
2466388000,49.8727991314,8.6511852061,144.0122,-0.880190,-0.262103,94.326547,0.0000,0.0000,0.0000
2466489000,49.8727990693,8.6511852061,144.0041,-0.496404,-0.232064,94.326922,0.0000,0.0000,0.0000
2466588000,49.8727990715,8.6511851518,144.0081,-0.578692,-0.085621,94.422836,0.0000,0.0000,0.0000
2466688000,49.8727990523,8.6511852061,143.9956,-0.612837,-0.294827,94.350578,0.0000,0.0000,0.0000
2466789000,49.8727991072,8.6511852061,144.0077,-0.888534,-0.240949,94.305429,0.0000,0.0000,0.0000
2466888000,49.8727991083,8.6511851654,144.0167,-0.808318,-0.177566,94.336272,0.0000,0.0000,0.0000
2466988000,49.8727990732,8.6511851790,144.0099,-0.682730,-0.152386,94.384863,0.0000,0.0000,0.0000
2467088000,49.8727990677,8.6511851518,144.0107,-0.692685,-0.102856,94.426521,0.0000,0.0000,0.0000
2467188000,49.8727991017,8.6511851518,144.0250,-0.825398,-0.151922,94.420003,0.0000,0.0000,0.0000
2467288000,49.8727990951,8.6511851790,144.0134,-0.732073,-0.278331,94.340293,0.0000,0.0000,0.0000
2467388000,49.8727990853,8.6511851518,144.0152,-0.691230,-0.212167,94.430674,0.0000,0.0000,0.0000
2467488000,49.8727990902,8.6511851382,144.0205,-0.691568,-0.139124,94.514118,0.0000,0.0000,0.0000
2467588000,49.8727990946,8.6511851246,144.0233,-0.724930,-0.160598,94.612152,0.0000,0.0000,0.0000
2467689000,49.8727991001,8.6511851926,144.0150,-0.778898,-0.298027,94.560739,0.0000,0.0000,0.0000
2467788000,49.8727990781,8.6511852197,144.0064,-0.722465,-0.369848,94.491144,0.0000,0.0000,0.0000
2467888000,49.8727991132,8.6511852061,144.0078,-0.880884,-0.250443,94.445301,0.0000,0.0000,0.0000
2467988000,49.8727991248,8.6511852197,144.0065,-0.854588,-0.255554,94.336926,0.0000,0.0000,0.0000
2468088000,49.8727991187,8.6511852197,144.0052,-0.786908,-0.214183,94.281967,0.0000,0.0000,0.0000
2468188000,49.8727991418,8.6511852197,144.0040,-0.880282,-0.199559,94.222632,0.0000,0.0000,0.0000
2468288000,49.8727991143,8.6511852197,144.0027,-0.618528,-0.182319,94.201119,0.0000,0.0000,0.0000
2468388000,49.8727991571,8.6511852333,144.0080,-0.842408,-0.158001,94.190814,0.0000,0.0000,0.0000
2468488000,49.8727991056,8.6511851518,144.0215,-0.566453,0.044602,94.248831,0.0000,0.0000,0.0000
2468588000,49.8727990891,8.6511851790,144.0133,-0.540230,-0.107332,94.319435,0.0000,0.0000,0.0000
2468688000,49.8727991138,8.6511851926,144.0129,-0.700491,-0.196572,94.257241,0.0000,0.0000,0.0000
2468788000,49.8727990715,8.6511852333,143.9969,-0.452457,-0.308326,94.152435,0.0000,0.0000,0.0000
2468888000,49.8727990770,8.6511851654,143.9974,-0.579380,-0.033094,94.200302,0.0000,0.0000,0.0000
2468988000,49.8727990677,8.6511851790,143.9894,-0.614557,-0.147432,94.148514,0.0000,0.0000,0.0000
2469088000,49.8727990595,8.6511851518,144.0053,-0.628032,-0.072537,94.366876,0.0000,0.0000,0.0000
2469188000,49.8727990589,8.6511851518,144.0121,-0.658338,-0.117872,94.499975,0.0000,0.0000,0.0000
2469291000,49.8727990897,8.6511851926,144.0109,-0.799980,-0.205284,94.469275,0.0000,0.0000,0.0000
2469388000,49.8727990957,8.6511851926,144.0113,-0.782679,-0.221977,94.462367,0.0000,0.0000,0.0000
2469488000,49.8727991083,8.6511851926,144.0129,-0.798558,-0.201985,94.479735,0.0000,0.0000,0.0000
2469588000,49.8727991281,8.6511852061,144.0172,-0.812593,-0.236950,94.469522,0.0000,0.0000,0.0000
2469689000,49.8727990973,8.6511851790,144.0105,-0.599124,-0.219159,94.402578,0.0000,0.0000,0.0000
2469788000,49.8727990831,8.6511851518,144.0146,-0.568675,-0.163417,94.496614,0.0000,0.0000,0.0000
2469888000,49.8727990682,8.6511851518,144.0168,-0.575185,-0.149623,94.534999,0.0000,0.0000,0.0000
2469988000,49.8727991012,8.6511851926,144.0106,-0.831571,-0.296269,94.483972,0.0000,0.0000,0.0000
2470088000,49.8727990924,8.6511851790,144.0117,-0.726586,-0.194821,94.518008,0.0000,0.0000,0.0000
2470188000,49.8727990831,8.6511851518,144.0155,-0.615894,-0.105622,94.545301,0.0000,0.0000,0.0000
2470288000,49.8727990951,8.6511851926,144.0138,-0.788642,-0.216277,94.493796,0.0000,0.0000,0.0000
2470388000,49.8727990847,8.6511851654,144.0129,-0.675571,-0.110508,94.520920,0.0000,0.0000,0.0000
2470488000,49.8727990984,8.6511851518,144.0221,-0.723198,-0.086290,94.541783,0.0000,0.0000,0.0000
2470588000,49.8727991121,8.6511851790,144.0193,-0.753795,-0.165278,94.472424,0.0000,0.0000,0.0000
2470689000,49.8727990781,8.6511851790,144.0079,-0.554795,-0.178629,94.472202,0.0000,0.0000,0.0000
2470788000,49.8727990940,8.6511851654,144.0120,-0.670686,-0.121181,94.468551,0.0000,0.0000,0.0000
2470888000,49.8727990792,8.6511851518,144.0124,-0.620074,-0.101636,94.503343,0.0000,0.0000,0.0000
2470988000,49.8727990869,8.6511851518,144.0179,-0.697734,-0.125818,94.629376,0.0000,0.0000,0.0000
2471088000,49.8727990935,8.6511851654,144.0165,-0.752796,-0.201243,94.598479,0.0000,0.0000,0.0000
2471188000,49.8727991012,8.6511851790,144.0164,-0.770776,-0.213475,94.591603,0.0000,0.0000,0.0000
2471288000,49.8727991089,8.6511851926,144.0151,-0.780710,-0.232619,94.581267,0.0000,0.0000,0.0000
2471388000,49.8727990798,8.6511851518,144.0124,-0.658786,-0.146762,94.646927,0.0000,0.0000,0.0000
2471488000,49.8727990233,8.6511852333,143.9978,-0.536689,-0.330756,94.630159,0.0000,0.0000,0.0000
2471588000,49.8727991034,8.6511852061,144.0018,-0.951696,-0.232470,94.539674,0.0000,0.0000,0.0000
2471689000,49.8727990940,8.6511851518,144.0141,-0.836098,-0.085881,94.583804,0.0000,0.0000,0.0000
2471788000,49.8727991352,8.6511851926,144.0166,-0.951772,-0.237307,94.483793,0.0000,0.0000,0.0000
2471888000,49.8727991094,8.6511851654,144.0190,-0.725839,-0.197760,94.525016,0.0000,0.0000,0.0000
2471988000,49.8727990858,8.6511851926,144.0038,-0.630868,-0.266063,94.483287,0.0000,0.0000,0.0000
2472088000,49.8727990907,8.6511852061,144.0045,-0.642041,-0.279895,94.357561,0.0000,0.0000,0.0000
2472188000,49.8727991111,8.6511851790,144.0186,-0.747701,-0.238327,94.378520,0.0000,0.0000,0.0000
2472288000,49.8727990957,8.6511851518,144.0260,-0.646847,-0.151176,94.416267,0.0000,0.0000,0.0000
2472388000,49.8727990946,8.6511851382,144.0265,-0.668475,-0.140487,94.549048,0.0000,0.0000,0.0000
2472488000,49.8727990924,8.6511851790,144.0201,-0.696933,-0.251039,94.549755,0.0000,0.0000,0.0000
2472588000,49.8727990984,8.6511851654,144.0189,-0.778415,-0.253732,94.546457,0.0000,0.0000,0.0000
2472688000,49.8727990984,8.6511851518,144.0222,-0.760961,-0.211662,94.528664,0.0000,0.0000,0.0000
2472788000,49.8727991072,8.6511851926,144.0179,-0.785674,-0.293502,94.543250,0.0000,0.0000,0.0000
2472888000,49.8727990995,8.6511851790,144.0146,-0.739297,-0.228293,94.525236,0.0000,0.0000,0.0000
2472988000,49.8727990968,8.6511851518,144.0210,-0.734932,-0.184142,94.528439,0.0000,0.0000,0.0000
2473088000,49.8727990891,8.6511851382,144.0194,-0.692935,-0.137624,94.608473,0.0000,0.0000,0.0000
2473188000,49.8727990375,8.6511851926,144.0060,-0.539618,-0.273554,94.626403,0.0000,0.0000,0.0000
2473288000,49.8727990595,8.6511851926,144.0020,-0.726308,-0.251007,94.577778,0.0000,0.0000,0.0000
2473388000,49.8727990661,8.6511851654,144.0110,-0.712148,-0.177829,94.668157,0.0000,0.0000,0.0000
2473488000,49.8727990562,8.6511852061,143.9997,-0.752111,-0.282457,94.595516,0.0000,0.0000,0.0000
2473588000,49.8727990946,8.6511851790,144.0111,-0.883828,-0.118540,94.626029,0.0000,0.0000,0.0000
2473688000,49.8727991149,8.6511851518,144.0236,-0.850332,-0.047746,94.604501,0.0000,0.0000,0.0000
2473788000,49.8727991067,8.6511851246,144.0269,-0.739399,-0.051951,94.677871,0.0000,0.0000,0.0000
2473888000,49.8727990968,8.6511851382,144.0247,-0.697034,-0.148658,94.727364,0.0000,0.0000,0.0000
2473988000,49.8727991078,8.6511851926,144.0129,-0.752261,-0.229935,94.630119,0.0000,0.0000,0.0000
2474088000,49.8727990622,8.6511851926,144.0026,-0.538513,-0.236271,94.608752,0.0000,0.0000,0.0000
2474190000,49.8727991039,8.6511851926,144.0096,-0.734429,-0.183180,94.510957,0.0000,0.0000,0.0000
2474288000,49.8727990688,8.6511851518,144.0128,-0.636436,-0.115094,94.583816,0.0000,0.0000,0.0000
2474390000,49.8727991341,8.6511852061,144.0137,-0.992645,-0.231701,94.466354,0.0000,0.0000,0.0000
2474488000,49.8727991078,8.6511851926,144.0132,-0.774628,-0.216969,94.472803,0.0000,0.0000,0.0000
2474589000,49.8727991171,8.6511852061,144.0136,-0.781936,-0.213621,94.472794,0.0000,0.0000,0.0000
2474688000,49.8727990364,8.6511852197,144.0021,-0.497816,-0.307437,94.518109,0.0000,0.0000,0.0000
2474788000,49.8727991121,8.6511852061,144.0090,-0.918386,-0.259902,94.420992,0.0000,0.0000,0.0000
2474888000,49.8727991363,8.6511852197,144.0107,-0.962309,-0.244924,94.361545,0.0000,0.0000,0.0000
2474988000,49.8727990929,8.6511851926,144.0083,-0.670691,-0.204101,94.374664,0.0000,0.0000,0.0000
2475088000,49.8727990984,8.6511851790,144.0099,-0.706554,-0.145721,94.395340,0.0000,0.0000,0.0000
2475190000,49.8727990628,8.6511851518,144.0130,-0.568301,-0.097263,94.538225,0.0000,0.0000,0.0000
2475288000,49.8727990776,8.6511851926,144.0079,-0.687075,-0.227933,94.455228,0.0000,0.0000,0.0000
2475388000,49.8727990962,8.6511852061,144.0081,-0.712447,-0.265666,94.385607,0.0000,0.0000,0.0000
2475488000,49.8727991132,8.6511852197,144.0043,-0.851209,-0.225727,94.305237,0.0000,0.0000,0.0000
2475588000,49.8727991264,8.6511852197,144.0053,-0.865392,-0.173551,94.264338,0.0000,0.0000,0.0000
2475688000,49.8727990622,8.6511851926,144.0010,-0.524279,-0.137974,94.277634,0.0000,0.0000,0.0000
2475788000,49.8727990897,8.6511851926,144.0054,-0.745660,-0.154385,94.215116,0.0000,0.0000,0.0000
2475888000,49.8727991171,8.6511851926,144.0125,-0.816491,-0.153831,94.218701,0.0000,0.0000,0.0000
2475988000,49.8727991160,8.6511852061,144.0156,-0.759755,-0.203957,94.229440,0.0000,0.0000,0.0000
2476088000,49.8727990639,8.6511851654,144.0059,-0.579030,-0.138760,94.323124,0.0000,0.0000,0.0000
2476188000,49.8727990458,8.6511852197,143.9964,-0.611775,-0.292603,94.254107,0.0000,0.0000,0.0000
2476288000,49.8727991193,8.6511852061,144.0070,-0.898050,-0.182996,94.229522,0.0000,0.0000,0.0000
2476388000,49.8727991067,8.6511851654,144.0154,-0.743425,-0.079847,94.315953,0.0000,0.0000,0.0000
2476488000,49.8727990699,8.6511851790,144.0114,-0.548880,-0.108295,94.360007,0.0000,0.0000,0.0000
2476588000,49.8727990814,8.6511851382,144.0177,-0.699901,-0.073521,94.482271,0.0000,0.0000,0.0000
2476688000,49.8727991017,8.6511851518,144.0232,-0.804405,-0.161953,94.461988,0.0000,0.0000,0.0000
2476788000,49.8727990842,8.6511851926,144.0087,-0.783183,-0.286070,94.364938,0.0000,0.0000,0.0000
2476888000,49.8727991193,8.6511852061,144.0108,-0.910316,-0.284730,94.309318,0.0000,0.0000,0.0000
2476988000,49.8727991456,8.6511852197,144.0114,-0.917348,-0.285559,94.309342,0.0000,0.0000,0.0000
2477088000,49.8727990831,8.6511851654,144.0154,-0.655201,-0.183508,94.482871,0.0000,0.0000,0.0000
2477188000,49.8727990759,8.6511851926,144.0078,-0.667238,-0.306216,94.406710,0.0000,0.0000,0.0000
2477288000,49.8727991275,8.6511852061,144.0126,-0.945293,-0.279059,94.386258,0.0000,0.0000,0.0000
2477390000,49.8727991067,8.6511851790,144.0193,-0.730452,-0.152789,94.395415,0.0000,0.0000,0.0000
2477488000,49.8727990809,8.6511851790,144.0122,-0.587484,-0.143893,94.405665,0.0000,0.0000,0.0000
2477588000,49.8727990770,8.6511851790,144.0058,-0.635469,-0.173949,94.412883,0.0000,0.0000,0.0000
2477688000,49.8727991198,8.6511852061,144.0091,-0.862028,-0.242864,94.357819,0.0000,0.0000,0.0000
2477788000,49.8727991045,8.6511851654,144.0200,-0.731775,-0.129633,94.416241,0.0000,0.0000,0.0000
2477888000,49.8727990929,8.6511851926,144.0127,-0.724422,-0.235432,94.388939,0.0000,0.0000,0.0000
2477990000,49.8727990633,8.6511851790,144.0077,-0.575361,-0.212773,94.461920,0.0000,0.0000,0.0000
2478088000,49.8727990606,8.6511851926,144.0049,-0.593561,-0.253922,94.448186,0.0000,0.0000,0.0000
2478190000,49.8727991072,8.6511852061,144.0054,-0.845706,-0.262788,94.350941,0.0000,0.0000,0.0000
2478288000,49.8727991462,8.6511852197,144.0114,-0.942577,-0.233626,94.336941,0.0000,0.0000,0.0000
2478388000,49.8727991753,8.6511852333,144.0125,-0.949444,-0.230085,94.336926,0.0000,0.0000,0.0000
2478489000,49.8727991314,8.6511852741,144.0170,-0.689006,-0.306527,94.361331,0.0000,0.0000,0.0000
2478588000,49.8727990644,8.6511851926,144.0057,-0.427123,-0.149870,94.398495,0.0000,0.0000,0.0000
2478688000,49.8727990293,8.6511852061,144.0002,-0.413728,-0.187567,94.552400,0.0000,0.0000,0.0000
2478788000,49.8727990589,8.6511851790,143.9999,-0.591367,-0.170751,94.556099,0.0000,0.0000,0.0000
2478888000,49.8727990244,8.6511851926,143.9993,-0.535446,-0.204316,94.591122,0.0000,0.0000,0.0000
2478988000,49.8727990918,8.6511851518,144.0164,-0.829904,-0.105396,94.611899,0.0000,0.0000,0.0000
2479088000,49.8727990968,8.6511851926,144.0122,-0.736297,-0.221552,94.469265,0.0000,0.0000,0.0000
2479188000,49.8727990847,8.6511851790,144.0091,-0.689873,-0.175432,94.472393,0.0000,0.0000,0.0000
2479288000,49.8727990946,8.6511851654,144.0155,-0.737626,-0.141176,94.542147,0.0000,0.0000,0.0000
2479388000,49.8727990891,8.6511851382,144.0194,-0.697821,-0.107538,94.576842,0.0000,0.0000,0.0000
2479488000,49.8727990836,8.6511852061,144.0045,-0.750675,-0.298919,94.462809,0.0000,0.0000,0.0000
2479588000,49.8727991127,8.6511851926,144.0124,-0.787455,-0.222931,94.423936,0.0000,0.0000,0.0000
2479688000,49.8727991105,8.6511851654,144.0211,-0.746037,-0.157842,94.451393,0.0000,0.0000,0.0000
2479788000,49.8727991100,8.6511851654,144.0249,-0.706629,-0.169261,94.426943,0.0000,0.0000,0.0000
2479888000,49.8727990825,8.6511851790,144.0150,-0.566859,-0.174779,94.447735,0.0000,0.0000,0.0000
2479988000,49.8727990704,8.6511851790,144.0095,-0.577065,-0.188825,94.468793,0.0000,0.0000,0.0000
2480088000,49.8727990710,8.6511851926,144.0042,-0.592836,-0.202429,94.426946,0.0000,0.0000,0.0000
2480188000,49.8727990359,8.6511851926,144.0019,-0.486607,-0.191326,94.479140,0.0000,0.0000,0.0000
2480288000,49.8727990929,8.6511851926,144.0034,-0.788933,-0.160680,94.385062,0.0000,0.0000,0.0000
2480388000,49.8727990897,8.6511851790,144.0061,-0.704463,-0.124475,94.430160,0.0000,0.0000,0.0000
2480488000,49.8727990979,8.6511851926,144.0093,-0.791375,-0.176765,94.434110,0.0000,0.0000,0.0000
2480588000,49.8727990776,8.6511851790,144.0078,-0.681897,-0.138516,94.496627,0.0000,0.0000,0.0000
2480688000,49.8727991100,8.6511851790,144.0175,-0.807672,-0.132483,94.496736,0.0000,0.0000,0.0000
2480788000,49.8727991149,8.6511851926,144.0181,-0.774841,-0.209747,94.504211,0.0000,0.0000,0.0000
2480888000,49.8727991061,8.6511852197,144.0117,-0.681476,-0.250934,94.486810,0.0000,0.0000,0.0000
2480988000,49.8727990370,8.6511852197,143.9986,-0.440443,-0.264603,94.468859,0.0000,0.0000,0.0000
2481088000,49.8727990611,8.6511851518,144.0028,-0.672804,-0.029343,94.520440,0.0000,0.0000,0.0000
2481188000,49.8727991017,8.6511851654,144.0177,-0.830339,-0.118348,94.528116,0.0000,0.0000,0.0000
2481288000,49.8727991253,8.6511851926,144.0201,-0.839831,-0.194193,94.486741,0.0000,0.0000,0.0000
2481388000,49.8727991303,8.6511852333,144.0205,-0.775993,-0.284155,94.494232,0.0000,0.0000,0.0000
2481488000,49.8727990578,8.6511852061,144.0059,-0.414544,-0.216763,94.486101,0.0000,0.0000,0.0000
2481588000,49.8727990342,8.6511852061,143.9978,-0.436025,-0.230235,94.461727,0.0000,0.0000,0.0000
2481688000,49.8727990650,8.6511851926,144.0072,-0.738747,-0.147498,94.538694,0.0000,0.0000,0.0000
2481788000,49.8727990754,8.6511851518,144.0146,-0.742230,-0.079835,94.594179,0.0000,0.0000,0.0000
2481888000,49.8727990743,8.6511851654,144.0119,-0.790497,-0.137574,94.601601,0.0000,0.0000,0.0000
2481988000,49.8727991034,8.6511851926,144.0107,-0.960369,-0.231397,94.522207,0.0000,0.0000,0.0000
2482088000,49.8727991056,8.6511852061,144.0028,-0.886911,-0.291366,94.470097,0.0000,0.0000,0.0000
2482188000,49.8727990853,8.6511851518,144.0151,-0.724140,-0.109221,94.576878,0.0000,0.0000,0.0000
2482288000,49.8727990940,8.6511851518,144.0190,-0.766411,-0.159442,94.584244,0.0000,0.0000,0.0000
2482388000,49.8727991028,8.6511851654,144.0157,-0.794762,-0.222091,94.598697,0.0000,0.0000,0.0000
2482488000,49.8727990929,8.6511851382,144.0192,-0.710050,-0.158815,94.661047,0.0000,0.0000,0.0000
2482588000,49.8727990458,8.6511851926,144.0068,-0.563136,-0.310631,94.679062,0.0000,0.0000,0.0000
2482688000,49.8727990831,8.6511851926,144.0080,-0.770616,-0.272243,94.637430,0.0000,0.0000,0.0000
2482788000,49.8727990715,8.6511851926,144.0042,-0.677994,-0.269950,94.549825,0.0000,0.0000,0.0000
2482888000,49.8727990836,8.6511851518,144.0142,-0.723629,-0.194496,94.587900,0.0000,0.0000,0.0000
2482988000,49.8727991149,8.6511851790,144.0202,-0.855482,-0.268950,94.501306,0.0000,0.0000,0.0000
2483088000,49.8727991330,8.6511851926,144.0217,-0.848057,-0.240574,94.413699,0.0000,0.0000,0.0000
2483188000,49.8727991089,8.6511851790,144.0217,-0.663041,-0.173442,94.430398,0.0000,0.0000,0.0000
2483288000,49.8727990704,8.6511851926,144.0105,-0.527800,-0.182467,94.461692,0.0000,0.0000,0.0000
2483388000,49.8727990853,8.6511851654,144.0138,-0.692731,-0.134686,94.535062,0.0000,0.0000,0.0000
2483488000,49.8727991067,8.6511851926,144.0139,-0.748970,-0.222553,94.441335,0.0000,0.0000,0.0000
2483588000,49.8727991220,8.6511852197,144.0102,-0.759278,-0.257898,94.329738,0.0000,0.0000,0.0000
2483688000,49.8727991039,8.6511852197,144.0046,-0.676798,-0.251257,94.292462,0.0000,0.0000,0.0000
2483788000,49.8727991341,8.6511852061,144.0137,-0.806686,-0.170039,94.281694,0.0000,0.0000,0.0000
2483888000,49.8727990951,8.6511851654,144.0133,-0.586978,-0.082719,94.329834,0.0000,0.0000,0.0000
2483988000,49.8727990787,8.6511851382,144.0139,-0.557749,-0.063927,94.461162,0.0000,0.0000,0.0000
2484088000,49.8727990699,8.6511851382,144.0158,-0.609332,-0.127504,94.552401,0.0000,0.0000,0.0000
2484188000,49.8727990792,8.6511852197,144.0012,-0.837840,-0.399225,94.372893,0.0000,0.0000,0.0000
2484288000,49.8727991445,8.6511852197,144.0083,-1.041389,-0.324419,94.334473,0.0000,0.0000,0.0000
2484388000,49.8727991105,8.6511852061,144.0116,-0.813685,-0.260236,94.357840,0.0000,0.0000,0.0000
2484488000,49.8727991127,8.6511851654,144.0216,-0.740646,-0.111209,94.370693,0.0000,0.0000,0.0000
2484588000,49.8727991187,8.6511851926,144.0204,-0.725985,-0.242921,94.371513,0.0000,0.0000,0.0000
2484691000,49.8727990650,8.6511851790,144.0098,-0.485657,-0.190001,94.465152,0.0000,0.0000,0.0000
2484790000,49.8727990946,8.6511851790,144.0090,-0.591558,-0.201878,94.458398,0.0000,0.0000,0.0000
2484889000,49.8727991253,8.6511852061,144.0125,-0.710556,-0.215793,94.395780,0.0000,0.0000,0.0000
2484988000,49.8727990968,8.6511851790,144.0138,-0.637024,-0.135373,94.395194,0.0000,0.0000,0.0000
2485088000,49.8727990765,8.6511851382,144.0176,-0.627546,-0.090797,94.531250,0.0000,0.0000,0.0000
2485188000,49.8727990831,8.6511851790,144.0092,-0.808805,-0.238552,94.511467,0.0000,0.0000,0.0000
2485288000,49.8727990578,8.6511852061,144.0017,-0.712052,-0.269624,94.525438,0.0000,0.0000,0.0000
2485388000,49.8727990353,8.6511852333,143.9959,-0.677608,-0.328803,94.515222,0.0000,0.0000,0.0000
2485488000,49.8727990710,8.6511851926,143.9969,-0.831533,-0.138008,94.510784,0.0000,0.0000,0.0000
2485588000,49.8727990847,8.6511852061,144.0051,-0.812579,-0.160660,94.399076,0.0000,0.0000,0.0000
2485688000,49.8727990902,8.6511851654,144.0080,-0.807347,-0.091847,94.444022,0.0000,0.0000,0.0000
2485788000,49.8727990995,8.6511852061,144.0001,-0.866528,-0.215439,94.271644,0.0000,0.0000,0.0000
2485888000,49.8727991264,8.6511852197,144.0078,-0.832322,-0.202487,94.243534,0.0000,0.0000,0.0000
2485989000,49.8727991023,8.6511851790,144.0130,-0.727437,-0.156889,94.253541,0.0000,0.0000,0.0000
2486088000,49.8727991127,8.6511851790,144.0204,-0.774969,-0.163766,94.285098,0.0000,0.0000,0.0000
2486188000,49.8727991209,8.6511852061,144.0123,-0.749570,-0.246858,94.247172,0.0000,0.0000,0.0000
2486288000,49.8727990589,8.6511851790,144.0086,-0.478107,-0.179999,94.363734,0.0000,0.0000,0.0000
2486388000,49.8727990776,8.6511851518,144.0168,-0.638969,-0.094083,94.429919,0.0000,0.0000,0.0000
2486488000,49.8727990787,8.6511851382,144.0184,-0.673591,-0.092406,94.580226,0.0000,0.0000,0.0000
2486588000,49.8727990929,8.6511851654,144.0118,-0.769367,-0.223346,94.563707,0.0000,0.0000,0.0000
2486688000,49.8727990929,8.6511851926,144.0092,-0.758991,-0.286181,94.487213,0.0000,0.0000,0.0000
2486790000,49.8727990875,8.6511851926,144.0082,-0.708515,-0.249043,94.479867,0.0000,0.0000,0.0000
2486888000,49.8727991121,8.6511852197,144.0042,-0.827483,-0.264271,94.392855,0.0000,0.0000,0.0000
2486988000,49.8727991484,8.6511852333,144.0083,-0.937079,-0.224188,94.392780,0.0000,0.0000,0.0000
2487088000,49.8727991028,8.6511852061,144.0076,-0.662785,-0.168962,94.374447,0.0000,0.0000,0.0000
2487188000,49.8727990820,8.6511851790,144.0072,-0.627195,-0.131129,94.360206,0.0000,0.0000,0.0000
2487288000,49.8727991297,8.6511852061,144.0082,-0.874316,-0.213180,94.271641,0.0000,0.0000,0.0000
2487388000,49.8727990688,8.6511851790,144.0092,-0.551878,-0.114243,94.336948,0.0000,0.0000,0.0000
2487488000,49.8727991116,8.6511851790,144.0199,-0.805905,-0.148988,94.322086,0.0000,0.0000,0.0000
2487588000,49.8727991006,8.6511851518,144.0241,-0.715150,-0.106975,94.416081,0.0000,0.0000,0.0000
2487688000,49.8727991045,8.6511851382,144.0284,-0.715021,-0.103721,94.412565,0.0000,0.0000,0.0000
2487788000,49.8727990897,8.6511851382,144.0312,-0.665051,-0.158670,94.398858,0.0000,0.0000,0.0000
2487888000,49.8727990869,8.6511851382,144.0351,-0.669105,-0.161687,94.398881,0.0000,0.0000,0.0000
