# t_us, gyr_frd_x [rad/s], gyr_frd_y [rad/s], gyr_frd_z [rad/s], acc_frd_x [m/s^2], acc_frd_y [m/s^2], acc_frd_z [m/s^2]
0,0.001317,-0.001351,-0.002845,0.0774,0.0482,-9.8410
10000,-0.003141,0.001721,0.000825,-0.0744,0.0695,-9.6019
20000,0.002753,0.001378,-0.000762,-0.2469,0.1244,-9.6754
30000,-0.002330,0.001737,0.002426,0.0417,-0.0214,-9.6367
40000,-0.003315,0.000436,0.002952,-0.0069,0.0310,-9.4252
50000,-0.001762,-0.000698,0.000018,0.0283,-0.0474,-9.5734
60000,-0.002974,0.002499,0.001310,0.1102,-0.0157,-9.7099
70000,-0.002520,-0.004806,-0.000728,0.0288,-0.0974,-9.6309
80000,-0.001699,-0.003721,-0.001361,-0.0094,0.0795,-9.6674
90000,0.002545,-0.000457,-0.000808,0.0606,-0.0329,-9.6786
100000,0.001076,0.001348,0.000087,-0.0346,-0.0773,-9.5956
110000,-0.001798,0.000371,0.001944,0.0766,0.0546,-9.7154
120000,-0.000479,-0.000166,0.002453,-0.0144,-0.0404,-9.6648
130000,-0.000499,0.000217,-0.002878,0.1487,0.0490,-9.7355
140000,-0.001853,-0.001984,0.003756,-0.0189,0.0626,-9.7304
150000,-0.001337,-0.002029,0.004375,0.1745,-0.0505,-9.8482
160000,0.000930,0.000478,-0.000620,-0.0862,0.0408,-9.7202
170000,-0.002160,-0.002302,-0.000995,-0.0362,0.0695,-9.7807
180000,0.000780,-0.001276,0.000586,0.0556,-0.0392,-9.5946
190000,-0.001433,-0.002029,0.001290,-0.1354,-0.0632,-9.7028
200000,-0.000425,-0.002655,-0.004360,0.1432,0.0058,-9.6796
210000,0.001310,-0.000183,0.002017,-0.0459,0.0958,-9.5617
220000,0.000062,-0.001361,-0.003554,0.0245,0.1252,-9.5428
230000,0.000595,-0.004729,-0.001059,0.1463,-0.1245,-9.6883
240000,0.000352,-0.000682,-0.000306,-0.1134,-0.0405,-9.6688
250000,0.000547,-0.001649,-0.000640,-0.0542,-0.0109,-9.7000
260000,0.003699,-0.002618,0.001321,0.0584,0.0860,-9.6249
270000,0.001337,-0.000108,0.003817,-0.0645,-0.1146,-9.6450
280000,0.001634,-0.002861,-0.000480,0.0541,0.1993,-9.5869
290000,0.000225,-0.000553,0.001759,0.0407,-0.0545,-9.6498
300000,0.000861,0.000055,0.000627,-0.0295,-0.0814,-9.5849
310000,-0.001766,0.002075,0.000417,-0.0265,-0.0959,-9.5991
320000,0.002068,-0.001006,-0.003232,0.0674,0.1300,-9.6584
330000,0.000795,0.000915,-0.002506,-0.1246,-0.0599,-9.6558
340000,-0.004612,0.002841,-0.001448,-0.1502,-0.0181,-9.6061
350000,0.001862,-0.001552,0.002447,0.1084,-0.0589,-9.6428
360000,-0.000082,0.002078,-0.001610,-0.0755,-0.0061,-9.5775
370000,-0.002057,-0.000657,-0.002300,-0.1130,0.0934,-9.5369
380000,-0.001910,0.000244,0.002545,-0.0301,0.0678,-9.5737
390000,0.001473,-0.000742,0.000144,0.0364,0.0408,-9.7497
400000,-0.000725,0.000084,0.002182,0.1538,-0.0231,-9.5911
410000,-0.001342,0.000481,-0.001493,0.0170,0.0359,-9.6201
420000,0.000777,0.000752,0.002778,-0.0688,-0.0068,-9.7055
430000,0.001584,0.000844,0.003678,-0.0753,0.0682,-9.5792
440000,0.001859,0.002244,0.002051,-0.1872,0.1692,-9.7455
450000,0.000330,0.000518,0.002791,0.0513,-0.0026,-9.7066
460000,0.003332,0.000566,-0.001764,0.0498,-0.1162,-9.6286
470000,0.000720,0.002844,0.001695,-0.0460,0.1319,-9.6417
480000,-0.002938,0.000733,0.003153,0.0507,-0.0001,-9.5890
490000,-0.000196,0.002004,0.000961,-0.0078,0.0630,-9.7233
500000,-0.000374,-0.000236,-0.001672,-0.0248,0.0168,-9.7552
510000,-0.001646,0.001038,-0.003322,0.0665,0.0052,-9.5934
520000,0.002537,-0.002923,-0.000640,-0.0571,0.0702,-9.6862
530000,-0.000341,-0.000504,0.002263,0.0906,0.0426,-9.7549
540000,-0.000738,-0.000527,-0.000340,0.0891,0.0448,-9.5575
550000,-0.000037,-0.000651,0.000673,0.0096,0.0319,-9.5390
560000,0.000346,-0.000287,-0.000243,-0.0063,-0.0354,-9.6634
570000,-0.000739,0.001817,-0.000159,-0.0610,0.0280,-9.7064
580000,0.001297,-0.000170,-0.004472,-0.1718,-0.1435,-9.6972
590000,0.001502,-0.000956,0.000930,-0.0219,-0.0427,-9.5429
600000,-0.000840,-0.001009,-0.001957,-0.0319,0.0519,-9.7359
610000,0.000565,0.003315,-0.004870,0.0998,-0.0120,-9.6448
620000,0.005469,0.003392,-0.000786,0.0075,-0.0088,-9.7379
630000,0.000757,-0.003650,-0.001839,0.0058,-0.0057,-9.6568
640000,0.002311,0.002928,0.000108,0.0290,-0.0584,-9.7194
650000,0.000726,0.002082,0.000493,0.0486,-0.0423,-9.7587
660000,0.000544,0.001433,-0.002849,-0.1474,-0.0012,-9.7598
670000,-0.001773,0.001720,-0.002537,0.0832,-0.0474,-9.5005
680000,0.002029,-0.002151,-0.000251,-0.0281,-0.1229,-9.5787
690000,0.001449,0.000718,0.002116,-0.1103,0.0546,-9.5818
700000,-0.002802,0.000693,-0.001870,0.0617,0.1575,-9.6282
710000,0.000116,-0.002928,0.001106,-0.0766,0.0013,-9.6905
720000,0.003240,0.003674,-0.000750,0.0370,0.0256,-9.8036
730000,-0.000341,0.000029,-0.001344,-0.0052,0.2392,-9.7348
740000,0.001090,0.001194,-0.003043,0.0406,-0.0917,-9.6407
750000,0.002076,-0.000744,-0.003671,0.0355,-0.0291,-9.6961
760000,0.000517,-0.005545,-0.001364,-0.0036,0.0536,-9.6557
770000,-0.000264,0.000077,-0.004630,-0.1374,-0.0832,-9.5285
780000,-0.000647,-0.002291,-0.003304,0.0777,0.0293,-9.7186
790000,-0.001035,0.001226,0.002334,0.0485,0.0468,-9.5438
800000,0.000368,0.001175,-0.001064,0.0053,-0.0419,-9.7924
810000,0.000863,0.003036,0.002833,0.0527,-0.0426,-9.5076
820000,-0.000698,0.000878,0.000546,0.1099,-0.0051,-9.7461
830000,0.002982,-0.003143,-0.000105,-0.1555,-0.0479,-9.5618
840000,-0.000152,-0.002156,-0.002810,-0.1418,0.0838,-9.8012
850000,-0.002013,-0.001460,0.001943,0.0137,-0.0170,-9.5034
860000,0.000494,0.000126,0.002029,0.0129,-0.0512,-9.5618
870000,0.000373,-0.001859,-0.001753,-0.0014,-0.0963,-9.7129
880000,-0.001749,-0.003865,-0.000314,-0.0140,-0.0348,-9.5992
890000,0.001379,0.000172,-0.000788,-0.0926,-0.0850,-9.6640
900000,0.000060,-0.000764,0.004469,-0.0124,0.1063,-9.6431
910000,0.000669,0.001705,0.003387,0.0706,-0.0448,-9.6206
920000,-0.004401,-0.002122,-0.002688,0.0493,-0.0489,-9.7275
930000,0.001313,-0.000083,-0.000944,0.1545,0.0275,-9.6742
940000,-0.000367,0.002949,-0.001506,-0.1249,0.0256,-9.6903
950000,-0.000559,0.002795,-0.001077,0.0258,-0.0484,-9.6585
960000,0.001912,0.003239,-0.001867,0.0251,-0.0026,-9.6993
970000,-0.000835,0.001061,-0.002372,0.1564,0.1220,-9.6571
980000,0.000852,-0.000977,0.000591,-0.0327,-0.0555,-9.5935
990000,0.000890,-0.002273,-0.000553,0.0883,0.0638,-9.6245
1000000,0.001808,0.000237,0.000350,0.0195,0.0264,-9.8288
1010000,0.000194,-0.001082,0.003649,-0.0059,-0.0227,-9.7059
1020000,-0.000780,-0.002094,0.001258,0.0041,-0.0345,-9.7000
1030000,0.000483,-0.000490,0.004113,0.0186,0.1225,-9.6936
1040000,0.000459,0.000924,0.000984,-0.1043,-0.0373,-9.7052
1050000,-0.001007,-0.001385,0.000430,0.0781,-0.0677,-9.5901
1060000,-0.003482,-0.000279,-0.000067,0.1749,0.1077,-9.5225
1070000,0.001459,0.000711,-0.002009,-0.0392,0.1562,-9.7656
1080000,-0.000470,-0.002269,-0.002171,0.0525,-0.0033,-9.6538
1090000,-0.000130,0.000165,-0.000526,-0.1856,0.0525,-9.5898
1100000,0.001849,-0.003323,-0.000304,-0.0510,0.0251,-9.6724
1110000,0.002485,0.001091,0.000537,0.0724,-0.0773,-9.6469
1120000,0.002671,0.001276,-0.000088,-0.1361,0.1441,-9.8253
1130000,0.000628,0.001553,-0.000721,0.0171,0.0241,-9.5257
1140000,0.000554,0.000792,0.003859,-0.0155,0.0790,-9.5737
1150000,0.001227,-0.002065,-0.002620,-0.0284,0.0599,-9.6163
1160000,0.003972,0.000496,-0.000872,-0.0216,0.0157,-9.5319
1170000,0.003463,0.002307,-0.000442,0.1029,-0.1712,-9.5994
1180000,-0.000984,-0.000370,-0.000435,-0.0251,-0.1272,-9.6373
1190000,0.003112,-0.000874,0.000553,0.1367,-0.0912,-9.6754
1200000,-0.001515,0.001916,-0.001090,-0.0312,-0.0023,-9.6210
1210000,0.002773,-0.001036,-0.000228,-0.1242,0.0706,-9.6262
1220000,-0.002069,0.000194,-0.005573,0.1573,-0.0406,-9.6478
1230000,-0.000113,-0.000744,-0.004624,0.0181,-0.0843,-9.4844
1240000,-0.000459,0.001253,0.000114,0.0357,0.0531,-9.7520
1250000,0.000833,0.002742,-0.004415,0.0234,0.0470,-9.7897
1260000,0.001457,-0.000381,0.002182,-0.0983,0.0691,-9.5865
1270000,0.000675,-0.000328,-0.004284,-0.0450,0.0700,-9.8303
1280000,0.000153,-0.002004,0.001508,0.0788,-0.0394,-9.5298
1290000,0.000464,-0.001468,0.002395,-0.1178,-0.0928,-9.7231
1300000,-0.001401,-0.000595,0.000796,0.0751,-0.0487,-9.7887
1310000,-0.000667,-0.000539,0.001089,0.2284,0.0364,-9.6143
1320000,0.000889,0.000625,-0.004307,0.0510,0.0743,-9.6224
1330000,-0.000571,0.000058,0.002963,0.0109,-0.0531,-9.7325
1340000,0.003370,0.001891,-0.002095,-0.0933,0.1163,-9.5671
1350000,-0.001717,0.003495,-0.001922,-0.0759,-0.1403,-9.7652
1360000,0.000038,-0.001042,0.000858,0.0467,0.0742,-9.5748
1370000,-0.000322,-0.000741,0.000693,0.0797,-0.1557,-9.6474
1380000,-0.000893,-0.000517,0.000329,-0.0169,0.0389,-9.6686
1390000,-0.004167,0.000105,-0.000603,0.0413,-0.0279,-9.6512
1400000,0.001881,-0.000226,0.000285,-0.0080,-0.0090,-9.6434
1410000,-0.002273,-0.000018,0.003346,0.0358,-0.1724,-9.6088
1420000,0.002892,-0.002781,0.000163,-0.0722,-0.0865,-9.7369
1430000,-0.001305,-0.003027,-0.001824,0.1572,0.0516,-9.7231
1440000,-0.001752,-0.001672,0.002365,-0.0200,0.0156,-9.5975
1450000,-0.000901,0.001875,0.002638,-0.2395,-0.0282,-9.6669
1460000,-0.002306,0.000043,0.002730,0.0195,0.0898,-9.4535
1470000,0.001918,-0.003055,-0.000366,-0.0597,-0.0901,-9.5892
1480000,0.003972,0.002388,0.000631,-0.0494,0.0227,-9.5552
1490000,0.002354,0.001018,-0.002873,0.0244,0.0530,-9.5374
1500000,0.002206,0.000800,-0.000755,0.0261,-0.0551,-9.6817
1510000,0.001395,0.001488,0.001235,0.0203,-0.0373,-9.5674
1520000,0.000234,0.000059,-0.001520,-0.0204,-0.0492,-9.6083
1530000,0.001543,0.001045,0.002916,0.0635,-0.0091,-9.6564
1540000,0.001838,0.002993,-0.002850,0.2198,-0.0716,-9.8368
1550000,0.002646,-0.001633,-0.001519,-0.0182,0.0160,-9.6077
1560000,-0.001014,0.003476,-0.000594,0.0217,0.1188,-9.7419
1570000,0.001311,-0.001603,-0.001257,0.0113,0.1317,-9.6940
1580000,-0.003892,-0.002639,0.001629,0.1099,-0.0435,-9.5605
1590000,-0.002347,-0.001430,-0.002372,-0.1098,0.0959,-9.6873
1600000,-0.000942,0.003056,0.001303,-0.0731,-0.0626,-9.7568
1610000,0.001629,-0.005184,-0.003205,-0.0656,-0.0143,-9.5751
1620000,-0.002727,0.001762,-0.003469,0.0293,0.0699,-9.6390
1630000,0.001377,-0.001606,0.003805,-0.0188,0.0211,-9.6965
1640000,-0.001920,0.000415,-0.002060,-0.1268,0.0717,-9.6719
1650000,-0.002356,-0.002537,0.004106,-0.0220,-0.0191,-9.7236
1660000,0.000783,-0.003867,-0.002919,0.0508,0.0579,-9.6775
1670000,0.001348,-0.000850,0.000488,0.0042,-0.1346,-9.5907
1680000,0.000300,0.001002,-0.005400,0.1577,-0.0982,-9.6532
1690000,-0.000213,0.000728,-0.003106,-0.0375,0.0795,-9.6962
1700000,-0.001818,0.000418,-0.000333,-0.1729,0.0570,-9.7206
1710000,0.003131,-0.004378,0.000869,-0.0684,0.0291,-9.7697
1720000,0.001835,0.001871,0.003260,0.0644,-0.0274,-9.6117
1730000,0.000732,-0.000426,-0.001119,0.1678,0.1810,-9.6604
1740000,0.001811,-0.002126,0.001077,0.0646,0.0616,-9.5723
1750000,0.001498,0.000744,0.003557,0.1343,0.0036,-9.6876
1760000,0.000082,0.001494,0.000115,-0.0736,-0.1560,-9.5601
1770000,0.003607,0.003928,-0.000616,-0.0280,0.0630,-9.7932
1780000,0.000453,0.000884,-0.002001,0.0502,-0.0633,-9.7571
1790000,0.001546,0.003654,-0.001365,0.0840,-0.0558,-9.7407
1800000,0.004729,-0.001338,-0.001326,0.0107,0.0096,-9.6789
1810000,0.000259,0.001626,-0.000934,0.1226,0.1660,-9.7974
1820000,0.001712,0.002242,-0.002283,0.1544,0.0168,-9.7292
1830000,-0.000312,0.000169,-0.000928,-0.0168,-0.0279,-9.6064
1840000,-0.000101,-0.000774,0.000876,-0.0147,0.0427,-9.7441
1850000,-0.001041,0.000102,-0.002712,0.0315,-0.0852,-9.6848
1860000,0.002246,-0.000356,-0.004290,-0.0611,-0.0454,-9.6158
1870000,-0.001019,-0.002872,0.003926,-0.0188,-0.0858,-9.7473
1880000,-0.000542,-0.002996,0.002448,-0.0304,0.0510,-9.7414
1890000,0.000709,0.000264,-0.002558,0.0440,0.0873,-9.8497
1900000,-0.002549,0.003134,0.004452,0.0055,-0.0025,-9.6653
1910000,0.000187,-0.002766,-0.002096,0.0860,0.0863,-9.7707
1920000,0.000144,-0.001666,0.002454,0.0204,0.0727,-9.7613
1930000,0.003384,-0.000566,-0.001889,-0.0155,0.1145,-9.4775
1940000,-0.000618,-0.000074,0.001039,0.0056,-0.0421,-9.6105
1950000,-0.000395,0.000095,0.000558,-0.0210,0.1322,-9.7985
1960000,-0.000642,0.000585,0.001873,-0.0248,-0.0216,-9.6262
1970000,-0.003089,-0.001617,-0.001457,0.1347,-0.0049,-9.6948
1980000,0.000785,-0.001256,0.001511,0.0614,0.0727,-9.6701
1990000,-0.003427,0.000421,0.002828,-0.0620,-0.0339,-9.6846
2000000,0.001269,0.001885,-0.004436,0.1024,-0.0667,-9.5084
2010000,0.000222,-0.002272,-0.001384,0.0583,0.0735,-9.6398
2020000,-0.000204,-0.005426,0.000260,0.0022,0.0183,-9.5795
2030000,0.001057,-0.000474,-0.000604,0.0558,-0.0207,-9.5547
2040000,0.000830,-0.000646,0.003368,0.0442,0.0804,-9.6416
2050000,-0.001147,0.000598,-0.000145,0.0571,0.0393,-9.5797
2060000,0.004603,0.000179,0.001029,0.0677,-0.0683,-9.6583
2070000,0.004852,-0.001845,0.003104,-0.0109,0.1268,-9.7434
2080000,0.003537,0.000091,-0.004301,-0.0668,-0.0862,-9.6864
2090000,-0.000662,0.002776,-0.002112,0.0565,0.0849,-9.7321
2100000,0.001600,0.001584,-0.000065,-0.1042,-0.0246,-9.6324
2110000,-0.000690,-0.002929,0.001777,0.0921,-0.0694,-9.7538
2120000,0.000847,0.001382,-0.000207,0.0098,-0.0738,-9.6223
2130000,0.002881,-0.000107,0.002132,0.0173,0.0661,-9.6214
2140000,-0.001554,0.002976,0.000701,0.0765,0.0644,-9.6681
2150000,0.000288,-0.005127,0.001012,-0.1611,0.0863,-9.6602
2160000,0.000085,0.000934,0.000793,-0.0295,-0.0267,-9.7633
2170000,0.000130,-0.000130,-0.000601,0.0442,0.0376,-9.5866
2180000,0.003623,0.000281,-0.001791,0.0080,0.0850,-9.7670
2190000,-0.003372,-0.000235,-0.000834,0.1317,0.0680,-9.6615
2200000,0.002491,-0.000189,-0.000806,0.0798,-0.1360,-9.7177
2210000,0.003243,0.004283,0.001724,-0.0311,-0.1249,-9.6061
2220000,0.000444,0.002029,0.001623,-0.0324,0.1149,-9.6204
2230000,-0.000627,-0.000896,-0.000741,-0.1385,0.0600,-9.6077
2240000,-0.001027,-0.002314,-0.001727,-0.0785,-0.0830,-9.7404
2250000,0.001792,-0.001901,-0.001417,0.0487,-0.1128,-9.6888
2260000,0.005404,-0.001894,-0.001317,-0.0175,0.0266,-9.7946
2270000,0.000361,-0.003424,-0.003716,0.0124,0.0818,-9.7117
2280000,0.001141,-0.001210,0.002720,-0.1609,0.0188,-9.6343
2290000,-0.003852,-0.002044,-0.003104,0.0807,-0.0065,-9.6820
2300000,-0.001052,0.001030,-0.001886,0.0261,-0.0308,-9.6561
2310000,0.000805,-0.000634,0.002802,0.0617,-0.0129,-9.6209
2320000,-0.001481,-0.000447,0.004242,0.0156,-0.0732,-9.7388
2330000,-0.001791,0.000129,-0.002171,-0.0207,0.0528,-9.7218
2340000,-0.000271,-0.000506,-0.000976,0.0459,0.0605,-9.6424
2350000,-0.003946,-0.000451,0.002172,-0.0953,0.0193,-9.6124
2360000,-0.002272,0.000703,0.000759,0.0013,0.0990,-9.5264
2370000,0.005865,-0.003097,0.002066,0.0752,0.0079,-9.6869
2380000,-0.003210,0.003586,0.003077,-0.0376,-0.0132,-9.5960
2390000,0.001181,0.001004,-0.000774,0.2207,-0.0270,-9.6616
2400000,0.001465,0.003516,-0.000500,0.0292,0.1025,-9.7086
2410000,-0.003746,-0.000484,0.002163,0.0582,-0.0282,-9.6467
2420000,-0.001442,0.002049,-0.001052,0.1698,0.1472,-9.7288
2430000,0.001395,0.000255,0.000917,0.1555,0.0059,-9.6261
2440000,-0.004044,0.003103,0.001995,-0.0465,0.0230,-9.5759
2450000,-0.002665,-0.000317,0.001308,-0.1198,-0.1570,-9.6060
2460000,0.000782,-0.001214,-0.002132,0.0719,0.0418,-9.7661
2470000,0.000983,0.000338,-0.001039,-0.0554,-0.0720,-9.7085
2480000,0.000644,-0.002290,0.000319,0.0832,-0.0131,-9.5506
2490000,-0.002448,-0.000554,-0.001774,0.0621,0.0884,-9.7660
2500000,-0.000555,-0.001652,0.002392,-0.0171,0.0775,-9.6440
2510000,-0.000698,0.001645,0.003434,0.0810,-0.1379,-9.6085
2520000,0.001144,-0.002163,-0.001605,0.0732,0.0177,-9.5717
2530000,-0.001277,-0.000088,-0.001757,-0.0865,-0.0664,-9.6988
2540000,0.002019,-0.001914,0.000984,-0.0089,-0.0386,-9.7256
2550000,0.000124,0.002058,-0.000355,0.0546,-0.0473,-9.6878
2560000,0.003651,-0.000792,-0.001260,-0.0577,0.0451,-9.5242
2570000,-0.003926,-0.000945,-0.002581,-0.0562,0.0379,-9.7331
2580000,0.002145,-0.000520,0.001424,0.0652,0.0486,-9.7022
2590000,-0.005801,0.003117,0.002546,0.0195,0.0708,-9.6192
2600000,0.004011,-0.002923,0.001961,0.0346,-0.0343,-9.7475
2610000,0.002563,0.000090,0.003577,-0.0347,0.0563,-9.6107
2620000,-0.000114,-0.002063,0.000280,0.0565,0.0226,-9.7752
2630000,0.000019,0.000550,0.001530,0.0936,-0.0851,-9.7693
2640000,-0.001181,0.002518,-0.003603,0.1340,-0.0185,-9.5369
2650000,0.001039,-0.002922,-0.000297,0.0522,0.0181,-9.8010
2660000,-0.003193,-0.001612,-0.001444,-0.1789,0.0098,-9.7650
2670000,0.001424,-0.000516,0.000521,0.0112,0.1246,-9.8381
2680000,-0.002230,-0.002993,-0.000219,-0.0031,-0.1078,-9.5127
2690000,-0.001566,0.002048,0.002101,0.0158,-0.0298,-9.6705
2700000,-0.003054,-0.000875,-0.002676,0.0353,-0.0794,-9.8062
2710000,-0.000967,-0.000061,-0.000373,0.0483,-0.0768,-9.4939
2720000,-0.000437,-0.006273,-0.004065,0.0757,-0.0121,-9.6558
2730000,0.001077,-0.000072,-0.001151,0.0134,0.0115,-9.5517
2740000,0.000739,-0.002828,-0.003894,0.0168,-0.0818,-9.5566
2750000,-0.002515,0.005538,0.001482,0.0445,-0.0404,-9.6614
2760000,0.000420,0.002194,-0.002039,-0.1441,-0.0936,-9.5543
2770000,0.001875,-0.003049,0.001706,-0.0185,-0.0129,-9.6419
2780000,0.002233,0.001665,-0.000340,0.0894,-0.1941,-9.7325
2790000,0.000453,0.000446,-0.001279,0.0698,-0.0390,-9.6005
2800000,0.001661,0.003593,-0.000886,0.1616,0.1193,-9.5997
2810000,0.003080,0.000141,0.002115,-0.0095,0.0569,-9.6679
2820000,-0.002295,-0.003181,-0.000470,0.0330,0.0517,-9.8270
2830000,0.000868,-0.002201,0.001558,-0.0389,0.0197,-9.7550
2840000,0.000728,0.001065,0.002274,-0.0742,-0.0758,-9.4958
2850000,-0.000917,-0.003545,0.003217,0.0920,-0.1084,-9.5982
2860000,0.000834,0.000226,-0.002053,0.0010,0.0151,-9.6919
2870000,0.000316,0.000802,0.000747,0.0529,0.1349,-9.6734
2880000,-0.000447,-0.002315,-0.002021,0.0431,0.0395,-9.6535
2890000,0.000703,-0.000732,0.001651,0.0286,0.0089,-9.6486
2900000,0.001156,-0.001853,-0.002479,-0.1321,-0.0941,-9.7661
2910000,0.001900,-0.000892,0.000713,0.1006,0.0258,-9.7342
2920000,-0.000938,0.000399,-0.000503,0.0478,0.0111,-9.6133
2930000,0.003895,0.002123,-0.002116,0.0645,-0.0694,-9.5468
2940000,-0.001533,-0.000140,0.000073,0.1702,-0.0369,-9.6301
2950000,0.002297,0.004130,0.001459,-0.1106,-0.0733,-9.8111
2960000,-0.001063,-0.001285,-0.002450,-0.2040,0.1291,-9.5794
2970000,0.001340,-0.001000,-0.000490,0.0130,-0.1060,-9.6834
2980000,0.000308,0.000409,0.000433,-0.1174,-0.0234,-9.6606
2990000,0.002218,0.000312,-0.001052,-0.0521,0.1465,-9.8107
3000000,0.004991,0.001791,0.002538,-0.0380,-0.0640,-9.5570
3010000,0.001922,0.002157,0.001267,-0.1329,-0.0343,-9.5359
3020000,0.000181,-0.000034,0.003136,-0.1445,0.0636,-9.6215
3030000,0.000915,-0.000695,-0.002251,0.0326,0.0615,-9.6841
3040000,0.001492,0.000643,0.001361,-0.0459,0.0832,-9.5776
3050000,0.000821,-0.000010,-0.000235,0.0854,-0.0996,-9.6232
3060000,-0.001381,0.001310,0.000580,-0.0110,-0.0760,-9.5423
3070000,-0.003132,0.001499,-0.000261,-0.0510,-0.0863,-9.7291
3080000,-0.001158,0.000318,0.003792,0.0046,0.0786,-9.7919
3090000,0.002176,-0.002753,0.003571,0.0998,0.0424,-9.5220
3100000,-0.000005,-0.000040,-0.001490,-0.0748,0.0085,-9.6892
3110000,-0.003422,0.001379,0.004551,-0.1402,-0.0182,-9.5984
3120000,-0.000922,-0.000212,0.002302,-0.0715,-0.0235,-9.6144
3130000,-0.002981,-0.000357,-0.001782,0.0454,-0.0874,-9.6695
3140000,0.003077,-0.001958,0.003771,-0.1155,0.0584,-9.6594
3150000,0.000450,-0.003675,-0.004036,-0.1059,0.0309,-9.5988
3160000,0.001050,0.000442,-0.001973,-0.0096,0.0510,-9.6337
3170000,0.001976,0.001139,0.001004,0.0946,-0.0279,-9.6410
3180000,-0.000768,0.001966,-0.000014,-0.0590,-0.2502,-9.5705
3190000,0.001833,-0.002451,0.004034,-0.0419,-0.0469,-9.8198
3200000,0.001110,0.001225,0.000131,0.0762,0.0653,-9.6114
3210000,-0.001103,0.000595,0.002498,0.0089,0.0564,-9.6967
3220000,0.001576,-0.000319,-0.002159,0.0232,-0.0132,-9.7083
3230000,-0.004868,0.001294,0.001285,0.0211,-0.0411,-9.6706
3240000,-0.000065,0.000294,-0.001764,0.0329,0.0039,-9.6280
3250000,-0.000417,-0.000313,0.001261,-0.0119,-0.1312,-9.5574
3260000,-0.000378,0.004384,0.002593,0.0685,0.0674,-9.7807
3270000,0.002626,-0.001569,0.000045,-0.0442,-0.0943,-9.5456
3280000,0.000506,-0.002125,0.000474,-0.0111,-0.0698,-9.7112
3290000,0.002131,-0.000996,-0.003065,-0.0581,0.0193,-9.6326
3300000,-0.000377,-0.001096,-0.002658,-0.0730,0.0088,-9.5944
3310000,-0.001046,-0.000621,-0.000915,0.1543,0.0300,-9.8404
3320000,0.000311,-0.001747,-0.004446,-0.0937,0.0133,-9.6684
3330000,-0.000962,0.002361,-0.000930,-0.1106,-0.0922,-9.8151
3340000,-0.001884,-0.000857,-0.002766,-0.0109,-0.1077,-9.6999
3350000,-0.000996,-0.003060,0.001278,-0.0082,-0.0898,-9.7734
3360000,0.002945,-0.000436,0.001746,-0.0923,-0.0765,-9.7313
3370000,0.001929,0.002365,-0.002419,0.0172,-0.0303,-9.4735
3380000,-0.004663,-0.003998,0.001620,-0.0391,0.0212,-9.6483
3390000,0.001762,-0.003474,0.000534,0.0191,-0.0433,-9.7599
3400000,-0.000219,0.000848,-0.001740,0.0234,0.0866,-9.5902
3410000,0.001617,0.001821,-0.001075,0.0111,-0.0344,-9.7623
3420000,-0.000903,0.001830,-0.001100,-0.0912,0.0619,-9.5561
3430000,-0.000223,-0.000284,0.001041,0.0805,-0.0041,-9.8228
3440000,-0.000575,-0.000302,0.000794,0.0957,0.0081,-9.6537
3450000,0.000263,0.005263,-0.002773,-0.0301,-0.0084,-9.7375
3460000,-0.000765,-0.003992,-0.000593,0.0411,-0.0597,-9.6921
3470000,-0.001243,0.000317,-0.001960,-0.0474,0.0552,-9.6664
3480000,-0.001237,0.001899,-0.003142,0.0852,-0.0261,-9.7421
3490000,-0.001367,-0.000591,0.002736,0.0400,-0.0821,-9.6502
3500000,-0.001668,0.002274,-0.002468,-0.1681,-0.0005,-9.5858
3510000,0.000476,0.002143,0.002963,0.0928,0.0773,-9.6468
3520000,0.000129,-0.001529,0.000838,-0.0332,-0.0301,-9.6224
3530000,0.001734,-0.000707,-0.001481,-0.0629,-0.0632,-9.4868
3540000,0.001229,-0.000495,-0.002705,-0.0274,-0.1063,-9.6173
3550000,-0.000501,-0.002783,0.000275,-0.0566,-0.0731,-9.4663
3560000,-0.001620,0.000371,-0.002371,-0.0872,-0.0132,-9.5060
3570000,-0.001044,-0.000494,0.001020,-0.0614,-0.0659,-9.6425
3580000,0.002594,0.001424,0.000184,0.0509,0.0416,-9.6088
3590000,0.003118,-0.000904,0.000162,0.0046,-0.0652,-9.6532
3600000,0.000264,-0.000818,0.001398,-0.0050,0.0712,-9.7410
3610000,0.000042,0.002365,0.000991,0.1255,-0.0694,-9.5918
3620000,0.000786,0.000837,0.001182,0.0604,-0.0589,-9.7344
3630000,-0.000655,0.001527,-0.000564,0.0170,0.0414,-9.7640
3640000,0.001641,0.002663,0.000903,0.0053,0.0104,-9.6633
3650000,-0.000704,-0.000127,0.000422,0.0429,0.0249,-9.7977
3660000,-0.000645,-0.001972,0.001245,-0.0301,-0.0989,-9.7063
3670000,-0.000998,-0.002053,0.001122,0.0477,0.0020,-9.7039
3680000,-0.002283,-0.001311,-0.001777,0.1053,-0.0200,-9.6167
3690000,0.002050,0.002479,-0.003117,0.1818,-0.1540,-9.5811
3700000,-0.000646,-0.000548,0.001668,-0.0636,0.0589,-9.6704
3710000,0.001087,-0.001038,0.001310,-0.0517,0.0656,-9.6940
3720000,-0.000166,0.002467,0.001929,0.0212,-0.0626,-9.7351
3730000,-0.006610,-0.003048,0.000531,-0.1392,0.0002,-9.4752
3740000,-0.000811,-0.001330,0.000761,-0.0513,-0.1207,-9.6437
3750000,0.003205,0.001896,-0.000701,0.0911,-0.1079,-9.6128
3760000,-0.003103,-0.006651,0.000853,0.0551,-0.0647,-9.7385
3770000,0.000013,-0.002645,-0.000777,0.0743,0.0475,-9.6994
3780000,0.000853,-0.001985,-0.000341,0.2134,-0.1557,-9.7817
3790000,-0.002087,-0.001071,0.001285,-0.1621,0.0166,-9.6281
3800000,0.000432,-0.002577,0.000405,-0.0231,-0.0654,-9.5421
3810000,-0.000879,-0.001667,-0.000520,0.0351,-0.1524,-9.7245
3820000,0.000092,0.001354,0.001633,-0.0291,-0.0549,-9.7300
3830000,-0.000053,-0.000141,-0.002750,-0.1329,-0.0428,-9.7182
3840000,-0.000237,-0.004268,0.000590,0.0156,0.1170,-9.6963
3850000,-0.001460,-0.002122,0.000131,0.0675,-0.0802,-9.7766
3860000,-0.001290,-0.001352,0.001589,0.0494,0.0143,-9.5657
3870000,0.000113,-0.004531,0.000266,0.1315,0.0529,-9.5336
3880000,-0.000315,0.000800,-0.002154,-0.1240,0.1698,-9.5528
3890000,0.001038,0.003569,0.000807,-0.1007,-0.0843,-9.6593
3900000,0.000387,-0.001911,0.001191,-0.1010,-0.1886,-9.5293
3910000,0.001260,-0.004622,-0.000350,0.0885,0.0442,-9.7125
3920000,0.002540,0.000799,0.001264,-0.0767,-0.0762,-9.6851
3930000,-0.001956,-0.002420,-0.003936,-0.0886,-0.0244,-9.6559
3940000,-0.001083,0.002447,0.000603,0.1179,0.0774,-9.7621
3950000,-0.002613,-0.001961,-0.000399,0.0150,0.0646,-9.7693
3960000,0.002107,-0.003476,0.002644,0.1228,-0.0234,-9.5383
3970000,0.000188,0.001967,0.002951,0.0931,-0.0030,-9.7695
3980000,-0.000516,0.003589,0.001689,0.1088,-0.0792,-9.7516
3990000,-0.001127,-0.002295,0.000091,0.1156,0.0055,-9.6508
4000000,0.003106,0.001977,0.001394,0.0305,0.0591,-9.6938
4010000,-0.000513,0.000147,0.002117,0.1111,-0.0334,-9.6143
4020000,0.001221,0.003154,0.002572,-0.0025,0.0145,-9.7320
4030000,0.001282,0.001960,-0.001090,0.0210,-0.0807,-9.7312
4040000,-0.000817,0.000512,-0.003194,-0.0268,0.1457,-9.6871
4050000,-0.003599,-0.001702,-0.002535,0.0944,-0.0368,-9.6222
4060000,0.005292,-0.001130,0.002075,0.0066,0.0175,-9.7260
4070000,0.004597,0.002395,-0.001045,0.0410,-0.0348,-9.6937
4080000,-0.000433,-0.002544,-0.001224,0.0282,-0.0527,-9.7001
4090000,-0.000214,0.001301,-0.003897,0.0221,0.1337,-9.7948
4100000,0.001338,0.000166,0.000039,0.0009,0.0339,-9.5279
4110000,-0.001516,0.000130,0.000504,-0.1095,-0.0996,-9.6312
4120000,-0.005560,0.001312,-0.001572,-0.0053,-0.0288,-9.6339
4130000,0.001320,0.002724,-0.002431,-0.0318,0.1826,-9.6539
4140000,-0.002141,0.001215,0.000719,-0.0496,0.0203,-9.8451
4150000,0.000393,0.001713,-0.001262,-0.0830,0.0620,-9.8245
4160000,-0.000518,-0.002915,-0.000107,0.0414,0.1036,-9.5834
4170000,0.001213,0.000206,0.000549,0.0434,0.0502,-9.6750
4180000,0.004095,0.002896,-0.000527,0.1022,0.0384,-9.6245
4190000,0.000893,0.002530,-0.001808,-0.1866,-0.0522,-9.6077
4200000,-0.003810,-0.001155,0.004346,-0.0559,0.0094,-9.6783
4210000,0.000974,-0.002630,0.000887,-0.0483,0.0133,-9.5934
4220000,-0.001753,0.000686,-0.001318,0.0367,-0.0587,-9.6740
4230000,0.002166,-0.001760,-0.002019,0.0268,-0.0152,-9.6025
4240000,0.003207,0.003448,-0.000543,-0.0476,-0.1312,-9.5982
4250000,-0.000303,-0.001275,0.001647,0.1370,-0.0188,-9.5718
4260000,-0.000103,0.004205,-0.000086,0.0957,0.0929,-9.6862
4270000,0.000590,-0.000404,0.000199,-0.0076,0.0387,-9.6427
4280000,-0.001061,-0.001066,0.003707,-0.0352,0.0551,-9.6305
4290000,-0.000197,-0.000587,0.000913,-0.0230,0.0406,-9.5932
4300000,-0.003125,0.001582,-0.003729,0.0756,0.0649,-9.5327
4310000,0.001592,0.000928,-0.000208,-0.0870,-0.0656,-9.7016
4320000,-0.000045,-0.001099,0.000358,0.0336,0.0749,-9.4352
4330000,-0.000262,0.000575,-0.000907,0.1252,0.0119,-9.7627
4340000,-0.002319,0.000040,-0.001628,-0.1483,-0.0004,-9.5747
4350000,0.001962,0.000550,0.000490,0.0053,0.0520,-9.6060
4360000,0.003470,0.003647,-0.000750,-0.0020,-0.0461,-9.5980
4370000,-0.000481,0.004006,0.003497,0.1294,-0.1161,-9.6501
4380000,0.002367,0.000736,0.004748,-0.0098,-0.0702,-9.5550
4390000,0.000163,0.002401,0.003892,-0.1014,-0.0178,-9.6891
4400000,-0.000455,0.002732,-0.000325,0.0358,-0.0337,-9.6592
4410000,0.000620,0.001624,-0.001716,0.0066,0.1192,-9.6275
4420000,-0.001468,0.002729,0.001862,-0.0658,0.0668,-9.6662
4430000,-0.002061,0.002966,0.002887,-0.0658,0.0577,-9.5657
4440000,0.002153,0.001831,0.001279,-0.0032,-0.0329,-9.6880
4450000,0.000960,-0.001739,-0.002846,-0.0093,-0.0119,-9.7113
4460000,-0.000426,0.000378,-0.001162,0.1909,-0.0503,-9.6673
4470000,0.003425,0.000801,0.000113,0.1473,0.1202,-9.6077
4480000,-0.000988,-0.001328,0.003914,0.0292,-0.0713,-9.6480
4490000,-0.000291,0.002870,-0.002166,-0.1153,0.0544,-9.8878
4500000,-0.000406,0.001030,0.001233,0.1558,-0.0370,-9.5714
4510000,0.000642,0.000709,0.000153,0.0101,0.0515,-9.6043
4520000,-0.004242,-0.000758,-0.002753,-0.1387,0.0697,-9.7699
4530000,0.000551,0.000545,-0.001594,0.0566,0.0132,-9.6501
4540000,0.000527,-0.002714,0.002182,0.0021,-0.1148,-9.7181
4550000,0.001007,0.003841,0.003060,-0.0258,0.0490,-9.5868
4560000,-0.001424,0.000147,0.002185,0.0017,-0.0961,-9.7234
4570000,-0.000198,-0.001501,0.002962,-0.0986,-0.0434,-9.7664
4580000,-0.001108,0.000538,0.000074,0.0707,-0.0010,-9.6376
4590000,-0.003631,-0.001122,-0.001598,-0.0388,-0.0268,-9.5192
4600000,-0.000210,0.002668,-0.000574,-0.1198,-0.0746,-9.6568
4610000,-0.000848,-0.003013,-0.000593,0.0295,-0.0982,-9.7300
4620000,-0.001211,-0.001480,0.004330,0.0022,0.0191,-9.6875
4630000,0.001607,-0.003412,-0.001434,0.0115,0.0595,-9.5894
4640000,0.000198,-0.001020,0.001022,-0.0048,-0.1237,-9.7655
4650000,-0.001911,0.001830,0.001539,-0.0616,0.0260,-9.6944
4660000,0.000453,0.004228,-0.000785,0.0433,0.0447,-9.4999
4670000,0.001734,0.001852,-0.003043,0.0383,-0.0637,-9.7558
4680000,-0.000792,0.001880,-0.000456,0.0192,-0.0471,-9.6080
4690000,-0.000966,0.002670,-0.003365,-0.0412,0.0129,-9.6697
4700000,-0.002985,-0.005193,0.000298,0.1644,0.1167,-9.6274
4710000,-0.000712,-0.001295,0.001256,-0.1473,0.0060,-9.7048
4720000,0.000781,0.003320,-0.000041,0.0531,-0.0304,-9.7237
4730000,0.001862,0.000488,0.002598,0.0229,-0.0605,-9.7300
4740000,-0.002523,0.002773,-0.000567,-0.1067,-0.0008,-9.5475
4750000,0.002062,-0.001812,0.000514,0.0737,0.0910,-9.6654
4760000,-0.000040,0.000708,-0.002563,0.0486,0.1161,-9.6987
4770000,0.001367,-0.001852,-0.002302,-0.0212,-0.0715,-9.6906
4780000,0.001886,0.001525,0.000267,-0.0625,0.0136,-9.7800
4790000,0.002480,-0.002766,0.003067,0.2227,-0.1178,-9.5380
4800000,0.002702,0.001080,0.004464,-0.0013,-0.1211,-9.4607
4810000,0.000194,0.002486,-0.004007,-0.0239,-0.0037,-9.6778
4820000,-0.003086,-0.003332,-0.000604,-0.1264,0.0164,-9.7068
4830000,0.001614,-0.004217,-0.002058,-0.0261,0.1734,-9.6263
4840000,-0.000710,0.005829,0.000305,0.0292,-0.1212,-9.6377
4850000,-0.000382,0.002640,0.004229,-0.0807,-0.0780,-9.6883
4860000,0.002890,-0.000524,-0.002109,0.0639,-0.1571,-9.6793
4870000,0.001906,-0.001919,0.000887,-0.1211,-0.0050,-9.7790
4880000,0.001809,-0.003703,-0.001151,0.0169,0.0430,-9.8725
4890000,-0.000403,0.002301,-0.001102,-0.1048,-0.0369,-9.7447
4900000,-0.000227,0.001668,0.000162,-0.0399,0.0401,-9.6422
4910000,0.001470,-0.000251,-0.001401,0.0408,-0.0420,-9.6110
4920000,0.003526,-0.001093,-0.000671,0.1044,-0.1317,-9.6554
4930000,0.001486,-0.002140,-0.002972,0.0714,-0.0297,-9.8671
4940000,-0.002269,0.000362,0.003490,-0.1044,-0.0123,-9.6610
4950000,0.000958,-0.002048,-0.001207,-0.0093,-0.1203,-9.6978
4960000,-0.000335,0.001825,0.004102,-0.0143,-0.0462,-9.8061
4970000,-0.000478,-0.001025,-0.003583,0.0297,-0.0361,-9.6559
4980000,0.002900,0.002069,0.002260,-0.1211,0.0615,-9.8427
4990000,-0.000812,0.000798,0.001494,-0.0527,-0.0100,-9.6627
5000000,0.000426,0.000035,-0.002369,0.0697,-0.0523,-9.6334
5010000,-0.001451,-0.000804,0.000949,-0.0449,-0.0496,-9.7344
5020000,-0.004177,0.000752,0.003574,-0.0045,-0.0979,-9.7027
5030000,0.000023,-0.001111,0.003319,0.0036,-0.0482,-9.7172
5040000,0.001949,0.001568,0.004709,0.0448,-0.0890,-9.5928
5050000,-0.004241,-0.003759,-0.003161,0.0362,-0.0999,-9.5507
5060000,-0.001560,-0.002722,0.002153,0.0431,-0.0394,-9.7133
5070000,-0.001039,0.003710,-0.003075,0.0782,-0.1382,-9.5527
5080000,-0.003540,-0.000941,-0.000006,0.0770,-0.1136,-9.8223
5090000,-0.001288,0.000627,-0.000190,-0.0850,0.0613,-9.7571
5100000,-0.001524,0.004692,0.003742,0.1150,-0.0575,-9.5737
5110000,-0.000574,0.001205,0.002087,-0.0656,0.0147,-9.5405
5120000,0.003471,0.002789,-0.001697,-0.0009,-0.0088,-9.7598
5130000,0.000781,0.001542,-0.005462,-0.0674,0.0686,-9.7471
5140000,0.001751,-0.004000,-0.000071,-0.0655,0.0285,-9.8007
5150000,-0.002651,0.003493,-0.001000,-0.0440,0.0416,-9.7211
5160000,-0.001129,0.000852,0.000037,-0.1296,0.0458,-9.6457
5170000,0.004540,0.000643,0.001194,-0.1252,-0.0809,-9.5503
5180000,-0.002056,-0.003254,0.001025,-0.1036,-0.0319,-9.6089
5190000,-0.002052,0.001097,0.001280,0.0543,0.0176,-9.5493
5200000,-0.003712,-0.002364,-0.001011,0.0603,-0.0107,-9.7124
5210000,0.000406,-0.001715,0.001087,0.0520,-0.0147,-9.7359
5220000,-0.001039,0.003383,-0.000999,-0.1442,-0.0918,-9.6806
5230000,0.000653,-0.001702,0.001223,0.0530,0.0344,-9.5964
5240000,-0.001381,-0.001080,-0.000236,-0.0946,-0.0437,-9.5565
5250000,0.000044,-0.003402,-0.003469,-0.0139,-0.0005,-9.6124
5260000,0.004009,0.002421,-0.002980,-0.0035,0.0089,-9.7076
5270000,-0.000775,0.004257,0.001904,-0.0821,0.0524,-9.5580
5280000,0.003257,0.003668,0.001416,0.0834,-0.0704,-9.6076
5290000,-0.001829,0.001007,-0.004056,0.0552,0.0328,-9.7247
5300000,0.000493,0.001093,0.001725,-0.0929,-0.0269,-9.7861
5310000,-0.001260,0.000214,-0.001586,0.0218,0.0112,-9.8270
5320000,0.003263,-0.001407,-0.003794,0.0500,-0.0059,-9.6722
5330000,0.001726,-0.004556,0.002672,-0.0125,-0.0860,-9.7008
5340000,0.001655,-0.000955,-0.002471,0.0867,-0.0076,-9.5959
5350000,-0.000152,-0.004349,0.001368,0.0721,-0.0655,-9.5952
5360000,-0.002688,0.000091,0.001891,0.0048,0.0361,-9.5809
5370000,-0.001217,-0.003910,-0.002305,-0.0684,0.0278,-9.6449
5380000,0.001738,0.000337,0.000935,-0.0723,0.0793,-9.6141
5390000,-0.004199,0.000887,0.000648,-0.0520,-0.0369,-9.6796
5400000,-0.002826,-0.000520,-0.001809,0.1052,0.1848,-9.7755
5410000,0.002236,0.003832,-0.000748,-0.0127,-0.0160,-9.7058
5420000,-0.000422,0.002425,-0.001321,-0.0443,-0.0617,-9.6175
5430000,0.000818,-0.000056,-0.000317,-0.0100,0.0476,-9.6507
5440000,-0.000157,0.000041,0.000879,-0.0564,0.0365,-9.6525
5450000,0.000105,-0.000151,0.004453,0.0404,0.0343,-9.8174
5460000,-0.000768,-0.002676,0.000106,-0.0969,0.1008,-9.6779
5470000,0.000100,-0.001435,-0.003721,0.0575,0.0678,-9.6272
5480000,-0.000594,-0.001282,0.001800,-0.0744,-0.0676,-9.6368
5490000,-0.002498,0.001115,-0.000974,0.1079,-0.0190,-9.6101
5500000,0.000568,0.000708,0.001660,-0.0601,-0.0260,-9.7534
5510000,0.002643,0.001380,0.002988,0.0360,0.1114,-9.5354
5520000,0.000903,-0.001246,0.000964,0.0047,0.0052,-9.6916
5530000,-0.000220,0.000637,-0.004751,0.0080,-0.0597,-9.5990
5540000,-0.000362,-0.001611,-0.000802,-0.1199,0.1082,-9.6301
5550000,-0.000472,-0.003049,0.000530,-0.0111,0.0137,-9.7132
5560000,0.006150,0.002579,-0.000917,0.0832,-0.1088,-9.5818
5570000,-0.000997,-0.001025,-0.000730,-0.0550,0.0064,-9.6850
5580000,0.000907,-0.000036,0.002703,-0.0314,-0.0440,-9.7109
5590000,0.000585,0.000468,-0.002351,0.0417,-0.0729,-9.7866
5600000,-0.000088,0.000091,-0.000970,0.0138,0.0061,-9.6667
5610000,0.001107,-0.002039,0.001519,0.0182,-0.0256,-9.5718
5620000,0.000349,0.000685,-0.000314,-0.0867,-0.1593,-9.5331
5630000,0.002214,0.002421,-0.000927,0.0444,0.1009,-9.6437
5640000,-0.001544,-0.002825,-0.001199,0.0842,-0.0586,-9.5940
5650000,0.002414,0.001165,-0.000850,-0.0800,0.1174,-9.6238
5660000,0.001172,0.000029,-0.002187,0.0964,0.1523,-9.6271
5670000,-0.004172,0.004731,-0.000730,0.0599,0.0457,-9.6560
5680000,0.000140,0.000253,-0.000075,0.0145,-0.0481,-9.7347
5690000,0.002365,0.002613,0.000728,-0.0712,0.0209,-9.6531
5700000,0.003156,-0.001132,0.001106,-0.0565,0.0178,-9.7222
5710000,-0.002045,-0.000560,-0.001653,0.1472,-0.0654,-9.6668
5720000,-0.000546,-0.000098,-0.003217,0.0513,0.0694,-9.5918
5730000,0.001084,0.001055,0.002206,-0.0770,0.0413,-9.6537
5740000,-0.000969,0.001024,-0.001929,0.1699,0.0973,-9.6313
5750000,-0.003738,0.001267,0.002131,0.0275,-0.0360,-9.7056
5760000,0.001016,-0.002823,-0.005962,-0.0020,-0.0636,-9.7130
5770000,-0.002037,-0.001676,0.002390,-0.0111,-0.0331,-9.6925
5780000,0.001482,0.000401,-0.001907,-0.0311,-0.0104,-9.7912
5790000,0.000481,-0.001270,0.003244,-0.0741,-0.1557,-9.7401
5800000,0.002350,0.001246,0.000991,0.0034,0.0139,-9.7279
5810000,-0.001032,0.000663,-0.000285,0.0561,-0.0382,-9.6589
5820000,-0.000771,0.000798,0.003383,0.0793,0.1193,-9.5913
5830000,-0.005372,-0.002999,-0.003451,0.0519,-0.0708,-9.7381
5840000,0.002193,0.001595,0.000939,0.0007,0.0857,-9.6175
5850000,-0.001736,-0.003391,0.000242,-0.1538,0.0411,-9.7885
5860000,-0.000460,-0.002869,-0.000917,-0.0074,-0.1490,-9.6224
5870000,-0.004920,-0.001004,0.001722,-0.0466,-0.0268,-9.5451
5880000,-0.000745,-0.002183,-0.001634,-0.1710,-0.1107,-9.6825
5890000,-0.001670,0.001423,0.000838,0.1028,0.1211,-9.6166
5900000,0.000252,-0.001486,-0.002676,-0.0139,0.0578,-9.5974
5910000,-0.001665,-0.004284,0.001865,-0.0297,0.0061,-9.8222
5920000,-0.000896,-0.001181,0.002804,-0.0243,-0.0433,-9.6496
5930000,0.001091,-0.001109,-0.001048,-0.0548,0.0639,-9.5880
5940000,0.000481,-0.000962,-0.001080,0.0657,-0.0121,-9.6996
5950000,-0.004157,-0.000419,-0.000622,0.1564,-0.1429,-9.6572
5960000,-0.004562,0.000001,0.001272,-0.0239,0.0801,-9.6569
5970000,0.004049,-0.000742,0.002862,0.0013,-0.0930,-9.6018
5980000,-0.003232,0.000813,0.001682,0.0483,0.0474,-9.6297
5990000,0.000913,0.005510,-0.001626,0.1132,0.0543,-9.6279
6000000,-0.002222,-0.001791,-0.001413,0.0658,0.0081,-9.6439
6010000,-0.001657,-0.000714,0.001880,0.0690,0.0155,-9.8012
6020000,-0.001773,-0.000962,0.002324,-0.2188,0.0707,-9.6875
6030000,-0.001191,0.000165,-0.001706,-0.0691,0.0152,-9.6963
6040000,-0.001909,0.004255,0.002461,0.0719,0.0255,-9.6625
6050000,-0.001687,0.000569,-0.001425,0.0245,0.0580,-9.5704
6060000,0.002875,-0.001987,-0.000367,-0.0652,-0.1486,-9.6338
6070000,-0.001188,0.000775,0.002509,-0.0808,0.1183,-9.6288
6080000,0.001447,-0.002534,-0.001635,-0.0283,-0.0738,-9.5919
6090000,0.000324,0.002013,0.001175,0.0363,-0.0026,-9.5915
6100000,-0.002574,-0.002847,0.000298,0.0705,0.0010,-9.7462
6110000,-0.000409,0.003440,0.000018,0.0172,-0.0782,-9.6064
6120000,0.001668,0.000412,-0.000179,0.1445,-0.0854,-9.5841
6130000,0.001862,0.002629,0.000460,-0.0358,-0.0400,-9.6075
6140000,0.000316,0.002941,0.000068,0.0546,0.0382,-9.6269
6150000,-0.000260,0.001877,-0.000426,0.0358,-0.1479,-9.5975
6160000,-0.002076,0.001388,0.001537,-0.1383,0.0433,-9.6722
6170000,-0.001997,0.001671,0.000760,0.0622,0.0006,-9.6861
6180000,0.002619,-0.002359,-0.005806,-0.1356,-0.0493,-9.7241
6190000,0.000283,-0.000368,-0.001173,0.1616,0.0930,-9.7138
6200000,0.002888,0.002608,0.000154,-0.0372,-0.0711,-9.6520
6210000,0.003710,0.001675,0.000613,-0.1520,-0.0719,-9.5909
6220000,-0.000506,-0.002529,-0.001925,0.0596,-0.1393,-9.7187
6230000,-0.000600,-0.000124,-0.000574,-0.0671,0.0676,-9.7148
6240000,-0.001186,-0.001859,0.003609,0.0221,-0.0953,-9.6288
6250000,-0.003395,0.002950,0.001174,0.0640,0.0267,-9.5743
6260000,0.003991,-0.003135,-0.001952,0.0964,-0.0062,-9.7774
6270000,0.000993,0.000647,0.001301,0.1207,-0.1968,-9.6491
6280000,0.001073,-0.000756,0.000306,-0.0112,-0.0090,-9.7318
6290000,-0.002995,0.003248,0.002417,-0.0349,-0.1468,-9.6533
6300000,-0.001426,0.000306,-0.000025,0.0359,0.0465,-9.7226
6310000,0.000701,-0.000685,-0.002934,0.0550,-0.0726,-9.5961
6320000,0.002769,-0.002549,-0.001284,-0.0158,-0.0367,-9.4754
6330000,0.000019,0.001409,0.000435,-0.1344,-0.0058,-9.6344
6340000,-0.000330,-0.003510,-0.003143,-0.1547,0.0222,-9.6679
6350000,0.002214,0.002591,-0.000979,-0.0719,0.0321,-9.7451
6360000,-0.001190,-0.001663,0.000883,0.0230,0.0381,-9.6921
6370000,0.004932,-0.002498,-0.001679,-0.1325,0.0258,-9.6464
6380000,-0.002869,0.002391,-0.000253,0.0689,-0.0756,-9.8304
6390000,0.000028,0.000557,0.000748,0.0008,0.1054,-9.6922
6400000,-0.001370,-0.002803,-0.004328,-0.2251,0.0670,-9.5224
6410000,-0.001242,0.000720,0.000006,0.0813,0.0034,-9.5501
6420000,-0.000160,-0.004912,0.000895,-0.0898,-0.0828,-9.7057
6430000,0.001123,-0.000841,-0.001078,0.0468,-0.0876,-9.7236
6440000,0.001773,0.000162,-0.001870,-0.0109,0.1126,-9.7938
6450000,0.001193,0.002640,-0.001321,0.0730,-0.0520,-9.6687
6460000,0.001073,-0.001625,0.000615,0.1050,-0.0551,-9.7599
6470000,-0.000650,-0.001040,0.000889,0.0760,0.0062,-9.6320
6480000,0.002263,0.001881,0.000279,-0.0636,0.0563,-9.6254
6490000,-0.001276,-0.001531,0.000930,-0.1058,0.0874,-9.6700
6500000,0.002409,-0.002003,-0.000948,-0.0083,0.1484,-9.6393
6510000,0.002913,-0.004970,-0.002426,0.0537,-0.0816,-9.7213
6520000,0.001237,-0.003158,0.000622,-0.0328,0.0524,-9.6394
6530000,-0.001398,0.002248,0.000619,-0.0286,0.0746,-9.6944
6540000,0.000146,-0.000648,-0.002194,-0.0946,-0.0717,-9.7506
6550000,-0.000781,-0.000253,0.001009,-0.0960,-0.0428,-9.7136
6560000,0.000002,-0.001113,-0.001020,-0.2035,-0.0939,-9.6483
6570000,0.002171,0.000431,-0.000307,-0.0307,-0.1170,-9.6255
6580000,-0.001813,0.003226,0.000347,0.0722,0.0366,-9.4678
6590000,0.001572,-0.001486,-0.000546,0.0445,-0.0729,-9.7589
6600000,0.001101,0.000274,0.001833,0.1286,-0.1538,-9.6020
6610000,0.002285,0.001156,-0.000792,0.0886,0.0023,-9.6396
6620000,0.000197,-0.000282,-0.000128,-0.0170,-0.0493,-9.7112
6630000,-0.001930,-0.001098,-0.005615,0.0960,0.0167,-9.6088
6640000,0.000544,0.001198,0.002853,0.0125,-0.0267,-9.7041
6650000,-0.000973,-0.000261,-0.000553,0.0213,-0.0037,-9.7147
6660000,0.000498,0.000040,0.000259,-0.2212,0.0861,-9.7923
6670000,0.000073,0.000607,-0.000857,0.0919,-0.0853,-9.7588
6680000,0.001417,-0.000480,0.001200,0.1335,0.0477,-9.6128
6690000,-0.002017,0.002412,0.000142,-0.1049,-0.0891,-9.7763
6700000,0.004299,0.000218,0.002453,0.0009,0.0663,-9.5784
6710000,-0.000724,0.002069,0.002461,0.0351,-0.0723,-9.5020
6720000,-0.000071,-0.002407,0.000698,-0.0766,0.1084,-9.6949
6730000,-0.000850,0.000001,0.000843,0.0371,0.0155,-9.4774
6740000,0.002338,0.002376,-0.001580,0.0298,0.0410,-9.7858
6750000,0.003288,0.001816,-0.000860,-0.1644,0.0788,-9.7097
6760000,-0.000886,-0.000983,0.003098,0.0362,-0.0237,-9.6694
6770000,-0.001166,0.000243,0.000058,0.1408,-0.0216,-9.5587
6780000,-0.002910,0.002791,0.003016,0.0547,0.0044,-9.6923
6790000,-0.001668,-0.001794,-0.003038,0.0100,-0.0671,-9.7209
6800000,-0.001524,-0.000846,-0.000485,-0.0301,0.0109,-9.7148
6810000,-0.001416,-0.000551,0.000635,-0.1553,-0.0167,-9.6826
6820000,-0.001009,-0.000295,-0.001246,-0.0762,-0.0792,-9.5985
6830000,-0.002268,-0.003232,-0.001074,0.0467,0.0473,-9.7108
6840000,-0.000474,-0.002386,0.000930,0.0172,-0.1374,-9.7169
6850000,-0.003145,-0.002853,-0.002225,0.1066,-0.1969,-9.6246
6860000,-0.001887,-0.000811,0.000290,0.1884,0.0211,-9.7898
6870000,0.000253,-0.000135,0.004163,-0.2341,0.0490,-9.5573
6880000,0.001264,-0.001038,-0.004124,-0.1392,-0.1152,-9.5189
6890000,-0.000130,0.001300,-0.001142,-0.0110,0.0343,-9.7378
6900000,0.007905,0.000437,-0.005009,-0.0365,0.0821,-9.5766
6910000,0.001716,-0.000846,0.000623,0.1265,-0.1933,-9.7328
6920000,0.003495,0.000542,-0.000875,-0.1768,-0.0364,-9.7127
6930000,-0.000366,0.000760,0.001022,-0.0096,0.0104,-9.6698
6940000,0.001424,0.001088,0.002644,0.0246,-0.0288,-9.7618
6950000,-0.000869,-0.002909,-0.000573,-0.0092,0.0187,-9.6560
6960000,-0.002394,0.002609,-0.000282,0.0619,-0.0075,-9.5690
6970000,0.002744,0.003468,0.003005,-0.0386,0.0452,-9.7064
6980000,0.000831,-0.000773,-0.000270,-0.1340,-0.0619,-9.7202
6990000,0.000885,0.000470,0.001767,0.0238,-0.0016,-9.5612
7000000,-0.000545,-0.002066,0.000876,-0.0019,0.0185,-9.7020
7010000,0.000263,-0.000338,-0.003986,-0.1101,-0.1123,-9.7718
7020000,-0.001394,0.000071,0.001931,0.0452,-0.1071,-9.6238
7030000,-0.000438,-0.000843,0.002601,-0.0019,0.0305,-9.6186
7040000,0.000916,0.001095,-0.001833,0.0417,-0.0521,-9.7210
7050000,-0.003857,-0.000162,-0.002400,-0.0584,0.0254,-9.5812
7060000,-0.000356,-0.000517,-0.001242,-0.0580,0.0843,-9.7791
7070000,0.002211,0.001286,-0.001207,0.0182,0.0951,-9.7930
7080000,0.001109,0.003372,0.000864,-0.2080,-0.1040,-9.5571
7090000,-0.001994,-0.002797,0.000007,0.0844,-0.0625,-9.6877
7100000,0.000497,0.001256,-0.000919,-0.1111,0.0153,-9.5739
7110000,-0.005206,0.001280,-0.001564,-0.1267,0.0134,-9.7293
7120000,0.002358,0.004501,-0.000116,0.0956,-0.0265,-9.6567
7130000,0.001077,-0.003359,-0.001476,0.0033,0.0288,-9.7974
7140000,0.000422,-0.000903,0.001511,-0.0152,0.0404,-9.7661
7150000,0.004321,-0.001779,0.000205,-0.0826,-0.0458,-9.8863
7160000,-0.002640,-0.002853,-0.001312,-0.0928,0.2064,-9.7374
7170000,0.001862,0.000089,-0.003407,-0.0052,0.1189,-9.7480
7180000,0.001118,-0.000878,-0.001987,0.1279,-0.0231,-9.6469
7190000,-0.000960,0.001468,0.002532,0.0184,-0.0953,-9.7657
7200000,0.001113,-0.001045,-0.001020,-0.0020,-0.0109,-9.7312
7210000,-0.000214,0.001742,0.002790,-0.0676,0.0706,-9.6946
7220000,-0.001218,-0.001171,-0.000519,0.0966,0.0041,-9.6484
7230000,0.001317,0.001699,-0.002026,0.2040,0.0197,-9.6395
7240000,0.000802,-0.003004,-0.000406,0.0846,0.0177,-9.6146
7250000,0.003469,0.001304,0.000004,-0.0147,0.0362,-9.7377
7260000,-0.002208,0.000832,-0.001320,-0.0798,-0.0172,-9.6360
7270000,0.001265,-0.000378,0.000215,0.0407,0.0188,-9.7574
7280000,-0.002095,0.001687,0.000458,-0.0639,0.0698,-9.5318
7290000,0.000350,-0.002311,0.000852,0.1116,-0.2574,-9.8531
7300000,0.000320,0.001444,0.001034,-0.0683,0.1128,-9.7137
7310000,0.000876,0.000369,-0.001034,-0.0860,0.0401,-9.6315
7320000,0.000955,0.002605,-0.001590,0.0482,0.0163,-9.7038
7330000,0.004360,-0.003475,-0.000159,0.1155,0.0703,-9.7273
7340000,0.000965,0.002758,0.001538,-0.0238,0.0363,-9.6499
7350000,-0.001779,0.003454,0.001248,-0.0771,0.0655,-9.5879
7360000,-0.001431,0.002407,-0.002321,0.0173,0.0417,-9.6030
7370000,0.000241,0.000694,-0.004776,0.0104,0.0317,-9.7217
7380000,0.002162,0.000668,0.001101,-0.0680,0.0815,-9.7190
7390000,0.001634,0.001312,-0.000954,0.0046,0.0653,-9.5740
7400000,-0.001610,-0.000182,0.002337,0.1260,0.0426,-9.6225
7410000,0.000761,0.003147,0.001815,-0.0104,0.0548,-9.6806
7420000,0.002727,-0.000922,0.001104,-0.0058,-0.0567,-9.6461
7430000,-0.004027,-0.002246,0.001087,0.0064,0.0825,-9.5978
7440000,0.001540,-0.001395,-0.001532,-0.0798,-0.0299,-9.6921
7450000,0.000917,-0.001215,-0.002844,-0.0531,0.1192,-9.6557
7460000,0.000312,-0.001362,0.000413,0.0252,0.0528,-9.5524
7470000,-0.000516,-0.000980,-0.000853,0.1321,-0.0905,-9.6707
7480000,0.001908,-0.001489,-0.004695,-0.0720,0.0584,-9.6547
7490000,-0.000059,0.000273,0.003771,0.0794,-0.0183,-9.7679
7500000,-0.001596,-0.001515,-0.000394,0.1344,0.2041,-9.6587
7510000,-0.000808,-0.001148,0.002222,0.0164,0.0133,-9.7960
7520000,0.000226,-0.002173,-0.001207,-0.0311,0.0627,-9.6669
7530000,-0.001473,-0.000385,-0.002261,0.0281,0.0433,-9.8181
7540000,-0.000626,-0.001724,-0.000485,-0.0550,0.1769,-9.7159
7550000,-0.001120,-0.002058,-0.001470,0.0058,0.0113,-9.7054
7560000,-0.000357,-0.002149,-0.000293,-0.0344,-0.0912,-9.7231
7570000,-0.003016,0.001546,0.002771,-0.0174,-0.0747,-9.6002
7580000,-0.001470,0.001919,0.001767,-0.1012,-0.0030,-9.6284
7590000,-0.000309,0.000798,-0.001814,0.0614,-0.0236,-9.8244
7600000,-0.001135,0.001673,-0.000372,0.0270,-0.0401,-9.5971
7610000,0.001633,0.000436,-0.001754,0.0061,-0.1361,-9.9434
7620000,-0.000392,0.001535,0.002290,-0.0063,-0.0119,-9.7154
7630000,0.000468,0.002117,-0.000251,-0.1439,0.1142,-9.6670
7640000,-0.000448,-0.001008,0.001969,-0.0337,0.0944,-9.7254
7650000,0.003587,-0.003277,-0.001873,0.0009,-0.1676,-9.8877
7660000,0.001678,-0.003450,0.003256,0.0208,0.0226,-9.6458
7670000,0.000228,0.000918,-0.001878,0.1039,0.0548,-9.7020
7680000,0.004459,-0.000161,-0.001639,-0.0430,-0.0760,-9.5513
7690000,-0.002618,-0.003073,-0.000012,0.0602,-0.0538,-9.6556
7700000,-0.003167,-0.002266,0.002230,-0.0724,0.0858,-9.7331
7710000,-0.001752,0.000416,0.000561,0.0289,-0.1564,-9.7225
7720000,-0.000269,0.001827,-0.003231,-0.0495,-0.0903,-9.6172
7730000,0.002849,0.003049,-0.001618,-0.0259,0.0270,-9.6643
7740000,-0.001435,-0.001638,-0.001251,-0.0694,-0.0290,-9.8380
7750000,-0.000353,-0.000440,-0.000710,-0.1100,0.0161,-9.7109
7760000,-0.002060,-0.001258,-0.002966,0.0549,0.0877,-9.6413
7770000,-0.001471,0.000722,0.004643,-0.0878,0.0551,-9.7927
7780000,0.005665,0.004297,-0.000998,-0.0070,0.0506,-9.7296
7790000,-0.001313,-0.000793,0.005899,0.0689,0.0764,-9.6279
7800000,-0.002757,-0.002121,0.001916,-0.0442,-0.0127,-9.6688
7810000,-0.000890,-0.000687,0.005290,0.0284,-0.0451,-9.7833
7820000,-0.001102,0.000584,0.002361,0.0220,-0.1044,-9.7317
7830000,0.001049,0.000602,-0.001203,0.0011,-0.0483,-9.6203
7840000,0.001030,0.000133,0.001754,-0.0788,0.0408,-9.7304
7850000,0.004024,-0.001378,-0.002069,0.0749,-0.0025,-9.5882
7860000,-0.000249,-0.004288,-0.004028,0.0452,0.0790,-9.4960
7870000,-0.001001,-0.000444,0.000166,0.0778,0.0731,-9.5199
7880000,-0.000320,0.002329,0.001184,-0.0981,-0.1065,-9.6442
7890000,0.000612,-0.002419,0.000227,-0.0457,0.0167,-9.7907
7900000,0.000531,0.000227,-0.000958,0.0526,0.0694,-9.7150
7910000,0.001851,0.001983,-0.002615,-0.0405,0.0831,-9.5543
7920000,-0.003211,-0.003424,0.001151,-0.0853,-0.0582,-9.7140
7930000,-0.001565,0.002048,-0.002237,-0.0345,-0.0635,-9.6657
7940000,-0.000351,0.003473,-0.003166,0.0079,0.0292,-9.6218
7950000,-0.001717,-0.001884,-0.000244,0.1220,-0.0632,-9.7747
7960000,-0.000100,0.002241,0.004517,-0.0047,-0.0475,-9.4803
7970000,0.001969,-0.002396,0.000398,0.1022,-0.0114,-9.6857
7980000,0.002007,0.000497,0.000097,0.0303,0.1061,-9.8053
7990000,-0.001031,-0.004519,0.002138,0.0032,-0.0173,-9.6584
8000000,-0.000360,0.001663,0.001832,-0.0385,0.0666,-9.4952
8010000,-0.001298,0.004318,-0.000200,-0.0460,-0.0512,-9.6412
8020000,-0.001744,-0.003072,0.000064,-0.0055,0.0531,-9.6459
8030000,-0.001739,-0.003857,0.000795,-0.0039,-0.0285,-9.6971
8040000,0.000826,-0.001059,0.002661,-0.0180,0.0858,-9.7252
8050000,-0.002985,0.003373,-0.000797,0.0511,0.0629,-9.6099
8060000,0.002548,-0.001448,0.000054,0.0436,-0.0938,-9.7513
8070000,0.000513,-0.003715,-0.000427,-0.0904,-0.1337,-9.7071
8080000,-0.002545,-0.000855,-0.002434,-0.0960,-0.0364,-9.6462
8090000,0.001198,-0.002202,0.000628,-0.0337,-0.0859,-9.6323
8100000,0.000904,0.001011,-0.000369,-0.1092,-0.0083,-9.6807
8110000,0.000164,0.002498,0.000069,-0.0022,-0.0683,-9.6680
8120000,0.000237,0.001002,0.003351,0.0853,0.0380,-9.5687
8130000,0.002550,0.000221,0.000063,0.0185,-0.0092,-9.6221
8140000,0.001166,0.000859,0.001201,0.0020,0.0293,-9.7682
8150000,-0.001117,0.000118,-0.000843,-0.0034,-0.0286,-9.7560
8160000,0.001147,0.000980,0.000787,0.0837,0.0282,-9.4185
8170000,0.004421,-0.001242,-0.000677,-0.0240,0.1173,-9.5047
8180000,0.000434,0.002273,0.000750,-0.0100,0.0052,-9.6648
8190000,0.000888,0.000527,0.000465,-0.0357,0.0577,-9.5998
8200000,0.002643,0.002004,0.000261,0.0540,-0.0017,-9.6300
8210000,-0.002189,-0.001271,0.001345,-0.1133,0.0952,-9.6543
8220000,0.000333,-0.000365,0.001541,0.0208,0.0230,-9.5353
8230000,-0.000273,0.003016,0.000168,-0.1899,0.0535,-9.6994
8240000,0.000140,-0.000647,0.000455,-0.0305,-0.0179,-9.8418
8250000,0.000147,-0.001216,0.002289,-0.0960,0.1589,-9.6833
8260000,-0.000973,0.003031,-0.000727,0.1112,-0.0334,-9.6643
8270000,0.001464,-0.002008,-0.000140,0.1560,0.1807,-9.7180
8280000,-0.000753,-0.003062,-0.000656,0.0219,-0.0005,-9.5952
8290000,-0.001020,0.003186,0.000641,-0.0360,0.0138,-9.6409
8300000,0.002546,-0.000846,-0.000069,-0.0843,-0.1307,-9.7155
8310000,0.000053,-0.000192,-0.000404,-0.0187,-0.0136,-9.6436
8320000,-0.000596,0.001301,-0.000847,-0.1186,-0.0100,-9.5817
8330000,-0.000296,0.001041,-0.001956,-0.0692,0.0196,-9.6988
8340000,0.000065,-0.002485,0.001195,-0.0334,0.0474,-9.5093
8350000,-0.002472,-0.000048,-0.003013,-0.2320,-0.0715,-9.6961
8360000,-0.004392,0.004185,-0.003126,-0.0739,0.0034,-9.6366
8370000,-0.000414,-0.000536,0.001362,0.0764,0.0414,-9.7012
8380000,-0.001989,-0.001541,0.003139,-0.0347,-0.0751,-9.5682
8390000,-0.000140,-0.001149,-0.000170,-0.1299,0.0648,-9.5231
8400000,0.000552,-0.001403,0.003722,0.0018,0.0656,-9.7130
8410000,0.002880,-0.000845,-0.000283,-0.1016,-0.0542,-9.7333
8420000,0.001325,0.001418,-0.003681,-0.1221,-0.0221,-9.6993
8430000,-0.002241,0.003215,0.002265,0.2168,0.1275,-9.6555
8440000,-0.004152,0.002658,0.001223,-0.0634,0.0025,-9.6636
8450000,-0.000090,-0.000361,-0.001756,-0.0454,-0.0210,-9.6031
8460000,0.000326,-0.000832,-0.001082,-0.1342,0.1332,-9.6503
8470000,0.001199,0.000482,0.003738,0.0322,-0.1488,-9.6805
8480000,0.000072,-0.001030,0.002074,-0.0172,-0.1276,-9.6540
8490000,0.001087,-0.004138,0.002093,-0.1023,0.0214,-9.7180
8500000,0.000404,0.001559,-0.004035,-0.0822,-0.0780,-9.6898
8510000,0.005630,-0.000859,0.000661,-0.1543,0.1173,-9.7258
8520000,0.004666,0.000285,0.003085,-0.0218,0.0152,-9.7709
8530000,0.001270,0.002412,-0.002313,0.0424,0.0651,-9.7756
8540000,0.000408,-0.001434,-0.001490,-0.1576,0.0553,-9.6229
8550000,-0.000790,0.001086,-0.000067,-0.1412,0.0026,-9.6934
8560000,0.000518,0.005127,0.001705,-0.0829,-0.0038,-9.7062
8570000,0.000905,-0.000119,0.001238,0.0244,0.0223,-9.6920
8580000,-0.002176,-0.002703,0.000139,-0.0606,-0.0352,-9.6241
8590000,-0.000272,-0.003224,0.000362,-0.0647,0.0364,-9.6517
8600000,-0.002439,-0.002379,0.001935,-0.0004,0.0393,-9.6209
8610000,0.001150,-0.002183,-0.002187,0.0192,0.0472,-9.6874
8620000,-0.001012,0.003476,0.001270,-0.0844,-0.0035,-9.6957
8630000,0.001106,0.001918,0.000750,-0.0060,-0.0190,-9.5750
8640000,-0.002234,0.001111,0.001988,0.0272,-0.1081,-9.6478
8650000,0.000695,0.000018,0.002728,-0.0858,-0.0136,-9.6637
8660000,-0.002371,0.001480,0.000672,-0.0263,-0.0678,-9.5912
8670000,0.002209,-0.000532,0.001888,-0.0466,0.0286,-9.7168
8680000,0.000636,0.000031,0.001329,0.1442,0.0128,-9.7039
8690000,-0.004618,0.001946,0.002463,-0.0301,0.0819,-9.6737
8700000,-0.000112,-0.001201,0.000182,-0.0710,-0.0082,-9.5580
8710000,0.001517,0.000849,-0.000694,-0.0051,-0.0715,-9.7031
8720000,-0.001513,0.001233,-0.001206,0.0905,-0.0161,-9.6465
8730000,-0.006116,0.002502,-0.003297,0.0529,0.0377,-9.6809
8740000,0.001599,-0.003522,-0.000316,-0.0860,0.0242,-9.7142
8750000,-0.002064,0.001114,0.000637,-0.1339,-0.1071,-9.6681
8760000,-0.000012,0.000224,0.000093,-0.0239,-0.0672,-9.6248
8770000,0.001679,-0.000743,0.003238,-0.1487,-0.0666,-9.7502
8780000,-0.001809,-0.001195,-0.000323,0.0044,-0.0718,-9.7376
8790000,0.001328,-0.003835,-0.000008,0.0759,-0.0103,-9.5707
8800000,0.001942,-0.000088,0.000102,-0.0585,-0.0357,-9.6477
8810000,0.003553,-0.000772,-0.000968,0.0252,-0.0161,-9.7120
8820000,-0.000783,0.001228,0.001491,-0.0277,-0.0453,-9.6925
8830000,0.001894,0.001040,-0.001811,0.0117,-0.0267,-9.5710
8840000,0.001931,0.001380,0.001898,0.1460,-0.0215,-9.7081
8850000,0.000126,-0.001512,-0.002258,0.0650,-0.0285,-9.6917
8860000,0.003135,-0.002446,0.001297,-0.0173,-0.1026,-9.7136
8870000,0.003719,-0.002538,-0.000728,-0.0619,-0.0449,-9.6231
8880000,0.000061,-0.000410,-0.000496,0.0693,0.0278,-9.7588
8890000,0.000042,-0.001747,0.001995,-0.0950,-0.0961,-9.6587
8900000,0.002960,0.001901,-0.000410,-0.0407,-0.0200,-9.5855
8910000,-0.000012,0.002556,-0.000557,-0.1215,-0.0069,-9.7620
8920000,0.001609,0.000053,0.000209,-0.0958,0.1066,-9.6932
8930000,-0.003358,0.000346,-0.003350,0.0331,-0.0583,-9.6514
8940000,-0.000608,0.000286,0.000380,-0.0267,0.0156,-9.5939
8950000,0.004783,0.001479,0.002154,-0.0698,0.0707,-9.7761
8960000,-0.000381,-0.002992,0.000051,0.0891,0.0361,-9.4801
8970000,-0.001667,0.001602,-0.003308,0.0205,-0.0186,-9.6448
8980000,-0.002176,-0.001141,-0.002170,0.1255,-0.0860,-9.6628
8990000,0.000075,-0.000982,0.001436,0.0547,0.1768,-9.6131
9000000,0.000856,0.001308,0.002176,0.0559,-0.0523,-9.7692
9010000,-0.001428,-0.003130,0.003867,-0.1711,0.0076,-9.5380
9020000,0.001933,0.003778,0.000575,0.1164,-0.1113,-9.8570
9030000,-0.001630,0.000751,-0.000025,0.0503,0.0282,-9.7862
9040000,0.000213,-0.001171,0.000632,-0.0030,-0.1019,-9.7359
9050000,0.001934,0.001539,0.001214,0.0180,0.1516,-9.7031
9060000,-0.000413,0.001439,0.002368,-0.0163,-0.0025,-9.6899
9070000,0.004043,0.000128,-0.003839,-0.0100,0.0078,-9.6507
9080000,-0.005153,0.002518,-0.000371,-0.0587,-0.0386,-9.5768
9090000,0.001708,0.000766,-0.003966,-0.0040,0.1826,-9.6271
9100000,-0.002826,0.001438,0.003815,-0.2059,-0.1641,-9.7063
9110000,0.001568,-0.002608,0.002992,0.0641,-0.0368,-9.7546
9120000,-0.000389,-0.000145,0.002054,-0.0970,-0.0081,-9.6333
9130000,0.001158,0.003180,-0.000710,0.1712,0.0020,-9.6645
9140000,0.004217,0.003741,-0.002104,0.0732,0.0153,-9.8097
9150000,0.000749,-0.000135,-0.001369,-0.0093,0.0935,-9.6601
9160000,0.000603,-0.003659,-0.000931,-0.0199,0.0354,-9.6111
9170000,-0.003627,-0.000719,0.003372,-0.1741,-0.0915,-9.7600
9180000,0.002664,0.001931,-0.004627,-0.2116,-0.0650,-9.5562
9190000,0.000123,0.000207,0.001895,-0.0505,0.0142,-9.6781
9200000,0.002089,-0.001399,0.001166,-0.0230,-0.0378,-9.6299
9210000,0.001618,-0.003120,-0.000215,-0.0290,-0.0568,-9.7707
9220000,0.001283,-0.000961,0.002973,-0.0219,-0.0846,-9.7017
9230000,0.000390,0.002645,0.001992,0.0426,0.0624,-9.7117
9240000,-0.000860,0.002175,0.001246,-0.0043,0.1192,-9.8310
9250000,-0.002662,-0.000942,-0.002928,0.0805,0.0106,-9.6823
9260000,-0.000537,-0.000646,-0.000279,0.0261,-0.1150,-9.6277
9270000,-0.002344,0.000436,-0.002105,0.0292,0.0724,-9.6359
9280000,0.001348,0.000198,-0.003282,-0.1558,-0.1162,-9.7181
9290000,-0.001353,-0.004599,0.002915,0.0286,0.0632,-9.6423
9300000,-0.003474,-0.004055,-0.001691,-0.1239,0.1823,-9.6821
9310000,0.002489,0.000678,-0.001466,-0.0653,0.0282,-9.6131
9320000,0.000034,0.001258,-0.000273,-0.0954,0.0501,-9.7627
9330000,0.003357,0.001309,-0.000147,-0.0176,-0.0285,-9.6094
9340000,-0.000682,-0.001719,-0.000920,-0.0182,-0.1085,-9.6020
9350000,0.001431,-0.000666,-0.000444,0.0649,0.0516,-9.8426
9360000,0.001433,-0.000610,-0.000444,-0.0273,-0.0620,-9.7043
9370000,0.002368,-0.001633,-0.003208,-0.1658,0.1074,-9.7570
9380000,-0.002398,0.000551,0.001651,-0.0396,0.0376,-9.6162
9390000,-0.000507,0.001359,0.002955,-0.0043,-0.0897,-9.7511
9400000,-0.000122,0.005709,-0.000330,0.1549,-0.1308,-9.7791
9410000,0.003292,0.000415,0.000519,0.0185,-0.1453,-9.6548
9420000,-0.003228,-0.000432,-0.002795,0.0342,0.0763,-9.6128
9430000,0.001031,-0.002260,-0.000439,0.0001,0.1808,-9.7652
9440000,0.000558,0.000249,0.000541,0.1243,-0.1988,-9.6550
9450000,-0.000617,0.001197,0.001555,-0.0714,-0.0941,-9.6842
9460000,0.003178,0.000585,0.002502,-0.1458,0.0292,-9.6313
9470000,-0.001416,0.000335,0.004140,0.0457,0.0263,-9.7316
9480000,0.001766,-0.000953,-0.000349,-0.0973,-0.0043,-9.7126
9490000,-0.000721,0.002041,-0.002224,0.0556,-0.0109,-9.5595
9500000,0.000837,0.001158,0.002835,0.0352,0.0983,-9.6281
9510000,0.000173,-0.001357,0.004535,-0.1306,-0.0287,-9.9064
9520000,0.000489,0.001833,0.001000,-0.0282,0.0085,-9.8142
9530000,0.001248,0.000813,0.001217,-0.0244,-0.0918,-9.7986
9540000,0.001852,-0.000293,0.001408,0.0460,-0.0845,-9.7558
9550000,-0.002070,-0.002827,-0.000334,-0.0212,-0.0734,-9.8231
9560000,0.001574,0.000551,0.001860,-0.0034,-0.1248,-9.6924
9570000,0.001070,-0.002002,-0.003241,-0.1379,0.1446,-9.6577
9580000,0.000989,-0.000824,0.001074,-0.0323,-0.0254,-9.5948
9590000,-0.001581,0.002333,-0.001445,-0.1639,-0.0364,-9.6221
9600000,-0.000107,-0.003267,0.003021,-0.0657,0.0706,-9.5530
9610000,-0.002979,0.002569,-0.004623,0.1894,0.0172,-9.7237
9620000,0.001892,0.001971,0.002466,-0.0405,-0.0184,-9.8009
9630000,-0.000515,-0.000788,-0.002345,-0.0520,-0.0257,-9.6232
9640000,0.001312,-0.003513,-0.000485,-0.0370,0.0552,-9.6360
9650000,-0.002076,0.002929,-0.002931,0.0529,0.0068,-9.7303
9660000,-0.000691,-0.000368,-0.000390,-0.0663,-0.0945,-9.5931
9670000,0.002857,-0.002371,-0.000805,0.0262,0.0360,-9.5610
9680000,-0.000571,0.001251,0.000362,0.1059,-0.0328,-9.7336
9690000,-0.000832,0.001061,0.000147,0.0079,0.0930,-9.5901
9700000,-0.003163,-0.000794,0.000497,-0.0654,-0.0959,-9.6664
9710000,0.000482,-0.001969,0.000656,-0.0295,0.1327,-9.6302
9720000,-0.004345,-0.001513,-0.000354,-0.0058,0.0088,-9.7023
9730000,-0.001253,-0.003082,0.001969,-0.0499,-0.0953,-9.5055
9740000,-0.001166,-0.001065,0.001623,-0.0476,-0.0133,-9.6664
9750000,0.001382,0.000952,-0.003577,-0.0763,0.0503,-9.7024
9760000,0.001341,0.000085,-0.003186,0.1070,-0.0836,-9.5423
9770000,0.000832,-0.000080,-0.002785,0.0979,-0.0045,-9.6418
9780000,0.000211,-0.003815,0.003157,0.0519,-0.2059,-9.6542
9790000,0.002326,-0.001005,0.001560,-0.0703,0.0947,-9.6305
9800000,-0.001367,0.001828,0.001421,0.0992,0.1161,-9.7395
9810000,-0.000850,0.000883,0.002626,-0.0794,-0.0171,-9.7115
9820000,0.001060,-0.000179,-0.001967,0.0402,-0.0289,-9.5420
9830000,0.000444,0.000595,-0.001644,-0.1118,-0.1474,-9.6285
9840000,0.001653,-0.005857,-0.001322,0.0800,-0.0824,-9.7052
9850000,0.000959,-0.001159,0.001102,-0.0508,-0.1484,-9.7205
9860000,-0.001719,-0.000345,-0.000086,0.1927,0.0116,-9.5926
9870000,-0.001703,0.002040,-0.001001,0.0246,0.0347,-9.5986
9880000,0.000417,-0.001162,0.001423,-0.0745,0.0508,-9.6794
9890000,0.000688,0.002968,-0.001456,0.0566,-0.1117,-9.7092
9900000,0.000327,0.000209,0.001872,0.0162,-0.0466,-9.6779
9910000,-0.001273,0.001566,-0.002697,0.2012,0.0720,-9.6121
9920000,-0.001812,-0.000034,0.001962,0.0848,0.1444,-9.7576
9930000,0.001245,0.000332,0.003615,0.0143,-0.0462,-9.6284
9940000,0.002226,-0.001700,-0.000121,-0.0445,-0.1249,-9.6542
9950000,0.003489,0.000525,-0.000643,0.0652,0.0598,-9.6604
9960000,0.003207,0.002887,0.003292,0.0370,-0.0760,-9.6853
9970000,-0.002598,0.001842,0.000671,-0.0248,-0.0209,-9.6725
9980000,0.001663,-0.001055,0.000444,-0.1124,0.0797,-9.5990
9990000,0.000871,0.002003,-0.000674,-0.0317,-0.0851,-9.6017
10000000,-0.002513,0.000043,-0.002668,-0.0176,-0.0756,-9.8309
10010000,0.001626,-0.001499,0.001468,-0.0127,-0.0208,-9.7331
10020000,0.000706,-0.001096,-0.003453,0.0555,0.1339,-9.7287
10030000,-0.002402,-0.000750,0.000229,-0.1372,-0.1557,-9.7001
10040000,0.004239,-0.002060,0.001931,0.0349,0.1047,-9.7466
10050000,-0.000529,0.003809,-0.000425,0.0323,-0.1459,-9.7539
10060000,0.001149,-0.002792,0.001047,0.0142,0.0315,-9.8636
10070000,-0.000493,-0.000066,-0.000499,0.0278,-0.0203,-9.7029
10080000,-0.002893,-0.001526,-0.000184,0.0084,-0.0831,-9.7333
10090000,-0.002646,-0.000788,-0.002074,-0.0145,-0.0911,-9.7009
10100000,-0.004556,0.000728,0.000044,-0.1465,-0.0415,-9.6944
10110000,-0.003265,0.003388,-0.003516,0.0142,0.0311,-9.6991
10120000,0.000005,-0.000743,0.001666,0.1258,-0.0014,-9.7377
10130000,-0.001621,-0.001572,0.000779,-0.0426,-0.1489,-9.8270
10140000,-0.003021,-0.000018,0.002969,-0.0317,-0.0102,-9.7934
10150000,-0.001541,-0.003232,-0.000993,0.0519,0.0697,-9.8151
10160000,0.002546,0.001047,-0.002364,0.0556,0.0461,-9.7273
10170000,-0.000405,-0.000310,-0.000420,-0.1344,0.0744,-9.7826
10180000,-0.003537,-0.002376,-0.003363,-0.0859,-0.0179,-9.7892
10190000,-0.003229,0.001851,-0.002217,-0.0568,0.0243,-9.8689
10200000,-0.004529,-0.000197,-0.000998,0.0065,0.0422,-9.6567
10210000,0.000908,0.003223,-0.001620,0.0252,0.0834,-9.7456
10220000,0.002622,-0.004624,0.000659,-0.0222,-0.0823,-9.7139
10230000,-0.000376,-0.000619,-0.000772,0.0412,-0.0367,-9.7206
10240000,-0.002608,-0.000798,-0.002896,0.0742,0.0045,-9.7633
10250000,0.001581,0.000488,0.004176,0.0317,0.0048,-10.0142
10260000,0.001139,0.000052,0.003279,0.0106,-0.0291,-9.8759
10270000,0.000159,0.001184,-0.003708,-0.0343,-0.0534,-9.7102
10280000,0.002074,0.003406,-0.003251,0.0475,-0.0287,-9.8757
10290000,0.002075,-0.002005,0.000035,0.0331,-0.0627,-9.8486
10300000,0.000390,-0.000831,-0.001341,-0.0545,-0.0496,-9.8200
10310000,0.002756,-0.000589,0.001891,0.1113,-0.0367,-9.9195
10320000,-0.001139,0.000879,0.002230,-0.1035,0.1205,-9.9285
10330000,0.002751,-0.002478,-0.000938,0.0414,0.0386,-10.0700
10340000,-0.000453,0.001250,-0.000025,0.0155,-0.1088,-9.9960
10350000,-0.001608,0.001493,-0.000597,0.0918,-0.1015,-9.8514
10360000,-0.000309,0.001770,-0.001110,-0.0364,0.0423,-10.0273
10370000,0.000425,-0.002281,-0.000990,-0.0200,-0.0607,-9.9083
10380000,-0.001191,-0.002749,0.001126,-0.0726,-0.0062,-9.8861
10390000,0.002055,0.002290,0.002029,-0.0459,-0.0501,-10.0144
10400000,-0.000660,-0.001777,0.002394,0.0098,-0.1032,-9.8259
10410000,0.001612,0.001053,-0.000486,-0.0519,0.0924,-9.9204
10420000,-0.001419,-0.001159,0.001717,0.1107,0.0140,-9.9969
10430000,0.001983,-0.002028,0.000370,-0.0001,0.0522,-9.9967
10440000,0.000464,-0.001192,-0.001228,0.0799,0.1224,-9.9393
10450000,0.001322,0.000025,-0.000597,-0.1290,-0.0563,-10.1062
10460000,0.000204,-0.001604,-0.002315,0.0996,0.0816,-9.8625
10470000,-0.002584,-0.001315,0.001136,0.0063,0.0684,-10.0042
10480000,0.001254,-0.001281,0.000896,-0.1484,0.0029,-9.8839
10490000,0.001287,-0.003960,0.003889,-0.2604,0.0563,-9.8900
10500000,-0.001561,-0.001564,0.000603,-0.0135,0.0474,-9.9511
10510000,0.000233,-0.001195,-0.000679,0.1228,0.1090,-9.9440
10520000,0.003218,0.000928,0.000772,0.1511,0.0470,-10.0578
10530000,0.001352,-0.000820,-0.000829,-0.0846,0.0348,-10.0210
10540000,0.001340,-0.002824,0.000633,0.0487,0.0832,-10.0158
10550000,-0.001763,-0.000118,0.001231,0.0766,0.0656,-10.0612
10560000,-0.001477,0.002972,-0.002175,0.0864,0.0690,-10.0242
10570000,-0.000669,-0.002026,0.004916,-0.0496,-0.0584,-10.0990
10580000,-0.000559,0.004004,0.000234,-0.0072,-0.0075,-10.0431
10590000,0.000129,-0.001126,-0.002173,0.0212,0.0113,-9.9855
10600000,-0.000016,0.002843,-0.000282,0.0527,-0.0414,-9.9431
10610000,0.001895,0.002161,0.000912,0.0902,0.0205,-10.0997
10620000,0.000164,0.001205,-0.003017,-0.0584,-0.0148,-9.9460
10630000,-0.000674,0.000229,-0.000902,-0.0144,-0.0675,-10.0433
10640000,-0.002150,0.000442,-0.000610,-0.0544,0.0593,-9.9446
10650000,0.004491,-0.001966,0.000622,-0.0180,0.0161,-10.0482
10660000,-0.001852,0.002062,0.002229,0.0654,0.0041,-9.9870
10670000,0.000272,0.002819,-0.001971,-0.0463,-0.0529,-10.0794
10680000,0.000937,-0.001210,-0.000813,-0.1167,-0.0939,-10.0939
10690000,-0.001093,0.001560,0.001032,0.0213,0.0504,-10.0679
10700000,0.000662,-0.002047,0.001860,-0.0382,0.1476,-10.0049
10710000,-0.000069,-0.003874,-0.000061,0.0156,0.0018,-10.0289
10720000,-0.001075,-0.001384,-0.002874,0.1547,0.0792,-10.1223
10730000,-0.002735,-0.000621,0.000558,0.0195,0.0583,-10.0871
10740000,0.003732,-0.001730,-0.001875,0.0018,-0.1049,-10.0223
10750000,0.000130,-0.002299,0.004234,-0.0496,0.1139,-10.0800
10760000,0.000665,-0.002590,0.002581,-0.0742,0.0690,-10.1644
10770000,0.001312,0.001322,-0.000410,-0.0353,0.0281,-10.0506
10780000,-0.000173,0.002094,0.002395,0.0521,-0.0121,-10.1331
10790000,0.002958,-0.004821,-0.000060,-0.0572,-0.2301,-10.0832
10800000,0.003914,0.001287,-0.001582,0.0152,-0.0717,-10.1460
10810000,-0.000504,-0.002936,-0.000118,-0.0509,-0.0842,-10.2133
10820000,-0.001578,0.003669,-0.000416,-0.1757,-0.0869,-10.1555
10830000,0.000331,0.000274,0.000865,-0.0101,0.1090,-10.2423
10840000,0.001242,-0.000165,0.000409,0.0317,-0.0287,-10.0307
10850000,-0.002432,0.000435,0.003158,-0.0073,0.0339,-10.1544
10860000,-0.000302,-0.003015,0.001891,0.0324,0.0215,-10.2781
10870000,0.001578,0.004153,0.001374,0.0221,0.1039,-9.9724
10880000,-0.000633,0.001892,0.002301,0.0965,-0.0211,-10.0177
10890000,0.002565,0.000136,0.001021,-0.0273,-0.1045,-10.1197
10900000,0.001085,-0.002486,-0.001819,-0.0079,-0.1231,-10.2421
10910000,-0.001846,-0.002238,-0.002001,-0.0844,0.0195,-10.1860
10920000,-0.000297,-0.001211,-0.000969,-0.0043,0.1133,-10.1579
10930000,0.001508,-0.001737,0.001066,0.0772,-0.0082,-10.0366
10940000,-0.002046,-0.000645,-0.003002,0.1218,0.0143,-10.0801
10950000,-0.000204,-0.000091,0.001556,0.1486,0.0397,-10.1430
10960000,-0.002619,-0.001050,-0.001049,-0.0458,-0.1568,-10.2539
10970000,0.001621,-0.001302,0.001382,-0.0394,-0.0062,-10.1540
10980000,-0.000967,0.000878,0.002193,-0.0608,0.1171,-10.3232
10990000,-0.002009,-0.000438,0.000685,-0.0669,-0.0982,-10.1640
11000000,-0.004806,0.000633,-0.000710,0.0257,0.0179,-10.1686
11010000,0.000871,-0.000507,-0.000967,0.0262,-0.0045,-10.3249
11020000,0.002320,-0.002575,-0.002202,0.0669,0.1460,-10.3687
11030000,-0.001759,0.000068,0.000964,0.0993,-0.0225,-10.2762
11040000,-0.002254,-0.000915,0.001819,-0.0593,-0.1574,-10.2788
11050000,-0.000966,-0.001396,-0.000507,0.1589,0.1450,-10.2234
11060000,-0.001697,-0.000251,0.001178,0.0219,-0.0200,-10.3169
11070000,0.001830,-0.004487,-0.002602,0.0898,0.0468,-10.3171
11080000,0.003730,-0.000030,0.002390,-0.0845,-0.1375,-10.1568
11090000,-0.002175,-0.002838,-0.001694,-0.1050,-0.0189,-10.3070
11100000,0.000133,-0.000571,0.000996,0.0674,0.1638,-10.3286
11110000,-0.002391,-0.000639,0.000238,0.1681,0.0573,-10.1479
11120000,-0.000218,-0.001402,0.001378,0.0212,-0.1494,-10.2370
11130000,0.000608,-0.001325,-0.000132,0.1753,0.1185,-10.2808
11140000,0.000603,0.002614,-0.001319,-0.0652,-0.0827,-10.2269
11150000,0.000891,0.000129,-0.001835,-0.0108,0.0347,-10.2658
11160000,-0.000519,0.000135,0.004435,-0.0151,-0.0974,-10.3066
11170000,-0.001615,0.001660,0.003014,-0.0809,-0.0908,-10.2547
11180000,0.001666,0.002309,-0.002486,0.1431,0.0428,-10.4069
11190000,0.002079,-0.002481,0.000225,-0.1134,-0.1033,-10.3241
11200000,0.000013,0.001169,-0.000302,0.0131,0.0401,-10.3557
11210000,0.002193,-0.000693,0.002082,-0.0309,-0.0485,-10.2419
11220000,0.001657,-0.001122,0.000723,0.0117,0.0983,-10.2888
11230000,-0.000202,0.002241,-0.000962,0.0180,-0.0557,-10.3074
11240000,0.002486,0.002320,0.000701,0.1245,0.0249,-10.1992
11250000,-0.001378,0.002711,0.000790,-0.0310,0.0050,-10.2853
11260000,-0.001371,0.001514,0.002437,0.0160,-0.0445,-10.3142
11270000,-0.000079,-0.000742,-0.002667,-0.1683,-0.1014,-10.2960
11280000,-0.001556,-0.000846,-0.001844,-0.0062,0.2136,-10.3968
11290000,-0.002700,-0.002538,-0.004257,0.0527,0.0981,-10.3945
11300000,0.000249,0.001108,0.001741,-0.1175,0.0833,-10.0853
11310000,-0.000893,-0.002691,0.000267,-0.0447,0.1375,-10.5715
11320000,-0.001405,0.000033,-0.002294,-0.0666,-0.0190,-10.3448
11330000,-0.000779,0.000200,0.001077,0.0905,-0.0175,-10.3559
11340000,0.001130,-0.001043,0.000458,0.0717,0.1440,-10.4000
11350000,-0.001570,-0.000603,0.002306,0.0516,0.0560,-10.4637
11360000,-0.000954,-0.002718,0.002105,-0.0736,-0.1468,-10.4776
11370000,0.002126,0.000413,0.000036,0.1475,-0.0214,-10.5060
11380000,0.002459,-0.003305,0.000418,-0.0381,-0.0984,-10.3759
11390000,-0.002475,-0.002270,-0.000380,0.1050,0.0311,-10.3264
11400000,-0.002692,0.002329,-0.002156,-0.0408,-0.0046,-10.4272
11410000,-0.001020,-0.003497,0.000406,-0.0212,-0.0763,-10.3880
11420000,-0.002581,-0.000493,-0.001028,-0.0503,-0.0167,-10.3811
11430000,0.001231,0.000260,-0.000533,-0.0079,0.0612,-10.4420
11440000,-0.002243,0.001199,0.001450,-0.0747,-0.0842,-10.4333
11450000,0.000751,-0.001986,-0.001307,-0.1202,0.0693,-10.3799
11460000,-0.000084,0.002024,-0.001283,-0.0851,0.0548,-10.3000
11470000,0.000113,-0.002899,0.000066,0.0303,0.1371,-10.3044
11480000,-0.004365,0.002645,0.002184,0.0577,0.1393,-10.4838
11490000,-0.003901,0.001448,0.000197,-0.1348,-0.0833,-10.3792
11500000,0.001093,-0.000173,-0.002588,0.0034,0.0195,-10.4155
11510000,0.002513,0.000643,0.001422,-0.0551,0.0145,-10.3958
11520000,0.001100,0.000213,0.000751,0.0302,0.0582,-10.4528
11530000,-0.001167,-0.001670,0.004031,0.0552,0.0393,-10.4135
11540000,-0.000247,0.000234,-0.000740,0.0456,-0.0426,-10.5001
11550000,-0.002834,0.000359,-0.001671,0.1176,0.0951,-10.5065
11560000,-0.002252,-0.002148,0.001532,-0.0138,-0.0798,-10.4473
11570000,0.000663,0.001890,0.000488,-0.1478,0.0127,-10.4293
11580000,-0.003721,0.000042,0.002055,-0.0297,-0.0323,-10.5024
11590000,0.002162,-0.000800,0.000227,0.0929,0.0829,-10.5718
11600000,-0.004550,0.003163,0.003456,-0.0447,0.0169,-10.5543
11610000,0.003735,0.001401,-0.000430,0.0617,-0.0183,-10.5555
11620000,0.001479,0.002693,-0.002113,0.1352,0.0229,-10.5321
11630000,0.002417,0.002456,-0.003810,0.0752,-0.1637,-10.5642
11640000,0.000113,0.002769,-0.000554,-0.0240,-0.0314,-10.4621
11650000,-0.000164,-0.000726,0.000379,0.0190,0.0216,-10.4798
11660000,-0.000036,0.005374,-0.000768,0.1083,0.0870,-10.4646
11670000,-0.001711,-0.002286,-0.000111,-0.0846,-0.0237,-10.5477
11680000,-0.001650,-0.003279,-0.000475,-0.1101,0.0025,-10.4811
11690000,0.001531,0.000065,-0.001267,-0.0741,-0.1351,-10.4546
11700000,0.000229,0.000517,-0.000515,0.0703,0.1087,-10.3818
11710000,-0.000128,-0.002232,-0.001686,0.1091,-0.0363,-10.4837
11720000,-0.003414,-0.002037,0.002116,0.0162,0.0961,-10.6350
11730000,0.001318,0.002178,-0.002512,-0.1651,-0.0660,-10.4378
11740000,-0.001825,0.001237,0.003955,-0.0049,0.0302,-10.4836
11750000,-0.003958,-0.001867,0.000158,0.1145,-0.0658,-10.5843
11760000,-0.002478,-0.000282,-0.000327,0.1602,-0.0954,-10.3890
11770000,-0.001768,-0.000270,-0.000413,-0.0198,0.0748,-10.5119
11780000,0.000263,0.002004,-0.003328,0.1132,0.0263,-10.7196
11790000,-0.000805,0.000335,-0.001111,0.0145,0.0132,-10.5061
11800000,-0.001366,-0.000543,-0.000505,-0.0853,0.1039,-10.6044
11810000,0.000737,-0.001931,-0.000292,-0.0471,-0.0851,-10.4053
11820000,-0.000039,0.001076,-0.003865,-0.0425,0.0500,-10.5790
11830000,0.000548,-0.000584,-0.004824,-0.1273,-0.1417,-10.4851
11840000,-0.002528,-0.000500,-0.004328,-0.0047,0.0406,-10.4369
11850000,-0.002478,-0.002032,-0.000438,-0.0025,-0.0024,-10.6416
11860000,0.003000,0.000908,-0.000498,0.0441,-0.0452,-10.5101
11870000,0.000907,0.001909,-0.002616,-0.0114,0.0247,-10.4575
11880000,0.000255,-0.002775,-0.000327,0.0532,-0.0164,-10.5735
11890000,0.000865,-0.001588,-0.000128,-0.0157,-0.1385,-10.4104
11900000,0.000474,-0.001538,-0.002099,-0.0187,-0.1419,-10.5436
11910000,-0.002046,-0.002413,0.001342,-0.0021,0.2444,-10.4593
11920000,0.002756,0.003407,-0.000713,0.0742,0.0743,-10.4276
11930000,-0.002159,-0.001239,-0.001655,-0.0670,0.0584,-10.5862
11940000,0.002607,-0.004616,-0.002493,-0.0645,0.0408,-10.5426
11950000,-0.002269,0.000929,-0.001406,-0.0411,-0.1321,-10.5843
11960000,-0.000598,0.000922,-0.001694,0.0768,0.1286,-10.6450
11970000,-0.001925,-0.000156,-0.001730,-0.0850,-0.0295,-10.6497
11980000,-0.002501,-0.002370,0.004698,-0.0809,0.0619,-10.6285
11990000,-0.006439,0.002284,-0.001900,-0.1865,-0.1027,-10.5005
12000000,-0.002234,0.001821,0.001649,-0.1071,0.0937,-10.4603
12010000,0.001067,-0.002536,-0.002185,-0.0139,0.0234,-10.4738
12020000,0.002025,0.000878,0.000603,-0.1049,-0.0596,-10.5219
12030000,0.000461,-0.000049,-0.000288,-0.0338,0.0834,-10.5916
12040000,0.000835,-0.001721,-0.003827,0.1230,0.0008,-10.5832
12050000,0.000509,0.000771,0.000734,0.0093,-0.1704,-10.5473
12060000,-0.001345,-0.000515,-0.000778,0.0420,0.1251,-10.6249
12070000,0.000155,0.002512,-0.003743,0.0020,0.1710,-10.4550
12080000,-0.001770,-0.001766,0.002085,0.0305,-0.0096,-10.7148
12090000,-0.001360,0.000694,-0.001991,0.0559,-0.0475,-10.6834
12100000,0.000248,-0.005227,-0.001486,-0.0542,-0.1647,-10.4787
12110000,-0.003097,0.001410,0.001583,-0.0984,-0.0578,-10.6849
12120000,-0.000544,-0.002892,-0.000294,-0.0743,-0.0088,-10.5954
12130000,-0.000535,0.003457,-0.003193,-0.0797,-0.3225,-10.4890
12140000,0.000530,-0.000940,0.000344,0.0428,-0.0496,-10.6567
12150000,-0.001359,-0.000775,0.000147,-0.0305,-0.1058,-10.6458
12160000,-0.001706,-0.000571,0.000873,-0.0678,-0.0140,-10.7114
12170000,-0.001174,0.000750,-0.001586,-0.1359,-0.0692,-10.6079
12180000,0.000555,-0.003768,0.000499,-0.0970,-0.0407,-10.5568
12190000,0.000703,0.005410,-0.000794,0.0667,0.0244,-10.6440
12200000,0.001243,0.001838,0.001686,0.1023,-0.0781,-10.6424
12210000,-0.001653,0.001895,-0.002721,-0.0589,0.0208,-10.4335
12220000,-0.000278,-0.000405,-0.002745,0.0366,0.0115,-10.5552
12230000,-0.004023,0.000410,0.000767,0.0230,0.0405,-10.5166
12240000,0.000900,0.002631,0.000226,-0.0365,-0.0881,-10.6628
12250000,-0.003938,0.000672,-0.002436,-0.0130,-0.0042,-10.5456
12260000,0.004523,0.000407,0.003241,-0.0292,0.1143,-10.6982
12270000,-0.001262,0.000808,0.004192,0.1281,-0.0601,-10.6428
12280000,-0.003667,0.001676,-0.003384,-0.0006,0.0248,-10.7011
12290000,-0.001443,0.002875,0.001218,-0.0219,0.0985,-10.6165
12300000,-0.000741,-0.001376,-0.001092,-0.0027,0.0810,-10.7306
12310000,-0.002238,0.001986,-0.001895,-0.0714,0.0738,-10.7900
12320000,-0.001714,0.002849,0.000212,0.0565,0.0085,-10.6578
12330000,0.000484,0.000997,0.001820,0.0698,-0.0157,-10.6510
12340000,-0.000147,0.001073,-0.002395,0.0910,0.2286,-10.6714
12350000,-0.001346,-0.001963,-0.000943,-0.0852,-0.0004,-10.7035
12360000,-0.002495,-0.002450,-0.002509,-0.0022,0.0103,-10.7390
12370000,-0.003331,-0.004144,-0.006369,0.0174,0.0243,-10.6749
12380000,0.003458,0.002789,0.001486,-0.1901,0.1477,-10.6011
12390000,-0.000953,-0.000923,0.001104,-0.1048,-0.1206,-10.5280
12400000,0.001285,0.001485,0.000424,-0.0661,0.0544,-10.5552
12410000,0.003832,-0.000035,-0.001879,0.1435,0.0062,-10.6696
12420000,0.003347,0.000205,-0.000339,0.0754,-0.0421,-10.7406
12430000,-0.001721,-0.000501,-0.001731,-0.0019,-0.0955,-10.4278
12440000,-0.000793,0.000873,0.002459,-0.1515,0.0373,-10.6479
12450000,-0.000485,-0.000988,-0.002132,0.0937,0.0306,-10.5858
12460000,0.002067,0.000643,-0.000684,0.0113,-0.0338,-10.6552
12470000,0.002289,0.000040,-0.001007,0.0140,0.0858,-10.6296
12480000,-0.004528,0.001172,-0.003119,0.0024,-0.0477,-10.6094
12490000,0.000554,0.002009,0.001882,-0.1400,-0.0428,-10.5988
12500000,0.001054,0.002772,-0.002294,0.0362,-0.0850,-10.6142
12510000,-0.001625,0.000537,-0.002407,0.0514,-0.0184,-10.7348
12520000,0.002067,0.001674,0.002610,-0.0363,0.1489,-10.5277
12530000,-0.001338,-0.005151,-0.001494,-0.0065,-0.1310,-10.7034
12540000,-0.000922,-0.001803,0.001639,0.0257,0.1162,-10.7540
12550000,-0.000686,-0.000948,0.000866,0.0176,0.0162,-10.7356
12560000,-0.002259,-0.000230,0.004302,-0.0237,0.1032,-10.6588
12570000,0.001989,-0.000677,-0.000094,-0.0198,-0.0421,-10.7021
12580000,-0.002092,-0.000784,-0.002922,0.0193,0.0164,-10.7052
12590000,0.003115,-0.002990,-0.000703,0.0878,0.0552,-10.5935
12600000,0.000341,-0.000051,0.000732,0.0091,0.0619,-10.5584
12610000,-0.000436,0.000158,0.002221,0.0296,-0.0376,-10.6712
12620000,-0.003335,-0.001110,0.001409,-0.0823,-0.0110,-10.6644
12630000,0.001126,0.002177,-0.001928,-0.0248,-0.0973,-10.5575
12640000,0.000055,-0.000554,-0.001859,-0.1121,-0.0231,-10.6825
12650000,0.000874,0.002459,0.003035,0.1349,0.0791,-10.6325
12660000,0.001253,-0.002048,-0.002642,0.0524,-0.0686,-10.5698
12670000,0.005261,0.002890,0.000632,-0.0283,0.1384,-10.6899
12680000,0.000408,0.002815,0.000025,0.0400,-0.0328,-10.6336
12690000,-0.003068,0.000028,-0.002327,-0.0458,-0.0371,-10.6771
12700000,0.001154,-0.003291,0.002399,0.0500,0.0676,-10.7216
12710000,-0.000237,0.000638,0.000253,0.1893,-0.0801,-10.8609
12720000,0.001047,0.000384,-0.001413,-0.0454,-0.0312,-10.6699
12730000,-0.002156,-0.002845,0.003048,-0.0361,0.1011,-10.7384
12740000,-0.001278,0.002079,-0.001687,0.0819,0.0629,-10.6367
12750000,0.000376,0.000951,-0.002292,-0.0496,0.0884,-10.9030
12760000,-0.002797,0.000777,0.000377,0.0038,0.0501,-10.6327
12770000,-0.001179,-0.001162,-0.001557,0.0286,-0.0138,-10.6840
12780000,-0.001280,0.001567,0.000255,-0.0525,-0.0504,-10.7053
12790000,-0.003138,-0.003361,-0.000923,-0.0314,-0.0793,-10.7257
12800000,-0.002736,0.000772,0.002465,-0.0311,0.0751,-10.6109
12810000,0.003385,0.003368,0.000740,0.0818,-0.0844,-10.6647
12820000,-0.001863,0.002664,0.003373,-0.0346,-0.1484,-10.7392
12830000,0.001555,-0.000415,0.001364,0.1321,0.0076,-10.6422
12840000,-0.001515,0.002200,0.002114,0.0345,0.0627,-10.6179
12850000,0.000413,0.004741,-0.001971,0.0202,-0.0578,-10.7031
12860000,-0.003709,-0.000711,0.000239,0.0249,0.0362,-10.6254
12870000,-0.001908,-0.002867,-0.001260,-0.1333,-0.0432,-10.7285
12880000,0.000648,0.001329,0.001967,0.1863,-0.0634,-10.7578
12890000,-0.003876,0.001532,0.000506,-0.0074,0.0273,-10.7634
12900000,0.001359,0.001497,0.001138,0.0807,-0.0506,-10.5362
12910000,-0.001855,-0.001924,0.001569,-0.0141,-0.0232,-10.5181
12920000,-0.000329,-0.000690,-0.002616,0.0293,-0.1663,-10.7195
12930000,-0.002637,0.000737,-0.003010,0.0106,-0.0503,-10.6545
12940000,-0.001270,0.001792,0.000382,0.0828,-0.0205,-10.5959
12950000,-0.002303,0.000134,-0.001779,-0.0353,-0.0856,-10.7110
12960000,0.000982,0.000925,-0.000372,0.0844,-0.0880,-10.6328
12970000,0.000205,0.001008,0.001256,-0.1525,0.0051,-10.7074
12980000,-0.003326,-0.002290,0.000980,-0.1281,-0.0054,-10.6150
12990000,0.002033,0.002225,0.002065,-0.0531,0.0708,-10.6212
13000000,-0.000429,-0.002478,-0.002031,0.0235,-0.1745,-10.6308
13010000,0.000439,-0.001410,-0.000639,0.0397,0.1115,-10.6613
13020000,-0.000161,0.003688,0.001815,-0.0087,-0.0924,-10.5647
13030000,0.000063,0.000660,-0.000599,-0.1635,-0.0047,-10.7138
13040000,-0.000827,-0.001491,-0.000973,-0.0848,0.0066,-10.7582
13050000,0.001650,-0.000900,-0.002336,-0.0692,-0.0723,-10.6652
13060000,-0.000530,0.000961,0.001272,-0.0004,0.1219,-10.6247
13070000,0.001045,-0.000128,-0.001276,-0.0232,0.0195,-10.6832
13080000,0.002524,0.002469,-0.001730,-0.0110,-0.1176,-10.7600
13090000,0.000920,-0.001356,0.002445,-0.0043,-0.1367,-10.7246
13100000,0.001693,-0.001693,0.002560,-0.1986,0.0745,-10.6494
13110000,0.002285,-0.000692,0.004853,0.0558,-0.0861,-10.7477
13120000,-0.002720,0.000540,0.001909,0.0535,0.0347,-10.5874
13130000,-0.001750,0.000054,0.001988,-0.1130,0.0320,-10.7617
13140000,-0.002281,-0.002954,0.001507,0.0893,0.1908,-10.5858
13150000,0.003292,-0.001852,0.003767,0.0445,-0.0252,-10.6915
13160000,0.000336,-0.000593,-0.001666,-0.0666,0.1167,-10.7073
13170000,0.002790,0.000410,0.000720,0.1605,0.0195,-10.6867
13180000,-0.000767,0.001306,-0.002230,-0.0253,0.1451,-10.7149
13190000,-0.002529,-0.000920,0.002029,0.0545,-0.0047,-10.7083
13200000,0.002140,0.000860,0.000732,-0.0090,-0.0560,-10.7173
13210000,-0.000411,-0.001485,0.001173,0.0753,0.0478,-10.7082
13220000,-0.001793,0.001135,-0.002366,0.0228,0.0210,-10.7359
13230000,0.003003,-0.001057,0.000206,-0.0747,-0.0731,-10.6398
13240000,-0.001671,0.003476,-0.002825,0.0252,0.0359,-10.6755
13250000,-0.000311,0.000508,0.001499,-0.0693,-0.0873,-10.7409
13260000,0.002549,-0.001329,-0.002480,0.0340,-0.1376,-10.6294
13270000,0.001162,0.001182,-0.003944,0.0672,0.0483,-10.7465
13280000,-0.001668,-0.000256,-0.003350,0.0445,-0.2123,-10.7140
13290000,-0.000058,-0.000315,-0.000694,0.1129,-0.1133,-10.6026
13300000,-0.001342,0.000830,-0.000773,0.0284,0.0279,-10.7350
13310000,0.000484,0.002054,-0.002293,0.0200,0.0662,-10.6327
13320000,-0.000712,0.000210,-0.001149,-0.0023,0.0647,-10.7545
13330000,-0.000152,0.004032,-0.003790,-0.0039,0.0152,-10.9107
13340000,0.001639,-0.000642,-0.002310,-0.0061,-0.0224,-10.6273
13350000,-0.000611,-0.001221,-0.003759,0.1485,-0.1391,-10.4772
13360000,-0.000700,0.000964,0.000550,0.0691,0.0335,-10.7319
13370000,-0.002089,0.001899,0.001879,-0.0335,0.0016,-10.7265
13380000,0.003232,0.001421,0.000813,0.0274,0.0078,-10.5397
13390000,-0.001250,0.001700,0.000421,0.0816,-0.1062,-10.7327
13400000,-0.000542,0.000880,0.003514,-0.0021,0.1004,-10.5788
13410000,0.002026,0.001302,0.000864,-0.0832,-0.0158,-10.5677
13420000,-0.001449,0.001560,0.001686,0.0846,-0.0453,-10.7293
13430000,-0.000601,-0.003938,-0.000143,0.0855,-0.0778,-10.5755
13440000,0.000613,-0.002189,0.003243,-0.0423,-0.0310,-10.6066
13450000,0.001582,0.001319,0.002659,0.0070,-0.0821,-10.7942
13460000,0.000738,0.000091,-0.001058,0.1330,-0.2710,-10.6854
13470000,-0.001407,0.000141,-0.001826,0.1367,-0.0089,-10.6422
13480000,-0.001848,-0.003607,0.004956,-0.0253,0.0484,-10.6965
13490000,-0.002632,-0.002079,-0.001825,0.0268,-0.0395,-10.5537
13500000,-0.000551,-0.002521,0.000032,0.0248,-0.1149,-10.7059
13510000,-0.003045,0.000485,-0.003000,0.0801,-0.0507,-10.6213
13520000,-0.000779,-0.001392,0.000972,0.0063,0.0009,-10.7600
13530000,-0.000686,0.000964,-0.001582,0.0346,0.1199,-10.7431
13540000,0.000867,-0.000415,0.002312,-0.0932,-0.1029,-10.7507
13550000,-0.001989,-0.004549,0.000287,-0.0655,-0.0999,-10.5651
13560000,-0.000707,0.000106,-0.001097,0.0427,-0.0291,-10.6072
13570000,-0.001920,0.001035,0.000634,0.0151,-0.0548,-10.6926
13580000,-0.002021,0.001465,-0.000506,-0.0510,-0.0370,-10.8045
13590000,0.005401,0.001498,-0.000565,-0.0028,0.0405,-10.8191
13600000,0.001914,0.002363,0.001027,0.0575,0.1240,-10.6034
13610000,0.002755,-0.000726,0.003298,-0.0611,0.0789,-10.7619
13620000,0.001718,-0.000179,0.000306,-0.0376,0.1891,-10.6572
13630000,0.000862,-0.000209,-0.000757,0.0218,0.0215,-10.7460
13640000,0.000055,-0.000353,0.001775,-0.0725,0.0609,-10.7078
13650000,-0.001365,-0.000548,0.000562,0.1400,-0.0237,-10.6844
13660000,0.001691,0.000831,-0.001973,0.0909,0.0628,-10.7728
13670000,0.003030,-0.000696,0.000154,0.0862,-0.0171,-10.7568
13680000,0.002998,-0.000952,-0.002548,-0.1795,0.1344,-10.6830
13690000,-0.000274,-0.000967,-0.001504,0.0388,-0.1032,-10.6714
13700000,0.001472,-0.001058,0.002063,-0.0829,-0.0353,-10.6573
13710000,-0.002233,-0.003202,0.000303,-0.0437,0.0682,-10.5962
13720000,-0.000835,-0.000982,0.000729,-0.0297,0.0154,-10.7491
13730000,-0.001628,0.000618,-0.000689,-0.0787,0.1175,-10.7120
13740000,0.000319,0.000688,-0.001304,-0.0252,0.0636,-10.6897
13750000,0.000729,0.002067,-0.000642,-0.0144,-0.0602,-10.6088
13760000,-0.001618,-0.000969,-0.000678,0.0506,0.0508,-10.6708
13770000,-0.001028,-0.001652,-0.000191,-0.0952,-0.0087,-10.8843
13780000,-0.000238,-0.001703,0.000210,-0.0021,0.0573,-10.5584
13790000,0.000538,0.005415,-0.002137,0.1255,-0.0313,-10.7631
13800000,-0.000476,0.001115,0.000507,-0.0755,-0.0693,-10.6170
13810000,-0.000869,0.002812,-0.000364,0.0229,0.0844,-10.7187
13820000,-0.001282,0.001073,0.004162,-0.0478,0.0664,-10.7263
13830000,-0.002689,0.002319,-0.002057,-0.1035,-0.0036,-10.7037
13840000,0.004719,-0.003817,-0.001165,0.0264,0.0082,-10.6560
13850000,0.000078,-0.000950,0.000080,-0.0188,-0.0092,-10.7525
13860000,0.002134,0.000305,-0.003566,0.0055,-0.0928,-10.6696
13870000,0.002427,-0.000792,-0.003726,0.0151,0.0497,-10.6499
13880000,-0.003278,-0.001401,-0.004314,0.0122,-0.0543,-10.6724
13890000,0.002923,-0.001991,0.000195,0.1301,0.1114,-10.5952
13900000,-0.000779,-0.001949,0.000255,-0.0898,-0.0897,-10.7984
13910000,-0.002838,-0.002549,0.001120,0.0158,-0.0818,-10.7328
13920000,0.000034,0.000293,0.001982,-0.0918,0.0878,-10.6208
13930000,0.000489,0.002101,-0.001763,0.0570,0.1297,-10.6927
13940000,0.001224,-0.000960,0.001711,-0.1614,0.1036,-10.6017
13950000,0.000564,-0.002851,0.002924,-0.0379,0.0767,-10.5790
13960000,-0.002465,0.005153,0.000706,-0.0067,0.0665,-10.6617
13970000,0.002846,-0.001938,-0.001190,0.0636,0.0616,-10.4260
13980000,0.000882,0.003739,-0.001268,-0.0826,0.0488,-10.5349
13990000,-0.003104,0.000236,-0.000546,-0.0932,0.0689,-10.5566
14000000,0.001180,-0.000344,0.000395,-0.0527,-0.0598,-10.6462
14010000,-0.001145,-0.000883,0.000164,0.0321,-0.0432,-10.6538
14020000,0.001805,-0.004706,-0.000080,-0.0003,0.0187,-10.7499
14030000,-0.000433,-0.001351,0.000673,0.0399,0.0343,-10.6196
14040000,-0.000915,0.001799,0.001397,-0.0913,-0.0679,-10.5408
14050000,-0.000342,-0.003184,-0.001454,-0.0455,-0.0652,-10.6954
14060000,0.000780,0.001026,0.000915,-0.0611,0.0334,-10.6745
14070000,-0.000168,-0.001222,-0.002192,-0.0766,0.0817,-10.4507
14080000,-0.000963,0.003777,-0.000399,-0.0898,-0.0973,-10.5315
14090000,-0.003075,-0.003243,0.002397,-0.0365,-0.1113,-10.6827
14100000,0.000771,-0.001492,-0.000999,0.1205,0.1236,-10.6680
14110000,0.003913,0.004262,-0.000992,-0.0265,0.0671,-10.6785
14120000,-0.004080,-0.002328,0.001631,-0.0620,-0.0738,-10.6951
14130000,-0.002045,0.002070,-0.000966,0.1057,-0.0848,-10.7129
14140000,0.000431,-0.000049,-0.000020,0.0413,0.0567,-10.6604
14150000,-0.001227,0.000722,0.002057,0.0872,0.0340,-10.6468
14160000,0.000845,-0.004455,0.003039,-0.0876,0.0707,-10.5942
14170000,-0.000431,0.000601,0.001350,-0.0967,0.0050,-10.6698
14180000,0.001143,-0.000204,0.001171,-0.0014,-0.0248,-10.4893
14190000,-0.000591,-0.000997,-0.002126,-0.1359,-0.0487,-10.5083
14200000,0.000065,0.001609,0.001283,-0.0585,-0.0181,-10.5850
14210000,0.000181,-0.000476,0.000517,0.0287,-0.0298,-10.6652
14220000,-0.000971,-0.000124,-0.001458,-0.1256,0.0202,-10.5793
14230000,-0.002613,-0.001126,0.000785,-0.0431,-0.0794,-10.6736
14240000,-0.001843,0.001227,0.001575,-0.1029,-0.0965,-10.3943
14250000,-0.000577,-0.002571,0.004606,0.0353,-0.0543,-10.5622
14260000,0.003737,0.001074,0.001800,-0.0084,0.0556,-10.6127
14270000,0.001824,0.000367,-0.002036,0.1096,0.1485,-10.6501
14280000,0.001280,0.001247,0.002912,0.1004,-0.0047,-10.4928
14290000,0.002598,-0.001627,0.001995,0.1238,-0.1147,-10.6759
14300000,-0.001366,-0.000369,-0.000759,-0.0364,0.1496,-10.4802
14310000,0.002492,0.001120,-0.000532,-0.0148,-0.0035,-10.6922
14320000,0.000230,0.000802,0.004929,-0.0977,-0.0719,-10.7072
14330000,0.004422,-0.001498,0.000999,0.0313,0.0893,-10.4592
14340000,-0.000246,-0.002289,-0.000729,-0.0055,-0.0661,-10.5565
14350000,-0.002786,-0.000202,0.002230,0.0462,0.0241,-10.6369
14360000,0.003527,0.000245,0.001110,-0.1058,-0.0284,-10.5336
14370000,-0.000445,-0.000343,0.001928,-0.0180,0.0293,-10.5603
14380000,0.001876,0.002794,0.003504,0.0449,0.0122,-10.6469
14390000,-0.001543,-0.000178,-0.000312,0.0396,0.0809,-10.6013
14400000,-0.002705,-0.000780,-0.002567,0.0476,-0.0977,-10.6128
14410000,0.000917,-0.000748,-0.000575,0.0919,-0.0941,-10.5629
14420000,-0.001322,0.000315,-0.000632,0.0656,-0.0668,-10.6285
14430000,0.000766,-0.002428,-0.001194,-0.1109,0.0721,-10.5555
14440000,0.000585,0.000156,-0.005197,-0.1270,-0.0802,-10.5280
14450000,-0.001959,-0.000530,-0.001330,0.0157,-0.0901,-10.6906
14460000,0.002286,-0.000912,0.002160,0.0367,0.0078,-10.6039
14470000,-0.002697,0.002452,0.004558,0.0853,-0.0049,-10.6024
14480000,-0.001115,0.001792,0.000970,0.1258,0.0074,-10.5566
14490000,-0.000964,-0.000458,0.000686,-0.0650,0.0574,-10.4631
14500000,0.001636,0.004313,0.000801,-0.0671,0.1164,-10.5698
14510000,0.000962,-0.001605,-0.000980,0.0387,0.0109,-10.5538
14520000,-0.001996,0.002454,-0.001915,0.1820,0.0266,-10.4849
14530000,-0.001005,-0.001791,-0.002137,0.0048,0.1124,-10.5227
14540000,0.000658,-0.000522,-0.003720,0.1615,0.0536,-10.4199
14550000,0.000048,-0.003811,-0.000961,-0.0756,0.0423,-10.6216
14560000,0.002674,0.002655,0.002635,0.0256,0.1264,-10.6657
14570000,0.000452,0.000158,0.000309,-0.0207,-0.0872,-10.5047
14580000,0.003086,0.000825,0.000679,0.0371,-0.1684,-10.5731
14590000,0.002203,-0.004304,-0.001760,-0.0853,-0.0892,-10.5418
14600000,0.000182,0.000699,0.000144,0.1065,-0.0696,-10.5412
14610000,-0.001333,0.001253,0.002366,0.0238,0.0325,-10.4370
14620000,-0.001044,0.000541,0.002182,-0.0456,-0.0088,-10.5136
14630000,-0.003470,-0.001612,-0.003470,-0.0892,0.0845,-10.5223
14640000,-0.000816,-0.000420,-0.001149,0.0756,-0.0399,-10.5322
14650000,0.000387,-0.000457,-0.003508,-0.0220,0.1122,-10.5093
14660000,0.000018,0.001396,0.000290,0.0379,0.0599,-10.7058
14670000,-0.003253,0.001117,-0.002235,0.0476,-0.1023,-10.4071
14680000,0.002981,-0.001300,-0.001370,0.1448,0.0350,-10.6322
14690000,0.000001,-0.000044,-0.001968,-0.0822,0.0227,-10.4661
14700000,0.001561,0.000138,-0.001123,-0.1007,-0.1025,-10.4633
14710000,0.002463,0.000903,0.001245,-0.0512,0.1002,-10.4786
14720000,-0.001591,0.002809,-0.001812,0.0678,-0.1049,-10.6750
14730000,-0.002676,0.003582,0.000948,-0.0443,-0.0438,-10.3987
14740000,0.001654,-0.001639,-0.004326,-0.1876,-0.0662,-10.5098
14750000,-0.003698,0.000229,0.000367,0.1771,-0.0095,-10.3395
14760000,-0.000606,0.001428,-0.000123,0.0630,0.0157,-10.5561
14770000,0.001396,-0.001437,0.002235,0.0262,-0.1698,-10.3533
14780000,-0.002267,-0.003416,0.002995,0.0256,0.0353,-10.4015
14790000,-0.000571,0.001702,0.002754,0.0202,0.0054,-10.5687
14800000,-0.001347,-0.000859,0.000270,0.1225,-0.0786,-10.5556
14810000,-0.001360,-0.000851,-0.003643,-0.0029,0.0687,-10.4624
14820000,0.001726,-0.001039,-0.001112,-0.0355,-0.0335,-10.6386
14830000,0.001267,0.000863,-0.000761,-0.0193,-0.0573,-10.5323
14840000,0.002484,-0.000755,-0.001737,-0.0705,0.0583,-10.5162
14850000,-0.000062,-0.001616,-0.000333,0.1521,0.0365,-10.5125
14860000,-0.002776,0.000064,0.000925,-0.0331,0.1179,-10.4996
14870000,-0.000533,-0.000353,-0.004656,0.0080,-0.0174,-10.5351
14880000,-0.001662,0.003586,-0.001686,0.0057,0.0041,-10.5073
14890000,-0.003141,0.000124,0.001416,0.0697,0.0689,-10.3314
14900000,-0.000172,-0.003782,-0.000516,-0.0254,-0.0698,-10.5023
14910000,-0.000738,-0.002097,-0.002131,0.0225,0.0780,-10.4579
14920000,-0.000387,-0.003147,-0.000475,-0.0991,0.0813,-10.4926
14930000,-0.000217,-0.000158,-0.000009,-0.0292,0.2008,-10.4747
14940000,-0.001129,-0.000200,0.001725,0.0241,0.1532,-10.3644
14950000,0.003245,-0.000832,-0.000174,0.0691,0.0427,-10.4870
14960000,0.000745,-0.000671,0.004164,0.0246,-0.1327,-10.4462
14970000,0.004862,-0.003854,0.000336,0.0108,-0.1409,-10.5008
14980000,0.000679,-0.000266,-0.003255,0.0529,0.0306,-10.4318
14990000,0.005085,-0.002289,0.001998,-0.0880,0.0114,-10.5350
15000000,0.024491,-0.008827,0.001363,0.1238,-0.1750,-10.3757
15010000,0.070098,-0.027616,0.002113,0.0148,-0.0175,-10.4858
15020000,0.125568,-0.046104,-0.000800,0.0370,-0.0320,-10.3808
15030000,0.187589,-0.065141,0.002030,0.1215,0.0430,-10.4194
15040000,0.246628,-0.094213,-0.000828,-0.0303,-0.1606,-10.5102
15050000,0.301821,-0.114361,-0.004720,-0.0295,-0.0054,-10.3210
15060000,0.355748,-0.128652,-0.001315,-0.0703,-0.0216,-10.3145
15070000,0.405845,-0.149694,-0.003097,-0.1075,-0.0425,-10.5902
15080000,0.453248,-0.168937,0.001561,-0.1001,-0.1225,-10.4834
15090000,0.506285,-0.186826,-0.003096,0.0242,0.0823,-10.4655
15100000,0.547893,-0.202566,-0.004572,0.1330,-0.0166,-10.4870
15110000,0.589912,-0.214768,-0.008671,0.0776,-0.1521,-10.5123
15120000,0.627925,-0.230937,-0.007922,-0.0173,0.1157,-10.2805
15130000,0.668116,-0.244036,-0.010979,-0.0004,-0.0891,-10.4777
15140000,0.705848,-0.258549,-0.011556,-0.0034,0.0480,-10.3794
15150000,0.736800,-0.265639,-0.016165,0.0607,0.1090,-10.3950
15160000,0.766234,-0.281192,-0.019340,0.0754,0.0735,-10.4636
15170000,0.794901,-0.291434,-0.025695,-0.0216,0.0551,-10.5165
15180000,0.820777,-0.295686,-0.021982,-0.1475,0.0026,-10.4628
15190000,0.845113,-0.309164,-0.030943,0.0389,0.0309,-10.4235
15200000,0.866937,-0.313104,-0.034132,0.0929,-0.1822,-10.5492
15210000,0.890059,-0.319541,-0.036641,0.0957,0.0582,-10.5829
15220000,0.903277,-0.326791,-0.039560,-0.0211,0.1665,-10.4303
15230000,0.921203,-0.336862,-0.042872,-0.0026,0.1332,-10.6322
15240000,0.931450,-0.341065,-0.045545,0.1385,-0.0184,-10.3702
15250000,0.948228,-0.342398,-0.053539,0.0008,-0.0036,-10.5162
15260000,0.953939,-0.342160,-0.052613,0.1388,0.0903,-10.3903
15270000,0.962525,-0.345132,-0.059615,0.0928,-0.0424,-10.6690
15280000,0.967425,-0.351061,-0.061549,0.1146,0.0016,-10.5582
15290000,0.971201,-0.346786,-0.065111,0.1416,-0.0317,-10.4358
15300000,0.975934,-0.347897,-0.069143,0.0673,0.1066,-10.5747
15310000,0.974421,-0.346248,-0.070883,0.0542,-0.0883,-10.6694
15320000,0.969975,-0.342152,-0.076851,0.0674,0.0821,-10.6646
15330000,0.965071,-0.346991,-0.080360,-0.0395,0.0207,-10.7706
15340000,0.962896,-0.339281,-0.081060,0.0255,-0.0072,-10.6741
15350000,0.959240,-0.335178,-0.081308,-0.0434,0.0921,-10.6523
15360000,0.947861,-0.332990,-0.085870,0.0525,-0.0536,-10.7132
15370000,0.940954,-0.330801,-0.088055,-0.0061,0.0534,-10.8065
15380000,0.929023,-0.327210,-0.093210,-0.0549,0.0734,-10.8149
15390000,0.915695,-0.317618,-0.092242,-0.0747,0.1020,-10.7511
15400000,0.899224,-0.312653,-0.093730,0.0531,0.0724,-10.8242
15410000,0.885804,-0.308467,-0.097893,-0.0051,-0.0931,-10.8427
15420000,0.869591,-0.298443,-0.095717,0.1002,-0.1380,-10.9614
15430000,0.852614,-0.291617,-0.097768,0.0548,-0.0392,-10.8753
15440000,0.836384,-0.288535,-0.095088,0.0558,-0.0921,-11.0257
15450000,0.816832,-0.279162,-0.097057,-0.0350,0.0119,-11.0621
15460000,0.793841,-0.273642,-0.099620,-0.1626,-0.0545,-11.2281
15470000,0.775915,-0.267324,-0.097551,-0.0375,-0.1382,-11.1308
15480000,0.756682,-0.256905,-0.093236,-0.0568,0.0719,-11.3257
15490000,0.732434,-0.246732,-0.097588,-0.0149,-0.0492,-11.0917
15500000,0.703548,-0.236665,-0.094437,0.1320,0.0392,-11.1651
15510000,0.685646,-0.232157,-0.093321,-0.0366,-0.0891,-11.2593
15520000,0.661909,-0.219588,-0.088646,-0.1026,-0.0781,-11.4520
15530000,0.638081,-0.212886,-0.087259,-0.0683,0.2077,-11.1660
15540000,0.612899,-0.205785,-0.088902,-0.0142,-0.1408,-11.2357
15550000,0.584412,-0.193879,-0.080687,0.1160,-0.0239,-11.3931
15560000,0.561025,-0.187437,-0.083811,0.0314,-0.0493,-11.2718
15570000,0.534420,-0.175055,-0.076992,0.0229,0.0282,-11.3684
15580000,0.510060,-0.165300,-0.072480,-0.1171,-0.0024,-11.5012
15590000,0.481221,-0.160878,-0.069179,-0.0209,-0.0382,-11.5540
15600000,0.457468,-0.152296,-0.070092,-0.0981,-0.0578,-11.5616
15610000,0.431342,-0.140205,-0.067509,-0.0275,0.0172,-11.5244
15620000,0.400108,-0.132121,-0.065553,-0.0874,0.0954,-11.4786
15630000,0.376090,-0.121364,-0.056786,-0.0569,-0.0026,-11.7296
15640000,0.343661,-0.113282,-0.053411,0.0135,0.0683,-11.6961
15650000,0.318143,-0.106556,-0.046470,0.0220,0.1072,-11.5032
15660000,0.288804,-0.095577,-0.050105,-0.0021,-0.0102,-11.5533
15670000,0.261050,-0.088880,-0.042820,0.0348,-0.0679,-11.5782
15680000,0.228672,-0.072833,-0.036611,-0.0183,0.0150,-11.6718
15690000,0.198872,-0.065640,-0.036815,0.0216,0.1165,-11.5440
15700000,0.171683,-0.059011,-0.029692,-0.0130,0.0526,-11.6487
15710000,0.148331,-0.047419,-0.024122,-0.0148,0.0975,-11.7175
15720000,0.118508,-0.038063,-0.017974,-0.0372,0.1233,-11.5407
15730000,0.084049,-0.028198,-0.015359,-0.0207,0.1105,-11.5725
15740000,0.057853,-0.020428,-0.009853,0.0495,0.0275,-11.7029
15750000,0.027127,-0.009791,-0.005991,-0.0572,0.0250,-11.6190
15760000,-0.004816,-0.003101,0.002140,-0.0255,-0.0931,-11.5758
15770000,-0.030765,0.008504,0.003214,0.1058,0.0719,-11.7488
15780000,-0.059461,0.019357,0.015525,-0.0397,-0.0468,-11.7285
15790000,-0.091152,0.030332,0.015004,0.0155,-0.0919,-11.6869
15800000,-0.122698,0.039045,0.019893,0.0776,0.0655,-11.5912
15810000,-0.155649,0.046460,0.024480,0.1145,-0.0645,-11.5459
15820000,-0.186519,0.058017,0.030619,0.1215,-0.0910,-11.6126
15830000,-0.214130,0.067738,0.035520,0.0162,0.1092,-11.6191
15840000,-0.246250,0.082339,0.037202,0.0747,-0.0654,-11.6777
15850000,-0.274229,0.087954,0.047458,-0.0290,-0.0406,-11.5247
15860000,-0.310500,0.102532,0.048753,-0.0339,-0.0347,-11.6756
15870000,-0.341119,0.109772,0.052455,0.0618,-0.0025,-11.5383
15880000,-0.375461,0.118410,0.056705,-0.0988,-0.0214,-11.5433
15890000,-0.406904,0.132075,0.062922,-0.1291,0.0642,-11.5314
15900000,-0.437729,0.136135,0.071945,-0.0916,0.0262,-11.4397
15910000,-0.472797,0.154249,0.074604,0.0563,0.1187,-11.4570
15920000,-0.505377,0.164809,0.077063,-0.0044,-0.0260,-11.4736
15930000,-0.539470,0.174240,0.081689,0.0976,-0.0114,-11.2500
15940000,-0.570711,0.186695,0.082821,-0.0496,0.0199,-11.3155
15950000,-0.604840,0.195596,0.088066,0.0849,0.0732,-11.2633
15960000,-0.638749,0.210178,0.091234,-0.0932,-0.0643,-11.2725
15970000,-0.675766,0.219159,0.092202,0.1122,-0.0696,-11.1954
15980000,-0.709382,0.234091,0.096694,-0.0717,-0.0185,-11.0916
15990000,-0.741168,0.246240,0.099640,-0.0825,0.0946,-11.0338
16000000,-0.775890,0.259776,0.103455,-0.0158,-0.0709,-11.0332
16010000,-0.808068,0.268680,0.110432,0.1274,-0.0117,-10.8114
16020000,-0.842753,0.282857,0.109047,-0.0176,-0.0303,-10.9706
16030000,-0.875302,0.292523,0.113147,-0.1709,-0.0131,-10.7885
16040000,-0.912170,0.306434,0.116148,0.0093,-0.0650,-10.9693
16050000,-0.947838,0.324888,0.111376,-0.1283,0.1253,-10.8727
16060000,-0.975724,0.337587,0.116502,-0.0367,0.0606,-10.8242
16070000,-1.008423,0.346316,0.116032,-0.1013,-0.0076,-10.7675
16080000,-1.046156,0.360537,0.116907,0.1319,0.0274,-10.7411
16090000,-1.079343,0.371216,0.113362,-0.1345,-0.0820,-10.6181
16100000,-1.114327,0.385191,0.112407,-0.0456,-0.0387,-10.6251
16110000,-1.147455,0.393448,0.113117,-0.0386,0.0721,-10.6191
16120000,-1.177986,0.410264,0.109905,0.0653,0.1096,-10.5600
16130000,-1.210442,0.422710,0.107164,-0.0747,0.0461,-10.4480
16140000,-1.238364,0.432970,0.105243,-0.0328,0.0328,-10.4424
16150000,-1.262139,0.446451,0.105751,-0.1437,-0.0016,-10.4070
16160000,-1.292435,0.458916,0.098065,0.1019,-0.0171,-10.3435
16170000,-1.320811,0.467198,0.096482,-0.0152,-0.0412,-10.3682
16180000,-1.342408,0.481103,0.094074,-0.0707,-0.0199,-10.2037
16190000,-1.372798,0.490351,0.086252,0.0202,0.1047,-10.2809
16200000,-1.395579,0.502265,0.080898,-0.0373,0.0832,-10.1835
16210000,-1.415711,0.507674,0.074578,-0.1564,-0.0107,-10.0899
16220000,-1.438047,0.518487,0.073392,-0.1439,0.0663,-10.2793
16230000,-1.455357,0.527023,0.063741,0.0461,-0.0538,-10.1094
16240000,-1.475076,0.534542,0.057332,-0.0831,-0.0159,-10.1874
16250000,-1.488337,0.537660,0.050104,0.0343,0.0587,-10.1016
16260000,-1.496952,0.543520,0.038500,-0.0581,-0.0450,-10.1006
16270000,-1.513556,0.546969,0.033091,0.0326,-0.0519,-10.0795
16280000,-1.524617,0.548109,0.021409,0.1120,-0.0859,-10.2752
16290000,-1.527782,0.554507,0.015676,-0.0686,0.0766,-10.1934
16300000,-1.533557,0.558155,0.006741,0.0390,0.0157,-10.0934
16310000,-1.534886,0.559225,-0.003087,0.0680,-0.0046,-10.0122
16320000,-1.540348,0.557170,-0.016645,-0.0129,-0.1776,-10.0296
16330000,-1.533825,0.556868,-0.015527,0.1381,-0.0341,-10.1599
16340000,-1.526889,0.553807,-0.032374,0.0489,0.1020,-9.8676
16350000,-1.528679,0.549260,-0.032733,0.2122,0.0417,-9.9999
16360000,-1.515139,0.546071,-0.040914,0.0588,0.0403,-10.0068
16370000,-1.506880,0.542376,-0.047674,-0.0629,-0.0676,-10.0852
16380000,-1.486616,0.535552,-0.056675,-0.0188,-0.0470,-9.9643
16390000,-1.473879,0.531324,-0.065206,0.0231,-0.0819,-10.1316
16400000,-1.455893,0.522464,-0.072039,-0.0602,0.0095,-10.2559
16410000,-1.434903,0.514528,-0.079287,0.0315,-0.0143,-10.0681
16420000,-1.413311,0.504877,-0.086560,0.1118,0.0302,-10.1987
16430000,-1.388949,0.498119,-0.090859,0.0055,-0.0595,-10.2527
16440000,-1.360666,0.482031,-0.095160,-0.0320,-0.0011,-10.3681
16450000,-1.335412,0.472370,-0.106386,0.0893,-0.0245,-10.3709
16460000,-1.307376,0.461846,-0.106067,-0.0396,0.1025,-10.2878
16470000,-1.271937,0.445778,-0.109064,0.0217,-0.0829,-10.4337
16480000,-1.238018,0.431862,-0.110757,-0.0311,-0.0524,-10.4882
16490000,-1.209097,0.420607,-0.112849,-0.0685,0.0182,-10.3340
16500000,-1.167653,0.404497,-0.114113,0.0540,0.0041,-10.5256
16510000,-1.127321,0.389167,-0.113278,-0.1072,0.0190,-10.4782
16520000,-1.089782,0.380995,-0.113088,0.0086,-0.0838,-10.4999
16530000,-1.048979,0.363235,-0.113094,0.0010,-0.0213,-10.4599
16540000,-1.007750,0.346036,-0.120003,-0.1003,0.1154,-10.6136
16550000,-0.964501,0.329973,-0.110609,-0.1904,0.0820,-10.6519
16560000,-0.918195,0.309091,-0.111988,-0.1272,0.0367,-10.7172
16570000,-0.873232,0.296321,-0.105871,0.0730,0.0460,-10.6612
16580000,-0.830246,0.275909,-0.105274,0.0312,0.0418,-10.7344
16590000,-0.778225,0.260723,-0.101003,0.0238,0.1228,-10.6917
16600000,-0.730156,0.243747,-0.094293,-0.0537,-0.0121,-10.9335
16610000,-0.677280,0.226154,-0.092926,-0.0329,-0.0736,-10.9158
16620000,-0.627364,0.208687,-0.084518,0.0751,0.0876,-10.9103
16630000,-0.572965,0.192860,-0.077278,0.0438,-0.0795,-10.9805
16640000,-0.516734,0.170785,-0.072047,-0.0223,-0.0111,-10.8426
16650000,-0.464637,0.152392,-0.064565,-0.0199,0.0259,-10.7855
16660000,-0.407344,0.133702,-0.059594,-0.0452,0.0316,-10.9955
16670000,-0.351222,0.116600,-0.049335,0.0154,0.0322,-10.9154
16680000,-0.290789,0.091671,-0.041640,-0.0207,-0.1108,-10.9847
16690000,-0.227402,0.072926,-0.032564,-0.0652,-0.0008,-10.9084
16700000,-0.163881,0.055242,-0.019964,-0.1131,-0.0581,-10.9818
16710000,-0.098250,0.030999,-0.015186,-0.0978,0.0930,-10.9698
16720000,-0.033516,0.014311,-0.008688,-0.0823,-0.0537,-11.0149
16730000,0.030663,-0.012640,0.001689,0.0358,-0.0057,-10.9571
16740000,0.102920,-0.036663,0.017014,0.0641,-0.0765,-11.0955
16750000,0.178752,-0.061229,0.026470,-0.0420,-0.0436,-11.0483
16760000,0.250958,-0.083152,0.037512,-0.0456,-0.1486,-11.0464
16770000,0.328481,-0.112496,0.048492,-0.1111,0.0557,-10.9034
16780000,0.408467,-0.138932,0.060476,-0.0276,0.0633,-10.9395
16790000,0.495875,-0.164872,0.070278,0.0642,-0.0324,-10.8852
16800000,0.579996,-0.194283,0.080749,0.0262,-0.0937,-10.7639
16810000,0.671898,-0.223400,0.093703,-0.1026,-0.0913,-11.0015
16820000,0.767372,-0.254655,0.103859,-0.0220,-0.0828,-10.8515
16830000,0.861556,-0.293872,0.114273,0.0377,0.0995,-10.8999
16840000,0.966653,-0.330376,0.127484,0.2292,0.0431,-10.7906
16850000,1.074356,-0.369078,0.135076,-0.1050,-0.0243,-10.7161
16860000,1.193842,-0.405738,0.146640,-0.0528,0.2274,-10.5993
16870000,1.311162,-0.446232,0.154405,-0.0301,0.0037,-10.5908
16880000,1.432415,-0.490503,0.164285,-0.0588,0.0701,-10.3297
16890000,1.555293,-0.539930,0.164758,0.0222,-0.0334,-10.3579
16900000,1.697640,-0.592015,0.174071,-0.2039,0.0927,-10.4830
16910000,1.832301,-0.642576,0.175147,-0.1040,0.0719,-10.1054
16920000,1.977433,-0.696038,0.175841,0.0607,-0.0138,-10.1396
16930000,2.130594,-0.755373,0.172961,0.0968,0.0977,-10.1317
16940000,2.287219,-0.811674,0.168538,-0.0642,0.0633,-10.1221
16950000,2.446741,-0.875609,0.161374,-0.0334,-0.0238,-10.0516
16960000,2.614193,-0.939127,0.145445,0.0893,-0.1240,-9.9897
16970000,2.780031,-1.001579,0.128810,0.0284,-0.1341,-9.8234
16980000,2.883727,-1.041474,0.101953,-0.0251,-0.0706,-9.9381
16990000,2.561137,-0.931651,0.070856,0.1299,-0.0662,-9.9973
17000000,1.571056,-0.570279,0.031455,0.0073,0.0699,-9.8208
17010000,0.517831,-0.190438,0.008982,0.0219,0.0923,-9.7366
17020000,0.047334,-0.014971,-0.000216,0.0047,-0.0329,-9.8317
17030000,-0.020216,0.007709,0.000951,0.0394,-0.0230,-9.7550
17040000,-0.021015,0.005364,0.000731,0.0325,-0.0870,-9.8500
17050000,-0.019597,0.010276,-0.000890,-0.0791,-0.0140,-9.8171
17060000,-0.019932,0.010783,-0.002240,0.1611,-0.0824,-9.9005
17070000,-0.021454,0.006405,-0.002421,0.0329,-0.0760,-9.7019
17080000,-0.019650,0.005777,0.000073,0.0491,0.0372,-9.8750
17090000,-0.021864,0.004179,-0.001069,-0.0667,0.0455,-9.7731
17100000,-0.019580,0.006654,0.000620,0.0260,-0.1357,-9.7442
17110000,-0.022081,0.007660,-0.000021,-0.1075,-0.0227,-9.6734
17120000,-0.021074,0.002933,-0.000052,0.0344,0.1418,-9.8222
17130000,-0.024260,0.005262,0.001781,0.0136,-0.0027,-9.8315
17140000,-0.021649,0.007314,-0.002717,-0.0457,0.0767,-9.7292
17150000,-0.024080,0.010252,-0.000726,-0.0739,-0.1024,-9.7648
17160000,-0.019543,0.010230,0.000168,-0.0240,-0.1738,-9.7414
17170000,-0.021204,0.003996,0.002279,0.0481,-0.0278,-9.8018
17180000,-0.021715,0.004027,-0.004450,-0.0065,0.2220,-9.8804
17190000,-0.021436,0.005037,-0.000577,0.0536,0.0004,-9.6139
17200000,-0.018455,0.002839,-0.002718,-0.0054,-0.0090,-9.8407
17210000,-0.018813,0.010687,-0.002587,0.0244,-0.0425,-9.8241
17220000,-0.021143,0.007744,0.001241,-0.0644,-0.0127,-9.8680
17230000,-0.021031,0.004984,0.003513,0.0437,-0.0315,-9.7390
17240000,-0.017152,0.007619,-0.000002,-0.1045,0.0104,-9.8553
17250000,-0.022116,0.006199,-0.001175,-0.0928,0.0988,-9.7329
17260000,-0.020992,0.003930,0.002865,-0.0643,-0.0614,-9.7992
17270000,-0.019449,0.003096,-0.001141,-0.1218,0.1066,-9.7744
17280000,-0.020986,0.005639,-0.001813,-0.0068,0.1168,-9.8397
17290000,-0.023433,0.005741,0.001349,-0.0238,-0.0489,-9.7180
17300000,-0.020623,0.008519,-0.002844,0.0813,-0.0106,-9.6402
17310000,-0.021946,0.008617,-0.003470,0.0346,0.1044,-9.7519
17320000,-0.020687,0.003653,0.001182,0.1413,0.0479,-9.5516
17330000,-0.020975,0.006260,-0.000409,0.0154,0.0894,-9.6277
17340000,-0.022110,0.000861,-0.001351,0.1290,-0.0988,-9.7471
17350000,-0.019666,0.009219,-0.002926,-0.1465,-0.0455,-9.8222
17360000,-0.018024,0.009473,-0.002208,-0.0142,0.0081,-9.7288
17370000,-0.016268,0.005061,0.000168,-0.0892,-0.0193,-9.7490
17380000,-0.018727,0.004936,-0.000556,-0.0643,0.1833,-9.6969
17390000,-0.018073,0.008403,-0.001532,0.1194,0.1991,-9.6562
17400000,-0.015414,0.003743,-0.001618,-0.0746,0.0512,-9.8916
17410000,-0.022089,0.004103,0.001656,-0.1120,-0.0965,-9.6789
17420000,-0.018942,0.003916,-0.004383,-0.0164,-0.0281,-9.7420
17430000,-0.018941,0.006329,-0.001272,0.1287,0.0324,-9.7184
17440000,-0.020642,0.004155,-0.001206,0.0139,-0.0163,-9.7372
17450000,-0.017967,0.005492,0.003216,-0.0505,0.0626,-9.7026
17460000,-0.020316,0.004761,0.002281,-0.0259,-0.1295,-9.6092
17470000,-0.017558,0.003357,0.001051,-0.0059,-0.0039,-9.5975
17480000,-0.018315,0.002120,0.002259,0.0287,-0.1946,-9.8065
17490000,-0.016444,0.008983,0.001597,-0.0214,-0.0487,-9.6515
17500000,-0.019942,0.007195,0.000404,0.0237,0.0620,-9.6297
17510000,-0.018292,0.003063,-0.003351,-0.0380,-0.0101,-9.7331
17520000,-0.017139,0.003324,0.004704,0.0150,-0.0079,-9.5455
17530000,-0.017942,0.003325,0.002029,-0.1141,-0.0428,-9.6001
17540000,-0.017245,0.003807,-0.001229,-0.0020,0.0072,-9.4962
17550000,-0.015196,0.006671,-0.002279,0.0798,-0.0904,-9.6951
17560000,-0.015195,0.004302,-0.000605,0.0558,0.0250,-9.6624
17570000,-0.018147,0.004308,-0.001670,-0.0685,0.0701,-9.7628
17580000,-0.017137,0.005157,-0.002376,0.0690,-0.1098,-9.6698
17590000,-0.020065,0.007083,-0.001424,-0.0826,-0.1172,-9.8091
17600000,-0.019455,0.007625,-0.002612,-0.0782,-0.0777,-9.6117
17610000,-0.021155,0.005906,-0.000564,-0.0918,0.0447,-9.5890
17620000,-0.018599,0.006750,0.000721,-0.0878,-0.0956,-9.8296
17630000,-0.017525,0.006197,-0.000659,-0.0177,0.0074,-9.5396
17640000,-0.020078,0.006000,0.001971,-0.1341,0.0571,-9.4841
17650000,-0.019346,0.004971,-0.000526,-0.0115,0.0311,-9.6025
17660000,-0.019129,0.005035,-0.001344,-0.1000,-0.0398,-9.5495
17670000,-0.016762,0.003907,-0.000636,-0.0041,-0.0790,-9.6110
17680000,-0.018087,0.004629,-0.004149,0.0407,0.1141,-9.5967
17690000,-0.018963,0.004968,-0.001292,-0.0912,0.0265,-9.5241
17700000,-0.015769,0.009096,0.001607,0.0179,0.0176,-9.5971
17710000,-0.018434,0.005984,-0.001125,-0.1464,-0.0421,-9.5883
17720000,-0.021702,0.003794,-0.000752,-0.0288,-0.1120,-9.6298
17730000,-0.018950,0.006562,0.001065,0.0580,-0.0440,-9.4238
17740000,-0.017693,0.006744,-0.001476,0.0150,0.0422,-9.5113
17750000,-0.018412,0.005907,0.004911,-0.0930,0.0517,-9.5145
17760000,-0.020449,0.008037,-0.001878,0.0706,0.1669,-9.5371
17770000,-0.015771,0.005949,0.001953,-0.0005,0.0734,-9.6193
17780000,-0.019441,0.002906,-0.002553,-0.0699,0.0226,-9.6563
17790000,-0.016455,0.005552,0.000398,-0.0239,-0.0561,-9.5000
17800000,-0.019106,0.003850,-0.002498,-0.0600,-0.0428,-9.6234
17810000,-0.014024,0.004409,0.002144,0.1231,0.0623,-9.6103
17820000,-0.017037,0.004830,-0.000370,-0.0218,-0.1708,-9.6118
17830000,-0.014102,0.003964,0.000210,-0.0387,-0.0282,-9.6057
17840000,-0.018571,0.008509,-0.000469,-0.0233,-0.1276,-9.5828
17850000,-0.016848,0.000991,0.002027,0.0010,0.1431,-9.6258
17860000,-0.020391,0.006225,0.001065,-0.0007,0.0656,-9.5762
17870000,-0.017768,0.001460,-0.001294,-0.0727,-0.0206,-9.4790
17880000,-0.016955,0.003991,0.000744,0.0388,-0.0183,-9.4895
17890000,-0.014402,0.006383,0.001834,-0.0704,0.0169,-9.5877
17900000,-0.017088,0.008581,0.002079,-0.0358,0.0741,-9.4796
17910000,-0.017175,0.002808,-0.001143,-0.1247,-0.1410,-9.5157
17920000,-0.016615,0.005148,-0.003353,0.0387,-0.0946,-9.6047
17930000,-0.019300,0.005267,-0.000207,0.0082,0.0232,-9.5111
17940000,-0.022146,0.005629,0.000561,-0.1096,0.0132,-9.3509
17950000,-0.017702,0.009026,-0.002906,0.2055,0.0209,-9.3514
17960000,-0.021566,0.003706,0.000683,0.1115,-0.1217,-9.5262
17970000,-0.013752,0.005134,0.002546,-0.0948,-0.0721,-9.4672
17980000,-0.016229,-0.000219,-0.000577,-0.0679,-0.1025,-9.5449
17990000,-0.020975,0.005046,0.000504,-0.0828,-0.0544,-9.5819
18000000,-0.011898,0.005996,0.003040,0.0143,0.0906,-9.4407
18010000,-0.016366,0.006234,0.003047,0.0047,-0.0082,-9.7170
18020000,-0.014915,0.002027,0.000064,-0.0808,0.0044,-9.4538
18030000,-0.019804,0.002875,0.000384,-0.0813,-0.1552,-9.6064
18040000,-0.020724,0.003882,0.002614,0.0203,0.0050,-9.4564
18050000,-0.014862,0.004795,-0.000902,0.0052,0.0776,-9.5741
18060000,-0.012943,0.001929,-0.000577,0.0184,-0.1223,-9.4459
18070000,-0.018390,0.004439,0.000099,-0.1025,0.1262,-9.4503
18080000,-0.016348,0.002922,-0.000446,-0.0658,-0.0277,-9.6146
18090000,-0.019066,0.002773,-0.002369,-0.0117,-0.1466,-9.3889
18100000,-0.013346,0.003923,0.000884,0.0890,0.1038,-9.3630
18110000,-0.020518,0.006213,0.005298,0.1710,0.0342,-9.4570
18120000,-0.019574,0.003340,-0.000628,-0.0110,-0.1455,-9.4750
18130000,-0.016873,0.005115,-0.001691,-0.0551,0.0005,-9.5126
18140000,-0.014791,0.005370,0.000290,0.0199,0.0250,-9.5344
18150000,-0.013149,0.002665,-0.000041,-0.1144,-0.0713,-9.3492
18160000,-0.012707,0.005027,-0.001042,-0.0558,0.0909,-9.4586
18170000,-0.013525,0.001090,-0.004944,0.1488,0.0168,-9.3304
18180000,-0.012989,0.008102,0.001219,-0.0034,0.1183,-9.4617
18190000,-0.016449,0.004567,-0.000030,-0.0531,0.0255,-9.3780
18200000,-0.016863,0.002018,-0.002803,0.0637,0.0289,-9.4222
18210000,-0.015028,0.002937,-0.002500,0.0451,0.0422,-9.4074
18220000,-0.014687,0.008581,-0.001920,0.0083,-0.0609,-9.3791
18230000,-0.018283,0.004614,-0.002713,-0.0145,-0.0308,-9.4442
18240000,-0.019631,0.007551,0.001779,-0.0873,0.0606,-9.3355
18250000,-0.017799,0.004645,-0.000407,0.0820,-0.0425,-9.3442
18260000,-0.013443,0.004971,-0.000436,0.0071,0.0898,-9.3864
18270000,-0.015000,0.006457,-0.001802,-0.1238,0.0342,-9.3630
18280000,-0.011046,0.004548,0.002606,-0.0511,0.1687,-9.4472
18290000,-0.015440,0.006561,0.000886,-0.0344,-0.0250,-9.3372
18300000,-0.017793,0.006143,0.000473,-0.0808,0.1794,-9.2845
18310000,-0.015162,0.007319,-0.004271,-0.0864,-0.0454,-9.2611
18320000,-0.014577,0.002989,0.001705,0.1404,-0.0207,-9.3413
18330000,-0.013752,0.003643,-0.000961,0.1014,-0.0378,-9.3244
18340000,-0.015052,0.001256,0.001199,0.0023,-0.0353,-9.3623
18350000,-0.013502,0.003739,-0.002884,0.0744,-0.0527,-9.4739
18360000,-0.014627,0.001586,0.004010,0.2065,0.0084,-9.4378
18370000,-0.015765,0.002145,-0.000120,-0.0029,0.0531,-9.2698
18380000,-0.012785,0.004100,-0.001422,0.0552,-0.0358,-9.2603
18390000,-0.013776,0.003155,-0.000766,-0.0814,-0.0200,-9.3585
18400000,-0.017574,0.002656,-0.003157,-0.0314,-0.0072,-9.3640
18410000,-0.013189,0.002107,-0.003764,-0.0301,-0.0321,-9.3655
18420000,-0.015764,0.008190,-0.002629,0.0574,0.0764,-9.5269
18430000,-0.015563,0.003862,-0.002148,-0.0878,0.0287,-9.3727
18440000,-0.016035,0.003760,-0.002118,0.1424,-0.0114,-9.3170
18450000,-0.012832,0.006199,-0.001450,-0.0565,-0.0320,-9.3426
18460000,-0.015499,0.004665,0.002841,0.0605,-0.0224,-9.4012
18470000,-0.015417,0.002318,0.001150,0.0294,-0.0499,-9.4390
18480000,-0.011207,0.004579,-0.000016,-0.0709,-0.0483,-9.4145
18490000,-0.016398,0.004485,-0.001410,0.1112,-0.0963,-9.2497
18500000,-0.015546,0.005162,-0.000121,0.1103,-0.0225,-9.1974
18510000,-0.017656,0.005005,0.000007,0.1301,0.1196,-9.2476
18520000,-0.018959,0.003004,-0.002805,-0.0717,0.0203,-9.4041
18530000,-0.012315,-0.000093,0.002605,-0.1409,-0.0448,-9.3033
18540000,-0.013045,0.007057,0.002556,-0.0370,-0.0007,-9.2962
18550000,-0.013388,0.001366,0.000660,0.0206,-0.0979,-9.2568
18560000,-0.015031,0.001723,0.001132,0.0677,-0.0190,-9.3028
18570000,-0.015340,0.000614,-0.000109,0.0433,-0.0197,-9.4112
18580000,-0.015635,0.003899,-0.001076,-0.1537,0.0001,-9.2117
18590000,-0.014183,0.001601,-0.000573,-0.0625,0.1373,-9.3754
18600000,-0.011624,0.004622,0.003302,0.2124,-0.0842,-9.3339
18610000,-0.016116,0.005813,0.003357,0.1161,0.0734,-9.0968
18620000,-0.013028,-0.000980,0.000700,0.0968,0.0361,-9.3692
18630000,-0.016790,0.003575,0.000107,-0.1002,-0.0158,-9.3102
18640000,-0.014406,0.003864,0.003194,-0.0183,0.0397,-9.2474
18650000,-0.013144,0.004530,0.000780,-0.1123,-0.1167,-9.4218
18660000,-0.012986,0.003775,0.000888,-0.0069,-0.0493,-9.3467
18670000,-0.015365,0.003988,-0.000406,0.0285,0.0652,-9.3442
18680000,-0.013854,0.003292,-0.002560,0.0729,-0.0100,-9.2621
18690000,-0.011245,0.003323,0.000423,-0.0881,-0.0007,-9.2738
18700000,-0.009347,0.005471,-0.003967,0.1211,0.0494,-9.3175
18710000,-0.012679,0.005605,-0.002541,0.0947,-0.1645,-9.2828
18720000,-0.012501,0.005266,0.000901,-0.0248,-0.0587,-9.2751
18730000,-0.010785,0.002965,0.005350,-0.0669,0.0182,-9.2271
18740000,-0.007729,0.002493,-0.002615,-0.0225,-0.0496,-9.2693
18750000,-0.012567,0.006152,-0.000943,-0.0130,0.0411,-9.3216
18760000,-0.009299,0.000428,-0.000150,0.0462,-0.0387,-9.4037
18770000,-0.010860,0.001198,-0.001646,-0.0608,-0.0176,-9.3257
18780000,-0.011892,0.001210,-0.000648,0.0115,-0.0202,-9.2968
18790000,-0.009420,0.002424,0.001435,0.1601,-0.0141,-9.2289
18800000,-0.011253,0.001843,0.002073,0.1247,-0.0540,-9.1999
18810000,-0.009815,-0.000267,0.001162,-0.0571,-0.0447,-9.1319
18820000,-0.011840,0.002874,0.000243,-0.1229,0.0208,-9.1694
18830000,-0.010309,-0.000336,-0.002124,-0.1201,-0.0759,-9.2440
18840000,-0.010400,0.003442,-0.002441,-0.0502,-0.0091,-9.1845
18850000,-0.010217,0.007384,-0.001321,0.1134,-0.0485,-9.2404
18860000,-0.009688,0.007660,-0.000683,0.2007,-0.1165,-9.2325
18870000,-0.009633,0.001868,0.002478,0.0203,0.0266,-9.3023
18880000,-0.007231,0.004295,-0.002931,0.0461,0.0633,-9.1407
18890000,-0.010097,0.004679,-0.002515,-0.0551,-0.0096,-9.2463
18900000,-0.011746,0.003320,-0.000413,-0.0182,0.0481,-9.2726
18910000,-0.010648,0.002105,-0.003466,0.0049,-0.0118,-9.1215
18920000,-0.005412,0.004457,0.002075,-0.0346,0.0086,-9.2662
18930000,-0.008900,-0.000811,0.000617,0.0411,0.0273,-9.1931
18940000,-0.008503,0.003712,0.000443,0.0185,0.0376,-9.2619
18950000,-0.014867,0.004189,0.000402,-0.0024,-0.0402,-9.0923
18960000,-0.011634,0.001640,-0.003292,-0.0647,0.0767,-9.3011
18970000,-0.008228,-0.001323,-0.004136,-0.0448,0.0026,-9.1232
18980000,-0.006788,0.004823,-0.000351,-0.0364,-0.1455,-9.2911
18990000,-0.008910,0.000495,-0.002877,0.0775,0.0330,-9.1757
19000000,-0.013427,0.001161,-0.003167,-0.0671,-0.0416,-9.1617
19010000,-0.014624,0.002877,-0.000527,-0.0232,0.0160,-9.2712
19020000,-0.010167,0.005005,0.002081,0.0085,0.1000,-9.2140
19030000,-0.009112,0.002599,-0.002304,0.0269,-0.1127,-9.2031
19040000,-0.012742,0.001742,-0.000261,0.0312,0.1036,-9.1275
19050000,-0.009231,0.001375,0.002140,0.0153,-0.0398,-9.0408
19060000,-0.003934,0.005623,-0.001941,-0.0556,-0.0145,-9.0932
19070000,-0.009537,0.003639,-0.000255,0.1010,-0.0990,-9.1068
19080000,-0.010112,0.004157,-0.000194,0.1270,0.1877,-9.1877
19090000,-0.009800,0.002490,-0.001244,0.1449,-0.0894,-9.1368
19100000,-0.009856,0.001173,0.001613,-0.0087,-0.0169,-9.0800
19110000,-0.011266,0.006050,0.000885,0.1635,0.1957,-9.1070
19120000,-0.009710,0.003744,-0.001391,0.1359,-0.1280,-9.2464
19130000,-0.011878,0.004204,0.001572,0.0278,0.0242,-9.1361
19140000,-0.010024,0.002461,0.002547,0.0712,-0.0362,-9.1275
19150000,-0.009210,0.004863,-0.000828,-0.0521,-0.0186,-8.8651
19160000,-0.009435,-0.000181,-0.002310,0.1037,0.1030,-9.1145
19170000,-0.010459,0.002992,-0.001176,-0.0364,0.0604,-9.0434
19180000,-0.009356,0.006737,-0.002190,0.0166,0.0412,-9.1051
19190000,-0.005508,0.003148,0.000162,-0.1397,-0.0570,-9.1722
19200000,-0.007808,-0.001922,-0.001763,0.0705,0.0789,-9.1839
19210000,-0.010892,0.002883,-0.000583,-0.0256,-0.0569,-9.0635
19220000,-0.007240,0.002117,-0.001735,-0.1793,0.0511,-9.0791
19230000,-0.006857,0.001190,-0.002283,-0.0152,0.0678,-9.1038
19240000,-0.010300,0.000348,0.003224,0.0413,0.1496,-9.2872
19250000,-0.007958,0.003259,0.001085,0.1117,-0.0156,-9.1600
19260000,-0.010995,0.003505,0.003548,0.1371,0.0312,-9.1996
19270000,-0.008758,0.003518,0.000099,-0.1370,0.0307,-9.0902
19280000,-0.008552,0.000911,0.003828,-0.0706,0.0171,-9.0900
19290000,-0.011609,0.004949,0.002706,-0.0629,-0.0161,-9.0270
19300000,-0.008694,0.004108,-0.001833,-0.0332,0.0002,-9.1149
19310000,-0.008507,0.001917,0.004423,-0.0485,-0.0484,-9.1703
19320000,-0.006720,0.002196,0.001497,-0.0741,0.1469,-9.1054
19330000,-0.004365,0.003004,0.001790,-0.0289,-0.0464,-9.0435
19340000,-0.013784,0.001271,-0.002033,-0.0254,0.0557,-9.1659
19350000,-0.009178,0.001563,-0.000623,-0.0344,0.0332,-9.1156
19360000,-0.004119,0.000965,-0.001551,0.1438,-0.0850,-9.0486
19370000,-0.006376,0.001913,-0.002475,-0.1003,0.0529,-9.0388
19380000,-0.006080,-0.002435,-0.000685,-0.0075,0.0387,-9.1291
19390000,-0.009046,0.000080,-0.002755,-0.0629,0.0183,-9.0315
19400000,-0.008283,0.002601,0.000693,-0.1247,-0.0023,-9.1611
19410000,-0.010182,0.001048,-0.000132,-0.0615,-0.0484,-9.1508
19420000,-0.007392,0.003717,-0.000812,-0.0492,0.0631,-9.0709
19430000,-0.005011,0.003383,-0.002332,0.0346,-0.0012,-9.1170
19440000,-0.007936,0.002750,0.000358,-0.0145,0.0515,-8.9927
19450000,-0.002842,0.000451,0.002360,0.0599,0.0689,-8.9972
19460000,-0.006749,0.000920,0.002818,-0.0594,-0.0461,-9.1470
19470000,-0.004816,-0.004321,-0.006602,0.0715,0.0126,-9.1609
19480000,-0.007433,0.001404,0.001114,0.0130,-0.0980,-9.0835
19490000,-0.005623,0.002358,-0.002692,-0.1550,0.1686,-8.9034
19500000,-0.008467,0.004691,0.000361,0.1017,0.1199,-9.1565
19510000,-0.004813,0.001426,0.002031,0.1267,0.0816,-8.9675
19520000,-0.003341,0.001906,0.000017,-0.1269,0.0997,-8.9820
19530000,-0.007132,0.002460,-0.002709,-0.0709,0.0632,-9.0819
19540000,-0.002713,-0.000883,0.001314,0.0469,-0.0659,-8.8410
19550000,-0.007230,0.004732,-0.000600,0.0512,-0.0020,-9.0970
19560000,-0.006423,-0.000851,-0.001594,-0.1099,0.1615,-9.0252
19570000,-0.008003,0.002516,-0.001019,-0.0586,-0.0358,-9.0574
19580000,-0.002157,0.002932,0.000438,0.0089,0.1390,-9.0586
19590000,-0.006885,0.004431,0.001468,-0.0287,0.0985,-9.1404
19600000,-0.010405,-0.001531,0.000011,-0.0501,0.0058,-8.9340
19610000,-0.005378,0.000342,-0.000344,-0.0686,-0.0317,-8.9847
19620000,-0.003722,0.001026,-0.001916,-0.0671,0.1028,-9.1559
19630000,-0.005726,0.000626,-0.003235,0.0129,-0.0660,-8.9828
19640000,-0.005265,0.000404,-0.002629,-0.0749,0.1159,-9.0462
19650000,-0.006429,0.003561,-0.000735,0.1052,0.0619,-9.0788
19660000,-0.003828,0.002001,0.001383,0.0456,0.0409,-9.0366
19670000,-0.006520,0.003532,-0.001077,0.1334,0.0519,-9.0517
19680000,-0.007045,-0.001968,0.003299,0.0403,0.0590,-9.0321
19690000,-0.006222,0.003338,0.002150,0.0778,-0.0270,-8.9748
19700000,-0.007483,-0.000486,-0.002320,0.0080,0.1048,-8.9324
19710000,-0.007830,0.001250,0.000827,-0.0381,0.1107,-8.9774
19720000,-0.004304,-0.000301,-0.002160,-0.0123,0.0113,-8.8327
19730000,-0.005182,0.000302,0.001693,-0.0077,0.1255,-9.1329
19740000,-0.005418,0.000312,-0.002071,0.0734,-0.0174,-9.0329
19750000,-0.004595,-0.000476,0.001220,-0.0129,-0.1005,-8.9718
19760000,-0.005522,0.002330,0.002159,-0.0260,0.0536,-8.8552
19770000,-0.005270,-0.000744,-0.000788,0.0862,0.0264,-9.0109
19780000,-0.003274,0.001902,0.001492,-0.0543,0.1133,-8.9713
19790000,-0.004083,0.002350,0.002353,-0.0396,-0.1336,-8.8969
19800000,-0.004800,0.002467,0.002650,0.0408,0.0079,-8.9036
19810000,-0.003189,0.003825,-0.003630,0.1015,-0.0177,-8.7867
19820000,-0.004882,-0.000363,0.001311,-0.1373,0.0433,-8.8691
19830000,-0.006833,-0.003981,0.002696,0.0421,-0.0876,-8.8107
19840000,-0.001325,0.001350,0.001277,0.0552,-0.0646,-8.9513
19850000,-0.002420,-0.003975,0.001890,-0.0568,-0.1514,-8.9115
19860000,-0.004012,0.000814,0.002281,0.1152,-0.0025,-9.0705
19870000,-0.001225,0.002602,0.001315,0.0062,-0.0431,-8.8344
19880000,-0.001811,-0.000573,0.000984,0.0154,0.0314,-8.8856
19890000,-0.007849,0.001179,-0.003262,-0.1523,0.0514,-8.8535
19900000,-0.003115,0.000265,0.001533,0.0039,0.0710,-8.9892
19910000,-0.002721,-0.000294,0.001491,-0.1054,-0.0317,-8.9500
19920000,-0.006134,0.001668,-0.001891,-0.0128,0.0537,-8.8409
19930000,-0.002156,0.001100,-0.002525,-0.0045,-0.0001,-8.7299
19940000,-0.001643,0.000775,-0.002678,-0.0227,-0.1341,-9.0728
19950000,-0.002674,0.000202,0.006432,-0.1674,0.0366,-9.0218
19960000,-0.004600,-0.001789,-0.001546,0.1403,-0.0034,-8.7825
19970000,-0.003439,-0.004026,0.001468,-0.0511,-0.0561,-8.8717
19980000,-0.002869,0.001220,0.000460,0.0072,0.0331,-8.9645
19990000,-0.002977,0.000137,0.000500,-0.0081,0.0659,-8.9052
20000000,-0.003877,-0.000931,0.000919,0.0340,-0.0982,-8.9391
20010000,-0.005463,-0.001722,0.000059,-0.0135,-0.0624,-8.8550
20020000,-0.000576,0.000156,0.002252,0.1013,-0.0007,-8.7504
20030000,-0.001608,0.002230,-0.000903,-0.0468,0.0519,-9.0088
20040000,0.000336,-0.004586,0.000260,-0.0813,-0.0228,-8.8272
20050000,-0.006767,-0.000841,-0.001187,0.0993,0.0082,-8.7962
20060000,0.001159,0.001635,-0.003283,0.1074,0.0662,-8.7926
20070000,-0.007896,-0.000084,-0.002559,0.0051,-0.1552,-8.8731
20080000,-0.002445,-0.002869,0.001629,-0.0892,0.0776,-8.9411
20090000,-0.002889,0.002073,-0.000428,0.0272,-0.0165,-8.9593
20100000,0.000335,0.000857,-0.001864,-0.0195,-0.0191,-9.0068
20110000,-0.001928,-0.001293,-0.000394,0.1090,0.0297,-8.7311
20120000,0.002320,0.000891,-0.002818,0.1393,-0.0142,-8.8632
20130000,-0.004951,-0.001282,-0.002263,0.0287,0.0436,-8.8268
20140000,-0.002467,0.002868,0.003693,0.0433,0.0535,-8.9266
20150000,-0.000860,0.000576,-0.001916,0.1061,-0.1648,-8.7936
20160000,-0.002494,-0.000813,0.000539,0.0136,-0.0532,-8.8082
20170000,-0.001828,-0.000740,0.003355,-0.0567,-0.0255,-8.8671
20180000,-0.000117,0.001214,-0.001198,-0.0689,-0.1394,-8.7884
20190000,0.000001,0.000107,0.000776,0.0194,0.1215,-8.8159
20200000,-0.003333,-0.000033,0.001392,0.0623,0.0604,-8.9169
20210000,0.000464,-0.002480,0.000534,0.1230,0.1531,-8.9141
20220000,-0.000047,-0.003001,-0.000643,0.0127,0.0825,-8.8223
20230000,0.001377,0.006111,-0.000253,-0.0332,-0.0602,-8.9527
20240000,-0.002969,-0.000405,0.000054,-0.1696,-0.0276,-8.9642
20250000,-0.000206,-0.002494,0.001577,0.0146,0.0512,-8.7522
20260000,0.002566,-0.001490,0.001910,0.0244,-0.0418,-8.9087
20270000,0.002173,-0.000039,-0.003555,0.0134,-0.0675,-8.7291
20280000,0.002591,0.001900,-0.000527,0.0168,-0.0762,-8.9160
20290000,-0.000386,-0.001220,0.003729,-0.0403,0.0317,-8.8737
20300000,0.000171,-0.000241,-0.002165,0.0250,-0.0533,-8.7909
20310000,-0.001737,-0.001324,-0.000000,0.1212,0.0219,-8.8756
20320000,-0.000602,-0.001139,0.003087,0.0600,0.0162,-8.8204
20330000,-0.000918,-0.002192,0.000917,0.0223,-0.0915,-8.8623
20340000,-0.000293,-0.000100,-0.004879,0.0023,0.0527,-8.8641
20350000,-0.000126,-0.001958,-0.001996,-0.0404,0.0788,-8.6954
20360000,-0.000605,-0.000443,0.001331,-0.0119,-0.0226,-8.8315
20370000,0.001130,-0.000625,0.001181,-0.1262,-0.1162,-8.7892
20380000,0.002886,0.000807,0.004807,-0.0227,0.2200,-8.9469
20390000,-0.000852,-0.001548,-0.003124,-0.0366,-0.1177,-8.8981
20400000,0.004844,-0.002398,0.001552,0.0891,0.0665,-8.7494
20410000,-0.000257,0.001248,0.002122,0.0728,0.1351,-8.7595
20420000,-0.001268,-0.001066,0.000099,-0.0103,0.1071,-8.7660
20430000,0.003332,-0.002257,-0.000068,0.0340,-0.0827,-8.7067
20440000,0.002641,-0.002299,-0.001205,0.0217,-0.0690,-8.8878
20450000,0.001870,-0.002473,-0.001133,-0.0181,0.0159,-8.6492
20460000,0.000547,-0.000212,-0.000440,-0.2154,-0.1100,-8.7017
20470000,-0.000654,-0.002791,0.002370,-0.0008,-0.1279,-8.8572
20480000,0.002727,-0.001730,-0.001386,0.0096,0.0040,-8.7050
20490000,0.002237,-0.003500,0.000206,-0.0986,-0.1543,-8.7680
20500000,0.001954,-0.001990,-0.001817,-0.0156,-0.1063,-8.8427
20510000,-0.001678,-0.000640,-0.000205,0.0244,-0.0552,-8.8464
20520000,0.004696,-0.003504,-0.001251,0.1004,-0.1098,-8.7189
20530000,0.001181,-0.000310,0.000775,0.1137,-0.1262,-8.8496
20540000,0.000543,0.001430,-0.002028,-0.0084,0.0297,-8.7403
20550000,0.002030,-0.001996,0.002845,-0.0147,0.0012,-8.8125
20560000,0.005369,-0.000824,-0.000242,0.0056,0.0019,-8.7042
20570000,0.001900,0.001539,-0.002175,0.0107,0.1181,-8.7531
20580000,0.005095,-0.002678,0.000008,0.0396,0.0245,-8.8928
20590000,0.004220,-0.002895,-0.002470,0.0904,0.0164,-8.7390
20600000,0.004131,-0.001088,0.004569,-0.0768,-0.1225,-8.7553
20610000,0.003013,-0.000253,0.001552,-0.0418,-0.0926,-8.8796
20620000,0.002868,-0.003395,0.001870,0.2145,0.0775,-8.8136
20630000,0.005241,0.001221,-0.001368,0.0659,-0.0949,-8.8302
20640000,0.002774,-0.001795,-0.000933,0.1004,0.1249,-8.8010
20650000,0.005538,0.000274,0.000263,0.1723,-0.0620,-8.6595
20660000,0.005289,-0.002062,0.000476,-0.0655,-0.0347,-8.7950
20670000,0.004444,-0.004803,-0.000752,0.0048,0.0903,-8.7360
20680000,0.006260,-0.001244,-0.003318,-0.0138,0.2243,-8.8814
20690000,0.002043,-0.001821,-0.001360,0.0642,-0.0527,-8.7094
20700000,0.005522,-0.000235,-0.001396,0.0808,0.0587,-8.7683
20710000,0.006726,-0.004994,-0.000611,-0.0399,-0.0061,-8.6694
20720000,0.002617,-0.002320,-0.000609,-0.0583,0.0078,-8.9418
20730000,0.005197,0.001465,0.001003,-0.0043,-0.0236,-8.7724
20740000,0.007177,-0.003520,-0.002085,0.0599,-0.0811,-8.7063
20750000,0.003390,-0.005933,0.000308,-0.1047,0.1457,-8.5799
20760000,0.002276,-0.001587,0.002252,-0.1319,-0.1086,-8.8679
20770000,0.002546,-0.002314,-0.000111,0.0615,-0.1479,-8.7087
20780000,0.002593,-0.004557,-0.000159,-0.1570,0.0074,-8.7513
20790000,0.003725,-0.005507,-0.001308,-0.0161,-0.0407,-8.6314
20800000,0.003334,-0.004552,0.001430,-0.1711,-0.1174,-8.6332
20810000,0.003516,-0.004576,0.002586,-0.0033,-0.0578,-8.7706
20820000,0.002701,-0.003285,0.001942,-0.0114,-0.2774,-8.7197
20830000,0.010645,-0.001061,-0.004231,0.2412,-0.0209,-8.7340
20840000,0.001907,-0.003605,0.001848,-0.1350,0.0307,-8.7698
20850000,0.004066,-0.004320,-0.003112,-0.0684,0.0452,-8.7174
20860000,0.004784,-0.003871,0.003560,-0.0000,-0.0832,-8.7083
20870000,0.005762,0.002418,-0.002412,0.0145,-0.0766,-8.8444
20880000,0.003722,-0.003747,-0.002716,-0.0808,0.0300,-8.7250
20890000,0.006684,-0.005058,-0.000421,0.1972,0.0423,-8.7635
20900000,0.003970,-0.003355,-0.001444,-0.0871,0.0533,-8.8410
20910000,0.006488,-0.003474,0.002233,0.0133,0.0909,-8.7801
20920000,0.005960,0.000291,-0.001611,-0.1109,0.0297,-8.7402
20930000,0.004591,-0.005227,0.000196,0.0477,-0.0418,-8.5804
20940000,0.006646,-0.002661,-0.003169,-0.1192,0.0517,-8.6851
20950000,0.006921,-0.002179,0.001014,0.0926,0.0393,-8.7509
20960000,0.008051,-0.004769,-0.001251,-0.0157,0.0280,-8.6113
20970000,0.006471,-0.005935,-0.001200,0.0451,-0.0791,-8.7811
20980000,0.005932,-0.001819,0.002955,-0.0045,0.0575,-8.8323
20990000,0.006314,-0.000605,-0.001682,0.0805,-0.0326,-8.6231
21000000,0.007702,-0.004843,0.000781,-0.0798,0.0421,-8.7829
21010000,0.004025,-0.002597,0.001566,-0.0029,-0.0297,-8.6167
21020000,0.011614,-0.003063,-0.001653,-0.0289,0.1205,-8.7335
21030000,0.004978,-0.000684,-0.001993,0.0062,-0.0460,-8.6383
21040000,0.008036,-0.003361,-0.002222,-0.0727,-0.0061,-8.6498
21050000,0.007407,-0.005294,-0.002808,-0.0282,0.0441,-8.6665
21060000,0.003722,-0.001639,0.001180,0.0676,0.1031,-8.6101
21070000,0.010028,-0.001589,0.001105,-0.1085,-0.1323,-8.6929
21080000,0.009490,0.000939,0.001115,0.0069,0.1933,-8.5572
21090000,0.009763,-0.001394,-0.000380,0.0222,0.1100,-8.6998
21100000,0.008635,-0.004344,0.000487,-0.0357,0.1378,-8.6498
21110000,0.004378,-0.002774,0.000299,-0.0052,0.0383,-8.6289
21120000,0.008609,-0.003204,0.000132,-0.0554,0.0070,-8.8364
21130000,0.008703,-0.007809,0.000973,-0.1141,0.0248,-8.6914
21140000,0.004861,-0.005033,-0.002365,-0.0112,-0.1563,-8.7123
21150000,0.006773,-0.004531,-0.001090,0.1029,-0.0893,-8.8178
21160000,0.007545,-0.005037,-0.001096,0.0092,-0.0236,-8.5945
21170000,0.010079,-0.002872,-0.002328,0.1438,0.0393,-8.6514
21180000,0.005638,-0.004555,0.005822,-0.0284,-0.0136,-8.8160
21190000,0.005503,0.000273,-0.004398,0.0638,0.0876,-8.6707
21200000,0.010590,-0.007802,0.002554,0.0928,-0.0410,-8.4873
21210000,0.006917,-0.005913,0.002163,0.0314,0.0401,-8.7174
21220000,0.007227,-0.005989,0.002571,0.0925,0.0859,-8.7619
21230000,0.010679,-0.005733,-0.000832,-0.0115,0.1828,-8.7168
21240000,0.009780,-0.003753,0.002291,0.0916,-0.0257,-8.7236
21250000,0.010777,-0.002238,0.003017,0.0086,-0.1020,-8.8243
21260000,0.009573,-0.003472,-0.002319,-0.0387,0.0603,-8.6215
21270000,0.009705,-0.001869,0.001172,-0.0981,0.1941,-8.6205
21280000,0.006575,-0.004249,0.001051,-0.1298,0.0282,-8.6996
21290000,0.011724,-0.006432,0.004021,0.0551,0.0692,-8.7064
21300000,0.007371,-0.005588,0.002240,-0.0769,-0.0210,-8.7243
21310000,0.009823,-0.006457,-0.000837,-0.1123,-0.2060,-8.6705
21320000,0.013600,-0.006130,0.001309,0.0748,0.0588,-8.6801
21330000,0.010307,-0.003486,0.002011,0.0581,0.0309,-8.5989
21340000,0.009247,-0.003815,0.000770,-0.1480,0.1014,-8.5770
21350000,0.007704,-0.003462,-0.003866,-0.0181,-0.0405,-8.5272
21360000,0.009270,-0.007895,0.001407,0.0071,0.0469,-8.7949
21370000,0.010646,-0.006207,-0.001729,-0.0739,0.0010,-8.7463
21380000,0.010827,-0.003067,0.000067,-0.0249,-0.0337,-8.8295
21390000,0.014130,-0.000748,-0.000030,-0.0373,-0.0256,-8.6111
21400000,0.011698,-0.004468,0.000072,-0.0794,0.0033,-8.6944
21410000,0.011326,-0.003339,0.001484,0.0491,0.0357,-8.6866
21420000,0.012724,-0.006217,0.003123,0.0375,0.1577,-8.7245
21430000,0.015635,-0.004219,-0.000123,-0.0337,0.0452,-8.7666
21440000,0.009674,-0.006689,0.000659,-0.0658,-0.1425,-8.6281
21450000,0.011692,-0.002575,0.002809,0.0179,-0.0631,-8.6843
21460000,0.011511,-0.001830,0.001191,0.0452,0.0671,-8.6952
21470000,0.012359,-0.008135,0.000514,-0.1541,-0.0291,-8.7260
21480000,0.012720,-0.003115,-0.000434,0.0778,0.0427,-8.6541
21490000,0.008779,-0.006799,-0.000779,-0.0203,0.1023,-8.7174
21500000,0.012249,-0.003329,0.000438,-0.0213,-0.1703,-8.7149
21510000,0.012270,-0.004693,0.001761,-0.0640,-0.1940,-8.6405
21520000,0.011580,-0.001577,-0.001009,-0.0977,-0.0439,-8.6322
21530000,0.013858,-0.005541,-0.000514,0.0423,-0.1163,-8.6951
21540000,0.012506,-0.005451,0.000421,-0.0337,-0.0919,-8.7006
21550000,0.011073,-0.005831,-0.000800,-0.0057,-0.0376,-8.7894
21560000,0.012419,-0.002051,0.000653,0.0284,-0.0417,-8.6351
21570000,0.013392,-0.004222,-0.003130,0.0020,-0.0636,-8.7370
21580000,0.013447,-0.008491,0.000949,-0.0250,0.0264,-8.7777
21590000,0.013203,-0.005552,-0.001124,0.0007,0.0187,-8.5998
21600000,0.010585,-0.004422,0.000953,0.0547,0.1236,-8.7084
21610000,0.010072,-0.004452,-0.000173,0.0054,0.0493,-8.6308
21620000,0.012272,-0.003324,-0.000532,-0.0476,0.0597,-8.7746
21630000,0.013343,-0.002553,-0.000288,-0.0551,0.0893,-8.6792
21640000,0.012539,-0.005717,0.004460,0.0443,0.0036,-8.5940
21650000,0.012807,-0.000960,0.000187,-0.0559,-0.0465,-8.6461
21660000,0.012884,-0.004350,0.001728,-0.1345,0.0134,-8.6004
21670000,0.013657,-0.006307,0.004216,0.0262,0.0761,-8.6412
21680000,0.013476,-0.007636,0.002117,-0.0410,-0.0114,-8.6493
21690000,0.012723,-0.007329,-0.000631,0.0016,-0.0226,-8.5944
21700000,0.014675,-0.006246,0.002326,-0.1367,0.0903,-8.7244
21710000,0.011456,-0.005584,-0.000609,-0.0795,0.0583,-8.5530
21720000,0.015599,-0.008079,0.002125,0.0389,0.0794,-8.8204
21730000,0.010049,-0.007011,0.000778,-0.0735,-0.0153,-8.6530
21740000,0.015428,-0.006303,0.003826,-0.0841,-0.0246,-8.7012
21750000,0.014197,-0.005595,0.002088,-0.0847,0.0317,-8.6211
21760000,0.013087,-0.009910,0.000605,-0.0432,0.0275,-8.6880
21770000,0.014250,-0.006271,-0.001234,0.0547,-0.0455,-8.8248
21780000,0.011604,-0.003438,0.000519,0.0256,-0.0485,-8.8194
21790000,0.014545,-0.004623,-0.001995,0.0554,-0.1241,-8.7593
21800000,0.015009,-0.007131,-0.000484,-0.1046,0.0590,-8.7923
21810000,0.010897,-0.004978,0.001984,0.0433,-0.1046,-8.7303
21820000,0.013628,-0.006365,0.004537,0.0206,-0.1994,-8.5478
21830000,0.013936,-0.002980,-0.003721,-0.1490,-0.0976,-8.7127
21840000,0.014761,-0.004396,-0.003086,-0.0552,0.0797,-8.6325
21850000,0.012551,-0.005928,0.003087,-0.0239,-0.0225,-8.6260
21860000,0.012152,-0.004814,0.001397,-0.0227,0.0838,-8.7309
21870000,0.016503,-0.002899,0.001150,0.0440,0.0133,-8.6762
21880000,0.013916,-0.005355,-0.002551,0.0388,0.1200,-8.7696
21890000,0.014184,-0.005610,-0.001414,-0.0773,-0.0522,-8.5691
21900000,0.014471,-0.005113,0.001468,0.2492,-0.0072,-8.6902
21910000,0.012763,-0.004201,-0.000568,-0.0237,0.0861,-8.7855
21920000,0.015414,-0.008127,-0.004151,-0.0706,0.0040,-8.5831
21930000,0.013974,-0.006059,-0.002467,-0.1443,0.1014,-8.8534
21940000,0.014749,-0.001714,0.000327,-0.0472,0.0666,-8.7319
21950000,0.016183,-0.007219,0.001016,0.1144,-0.0491,-8.6888
21960000,0.013039,-0.006334,0.000923,0.0657,0.0082,-8.4628
21970000,0.014065,-0.004600,0.001198,0.0541,-0.0734,-8.6422
21980000,0.014257,-0.007090,0.000143,0.0743,-0.0883,-8.4270
21990000,0.016709,-0.003838,-0.000364,-0.0583,0.1077,-8.7707
22000000,0.014801,-0.007156,-0.001061,0.0609,-0.1116,-8.5829
22010000,0.016262,-0.006437,0.002530,-0.0120,-0.1116,-8.7298
22020000,0.014005,-0.008102,0.001102,0.1638,0.1179,-8.4792
22030000,0.016587,-0.004053,0.001457,0.0328,0.0551,-8.6232
22040000,0.012852,-0.006585,0.000386,0.0369,-0.1072,-8.6868
22050000,0.015848,-0.006287,-0.001618,-0.0348,0.0029,-8.7390
22060000,0.018185,-0.007290,0.000505,0.1468,-0.1711,-8.5948
22070000,0.017102,-0.008039,0.002538,0.0813,0.0204,-8.5487
22080000,0.017369,-0.004680,-0.000986,-0.0232,0.1919,-8.5901
22090000,0.018182,-0.005351,0.000476,0.1234,-0.1454,-8.6365
22100000,0.016178,-0.004679,0.002325,-0.0075,0.0424,-8.6533
22110000,0.016659,-0.006156,0.003145,0.0323,-0.0209,-8.6096
22120000,0.016409,-0.008382,-0.001420,-0.1299,-0.1393,-8.6102
22130000,0.019863,-0.002653,0.000771,0.1162,0.0370,-8.8113
22140000,0.022106,-0.007173,0.004693,0.0946,-0.0202,-8.6842
22150000,0.012957,-0.004625,0.000646,-0.0911,0.0077,-8.5812
22160000,0.021902,-0.010020,-0.001481,0.0883,0.0595,-8.5983
22170000,0.015620,-0.010459,0.000106,0.0286,-0.1215,-8.8409
22180000,0.015469,-0.007216,0.003301,0.1458,0.0450,-8.6848
22190000,0.017422,-0.008110,-0.000759,-0.1192,-0.0294,-8.6075
22200000,0.018944,-0.008051,0.000813,0.0017,0.1406,-8.6626
22210000,0.014895,-0.005514,-0.000294,-0.0294,0.0424,-8.6151
22220000,0.016246,-0.006003,0.000435,0.1034,0.0174,-8.6326
22230000,0.018872,-0.005135,0.001331,-0.0168,-0.1697,-8.6136
22240000,0.016278,-0.005337,0.000755,0.0205,-0.0066,-8.5684
22250000,0.020831,-0.003739,0.002255,0.0611,-0.0627,-8.7907
22260000,0.017306,-0.004714,-0.000004,-0.0111,-0.0445,-8.7085
22270000,0.019087,-0.007929,0.001853,0.1148,0.0565,-8.5168
22280000,0.017780,-0.009173,-0.001145,0.0184,-0.0791,-8.5915
22290000,0.015662,-0.006723,0.001640,0.1019,-0.1851,-8.5712
22300000,0.018746,-0.003248,0.000409,-0.0723,0.2175,-8.6226
22310000,0.018272,-0.006089,0.001538,0.0347,0.0969,-8.7369
22320000,0.021173,-0.007125,-0.000136,0.0462,-0.0240,-8.6879
22330000,0.016271,-0.005886,0.000551,-0.0547,-0.0405,-8.5124
22340000,0.020017,-0.008086,-0.000573,-0.1088,-0.0101,-8.4880
22350000,0.016175,-0.008174,-0.001046,0.0129,-0.1707,-8.8186
22360000,0.017583,-0.006754,-0.000872,0.0232,-0.0315,-8.6982
22370000,0.019977,-0.006844,0.002846,-0.0240,0.0468,-8.6855
22380000,0.020608,-0.006462,0.001139,-0.0042,-0.0360,-8.6559
22390000,0.020365,-0.006029,0.002915,0.0353,0.0222,-8.6745
22400000,0.016962,-0.010446,0.003717,0.0187,-0.0930,-8.6693
22410000,0.017956,-0.007846,-0.000410,-0.0012,-0.0009,-8.6406
22420000,0.017830,-0.008190,0.000978,0.1137,-0.0160,-8.8052
22430000,0.022651,-0.002777,-0.000245,0.0935,-0.0295,-8.5887
22440000,0.017775,-0.006512,0.000288,0.0352,-0.1500,-8.7164
22450000,0.016389,-0.007991,0.000533,-0.1355,-0.1205,-8.7499
22460000,0.016520,-0.006611,-0.000486,0.0064,0.1111,-8.8292
22470000,0.017173,-0.007072,-0.000706,0.0038,0.0717,-8.6007
22480000,0.021564,-0.007211,-0.001888,0.1618,0.0416,-8.7776
22490000,0.017204,-0.008313,-0.001045,-0.0298,0.1958,-8.7888
22500000,0.019209,-0.008636,0.000285,-0.0723,-0.0115,-8.5953
22510000,0.019519,-0.011166,0.001752,0.0564,0.0384,-8.7586
22520000,0.020710,-0.006585,0.002470,-0.1492,0.0358,-8.5958
22530000,0.018837,-0.005934,0.000250,0.0818,0.1218,-8.6868
22540000,0.018013,-0.004192,0.001135,0.1509,0.0084,-8.6054
22550000,0.022704,-0.008475,0.002040,0.0792,0.0511,-8.5869
22560000,0.020706,-0.008726,-0.000276,-0.1078,0.0133,-8.6653
22570000,0.021392,-0.007710,-0.001433,0.0413,0.1131,-8.7946
22580000,0.015379,-0.006391,0.003588,0.0639,0.1246,-8.7708
22590000,0.021816,-0.006992,0.001687,0.0961,0.0588,-8.7223
22600000,0.020064,-0.005723,0.004093,-0.0386,-0.0580,-8.7915
22610000,0.015375,-0.009715,0.000256,0.0230,-0.1073,-8.7707
22620000,0.020090,-0.006445,0.001680,-0.0778,-0.0125,-8.7552
22630000,0.022095,-0.007577,-0.000181,0.0535,-0.0219,-8.6819
22640000,0.017841,-0.012557,-0.001442,-0.0244,-0.0145,-8.7309
22650000,0.018629,-0.010560,-0.000379,0.0819,0.0834,-8.6387
22660000,0.021034,-0.006193,0.001129,0.0342,0.0158,-8.6369
22670000,0.015994,-0.007376,-0.000360,-0.0603,-0.0528,-8.6260
22680000,0.016650,-0.008642,0.004620,-0.0472,-0.0443,-8.5929
22690000,0.023625,-0.008376,0.000239,-0.0030,-0.0402,-8.7246
22700000,0.016880,-0.008328,-0.001505,-0.0069,-0.0433,-8.7793
22710000,0.020807,-0.006431,0.000765,-0.1559,-0.0524,-8.6955
22720000,0.020107,-0.008081,0.000057,-0.0420,0.0620,-8.7287
22730000,0.021796,-0.009055,0.002913,-0.0083,0.0908,-8.7443
22740000,0.019660,-0.007074,-0.004192,-0.0547,0.0190,-8.7082
22750000,0.021563,-0.011862,-0.002003,0.0631,-0.0817,-8.7226
22760000,0.023006,-0.010367,-0.000304,0.0379,-0.0212,-8.8042
22770000,0.021136,-0.007882,0.001562,-0.0141,-0.0020,-8.7380
22780000,0.020808,-0.010994,0.000477,0.0153,0.1206,-8.6484
22790000,0.019800,-0.009639,-0.002732,0.0077,0.0891,-8.8398
22800000,0.020104,-0.011232,0.004215,-0.0541,-0.0097,-8.7368
22810000,0.020938,-0.006248,-0.000953,-0.0516,0.0328,-8.7362
22820000,0.020018,-0.006339,0.000933,0.0165,0.0168,-8.8489
22830000,0.020570,-0.003649,-0.003884,0.0300,0.0385,-8.6492
22840000,0.020646,-0.007376,0.000616,0.0313,-0.0221,-8.6515
22850000,0.023158,-0.006466,-0.004460,-0.0254,-0.1227,-8.8756
22860000,0.021337,-0.011018,-0.000882,0.1391,0.0610,-8.6824
22870000,0.022032,-0.009842,-0.000742,0.0394,0.0446,-8.7938
22880000,0.019689,-0.007130,0.000146,-0.0845,-0.0669,-8.7745
22890000,0.022893,-0.007253,-0.002047,0.1175,-0.0818,-8.7439
22900000,0.020648,-0.006778,0.000399,-0.1208,0.0613,-8.7021
22910000,0.020645,-0.009338,-0.000666,0.0212,-0.0045,-8.7673
22920000,0.021126,-0.010228,-0.001611,-0.1499,0.0161,-8.7481
22930000,0.023803,-0.009439,0.005274,-0.0564,-0.0265,-8.7868
22940000,0.022341,-0.006301,-0.000433,0.2436,-0.0184,-8.8953
22950000,0.022873,-0.006882,0.000309,-0.0617,0.0433,-8.7961
22960000,0.024331,-0.010747,0.002093,-0.0396,-0.0862,-8.7215
22970000,0.020155,-0.010863,0.001293,-0.0447,0.0286,-8.8329
22980000,0.025130,-0.011433,0.000972,-0.0200,-0.0236,-8.8239
22990000,0.022100,-0.007316,-0.002275,-0.1600,-0.1781,-8.8827
23000000,0.022945,-0.008642,0.000292,-0.0708,0.0238,-8.6658
23010000,0.022610,-0.012086,-0.000819,0.0001,-0.0099,-8.8100
23020000,0.020852,-0.009727,-0.002862,-0.1311,-0.0108,-8.6809
23030000,0.020085,-0.007159,0.001604,-0.0648,0.0401,-8.7608
23040000,0.021752,-0.012803,-0.002268,0.0784,0.0473,-8.8145
23050000,0.022221,-0.006574,0.001917,0.0154,-0.0165,-8.8078
23060000,0.022612,-0.008014,0.000917,-0.0345,0.0085,-8.7439
23070000,0.023145,-0.008865,0.000057,-0.1694,0.1361,-8.7581
23080000,0.019153,-0.007089,-0.002187,0.1436,0.0423,-8.7716
23090000,0.021485,-0.010247,0.002626,0.0171,0.0434,-8.7190
23100000,0.024188,-0.008238,0.003537,-0.2052,-0.0208,-8.6500
23110000,0.023384,-0.006958,0.000850,0.0234,-0.0492,-8.9783
23120000,0.022640,-0.010042,-0.001439,-0.1961,-0.1387,-8.8989
23130000,0.020563,-0.003800,0.000867,-0.0537,0.1474,-8.6631
23140000,0.020734,-0.004654,-0.002927,-0.0128,-0.0647,-8.8297
23150000,0.023512,-0.009516,-0.002145,-0.0378,-0.0975,-8.8636
23160000,0.022901,-0.008355,0.000151,0.0144,-0.1084,-8.8295
23170000,0.022130,-0.008017,-0.001628,-0.1145,-0.0357,-8.7706
23180000,0.021199,-0.012087,0.000581,-0.0789,0.0390,-8.8103
23190000,0.027786,-0.009633,-0.001165,-0.1015,0.0959,-8.7128
23200000,0.023424,-0.005722,0.002156,0.0479,0.0291,-8.7527
23210000,0.025225,-0.007021,0.000257,-0.0867,0.0293,-8.8775
23220000,0.023832,-0.007560,-0.001769,0.0135,-0.0625,-8.7464
23230000,0.022050,-0.013380,0.001184,0.0370,-0.1525,-8.8527
23240000,0.024186,-0.009083,-0.001150,-0.0493,-0.0493,-8.7650
23250000,0.023933,-0.006779,0.002499,0.0577,-0.0013,-8.7806
23260000,0.028610,-0.011779,0.000179,0.0453,-0.0013,-8.7961
23270000,0.021884,-0.007664,0.000261,0.0149,-0.1139,-8.8407
23280000,0.020314,-0.011655,-0.001122,0.1569,0.0607,-8.9657
23290000,0.023572,-0.012781,0.000812,0.0824,-0.0175,-8.9452
23300000,0.025594,-0.007777,0.003287,-0.0540,-0.2366,-8.8907
23310000,0.025277,-0.009348,-0.000461,-0.1747,0.1484,-8.7100
23320000,0.021862,-0.012394,0.000900,-0.0971,0.0140,-8.9425
23330000,0.022095,-0.007291,0.001102,-0.0911,-0.0909,-8.7646
23340000,0.022028,-0.009070,-0.000884,-0.0744,0.0138,-8.6843
23350000,0.021764,-0.008925,0.000184,0.0383,0.0262,-8.9853
23360000,0.025163,-0.012651,-0.003006,-0.0374,0.1089,-8.9129
23370000,0.022193,-0.006182,0.002504,0.0197,0.1665,-8.7718
23380000,0.026993,-0.010998,-0.000869,-0.1508,0.0409,-9.0628
23390000,0.023082,-0.004705,0.002091,0.0194,0.0583,-8.8767
23400000,0.022528,-0.010221,-0.000123,0.0119,-0.0450,-8.8737
23410000,0.022464,-0.007795,0.000043,0.0546,0.0114,-9.0332
23420000,0.024309,-0.007195,-0.000249,0.0354,-0.0895,-8.8258
23430000,0.027732,-0.008010,0.001827,0.0073,-0.0359,-8.8512
23440000,0.023461,-0.006967,0.003227,0.0775,0.0498,-8.7840
23450000,0.023891,-0.008245,0.000425,0.0468,-0.0598,-9.0178
23460000,0.022064,-0.009569,0.000322,-0.0693,-0.1851,-8.7664
23470000,0.025363,-0.011334,0.000648,0.0545,0.0142,-8.8727
23480000,0.027844,-0.005286,0.001381,0.0298,-0.0391,-8.9541
23490000,0.022886,-0.004945,0.000767,-0.0470,0.0775,-8.7716
23500000,0.023809,-0.007353,-0.001971,-0.0570,0.0783,-8.8699
23510000,0.024729,-0.010175,0.002306,-0.1551,0.1102,-8.8148
23520000,0.021115,-0.005677,0.002578,0.0451,-0.1813,-8.8904
23530000,0.024225,-0.008280,-0.000386,-0.0396,-0.1251,-9.0660
23540000,0.022060,-0.006116,0.001497,-0.0122,0.0066,-8.9444
23550000,0.023558,-0.009341,0.001943,0.0510,-0.0319,-9.0617
23560000,0.026166,-0.013342,0.000430,-0.0074,-0.0043,-8.7291
23570000,0.023215,-0.007791,0.001967,0.1208,-0.0476,-8.8644
23580000,0.026220,-0.007262,-0.000405,0.0467,0.1128,-9.0038
23590000,0.024423,-0.011209,0.000196,-0.0159,0.0879,-8.8357
23600000,0.024764,-0.008152,0.004131,-0.0075,-0.0497,-8.8489
23610000,0.027078,-0.005910,0.001723,-0.0151,-0.0147,-8.9027
23620000,0.024735,-0.009275,-0.001798,0.0515,-0.1923,-9.0175
23630000,0.023945,-0.009478,0.000091,-0.0536,-0.0288,-8.9774
23640000,0.022088,-0.010635,-0.001985,-0.1964,-0.0777,-9.0661
23650000,0.025263,-0.007890,0.001935,0.0392,-0.0007,-8.9330
23660000,0.023260,-0.012707,0.002660,-0.0061,-0.0618,-8.9410
23670000,0.025124,-0.008971,0.003415,-0.0388,0.0430,-8.9051
23680000,0.020440,-0.007907,-0.000268,0.2269,-0.0479,-8.9627
23690000,0.023541,-0.006215,-0.000387,0.0088,-0.0578,-9.0729
23700000,0.022317,-0.006886,-0.002959,-0.0102,0.0316,-8.9583
23710000,0.024228,-0.010395,-0.001525,0.0663,-0.0139,-8.9074
23720000,0.022638,-0.005855,0.006388,-0.0478,0.0070,-8.7969
23730000,0.024682,-0.009808,0.003143,0.0778,0.0200,-8.9411
23740000,0.024224,-0.007556,0.002226,0.0667,-0.0039,-8.8712
23750000,0.027382,-0.008202,0.001996,-0.0750,0.1672,-8.9230
23760000,0.024420,-0.007975,0.000045,-0.0394,0.0440,-9.0474
23770000,0.027916,-0.006373,-0.000889,-0.0534,-0.0042,-8.8837
23780000,0.027401,-0.009918,0.002726,0.0296,0.0025,-9.0284
23790000,0.030555,-0.010814,0.003341,0.0666,-0.0120,-9.0020
23800000,0.025021,-0.007867,-0.000328,-0.0001,0.0764,-9.0139
23810000,0.025596,-0.005912,-0.000203,-0.1360,0.0848,-8.9094
23820000,0.022433,-0.006194,-0.002764,0.0685,0.2702,-8.9613
23830000,0.024680,-0.004938,-0.001079,-0.1219,-0.0734,-9.0922
23840000,0.027404,-0.008999,-0.000231,-0.0155,-0.1247,-9.0996
23850000,0.024290,-0.010295,-0.001647,-0.0266,0.1037,-9.0319
23860000,0.025505,-0.009956,0.001504,0.0263,-0.0958,-9.0247
23870000,0.022774,-0.010222,0.001703,0.1576,-0.0036,-8.9709
23880000,0.024273,-0.008653,-0.003061,0.0090,-0.0503,-9.0001
23890000,0.024113,-0.010493,0.000361,-0.0765,0.1678,-9.0755
23900000,0.022805,-0.009545,-0.003137,-0.0408,0.0179,-8.9798
23910000,0.024493,-0.008022,-0.002993,-0.0441,0.1569,-9.0802
23920000,0.028038,-0.009711,-0.002573,-0.1330,-0.0122,-9.1881
23930000,0.027552,-0.006015,-0.004111,-0.0981,0.0802,-9.0876
23940000,0.024345,-0.010823,0.000717,0.0630,0.0359,-8.9986
23950000,0.022883,-0.010027,0.000267,0.0377,0.0478,-9.0967
23960000,0.022488,-0.010778,0.003529,-0.0029,-0.1165,-9.1241
23970000,0.022601,-0.005566,0.002773,0.0238,-0.0603,-9.0096
23980000,0.022358,-0.005061,0.002031,0.1234,-0.0132,-9.0802
23990000,0.022690,-0.005307,0.000823,0.1447,0.1094,-9.0521
24000000,0.025949,-0.006241,-0.004240,0.0004,-0.1714,-9.1729
24010000,0.022926,-0.008092,0.000255,-0.0579,-0.0004,-9.0815
24020000,0.025070,-0.003399,-0.003126,-0.1169,-0.0349,-9.1984
24030000,0.022630,-0.007603,-0.001695,0.1056,-0.0531,-9.0745
24040000,0.022043,-0.011152,-0.002218,0.0848,-0.0263,-9.0394
24050000,0.025696,-0.009034,-0.000250,-0.1294,0.0025,-9.1730
24060000,0.028598,-0.006916,0.001159,0.0537,0.1399,-9.0400
24070000,0.024751,-0.007070,0.000116,-0.1527,0.0722,-9.0045
24080000,0.024939,-0.008076,-0.000533,-0.0827,0.0486,-9.1456
24090000,0.025439,-0.011199,0.003410,-0.0456,0.0787,-9.1826
24100000,0.028409,-0.008698,0.001251,-0.0329,0.0398,-9.1761
24110000,0.025761,-0.006277,-0.003226,0.0569,-0.0546,-9.1129
24120000,0.025988,-0.009440,0.000379,-0.1333,-0.0041,-9.1225
24130000,0.025672,-0.005362,-0.001999,-0.0921,-0.1199,-9.2195
24140000,0.022540,-0.008186,-0.005093,-0.0642,-0.0281,-9.1351
24150000,0.027142,-0.007755,-0.000031,-0.0946,-0.0722,-9.1073
24160000,0.020208,-0.009368,0.004253,-0.1009,-0.0218,-9.1096
24170000,0.026160,-0.008783,0.000001,-0.0194,-0.1432,-9.1590
24180000,0.024639,-0.012681,0.001780,-0.0013,0.0958,-9.2507
24190000,0.023512,-0.009232,-0.001794,-0.1702,0.0490,-9.1597
24200000,0.026781,-0.012718,0.001899,-0.0736,-0.0060,-9.2680
24210000,0.023099,-0.006987,0.000341,-0.1896,0.1488,-9.1948
24220000,0.022828,-0.009219,-0.000312,-0.0216,0.1277,-9.0664
24230000,0.026961,-0.010355,-0.000016,-0.0468,-0.0066,-9.1504
24240000,0.027439,-0.007406,-0.003830,0.0768,0.0506,-9.2182
24250000,0.025189,-0.008933,-0.001961,-0.0546,0.0199,-9.1473
24260000,0.023929,-0.009814,0.002870,0.0501,-0.0442,-9.2153
24270000,0.025413,-0.008591,0.001985,0.1614,0.0770,-9.2667
24280000,0.022904,-0.008382,0.000953,0.0822,0.0490,-9.2057
24290000,0.023744,-0.010678,-0.002747,0.1578,-0.0110,-9.2405
24300000,0.025502,-0.005143,0.000692,-0.0751,-0.0318,-9.0721
24310000,0.027975,-0.007761,0.001619,-0.0719,-0.0042,-9.2859
24320000,0.026348,-0.007991,0.000519,0.0260,0.0646,-9.2504
24330000,0.020519,-0.013236,-0.000219,-0.1026,0.0583,-9.0752
24340000,0.026809,-0.007803,0.000415,-0.0011,0.1568,-9.1786
24350000,0.023631,-0.006274,0.000395,-0.1126,-0.0044,-9.1764
24360000,0.023757,-0.008933,-0.000655,-0.0870,0.0209,-9.2090
24370000,0.019667,-0.010432,0.000291,-0.1682,-0.0040,-9.4086
24380000,0.022315,-0.007874,0.001093,0.1129,0.0937,-9.2457
24390000,0.026375,-0.011974,0.001866,-0.0735,-0.1485,-9.3751
24400000,0.026539,-0.008804,0.001959,-0.0969,-0.1710,-9.3742
24410000,0.025950,-0.008426,-0.002572,0.1406,-0.0634,-9.3118
24420000,0.023589,-0.009311,-0.002563,-0.0431,0.0527,-9.3680
24430000,0.028637,-0.008203,-0.001058,-0.0279,-0.0864,-9.2562
24440000,0.025389,-0.008646,-0.001041,0.0508,-0.1046,-9.3432
24450000,0.024946,-0.006962,-0.003744,0.0384,0.0911,-9.3078
24460000,0.026170,-0.008820,0.001641,0.0771,-0.0088,-9.3208
24470000,0.026120,-0.006814,-0.000621,-0.0649,-0.0143,-9.3534
24480000,0.025801,-0.008983,0.000959,-0.0214,0.1067,-9.2452
24490000,0.026490,-0.006679,0.000668,-0.0442,-0.0369,-9.3495
24500000,0.021070,-0.007721,0.005418,0.0729,-0.0134,-9.2871
24510000,0.023074,-0.011148,0.001721,0.0587,-0.0713,-9.2609
24520000,0.025109,-0.010151,0.000740,0.0052,0.0602,-9.3130
24530000,0.026536,-0.010717,-0.001799,-0.1664,-0.0462,-9.1842
24540000,0.023959,-0.009044,0.002794,0.0285,-0.0179,-9.4652
24550000,0.025790,-0.009067,0.001243,0.0408,-0.1405,-9.2615
24560000,0.025138,-0.009007,0.002576,-0.1735,-0.0437,-9.4792
24570000,0.024256,-0.007059,0.000057,0.1137,-0.0702,-9.3769
24580000,0.023968,-0.013126,0.001192,0.1170,0.0669,-9.3698
24590000,0.023293,-0.008080,-0.000144,0.1241,0.0375,-9.5113
24600000,0.027216,-0.006384,0.000606,-0.0106,-0.0293,-9.4397
24610000,0.027559,-0.014576,-0.001584,0.1607,0.0670,-9.3701
24620000,0.025403,-0.006892,0.001528,0.0291,0.0149,-9.6226
24630000,0.025647,-0.011934,0.000185,-0.2430,-0.0042,-9.3444
24640000,0.025153,-0.007715,-0.001382,0.1070,0.0578,-9.4007
24650000,0.027109,-0.011008,-0.001319,-0.2041,0.0940,-9.5021
24660000,0.024023,-0.008910,0.001093,0.0246,0.1089,-9.4015
24670000,0.022953,-0.011881,-0.000432,-0.0230,0.0492,-9.3932
24680000,0.020736,-0.010006,0.002654,0.0344,-0.0592,-9.4782
24690000,0.025873,-0.008173,0.004817,0.1688,-0.0731,-9.4738
24700000,0.027059,-0.007928,0.000484,0.0811,-0.0272,-9.4614
24710000,0.023384,-0.008787,0.001060,0.0200,0.0352,-9.4204
24720000,0.025644,-0.002803,0.001563,0.1532,0.0367,-9.4644
24730000,0.023480,-0.008863,-0.002835,0.1224,0.0850,-9.4226
24740000,0.026575,-0.010128,-0.000955,0.0472,-0.1241,-9.7682
24750000,0.022795,-0.008098,-0.000343,0.0319,0.0859,-9.5250
24760000,0.025529,-0.009216,-0.000378,0.0353,0.0437,-9.5816
24770000,0.027141,-0.009883,-0.001951,-0.1121,0.0273,-9.5143
24780000,0.023486,-0.012387,0.000198,0.0964,-0.1210,-9.6299
24790000,0.026330,-0.008659,0.001312,-0.0320,0.0572,-9.3779
24800000,0.022771,-0.007608,0.001190,0.0688,0.0570,-9.5016
24810000,0.023566,-0.011173,0.000683,0.0804,0.0702,-9.5858
24820000,0.024608,-0.006591,0.000484,-0.0235,-0.0821,-9.4515
24830000,0.026228,-0.004872,-0.001066,-0.0893,0.0683,-9.5377
24840000,0.025389,-0.006758,0.000148,0.1543,0.0352,-9.4894
24850000,0.024263,-0.007366,0.002881,0.0720,-0.0656,-9.3948
24860000,0.024559,-0.008906,0.001202,-0.0388,-0.0349,-9.4920
24870000,0.022909,-0.012773,-0.000968,-0.0236,-0.1147,-9.5394
24880000,0.022856,-0.009816,0.000866,0.1189,0.0511,-9.6675
24890000,0.025059,-0.007097,-0.000148,0.0040,-0.0968,-9.6554
24900000,0.026238,-0.007421,-0.001417,0.0520,0.0337,-9.3906
24910000,0.025539,-0.008933,0.000980,0.0836,-0.0295,-9.5878
24920000,0.023135,-0.012256,-0.002295,0.1022,0.0973,-9.7200
24930000,0.025398,-0.015958,0.001399,0.1656,0.0311,-9.6070
24940000,0.025515,-0.009816,0.002095,0.1060,-0.0555,-9.8251
24950000,0.025576,-0.005567,0.001634,0.0242,-0.1029,-9.7172
24960000,0.025282,-0.008895,-0.001460,-0.0967,0.1122,-9.6810
24970000,0.027648,-0.009253,0.000461,-0.0637,0.1260,-9.6218
24980000,0.025913,-0.011827,0.003035,0.0009,-0.0030,-9.6442
24990000,0.025600,-0.006010,0.003347,-0.0759,0.0245,-9.5136
25000000,0.026893,-0.009192,-0.001340,-0.0621,-0.0324,-9.6114
25010000,0.024992,-0.007728,-0.000409,-0.0045,-0.0837,-9.6072
25020000,0.023359,-0.007708,0.001025,-0.0414,-0.0707,-9.5871
25030000,0.024453,-0.010874,-0.000025,-0.0103,-0.0275,-9.5045
25040000,0.025944,-0.009327,0.001016,-0.0393,0.0669,-9.6872
25050000,0.027295,-0.013028,-0.000613,0.0347,0.0063,-9.6262
25060000,0.025601,-0.010429,-0.000779,-0.0752,0.0529,-9.7347
25070000,0.022113,-0.007467,-0.002594,-0.1287,-0.0433,-9.6655
25080000,0.025923,-0.010738,0.001448,-0.0251,-0.0049,-9.6578
25090000,0.024580,-0.009647,0.004233,-0.0686,0.0293,-9.6537
25100000,0.022340,-0.010146,0.000012,-0.1778,-0.0405,-9.6708
25110000,0.024606,-0.007819,0.000333,0.0639,-0.0769,-9.6197
25120000,0.023732,-0.010146,-0.000435,-0.1408,-0.0788,-9.6391
25130000,0.024914,-0.006748,0.003980,-0.0116,0.0017,-9.6824
25140000,0.026735,-0.010582,0.001496,0.1234,0.0856,-9.6651
25150000,0.026295,-0.008358,0.001222,-0.1320,-0.0581,-9.6227
25160000,0.021625,-0.008885,0.002962,0.0950,-0.0438,-9.6024
25170000,0.024470,-0.011597,0.001704,-0.0772,0.0409,-9.7416
25180000,0.023457,-0.009303,0.000859,-0.1830,0.0046,-9.6627
25190000,0.021881,-0.010214,-0.001305,-0.0619,0.0551,-9.7136
25200000,0.024732,-0.007408,-0.001039,-0.0242,-0.0149,-9.6607
25210000,0.020799,-0.008331,0.001747,-0.0125,-0.0122,-9.6349
25220000,0.022514,-0.007006,-0.001372,-0.0779,0.0503,-9.6680
25230000,0.023729,-0.011229,-0.003133,-0.0774,-0.0372,-9.6927
25240000,0.023428,-0.011470,-0.001439,0.0260,-0.0501,-9.5755
25250000,0.023996,-0.010234,0.000676,-0.0812,0.1093,-9.6260
25260000,0.024163,-0.010369,-0.000092,0.0545,-0.0990,-9.7196
25270000,0.025329,-0.009100,0.000214,0.0851,0.0662,-9.6752
25280000,0.023017,-0.005100,-0.004028,0.1591,-0.0642,-9.7049
25290000,0.025164,-0.008598,-0.000420,0.1543,-0.1200,-9.6843
25300000,0.022253,-0.009296,-0.001477,-0.0384,0.0807,-9.6080
25310000,0.023627,-0.007150,-0.002313,-0.0453,-0.0803,-9.7217
25320000,0.023667,-0.010014,-0.002335,-0.0705,-0.0571,-9.7449
25330000,0.028341,-0.009152,0.000127,0.0451,0.0485,-9.6591
25340000,0.025278,-0.006084,0.001163,0.0111,-0.0123,-9.9628
25350000,0.023190,-0.005374,0.000671,-0.2192,-0.0988,-9.6502
25360000,0.026094,-0.010681,-0.000300,0.0193,0.0065,-9.6639
25370000,0.024009,-0.008564,0.002316,-0.0175,0.0583,-9.8349
25380000,0.023299,-0.009831,-0.001349,0.1096,-0.0147,-9.6932
25390000,0.019250,-0.007453,0.001041,-0.0041,0.0384,-9.6874
25400000,0.023138,-0.007761,-0.004882,-0.0236,-0.1053,-9.6479
25410000,0.022329,-0.010812,-0.000081,0.1018,-0.0179,-9.7125
25420000,0.026885,-0.008065,-0.001057,0.0245,-0.0630,-9.7814
25430000,0.026334,-0.009413,-0.003689,0.0684,0.0211,-9.5894
25440000,0.027293,-0.009947,0.002887,0.0011,-0.1378,-9.6836
25450000,0.022870,-0.008868,0.000928,0.1050,-0.0645,-9.7598
25460000,0.020096,-0.010705,0.001803,-0.0430,0.1505,-9.7798
25470000,0.024407,-0.007767,-0.004988,0.0156,0.1539,-9.6562
25480000,0.025673,-0.007461,0.000975,-0.0943,0.0826,-9.7467
25490000,0.020252,-0.007143,-0.001030,-0.0906,0.0184,-9.8795
25500000,0.022167,-0.007255,0.000795,0.1215,0.0665,-9.7482
25510000,0.023622,-0.005814,-0.000833,0.0004,-0.0662,-9.6248
25520000,0.023459,-0.008357,0.003490,-0.0035,-0.0212,-9.6334
25530000,0.022895,-0.007750,-0.003361,0.1251,-0.0023,-9.6066
25540000,0.021633,-0.008660,0.000348,-0.0207,-0.0908,-9.6851
25550000,0.022698,-0.005084,-0.002639,0.0253,0.0097,-9.6567
25560000,0.023867,-0.010324,0.003062,0.0896,-0.0502,-9.5438
25570000,0.021424,-0.012810,-0.000954,-0.0068,-0.0262,-9.5509
25580000,0.024757,-0.006710,-0.005434,0.0841,0.0415,-9.6146
25590000,0.023861,-0.009076,-0.000017,-0.0172,-0.1238,-9.6747
25600000,0.024007,-0.006772,-0.003232,-0.0497,0.0021,-9.6175
25610000,0.025269,-0.008366,-0.000549,-0.0423,-0.0685,-9.6526
25620000,0.022608,-0.009249,-0.000481,-0.0410,0.0887,-9.7915
25630000,0.022656,-0.009380,-0.000256,0.0521,-0.0562,-9.5448
25640000,0.022656,-0.008735,-0.000228,-0.0693,-0.0135,-9.7363
25650000,0.025199,-0.004271,0.002742,-0.0869,-0.1051,-9.7425
25660000,0.022832,-0.004744,-0.000705,0.0906,0.1975,-9.7631
25670000,0.024673,-0.006944,-0.000310,-0.1215,-0.0530,-9.7094
25680000,0.024781,-0.006089,-0.001650,-0.1119,-0.0149,-9.6892
25690000,0.021384,-0.008269,-0.003020,-0.0281,-0.0080,-9.6752
25700000,0.023950,-0.012016,-0.002834,-0.0882,-0.1258,-9.6284
25710000,0.023427,-0.007458,-0.000656,-0.0443,-0.0032,-9.5900
25720000,0.022769,-0.005731,0.004365,-0.0422,-0.0476,-9.6253
25730000,0.021432,-0.008664,-0.000275,-0.1080,-0.1118,-9.7109
25740000,0.024031,-0.004804,0.000605,0.0134,0.0310,-9.7560
25750000,0.023087,-0.006756,-0.002364,0.0004,-0.0242,-9.6015
25760000,0.025963,-0.007894,-0.002467,-0.0110,-0.0519,-9.6951
25770000,0.024032,-0.006035,-0.002870,0.0197,0.0050,-9.7130
25780000,0.024352,-0.006333,-0.000610,0.0879,-0.1678,-9.7805
25790000,0.023952,-0.007280,-0.001052,0.0493,0.0203,-9.6206
25800000,0.024970,-0.011019,-0.001136,-0.0333,0.1207,-9.7213
25810000,0.022265,-0.009451,0.000239,-0.1293,-0.1014,-9.5585
25820000,0.021862,-0.012891,-0.002985,-0.1239,-0.0330,-9.6516
25830000,0.021603,-0.011917,-0.001242,-0.0980,-0.0413,-9.6430
25840000,0.022321,-0.006346,0.003574,-0.0519,-0.0949,-9.8370
25850000,0.024467,-0.007648,-0.000930,0.0851,0.1777,-9.7525
25860000,0.022910,-0.008149,-0.000629,0.1738,-0.1545,-9.4819
25870000,0.025669,-0.007894,-0.000941,-0.1105,0.0623,-9.6029
25880000,0.024086,-0.009755,0.000971,-0.0137,0.0008,-9.6632
25890000,0.021466,-0.006847,-0.000201,0.0491,0.0238,-9.6687
25900000,0.022420,-0.008846,0.000171,0.0603,-0.1124,-9.5439
25910000,0.023248,-0.009525,-0.000328,-0.1100,0.0523,-9.8404
25920000,0.024014,-0.009322,-0.000647,-0.0446,0.0263,-9.6663
25930000,0.022167,-0.008612,-0.002038,-0.1327,-0.1217,-9.7221
25940000,0.023395,-0.008929,-0.000552,-0.0253,-0.0383,-9.7151
25950000,0.022364,-0.007885,-0.003535,0.1149,-0.0256,-9.5994
25960000,0.022813,-0.006011,0.001955,0.1099,-0.1634,-9.7064
25970000,0.020674,-0.010357,0.000014,0.0440,-0.0109,-9.7501
25980000,0.021370,-0.007912,0.000422,-0.1140,-0.0631,-9.6560
25990000,0.021684,-0.011868,-0.000417,-0.0430,-0.1200,-9.5844
26000000,0.022629,-0.007498,-0.003357,0.0197,-0.0681,-9.5116
26010000,0.024752,-0.007176,0.001486,0.0196,0.1006,-9.5887
26020000,0.019940,-0.009654,0.001880,-0.1195,-0.0537,-9.7165
26030000,0.019680,-0.010231,-0.000918,0.0400,0.0001,-9.6948
26040000,0.022044,-0.012372,0.001720,-0.0452,0.0092,-9.6948
26050000,0.022294,-0.010470,0.000507,-0.0787,-0.0425,-9.6554
26060000,0.023138,-0.010590,-0.001753,0.1139,-0.0921,-9.7167
26070000,0.023251,-0.011149,-0.000820,-0.0542,-0.0613,-9.6299
26080000,0.022760,-0.009033,0.002347,0.0086,-0.0128,-9.5389
26090000,0.022053,-0.008139,0.001095,-0.0482,0.1261,-9.6757
26100000,0.018743,-0.008904,0.001394,0.1623,0.0990,-9.7957
26110000,0.022718,-0.003943,-0.002037,-0.1104,-0.1669,-9.6187
26120000,0.022324,-0.009891,-0.002850,0.1221,-0.1114,-9.5006
26130000,0.023671,-0.008652,-0.001000,0.1595,-0.1190,-9.7008
26140000,0.021393,-0.006372,0.001443,0.1645,0.0258,-9.4638
26150000,0.024593,-0.008546,-0.001338,0.2192,-0.0238,-9.7320
26160000,0.023455,-0.007995,-0.002591,-0.1293,0.0615,-9.7234
26170000,0.024596,-0.006345,-0.000221,-0.0722,-0.1575,-9.7028
26180000,0.021392,-0.008608,0.000679,0.0576,-0.0270,-9.6470
26190000,0.021156,-0.007445,-0.002482,0.0951,-0.0434,-9.6002
26200000,0.024070,-0.010111,0.004604,0.0521,-0.0165,-9.5829
26210000,0.023973,-0.007537,0.002809,-0.0759,-0.0540,-9.6717
26220000,0.020356,-0.010546,0.002556,0.0623,-0.0865,-9.6377
26230000,0.020849,-0.009345,0.001048,0.0531,-0.0627,-9.6596
26240000,0.020786,-0.007139,-0.003553,-0.0244,0.1605,-9.6266
26250000,0.022930,-0.008854,0.000599,0.0373,0.0569,-9.4785
26260000,0.024042,-0.010658,-0.000970,-0.1170,0.0883,-9.7469
26270000,0.022480,-0.009086,-0.000368,-0.0656,-0.0209,-9.6903
26280000,0.022348,-0.006950,-0.001426,0.0382,-0.0025,-9.7106
26290000,0.018325,-0.008443,0.001844,0.0272,0.1531,-9.7682
26300000,0.025214,-0.009391,-0.000461,-0.0773,-0.0108,-9.6538
26310000,0.021586,-0.004440,-0.001235,-0.0040,-0.1100,-9.7750
26320000,0.023455,-0.012022,0.002528,0.0166,-0.0907,-9.5325
26330000,0.023744,-0.006965,-0.000822,0.1873,-0.1146,-9.7312
26340000,0.021094,-0.005462,0.001047,0.0389,-0.0155,-9.6370
26350000,0.019223,-0.006619,-0.001555,-0.0575,0.1192,-9.6528
26360000,0.020920,-0.007484,-0.000528,-0.1769,-0.0733,-9.7326
26370000,0.023372,-0.009229,0.000097,-0.0807,0.0182,-9.7652
26380000,0.017740,-0.006887,-0.005286,0.0299,0.0917,-9.7568
26390000,0.022033,-0.004658,0.003975,-0.0547,-0.0111,-9.7885
26400000,0.023717,-0.007963,0.002223,-0.0536,0.0368,-9.6714
26410000,0.020343,-0.008300,-0.001785,0.0588,0.0219,-9.7753
26420000,0.022525,-0.006407,-0.001323,0.0399,0.0152,-9.6924
26430000,0.021082,-0.011207,-0.002222,-0.0849,-0.0223,-9.4802
26440000,0.022028,-0.006980,0.001960,0.0046,-0.0547,-9.8507
26450000,0.020940,-0.005104,0.000273,0.1763,0.0114,-9.6611
26460000,0.019863,-0.005563,-0.000656,0.1631,-0.0983,-9.6321
26470000,0.020385,-0.006262,0.000658,0.0267,-0.0714,-9.5413
26480000,0.023719,-0.009469,-0.000258,-0.1888,0.0538,-9.5837
26490000,0.023227,-0.007811,0.000904,0.1653,0.0014,-9.7052
26500000,0.023794,-0.009435,-0.003837,-0.0001,-0.0686,-9.5341
26510000,0.023352,-0.006373,0.000315,0.0361,0.0781,-9.7297
26520000,0.024955,-0.003961,0.001342,-0.0151,-0.0099,-9.5628
26530000,0.021060,-0.007413,-0.000595,-0.0292,-0.0924,-9.8074
26540000,0.024043,-0.009718,-0.002523,-0.0944,-0.0933,-9.5950
26550000,0.022897,-0.006957,-0.000418,-0.0836,-0.0062,-9.6441
26560000,0.021912,-0.010720,-0.001727,-0.0061,-0.0369,-9.7716
26570000,0.019001,-0.007349,0.001106,-0.0733,-0.0535,-9.5678
26580000,0.021633,-0.011352,-0.000134,-0.1105,-0.0999,-9.6364
26590000,0.022582,-0.003777,-0.003072,-0.1553,0.1139,-9.6035
26600000,0.022019,-0.007280,-0.004820,-0.0412,0.1136,-9.6103
26610000,0.025408,-0.010570,0.001239,0.0658,-0.1225,-9.6615
26620000,0.021552,-0.007929,-0.001593,0.0386,0.0521,-9.6888
26630000,0.024492,-0.006141,-0.001449,0.0179,0.0490,-9.5503
26640000,0.019535,-0.007041,-0.001213,-0.0372,0.0349,-9.6873
26650000,0.021628,-0.005626,0.000861,0.0533,0.0207,-9.7872
26660000,0.019825,-0.009492,-0.002287,-0.0970,0.0723,-9.5059
26670000,0.020484,-0.009898,-0.001015,-0.0058,-0.0873,-9.6317
26680000,0.019101,-0.008615,0.002348,-0.1151,0.0922,-9.6795
26690000,0.021751,-0.006970,-0.000660,0.0144,-0.0058,-9.6904
26700000,0.021971,-0.003713,-0.000944,0.0237,-0.0146,-9.6329
26710000,0.019983,-0.003936,0.000584,-0.0897,-0.0413,-9.5910
26720000,0.020246,-0.007046,-0.000140,-0.0522,0.1004,-9.6774
26730000,0.019071,-0.006790,0.001178,0.0943,-0.0754,-9.6441
26740000,0.022449,-0.003751,0.000686,-0.0844,0.0938,-9.8205
26750000,0.022559,-0.010323,0.001276,0.0482,0.1188,-9.6202
26760000,0.019914,-0.010279,-0.003497,0.1043,0.0229,-9.6995
26770000,0.021011,-0.006396,-0.000912,-0.1144,0.0298,-9.5400
26780000,0.019646,-0.006520,-0.001827,0.0362,0.0531,-9.6958
26790000,0.017638,-0.010568,-0.001513,0.1587,-0.0401,-9.6581
26800000,0.021210,-0.005156,-0.002888,-0.0626,-0.0613,-9.6460
26810000,0.015651,-0.007455,-0.000715,0.0360,0.0062,-9.4894
26820000,0.018505,-0.006302,0.002589,-0.1164,-0.0017,-9.7153
26830000,0.018393,-0.006230,-0.001210,-0.1282,-0.0731,-9.7046
26840000,0.022249,-0.004522,0.001121,0.0431,0.1286,-9.7502
26850000,0.019795,-0.009951,0.000839,0.0835,-0.0560,-9.6536
26860000,0.020312,-0.008159,-0.002538,-0.0340,0.0623,-9.5858
26870000,0.021088,-0.009864,0.000075,0.0799,0.0676,-9.6200
26880000,0.020977,-0.006524,0.001787,0.1208,-0.0833,-9.5654
26890000,0.019377,-0.007416,0.002586,-0.0063,-0.0864,-9.6340
26900000,0.023023,-0.010530,-0.003773,-0.0540,-0.0363,-9.6374
26910000,0.021408,-0.006198,-0.000956,0.0452,-0.0399,-9.6726
26920000,0.018742,-0.005552,-0.000099,0.2796,-0.0639,-9.7214
26930000,0.018294,-0.008154,0.003721,-0.0759,-0.0057,-9.6313
26940000,0.020189,-0.004161,-0.002866,-0.0916,0.1903,-9.6406
26950000,0.019566,-0.007829,-0.003641,0.0145,0.0079,-9.6261
26960000,0.020639,-0.008159,-0.000583,0.0862,0.0690,-9.7134
26970000,0.017651,-0.003917,-0.002748,-0.1132,-0.0742,-9.7272
26980000,0.016822,-0.006488,0.003592,0.0865,0.0245,-9.6504
26990000,0.020926,-0.006801,-0.004569,0.0923,-0.0805,-9.6713
27000000,0.018268,-0.005579,-0.001338,0.0348,0.1941,-9.7278
27010000,0.019126,-0.005118,-0.001104,-0.1234,-0.1247,-9.5706
27020000,0.019364,-0.006282,-0.004792,0.1256,-0.0803,-9.5991
27030000,0.017344,-0.009824,-0.001960,-0.0116,-0.0025,-9.5812
27040000,0.019478,-0.006350,0.000497,-0.1444,0.0542,-9.5869
27050000,0.018884,-0.004093,0.000352,0.0121,0.0051,-9.6881
27060000,0.018680,-0.005932,-0.001705,0.1618,0.0597,-9.6897
27070000,0.021351,-0.006458,-0.000676,-0.1548,0.0614,-9.6856
27080000,0.019735,-0.003936,0.005975,-0.1207,0.0518,-9.6363
27090000,0.016885,-0.004060,-0.000254,-0.0259,-0.1317,-9.7132
27100000,0.020720,-0.004786,0.004402,0.1743,-0.0304,-9.8163
27110000,0.018057,-0.002739,-0.001986,0.2097,-0.0158,-9.6132
27120000,0.022046,-0.005489,-0.000718,-0.0102,-0.2576,-9.8695
27130000,0.017425,-0.003533,-0.000422,0.0573,0.0811,-9.7445
27140000,0.021593,-0.005895,0.001900,-0.0055,-0.0654,-9.7380
27150000,0.017528,-0.003631,0.000134,-0.0566,-0.0722,-9.5502
27160000,0.020446,-0.007243,-0.002659,0.0748,0.0941,-9.5989
27170000,0.017603,-0.005029,-0.000075,0.1151,-0.1153,-9.8104
27180000,0.017660,0.000480,-0.003528,-0.0229,-0.0057,-9.6582
27190000,0.020339,-0.008795,-0.000563,0.1042,0.0384,-9.8213
27200000,0.018371,-0.008590,-0.001902,-0.0521,-0.0718,-9.7464
27210000,0.019196,-0.003607,-0.001096,-0.0552,0.1528,-9.5984
27220000,0.016598,-0.005818,0.000809,0.0437,0.0123,-9.5663
27230000,0.019118,-0.006229,0.000711,0.0521,-0.0759,-9.5768
27240000,0.019717,-0.007472,0.001018,-0.0472,-0.1245,-9.7067
27250000,0.022037,-0.005067,-0.003126,0.0511,0.0121,-9.6590
27260000,0.016310,-0.007182,-0.001456,-0.0557,-0.0259,-9.5756
27270000,0.020639,-0.005978,-0.002548,0.0129,0.1071,-9.6570
27280000,0.019271,-0.008614,0.001115,0.0917,0.0526,-9.7590
27290000,0.019609,-0.005452,-0.000834,0.0015,0.0273,-9.7096
27300000,0.020496,-0.008273,0.001398,0.0002,-0.0182,-9.7173
27310000,0.017936,-0.007806,-0.000625,0.0423,0.0129,-9.7156
27320000,0.017454,-0.006238,0.000290,0.0779,-0.0726,-9.7514
27330000,0.013127,-0.006062,-0.003242,-0.0730,0.1660,-9.6762
27340000,0.016927,-0.006028,0.000884,-0.0889,-0.0374,-9.7394
27350000,0.017095,-0.004243,0.000060,-0.1024,-0.0233,-9.6480
27360000,0.018653,-0.007825,0.002514,0.0612,0.0325,-9.6384
27370000,0.022197,-0.006135,-0.003854,0.0529,0.0656,-9.6936
27380000,0.016212,-0.004203,-0.001300,0.0869,-0.1513,-9.7109
27390000,0.013766,-0.006565,-0.001176,0.0621,-0.1541,-9.5428
27400000,0.015468,-0.006985,-0.005589,0.0742,-0.0974,-9.6895
27410000,0.020613,-0.006811,-0.002819,0.0737,-0.1861,-9.8406
27420000,0.018935,-0.007774,0.002634,-0.0003,-0.0453,-9.6449
27430000,0.018868,-0.003977,0.001669,-0.1405,-0.1021,-9.5438
27440000,0.019021,-0.005389,0.001490,-0.0136,0.1715,-9.6307
27450000,0.017003,-0.006754,-0.004224,-0.0905,0.1063,-9.7164
27460000,0.020885,-0.006815,0.000222,-0.0987,0.1648,-9.6049
27470000,0.018797,-0.005055,0.000699,-0.0995,-0.0129,-9.6478
27480000,0.019270,-0.008310,-0.000950,0.0413,0.0854,-9.6322
27490000,0.017466,-0.008665,-0.001727,0.0406,-0.0083,-9.8069
27500000,0.015930,-0.004817,0.000261,-0.1068,0.0412,-9.5791
27510000,0.020003,-0.006489,0.000531,0.0601,-0.1095,-9.7499
27520000,0.014514,-0.007128,0.001688,-0.1433,-0.0690,-9.5780
27530000,0.017186,-0.005891,0.000676,0.0010,0.0128,-9.6487
27540000,0.016705,-0.006164,0.001789,-0.1185,0.0963,-9.7088
27550000,0.013978,-0.007488,-0.000943,-0.0053,0.0315,-9.6572
27560000,0.017478,-0.006424,-0.000652,0.0290,0.0362,-9.5869
27570000,0.017817,-0.002387,-0.003083,-0.1437,0.0751,-9.5141
27580000,0.017074,-0.000673,-0.003012,0.0386,-0.0009,-9.5561
27590000,0.014648,-0.005249,-0.001420,0.0346,0.0705,-9.6668
27600000,0.016770,-0.008161,-0.002200,-0.0634,-0.1137,-9.7451
27610000,0.016218,-0.006574,-0.004054,-0.0244,0.0260,-9.6874
27620000,0.015158,-0.006174,-0.000729,-0.0903,0.0228,-9.7920
27630000,0.016760,-0.002689,-0.003449,0.0391,0.1111,-9.5848
27640000,0.015197,-0.004863,0.002504,-0.0628,-0.1678,-9.6664
27650000,0.015749,-0.006455,0.002428,-0.1351,-0.0103,-9.6348
27660000,0.015185,-0.002688,-0.002572,0.1524,0.0567,-9.7692
27670000,0.016068,-0.006701,-0.001575,0.0698,-0.1212,-9.6491
27680000,0.015498,-0.001191,0.000872,-0.0475,-0.0281,-9.7130
27690000,0.016575,-0.004897,0.000219,-0.0656,-0.1665,-9.6223
27700000,0.013563,-0.005928,0.000578,0.0996,-0.0198,-9.6552
27710000,0.016138,-0.006746,-0.002599,0.1768,0.0156,-9.7489
27720000,0.018730,-0.006202,-0.000782,-0.0147,-0.0023,-9.6287
27730000,0.022373,-0.005095,0.000564,-0.0013,-0.0391,-9.6438
27740000,0.015283,-0.007723,0.000537,-0.0578,-0.0035,-9.6260
27750000,0.018432,-0.001870,-0.000821,-0.2191,0.0809,-9.7715
27760000,0.012074,-0.006206,0.000874,0.0157,0.0388,-9.7008
27770000,0.014488,-0.006099,0.000592,0.0940,-0.0346,-9.7705
27780000,0.011466,-0.006885,-0.001563,0.0826,0.0902,-9.7232
27790000,0.015196,-0.005229,0.001710,0.0782,-0.0277,-9.6371
27800000,0.015028,-0.006546,-0.001487,0.0869,0.0316,-9.7056
27810000,0.018432,-0.002422,0.002320,-0.0528,-0.0972,-9.7641
27820000,0.018122,0.000103,0.000566,-0.0653,-0.1196,-9.7543
27830000,0.017844,-0.005676,0.001018,0.0018,0.0767,-9.6993
27840000,0.015156,-0.002235,-0.002140,-0.0547,0.0823,-9.5525
27850000,0.016316,-0.006475,-0.000108,0.0331,-0.0536,-9.5048
27860000,0.015718,-0.009109,-0.000806,0.1230,-0.0889,-9.6797
27870000,0.014152,-0.006194,0.000250,-0.0340,-0.1231,-9.8058
27880000,0.016964,-0.004701,0.001412,-0.0498,0.0668,-9.6864
27890000,0.013072,-0.004924,0.001706,0.0351,0.0849,-9.5821
27900000,0.016653,-0.004022,0.001088,-0.0872,-0.0038,-9.6438
27910000,0.017809,-0.005757,-0.002963,-0.0264,0.0097,-9.6148
27920000,0.013216,-0.002593,-0.000005,-0.1533,0.1237,-9.6500
27930000,0.011834,-0.006496,0.002133,-0.0080,-0.0086,-9.7987
27940000,0.012800,-0.008251,-0.002796,-0.0770,-0.0526,-9.6921
27950000,0.011047,-0.004220,-0.003444,0.0670,0.0941,-9.6382
27960000,0.014206,-0.002113,-0.001871,0.0918,0.1566,-9.6960
27970000,0.010724,-0.006077,-0.002325,-0.1686,-0.1154,-9.6582
27980000,0.015185,-0.005848,0.003402,0.0186,0.0232,-9.8051
27990000,0.017691,-0.008731,-0.001377,0.0671,0.0004,-9.7572
28000000,0.015585,-0.005341,-0.001275,0.0087,0.1574,-9.6940
28010000,0.013964,-0.005323,0.000754,0.0392,-0.0671,-9.6471
28020000,0.015232,-0.005795,-0.000143,0.0340,-0.0909,-9.6825
28030000,0.017101,-0.000945,0.002789,0.0515,0.0300,-9.6922
28040000,0.009605,-0.001666,0.001215,-0.0460,0.0254,-9.6284
28050000,0.013700,-0.005030,-0.000653,0.0824,0.0514,-9.6486
28060000,0.011466,-0.002027,-0.003223,0.0626,-0.1044,-9.5748
28070000,0.011330,0.000678,0.001421,-0.0087,-0.1176,-9.7557
28080000,0.011824,-0.004531,0.000030,0.1436,-0.0288,-9.6719
28090000,0.011538,-0.006869,-0.002952,-0.0062,0.0521,-9.6202
28100000,0.014029,-0.004403,0.000502,-0.0720,0.0486,-9.6661
28110000,0.012012,-0.002774,-0.001550,-0.0497,-0.0558,-9.6335
28120000,0.012028,-0.007010,-0.000289,-0.0807,0.1647,-9.5503
28130000,0.012736,-0.002271,-0.000365,0.0274,-0.1436,-9.6904
28140000,0.013140,-0.004311,0.000556,-0.0312,0.1080,-9.6318
28150000,0.013236,-0.005986,0.003226,0.0004,-0.0530,-9.7659
28160000,0.013500,-0.002655,0.000674,-0.0814,0.0911,-9.7333
28170000,0.010381,-0.005118,0.003352,-0.0411,0.0523,-9.7341
28180000,0.013743,-0.007696,0.000302,0.1080,0.0311,-9.7247
28190000,0.009784,0.000886,-0.004052,0.0111,0.0461,-9.7658
28200000,0.015233,-0.005274,-0.000018,0.0785,0.0337,-9.8134
28210000,0.014536,0.000545,-0.001361,0.1421,-0.0100,-9.6852
28220000,0.009063,-0.003975,0.001416,0.1000,-0.1042,-9.7023
28230000,0.011506,-0.007917,0.000924,0.0249,-0.0569,-9.6632
28240000,0.009200,-0.006786,0.000722,-0.0118,0.0714,-9.7257
28250000,0.013045,-0.006223,-0.001186,0.0530,-0.0382,-9.6533
28260000,0.012493,-0.004877,-0.002983,0.0510,-0.1376,-9.6820
28270000,0.012350,-0.006738,-0.000984,0.0891,0.0378,-9.6820
28280000,0.011014,-0.006404,-0.000142,0.0189,-0.0984,-9.6334
28290000,0.012160,-0.004098,-0.000095,-0.0179,0.0168,-9.7390
28300000,0.015797,-0.002132,-0.001448,0.1290,0.0240,-9.6351
28310000,0.013254,-0.004191,-0.001814,0.2102,-0.0181,-9.4780
28320000,0.013391,-0.003301,0.000888,0.0144,-0.0103,-9.7286
28330000,0.012008,-0.004435,-0.003516,0.1682,0.0105,-9.6460
28340000,0.015884,-0.003506,0.000226,0.0631,0.1486,-9.6635
28350000,0.012426,-0.007141,0.002821,-0.0283,-0.0481,-9.6133
28360000,0.011017,-0.001283,-0.000180,0.0691,0.0364,-9.8286
28370000,0.012174,0.000989,0.000576,-0.0583,-0.1585,-9.7249
28380000,0.009009,-0.000137,0.003048,-0.0073,0.1026,-9.7922
28390000,0.009775,-0.005767,-0.000354,0.0028,0.0349,-9.6066
28400000,0.012182,-0.001409,0.000127,-0.0744,0.0045,-9.6649
28410000,0.010957,-0.005569,0.001104,0.0549,-0.0176,-9.7119
28420000,0.008943,-0.005273,-0.003370,-0.0289,0.1177,-9.6457
28430000,0.005178,-0.003196,-0.000688,-0.0845,0.0068,-9.5971
28440000,0.012578,-0.000368,0.000026,0.1314,-0.0334,-9.7485
28450000,0.008891,-0.006579,-0.000027,-0.0353,0.1437,-9.6054
28460000,0.006558,-0.004204,0.002958,0.1345,0.0545,-9.6717
28470000,0.011010,-0.007067,0.000241,0.0492,-0.0005,-9.7602
28480000,0.011118,-0.002632,-0.000285,-0.0192,0.0089,-9.8153
28490000,0.007481,-0.005537,0.000208,0.0057,0.0432,-9.7430
28500000,0.009657,-0.002140,0.001055,-0.0024,0.0172,-9.7581
28510000,0.009701,-0.002997,0.002725,-0.0535,0.0453,-9.6977
28520000,0.011461,-0.001263,0.000488,0.0101,0.0663,-9.6224
28530000,0.009096,-0.001006,0.000870,-0.0975,-0.1178,-9.8154
28540000,0.011485,-0.000476,-0.003082,-0.0428,0.0513,-9.7789
28550000,0.011297,-0.002720,0.001922,-0.0358,0.0256,-9.7461
28560000,0.010941,-0.004304,0.002820,0.0375,0.0072,-9.6953
28570000,0.011203,-0.003836,0.002363,-0.0116,-0.0241,-9.7175
28580000,0.009650,-0.006011,-0.000227,-0.0214,-0.0377,-9.6485
28590000,0.009925,-0.005095,-0.002687,-0.0558,-0.1209,-9.5977
28600000,0.009060,-0.000124,0.002614,-0.0323,0.0208,-9.6901
28610000,0.010856,-0.005703,0.000017,0.0091,0.0861,-9.7444
28620000,0.009569,-0.000620,0.000819,0.0144,0.0012,-9.8357
28630000,0.010484,-0.006989,-0.004024,-0.0130,0.0333,-9.6696
28640000,0.008467,-0.003409,0.001542,0.0629,-0.0161,-9.7817
28650000,0.008645,-0.000829,-0.000838,-0.0658,-0.1395,-9.6212
28660000,0.013259,-0.005172,-0.003048,0.0644,-0.0016,-9.6863
28670000,0.010067,-0.004494,0.003466,0.0085,0.0586,-9.6056
28680000,0.009529,-0.002173,-0.000785,0.0797,0.0345,-9.7096
28690000,0.009131,-0.005014,0.000223,-0.0462,0.1064,-9.8201
28700000,0.008302,-0.001098,0.000681,-0.1835,-0.0741,-9.8558
28710000,0.005033,-0.003370,0.001194,0.0976,0.0291,-9.7339
28720000,0.008920,-0.001672,0.001581,0.0557,0.0074,-9.6471
28730000,0.012194,0.000435,0.001882,-0.1115,-0.0373,-9.6963
28740000,0.012336,-0.000358,-0.002715,-0.0004,-0.1918,-9.6697
28750000,0.007075,-0.002628,-0.001140,0.0774,0.1067,-9.6521
28760000,0.008945,-0.002652,0.003576,-0.1151,0.0220,-9.5876
28770000,0.008864,-0.000350,0.000960,0.0578,-0.0386,-9.7491
28780000,0.009728,-0.001698,-0.001645,-0.1087,0.0035,-9.6428
28790000,0.011950,-0.004902,-0.000622,-0.0121,-0.1535,-9.7111
28800000,0.010082,-0.005268,0.000149,-0.0014,-0.0794,-9.8172
28810000,0.005646,-0.003917,-0.002664,0.0988,0.0664,-9.8184
28820000,0.009339,-0.004661,0.000393,0.0332,-0.0368,-9.6434
28830000,0.007130,-0.000834,-0.001945,0.0582,0.1337,-9.6364
28840000,0.012057,0.000860,-0.000979,-0.0454,-0.0287,-9.6554
28850000,0.012777,-0.005255,-0.000626,-0.0137,-0.0218,-9.7162
28860000,0.006774,-0.004214,0.000926,-0.0021,0.0184,-9.7306
28870000,0.004628,-0.003584,0.000013,0.0800,-0.0385,-9.6118
28880000,0.009325,-0.004183,-0.006607,0.0601,0.0992,-9.6254
28890000,0.010973,-0.005877,0.002372,-0.0564,0.0164,-9.7202
28900000,0.006010,-0.003305,0.000691,0.0714,0.0089,-9.6045
28910000,0.007678,-0.002537,-0.000271,0.0036,-0.0416,-9.7737
28920000,0.009304,-0.003521,0.000819,0.1434,0.0234,-9.6140
28930000,0.008170,-0.006194,-0.000966,0.0629,-0.0227,-9.7609
28940000,0.007875,-0.004950,0.001042,-0.0120,0.1173,-9.6743
28950000,0.008093,-0.001612,0.002925,0.0561,0.0996,-9.6413
28960000,0.006768,-0.004827,-0.002600,-0.0691,0.0757,-9.7153
28970000,0.007154,-0.002940,-0.004251,0.0146,0.2003,-9.7203
28980000,0.009550,-0.003411,-0.000820,0.1087,-0.0356,-9.6337
28990000,0.006331,-0.002929,0.001304,0.0007,-0.1253,-9.6058
29000000,0.007232,0.001225,-0.000466,0.1016,0.1753,-9.7957
29010000,0.003717,-0.003142,0.001750,0.0020,0.0448,-9.7743
29020000,0.006135,-0.002132,-0.000298,-0.0762,-0.1511,-9.6705
29030000,0.009042,-0.003585,0.000850,0.0826,0.0049,-9.6615
29040000,0.008243,-0.003573,-0.001850,0.0848,0.1422,-9.6039
29050000,0.011776,-0.001582,-0.001753,-0.0501,0.0879,-9.7213
29060000,0.007043,-0.001248,0.000804,0.0494,-0.0446,-9.5433
29070000,0.006029,-0.003770,0.000440,-0.0544,0.0209,-9.7246
29080000,0.006308,-0.002695,-0.002860,-0.0954,-0.0048,-9.7274
29090000,0.006011,-0.001854,0.000495,-0.0806,0.1241,-9.6043
29100000,0.008231,-0.001140,0.000136,0.0075,-0.0419,-9.9467
29110000,0.008227,-0.001944,-0.000310,-0.0717,0.0640,-9.6678
29120000,0.000412,-0.000598,0.001878,-0.1659,-0.0961,-9.7336
29130000,0.004801,-0.000150,-0.001442,-0.0330,-0.0118,-9.7461
29140000,0.009910,-0.002469,-0.001458,0.1300,-0.0441,-9.6457
29150000,0.003706,-0.005931,0.001039,-0.1040,-0.0531,-9.7218
29160000,0.005228,-0.002461,-0.001884,-0.1802,0.0524,-9.5541
29170000,0.006964,-0.001955,0.003953,0.0102,0.0295,-9.7367
29180000,0.000684,0.001655,0.000021,-0.0301,-0.0205,-9.7390
29190000,0.003903,-0.002742,0.000415,0.1492,0.0759,-9.7190
29200000,0.006469,-0.002872,-0.001377,-0.1597,-0.0505,-9.7582
29210000,0.008660,-0.001578,-0.002743,0.0004,-0.0696,-9.5850
29220000,0.005822,0.001232,-0.003932,0.0372,-0.1424,-9.5862
29230000,0.009141,-0.001557,0.002593,0.0052,0.0151,-9.7632
29240000,0.004828,-0.001751,0.002622,-0.0637,0.0494,-9.6723
29250000,0.009338,-0.001167,0.000793,0.0511,-0.1805,-9.6178
29260000,0.009350,-0.000260,-0.004382,-0.0812,0.1622,-9.6693
29270000,0.006708,0.001851,0.001645,-0.2275,0.0795,-9.6794
29280000,0.003722,0.001682,-0.000619,0.0511,-0.0770,-9.6652
29290000,0.006910,-0.002156,-0.000544,-0.0060,0.1002,-9.6933
29300000,0.002547,-0.002481,-0.004332,-0.0239,0.1691,-9.7027
29310000,0.001998,-0.002039,0.000027,-0.0644,0.2219,-9.6618
29320000,0.010348,-0.004080,-0.004858,0.0801,-0.0296,-9.7991
29330000,0.009142,-0.003420,0.001000,0.0988,0.0344,-9.7340
29340000,0.003315,-0.000524,-0.000562,0.0009,-0.0015,-9.8217
29350000,0.005483,-0.001877,-0.000541,0.0644,-0.0034,-9.7976
29360000,0.006386,-0.002524,-0.000960,0.0901,-0.0865,-9.7746
29370000,0.003886,0.002115,-0.002734,-0.0971,0.1157,-9.6587
29380000,0.004462,-0.000126,-0.002840,0.0722,0.0142,-9.5926
29390000,0.002851,-0.002625,0.001702,0.0009,0.0468,-9.6569
29400000,0.002564,-0.000155,0.003043,-0.0192,-0.0509,-9.7176
29410000,0.004735,-0.001455,-0.000748,0.1329,-0.0655,-9.7677
29420000,0.005274,-0.002181,-0.000338,-0.1358,-0.0725,-9.7978
29430000,0.005242,0.000277,-0.000238,0.0328,-0.0088,-9.7748
29440000,0.006948,0.000132,-0.001202,0.0946,-0.0404,-9.6852
29450000,0.003224,-0.000396,-0.001206,-0.1721,0.1139,-9.7261
29460000,0.004027,0.000042,-0.005654,-0.0019,0.0230,-9.6478
29470000,0.000505,-0.000968,-0.004322,-0.1805,0.0985,-9.6910
29480000,0.001864,0.002780,0.000348,0.0900,-0.0171,-9.6911
29490000,0.001403,-0.002371,-0.001340,0.0297,0.1651,-9.6436
29500000,0.004089,-0.000604,-0.002074,-0.0040,0.0037,-9.8451
29510000,0.004021,0.002621,0.000899,-0.0635,-0.0177,-9.6555
29520000,0.003700,-0.003184,0.001410,-0.0187,-0.1205,-9.7427
29530000,0.002746,-0.001636,0.004229,0.0450,0.0522,-9.6712
29540000,0.002275,-0.001415,-0.002403,-0.0498,-0.0946,-9.5455
29550000,0.001488,0.000160,-0.002444,0.1148,0.1671,-9.7853
29560000,0.002506,0.000181,-0.001956,-0.0266,-0.0495,-9.7356
29570000,0.002580,-0.000715,0.003307,0.0009,-0.0294,-9.8197
29580000,0.001708,-0.000594,0.000280,-0.0328,0.0265,-9.8693
29590000,0.004916,-0.001394,0.000407,-0.0319,0.0103,-9.6160
29600000,0.005155,-0.001461,0.001656,-0.1137,0.0546,-9.6730
29610000,0.001061,0.000137,-0.001855,-0.0447,-0.0280,-9.6596
29620000,0.003814,-0.001167,-0.000766,0.0235,0.0891,-9.8130
29630000,0.003486,0.004784,-0.000224,-0.0727,-0.0455,-9.7474
29640000,-0.001303,-0.002990,-0.000067,0.1294,0.1077,-9.7703
29650000,0.003890,0.001229,0.000663,-0.0905,-0.0551,-9.6607
29660000,0.001116,0.002645,0.004496,0.0854,0.0627,-9.5964
29670000,0.002057,0.000151,0.001331,-0.0607,-0.1044,-9.8372
29680000,-0.000123,0.001477,0.000579,-0.0613,0.0419,-9.7523
29690000,0.001160,-0.000241,-0.002507,-0.2179,0.0263,-9.7487
29700000,-0.000922,-0.003297,-0.002216,0.0184,-0.0295,-9.7655
29710000,-0.000162,-0.000006,0.000882,-0.1167,-0.0180,-9.7378
29720000,0.000001,-0.000976,0.000255,0.0048,0.0790,-9.7000
29730000,0.002208,0.001701,-0.003570,-0.1275,0.0442,-9.6635
29740000,0.004162,-0.002130,0.000536,-0.0774,0.0251,-9.7439
29750000,0.003776,0.003688,0.002190,0.0602,0.0057,-9.8032
29760000,0.007447,0.000910,-0.001097,-0.0599,-0.0693,-9.6601
29770000,0.002662,-0.000156,-0.001311,0.0501,-0.2351,-9.6714
29780000,-0.001087,-0.001410,0.002287,-0.2196,0.0089,-9.7491
29790000,0.001546,0.000394,0.001247,-0.0428,-0.0686,-9.7745
29800000,-0.000311,-0.001283,0.000542,0.0798,0.0518,-9.5362
29810000,0.002748,0.002399,0.000747,-0.0442,-0.0287,-9.7876
29820000,-0.002203,-0.002256,-0.002037,0.0616,-0.0064,-9.7967
29830000,0.003054,0.001383,-0.000956,-0.0132,0.0013,-9.6146
29840000,-0.002152,-0.004370,-0.000281,0.0781,-0.1319,-9.6614
29850000,0.005340,0.001838,0.003592,-0.1092,-0.0261,-9.6550
29860000,-0.001616,-0.003360,0.000729,0.1234,0.0264,-9.8141
29870000,-0.001090,-0.001609,0.000916,-0.0806,-0.0399,-9.7065
29880000,0.000111,0.000306,-0.001100,0.0197,-0.0164,-9.7242
29890000,0.000684,0.001198,0.000360,0.0220,0.0373,-9.6987
29900000,-0.000793,0.001154,0.004288,0.1822,0.0548,-9.7302
29910000,-0.000048,0.002884,-0.002753,-0.0025,-0.0745,-9.6543
29920000,-0.001551,-0.002130,-0.000536,-0.0472,-0.0026,-9.5813
29930000,-0.001170,0.003313,-0.000047,-0.1300,0.0776,-9.7256
29940000,0.000313,0.000514,-0.002547,-0.0838,0.0002,-9.6737
29950000,-0.000221,0.001244,-0.002799,0.0219,-0.0019,-9.7814
29960000,0.003154,0.002401,0.000303,0.0509,0.0572,-9.7046
29970000,0.004065,-0.003068,-0.003115,0.0248,-0.0299,-9.7581
29980000,-0.000077,0.005529,0.000709,0.0684,0.0764,-9.6702
29990000,0.001544,-0.000050,0.000423,0.0508,0.0458,-9.6390
30000000,0.002250,-0.001375,-0.001874,0.0407,-0.0033,-9.7142
30010000,-0.000343,0.003461,-0.000777,0.1055,-0.1002,-9.8053
30020000,-0.002347,-0.000833,-0.000671,0.0698,0.0334,-9.6181
30030000,-0.001421,-0.000830,-0.001595,0.0734,-0.1365,-9.7103
30040000,0.001322,-0.001289,-0.001703,0.0951,-0.0788,-9.7565
30050000,-0.001191,0.001909,0.002976,0.1551,-0.1484,-9.6838
30060000,-0.000099,0.000213,-0.000218,0.0231,-0.0476,-9.6458
30070000,0.000318,0.002722,0.000017,-0.0196,0.0657,-9.6078
30080000,0.000463,-0.000878,0.002389,0.0737,0.1105,-9.6643
30090000,-0.001108,0.003902,-0.004478,0.0550,-0.0240,-9.6145
30100000,0.001791,0.000742,0.003068,0.0190,-0.1048,-9.7839
30110000,-0.001586,0.001837,0.002253,0.1552,-0.0053,-9.6033
30120000,-0.001680,0.004068,0.004530,0.0519,0.0345,-9.7271
30130000,-0.002817,0.001835,-0.000430,0.0219,0.1326,-9.7317
30140000,0.000046,-0.001916,-0.001222,-0.1298,-0.0471,-9.7078
30150000,0.000702,0.001037,-0.002033,-0.1191,-0.1165,-9.6834
30160000,-0.002372,0.001906,-0.001229,0.0103,0.0990,-9.6415
30170000,-0.000214,0.003007,-0.000702,-0.0365,-0.1367,-9.7695
30180000,-0.001269,0.004271,0.000395,0.1409,-0.0305,-9.6276
30190000,-0.001351,-0.001233,0.000897,-0.0276,0.0741,-9.6861
30200000,-0.002202,-0.003033,-0.000425,-0.1320,0.0552,-9.6743
30210000,0.000139,-0.001593,0.002018,0.0567,0.1334,-9.6824
30220000,0.001959,-0.000957,0.000540,-0.1083,0.0477,-9.5901
30230000,-0.001039,0.003619,0.001122,-0.0489,-0.1010,-9.7033
30240000,0.000545,0.004255,0.000983,0.0610,-0.1077,-9.6083
30250000,-0.000369,0.000097,0.000046,0.0232,0.0406,-9.7151
30260000,0.000454,0.001833,0.002399,0.0571,-0.0322,-9.7341
30270000,-0.004644,0.000455,0.000261,-0.1208,0.1132,-9.5317
30280000,-0.002584,0.002487,0.000580,0.1324,0.1200,-9.6725
30290000,-0.001106,-0.000361,0.002025,-0.0144,-0.0736,-9.6838
30300000,-0.001525,0.000725,-0.001371,0.0766,-0.1171,-9.7040
30310000,-0.006576,0.002018,0.003561,0.0270,0.0319,-9.5950
30320000,-0.000086,0.002932,-0.000085,0.0387,0.1035,-9.6395
30330000,-0.004203,0.001996,-0.000796,-0.0358,0.0743,-9.6969
30340000,0.000248,0.001679,0.004151,-0.0236,-0.0507,-9.6399
30350000,-0.003453,0.000406,-0.000316,0.1530,-0.1213,-9.6904
30360000,-0.002244,0.000880,0.001905,-0.0271,0.0055,-9.6362
30370000,-0.003109,0.004824,0.001670,-0.0379,-0.1150,-9.6187
30380000,-0.004731,0.000641,0.003221,-0.0153,-0.0345,-9.6426
30390000,-0.000321,0.001774,0.001037,0.0009,-0.0038,-9.6317
30400000,0.000642,-0.002403,-0.000544,0.0671,-0.0252,-9.7388
30410000,-0.002819,0.002217,0.001393,-0.2047,0.0166,-9.7696
30420000,-0.003735,0.002304,0.001338,0.1385,0.0195,-9.5260
30430000,-0.004013,-0.000047,-0.000405,-0.0184,-0.0418,-9.8071
30440000,-0.002093,0.001368,0.000861,0.0435,-0.0849,-9.6076
30450000,-0.005309,0.001052,0.000778,-0.0824,-0.0373,-9.7065
30460000,-0.002830,-0.001806,-0.003021,-0.0023,0.1031,-9.8304
30470000,-0.001935,0.001237,0.002555,0.0117,0.0865,-9.7929
30480000,-0.000850,0.002367,-0.001940,-0.0730,-0.0314,-9.7101
30490000,-0.003910,0.003286,-0.003683,0.0156,0.0788,-9.6938
30500000,-0.004656,0.000240,0.004358,0.0369,0.0112,-9.7308
30510000,-0.005014,-0.000517,0.001790,0.0471,-0.0865,-9.7872
30520000,-0.001937,0.001461,-0.000319,-0.0908,0.0187,-9.7527
30530000,-0.004218,-0.000306,0.005616,-0.0834,-0.0311,-9.6657
30540000,-0.008008,0.003400,-0.001272,-0.0043,-0.0101,-9.6628
30550000,-0.002596,-0.000102,0.000986,0.1387,0.1687,-9.6437
30560000,-0.008045,-0.001201,0.000549,-0.0064,0.0458,-9.6807
30570000,-0.005804,0.003981,0.003014,-0.0287,0.0810,-9.7340
30580000,-0.001964,0.003146,0.002715,-0.0631,-0.2507,-9.7621
30590000,-0.003301,0.003139,-0.002471,0.0880,0.0648,-9.7541
30600000,-0.005027,0.001726,0.002239,0.1393,0.0188,-9.7207
30610000,-0.001691,0.001548,-0.001268,-0.0690,-0.0161,-9.5424
30620000,-0.004435,0.001231,0.000347,-0.0700,0.0642,-9.5497
30630000,-0.005567,0.004682,0.000430,-0.0526,-0.0963,-9.5824
30640000,-0.004569,0.003115,0.002740,0.1157,-0.0041,-9.7035
30650000,-0.006143,0.001264,0.001071,0.0389,-0.0073,-9.6567
30660000,-0.002300,0.007269,0.000313,0.0358,-0.0462,-9.6119
30670000,-0.003170,0.000516,0.001614,0.0218,-0.1234,-9.6224
30680000,-0.006694,0.004001,-0.000559,0.0250,-0.0433,-9.6488
30690000,-0.001712,0.002079,0.001594,-0.0082,-0.0018,-9.7764
30700000,-0.010479,-0.001736,-0.002897,0.0169,0.1602,-9.7581
30710000,-0.001189,0.000614,-0.002647,-0.0345,-0.0862,-9.6833
30720000,-0.006883,0.003709,0.003540,0.0047,0.2216,-9.7384
30730000,-0.006299,0.006290,0.000947,-0.2037,-0.0161,-9.7824
30740000,-0.009979,0.005902,0.001762,0.0126,0.0411,-9.7207
30750000,-0.001614,0.003902,-0.001696,0.1291,0.0604,-9.6091
30760000,-0.008070,-0.001104,-0.001738,-0.0261,0.1136,-9.7664
30770000,-0.004394,0.000521,0.001258,-0.0394,-0.0488,-9.7441
30780000,-0.004886,-0.001467,0.002381,-0.0196,0.0831,-9.7239
30790000,-0.002084,0.004316,0.001285,-0.0755,-0.0131,-9.5494
30800000,-0.005309,-0.000047,0.002750,-0.0169,0.1233,-9.5943
30810000,-0.004974,0.001226,0.001320,0.0137,-0.0854,-9.7580
30820000,-0.005717,-0.000524,-0.000731,-0.1158,0.0180,-9.7979
30830000,-0.005892,0.007649,-0.001413,-0.0379,0.0122,-9.6369
30840000,-0.003314,0.001299,0.000933,-0.1249,-0.0677,-9.7343
30850000,-0.003461,0.005856,0.005052,-0.0446,0.0134,-9.5920
30860000,-0.007470,0.002117,0.001609,-0.0607,0.0519,-9.5474
30870000,-0.005042,0.000866,0.002635,-0.0138,0.1363,-9.7636
30880000,-0.006526,0.000504,-0.000370,-0.1207,0.0225,-9.5023
30890000,-0.008165,0.007857,0.000264,0.1543,0.1190,-9.7010
30900000,-0.008364,0.001482,0.006021,-0.0970,-0.0310,-9.7315
30910000,-0.006053,0.002848,0.000799,0.0251,0.1161,-9.6966
30920000,-0.009368,0.004778,0.004351,-0.0570,-0.0087,-9.7796
30930000,-0.008189,0.001654,0.002971,-0.0468,0.1100,-9.5391
30940000,-0.005624,0.002247,0.000831,-0.0111,0.1470,-9.6079
30950000,-0.004327,0.005030,0.001595,0.0275,-0.0225,-9.6220
30960000,-0.004851,0.003408,0.002456,0.0747,-0.0713,-9.7702
30970000,-0.004952,0.001866,0.003183,-0.0779,0.0586,-9.5781
30980000,-0.002344,0.004690,0.004888,0.0749,0.1089,-9.7559
30990000,-0.010533,0.003844,0.004118,-0.0061,0.0035,-9.8170
31000000,-0.006421,0.005858,0.000149,-0.0810,0.0529,-9.6501
31010000,-0.003967,0.002542,0.001376,0.0331,0.0708,-9.7201
31020000,-0.006753,0.002984,-0.000612,-0.0876,-0.0063,-9.6282
31030000,-0.005415,0.006913,-0.001123,-0.0557,-0.0571,-9.6776
31040000,-0.009754,0.006560,0.000640,0.0322,-0.1262,-9.6504
31050000,-0.009992,0.006412,0.001601,-0.0417,-0.0150,-9.7279
31060000,-0.008329,0.001576,0.005994,-0.0183,0.0156,-9.6300
31070000,-0.005102,0.003641,0.000103,-0.0895,-0.1022,-9.6832
31080000,-0.007834,0.001829,0.004163,-0.0712,-0.0471,-9.7243
31090000,-0.007635,0.001638,-0.000018,-0.0933,-0.0082,-9.7497
31100000,-0.008848,-0.001626,0.000186,0.0579,0.0753,-9.7208
31110000,-0.009824,0.003777,-0.002208,-0.0640,0.0375,-9.7147
31120000,-0.005685,0.004074,0.000263,-0.0324,-0.0136,-9.6273
31130000,-0.008889,-0.000782,0.002143,-0.0846,0.0562,-9.8736
31140000,-0.008505,0.005461,0.001202,-0.0157,-0.1554,-9.5482
31150000,-0.010096,0.006083,0.000778,0.0611,-0.0656,-9.7109
31160000,-0.010022,0.002480,0.003338,-0.0292,0.0568,-9.6168
31170000,-0.009516,0.002033,0.002366,-0.0475,0.0075,-9.6616
31180000,-0.006223,0.005857,0.001507,-0.1270,-0.0163,-9.5577
31190000,-0.007562,0.001611,0.004604,-0.0172,0.0196,-9.6089
31200000,-0.007606,0.002065,0.002740,0.0402,-0.0400,-9.6595
31210000,-0.009145,0.003395,0.000799,0.0281,0.0855,-9.7483
31220000,-0.009691,-0.000165,0.000628,-0.0360,-0.0903,-9.5973
31230000,-0.009525,0.004763,0.004232,0.0987,0.0447,-9.6734
31240000,-0.005012,-0.000254,0.000863,0.0873,0.1153,-9.6409
31250000,-0.009153,0.005622,0.004291,0.1175,-0.0623,-9.8282
31260000,-0.008748,0.004918,0.004849,-0.0389,0.0437,-9.6101
31270000,-0.007847,0.003849,0.000025,-0.0073,-0.0263,-9.8002
31280000,-0.008628,0.002284,-0.000549,-0.0931,-0.1438,-9.6177
31290000,-0.009353,0.002430,0.005644,-0.0427,0.0429,-9.6738
31300000,-0.007500,0.002745,0.003530,-0.0545,-0.0545,-9.7009
31310000,-0.011850,0.004603,0.001327,-0.0290,-0.2019,-9.6446
31320000,-0.005258,0.006536,0.000332,0.0498,-0.0891,-9.6401
31330000,-0.011317,0.002742,0.006460,-0.0554,0.0397,-9.5859
31340000,-0.014154,0.004012,0.002864,-0.0696,-0.0292,-9.6142
31350000,-0.012860,0.004496,0.004986,-0.0539,-0.0583,-9.7063
31360000,-0.009525,0.001221,0.004183,-0.0756,-0.0460,-9.6011
31370000,-0.009332,0.002903,0.000829,-0.1050,-0.1082,-9.6784
31380000,-0.010239,0.004051,0.003309,0.0157,0.0267,-9.6398
31390000,-0.010901,0.006034,0.006426,0.0170,-0.0431,-9.6110
31400000,-0.010067,0.001962,0.000618,0.0501,0.0468,-9.6980
31410000,-0.008151,0.004585,0.004796,0.1510,0.0421,-9.6736
31420000,-0.010933,0.004973,0.006424,0.1428,-0.0331,-9.6881
31430000,-0.011706,0.003011,0.001502,-0.0788,-0.0299,-9.6120
31440000,-0.011086,0.005087,0.005253,-0.1107,0.0348,-9.8133
31450000,-0.012961,0.002485,0.000888,0.0491,-0.1567,-9.6846
31460000,-0.014115,0.000673,0.000385,-0.1124,0.0775,-9.4831
31470000,-0.007520,0.005518,0.003214,-0.0259,0.1241,-9.6933
31480000,-0.013608,0.003278,0.003188,-0.0192,-0.0333,-9.8083
31490000,-0.012871,0.000369,0.005207,0.0470,-0.0421,-9.6008
31500000,-0.010283,0.007805,0.001146,-0.0150,-0.0134,-9.7063
31510000,-0.013144,0.003043,0.004006,0.0290,0.0906,-9.6281
31520000,-0.011423,0.005431,0.004664,-0.0758,-0.1042,-9.5431
31530000,-0.016301,0.004810,0.003945,-0.1038,-0.0757,-9.8562
31540000,-0.013970,0.002915,0.002676,0.0311,-0.0031,-9.7522
31550000,-0.010207,0.007741,0.006511,-0.1181,0.0499,-9.6804
31560000,-0.008867,0.001057,0.001632,-0.0388,0.0524,-9.7407
31570000,-0.011424,0.006051,0.001935,-0.0394,0.0384,-9.7307
31580000,-0.010170,0.005445,0.001969,0.0618,0.1370,-9.6165
31590000,-0.009639,0.003272,0.005547,0.1496,0.1217,-9.6382
31600000,-0.009252,0.002529,0.000979,0.0745,-0.0233,-9.7255
31610000,-0.011590,0.007023,0.003431,-0.0346,0.0706,-9.7136
31620000,-0.013006,0.004246,0.003744,0.0890,0.0040,-9.7049
31630000,-0.009007,0.005574,0.006514,-0.0203,0.0342,-9.7086
31640000,-0.011757,0.005041,0.005728,-0.0150,-0.1078,-9.7839
31650000,-0.012414,0.004793,0.006295,0.1363,-0.0080,-9.7551
31660000,-0.010666,0.004564,0.008239,-0.1095,0.1426,-9.6324
31670000,-0.008359,0.005908,0.002105,0.0394,-0.0276,-9.6080
31680000,-0.010247,0.004905,0.002725,0.0353,-0.0776,-9.5533
31690000,-0.010209,0.003705,0.007353,-0.0616,-0.0758,-9.7752
31700000,-0.012678,0.001018,0.005795,0.1900,-0.0434,-9.5966
31710000,-0.013471,0.008327,0.003621,0.0160,-0.1096,-9.7733
31720000,-0.012230,0.008922,0.006812,-0.0894,0.0126,-9.7551
31730000,-0.008320,0.004064,0.002152,0.0556,0.0736,-9.7726
31740000,-0.011766,0.002708,0.004447,-0.1000,0.0058,-9.7055
31750000,-0.011831,0.003343,0.001018,-0.0784,0.0942,-9.6964
31760000,-0.008130,0.003194,0.001926,-0.1485,0.0793,-9.7240
31770000,-0.012723,0.005843,0.005307,-0.0159,0.0610,-9.5506
31780000,-0.015027,0.005036,0.009521,0.0478,-0.0339,-9.6487
31790000,-0.009211,0.003881,0.005316,0.1368,0.1618,-9.6671
31800000,-0.013895,0.003552,0.004138,-0.0186,-0.1048,-9.6984
31810000,-0.012414,0.004518,0.002156,-0.1127,-0.0083,-9.8045
31820000,-0.010643,0.006310,0.003037,-0.1926,0.1448,-9.8365
31830000,-0.014108,0.004608,0.005087,0.0114,0.0702,-9.6711
31840000,-0.013245,0.005385,0.003271,0.0136,0.0925,-9.7378
31850000,-0.013864,0.004690,0.003921,-0.0178,-0.0929,-9.8170
31860000,-0.011179,0.008345,0.004586,0.0226,0.0364,-9.7282
31870000,-0.011231,0.006788,0.006155,0.0485,-0.0102,-9.6464
31880000,-0.012517,0.004125,0.006564,-0.0125,-0.0447,-9.6043
31890000,-0.010519,0.006429,0.006134,0.1185,-0.0621,-9.6505
31900000,-0.016325,0.003005,0.004357,0.0392,-0.0205,-9.8156
31910000,-0.012198,0.008254,0.004110,-0.0872,0.0059,-9.5050
31920000,-0.014066,0.005401,0.006723,0.0640,-0.1238,-9.7439
31930000,-0.011811,0.003482,0.004837,-0.0421,0.1270,-9.6230
31940000,-0.009923,0.006834,0.003988,-0.0672,-0.0418,-9.7361
31950000,-0.013516,0.005955,0.005927,0.0073,0.0892,-9.7398
31960000,-0.011673,0.004154,0.006360,0.0538,0.1154,-9.5898
31970000,-0.011683,0.002376,0.005880,-0.0188,-0.1202,-9.7055
31980000,-0.011886,0.009944,0.005816,0.0597,0.0536,-9.6767
31990000,-0.013408,0.010890,0.003091,-0.0578,0.0299,-9.6082
32000000,-0.011835,0.004836,0.002470,0.0764,0.0138,-9.6346
32010000,-0.014382,0.007395,0.003923,-0.0230,-0.0039,-9.6562
32020000,-0.016748,0.005238,0.004318,0.1569,-0.0009,-9.8237
32030000,-0.017278,0.005324,0.007975,0.1660,0.0510,-9.6948
32040000,-0.010682,0.004427,0.004135,0.0005,0.0836,-9.5913
32050000,-0.013442,0.008991,0.005915,-0.0504,0.0088,-9.6234
32060000,-0.012619,0.000808,0.007234,-0.1656,-0.0279,-9.7807
32070000,-0.015184,0.002566,0.004832,0.1089,0.0722,-9.5633
32080000,-0.017509,0.005461,0.002424,-0.0191,0.0763,-9.8139
32090000,-0.014181,0.003148,0.005203,-0.0103,0.1020,-9.6461
32100000,-0.016755,0.009596,0.011011,0.2305,-0.0839,-9.5898
32110000,-0.011744,0.006273,0.004428,0.1467,-0.0509,-9.6394
32120000,-0.014773,0.003009,0.007474,0.0556,0.0635,-9.7222
32130000,-0.013329,0.002788,0.002946,0.0298,0.0420,-9.6796
32140000,-0.011893,0.008430,0.002005,-0.0226,-0.0036,-9.5112
32150000,-0.014492,0.005805,0.008863,-0.0079,-0.0111,-9.6291
32160000,-0.016505,0.008270,0.003640,-0.0573,-0.0310,-9.7497
32170000,-0.017150,0.000229,0.006614,-0.0975,0.0246,-9.6333
32180000,-0.016687,0.006479,0.007863,0.0030,-0.0824,-9.6987
32190000,-0.017092,0.005693,0.010638,-0.0262,0.0823,-9.7327
32200000,-0.015054,0.003283,0.008323,-0.0391,-0.0622,-9.7830
32210000,-0.011964,0.006559,0.005145,-0.0070,0.1341,-9.6718
32220000,-0.014128,0.004516,0.006632,0.0348,0.0600,-9.5488
32230000,-0.014735,0.010474,0.006196,0.0621,0.1060,-9.8368
32240000,-0.010031,0.006770,0.007785,-0.0318,0.0502,-9.7741
32250000,-0.014395,0.007284,0.007009,-0.1205,-0.0873,-9.7839
32260000,-0.017710,0.003906,0.007208,-0.0028,0.0446,-9.6366
32270000,-0.012665,0.002396,0.004443,0.0440,-0.0199,-9.6749
32280000,-0.015091,0.002265,0.004047,-0.0192,0.0305,-9.5763
32290000,-0.019332,0.009567,0.005567,-0.0753,-0.1201,-9.7227
32300000,-0.018305,0.006161,0.005877,0.0901,0.0723,-9.7925
32310000,-0.017476,0.006195,0.007691,0.0426,0.0743,-9.7554
32320000,-0.018512,0.005771,0.006391,0.0102,0.0275,-9.7029
32330000,-0.014036,0.006365,0.005281,0.0288,0.0442,-9.6420
32340000,-0.017377,0.004583,0.005349,-0.0036,-0.0262,-9.8348
32350000,-0.017614,0.005845,0.005469,-0.0003,0.1061,-9.7337
32360000,-0.018662,0.004420,0.005446,-0.0810,-0.0059,-9.6508
32370000,-0.020901,0.005041,0.001224,-0.0851,0.0796,-9.7530
32380000,-0.018046,0.011207,0.004843,0.0267,-0.0738,-9.6106
32390000,-0.013058,0.004417,0.009481,-0.0414,0.0067,-9.7220
32400000,-0.012558,0.007976,0.007060,-0.0822,0.0417,-9.6183
32410000,-0.014982,0.006179,0.009170,-0.0164,-0.0538,-9.6391
32420000,-0.020343,0.004927,0.007076,-0.1130,0.0597,-9.6172
32430000,-0.016587,0.007791,0.006964,-0.1269,0.0608,-9.6915
32440000,-0.015064,0.006066,0.004837,0.0089,-0.0032,-9.8683
32450000,-0.016068,0.007065,0.009549,-0.1238,-0.0899,-9.6648
32460000,-0.015622,0.008504,0.010952,-0.0121,0.0229,-9.7191
32470000,-0.015109,0.004330,0.009070,0.1044,-0.1371,-9.7725
32480000,-0.016300,0.007462,0.007023,0.0035,0.0108,-9.5513
32490000,-0.017759,0.009141,0.008076,0.0136,0.0259,-9.5816
32500000,-0.014586,0.007163,0.008756,0.1567,0.0633,-9.6597
32510000,-0.016362,0.010322,0.005860,0.0246,-0.0906,-9.5127
32520000,-0.014088,0.006341,0.006200,-0.1073,-0.0653,-9.4986
32530000,-0.016896,0.003096,0.005019,-0.0660,0.0356,-9.7895
32540000,-0.015315,0.008518,0.009860,-0.0180,-0.0572,-9.6424
32550000,-0.015713,0.011068,0.009387,-0.0236,0.0071,-9.6959
32560000,-0.017757,0.003033,0.006665,-0.1270,0.0870,-9.8101
32570000,-0.015473,0.005857,0.010702,0.0289,-0.0756,-9.7660
32580000,-0.013814,0.002863,0.009794,-0.0901,-0.0514,-9.5915
32590000,-0.016975,0.005535,0.008070,-0.1059,0.0421,-9.7663
32600000,-0.013147,0.005624,0.006450,0.0450,0.0671,-9.6885
32610000,-0.016503,0.005810,0.007163,-0.0412,-0.1462,-9.6946
32620000,-0.014210,0.007161,0.007816,-0.0110,-0.0323,-9.8278
32630000,-0.016480,0.008022,0.004730,-0.0249,-0.1522,-9.6992
32640000,-0.014586,0.007362,0.009433,0.0370,-0.1017,-9.5746
32650000,-0.017290,0.007571,0.005143,0.0394,0.0087,-9.6217
32660000,-0.016936,0.005203,0.008251,-0.0565,0.0027,-9.5792
32670000,-0.019128,0.005550,0.008195,-0.1418,0.0405,-9.6441
32680000,-0.022708,0.007192,0.004966,0.1205,-0.0064,-9.5916
32690000,-0.015331,0.005917,0.007629,0.0069,-0.0481,-9.4957
32700000,-0.017950,0.009949,0.005825,0.0437,-0.0136,-9.9013
32710000,-0.018970,0.003962,0.011019,0.1288,-0.1133,-9.7711
32720000,-0.016594,0.005008,0.008316,0.0465,-0.1030,-9.6406
32730000,-0.018843,0.008745,0.003569,-0.0749,0.0566,-9.8350
32740000,-0.016291,0.005677,0.008119,-0.0142,0.0018,-9.7570
32750000,-0.016251,0.006487,0.010272,-0.0536,-0.0193,-9.6452
32760000,-0.017149,0.006182,0.009385,0.0098,-0.0343,-9.7094
32770000,-0.015994,0.009947,0.009258,0.0524,-0.0592,-9.7222
32780000,-0.019462,0.003323,0.008887,0.1293,-0.0174,-9.6429
32790000,-0.018846,0.005586,0.013639,-0.1031,0.0916,-9.6740
32800000,-0.018567,0.004963,0.008268,-0.0734,0.0319,-9.5761
32810000,-0.017040,0.009091,0.007080,0.1082,0.0956,-9.5775
32820000,-0.020054,0.007237,0.006991,-0.0181,0.0520,-9.6241
32830000,-0.016031,0.008100,0.004274,0.0852,-0.0634,-9.7863
32840000,-0.015984,0.007363,0.011683,-0.0446,0.0258,-9.6995
32850000,-0.024378,0.007925,0.009133,0.0042,0.0097,-9.6618
32860000,-0.018922,0.003910,0.011188,-0.0333,-0.1038,-9.6015
32870000,-0.020092,0.006614,0.004488,-0.0435,-0.0557,-9.7269
32880000,-0.020123,0.004118,0.011532,-0.0338,-0.0010,-9.6608
32890000,-0.018542,0.008144,0.012857,-0.0491,0.0376,-9.5465
32900000,-0.018523,0.005400,0.008509,-0.0217,-0.2131,-9.6705
32910000,-0.015045,0.007645,0.008712,-0.0263,0.0644,-9.6335
32920000,-0.017419,0.009065,0.010414,0.0771,0.1069,-9.5903
32930000,-0.019240,0.004381,0.010654,0.0814,0.0493,-9.6224
32940000,-0.021377,0.004754,0.011036,0.0716,0.0205,-9.5623
32950000,-0.016685,0.004714,0.007570,0.0677,0.1057,-9.6517
32960000,-0.018113,0.006544,0.008344,0.1825,-0.0659,-9.5715
32970000,-0.018807,0.007843,0.014228,0.0198,0.0763,-9.6360
32980000,-0.018617,0.012740,0.009425,-0.2199,-0.0498,-9.6149
32990000,-0.019527,0.006635,0.010476,-0.0678,-0.0346,-9.6144
33000000,-0.017356,0.006190,0.006280,-0.0531,-0.0886,-9.6113
33010000,-0.017441,0.009254,0.009597,-0.0120,0.0109,-9.6992
33020000,-0.017749,0.007592,0.008121,0.1244,0.0471,-9.7573
33030000,-0.018210,0.004746,0.010747,0.0519,0.1599,-9.7057
33040000,-0.020127,0.013347,0.011817,0.1396,0.1099,-9.7086
33050000,-0.020427,0.003775,0.008426,-0.0447,-0.0214,-9.5794
33060000,-0.018914,0.011000,0.011606,0.0773,-0.0427,-9.4983
33070000,-0.018090,0.008451,0.006997,-0.0516,0.0172,-9.7163
33080000,-0.020058,0.008304,0.014195,0.0841,0.1761,-9.6835
33090000,-0.016156,0.004985,0.010751,0.0241,0.0284,-9.6704
33100000,-0.018337,0.010513,0.010622,0.0051,-0.1353,-9.6643
33110000,-0.017421,0.008599,0.009358,0.0018,0.0304,-9.5638
33120000,-0.016367,0.008002,0.008745,0.0335,0.0297,-9.6100
33130000,-0.017761,0.009609,0.011360,-0.0074,0.0035,-9.7279
33140000,-0.018428,0.007412,0.011621,-0.1460,0.0193,-9.6818
33150000,-0.020710,0.011273,0.012126,-0.1828,-0.0411,-9.6084
33160000,-0.019376,0.006856,0.012379,0.0727,0.0302,-9.7077
33170000,-0.018398,0.004874,0.008891,-0.1691,-0.1655,-9.6935
33180000,-0.020905,0.010301,0.010099,-0.0869,-0.0887,-9.6443
33190000,-0.021407,0.008704,0.010005,0.1057,-0.0496,-9.5054
33200000,-0.018993,0.004977,0.013257,-0.0542,-0.1949,-9.6451
33210000,-0.021647,0.005924,0.009297,0.0385,0.1903,-9.7124
33220000,-0.019549,0.008537,0.012828,0.0831,-0.1300,-9.7618
33230000,-0.023091,0.007184,0.012287,-0.1208,-0.1206,-9.5702
33240000,-0.018163,0.004052,0.008963,-0.0680,0.0048,-9.6609
33250000,-0.019185,0.009334,0.012072,-0.0331,-0.0843,-9.6544
33260000,-0.019571,0.009189,0.011470,-0.0042,0.0390,-9.6113
33270000,-0.016040,0.009034,0.014271,0.0563,-0.0599,-9.5665
33280000,-0.022212,0.006437,0.009537,-0.1879,-0.1062,-9.7823
33290000,-0.020628,0.009725,0.013600,-0.0929,-0.0613,-9.6632
33300000,-0.022422,0.009300,0.013042,-0.0126,0.0653,-9.7321
33310000,-0.021497,0.005764,0.015271,-0.0659,0.0435,-9.6493
33320000,-0.015634,0.007463,0.012726,0.1288,0.1669,-9.7827
33330000,-0.018910,0.007596,0.011426,0.0448,0.1660,-9.5920
33340000,-0.024006,0.007257,0.012997,-0.0112,0.0153,-9.7039
33350000,-0.017486,0.007659,0.015387,-0.0363,-0.0977,-9.6284
33360000,-0.020641,0.009128,0.014187,0.0198,0.2337,-9.7151
33370000,-0.020467,0.006361,0.011372,0.1176,-0.0914,-9.7913
33380000,-0.022694,0.006727,0.015275,0.0638,-0.0509,-9.6990
33390000,-0.021337,0.007633,0.011803,-0.0341,0.1430,-9.7298
33400000,-0.018925,0.009776,0.015508,-0.0798,0.0385,-9.7777
33410000,-0.020873,0.007339,0.012477,0.1028,0.1005,-9.7563
33420000,-0.022059,0.010662,0.015674,-0.0951,-0.0689,-9.5473
33430000,-0.017809,0.009039,0.009600,-0.0167,0.0400,-9.6208
33440000,-0.021013,0.006501,0.013747,0.0493,0.0559,-9.6208
33450000,-0.017789,0.010176,0.013432,-0.2112,-0.0877,-9.5905
33460000,-0.019420,0.009446,0.014590,0.0395,-0.0073,-9.5832
33470000,-0.020914,0.006249,0.014975,-0.0407,0.1269,-9.6403
33480000,-0.017393,0.007949,0.011618,0.0921,-0.0352,-9.7267
33490000,-0.023105,0.009633,0.018350,-0.0248,-0.0004,-9.6112
33500000,-0.019274,0.008678,0.015183,-0.0548,-0.0002,-9.6243
33510000,-0.020959,0.007749,0.011903,-0.0874,0.0551,-9.7311
33520000,-0.019884,0.011910,0.013259,-0.0278,-0.0535,-9.6713
33530000,-0.019303,0.008972,0.013155,-0.0362,-0.0538,-9.7622
33540000,-0.023974,0.009035,0.014227,0.0271,-0.0961,-9.6408
33550000,-0.016719,0.006680,0.013768,-0.0100,-0.0555,-9.7079
33560000,-0.019854,0.008187,0.012972,0.0147,-0.0105,-9.5843
33570000,-0.021996,0.010203,0.013673,-0.0958,0.1260,-9.5599
33580000,-0.019742,0.008842,0.013047,-0.1746,-0.0696,-9.6138
33590000,-0.021846,0.007090,0.011523,0.0280,0.1863,-9.6454
33600000,-0.019272,0.005470,0.015701,-0.0678,0.1014,-9.5497
33610000,-0.021855,0.006049,0.012482,-0.0679,-0.1259,-9.6038
33620000,-0.024043,0.007336,0.014168,-0.0065,-0.1629,-9.5531
33630000,-0.024477,0.009839,0.012741,0.1992,-0.0414,-9.5985
33640000,-0.023956,0.011490,0.012884,-0.0930,0.0358,-9.5980
33650000,-0.017918,0.006996,0.016075,-0.0411,0.0515,-9.5867
33660000,-0.021054,0.007714,0.010303,-0.1400,-0.0642,-9.6596
33670000,-0.023412,0.009211,0.017932,0.0635,0.0033,-9.5752
33680000,-0.022887,0.005527,0.012841,0.1267,-0.0162,-9.6257
33690000,-0.020000,0.007987,0.013884,-0.0242,-0.1352,-9.8705
33700000,-0.021992,0.010695,0.013553,-0.0794,0.0240,-9.7318
33710000,-0.023347,0.006697,0.012694,0.0581,0.0522,-9.6569
33720000,-0.020347,0.011649,0.016764,-0.0504,0.0228,-9.5075
33730000,-0.022133,0.010456,0.015404,-0.1399,0.0276,-9.7488
33740000,-0.021948,0.009013,0.011574,0.0105,0.0811,-9.7287
33750000,-0.024085,0.003742,0.013558,0.0538,-0.0546,-9.6878
33760000,-0.018826,0.008880,0.015475,0.1403,0.0808,-9.6985
33770000,-0.024904,0.008452,0.015541,-0.0974,0.0124,-9.5921
33780000,-0.023389,0.006946,0.016402,-0.0197,-0.0770,-9.6501
33790000,-0.023711,0.012240,0.014986,0.0262,-0.0060,-9.5902
33800000,-0.016622,0.008993,0.016011,-0.0978,0.1101,-9.6889
33810000,-0.020571,0.009122,0.016305,-0.1226,0.0959,-9.7647
33820000,-0.020059,0.010633,0.016710,-0.1458,0.0141,-9.7215
33830000,-0.022368,0.010270,0.014149,-0.1771,-0.1011,-9.7393
33840000,-0.020018,0.008892,0.016839,0.0076,-0.1172,-9.6913
33850000,-0.023068,0.011429,0.016537,-0.0012,0.0672,-9.6853
33860000,-0.021151,0.009690,0.016428,0.1656,-0.0262,-9.6614
33870000,-0.019089,0.004165,0.018299,0.0231,-0.1092,-9.6148
33880000,-0.022701,0.010418,0.017688,-0.1296,-0.1162,-9.6150
33890000,-0.022025,0.007579,0.017398,-0.0826,-0.0205,-9.5856
33900000,-0.026158,0.010180,0.015721,-0.0565,-0.0636,-9.6756
33910000,-0.023320,0.006816,0.015058,-0.0279,-0.0412,-9.7573
33920000,-0.020966,0.010700,0.013676,-0.0874,-0.0034,-9.6999
33930000,-0.021139,0.010863,0.014302,0.0347,-0.0365,-9.7515
33940000,-0.022186,0.008483,0.012668,-0.1425,0.1103,-9.7232
33950000,-0.023058,0.007552,0.017227,0.0925,0.1455,-9.6726
33960000,-0.025573,0.009883,0.020183,0.0134,-0.0720,-9.5408
33970000,-0.020707,0.007635,0.018128,-0.0715,-0.0476,-9.5507
33980000,-0.021144,0.009879,0.016744,-0.0033,-0.0311,-9.6334
33990000,-0.021192,0.011214,0.021303,0.0086,-0.0888,-9.5433
34000000,-0.023792,0.011497,0.015839,0.0751,0.0208,-9.6275
34010000,-0.021513,0.010204,0.014389,0.0555,-0.0838,-9.6043
34020000,-0.021607,0.007593,0.014196,-0.0477,0.0201,-9.6528
34030000,-0.025973,0.008177,0.019134,-0.0140,0.1086,-9.7394
34040000,-0.028064,0.006409,0.018009,0.0245,0.0158,-9.6278
34050000,-0.020681,0.008136,0.018858,-0.0348,0.0862,-9.5538
34060000,-0.022035,0.007541,0.015309,-0.0432,0.0172,-9.6558
34070000,-0.023481,0.012408,0.015735,-0.0755,-0.0091,-9.8228
34080000,-0.022624,0.008465,0.014802,0.1030,-0.0069,-9.7055
34090000,-0.021058,0.008688,0.014589,0.2074,-0.0216,-9.7810
34100000,-0.021038,0.006578,0.017687,0.0025,0.0280,-9.7775
34110000,-0.022004,0.007862,0.018415,0.0204,-0.1311,-9.6483
34120000,-0.025059,0.008357,0.014457,0.0515,-0.1074,-9.7201
34130000,-0.021454,0.009547,0.016231,0.0249,0.0607,-9.6527
34140000,-0.025880,0.010490,0.013501,0.0012,-0.0253,-9.6430
34150000,-0.021885,0.008637,0.016429,-0.1338,-0.0444,-9.6113
34160000,-0.019839,0.010678,0.018888,-0.0672,0.1251,-9.6103
34170000,-0.019711,0.012881,0.020231,-0.0741,-0.0716,-9.6807
34180000,-0.023735,0.012685,0.015540,0.1444,0.0483,-9.6149
34190000,-0.023009,0.008268,0.017207,-0.0749,0.0130,-9.7217
34200000,-0.022844,0.010426,0.019808,-0.0763,0.0099,-9.7773
34210000,-0.020854,0.010420,0.018561,0.0364,0.0142,-9.6731
34220000,-0.025476,0.009207,0.017327,0.0409,-0.0810,-9.6990
34230000,-0.023077,0.008903,0.019488,-0.0306,-0.0796,-9.6894
34240000,-0.023463,0.010093,0.018062,0.0418,0.0422,-9.5995
34250000,-0.022809,0.007543,0.013622,-0.0465,0.0552,-9.7197
34260000,-0.024057,0.008349,0.019688,0.0355,0.0421,-9.6849
34270000,-0.021111,0.007699,0.014562,-0.0315,0.0794,-9.6151
34280000,-0.023176,0.006033,0.019250,0.0158,0.1555,-9.5847
34290000,-0.021210,0.010207,0.020409,0.0401,-0.0664,-9.6924
34300000,-0.020936,0.007785,0.015475,0.0989,0.0418,-9.7665
34310000,-0.022142,0.013087,0.016554,-0.0871,0.1020,-9.7238
34320000,-0.025369,0.011031,0.016214,-0.0853,0.0556,-9.7375
34330000,-0.022781,0.010067,0.019179,0.1769,-0.1345,-9.7772
34340000,-0.026297,0.007585,0.018747,-0.0193,0.1575,-9.5929
34350000,-0.023058,0.011888,0.020293,0.0089,-0.0114,-9.4797
34360000,-0.023998,0.007756,0.020026,-0.1292,0.0107,-9.7439
34370000,-0.021050,0.011442,0.019913,-0.0475,-0.0783,-9.6798
34380000,-0.019507,0.014737,0.017187,-0.0114,-0.1129,-9.6623
34390000,-0.023302,0.006713,0.018549,-0.0579,0.0499,-9.6337
34400000,-0.019655,0.013879,0.018425,0.0590,-0.0389,-9.6636
34410000,-0.024466,0.008339,0.018346,-0.1639,-0.0215,-9.6013
34420000,-0.023790,0.006310,0.022046,-0.0226,0.0161,-9.6336
34430000,-0.025766,0.010844,0.017871,-0.1053,-0.0408,-9.7135
34440000,-0.022905,0.011275,0.018551,0.0225,-0.0116,-9.7203
34450000,-0.021396,0.009727,0.020603,0.0329,0.0069,-9.6105
34460000,-0.019252,0.010911,0.020069,-0.0681,0.0804,-9.5629
34470000,-0.021680,0.011098,0.020890,-0.0586,0.0049,-9.7175
34480000,-0.020055,0.008747,0.018013,-0.1077,0.0846,-9.6700
34490000,-0.020990,0.008886,0.015744,0.0659,-0.0408,-9.6372
34500000,-0.025599,0.007703,0.016821,0.0151,-0.0360,-9.5651
34510000,-0.022379,0.010569,0.021502,0.1285,-0.0069,-9.6153
34520000,-0.024617,0.009680,0.022757,-0.0136,-0.0039,-9.7138
34530000,-0.019807,0.013420,0.019958,-0.0302,-0.0063,-9.6415
34540000,-0.020202,0.011490,0.019823,0.0254,-0.0452,-9.5968
34550000,-0.022300,0.012328,0.017350,-0.0286,0.0020,-9.6126
34560000,-0.020460,0.012423,0.018566,0.0172,0.0458,-9.6709
34570000,-0.025830,0.009638,0.017063,0.0289,-0.0020,-9.6410
34580000,-0.020456,0.009726,0.022091,0.0045,0.1006,-9.5339
34590000,-0.020993,0.011372,0.018901,0.0452,0.0086,-9.6410
34600000,-0.021146,0.006746,0.023247,0.0814,-0.0207,-9.6387
34610000,-0.023090,0.007301,0.019404,0.0030,0.0622,-9.5406
34620000,-0.021875,0.008549,0.017608,-0.1367,-0.0051,-9.6191
34630000,-0.021149,0.017170,0.018545,0.0952,0.0049,-9.5850
34640000,-0.020131,0.011698,0.016998,0.0533,-0.2311,-9.6579
34650000,-0.022739,0.012951,0.021346,-0.0657,0.0294,-9.5986
34660000,-0.021249,0.006382,0.019233,-0.1684,0.0132,-9.5347
34670000,-0.022834,0.008081,0.021417,-0.0338,-0.0030,-9.4757
34680000,-0.020514,0.011072,0.018495,-0.0774,0.0813,-9.8180
34690000,-0.022741,0.013096,0.018000,-0.1149,-0.0144,-9.5967
34700000,-0.021657,0.004806,0.019923,0.1230,0.0964,-9.6737
34710000,-0.025006,0.012078,0.025685,-0.1105,0.0019,-9.6307
34720000,-0.026067,0.011205,0.019928,0.1239,0.0575,-9.6790
34730000,-0.020668,0.008182,0.024005,-0.1442,0.0541,-9.6771
34740000,-0.021768,0.009719,0.020456,0.0242,-0.0242,-9.6131
34750000,-0.024287,0.009727,0.024190,0.0128,0.0422,-9.6219
34760000,-0.019198,0.010058,0.022809,0.0269,0.1000,-9.6962
34770000,-0.024095,0.009145,0.021377,-0.0932,0.0701,-9.8147
34780000,-0.029600,0.008038,0.022976,-0.0109,-0.0741,-9.7432
34790000,-0.019357,0.009223,0.022734,0.0089,-0.0228,-9.6773
34800000,-0.022632,0.008066,0.022086,-0.0440,0.0621,-9.7180
34810000,-0.021706,0.010431,0.023430,0.0927,0.1440,-9.5416
34820000,-0.025691,0.010461,0.023214,-0.0236,-0.0229,-9.7688
34830000,-0.024428,0.009269,0.020190,-0.0280,0.0592,-9.6203
34840000,-0.022410,0.007014,0.022406,-0.2204,0.0130,-9.6479
34850000,-0.023552,0.011011,0.023755,-0.0733,-0.0147,-9.5157
34860000,-0.023455,0.013332,0.020573,0.0108,0.0882,-9.7372
34870000,-0.017503,0.008962,0.022319,-0.0425,-0.0112,-9.6372
34880000,-0.017819,0.006519,0.019581,-0.0020,0.0446,-9.6125
34890000,-0.021203,0.009381,0.023033,-0.0427,-0.0838,-9.6371
34900000,-0.022744,0.010454,0.023483,0.0596,0.0739,-9.6406
34910000,-0.019892,0.009299,0.021713,0.0654,0.0603,-9.6983
34920000,-0.022218,0.011474,0.021197,-0.0462,-0.1942,-9.7210
34930000,-0.021611,0.009072,0.021924,-0.1472,0.0451,-9.6111
34940000,-0.018844,0.008111,0.019876,0.0710,0.0996,-9.7214
34950000,-0.024065,0.008581,0.023585,0.0705,-0.0204,-9.6355
34960000,-0.022295,0.009973,0.021148,0.0475,0.0082,-9.7175
34970000,-0.025587,0.011397,0.021964,-0.0051,-0.0111,-9.6728
34980000,-0.024017,0.009833,0.021121,0.0291,0.0924,-9.7345
34990000,-0.019804,0.007960,0.023652,-0.0598,-0.0454,-9.4957
35000000,-0.026084,0.009475,0.023269,0.1043,-0.0002,-9.6563
35010000,-0.022900,0.009697,0.023239,0.0096,0.1219,-9.5972
35020000,-0.021885,0.007356,0.024986,-0.0521,-0.0480,-9.5483
35030000,-0.022052,0.011678,0.025707,0.0744,-0.0126,-9.6715
35040000,-0.020336,0.007555,0.024094,0.1106,0.0166,-9.6030
35050000,-0.024771,0.009466,0.021031,0.0642,-0.0494,-9.6062
35060000,-0.021796,0.011590,0.020846,-0.0283,0.0355,-9.6575
35070000,-0.024459,0.013032,0.022696,0.1335,-0.1700,-9.6546
35080000,-0.022462,0.009720,0.022522,0.0015,0.1108,-9.6514
35090000,-0.023467,0.012648,0.024120,0.0608,0.0029,-9.6502
35100000,-0.019749,0.009887,0.026433,-0.0431,0.1201,-9.7425
35110000,-0.022609,0.010107,0.023119,0.0662,-0.0233,-9.6198
35120000,-0.024329,0.011699,0.027566,0.0237,-0.0994,-9.6806
35130000,-0.022866,0.009192,0.024390,-0.0161,-0.0358,-9.7530
35140000,-0.023791,0.012954,0.024749,-0.0442,0.0544,-9.5650
35150000,-0.020746,0.010923,0.024600,0.0552,-0.0757,-9.7076
35160000,-0.024005,0.011719,0.024918,-0.0162,0.0347,-9.6606
35170000,-0.023981,0.009962,0.028561,-0.0388,-0.0204,-9.7175
35180000,-0.024113,0.007973,0.024175,-0.0123,-0.1764,-9.6156
35190000,-0.022641,0.010450,0.026112,-0.1443,0.0152,-9.7568
35200000,-0.022105,0.012916,0.022720,0.0266,0.1245,-9.7088
35210000,-0.020237,0.007777,0.025631,0.0392,0.0076,-9.7822
35220000,-0.021902,0.009210,0.021507,0.0221,0.0614,-9.6235
35230000,-0.022134,0.009043,0.025422,0.0366,0.0308,-9.5199
35240000,-0.021636,0.012081,0.023973,0.0335,0.0283,-9.6481
35250000,-0.023741,0.010268,0.026158,0.0192,-0.0427,-9.7568
35260000,-0.022776,0.014129,0.023193,0.0997,-0.1023,-9.6954
35270000,-0.026992,0.014915,0.025388,0.1054,-0.0207,-9.5669
35280000,-0.023387,0.010800,0.030703,0.0245,-0.0768,-9.6824
35290000,-0.025711,0.011503,0.023865,-0.0273,-0.0082,-9.6591
35300000,-0.023014,0.009800,0.027802,-0.0610,0.1120,-9.7594
35310000,-0.023754,0.012865,0.029472,-0.0695,-0.1325,-9.6836
35320000,-0.022439,0.007716,0.026630,0.0648,-0.0667,-9.7402
35330000,-0.025488,0.015784,0.025521,0.0078,-0.0909,-9.6715
35340000,-0.024792,0.009613,0.025619,-0.0099,-0.0294,-9.7759
35350000,-0.022441,0.011527,0.025544,-0.0052,0.0379,-9.6275
35360000,-0.023706,0.011552,0.026408,0.0177,0.0609,-9.7227
35370000,-0.023296,0.012953,0.026009,-0.1189,0.1932,-9.6537
35380000,-0.020267,0.005645,0.026389,0.1529,0.0414,-9.6830
35390000,-0.024832,0.010094,0.026769,-0.0538,0.0675,-9.5482
35400000,-0.024057,0.011313,0.026803,-0.2441,0.0468,-9.6854
35410000,-0.022639,0.007549,0.024539,0.1255,-0.0041,-9.6471
35420000,-0.026963,0.008437,0.029719,0.0435,-0.0640,-9.8190
35430000,-0.024544,0.009039,0.029108,-0.0630,0.1162,-9.6569
35440000,-0.025083,0.008320,0.024664,-0.0147,-0.1618,-9.5759
35450000,-0.026405,0.010501,0.027193,-0.0070,-0.0011,-9.6076
35460000,-0.022588,0.007486,0.028073,0.0535,0.0671,-9.5212
35470000,-0.017706,0.010513,0.027568,0.0762,0.0369,-9.7376
35480000,-0.023983,0.008778,0.028181,-0.0016,0.0182,-9.6470
35490000,-0.023482,0.010987,0.025516,-0.1903,0.0130,-9.7157
35500000,-0.023269,0.010696,0.026779,0.0385,-0.0050,-9.6945
35510000,-0.023944,0.010202,0.027097,-0.0565,-0.1604,-9.6185
35520000,-0.024086,0.011059,0.029806,0.0266,-0.0165,-9.6272
35530000,-0.024235,0.011489,0.026656,-0.0007,-0.0989,-9.7836
35540000,-0.019707,0.010940,0.027235,0.0598,-0.1554,-9.6876
35550000,-0.021924,0.010103,0.026237,0.0577,-0.0640,-9.8327
35560000,-0.021773,0.012681,0.028769,-0.1023,0.0487,-9.7933
35570000,-0.023358,0.007043,0.029157,0.0104,-0.0599,-9.6701
35580000,-0.024091,0.011100,0.025716,-0.0555,-0.1003,-9.5695
35590000,-0.022363,0.014106,0.029397,0.0631,0.0013,-9.6140
35600000,-0.021943,0.007362,0.028040,-0.1942,0.0355,-9.6363
35610000,-0.017886,0.010342,0.026943,0.1377,0.1660,-9.5371
35620000,-0.023242,0.011759,0.027939,0.0579,0.0706,-9.6443
35630000,-0.022548,0.012109,0.026441,0.2002,0.0607,-9.5691
35640000,-0.024082,0.008357,0.031283,0.1538,0.0380,-9.6212
35650000,-0.023707,0.009424,0.028136,-0.0009,0.0370,-9.6727
35660000,-0.022134,0.007904,0.024634,0.0951,0.0375,-9.7898
35670000,-0.023007,0.010177,0.030213,0.0033,0.0580,-9.7696
35680000,-0.022693,0.011951,0.025834,-0.0354,-0.0310,-9.6796
35690000,-0.020086,0.007858,0.029755,0.0393,-0.0008,-9.7595
35700000,-0.024674,0.008719,0.028510,-0.0818,-0.0299,-9.6423
35710000,-0.020529,0.010507,0.030038,-0.1242,-0.0745,-9.7654
35720000,-0.023324,0.009501,0.028545,0.0019,0.0717,-9.6785
35730000,-0.024124,0.009347,0.031727,0.0378,-0.0526,-9.5063
35740000,-0.021174,0.012679,0.027103,-0.0770,-0.1608,-9.7174
35750000,-0.018874,0.010206,0.026205,0.1619,-0.0705,-9.7776
35760000,-0.022776,0.010603,0.028122,0.1064,0.0635,-9.5601
35770000,-0.024474,0.008573,0.028556,-0.1801,-0.0842,-9.6078
35780000,-0.022126,0.011382,0.027815,0.2257,-0.0147,-9.5943
35790000,-0.022727,0.011807,0.030118,-0.1132,-0.0260,-9.7572
35800000,-0.020298,0.009469,0.029903,0.0858,0.1083,-9.5713
35810000,-0.021747,0.010085,0.031738,-0.0203,-0.0161,-9.7091
35820000,-0.022441,0.009356,0.029097,0.0557,0.0366,-9.7128
35830000,-0.023554,0.014497,0.029084,-0.1540,-0.1193,-9.5346
35840000,-0.022143,0.009369,0.030051,-0.0555,-0.0042,-9.4823
35850000,-0.023205,0.008090,0.032525,0.0788,-0.1090,-9.6934
35860000,-0.024443,0.013425,0.031255,0.0404,0.0448,-9.6925
35870000,-0.020106,0.010169,0.027257,0.0795,-0.0443,-9.8201
35880000,-0.021991,0.009088,0.030479,0.0165,0.0298,-9.6661
35890000,-0.023523,0.010506,0.029525,0.2058,-0.0950,-9.7781
35900000,-0.022957,0.011482,0.026537,0.0828,0.0997,-9.7941
35910000,-0.020915,0.007053,0.027324,0.1494,0.0211,-9.7022
35920000,-0.021773,0.010224,0.027640,0.1339,0.0647,-9.6924
35930000,-0.022035,0.011167,0.029486,0.0493,-0.0509,-9.6124
35940000,-0.022687,0.010626,0.030859,-0.0811,-0.0707,-9.5702
35950000,-0.021463,0.012549,0.029097,-0.0144,-0.0957,-9.7066
35960000,-0.023570,0.009363,0.030476,0.0410,-0.0218,-9.5884
35970000,-0.025437,0.011151,0.030253,0.0975,0.0195,-9.6322
35980000,-0.020224,0.009048,0.028678,-0.0123,0.0214,-9.6673
35990000,-0.022258,0.009583,0.033941,-0.0533,0.1119,-9.5487
36000000,-0.019288,0.009198,0.032263,-0.0476,0.1279,-9.5520
36010000,-0.020233,0.009395,0.029411,0.0137,-0.0166,-9.6377
36020000,-0.020530,0.008603,0.030042,-0.0200,-0.0126,-9.6705
36030000,-0.021126,0.008949,0.030560,-0.0740,0.0574,-9.6217
36040000,-0.023722,0.009556,0.030739,-0.0676,-0.0590,-9.6339
36050000,-0.018764,0.010202,0.030364,0.0214,-0.0399,-9.7688
36060000,-0.021615,0.011920,0.032659,0.1226,0.0229,-9.7719
36070000,-0.020261,0.010825,0.032021,0.0616,0.0421,-9.7334
36080000,-0.021334,0.011969,0.031396,0.0026,-0.0077,-9.6595
36090000,-0.021391,0.006443,0.034617,0.0216,-0.0182,-9.6092
36100000,-0.024389,0.007698,0.033131,0.1014,0.0280,-9.7986
36110000,-0.018306,0.004931,0.031982,-0.0816,-0.0107,-9.4124
36120000,-0.017230,0.008630,0.032467,-0.0730,0.2315,-9.5640
36130000,-0.017663,0.013669,0.031036,-0.0632,-0.2204,-9.7920
36140000,-0.019161,0.011231,0.027582,0.0012,0.1079,-9.6077
36150000,-0.020185,0.010975,0.031888,0.0078,0.1079,-9.7474
36160000,-0.018231,0.012452,0.034310,-0.0516,-0.0641,-9.6926
36170000,-0.021146,0.010076,0.031353,-0.0490,-0.1056,-9.5510
36180000,-0.018933,0.009464,0.032113,-0.0082,-0.1720,-9.7013
36190000,-0.021901,0.009957,0.033557,0.0248,0.1128,-9.6144
36200000,-0.018228,0.008555,0.035712,0.0528,0.1378,-9.6461
36210000,-0.021433,0.006420,0.028976,-0.0797,0.0517,-9.6896
36220000,-0.018416,0.010475,0.033206,-0.0656,0.1420,-9.6091
36230000,-0.021093,0.011020,0.033423,-0.0278,-0.0262,-9.7003
36240000,-0.020718,0.008485,0.032983,-0.0037,0.0987,-9.8558
36250000,-0.022466,0.010178,0.032428,0.0455,0.0682,-9.6171
36260000,-0.022868,0.011144,0.031859,-0.0129,-0.0932,-9.8409
36270000,-0.023375,0.013716,0.033792,0.0304,0.0331,-9.6594
36280000,-0.020996,0.007170,0.035981,0.0286,-0.0132,-9.5611
36290000,-0.020142,0.011558,0.030255,0.0190,-0.0047,-9.6550
36300000,-0.018300,0.011611,0.033770,-0.0312,0.0364,-9.6592
36310000,-0.018888,0.012810,0.032668,-0.0538,0.0048,-9.5909
36320000,-0.020123,0.007371,0.032624,0.0624,0.0073,-9.8174
36330000,-0.015628,0.009609,0.032363,-0.0038,0.0456,-9.7750
36340000,-0.017991,0.013261,0.034656,0.0069,-0.0393,-9.7145
36350000,-0.018234,0.010114,0.033163,0.0778,-0.0419,-9.6912
36360000,-0.018322,0.010197,0.033015,-0.0262,-0.0518,-9.4705
36370000,-0.017354,0.012336,0.034089,0.0411,0.0330,-9.6927
36380000,-0.020689,0.007224,0.033593,0.0368,0.1464,-9.6307
36390000,-0.018234,0.015735,0.035130,-0.0293,0.0564,-9.6931
36400000,-0.015841,0.009918,0.037378,-0.0936,-0.0314,-9.5924
36410000,-0.022455,0.008841,0.036106,-0.0874,-0.0728,-9.7625
36420000,-0.021026,0.008962,0.033806,0.0953,0.0897,-9.6679
36430000,-0.019821,0.010357,0.035157,0.0445,0.0101,-9.6695
36440000,-0.018757,0.009974,0.034629,-0.0694,0.0140,-9.6138
36450000,-0.018114,0.009854,0.033198,-0.0802,0.1073,-9.5804
36460000,-0.019676,0.011671,0.033915,0.1293,0.1158,-9.6595
36470000,-0.019897,0.010294,0.038349,0.0190,0.1226,-9.6501
36480000,-0.018578,0.013490,0.036881,-0.0076,-0.1002,-9.6264
36490000,-0.018946,0.010881,0.035405,-0.0681,-0.1014,-9.6739
36500000,-0.017103,0.010786,0.036105,-0.0748,0.1438,-9.6823
36510000,-0.021963,0.012509,0.031755,0.0269,0.0086,-9.7611
36520000,-0.020899,0.010933,0.033797,-0.0439,-0.1041,-9.6803
36530000,-0.018987,0.008856,0.030086,0.0517,0.0273,-9.6000
36540000,-0.019982,0.007532,0.032125,-0.0742,0.0048,-9.6281
36550000,-0.021128,0.008345,0.035044,-0.0496,-0.0789,-9.8172
36560000,-0.019063,0.009939,0.035775,0.1207,0.0406,-9.5780
36570000,-0.017627,0.010326,0.036546,0.0583,-0.1006,-9.6700
36580000,-0.021715,0.009999,0.037103,0.1282,0.1087,-9.6970
36590000,-0.023011,0.007736,0.036698,-0.0276,-0.0660,-9.6813
36600000,-0.021899,0.007391,0.037660,-0.0488,0.1320,-9.6636
36610000,-0.021108,0.013555,0.034815,-0.0658,-0.0969,-9.7555
36620000,-0.020777,0.008697,0.031500,0.0174,0.0716,-9.8272
36630000,-0.018987,0.009644,0.036454,-0.1613,-0.0900,-9.6408
36640000,-0.023084,0.009218,0.040361,0.0532,-0.0008,-9.7347
36650000,-0.022451,0.012129,0.035139,0.0169,-0.0327,-9.7294
36660000,-0.018745,0.012242,0.035530,-0.0776,0.1519,-9.6957
36670000,-0.018468,0.007138,0.037103,-0.1139,-0.0070,-9.8647
36680000,-0.020052,0.008961,0.034210,0.0222,0.0388,-9.7388
36690000,-0.018094,0.008752,0.038850,0.0286,-0.0445,-9.7392
36700000,-0.019302,0.008340,0.036505,0.1172,-0.0830,-9.5429
36710000,-0.017652,0.009526,0.036776,0.0570,0.0505,-9.5272
36720000,-0.020264,0.009437,0.039613,-0.0576,-0.0529,-9.6634
36730000,-0.018646,0.006228,0.038040,-0.0376,-0.0565,-9.7173
36740000,-0.019701,0.011261,0.034962,0.0936,0.1047,-9.8293
36750000,-0.015846,0.011287,0.035233,0.0321,-0.1095,-9.7128
36760000,-0.019697,0.008964,0.036788,0.0930,0.0155,-9.6647
36770000,-0.018881,0.011936,0.036122,0.0514,-0.0278,-9.6907
36780000,-0.019207,0.010178,0.037910,-0.0321,-0.0346,-9.8506
36790000,-0.022637,0.010403,0.038080,-0.0300,0.0836,-9.6570
36800000,-0.019917,0.007507,0.041217,-0.1093,-0.0245,-9.7173
36810000,-0.022589,0.008638,0.035810,0.0547,0.0478,-9.5950
36820000,-0.016828,0.009173,0.041276,0.0079,-0.0225,-9.7128
36830000,-0.019562,0.009518,0.037995,-0.0636,0.0339,-9.5745
36840000,-0.014791,0.011947,0.039690,-0.0920,0.1818,-9.6957
36850000,-0.020291,0.007707,0.036006,0.0304,0.1696,-9.6934
36860000,-0.021834,0.007059,0.037409,0.0885,0.0483,-9.7167
36870000,-0.018140,0.008174,0.038054,-0.0593,-0.0082,-9.6216
36880000,-0.015491,0.012933,0.039711,-0.1435,-0.0895,-9.7266
36890000,-0.016871,0.010282,0.034023,-0.1199,-0.0268,-9.5763
36900000,-0.021773,0.011340,0.038159,0.0104,0.0606,-9.6862
36910000,-0.020854,0.009223,0.036550,-0.0541,-0.0289,-9.5771
36920000,-0.018615,0.009929,0.039818,-0.0029,-0.0866,-9.6489
36930000,-0.022313,0.011122,0.036924,0.1155,0.0107,-9.7933
36940000,-0.021351,0.007089,0.037106,0.0407,0.0616,-9.6524
36950000,-0.021395,0.007936,0.041795,0.1256,0.0547,-9.7362
36960000,-0.021766,0.007644,0.040020,-0.0046,0.0444,-9.7117
36970000,-0.017630,0.005744,0.037265,-0.0331,0.0247,-9.5950
36980000,-0.020956,0.010393,0.037407,0.0009,-0.0944,-9.6830
36990000,-0.017286,0.010560,0.037697,0.1258,-0.0106,-9.7658
37000000,-0.016056,0.010095,0.039498,0.0513,-0.0913,-9.5726
37010000,-0.018731,0.008619,0.038644,0.0656,0.0155,-9.7446
37020000,-0.016562,0.010661,0.035097,0.0428,-0.0299,-9.6699
37030000,-0.016013,0.006101,0.034797,-0.1092,-0.0103,-9.7733
37040000,-0.017725,0.012126,0.038443,0.2334,0.1082,-9.6258
37050000,-0.016218,0.008567,0.037080,-0.0757,0.0403,-9.6719
37060000,-0.019796,0.009510,0.036088,-0.0361,-0.1582,-9.5595
37070000,-0.017952,0.007307,0.037324,-0.0320,-0.0851,-9.5981
37080000,-0.019222,0.006282,0.040815,0.0030,0.0202,-9.7227
37090000,-0.017076,0.009435,0.038365,-0.0803,0.0278,-9.7933
37100000,-0.018472,0.009392,0.039225,0.0895,-0.0728,-9.5251
37110000,-0.018429,0.013411,0.039614,-0.0869,-0.0039,-9.7260
37120000,-0.021023,0.013105,0.040127,0.0879,-0.0059,-9.5468
37130000,-0.017782,0.011015,0.038951,0.0529,0.1710,-9.6901
37140000,-0.020277,0.009425,0.040689,0.0741,-0.0239,-9.5598
37150000,-0.018586,0.009418,0.038651,0.0253,-0.0651,-9.6510
37160000,-0.018029,0.007636,0.039334,0.1279,0.0108,-9.7738
37170000,-0.020042,0.010476,0.040700,0.0713,-0.0903,-9.7282
37180000,-0.013883,0.005966,0.043184,0.0096,-0.1512,-9.6829
37190000,-0.015501,0.008911,0.042774,-0.0336,-0.0351,-9.5164
37200000,-0.013170,0.009386,0.041235,-0.0748,-0.0020,-9.6561
37210000,-0.017990,0.009947,0.040527,-0.2067,-0.0789,-9.5711
37220000,-0.017709,0.010021,0.036928,-0.0260,0.0403,-9.8469
37230000,-0.013308,0.005609,0.038364,0.0319,-0.1216,-9.6150
37240000,-0.015824,0.010471,0.039190,-0.1005,-0.0411,-9.7223
37250000,-0.013843,0.005671,0.040671,-0.0250,0.1456,-9.7899
37260000,-0.021830,0.009523,0.039278,0.0110,-0.0804,-9.5749
37270000,-0.015788,0.009739,0.042811,0.0376,0.0320,-9.7135
37280000,-0.015215,0.005361,0.040185,0.0841,0.0749,-9.6212
37290000,-0.016683,0.009694,0.042031,0.0220,0.1299,-9.6966
37300000,-0.019571,0.008701,0.044245,0.0676,0.0484,-9.6668
37310000,-0.015616,0.004138,0.039954,-0.0278,-0.1005,-9.5787
37320000,-0.017172,0.007355,0.040110,0.0214,0.0589,-9.5091
37330000,-0.013213,0.009829,0.040820,0.0157,-0.0281,-9.7309
37340000,-0.019077,0.012311,0.039862,-0.0400,-0.0010,-9.6462
37350000,-0.012901,0.009885,0.040750,-0.0951,-0.0774,-9.5090
37360000,-0.015714,0.009274,0.041365,0.0407,-0.0967,-9.7266
37370000,-0.016879,0.007887,0.041268,-0.0184,0.0138,-9.6880
37380000,-0.018093,0.007165,0.041242,-0.0012,0.0127,-9.6647
37390000,-0.014534,0.010707,0.040589,-0.1447,0.0061,-9.5766
37400000,-0.016467,0.009958,0.042098,-0.1293,0.0198,-9.7501
37410000,-0.018257,0.010672,0.045548,0.0754,-0.0585,-9.5593
37420000,-0.018114,0.007630,0.038986,0.0904,0.0332,-9.7671
37430000,-0.017480,0.009112,0.040920,0.1051,0.0818,-9.6728
37440000,-0.016483,0.009508,0.039644,0.1507,-0.1188,-9.7380
37450000,-0.015694,0.006370,0.043816,0.0154,0.0100,-9.6623
37460000,-0.012315,0.009642,0.039917,0.0375,0.1620,-9.6854
37470000,-0.013732,0.013865,0.042494,0.0551,0.0609,-9.6825
37480000,-0.010988,0.009123,0.039641,0.1130,0.1013,-9.6339
37490000,-0.013271,0.007260,0.038283,0.0217,0.0857,-9.7760
37500000,-0.014303,0.011942,0.042896,0.0385,0.0254,-9.5137
37510000,-0.019048,0.009539,0.043463,-0.0327,-0.0473,-9.7598
37520000,-0.016119,0.010233,0.045961,0.0570,-0.1215,-9.6070
37530000,-0.012539,0.009649,0.040019,0.1317,0.0606,-9.5909
37540000,-0.016613,0.007500,0.045037,0.0334,-0.1031,-9.6720
37550000,-0.013100,0.008442,0.040818,0.0995,-0.0717,-9.6905
37560000,-0.019056,0.012305,0.044975,0.1196,0.0075,-9.6943
37570000,-0.009841,0.007959,0.042623,-0.0045,0.0715,-9.6346
37580000,-0.013738,0.008332,0.045175,-0.1852,0.0309,-9.5555
37590000,-0.014196,0.008070,0.040280,0.0135,0.0420,-9.6439
37600000,-0.021026,0.007951,0.042383,0.0339,0.1254,-9.5759
37610000,-0.013475,0.005826,0.041051,0.0403,0.0188,-9.7748
37620000,-0.015062,0.006031,0.042167,0.0368,-0.0688,-9.7982
37630000,-0.014480,0.006771,0.043778,0.0227,0.0418,-9.6265
37640000,-0.017275,0.008910,0.046296,0.1382,0.0329,-9.7008
37650000,-0.013556,0.009826,0.044831,0.0280,-0.1324,-9.5700
37660000,-0.016598,0.004412,0.044036,-0.1032,-0.1130,-9.6027
37670000,-0.015834,0.007068,0.043378,-0.1134,-0.0245,-9.6407
37680000,-0.014374,0.010610,0.043811,0.0226,0.1064,-9.6315
37690000,-0.016019,0.009978,0.045083,0.0303,0.1185,-9.7567
37700000,-0.010965,0.011324,0.044521,-0.0239,-0.0309,-9.7467
37710000,-0.013000,0.008538,0.043944,-0.0145,-0.1250,-9.6663
37720000,-0.013296,0.009716,0.046571,-0.0315,-0.0224,-9.7539
37730000,-0.017379,0.004764,0.043041,-0.0310,0.0145,-9.6984
37740000,-0.016204,0.005825,0.045601,0.0676,-0.1361,-9.5964
37750000,-0.014745,0.009307,0.045390,0.0032,0.0700,-9.7626
37760000,-0.012265,0.007028,0.045077,0.0025,-0.0439,-9.7886
37770000,-0.012835,0.010365,0.045851,-0.1286,-0.0900,-9.6647
37780000,-0.011106,0.007545,0.052003,-0.1868,0.1080,-9.7770
37790000,-0.012817,0.007255,0.046865,-0.0713,-0.0122,-9.6745
37800000,-0.015990,0.009196,0.046697,-0.0988,-0.1402,-9.7542
37810000,-0.014343,0.005995,0.044831,-0.0058,-0.0876,-9.6705
37820000,-0.012268,0.007929,0.048180,0.0729,0.0727,-9.6725
37830000,-0.014556,0.009743,0.047250,0.0416,-0.1153,-9.5870
37840000,-0.013636,0.006086,0.049110,0.0415,-0.0423,-9.6453
37850000,-0.016692,0.006123,0.046617,-0.1062,0.0256,-9.7549
37860000,-0.012893,0.008889,0.045951,0.0606,-0.0429,-9.7883
37870000,-0.012550,0.010011,0.048803,-0.0064,0.0792,-9.7618
37880000,-0.011521,0.005339,0.043742,0.0521,0.0294,-9.6049
37890000,-0.014829,0.006679,0.047696,-0.0778,0.0985,-9.6797
37900000,-0.011804,0.006027,0.046151,0.0087,-0.0456,-9.6794
37910000,-0.010440,0.006179,0.044161,-0.0277,-0.1013,-9.7623
37920000,-0.011491,0.007350,0.044258,-0.0848,0.0052,-9.6730
37930000,-0.017026,0.007233,0.048633,0.0417,0.1409,-9.7739
37940000,-0.010516,0.009257,0.048395,-0.0179,0.0344,-9.5894
37950000,-0.013367,0.004873,0.049368,-0.0276,-0.0962,-9.7573
37960000,-0.015265,0.005727,0.046298,-0.2147,0.0165,-9.6901
37970000,-0.012328,0.007768,0.048655,0.0084,0.0146,-9.6494
37980000,-0.012662,0.012399,0.045100,-0.0635,0.1038,-9.7984
37990000,-0.015364,0.005511,0.048053,-0.0583,-0.0159,-9.7027
38000000,-0.013229,0.009183,0.048100,0.0245,0.0389,-9.7609
38010000,-0.012433,0.005569,0.046918,0.0532,0.0913,-9.6919
38020000,-0.013313,0.007169,0.044893,-0.0121,0.0162,-9.5471
38030000,-0.011439,0.009081,0.047369,0.0662,-0.0818,-9.6147
38040000,-0.012277,0.004053,0.047664,-0.0772,-0.0739,-9.6970
38050000,-0.012027,0.006978,0.044163,0.0142,-0.0456,-9.7050
38060000,-0.014545,0.007307,0.047555,-0.0319,-0.0064,-9.7345
38070000,-0.008732,0.007080,0.044616,-0.1144,-0.0708,-9.6895
38080000,-0.013082,0.009383,0.049183,0.2074,0.0505,-9.7653
38090000,-0.017189,0.005778,0.047181,-0.0173,-0.0582,-9.6695
38100000,-0.014935,0.009066,0.048126,-0.1316,0.0693,-9.6252
38110000,-0.013407,0.008491,0.048398,0.0690,-0.0640,-9.5107
38120000,-0.010910,0.005482,0.046306,0.0276,0.0442,-9.8591
38130000,-0.010567,0.006310,0.046601,-0.0864,-0.0464,-9.7518
38140000,-0.009521,0.007641,0.049932,-0.0010,0.0103,-9.5886
38150000,-0.011063,0.002011,0.047530,-0.1309,0.0378,-9.7161
38160000,-0.015427,0.007718,0.047804,0.0317,0.0081,-9.6885
38170000,-0.010653,0.004513,0.046418,-0.1006,-0.1204,-9.6689
38180000,-0.010908,0.006979,0.046819,-0.0280,0.0268,-9.5912
38190000,-0.011984,0.004762,0.048464,0.0124,0.0323,-9.6937
38200000,-0.011559,0.008712,0.052287,-0.0252,0.0923,-9.6107
38210000,-0.012695,0.005436,0.050365,0.0701,-0.0853,-9.6848
38220000,-0.009963,0.010797,0.045845,-0.0419,0.0600,-9.5796
38230000,-0.013322,0.009789,0.044034,0.1287,-0.0302,-9.7746
38240000,-0.014242,0.006339,0.051700,0.1010,0.0500,-9.5966
38250000,-0.009640,0.007204,0.049670,0.0550,0.1077,-9.6399
38260000,-0.008902,0.008773,0.046692,-0.1007,0.0195,-9.7187
38270000,-0.008666,0.009201,0.046755,-0.0364,0.1923,-9.7254
38280000,-0.012864,0.003299,0.052576,-0.1165,-0.0025,-9.6760
38290000,-0.014300,0.008366,0.048551,-0.2138,0.0456,-9.7209
38300000,-0.012923,0.007811,0.049665,0.0685,-0.1279,-9.7044
38310000,-0.009277,0.008239,0.048463,0.0575,-0.0861,-9.5334
38320000,-0.011047,0.003425,0.050063,-0.0557,-0.0489,-9.7405
38330000,-0.008638,0.008764,0.047300,0.0782,-0.0264,-9.6377
38340000,-0.011735,0.008591,0.047380,-0.0502,0.0704,-9.6255
38350000,-0.009265,0.005336,0.048475,-0.0706,0.0608,-9.7726
38360000,-0.010812,0.012318,0.050658,0.0599,-0.0287,-9.7149
38370000,-0.011182,0.005463,0.049293,-0.0027,0.1267,-9.7663
38380000,-0.006318,0.007138,0.046605,-0.0405,-0.0650,-9.6267
38390000,-0.009744,0.007449,0.053273,-0.1413,0.1219,-9.6962
38400000,-0.007792,0.006201,0.046791,-0.0335,-0.0684,-9.8382
38410000,-0.009446,0.007300,0.046643,0.0376,0.0545,-9.6357
38420000,-0.010333,0.008443,0.048343,0.0429,0.0284,-9.5066
38430000,-0.011124,0.002691,0.051723,0.0189,0.0400,-9.5584
38440000,-0.009603,0.006830,0.045237,-0.0184,0.0450,-9.8155
38450000,-0.009262,0.003156,0.052114,0.0076,0.1222,-9.6540
38460000,-0.008829,0.005906,0.050036,-0.0011,0.1219,-9.6966
38470000,-0.008395,0.005435,0.053518,0.0203,-0.0525,-9.6606
38480000,-0.010178,0.005391,0.047846,0.1715,-0.0192,-9.7394
38490000,-0.010371,0.006863,0.052515,-0.0002,-0.0854,-9.5835
38500000,-0.009009,0.007406,0.052561,-0.0506,-0.0808,-9.7688
38510000,-0.010533,0.001252,0.045842,0.0012,-0.0006,-9.5757
38520000,-0.008832,0.003541,0.046851,0.0026,-0.0938,-9.7578
38530000,-0.009161,0.007833,0.051290,0.0134,-0.1346,-9.7102
38540000,-0.009950,0.005528,0.049811,-0.1212,-0.0277,-9.7559
38550000,-0.007836,0.002781,0.048682,0.0217,0.0321,-9.5895
38560000,-0.008193,0.004629,0.047384,0.0356,-0.0425,-9.7324
38570000,-0.010585,0.007334,0.048833,0.1732,0.0709,-9.7736
38580000,-0.007736,0.007822,0.051894,0.0255,-0.1466,-9.5894
38590000,-0.011676,0.005649,0.054204,0.0792,-0.0472,-9.7014
38600000,-0.008843,0.007428,0.049346,0.0170,-0.0001,-9.7036
38610000,-0.010997,0.007293,0.056523,0.0050,-0.0150,-9.5664
38620000,-0.009559,0.002720,0.052070,-0.0256,0.0713,-9.6695
38630000,-0.010667,0.007032,0.049747,-0.0168,-0.0744,-9.6404
38640000,-0.010302,0.004591,0.049543,0.0697,0.0824,-9.7090
38650000,-0.009498,0.001887,0.051073,0.0856,-0.0648,-9.7524
38660000,-0.010574,0.006880,0.051822,-0.1205,-0.1206,-9.6458
38670000,-0.007887,0.006514,0.053232,0.0627,0.0708,-9.7863
38680000,-0.006176,0.007695,0.053874,0.0630,-0.1233,-9.7897
38690000,-0.006256,0.005467,0.050700,0.0577,0.0742,-9.7575
38700000,-0.006668,0.008508,0.052630,0.0425,0.0317,-9.5883
38710000,-0.006977,0.006818,0.052853,0.0692,-0.1045,-9.7029
38720000,-0.006192,0.004416,0.053215,0.0165,-0.0443,-9.6826
38730000,-0.003404,0.004610,0.051888,-0.0461,0.0219,-9.6029
38740000,-0.007842,0.000815,0.051338,-0.0022,0.0300,-9.5700
38750000,-0.008123,0.006533,0.049941,0.0043,-0.0964,-9.6431
38760000,-0.008129,0.008128,0.054356,-0.0284,-0.0512,-9.6687
38770000,-0.008590,0.008667,0.050512,-0.0648,0.0620,-9.7564
38780000,-0.010459,0.004952,0.049097,-0.0707,0.0569,-9.6036
38790000,-0.006351,0.010693,0.051296,0.0375,-0.0922,-9.6472
38800000,-0.008670,0.005196,0.052547,-0.0959,-0.0269,-9.7974
38810000,-0.006171,0.007233,0.052233,0.1021,0.0561,-9.6965
38820000,-0.007321,0.001712,0.054616,0.0353,-0.0096,-9.6280
38830000,-0.008522,0.005481,0.050625,-0.0077,0.0505,-9.7046
38840000,-0.008193,0.005189,0.051522,0.0895,0.0098,-9.6376
38850000,-0.008317,0.004102,0.054251,-0.0940,-0.0688,-9.6102
38860000,-0.006046,0.005614,0.052101,0.0058,0.1495,-9.8081
38870000,-0.009883,0.005824,0.051350,-0.0018,-0.0309,-9.5633
38880000,-0.007665,0.005614,0.056000,-0.0015,-0.1187,-9.7468
38890000,-0.005781,0.005587,0.051160,-0.0397,-0.0578,-9.6663
38900000,-0.008678,0.002631,0.052639,-0.0893,-0.0213,-9.6262
38910000,-0.006008,0.003955,0.055663,-0.1571,-0.0353,-9.5707
38920000,-0.007189,0.008314,0.053332,0.0564,-0.1491,-9.6717
38930000,-0.008576,0.002779,0.051787,0.0186,0.0333,-9.6136
38940000,-0.004936,0.002654,0.048788,0.0633,-0.0096,-9.6211
38950000,-0.009149,0.002089,0.055588,0.1529,-0.0826,-9.5559
38960000,-0.004669,0.004252,0.055529,-0.1033,-0.0264,-9.7227
38970000,-0.007691,0.006885,0.056153,-0.0551,-0.0549,-9.7037
38980000,-0.007103,0.002621,0.052605,-0.0556,-0.0923,-9.7817
38990000,-0.005378,0.005889,0.053437,-0.0583,-0.0824,-9.7067
39000000,-0.003843,0.008481,0.051062,-0.0206,0.0482,-9.6826
39010000,-0.005475,0.006919,0.052780,-0.0269,-0.0446,-9.6888
39020000,-0.007132,0.005983,0.055088,0.0263,-0.0244,-9.6347
39030000,-0.005144,0.002707,0.053671,0.1230,0.1051,-9.7753
39040000,-0.001442,0.003397,0.056677,0.0562,-0.0005,-9.6438
39050000,-0.004388,0.004814,0.055365,-0.1453,0.0509,-9.6786
39060000,-0.006027,0.008706,0.052092,0.0097,0.0927,-9.7000
39070000,-0.007540,0.003528,0.053734,0.0952,0.0965,-9.6478
39080000,-0.002436,0.004643,0.057211,-0.0376,-0.0259,-9.7367
39090000,-0.006551,0.005166,0.052650,0.0282,0.0267,-9.7878
39100000,-0.006423,0.005085,0.056843,0.2087,-0.1538,-9.6423
39110000,-0.003468,0.000891,0.054684,-0.0384,-0.0660,-9.7088
39120000,-0.007434,0.002612,0.053178,-0.0083,0.0599,-9.6843
39130000,-0.005596,0.002859,0.055180,0.0311,0.0382,-9.6664
39140000,-0.004067,0.007301,0.054552,-0.0239,0.0285,-9.6200
39150000,-0.004281,0.004404,0.054374,0.0927,0.1165,-9.5517
39160000,-0.003310,0.003111,0.050596,-0.0324,-0.0092,-9.7576
39170000,-0.004729,0.005742,0.057060,-0.2019,-0.0140,-9.7755
39180000,-0.005113,0.001142,0.053005,-0.0328,0.0434,-9.8083
39190000,-0.007462,0.003409,0.057748,0.0265,0.1112,-9.7375
39200000,-0.007151,0.005261,0.055605,0.0548,-0.1495,-9.6495
39210000,-0.004717,0.005464,0.052362,-0.0164,-0.0183,-9.6754
39220000,-0.004964,0.007055,0.056825,0.0124,-0.0380,-9.7935
39230000,-0.003135,0.000648,0.055681,0.1544,-0.0904,-9.5994
39240000,-0.008955,0.003734,0.056342,-0.1164,-0.1070,-9.6256
39250000,-0.004773,0.003450,0.053366,-0.1285,0.0332,-9.7061
39260000,-0.003933,0.003407,0.054181,-0.0006,0.0132,-9.6323
39270000,-0.004767,0.004289,0.052837,-0.0519,-0.1919,-9.6914
39280000,-0.003700,0.008994,0.056626,0.1893,0.1093,-9.8035
39290000,-0.005622,0.003333,0.059852,-0.0646,-0.0171,-9.5580
39300000,-0.002520,0.002121,0.054530,-0.0758,0.0006,-9.5290
39310000,-0.004520,0.003537,0.056744,0.0231,0.0036,-9.6740
39320000,-0.005346,0.002484,0.056585,-0.0121,-0.0035,-9.6920
39330000,-0.004798,0.005520,0.058771,-0.0139,0.0482,-9.7035
39340000,-0.005760,0.005271,0.056284,0.0065,0.0707,-9.7168
39350000,-0.002343,0.006243,0.058728,-0.0405,-0.1246,-9.7326
39360000,-0.006183,0.004149,0.054560,-0.0660,0.0224,-9.6165
39370000,-0.004450,0.002936,0.056879,0.1454,0.1000,-9.7284
39380000,-0.006929,0.008390,0.054622,-0.0032,-0.1109,-9.8297
39390000,-0.002723,0.002227,0.056820,0.0276,0.0367,-9.8178
39400000,-0.004180,0.000098,0.058070,0.0032,-0.0688,-9.6696
39410000,0.000011,0.005945,0.056070,0.0343,-0.0584,-9.7522
39420000,-0.001978,0.003220,0.057988,-0.0964,-0.0416,-9.4939
39430000,-0.004713,0.004768,0.057882,0.0551,0.0288,-9.6880
39440000,-0.003391,0.005295,0.056904,-0.0023,-0.0257,-9.7898
39450000,0.002351,0.004730,0.057391,0.0936,-0.0341,-9.7373
39460000,-0.002654,0.000390,0.053515,-0.0376,0.0280,-9.7912
39470000,-0.005673,0.000028,0.057569,-0.0132,0.1382,-9.5494
39480000,-0.003516,0.004054,0.057827,0.0171,-0.0951,-9.7210
39490000,-0.003679,0.001112,0.056119,0.0176,-0.0620,-9.6269
39500000,-0.000193,0.001414,0.053463,0.1684,0.0596,-9.6162
39510000,-0.000734,0.001557,0.058146,0.0266,0.0390,-9.6554
39520000,0.000756,0.002910,0.055652,-0.0330,-0.1149,-9.7436
39530000,-0.004103,0.002726,0.059322,-0.0334,-0.0139,-9.5205
39540000,-0.001609,0.001269,0.057609,-0.1545,0.0651,-9.5528
39550000,-0.000195,0.002126,0.057463,0.0800,0.0461,-9.6261
39560000,-0.003962,0.005020,0.055707,0.0420,0.0521,-9.7316
39570000,-0.002396,0.003926,0.053215,-0.0588,-0.0366,-9.6401
39580000,0.003693,0.000229,0.055881,0.0562,0.2070,-9.7095
39590000,-0.004742,0.004074,0.058692,0.0888,-0.0652,-9.6283
39600000,-0.005817,0.002910,0.059021,0.0756,-0.0310,-9.6640
39610000,0.001224,0.002584,0.058404,-0.0667,0.1117,-9.6542
39620000,-0.001019,0.006029,0.059423,0.0593,-0.0113,-9.8133
39630000,-0.001674,-0.002439,0.059822,0.1883,-0.1206,-9.7405
39640000,-0.001046,-0.000328,0.061314,0.1377,0.0348,-9.6477
39650000,-0.004144,0.003585,0.058216,0.0498,-0.0124,-9.6173
39660000,-0.003500,0.001486,0.057660,0.0759,0.0126,-9.7985
39670000,-0.001845,0.001318,0.061882,-0.0245,-0.0706,-9.7467
39680000,0.001374,0.000096,0.059766,-0.0343,-0.0043,-9.5999
39690000,-0.000767,0.003018,0.056858,0.0657,0.1100,-9.6153
39700000,-0.001542,0.000756,0.056422,0.0127,0.1365,-9.7318
39710000,0.002134,0.000133,0.057242,-0.0336,-0.0461,-9.6721
39720000,-0.000143,0.003946,0.059040,-0.1038,0.0550,-9.5958
39730000,0.000397,-0.000822,0.059511,-0.0240,-0.0436,-9.7067
39740000,-0.003407,0.002307,0.055194,0.0232,0.0108,-9.8751
39750000,-0.003941,0.003117,0.058498,0.0069,0.0961,-9.8590
39760000,-0.004774,0.003694,0.061352,0.1005,-0.1158,-9.7307
39770000,-0.002957,0.004954,0.058998,-0.0003,-0.1020,-9.6302
39780000,-0.001279,0.004443,0.055965,0.0332,0.0290,-9.7230
39790000,-0.002735,0.001580,0.059962,0.1092,-0.0689,-9.6853
39800000,0.002165,-0.000451,0.060324,-0.0431,-0.0306,-9.7144
39810000,-0.001676,0.004359,0.055128,0.1214,0.0050,-9.6711
39820000,-0.002944,0.000906,0.056904,-0.0035,-0.0036,-9.6811
39830000,0.001328,0.001239,0.060732,-0.0279,0.0089,-9.5795
39840000,-0.001984,-0.002126,0.056912,0.0095,0.0519,-9.7124
39850000,0.001778,0.004849,0.061725,0.1541,-0.0773,-9.7646
39860000,0.002731,0.002086,0.060576,0.0124,0.1331,-9.7258
39870000,0.001828,0.001723,0.057434,0.0056,-0.0233,-9.5520
39880000,0.001986,0.001657,0.058919,0.0193,0.0353,-9.7332
39890000,0.000238,0.003004,0.056793,0.0841,0.0246,-9.7605
39900000,-0.001281,0.003061,0.060437,-0.0755,-0.0219,-9.6419
39910000,0.002118,-0.000156,0.061184,-0.0296,-0.0991,-9.7669
39920000,0.002855,0.004366,0.059660,-0.0027,0.0338,-9.5725
39930000,-0.002876,0.000348,0.060844,-0.0651,-0.0936,-9.6430
39940000,-0.000770,0.003256,0.062884,0.1518,-0.0425,-9.5996
39950000,0.003460,0.003201,0.060361,-0.0442,0.0004,-9.6985
39960000,0.003746,0.003149,0.055196,0.0465,-0.0930,-9.6191
39970000,-0.001929,0.000374,0.061497,-0.0519,0.0081,-9.6986
39980000,-0.002501,0.000029,0.061250,-0.1027,-0.0451,-9.6674
39990000,0.000266,-0.000701,0.058615,-0.0964,-0.1096,-9.6507
40000000,0.003558,0.000571,0.057629,-0.0923,-0.0740,-9.6768
40010000,0.002576,0.000861,0.058048,0.0430,-0.0661,-9.8184
40020000,0.004259,-0.004470,0.063819,0.0159,0.0562,-9.6513
40030000,0.003871,-0.003416,0.060637,0.0244,-0.0697,-9.7213
40040000,0.015281,-0.005782,0.058753,-0.0099,-0.0946,-9.7264
40050000,0.014110,-0.009063,0.062321,-0.0831,0.0402,-9.6799
40060000,0.016399,-0.010749,0.062822,-0.0024,0.0981,-9.6658
40070000,0.019538,-0.009430,0.062367,-0.0367,-0.1269,-9.7885
40080000,0.019294,-0.014277,0.065106,0.0275,0.0001,-9.8557
40090000,0.022279,-0.017536,0.063912,-0.0077,-0.0349,-9.9399
40100000,0.018144,-0.018110,0.062760,0.0788,0.1346,-10.0683
40110000,0.027716,-0.019911,0.061886,0.1312,-0.0401,-9.9898
40120000,0.026887,-0.018177,0.064039,-0.0726,-0.0073,-9.8869
40130000,0.028168,-0.020556,0.064257,-0.0122,-0.0185,-9.9184
40140000,0.028886,-0.018794,0.066135,-0.0782,0.1540,-10.0156
40150000,0.030491,-0.022444,0.062744,-0.0188,0.0717,-10.1615
40160000,0.035037,-0.025000,0.063656,-0.0409,-0.0510,-10.0446
40170000,0.031309,-0.023833,0.064930,-0.0393,-0.0689,-10.3172
40180000,0.032633,-0.024638,0.063020,0.0239,-0.1156,-10.1923
40190000,0.034678,-0.024068,0.060253,0.0095,0.0213,-10.1516
40200000,0.036137,-0.021699,0.065128,-0.0080,0.0625,-10.4749
40210000,0.036128,-0.022805,0.064362,0.0903,-0.0078,-10.4191
40220000,0.035861,-0.022523,0.064969,-0.0189,0.0969,-10.4269
40230000,0.032560,-0.028772,0.064458,-0.0109,-0.0147,-10.5873
40240000,0.036281,-0.029291,0.062233,0.1471,0.0107,-10.7578
40250000,0.036605,-0.023817,0.063616,-0.0387,-0.0750,-10.6866
40260000,0.036698,-0.024754,0.061431,0.0943,0.0591,-10.6615
40270000,0.035003,-0.026591,0.061666,0.0971,0.0645,-10.8852
40280000,0.035379,-0.028086,0.068395,-0.1474,0.0703,-10.7925
40290000,0.033972,-0.022277,0.059440,-0.0425,0.0256,-10.9914
40300000,0.037683,-0.025328,0.063373,0.0591,-0.0322,-11.1795
40310000,0.034400,-0.027641,0.064405,0.0692,0.1551,-11.1244
40320000,0.033176,-0.025910,0.063525,0.0040,-0.0148,-11.1070
40330000,0.033531,-0.021994,0.066847,-0.1003,-0.0456,-11.0640
40340000,0.031901,-0.020667,0.061315,0.0416,-0.0106,-11.2095
40350000,0.033635,-0.022985,0.064994,0.0499,0.0062,-11.3473
40360000,0.032501,-0.021101,0.067789,0.0195,-0.0969,-11.3789
40370000,0.031279,-0.021577,0.068486,-0.0358,0.0292,-11.5071
40380000,0.030061,-0.025192,0.062015,0.0326,-0.0211,-11.4973
40390000,0.029332,-0.021332,0.063320,-0.0809,-0.1042,-11.4738
40400000,0.031540,-0.019389,0.067047,0.0771,0.1806,-11.5122
40410000,0.029173,-0.021505,0.063776,-0.0763,0.1321,-11.8012
40420000,0.027857,-0.023452,0.064124,-0.1305,-0.0240,-11.5563
40430000,0.026620,-0.019152,0.067486,0.0705,-0.0781,-11.9107
40440000,0.024436,-0.020047,0.066293,0.0992,-0.1312,-11.8361
40450000,0.027940,-0.019911,0.065211,-0.0075,0.0154,-11.9698
40460000,0.027977,-0.017992,0.063629,-0.0953,0.0626,-11.8882
40470000,0.023269,-0.015870,0.063430,-0.0058,0.1795,-11.9394
40480000,0.021709,-0.016916,0.063558,0.0768,-0.1011,-11.8986
40490000,0.020888,-0.016765,0.062445,-0.0579,0.0127,-12.0995
40500000,0.021209,-0.013622,0.063153,0.0017,0.0141,-12.1256
40510000,0.020642,-0.018622,0.067956,-0.1260,-0.0255,-12.1378
40520000,0.023379,-0.011109,0.065170,-0.0993,0.0344,-12.2247
40530000,0.020875,-0.013107,0.064414,-0.1574,0.1467,-12.2494
40540000,0.020159,-0.016256,0.069353,0.0403,0.0747,-12.2912
40550000,0.016692,-0.012970,0.063737,0.0414,-0.0842,-12.3760
40560000,0.016494,-0.011557,0.064695,-0.0482,-0.0685,-12.2180
40570000,0.013408,-0.010428,0.062181,-0.0046,0.0732,-12.4210
40580000,0.012927,-0.012401,0.063292,0.1487,0.1028,-12.4392
40590000,0.016066,-0.005461,0.060495,-0.0051,-0.0546,-12.4562
40600000,0.009177,-0.010566,0.067286,-0.0123,-0.1169,-12.5230
40610000,0.004780,-0.010316,0.064389,-0.0766,0.0728,-12.4925
40620000,0.009348,-0.004953,0.062261,0.0592,-0.0718,-12.6072
40630000,0.014332,-0.003446,0.063139,0.0627,-0.0271,-12.6472
40640000,0.007366,-0.006739,0.063328,0.0861,0.0188,-12.6774
40650000,0.004744,-0.001787,0.066031,-0.0652,0.0342,-12.5498
40660000,0.006670,-0.003889,0.064956,0.0556,0.0969,-12.5497
40670000,0.007091,-0.002461,0.066927,0.0250,-0.1650,-12.6025
40680000,0.006713,-0.006568,0.068475,0.0825,-0.0817,-12.5471
40690000,0.005646,-0.001244,0.062369,-0.1279,0.1265,-12.6250
40700000,0.002400,-0.008490,0.060658,-0.0056,-0.0790,-12.7219
40710000,0.003965,0.000490,0.064666,0.0457,-0.0296,-12.6617
40720000,0.002254,-0.002013,0.065020,-0.0770,0.0211,-12.6476
40730000,-0.000791,-0.001003,0.066614,-0.1888,0.0222,-12.6019
40740000,0.002401,0.003669,0.063062,0.0661,0.1591,-12.5757
40750000,-0.002914,0.002735,0.064171,-0.0989,0.0517,-12.5242
40760000,-0.002125,0.004621,0.063215,0.0266,-0.0118,-12.5912
40770000,-0.003973,0.004601,0.068286,-0.0504,0.1075,-12.4559
40780000,-0.006626,0.006876,0.064733,0.0201,0.2723,-12.4966
40790000,-0.007954,0.006748,0.066083,0.0791,-0.1483,-12.4272
40800000,-0.006401,0.005609,0.066234,0.1183,-0.0527,-12.5483
40810000,-0.006988,0.003390,0.061340,-0.0541,-0.0507,-12.5314
40820000,-0.010131,0.007549,0.063279,-0.1268,-0.1159,-12.3177
40830000,-0.014692,0.008164,0.065668,-0.0647,0.0801,-12.4338
40840000,-0.012586,0.008282,0.062257,-0.0502,0.0723,-12.2281
40850000,-0.012818,0.009228,0.062900,-0.0309,0.0174,-12.1388
40860000,-0.011337,0.012156,0.060289,-0.0184,0.1198,-12.1351
40870000,-0.015836,0.011901,0.064472,-0.0138,0.0183,-12.0584
40880000,-0.015403,0.010416,0.061138,0.0540,0.0200,-12.0192
40890000,-0.017143,0.018576,0.062456,0.0323,0.1505,-12.0787
40900000,-0.017409,0.016366,0.062138,-0.0294,-0.0242,-11.9965
40910000,-0.019004,0.015151,0.065235,0.0084,0.0576,-12.0211
40920000,-0.021621,0.016882,0.063531,0.0095,-0.1166,-11.8910
40930000,-0.017670,0.016629,0.060132,0.0525,0.0741,-11.7833
40940000,-0.021349,0.018307,0.064341,-0.0344,0.0116,-11.7824
40950000,-0.022564,0.020818,0.063291,-0.0461,0.0903,-11.7056
40960000,-0.023357,0.024314,0.061578,-0.1061,-0.1670,-11.6881
40970000,-0.022559,0.017255,0.065678,0.0135,0.0086,-11.5585
40980000,-0.025333,0.021668,0.062060,0.0664,-0.0019,-11.4843
40990000,-0.027119,0.023459,0.065504,0.0868,0.0173,-11.4526
41000000,-0.029050,0.025042,0.066059,0.0150,-0.0982,-11.3551
41010000,-0.026708,0.025247,0.062973,0.0891,0.0238,-11.3911
41020000,-0.034087,0.027930,0.066382,0.1519,-0.0911,-11.1097
41030000,-0.032701,0.028170,0.065721,0.0141,0.1103,-10.9689
41040000,-0.033312,0.028213,0.064348,0.0339,0.0171,-11.1444
41050000,-0.034189,0.026418,0.066670,0.1166,0.0419,-10.9261
41060000,-0.034832,0.029661,0.064788,-0.0574,-0.1125,-10.8797
41070000,-0.038399,0.028903,0.065593,-0.0852,0.0570,-10.7742
41080000,-0.038098,0.032605,0.064900,-0.0563,0.1259,-10.7335
41090000,-0.037867,0.032587,0.063668,0.1431,0.0370,-10.6411
41100000,-0.040869,0.033192,0.063072,0.0013,0.0800,-10.4760
41110000,-0.042112,0.037350,0.065639,0.0471,0.0002,-10.3597
41120000,-0.045363,0.040034,0.065458,0.0487,-0.1224,-10.2197
41130000,-0.039249,0.033224,0.064109,0.0276,-0.0493,-10.2914
41140000,-0.045043,0.037481,0.064012,-0.1834,-0.0957,-10.1509
41150000,-0.045204,0.040389,0.062018,-0.1469,-0.0664,-10.0737
41160000,-0.048151,0.039839,0.067956,0.0483,-0.0055,-9.9443
41170000,-0.047014,0.039751,0.065838,-0.0768,-0.0280,-9.8922
41180000,-0.051941,0.040320,0.064749,0.0065,-0.0702,-9.7311
41190000,-0.049535,0.044118,0.065908,-0.0666,-0.0940,-9.5842
41200000,-0.051542,0.042213,0.064377,-0.0059,-0.0588,-9.6386
41210000,-0.049428,0.045348,0.068005,-0.0278,0.0438,-9.4009
41220000,-0.053933,0.044192,0.064588,-0.0305,-0.0733,-9.3469
41230000,-0.058652,0.046319,0.069848,0.0063,0.0832,-9.2658
41240000,-0.056848,0.047673,0.062103,0.0194,-0.0590,-9.2016
41250000,-0.056640,0.046635,0.063726,0.0186,0.0690,-9.1126
41260000,-0.057151,0.052639,0.062651,-0.1418,-0.0284,-8.9672
41270000,-0.057780,0.051172,0.066622,0.0420,-0.1092,-8.8992
41280000,-0.059138,0.052266,0.063044,-0.0615,0.0082,-8.8054
41290000,-0.062214,0.047768,0.061302,-0.0883,-0.0433,-8.4378
41300000,-0.062112,0.052587,0.062894,0.0378,0.0842,-8.5858
41310000,-0.063263,0.050828,0.063641,-0.1732,0.0876,-8.4791
41320000,-0.061575,0.052916,0.063351,-0.1027,0.1872,-8.4025
41330000,-0.063280,0.050869,0.061692,-0.0755,0.0099,-8.3647
41340000,-0.063298,0.056347,0.065517,0.0644,-0.1174,-8.1605
41350000,-0.066133,0.059625,0.062738,0.0302,0.0993,-8.0766
41360000,-0.068525,0.057159,0.061776,0.0200,-0.0156,-8.0358
41370000,-0.066205,0.056430,0.061127,0.0215,0.0400,-7.8804
41380000,-0.065674,0.054953,0.059712,-0.1200,0.0318,-7.8958
41390000,-0.065573,0.060403,0.063037,-0.1186,-0.0091,-7.5100
41400000,-0.062274,0.056091,0.064116,0.0423,-0.0330,-7.6501
41410000,-0.061626,0.057907,0.063863,0.0280,-0.0731,-7.6313
41420000,-0.063008,0.056202,0.066475,0.0071,0.1518,-7.5236
41430000,-0.061038,0.052524,0.064157,0.0473,0.0410,-7.3169
41440000,-0.060606,0.054689,0.062643,0.1009,0.0473,-7.2385
41450000,-0.064421,0.057017,0.062517,0.0266,-0.0526,-7.1871
41460000,-0.059239,0.052861,0.065637,-0.0640,0.1576,-7.0937
41470000,-0.058994,0.051757,0.066006,-0.1319,-0.0449,-7.1152
41480000,-0.059188,0.053619,0.063689,0.0465,-0.0897,-7.1248
41490000,-0.053914,0.052948,0.060996,0.1092,-0.0708,-6.9521
41500000,-0.056252,0.049913,0.068070,0.1961,0.1232,-6.9623
41510000,-0.054616,0.045661,0.064500,-0.1220,0.0345,-6.7375
41520000,-0.048248,0.046631,0.067462,0.0155,0.0755,-6.7233
41530000,-0.049016,0.042907,0.067450,0.0985,-0.0155,-6.7657
41540000,-0.046091,0.040115,0.061999,-0.0928,0.1041,-6.6671
41550000,-0.042546,0.037728,0.068791,0.0864,-0.1006,-6.5587
41560000,-0.039189,0.035382,0.065501,-0.0120,-0.2291,-6.4206
41570000,-0.039740,0.030197,0.064712,-0.0549,0.1717,-6.5129
41580000,-0.033269,0.027823,0.068976,-0.1308,-0.0571,-6.3636
41590000,-0.031339,0.026642,0.068505,-0.0211,0.0570,-6.4335
41600000,-0.026199,0.026617,0.067769,-0.0679,-0.0564,-6.4443
41610000,-0.022906,0.017969,0.066292,-0.0174,-0.0294,-6.3557
41620000,-0.014445,0.019608,0.069589,-0.1054,0.0476,-6.3611
41630000,-0.011585,0.009898,0.069052,0.0182,-0.0521,-6.4690
41640000,-0.005916,0.012012,0.068771,-0.0066,0.0727,-6.3869
41650000,-0.004142,0.003515,0.067616,-0.0260,-0.0639,-6.3575
41660000,0.003251,0.000738,0.069909,0.0960,-0.0331,-6.2600
41670000,0.007286,-0.006511,0.070043,0.0196,-0.0320,-6.2131
41680000,0.012231,-0.010565,0.069820,-0.0609,-0.1193,-6.2228
41690000,0.018870,-0.010573,0.070028,-0.0559,0.0670,-6.3425
41700000,0.022406,-0.020027,0.068073,0.0191,0.0907,-6.2745
41710000,0.029224,-0.027085,0.071140,-0.0495,-0.0120,-6.2976
41720000,0.035352,-0.026855,0.070241,-0.0413,0.0071,-6.3758
41730000,0.035599,-0.032690,0.071453,0.0323,0.1118,-6.4622
41740000,0.040222,-0.040622,0.072946,-0.1230,0.1161,-6.2121
41750000,0.048017,-0.040019,0.073067,-0.1558,-0.1611,-6.3468
41760000,0.054544,-0.046710,0.071615,0.0610,-0.0579,-6.4611
41770000,0.058230,-0.048675,0.073652,-0.0816,0.0003,-6.4439
41780000,0.065070,-0.054765,0.073062,0.0506,0.0156,-6.4962
41790000,0.069998,-0.060227,0.077696,0.0912,0.0733,-6.4064
41800000,0.071205,-0.063907,0.075884,-0.0616,-0.0344,-6.5547
41810000,0.076594,-0.063425,0.074563,0.0601,0.1040,-6.6178
41820000,0.084277,-0.068545,0.073662,-0.0277,0.0721,-6.6234
41830000,0.083211,-0.073516,0.074822,-0.0086,0.0825,-6.7142
41840000,0.086458,-0.075436,0.077721,-0.0739,0.0103,-6.8333
41850000,0.089254,-0.084547,0.076761,-0.0340,0.1124,-6.8455
41860000,0.094352,-0.083468,0.075800,-0.1002,0.0359,-6.8184
41870000,0.092065,-0.084698,0.077598,0.0426,0.0350,-7.0761
41880000,0.093119,-0.084534,0.078176,0.0684,0.0220,-7.0528
41890000,0.101669,-0.086045,0.076160,-0.0616,0.0439,-7.3197
41900000,0.100183,-0.088128,0.075993,0.0766,0.0292,-7.2584
41910000,0.102587,-0.089552,0.075287,0.0323,-0.0571,-7.5045
41920000,0.100597,-0.092314,0.076895,0.0768,0.1350,-7.5193
41930000,0.102724,-0.095945,0.077251,0.0521,-0.0755,-7.5683
41940000,0.105921,-0.091872,0.075888,0.1691,-0.0974,-7.7456
41950000,0.104618,-0.097585,0.076776,-0.0137,-0.0978,-7.7385
41960000,0.103869,-0.093470,0.075768,-0.1231,-0.0385,-8.0326
41970000,0.106333,-0.094781,0.071530,0.0650,0.0358,-8.2842
41980000,0.101727,-0.094032,0.075787,0.0865,-0.0244,-8.2648
41990000,0.090577,-0.086549,0.076265,0.1014,0.2330,-8.4403
42000000,0.062096,-0.054387,0.075469,-0.0555,-0.0031,-8.3708
42010000,0.028471,-0.021601,0.072115,0.0921,-0.0902,-8.4938
42020000,0.015288,-0.010257,0.071430,-0.0239,-0.0053,-8.5768
42030000,0.015403,-0.009457,0.073182,-0.0663,-0.0047,-8.5797
42040000,0.012571,-0.010114,0.068361,0.0101,0.0173,-8.5574
42050000,0.012319,-0.010282,0.069988,0.0463,0.0332,-8.6293
42060000,0.011621,-0.005364,0.072870,0.1047,-0.1271,-8.5818
42070000,0.016204,-0.007089,0.068433,-0.0751,-0.0220,-8.4992
42080000,0.010026,-0.010187,0.069982,0.0774,0.0838,-8.5000
42090000,0.011606,-0.012810,0.071091,0.0162,-0.0926,-8.4697
42100000,0.012640,-0.012919,0.071226,0.0194,-0.0196,-8.5485
42110000,0.016117,-0.010507,0.069025,-0.0120,-0.2455,-8.5140
42120000,0.012347,-0.010794,0.068841,-0.0475,-0.0518,-8.5022
42130000,0.013087,-0.010959,0.071132,0.0155,-0.0234,-8.6291
42140000,0.014919,-0.013817,0.067770,-0.0853,0.0768,-8.5364
42150000,0.016658,-0.010039,0.070677,-0.0941,0.0044,-8.3678
42160000,0.013409,-0.013749,0.073054,-0.1655,-0.0515,-8.5879
42170000,0.011514,-0.012865,0.071356,-0.0102,0.0848,-8.6455
42180000,0.014812,-0.012092,0.071572,-0.0448,-0.0519,-8.5291
42190000,0.015927,-0.014048,0.073318,0.0895,0.0912,-8.6440
42200000,0.013674,-0.010920,0.069100,0.0341,-0.1234,-8.5623
42210000,0.016104,-0.007355,0.072514,-0.0797,-0.0578,-8.5846
42220000,0.015815,-0.013504,0.075035,-0.0799,-0.1683,-8.4743
42230000,0.013503,-0.008927,0.067408,0.0640,-0.0104,-8.8464
42240000,0.014406,-0.010924,0.071687,-0.0477,0.0951,-8.4559
42250000,0.012555,-0.016573,0.074594,-0.0562,-0.0159,-8.4880
42260000,0.016767,-0.016098,0.069523,0.1098,-0.0096,-8.4795
42270000,0.015206,-0.013162,0.070509,0.0560,0.1023,-8.4921
42280000,0.012640,-0.013796,0.074444,-0.1091,0.0359,-8.5698
42290000,0.014989,-0.013643,0.070135,-0.0330,-0.0134,-8.4960
42300000,0.019484,-0.013933,0.071068,-0.0741,0.0643,-8.5110
42310000,0.015044,-0.010736,0.073429,0.0207,-0.0719,-8.4264
42320000,0.012507,-0.012674,0.070624,-0.0338,-0.0680,-8.5726
42330000,0.011894,-0.015324,0.073187,-0.0494,-0.0541,-8.6232
42340000,0.015407,-0.012699,0.070970,-0.0638,0.0142,-8.5049
42350000,0.016101,-0.012591,0.068623,0.0004,0.0561,-8.5748
42360000,0.016516,-0.011040,0.074094,0.0428,-0.1145,-8.5615
42370000,0.018901,-0.012907,0.072881,0.1394,0.0367,-8.5195
42380000,0.014590,-0.015181,0.068876,-0.0624,0.0027,-8.6680
42390000,0.016535,-0.017571,0.074640,0.0746,0.0402,-8.6494
42400000,0.017861,-0.015817,0.071487,0.0402,0.0851,-8.5608
42410000,0.017238,-0.014633,0.072810,0.0227,-0.0563,-8.4326
42420000,0.016274,-0.016325,0.073398,0.1370,-0.1363,-8.6246
42430000,0.013612,-0.018989,0.074215,0.2087,0.0517,-8.7137
42440000,0.013192,-0.015987,0.069627,0.0690,0.0451,-8.7391
42450000,0.014041,-0.012955,0.073802,0.0585,-0.0152,-8.5753
42460000,0.018082,-0.012780,0.072330,-0.0004,0.0131,-8.5095
42470000,0.017675,-0.015586,0.073090,-0.1463,0.1258,-8.6683
42480000,0.018421,-0.013629,0.073308,0.0331,0.0191,-8.7132
42490000,0.017338,-0.013666,0.074361,-0.0642,0.0066,-8.5364
42500000,0.017736,-0.017058,0.076251,0.0003,0.0081,-8.6877
42510000,0.017807,-0.011734,0.075363,0.0756,-0.0528,-8.6513
42520000,0.020446,-0.014170,0.073442,0.0689,0.1191,-8.6061
42530000,0.017162,-0.013552,0.076886,-0.0175,-0.0870,-8.6675
42540000,0.017314,-0.014342,0.070933,0.1202,-0.0152,-8.5818
42550000,0.017686,-0.017442,0.073323,-0.0207,0.0278,-8.6221
42560000,0.014835,-0.014092,0.068877,0.0158,-0.0450,-8.6696
42570000,0.018715,-0.015384,0.073680,-0.1229,0.0952,-8.6843
42580000,0.016284,-0.015464,0.073272,0.0332,0.0452,-8.5996
42590000,0.018055,-0.017107,0.072307,-0.0779,-0.0188,-8.5997
42600000,0.018527,-0.014651,0.072269,-0.0520,-0.0460,-8.7204
42610000,0.017573,-0.015175,0.069460,-0.0987,-0.0494,-8.5692
42620000,0.015817,-0.020170,0.073179,-0.1164,0.0191,-8.3895
42630000,0.015146,-0.015804,0.075726,-0.0196,0.0105,-8.6232
42640000,0.015560,-0.015940,0.071551,0.0450,-0.0659,-8.6972
42650000,0.015963,-0.013259,0.069369,0.0808,-0.0186,-8.7072
42660000,0.018249,-0.013380,0.072658,0.0964,0.0142,-8.7871
42670000,0.018123,-0.015637,0.073296,-0.1894,-0.0090,-8.4802
42680000,0.018253,-0.014959,0.075599,-0.1302,-0.0355,-8.8070
42690000,0.019094,-0.018423,0.072139,0.1473,0.0060,-8.6305
42700000,0.019858,-0.015012,0.075723,-0.0941,-0.0010,-8.6004
42710000,0.016988,-0.016382,0.070957,-0.0392,0.0908,-8.6806
42720000,0.018474,-0.014531,0.072652,-0.0142,-0.0523,-8.6189
42730000,0.016719,-0.014825,0.072560,-0.0386,0.0658,-8.6988
42740000,0.016367,-0.013017,0.074877,0.0689,-0.0698,-8.7728
42750000,0.017994,-0.014173,0.071329,-0.0997,0.0589,-8.6219
42760000,0.020281,-0.015344,0.075552,0.0099,-0.0831,-8.7101
42770000,0.016771,-0.018248,0.073179,0.0219,-0.1223,-8.7058
42780000,0.018431,-0.018305,0.071875,-0.0413,0.0856,-8.7397
42790000,0.015904,-0.015767,0.074787,-0.1454,-0.0083,-8.7004
42800000,0.013101,-0.017074,0.074219,0.1076,-0.0471,-8.6362
42810000,0.018854,-0.015177,0.073461,0.2120,0.0231,-8.8658
42820000,0.018981,-0.013402,0.070141,0.0453,-0.0151,-8.6015
42830000,0.015653,-0.018829,0.072327,0.0280,-0.0224,-8.7644
42840000,0.018344,-0.019096,0.077319,-0.0784,0.0907,-8.7537
42850000,0.017663,-0.013396,0.070156,-0.0291,-0.0656,-8.6024
42860000,0.018208,-0.014297,0.073032,-0.0252,0.0176,-8.7055
42870000,0.017781,-0.018498,0.075838,0.0235,0.0852,-8.6660
42880000,0.016651,-0.016924,0.072514,0.0643,-0.1104,-8.7155
42890000,0.019545,-0.017371,0.073035,-0.0133,0.0233,-8.6630
42900000,0.016317,-0.018354,0.073495,-0.1043,-0.0667,-8.5876
42910000,0.015520,-0.018030,0.073338,-0.0033,-0.1359,-8.6420
42920000,0.015456,-0.020758,0.078175,-0.0203,-0.0012,-8.8603
42930000,0.017746,-0.016718,0.075399,0.0490,-0.0774,-8.7823
42940000,0.015754,-0.018536,0.072358,0.0155,-0.0071,-8.7336
42950000,0.016125,-0.018744,0.076588,-0.1761,0.0341,-8.8629
42960000,0.017382,-0.014306,0.074126,-0.0249,0.1133,-8.7046
42970000,0.018265,-0.020031,0.073957,0.0160,-0.1383,-8.6968
42980000,0.016125,-0.019640,0.074536,0.0151,0.0848,-8.8136
42990000,0.017767,-0.016495,0.073210,0.0420,0.1513,-8.7497
43000000,0.015843,-0.019746,0.076068,-0.1787,0.0495,-8.8393
43010000,0.019003,-0.018739,0.074267,0.0545,0.1351,-8.8687
43020000,0.016119,-0.018380,0.072390,-0.1564,0.1242,-8.7384
43030000,0.019124,-0.016764,0.074748,-0.0279,-0.1152,-8.8233
43040000,0.019336,-0.022477,0.074969,0.0242,-0.0008,-8.7776
43050000,0.016593,-0.018465,0.076087,-0.0592,0.0357,-8.8911
43060000,0.021549,-0.018720,0.070404,0.0362,0.0158,-8.7297
43070000,0.016917,-0.016141,0.075590,-0.1021,0.0589,-8.8334
43080000,0.014903,-0.018777,0.074854,0.0589,-0.0461,-8.9689
43090000,0.017250,-0.017041,0.073273,-0.1799,0.1125,-8.7857
43100000,0.017924,-0.021192,0.074560,-0.0508,-0.0029,-8.8970
43110000,0.019101,-0.019970,0.077683,-0.1920,0.0897,-8.8360
43120000,0.015912,-0.019882,0.073881,-0.0485,0.0799,-8.7934
43130000,0.019394,-0.017760,0.077210,0.0031,0.0654,-8.8962
43140000,0.017463,-0.016926,0.074615,0.0759,0.0094,-8.9284
43150000,0.020381,-0.018108,0.077126,0.0326,0.0173,-8.8704
43160000,0.017776,-0.017658,0.074791,-0.0106,0.0246,-8.8020
43170000,0.016179,-0.017831,0.073011,-0.0799,0.0403,-8.9927
43180000,0.017149,-0.019135,0.075291,-0.2047,0.1339,-8.9975
43190000,0.015213,-0.020500,0.076408,0.0467,0.0896,-9.0166
43200000,0.016622,-0.017890,0.072327,-0.0018,0.0659,-8.8340
43210000,0.018182,-0.020715,0.073533,-0.0921,0.0776,-9.0785
43220000,0.016366,-0.022507,0.074041,0.0115,-0.0085,-8.8349
43230000,0.014453,-0.021157,0.069944,0.0516,0.0409,-8.8291
43240000,0.019461,-0.018287,0.070965,0.0469,-0.0986,-8.8984
43250000,0.018958,-0.021534,0.072627,0.0758,0.0756,-8.9582
43260000,0.015266,-0.015825,0.074909,0.0582,0.0079,-8.9988
43270000,0.019467,-0.017581,0.073479,-0.0135,0.0350,-8.8656
43280000,0.017839,-0.020475,0.073433,-0.0396,0.0715,-8.8508
43290000,0.017487,-0.021762,0.076369,-0.0843,-0.0535,-8.9763
43300000,0.017958,-0.017487,0.074522,-0.0622,0.0948,-8.9887
43310000,0.017116,-0.017282,0.075307,0.0976,-0.1455,-8.9918
43320000,0.018938,-0.021848,0.078729,-0.0818,0.0274,-8.9989
43330000,0.017937,-0.020733,0.076304,0.0625,0.1168,-8.8943
43340000,0.019589,-0.018373,0.072664,-0.0985,-0.0070,-9.1278
43350000,0.022008,-0.019521,0.075405,-0.0167,0.0294,-9.0327
43360000,0.017825,-0.018720,0.074912,-0.0524,0.0624,-8.9601
43370000,0.017676,-0.017001,0.074143,-0.0768,0.0337,-9.0811
43380000,0.016712,-0.019623,0.075188,-0.0102,-0.0842,-8.8699
43390000,0.020175,-0.019491,0.072147,-0.0737,0.0369,-9.0822
43400000,0.017826,-0.022500,0.075104,0.0432,-0.0585,-9.1291
43410000,0.019655,-0.021347,0.075498,0.0318,-0.1472,-9.0459
43420000,0.018216,-0.022609,0.075922,0.1394,0.0837,-9.1282
43430000,0.016991,-0.021568,0.073021,0.0411,-0.0140,-8.9970
43440000,0.020030,-0.017337,0.077704,0.0479,0.0721,-9.1385
43450000,0.018597,-0.019360,0.075379,-0.1053,-0.0940,-9.0616
43460000,0.019995,-0.019873,0.076293,0.0819,0.0252,-9.2337
43470000,0.015924,-0.016710,0.076112,-0.1324,0.0752,-9.0762
43480000,0.019576,-0.019806,0.073864,-0.0304,0.0552,-9.0483
43490000,0.020406,-0.018092,0.073421,-0.0713,-0.0920,-8.9993
43500000,0.021131,-0.018260,0.074665,-0.0111,0.0878,-9.1615
43510000,0.016322,-0.017972,0.074360,0.0123,0.1553,-9.1573
43520000,0.020786,-0.022256,0.076076,-0.0404,-0.0037,-9.0772
43530000,0.020264,-0.020368,0.074518,0.1252,0.0085,-9.1109
43540000,0.016717,-0.016063,0.071378,0.0920,-0.0248,-9.2512
43550000,0.019733,-0.021425,0.074439,0.0704,-0.1261,-9.2034
43560000,0.015828,-0.019110,0.072191,0.0475,-0.0723,-9.2610
43570000,0.017790,-0.020366,0.073906,0.0667,-0.1571,-9.1564
43580000,0.017376,-0.018768,0.076883,0.0441,0.0651,-9.3008
43590000,0.017790,-0.017031,0.080169,-0.0702,-0.1127,-9.2441
43600000,0.020664,-0.022752,0.079413,-0.0203,0.2119,-9.2909
43610000,0.018077,-0.022828,0.076888,0.0832,0.0009,-9.2039
43620000,0.018347,-0.019659,0.072631,0.0440,0.0382,-9.2075
43630000,0.018839,-0.014501,0.075691,-0.0100,-0.0409,-9.2732
43640000,0.015024,-0.020879,0.073036,-0.0921,0.1092,-9.1525
43650000,0.017153,-0.021493,0.079311,-0.0180,-0.0328,-9.2118
43660000,0.016923,-0.021045,0.077861,-0.0010,0.0581,-9.1675
43670000,0.015968,-0.021150,0.072966,0.0796,-0.0843,-9.1934
43680000,0.020829,-0.019872,0.076397,0.0190,-0.0205,-9.2694
43690000,0.022109,-0.018583,0.072659,0.0884,-0.1564,-9.3171
43700000,0.014521,-0.020864,0.077777,0.0938,-0.0178,-9.1679
43710000,0.017526,-0.020613,0.076364,-0.0959,-0.0270,-9.1821
43720000,0.019275,-0.021224,0.076278,0.0725,-0.0146,-9.2455
43730000,0.017002,-0.018039,0.076266,0.0461,0.0440,-9.3508
43740000,0.021105,-0.024629,0.077281,-0.0502,-0.0431,-9.4053
43750000,0.015376,-0.020744,0.078866,-0.1360,0.0148,-9.4318
43760000,0.010954,-0.020363,0.075383,-0.0307,-0.0594,-9.2730
43770000,0.021531,-0.019650,0.076332,0.0036,-0.0281,-9.3923
43780000,0.014518,-0.020090,0.078936,-0.0615,0.0676,-9.4563
43790000,0.017390,-0.020709,0.077694,-0.0020,-0.1157,-9.3921
43800000,0.013974,-0.020142,0.075108,0.0615,0.0889,-9.3321
43810000,0.018139,-0.019723,0.077029,-0.0006,0.0187,-9.3233
43820000,0.016527,-0.018332,0.073481,-0.0379,0.0298,-9.2699
43830000,0.016099,-0.022121,0.074134,-0.0173,-0.1334,-9.3285
43840000,0.016164,-0.021624,0.080170,-0.1446,0.0361,-9.4064
43850000,0.016272,-0.021296,0.068145,-0.0385,0.1714,-9.4842
43860000,0.020705,-0.022927,0.078142,0.0108,0.0534,-9.4295
43870000,0.013528,-0.017814,0.072082,-0.0895,0.0906,-9.3721
43880000,0.020597,-0.018020,0.074469,0.1086,-0.0463,-9.3366
43890000,0.015893,-0.017520,0.076711,-0.0357,-0.1385,-9.4394
43900000,0.018671,-0.021877,0.076410,-0.0693,-0.0127,-9.5297
43910000,0.019950,-0.020367,0.075409,0.1126,0.0971,-9.2716
43920000,0.016026,-0.022148,0.076413,-0.0103,0.0477,-9.5325
43930000,0.019782,-0.018770,0.071374,0.0963,0.0465,-9.3521
43940000,0.018620,-0.020253,0.077347,-0.0589,0.1438,-9.3369
43950000,0.018965,-0.021433,0.076377,0.0970,-0.1023,-9.5674
43960000,0.018137,-0.022686,0.077269,0.0308,-0.0598,-9.4314
43970000,0.019391,-0.017727,0.078108,-0.0171,0.0624,-9.4927
43980000,0.019020,-0.017821,0.078771,-0.0268,0.0557,-9.3843
43990000,0.017523,-0.020832,0.074011,-0.0103,0.0922,-9.5112
44000000,0.019475,-0.018227,0.073561,0.0347,0.0088,-9.4581
44010000,0.017611,-0.022670,0.076477,0.1517,0.0712,-9.5955
44020000,0.014810,-0.020377,0.075645,0.1342,-0.0328,-9.4594
44030000,0.017811,-0.019097,0.078364,-0.0439,-0.1575,-9.5615
44040000,0.019951,-0.023232,0.075611,-0.1049,-0.0019,-9.5894
44050000,0.015126,-0.021954,0.076969,0.0110,-0.0119,-9.4633
44060000,0.015126,-0.023128,0.077476,0.0561,-0.0424,-9.6749
44070000,0.016152,-0.023279,0.076097,0.1039,0.1318,-9.6353
44080000,0.014836,-0.019547,0.074389,-0.0387,-0.0298,-9.4957
44090000,0.015679,-0.022263,0.076680,-0.0902,-0.0374,-9.5455
44100000,0.017435,-0.024729,0.075315,0.0224,-0.0863,-9.6013
44110000,0.012878,-0.020875,0.074793,0.0146,0.0194,-9.6517
44120000,0.016534,-0.022153,0.078298,0.1153,-0.1310,-9.7017
44130000,0.014567,-0.019044,0.072041,0.0742,-0.0268,-9.5519
44140000,0.020183,-0.022191,0.074660,0.0605,0.0297,-9.6599
44150000,0.019386,-0.017170,0.076864,-0.0470,-0.0289,-9.4903
44160000,0.014856,-0.022319,0.077573,-0.0603,-0.0596,-9.5676
44170000,0.015793,-0.023684,0.075253,0.0610,-0.0103,-9.6688
44180000,0.017176,-0.019324,0.079001,-0.1651,0.0163,-9.6821
44190000,0.016908,-0.025045,0.078919,-0.0715,0.0268,-9.6432
44200000,0.019371,-0.022292,0.075339,-0.1168,0.1088,-9.7138
44210000,0.015784,-0.021905,0.074100,0.0863,-0.0163,-9.6818
44220000,0.012946,-0.020958,0.076167,0.1475,0.0059,-9.7779
44230000,0.018814,-0.020382,0.075093,0.0554,0.0324,-9.8332
44240000,0.020302,-0.021355,0.074840,-0.0224,0.0107,-9.5654
44250000,0.014677,-0.016868,0.072491,-0.0274,0.0081,-9.6861
44260000,0.015422,-0.020280,0.074576,-0.0006,0.0393,-9.8824
44270000,0.011702,-0.021101,0.076489,0.0269,0.0071,-9.8127
44280000,0.017894,-0.019973,0.072765,0.0999,-0.0250,-9.8066
44290000,0.012926,-0.018045,0.074911,-0.1018,0.0649,-9.7202
44300000,0.016837,-0.020989,0.073271,0.0448,0.0002,-9.8091
44310000,0.018058,-0.020605,0.077122,-0.0439,-0.0619,-9.7777
44320000,0.017497,-0.020070,0.078078,-0.1258,0.1198,-9.8166
44330000,0.013323,-0.019931,0.075580,0.0104,0.0060,-9.7489
44340000,0.016209,-0.019933,0.078337,-0.1379,0.1376,-9.7742
44350000,0.016958,-0.017749,0.077044,0.0204,0.1081,-9.7678
44360000,0.015808,-0.021258,0.077939,-0.1283,0.1745,-9.6517
44370000,0.016662,-0.021060,0.076008,-0.0215,-0.0444,-9.8565
44380000,0.015183,-0.021409,0.076866,0.0005,0.1299,-9.9450
44390000,0.015017,-0.014190,0.077222,0.0244,-0.0266,-9.8642
44400000,0.017575,-0.017195,0.076017,-0.0510,0.0215,-9.7506
44410000,0.017887,-0.018207,0.075368,0.0722,0.0702,-9.8919
44420000,0.014307,-0.023306,0.076721,0.1271,0.1127,-9.7810
44430000,0.013284,-0.015236,0.074626,0.0303,0.0376,-9.8829
44440000,0.011707,-0.018973,0.073730,0.1875,-0.0564,-9.9516
44450000,0.015265,-0.021111,0.076693,-0.0392,0.0430,-10.0664
44460000,0.015024,-0.021527,0.075638,-0.0273,-0.1044,-9.9803
44470000,0.014899,-0.016127,0.078601,-0.0046,0.0206,-9.8484
44480000,0.016389,-0.021073,0.078316,0.0686,0.0483,-9.8900
44490000,0.017262,-0.020874,0.075942,0.0081,0.0242,-10.0046
44500000,0.019193,-0.019935,0.077715,0.0322,0.0583,-10.0315
44510000,0.012563,-0.019944,0.076435,0.0444,0.0602,-9.9946
44520000,0.013292,-0.018205,0.080533,0.1406,-0.0091,-9.9647
44530000,0.015253,-0.018138,0.077198,0.0600,-0.0782,-10.0032
44540000,0.015030,-0.017343,0.076301,0.0110,0.1809,-10.0220
44550000,0.016640,-0.021405,0.077489,-0.1926,0.0597,-9.8726
44560000,0.017564,-0.019399,0.073930,0.0233,0.0228,-10.0727
44570000,0.015331,-0.019741,0.082115,-0.1198,0.0703,-10.0356
44580000,0.013001,-0.019850,0.075789,0.1136,-0.0276,-10.0272
44590000,0.015795,-0.022238,0.074776,0.0545,0.0444,-10.1042
44600000,0.013172,-0.020338,0.076981,-0.0581,0.0140,-9.9707
44610000,0.013528,-0.018264,0.076041,-0.0134,-0.0833,-9.9517
44620000,0.012146,-0.018788,0.077466,0.1411,-0.0995,-10.0674
44630000,0.012543,-0.019144,0.075642,0.1099,0.1146,-10.1663
44640000,0.017129,-0.019320,0.074807,-0.0363,0.0390,-9.9485
44650000,0.015494,-0.020547,0.078025,0.0187,-0.0443,-10.0663
44660000,0.010660,-0.020960,0.077470,-0.0407,0.0362,-10.0401
44670000,0.014198,-0.015198,0.080159,0.1367,0.1006,-10.0806
44680000,0.012863,-0.020302,0.075956,-0.0210,0.2083,-10.1221
44690000,0.014927,-0.019417,0.075506,-0.0096,-0.0808,-10.0551
44700000,0.014912,-0.016787,0.076688,0.0633,-0.1339,-10.0925
44710000,0.016214,-0.020731,0.074661,-0.0165,0.0801,-9.9710
44720000,0.016812,-0.020290,0.075802,-0.0496,-0.0383,-10.2453
44730000,0.010223,-0.019902,0.073603,0.0005,0.1053,-10.1260
44740000,0.012846,-0.018850,0.078121,-0.0305,0.0111,-10.0681
44750000,0.016545,-0.018644,0.079115,-0.1466,0.0401,-10.1387
44760000,0.015043,-0.019531,0.077215,0.1253,-0.1323,-10.2154
44770000,0.013138,-0.018007,0.079009,0.0251,0.0778,-10.2951
44780000,0.014428,-0.020159,0.074772,-0.0681,-0.0302,-10.0119
44790000,0.010727,-0.016707,0.075354,0.0141,-0.0980,-10.3071
44800000,0.017059,-0.021192,0.074114,0.0551,0.0930,-10.2010
44810000,0.012993,-0.016806,0.075651,-0.0815,0.1974,-10.1005
44820000,0.014134,-0.018239,0.076859,-0.0339,0.0608,-10.1457
44830000,0.015954,-0.013155,0.075350,-0.0248,-0.1277,-10.2475
44840000,0.015234,-0.021660,0.074474,-0.0659,-0.1118,-10.2009
44850000,0.013409,-0.018751,0.076866,-0.0233,0.0510,-10.2700
44860000,0.013559,-0.019381,0.074010,-0.1703,0.1111,-10.2303
44870000,0.014746,-0.020965,0.073484,-0.0952,0.1034,-10.2594
44880000,0.016030,-0.017774,0.073958,0.0536,0.0552,-10.2851
44890000,0.011568,-0.019793,0.077339,-0.0011,0.0302,-10.3549
44900000,0.015603,-0.018724,0.074587,-0.0559,0.0084,-10.2910
44910000,0.010180,-0.017463,0.077433,-0.0502,0.1465,-10.2255
44920000,0.014100,-0.017444,0.077974,0.0501,0.0747,-10.1565
44930000,0.013666,-0.019578,0.079729,-0.0147,-0.0207,-10.1875
44940000,0.011431,-0.017457,0.073648,0.1059,-0.0350,-10.2551
44950000,0.011765,-0.019809,0.077021,0.0453,0.0699,-10.3177
44960000,0.013138,-0.018444,0.074676,-0.1380,0.0882,-10.3899
44970000,0.014888,-0.017375,0.076725,0.0262,-0.1583,-10.3043
44980000,0.015627,-0.019615,0.071711,0.1444,0.0309,-10.3122
44990000,0.013059,-0.016466,0.075113,0.0264,0.0184,-10.2187
45000000,0.012018,-0.019643,0.074327,0.0241,0.1641,-10.4069
45010000,0.015728,-0.018778,0.074662,-0.1591,0.1470,-10.2571
45020000,0.014735,-0.019042,0.077043,0.0965,-0.0408,-10.3290
45030000,0.015545,-0.018642,0.075477,-0.0939,0.0231,-10.3498
45040000,0.014293,-0.016256,0.076612,0.0872,-0.0958,-10.3948
45050000,0.011436,-0.019868,0.078077,0.0140,-0.0799,-10.5136
45060000,0.011365,-0.016150,0.076103,0.1724,-0.0478,-10.2559
45070000,0.011266,-0.018220,0.078968,-0.0063,0.0557,-10.3452
45080000,0.014905,-0.017857,0.077119,0.0809,0.0284,-10.4239
45090000,0.011119,-0.019930,0.074231,-0.0197,-0.0368,-10.4270
45100000,0.012918,-0.021478,0.079455,-0.0381,0.0783,-10.3543
45110000,0.011508,-0.016572,0.076681,-0.0890,0.0262,-10.4116
45120000,0.009039,-0.021045,0.080731,0.0211,0.0699,-10.4646
45130000,0.014637,-0.016481,0.076472,0.0348,-0.0246,-10.5433
45140000,0.014732,-0.017265,0.073743,0.1337,-0.0240,-10.4879
45150000,0.015634,-0.017856,0.076686,0.0045,0.0246,-10.4844
45160000,0.015307,-0.018301,0.076270,-0.0519,0.1229,-10.4402
45170000,0.011908,-0.023482,0.076245,0.0291,-0.0100,-10.4649
45180000,0.013416,-0.018899,0.075343,-0.1330,-0.0777,-10.5957
45190000,0.012555,-0.019512,0.075150,-0.0328,0.0549,-10.4920
45200000,0.013763,-0.020042,0.075493,0.0449,-0.0085,-10.3911
45210000,0.014798,-0.019384,0.076367,-0.0407,0.1062,-10.4471
45220000,0.013719,-0.020674,0.075386,0.0163,-0.2025,-10.4037
45230000,0.013371,-0.018387,0.075856,-0.0853,0.0664,-10.2999
45240000,0.013948,-0.019113,0.075282,0.1689,-0.0599,-10.4495
45250000,0.017272,-0.018504,0.078473,0.1704,0.0446,-10.5132
45260000,0.010938,-0.019219,0.074481,-0.0838,-0.0133,-10.4231
45270000,0.012727,-0.020154,0.075349,-0.1273,0.0765,-10.5113
45280000,0.008994,-0.022065,0.076785,-0.0236,-0.1306,-10.4617
45290000,0.011916,-0.018023,0.074352,-0.0785,0.0969,-10.4834
45300000,0.012927,-0.018240,0.080457,0.0390,-0.0042,-10.6659
45310000,0.017065,-0.016944,0.076854,0.0893,-0.0514,-10.4882
45320000,0.014561,-0.022023,0.072467,-0.0377,0.0207,-10.5128
45330000,0.013917,-0.020168,0.075012,0.0619,0.0626,-10.5437
45340000,0.013833,-0.019938,0.073887,-0.1026,-0.1196,-10.5931
45350000,0.011364,-0.016724,0.073630,0.0387,0.0403,-10.3590
45360000,0.011234,-0.020565,0.073280,-0.0459,-0.0089,-10.4677
45370000,0.013088,-0.019821,0.076248,0.1633,0.0502,-10.7025
45380000,0.014408,-0.017246,0.076358,-0.0310,0.0346,-10.5554
45390000,0.009818,-0.013956,0.075811,-0.0255,-0.0446,-10.6272
45400000,0.014366,-0.019248,0.078218,-0.1003,-0.1042,-10.6086
45410000,0.014888,-0.017618,0.076695,-0.0488,-0.0110,-10.5839
45420000,0.014137,-0.020308,0.075088,-0.0658,0.1429,-10.5203
45430000,0.009785,-0.021125,0.076454,-0.0208,-0.0487,-10.5815
45440000,0.012210,-0.018012,0.077406,-0.0048,-0.0410,-10.5596
45450000,0.014145,-0.017547,0.075571,0.1160,0.0816,-10.4363
45460000,0.010743,-0.020180,0.079768,-0.0173,-0.0508,-10.6501
45470000,0.011218,-0.022375,0.073187,-0.0206,-0.0004,-10.6587
45480000,0.011269,-0.016734,0.073771,0.0552,0.1176,-10.6717
45490000,0.011989,-0.020260,0.075009,-0.0137,0.0803,-10.5871
45500000,0.014628,-0.018859,0.073650,0.0063,-0.0136,-10.5200
45510000,0.011201,-0.018092,0.077696,-0.2104,0.1057,-10.6267
45520000,0.014184,-0.015695,0.076273,-0.0053,-0.0226,-10.6915
45530000,0.014726,-0.018636,0.076946,0.1281,-0.0019,-10.5859
45540000,0.012425,-0.017778,0.074394,-0.0990,-0.2054,-10.5916
45550000,0.012860,-0.019272,0.075079,0.0153,-0.0422,-10.6861
45560000,0.010907,-0.017995,0.074680,-0.0054,-0.1136,-10.6101
45570000,0.011778,-0.018400,0.075450,-0.0633,-0.0217,-10.7397
45580000,0.009567,-0.016628,0.076396,0.0308,0.0362,-10.4106
45590000,0.016572,-0.018693,0.081001,-0.0033,-0.0820,-10.7375
45600000,0.012700,-0.017715,0.075806,0.0370,-0.0901,-10.5346
45610000,0.011069,-0.014124,0.077498,-0.0206,0.0442,-10.6677
45620000,0.011765,-0.019615,0.072518,-0.0538,-0.0449,-10.7153
45630000,0.010691,-0.014510,0.076262,0.0603,-0.0859,-10.6630
45640000,0.008670,-0.019994,0.074531,0.0128,0.0048,-10.8004
45650000,0.013421,-0.018934,0.073548,0.0314,0.0428,-10.5634
45660000,0.009778,-0.016687,0.079048,-0.0047,0.0179,-10.5667
45670000,0.010276,-0.019169,0.073932,0.0264,0.0710,-10.5803
45680000,0.009415,-0.019452,0.077138,-0.0713,-0.0636,-10.7077
45690000,0.012034,-0.018446,0.074517,-0.0988,-0.0738,-10.6362
45700000,0.006015,-0.015400,0.073789,0.0324,-0.0470,-10.6892
45710000,0.008098,-0.015141,0.072474,0.0357,-0.0493,-10.6790
45720000,0.010678,-0.020521,0.076437,-0.0418,0.0871,-10.5629
45730000,0.008990,-0.015124,0.076488,0.0433,0.0384,-10.7050
45740000,0.010590,-0.023347,0.075590,0.0554,-0.0172,-10.6467
45750000,0.012336,-0.011200,0.077593,0.0977,-0.1028,-10.7192
45760000,0.014481,-0.017711,0.073540,-0.0203,0.0138,-10.6798
45770000,0.012175,-0.018141,0.074839,-0.0319,-0.0902,-10.7093
45780000,0.011204,-0.019447,0.074709,0.0872,-0.0575,-10.8407
45790000,0.011321,-0.016917,0.074299,0.0191,-0.0203,-10.7714
45800000,0.011868,-0.019361,0.077559,0.0811,0.0491,-10.6902
45810000,0.011395,-0.020902,0.073641,0.0060,-0.0595,-10.5761
45820000,0.011905,-0.016509,0.076216,-0.0414,-0.0596,-10.7709
45830000,0.011231,-0.022545,0.077008,0.0028,-0.1492,-10.6216
45840000,0.014031,-0.019838,0.076103,-0.0125,-0.0134,-10.7455
45850000,0.011210,-0.019091,0.077700,-0.0162,0.0795,-10.8735
45860000,0.012695,-0.015912,0.076570,0.0088,0.0765,-10.7556
45870000,0.009129,-0.018910,0.078314,-0.0928,-0.0983,-11.0050
45880000,0.012051,-0.023639,0.071975,-0.0304,-0.0093,-10.8339
45890000,0.010278,-0.018074,0.073856,0.0624,0.0550,-10.7918
45900000,0.011402,-0.016995,0.070886,0.0039,0.0840,-10.6638
45910000,0.012619,-0.019369,0.073113,-0.0011,0.0370,-10.7205
45920000,0.011486,-0.016375,0.074689,0.1111,-0.0252,-10.7375
45930000,0.011730,-0.018826,0.077909,-0.0037,0.0522,-10.7355
45940000,0.012461,-0.015028,0.077315,0.0025,0.1012,-10.6086
45950000,0.010775,-0.015905,0.076633,0.0345,-0.0598,-10.7790
45960000,0.009164,-0.019114,0.073928,0.0476,0.1321,-10.7793
45970000,0.010298,-0.016908,0.078081,0.0294,-0.0423,-10.7886
45980000,0.013073,-0.018735,0.074681,-0.0349,-0.0307,-10.7053
45990000,0.012223,-0.017050,0.072591,0.0438,-0.0386,-10.7897
46000000,0.010981,-0.016761,0.077445,0.0194,-0.0056,-10.7872
46010000,0.012483,-0.015928,0.077182,0.0885,-0.0163,-10.6246
46020000,0.011312,-0.015331,0.075502,0.0223,0.0517,-10.6678
46030000,0.012965,-0.018138,0.075473,-0.0374,-0.0102,-10.7883
46040000,0.010796,-0.021213,0.075738,-0.1582,-0.0208,-10.7187
46050000,0.012256,-0.019484,0.075784,-0.1148,0.0939,-10.8174
46060000,0.009242,-0.021401,0.074646,0.0151,-0.0911,-10.8058
46070000,0.012588,-0.016652,0.073547,0.0033,0.0225,-10.7735
46080000,0.012525,-0.018302,0.077431,0.0476,0.0801,-10.8928
46090000,0.013550,-0.017268,0.078036,0.0861,0.0631,-10.8062
46100000,0.005403,-0.017789,0.077873,-0.0284,-0.0630,-10.8804
46110000,0.012719,-0.016915,0.075033,-0.0321,0.0856,-10.8662
46120000,0.012671,-0.016341,0.073371,-0.0533,0.0464,-10.6478
46130000,0.010843,-0.016619,0.071130,0.0292,0.0418,-10.7455
46140000,0.012414,-0.019734,0.074706,0.0017,0.0295,-10.7760
46150000,0.007996,-0.016804,0.073604,-0.1074,-0.0655,-10.7896
46160000,0.012649,-0.019042,0.076761,-0.0845,0.0815,-10.7072
46170000,0.011894,-0.017352,0.077096,-0.0831,0.0162,-10.7867
46180000,0.010060,-0.015005,0.077650,0.0773,0.0078,-10.7911
46190000,0.010365,-0.013666,0.073967,-0.0041,-0.1018,-10.9285
46200000,0.008643,-0.017229,0.073837,0.0497,0.0058,-10.8589
46210000,0.014910,-0.019208,0.074365,0.1430,-0.0694,-10.6964
46220000,0.012529,-0.014492,0.076841,-0.0107,-0.0842,-10.7089
46230000,0.010551,-0.018462,0.072176,0.0299,0.1906,-10.7968
46240000,0.012805,-0.019438,0.075960,-0.1220,-0.1437,-10.8575
46250000,0.011271,-0.018426,0.077461,0.0165,0.1657,-10.8919
46260000,0.013364,-0.018258,0.075420,-0.0855,-0.0414,-10.7982
46270000,0.007866,-0.016618,0.070975,0.0440,-0.0619,-10.8157
46280000,0.011202,-0.020111,0.073677,-0.0264,0.0474,-10.8570
46290000,0.012233,-0.019778,0.074318,-0.0183,-0.0872,-10.7392
46300000,0.012339,-0.017092,0.076826,-0.0620,0.0389,-10.9200
46310000,0.011666,-0.017834,0.074588,0.0031,-0.0194,-10.7563
46320000,0.015171,-0.013597,0.073569,0.0797,0.1213,-10.8453
46330000,0.011638,-0.016933,0.074310,-0.0017,0.0920,-10.8293
46340000,0.011355,-0.020880,0.073665,0.0808,0.0341,-10.8267
46350000,0.011065,-0.015554,0.073388,0.1122,-0.0856,-10.8050
46360000,0.009409,-0.019392,0.076262,0.0065,-0.0249,-10.9461
46370000,0.010081,-0.018725,0.073446,0.0026,0.0358,-10.8044
46380000,0.011021,-0.014115,0.072479,0.0292,-0.0241,-10.8244
46390000,0.010104,-0.018252,0.071728,0.0293,0.1405,-10.6640
46400000,0.009740,-0.014890,0.072701,0.0768,0.0105,-10.8573
46410000,0.010749,-0.019415,0.076603,0.0499,0.0768,-10.7049
46420000,0.010260,-0.015158,0.073511,-0.0312,0.0045,-10.8102
46430000,0.009237,-0.017772,0.073568,0.0324,-0.0369,-10.7495
46440000,0.010757,-0.016016,0.079211,-0.0548,-0.0553,-10.7087
46450000,0.009954,-0.017542,0.071993,0.0674,-0.0187,-10.6986
46460000,0.011482,-0.018707,0.075715,-0.0875,0.0148,-10.8865
46470000,0.009160,-0.016578,0.076639,-0.1839,0.0174,-10.8353
46480000,0.009872,-0.019088,0.076488,0.0477,-0.0173,-10.7637
46490000,0.011081,-0.019937,0.076586,0.1805,0.0051,-10.6816
46500000,0.010105,-0.017357,0.074586,-0.0838,-0.0257,-10.6557
46510000,0.009920,-0.018724,0.080220,-0.0950,0.0012,-10.8106
46520000,0.009511,-0.018022,0.070245,-0.0209,-0.0653,-10.8058
46530000,0.013241,-0.017512,0.071229,-0.0639,-0.0051,-10.7620
46540000,0.010431,-0.016095,0.071627,-0.1177,0.0066,-10.7506
46550000,0.007603,-0.016776,0.074471,-0.0392,-0.0524,-10.7642
46560000,0.010250,-0.020865,0.075933,-0.0123,0.0718,-10.6014
46570000,0.010618,-0.015009,0.073399,-0.0392,0.0996,-10.8013
46580000,0.009353,-0.017432,0.071645,0.1525,0.1277,-10.8033
46590000,0.010654,-0.016259,0.074290,-0.1017,-0.1149,-10.7910
46600000,0.012489,-0.016261,0.078609,-0.0540,0.0682,-10.7046
46610000,0.007665,-0.015949,0.075565,0.0046,0.0665,-10.8268
46620000,0.009013,-0.019693,0.073469,-0.0434,0.0164,-10.8018
46630000,0.011737,-0.020830,0.076141,-0.0197,-0.0234,-10.7474
46640000,0.008992,-0.017738,0.074672,0.0126,0.0393,-10.9294
46650000,0.011577,-0.019582,0.076166,-0.0133,0.0338,-10.7003
46660000,0.009611,-0.016953,0.075388,-0.1178,-0.1414,-10.6554
46670000,0.012271,-0.019788,0.070438,0.0764,-0.0055,-10.7998
46680000,0.011012,-0.018759,0.075092,-0.0207,-0.0646,-10.8095
46690000,0.006131,-0.018046,0.073129,0.0019,-0.0901,-10.7797
46700000,0.012551,-0.014751,0.074997,-0.0456,-0.0448,-10.8302
46710000,0.011081,-0.019795,0.075854,0.0000,0.0367,-10.8539
46720000,0.008929,-0.014756,0.074619,0.0589,-0.0865,-10.7303
46730000,0.009724,-0.019418,0.073099,0.0268,-0.0297,-10.7774
46740000,0.006785,-0.016636,0.076411,-0.0702,0.0796,-10.7130
46750000,0.009920,-0.016893,0.075988,0.0363,-0.1317,-10.7130
46760000,0.010004,-0.016687,0.074814,-0.0674,0.0209,-10.6754
46770000,0.008119,-0.015123,0.072992,0.0929,0.1090,-10.6988
46780000,0.006378,-0.018144,0.073791,0.1052,-0.0611,-10.7687
46790000,0.013725,-0.020839,0.075300,-0.0210,0.0292,-10.7414
46800000,0.008848,-0.017348,0.071055,-0.0089,-0.0888,-10.6856
46810000,0.009332,-0.018367,0.070791,0.1010,0.0087,-10.5894
46820000,0.009047,-0.015436,0.075368,-0.0139,-0.0606,-10.7256
46830000,0.009219,-0.017641,0.074561,0.0896,-0.0661,-10.6322
46840000,0.009681,-0.017585,0.073567,0.1061,0.0304,-10.7865
46850000,0.007756,-0.017186,0.074870,-0.1278,-0.0881,-10.6389
46860000,0.008446,-0.018472,0.071414,0.0237,-0.0330,-10.7015
46870000,0.009107,-0.013848,0.074783,-0.0921,0.0364,-10.8641
46880000,0.011179,-0.018734,0.074506,-0.0073,0.0682,-10.6273
46890000,0.009843,-0.025546,0.072493,0.0181,0.0202,-10.6625
46900000,0.009014,-0.018811,0.074021,0.0943,-0.1634,-10.6736
46910000,0.005948,-0.020728,0.072073,-0.0742,0.0906,-10.7996
46920000,0.010160,-0.018252,0.069596,-0.0293,0.0233,-10.7270
46930000,0.008267,-0.015585,0.075958,0.0127,-0.1454,-10.7344
46940000,0.011547,-0.019312,0.075531,0.0946,0.0093,-10.5441
46950000,0.011281,-0.016698,0.073358,-0.0784,-0.0423,-10.6005
46960000,0.012681,-0.016966,0.073635,-0.0922,0.0726,-10.6155
46970000,0.008170,-0.019035,0.075582,0.0598,-0.0366,-10.5933
46980000,0.006394,-0.016950,0.077088,-0.0066,-0.0413,-10.7420
46990000,0.009809,-0.017382,0.071325,0.0720,-0.0380,-10.4922
47000000,0.009227,-0.017498,0.073334,0.0089,0.0844,-10.6419
47010000,0.008822,-0.015675,0.074320,-0.0779,0.0683,-10.5837
47020000,0.010871,-0.017316,0.073836,0.0242,-0.1096,-10.7616
47030000,0.012960,-0.020699,0.072782,0.0234,0.0684,-10.6542
47040000,0.010750,-0.017705,0.077045,0.0466,0.0484,-10.5574
47050000,0.006417,-0.017875,0.071443,-0.1452,-0.0450,-10.7342
47060000,0.006925,-0.017205,0.073723,-0.0297,-0.1185,-10.7650
47070000,0.011074,-0.016375,0.073034,0.0462,-0.0717,-10.4912
47080000,0.008430,-0.016596,0.074463,0.0663,-0.0115,-10.6080
47090000,0.007454,-0.016569,0.071366,0.0204,-0.0313,-10.6698
47100000,0.009656,-0.021167,0.072658,0.0704,0.0293,-10.4626
47110000,0.011081,-0.019329,0.071866,0.0751,-0.0266,-10.6168
47120000,0.009324,-0.016411,0.071796,0.0368,0.0231,-10.4433
47130000,0.011636,-0.016918,0.073419,0.0245,-0.1193,-10.5773
47140000,0.011601,-0.017300,0.072755,0.1187,0.0390,-10.6265
47150000,0.010447,-0.019858,0.074377,0.0094,0.0474,-10.5895
47160000,0.008066,-0.018319,0.075296,0.1105,0.0307,-10.4471
47170000,0.011026,-0.017228,0.074701,0.0688,-0.1059,-10.4268
47180000,0.008063,-0.014334,0.073061,-0.0227,-0.0639,-10.6161
47190000,0.008700,-0.018333,0.074067,-0.0559,-0.0683,-10.4898
47200000,0.008488,-0.016366,0.071125,0.0785,-0.0066,-10.5005
47210000,0.010615,-0.017696,0.072903,0.1084,-0.1235,-10.5436
47220000,0.006679,-0.018874,0.075746,0.0147,-0.0688,-10.4994
47230000,0.006894,-0.017813,0.073363,-0.0761,0.0036,-10.4655
47240000,0.009034,-0.018537,0.070991,-0.0346,-0.0460,-10.3936
47250000,0.007981,-0.017025,0.070452,-0.0641,-0.0857,-10.3350
47260000,0.006141,-0.016531,0.072161,0.0320,0.0029,-10.5727
47270000,0.006481,-0.015677,0.071541,0.0006,-0.0492,-10.5710
47280000,0.010041,-0.018108,0.071583,-0.0362,0.1896,-10.4627
47290000,0.007156,-0.015865,0.074205,-0.0573,-0.0243,-10.4071
47300000,0.009212,-0.019815,0.070508,0.0985,0.0556,-10.5249
47310000,0.008250,-0.019400,0.072206,-0.0020,0.0458,-10.3385
47320000,0.009976,-0.020718,0.073979,0.1878,0.0155,-10.3861
47330000,0.008522,-0.016350,0.070579,0.0177,-0.0029,-10.3975
47340000,0.011481,-0.019971,0.073072,0.0987,-0.0722,-10.3297
47350000,0.011703,-0.019277,0.069688,-0.0590,0.0867,-10.5616
47360000,0.009136,-0.016442,0.071477,-0.0181,-0.0369,-10.4572
47370000,0.010693,-0.015512,0.072625,-0.0300,-0.0605,-10.3507
47380000,0.009284,-0.016703,0.073001,-0.0567,0.0224,-10.5295
47390000,0.010572,-0.017223,0.071689,-0.1501,0.0793,-10.4324
47400000,0.006305,-0.018345,0.070757,0.1116,0.0058,-10.3161
47410000,0.011226,-0.017306,0.074975,0.0299,0.0043,-10.5144
47420000,0.006577,-0.019995,0.069697,-0.1408,0.0067,-10.5002
47430000,0.008905,-0.017461,0.074943,-0.0089,0.0440,-10.4821
47440000,0.010455,-0.019915,0.071473,0.0231,0.0510,-10.2714
47450000,0.009920,-0.019237,0.073236,-0.0265,0.0192,-10.3185
47460000,0.009945,-0.017306,0.073448,0.1813,0.0336,-10.4751
47470000,0.010897,-0.016673,0.073870,0.1336,-0.0043,-10.2937
47480000,0.011289,-0.016404,0.072845,-0.0158,-0.0470,-10.3898
47490000,0.005087,-0.016691,0.073764,-0.0709,0.0499,-10.1948
47500000,0.009065,-0.021011,0.071823,0.0497,-0.0615,-10.3698
47510000,0.007984,-0.018554,0.072170,0.0213,-0.0544,-10.2584
47520000,0.012696,-0.014924,0.070229,0.0513,-0.0206,-10.3044
47530000,0.008607,-0.017549,0.073743,-0.0961,0.0223,-10.1948
47540000,0.008892,-0.019187,0.074745,0.0289,0.1071,-10.2861
47550000,0.008923,-0.017555,0.074117,0.1245,-0.1490,-10.2816
47560000,0.008482,-0.018230,0.068920,-0.1019,-0.1352,-10.3313
47570000,0.010173,-0.019892,0.071223,-0.1102,-0.0544,-10.2120
47580000,0.008792,-0.017809,0.074227,0.0428,0.0522,-10.4053
47590000,0.011041,-0.020933,0.067733,-0.0387,0.0493,-10.2737
47600000,0.010665,-0.016462,0.069647,0.0257,-0.1921,-10.2471
47610000,0.007030,-0.020590,0.073446,0.0887,0.1295,-10.3278
47620000,0.007021,-0.019094,0.072153,-0.1536,0.0767,-10.3707
47630000,0.008151,-0.019397,0.069542,0.0835,-0.0062,-10.3002
47640000,0.005411,-0.017932,0.070199,0.0412,0.1603,-10.1179
47650000,0.010328,-0.018271,0.066316,0.0392,-0.0035,-10.2156
47660000,0.010162,-0.017524,0.072675,0.1053,-0.0877,-10.2044
47670000,0.007335,-0.018020,0.071248,0.0830,-0.0132,-10.2548
47680000,0.008537,-0.016711,0.068490,-0.0359,0.0280,-10.3867
47690000,0.009509,-0.017160,0.073568,0.1382,-0.0248,-10.2484
47700000,0.010663,-0.018504,0.077190,-0.1033,-0.0200,-10.3397
47710000,0.006327,-0.016295,0.070715,0.0144,-0.0418,-10.2526
47720000,0.004069,-0.017761,0.068957,0.1508,-0.0633,-10.2471
47730000,0.009998,-0.017660,0.071201,-0.0127,0.0390,-9.9808
47740000,0.007499,-0.015721,0.073228,0.0278,-0.0659,-10.1614
47750000,0.008254,-0.016935,0.070528,-0.0958,0.0023,-10.1708
47760000,0.005589,-0.015731,0.068970,0.0928,0.0249,-10.1037
47770000,0.009308,-0.017820,0.071478,-0.1224,-0.0837,-10.1389
47780000,0.008040,-0.023119,0.069303,0.0140,0.0358,-10.0725
47790000,0.006001,-0.018100,0.071877,-0.1148,0.0194,-10.2874
47800000,0.010481,-0.018125,0.065706,0.0706,-0.0024,-10.0340
47810000,0.007995,-0.018130,0.072536,0.0568,0.0542,-10.0188
47820000,0.011357,-0.020748,0.074695,0.0879,0.0765,-10.0752
47830000,0.011288,-0.017919,0.071345,-0.0852,-0.0458,-10.1401
47840000,0.006679,-0.017747,0.068921,0.0224,-0.1479,-9.9426
47850000,0.009387,-0.018636,0.069968,0.0412,0.0243,-10.0121
47860000,0.007054,-0.016923,0.070312,-0.0690,0.1672,-10.0809
47870000,0.008563,-0.017921,0.072397,0.0007,-0.1479,-10.1550
47880000,0.008046,-0.020478,0.069229,-0.0507,-0.0222,-10.0114
47890000,0.005885,-0.019094,0.072042,0.0503,-0.0054,-10.1234
47900000,0.006489,-0.015451,0.069690,0.0209,0.0089,-10.0067
47910000,0.007043,-0.014886,0.069590,-0.0208,0.0403,-10.0902
47920000,0.011843,-0.016460,0.072475,0.0278,0.0648,-10.1290
47930000,0.008869,-0.016532,0.068296,-0.0190,-0.0663,-10.0394
47940000,0.011731,-0.015799,0.072091,-0.0974,-0.0209,-9.9938
47950000,0.008835,-0.018230,0.071172,-0.0437,0.1351,-9.8322
47960000,0.007860,-0.020916,0.064361,-0.0119,-0.0709,-10.0350
47970000,0.009153,-0.018300,0.070804,-0.0416,-0.0263,-9.8921
47980000,0.008327,-0.018261,0.066731,-0.0200,0.0887,-9.9997
47990000,0.006401,-0.018206,0.069679,0.0342,0.0853,-9.9090
48000000,0.009223,-0.014703,0.068035,0.0718,-0.1357,-10.1091
48010000,0.008823,-0.018992,0.069882,-0.1071,0.0202,-9.8014
48020000,0.007635,-0.015942,0.067176,0.0161,-0.1526,-9.9263
48030000,0.003847,-0.014341,0.072003,0.0915,-0.0797,-10.0185
48040000,0.008173,-0.018408,0.072237,0.0537,-0.0401,-10.0213
48050000,0.009310,-0.017331,0.068120,0.1120,-0.1260,-9.9798
48060000,0.005835,-0.019537,0.065907,-0.0074,0.0875,-9.8576
48070000,0.008653,-0.016841,0.068956,0.0988,0.1096,-9.9459
48080000,0.006432,-0.013280,0.066500,0.1015,0.0487,-9.9857
48090000,0.006473,-0.018961,0.070588,0.0612,0.0329,-9.7532
48100000,0.009798,-0.014475,0.073077,-0.0487,-0.0964,-10.0011
48110000,0.005710,-0.015948,0.070980,0.0786,0.1142,-9.8796
48120000,0.013045,-0.018437,0.071405,-0.0872,-0.0374,-9.8140
48130000,0.009545,-0.013937,0.068612,0.0013,-0.0670,-9.8322
48140000,0.006769,-0.014344,0.065495,-0.0262,0.0297,-9.8270
48150000,0.008645,-0.015412,0.067106,0.0056,-0.0797,-9.7526
48160000,0.009118,-0.020080,0.071976,-0.0780,-0.0824,-9.7546
48170000,0.008699,-0.019808,0.067574,-0.0310,0.0858,-9.7369
48180000,0.005941,-0.015623,0.067990,0.0591,-0.1711,-9.6476
48190000,0.008098,-0.020424,0.066920,0.0621,0.0772,-9.8410
48200000,0.007075,-0.017400,0.069391,0.1608,0.0440,-9.7956
48210000,0.006914,-0.017953,0.072713,-0.0769,-0.1182,-9.8272
48220000,0.011551,-0.014892,0.074482,-0.0045,0.0475,-9.7658
48230000,0.007188,-0.018099,0.070477,0.0715,-0.0148,-9.8111
48240000,0.002980,-0.012431,0.071269,0.0352,0.0252,-9.6217
48250000,0.008604,-0.018056,0.070800,-0.0442,-0.0280,-9.7494
48260000,0.009979,-0.021841,0.068374,0.0989,0.0737,-9.9211
48270000,0.007565,-0.020499,0.071605,0.0028,-0.0340,-9.6600
48280000,0.005452,-0.014740,0.073005,-0.0296,-0.0766,-9.7306
48290000,0.008974,-0.015613,0.071722,-0.1233,0.1155,-9.7020
48300000,0.009593,-0.018492,0.070981,0.0651,0.0187,-9.7002
48310000,0.011501,-0.020458,0.069865,0.1005,0.0582,-9.6748
48320000,0.009354,-0.018625,0.067615,0.0491,-0.0834,-9.8026
48330000,0.004173,-0.015995,0.071803,0.0095,0.0130,-9.5969
48340000,0.007378,-0.016045,0.068290,-0.0403,0.0094,-9.6573
48350000,0.008576,-0.018204,0.069103,-0.0970,0.0852,-9.6794
48360000,0.005909,-0.016199,0.066200,0.1413,0.0968,-9.7023
48370000,0.006722,-0.017545,0.067227,-0.1636,-0.0306,-9.6155
48380000,0.008147,-0.018815,0.065783,0.0335,-0.0341,-9.7819
48390000,0.004541,-0.015826,0.064196,0.0627,-0.0593,-9.6522
48400000,0.003916,-0.014422,0.067465,-0.0832,-0.0367,-9.6550
48410000,0.006748,-0.016887,0.069534,0.0663,0.0827,-9.5671
48420000,0.003476,-0.017965,0.071024,0.0777,0.0279,-9.6990
48430000,0.007154,-0.015859,0.067478,0.0958,0.1658,-9.7201
48440000,0.007932,-0.013910,0.066276,0.0757,-0.0891,-9.5991
48450000,0.007166,-0.014093,0.067227,-0.0353,-0.0834,-9.6572
48460000,0.004712,-0.014805,0.067674,0.0116,-0.1388,-9.5994
48470000,0.009120,-0.017348,0.069291,0.0490,-0.0034,-9.5378
48480000,0.008867,-0.012420,0.069333,0.1449,-0.1075,-9.5814
48490000,0.011844,-0.017052,0.069317,-0.1291,-0.0330,-9.6217
48500000,0.006669,-0.014584,0.068443,-0.0221,0.0115,-9.5706
48510000,0.005249,-0.017288,0.067494,0.0366,-0.0393,-9.5925
48520000,0.008200,-0.015183,0.068872,0.0850,0.0586,-9.5098
48530000,0.009419,-0.016681,0.067100,-0.0347,-0.0762,-9.5508
48540000,0.007062,-0.018128,0.068994,-0.0252,-0.0391,-9.4517
48550000,0.008424,-0.015532,0.065396,-0.1938,0.0082,-9.5307
48560000,0.005443,-0.018409,0.068301,-0.0485,-0.0410,-9.5900
48570000,0.005756,-0.015852,0.067940,-0.1307,-0.0052,-9.6003
48580000,0.007543,-0.016058,0.068681,0.0856,0.0310,-9.5149
48590000,0.005230,-0.018716,0.069895,-0.0673,-0.0290,-9.3558
48600000,0.007128,-0.017465,0.065109,-0.0050,-0.0856,-9.4580
48610000,0.005043,-0.014176,0.071046,0.1087,-0.0085,-9.4977
48620000,0.007875,-0.019088,0.064975,-0.0031,0.0486,-9.4088
48630000,0.002719,-0.019880,0.066704,-0.1540,0.0566,-9.3319
48640000,0.004247,-0.017167,0.067333,0.0435,-0.0348,-9.5585
48650000,0.004986,-0.015745,0.069739,0.1262,0.0749,-9.3794
48660000,0.006466,-0.017807,0.065292,0.0461,0.0547,-9.2396
48670000,0.006768,-0.014290,0.067746,-0.0251,0.0144,-9.3697
48680000,0.010450,-0.014249,0.069872,0.0818,0.0466,-9.4058
48690000,0.005301,-0.014725,0.067362,0.0606,-0.0907,-9.4952
48700000,0.005258,-0.016288,0.066846,-0.0409,0.0901,-9.3800
48710000,0.005093,-0.014505,0.069462,0.1034,0.0361,-9.4134
48720000,0.006140,-0.017163,0.067026,0.0992,0.0580,-9.3337
48730000,0.009298,-0.012055,0.064121,0.0314,-0.0417,-9.4055
48740000,0.008601,-0.015539,0.067736,0.0193,-0.0500,-9.2439
48750000,0.004570,-0.016140,0.066284,0.0207,-0.0706,-9.3339
48760000,0.004387,-0.019400,0.064549,0.0539,-0.0888,-9.2071
48770000,0.006368,-0.017168,0.069252,-0.0843,-0.0913,-9.3929
48780000,0.007115,-0.014187,0.068095,-0.0386,-0.0180,-9.4023
48790000,0.009906,-0.012306,0.070542,-0.0600,-0.0624,-9.2862
48800000,0.006677,-0.013393,0.066614,-0.0654,-0.0615,-9.2717
48810000,0.005342,-0.014793,0.066624,-0.1319,-0.0245,-9.3408
48820000,0.007500,-0.016156,0.066546,-0.0229,-0.0084,-9.2696
48830000,0.007511,-0.014914,0.065164,-0.0613,0.0586,-9.2959
48840000,0.003877,-0.016228,0.064717,-0.0534,0.0037,-9.1876
48850000,0.005150,-0.013534,0.065675,0.0185,0.0769,-9.1343
48860000,0.011660,-0.013907,0.065783,-0.0064,-0.0648,-9.3643
48870000,0.010531,-0.009722,0.063727,0.0013,0.1005,-9.2687
48880000,0.003705,-0.013837,0.069954,0.0210,0.0173,-9.3252
48890000,0.010219,-0.014812,0.065260,0.0201,-0.0550,-9.2550
48900000,0.004425,-0.014103,0.067614,-0.0174,-0.0653,-9.2745
48910000,0.003391,-0.016215,0.067485,-0.0351,-0.0188,-9.3354
48920000,0.007281,-0.009222,0.067832,0.1083,-0.0553,-9.1165
48930000,0.003354,-0.013401,0.064873,0.0791,-0.0357,-9.2125
48940000,0.008209,-0.015061,0.061797,0.0090,0.0505,-9.2261
48950000,0.003294,-0.016961,0.068090,0.0404,-0.0668,-9.2195
48960000,0.004792,-0.014325,0.065233,-0.1968,0.0431,-9.3767
48970000,0.005947,-0.018573,0.065372,0.0718,-0.0085,-9.3545
48980000,0.001792,-0.015090,0.063891,0.0543,-0.0184,-9.2037
48990000,0.007265,-0.016390,0.065855,0.1908,0.0731,-9.0893
49000000,0.006434,-0.016100,0.062863,-0.0892,-0.1051,-9.2095
49010000,0.007357,-0.011062,0.060868,-0.0696,0.0044,-9.2474
49020000,0.005345,-0.008730,0.063976,-0.1001,0.1235,-9.2509
49030000,0.009418,-0.014514,0.064716,0.0601,-0.0121,-9.1242
49040000,0.006726,-0.016492,0.063240,0.0238,-0.1524,-9.2981
49050000,0.010112,-0.010944,0.064292,-0.0285,-0.0148,-9.1959
49060000,0.004358,-0.017387,0.061294,-0.0287,-0.0877,-9.0646
49070000,0.003093,-0.012740,0.064553,0.1636,-0.0347,-9.0909
49080000,0.007093,-0.012633,0.066830,0.0255,-0.1019,-9.0495
49090000,0.005510,-0.008875,0.068450,-0.0931,-0.0029,-9.0772
49100000,0.000884,-0.013244,0.064401,0.0792,-0.0598,-8.9854
49110000,0.009686,-0.012471,0.064453,-0.0437,0.0318,-9.0189
49120000,0.007811,-0.016045,0.060485,0.0602,0.0987,-8.9506
49130000,0.007710,-0.010966,0.065415,-0.1073,-0.1214,-8.9897
49140000,0.005047,-0.009940,0.064911,0.0620,-0.0156,-9.0151
49150000,0.005211,-0.011514,0.066054,-0.1323,0.0742,-9.0336
49160000,0.006435,-0.009899,0.066527,-0.0379,-0.0217,-9.0756
49170000,0.004721,-0.009900,0.065300,0.1249,0.0220,-8.9759
49180000,0.004845,-0.010674,0.063195,0.1019,0.0275,-9.0238
49190000,0.005000,-0.013926,0.063509,0.0255,0.0035,-9.1516
49200000,0.006858,-0.012003,0.066825,-0.1200,0.0852,-8.9916
49210000,0.000997,-0.011029,0.065333,-0.1828,-0.0095,-8.9524
49220000,0.001042,-0.013261,0.068344,-0.0367,-0.0671,-9.0161
49230000,0.001577,-0.013060,0.063831,-0.1040,-0.0713,-8.8168
49240000,-0.000905,-0.011681,0.063486,-0.0299,0.0679,-8.9875
49250000,0.004895,-0.012223,0.064433,0.0492,-0.0174,-9.0794
49260000,0.003680,-0.013017,0.061833,0.0870,-0.0774,-9.0934
49270000,0.003481,-0.009210,0.062034,-0.0225,0.0062,-9.0162
49280000,0.005028,-0.009729,0.060090,-0.0157,0.0669,-8.9957
49290000,0.003561,-0.011555,0.063275,-0.1811,0.0034,-8.8543
49300000,0.005213,-0.011147,0.063228,0.1156,-0.1644,-8.9093
49310000,0.003861,-0.011245,0.061375,0.0537,-0.0044,-8.9121
49320000,0.003718,-0.011260,0.063153,-0.0291,0.1648,-9.0616
49330000,0.002626,-0.009957,0.063239,0.0679,-0.0886,-9.1093
49340000,0.005484,-0.012241,0.063687,-0.0688,0.0940,-8.9458
49350000,0.000818,-0.010225,0.061460,-0.0772,0.0679,-8.8885
49360000,0.005912,-0.008001,0.063576,0.0062,-0.0117,-8.8167
49370000,0.000685,-0.009704,0.063102,0.0132,0.0705,-8.8831
49380000,0.006405,-0.010548,0.061422,-0.0706,-0.0200,-8.8611
49390000,0.004415,-0.010037,0.062655,0.0061,-0.0379,-8.8455
49400000,0.004953,-0.009152,0.067325,0.0741,0.0247,-8.7608
49410000,0.002173,-0.010850,0.062977,-0.1498,0.1047,-8.8901
49420000,0.003182,-0.008617,0.064796,0.0367,-0.0037,-8.9063
49430000,0.005389,-0.010022,0.059638,0.0112,-0.0040,-8.8323
49440000,0.003035,-0.010461,0.063072,0.0108,-0.0072,-8.7857
49450000,0.005771,-0.010576,0.062944,0.0092,0.0248,-8.7645
49460000,0.002815,-0.010224,0.064394,-0.0144,0.1052,-8.8692
49470000,0.002422,-0.012405,0.062697,0.0293,0.0963,-9.0078
49480000,0.003553,-0.008960,0.060821,0.0540,0.0589,-8.7944
49490000,0.001940,-0.007521,0.063145,-0.0245,0.0328,-8.6615
49500000,0.002381,-0.011289,0.063418,-0.0095,0.0780,-8.8694
49510000,0.003183,-0.007917,0.059725,0.0366,0.0539,-8.8390
49520000,0.002677,-0.010330,0.063530,0.0594,-0.0147,-8.7789
49530000,0.002114,-0.007214,0.060623,0.1638,0.0778,-8.8727
49540000,0.002200,-0.009551,0.066769,0.0116,0.0290,-8.8643
49550000,0.009874,-0.006921,0.061739,-0.1282,-0.0071,-8.7479
49560000,0.001572,-0.003154,0.065361,0.0684,0.0098,-8.8224
49570000,0.000770,-0.008832,0.059892,-0.1008,-0.0141,-8.7796
49580000,0.001722,-0.011835,0.058448,0.1383,-0.0919,-8.7930
49590000,0.005909,-0.005145,0.060579,0.1033,0.0607,-8.6293
49600000,0.003925,-0.009694,0.065147,-0.0315,0.1186,-8.8575
49610000,0.000774,-0.007530,0.059284,0.1186,-0.0498,-8.8086
49620000,0.002938,-0.006207,0.063241,-0.1348,-0.0480,-8.8288
49630000,0.000694,-0.003578,0.061534,-0.0702,-0.0029,-8.7539
49640000,-0.001852,-0.004722,0.062007,-0.0088,0.0942,-8.8053
49650000,0.002433,-0.007493,0.062550,-0.1000,-0.0198,-8.7034
49660000,0.005960,-0.006246,0.061888,-0.1320,-0.0098,-8.5713
49670000,0.003308,-0.009341,0.062954,-0.0198,-0.0226,-8.7744
49680000,0.003788,-0.006463,0.058937,-0.0748,0.0279,-8.7481
49690000,0.006021,-0.008935,0.058534,0.0010,-0.1067,-8.6731
49700000,0.000578,-0.006287,0.062385,-0.0427,0.1187,-8.7695
49710000,0.006864,-0.005956,0.066594,-0.0628,0.1325,-8.7318
49720000,0.001295,-0.006885,0.060938,-0.0716,-0.1663,-8.5837
49730000,0.003195,-0.008380,0.063683,-0.0378,0.1662,-8.7007
49740000,0.002763,-0.011132,0.068379,0.0312,-0.0689,-8.7156
49750000,0.001145,-0.004473,0.061040,0.1428,-0.1247,-8.7560
49760000,0.002826,-0.004541,0.060560,-0.0886,0.0766,-8.6205
49770000,-0.002818,-0.007523,0.062720,-0.1386,-0.0697,-8.7890
49780000,0.005601,-0.005227,0.062085,-0.0386,0.0374,-8.5753
49790000,0.003020,-0.005558,0.062082,-0.1323,0.1086,-8.6096
49800000,0.001843,-0.007355,0.060841,0.0509,0.0941,-8.6507
49810000,0.004205,-0.003307,0.062514,0.0378,-0.0125,-8.7843
49820000,0.002762,-0.009466,0.059566,0.0101,0.1215,-8.4183
49830000,0.000797,-0.004626,0.057177,0.0430,-0.0248,-8.7128
49840000,0.004498,-0.004227,0.062823,-0.0152,-0.1240,-8.6233
49850000,0.003192,-0.007974,0.060731,-0.1010,0.0671,-8.5605
49860000,0.003875,-0.001819,0.065720,-0.1957,0.0008,-8.6561
49870000,-0.000042,-0.003402,0.061748,-0.0555,-0.0573,-8.4972
49880000,-0.000154,-0.005539,0.060863,-0.0187,0.1790,-8.5425
49890000,0.001952,-0.001760,0.060606,-0.0161,0.0242,-8.6110
49900000,0.002510,-0.006136,0.061429,0.1131,-0.1439,-8.5528
49910000,0.000539,-0.000528,0.060488,0.0506,-0.1208,-8.6085
49920000,0.002431,-0.006395,0.058141,-0.0054,0.0127,-8.5857
49930000,0.003108,-0.006098,0.063161,-0.1740,-0.0223,-8.6848
49940000,0.003890,-0.006245,0.061442,-0.0238,0.0905,-8.6878
49950000,0.004031,-0.000883,0.061048,-0.0989,-0.0573,-8.8640
49960000,0.001940,-0.000028,0.062436,-0.0733,-0.0615,-8.5958
49970000,0.001157,-0.000013,0.064292,-0.0488,-0.0277,-8.6246
49980000,0.002604,0.000084,0.058451,0.0396,0.0812,-8.6502
49990000,0.004131,-0.002526,0.059224,0.0987,-0.0459,-8.7257
50000000,-0.001468,-0.002457,0.062343,0.0616,0.1035,-8.5145
50010000,-0.002238,-0.002464,0.060319,0.0367,0.0043,-8.5844
50020000,-0.003679,-0.002656,0.063281,-0.0012,-0.0314,-8.5431
50030000,0.000009,-0.005144,0.058365,-0.1471,0.0749,-8.4433
50040000,0.002514,-0.001244,0.062849,0.0470,0.0627,-8.4289
50050000,0.001955,-0.002260,0.063177,-0.0085,-0.0799,-8.6360
50060000,0.006142,-0.005750,0.058767,-0.0674,-0.0926,-8.4907
50070000,0.004499,-0.000816,0.058244,0.1124,-0.0525,-8.4151
50080000,-0.000658,-0.005242,0.061092,0.1274,0.0438,-8.4162
50090000,-0.000994,-0.000541,0.061153,0.1801,0.0326,-8.5543
50100000,-0.000999,-0.002359,0.059678,0.0931,-0.0183,-8.5675
50110000,-0.000922,0.000232,0.058971,0.0212,0.0477,-8.5256
50120000,-0.000696,0.005239,0.057778,0.0124,0.2071,-8.3877
50130000,0.003224,0.000279,0.062062,-0.0223,0.0935,-8.5044
50140000,-0.001724,-0.000381,0.060749,0.1406,0.0453,-8.5548
50150000,-0.001205,0.000324,0.058845,-0.0553,0.1318,-8.5586
50160000,0.000378,0.000494,0.059048,-0.0064,0.0257,-8.3446
50170000,-0.000280,-0.001349,0.061496,0.0655,0.0189,-8.6079
50180000,0.000177,-0.003573,0.058340,-0.0677,0.0152,-8.5076
50190000,-0.000718,-0.001721,0.056834,-0.1126,-0.0874,-8.5211
50200000,-0.002544,-0.004010,0.062715,-0.0897,-0.0369,-8.4627
50210000,-0.000078,0.001486,0.059258,0.0773,0.1113,-8.5762
50220000,-0.000716,-0.002911,0.057570,0.0100,-0.0834,-8.4535
50230000,0.000391,-0.001777,0.062689,0.0109,-0.0569,-8.3613
50240000,-0.000532,-0.001079,0.062287,0.1283,-0.0147,-8.5174
50250000,-0.002167,0.001128,0.061475,0.0397,-0.0161,-8.6109
50260000,-0.003108,0.003425,0.056978,0.0748,0.0239,-8.3511
50270000,0.001268,-0.000943,0.057239,0.1405,0.0377,-8.4511
50280000,0.002056,-0.003146,0.056005,-0.2326,-0.0128,-8.4560
50290000,0.001300,-0.002658,0.057890,0.0396,-0.0676,-8.5804
50300000,0.000588,0.001689,0.059414,0.0504,0.0239,-8.3954
50310000,0.000081,0.002611,0.062590,0.0917,0.0867,-8.3983
50320000,-0.006085,0.000574,0.060090,0.0398,0.0850,-8.4467
50330000,0.000758,0.002288,0.059717,0.0181,-0.1165,-8.3683
50340000,0.000525,0.002867,0.060083,0.0386,0.0321,-8.4694
50350000,-0.001079,0.002338,0.060406,0.0125,0.0673,-8.5462
50360000,0.001647,0.001378,0.058837,-0.0162,-0.0238,-8.3151
50370000,-0.000865,-0.000565,0.060619,0.0070,-0.0245,-8.4052
50380000,0.002196,0.001920,0.057573,-0.0786,0.0649,-8.4791
50390000,-0.000442,0.000270,0.054187,-0.0996,-0.0039,-8.4802
50400000,0.001040,0.004744,0.056890,0.0322,0.0209,-8.4144
50410000,-0.003177,0.006513,0.055056,-0.1052,0.0360,-8.5884
50420000,-0.000927,0.004022,0.061124,-0.0173,0.0122,-8.3172
50430000,-0.001024,0.003723,0.058476,-0.1066,-0.0968,-8.3976
50440000,0.001115,0.006055,0.056943,-0.1173,-0.0571,-8.5008
50450000,-0.002271,0.005597,0.058004,0.0453,-0.0181,-8.5187
50460000,-0.001587,0.003887,0.060012,0.0595,0.0424,-8.5468
50470000,0.002270,0.005379,0.060579,0.0313,0.0424,-8.4114
50480000,-0.001543,0.004326,0.055220,-0.1586,-0.0646,-8.4442
50490000,-0.005407,0.003892,0.060200,-0.0579,0.0191,-8.3753
50500000,-0.003418,0.007210,0.058905,0.0236,0.1437,-8.5593
50510000,-0.003107,0.006400,0.058375,0.0707,0.1164,-8.4951
50520000,-0.002620,0.006393,0.060034,0.0366,-0.0597,-8.5246
50530000,0.000758,0.004615,0.057293,0.0965,-0.0357,-8.5065
50540000,-0.006225,0.002208,0.057546,0.0114,0.0108,-8.4355
50550000,0.002077,0.005407,0.058464,0.0629,-0.0471,-8.4110
50560000,-0.001043,0.007504,0.059752,-0.0300,0.0579,-8.5258
50570000,-0.003100,0.004739,0.057574,-0.0033,0.0275,-8.5296
50580000,-0.003232,0.006033,0.055930,-0.0274,-0.0329,-8.3259
50590000,-0.002107,0.009759,0.058345,-0.0449,-0.1518,-8.3879
50600000,-0.004176,0.008085,0.058141,0.0573,-0.1118,-8.4122
50610000,0.001069,0.008432,0.056068,-0.0204,-0.1457,-8.5097
50620000,0.000453,0.008525,0.061154,-0.0522,0.0008,-8.5979
50630000,-0.000521,0.005714,0.060716,0.0395,0.0945,-8.5027
50640000,-0.001720,0.007159,0.056308,-0.0030,0.0635,-8.4410
50650000,-0.000680,0.008269,0.058307,-0.0055,-0.0619,-8.4296
50660000,-0.002391,0.009080,0.052261,0.0175,-0.1204,-8.6940
50670000,0.002505,0.010508,0.056490,-0.1158,0.1087,-8.4482
50680000,-0.000229,0.007726,0.060762,0.0004,0.0754,-8.4880
50690000,-0.001878,0.008381,0.056199,0.0762,0.0820,-8.5817
50700000,-0.004054,0.007235,0.057682,0.0233,0.0559,-8.3477
50710000,-0.001013,0.010065,0.056694,-0.0227,0.0009,-8.5198
50720000,-0.000673,0.008915,0.054924,-0.0648,0.0394,-8.3943
50730000,-0.003621,0.011349,0.056164,0.0683,-0.1128,-8.6027
50740000,-0.001484,0.010606,0.057623,-0.0711,-0.1033,-8.5713
50750000,-0.004409,0.007830,0.056376,0.2155,-0.0883,-8.5675
50760000,0.000724,0.009714,0.058661,-0.0095,0.0393,-8.5251
50770000,-0.003592,0.008025,0.057209,-0.0188,-0.0741,-8.3631
50780000,-0.000816,0.008818,0.053193,-0.0300,0.0241,-8.6059
50790000,-0.001737,0.009640,0.057852,0.0474,0.2179,-8.4860
50800000,-0.001260,0.007202,0.055493,-0.0927,0.0375,-8.5532
50810000,-0.003443,0.007955,0.057325,-0.0362,-0.0494,-8.3290
50820000,-0.000245,0.009720,0.051348,0.0090,0.0871,-8.5207
50830000,-0.003701,0.011520,0.056354,-0.1369,-0.0768,-8.3575
50840000,-0.001852,0.008755,0.057030,0.1323,-0.2108,-8.4783
50850000,-0.005627,0.013243,0.057048,-0.0073,-0.1714,-8.5831
50860000,-0.000793,0.010858,0.054787,0.0008,0.0280,-8.3967
50870000,-0.000890,0.008537,0.055846,0.0133,-0.3132,-8.6146
50880000,0.001996,0.013055,0.059551,0.0435,-0.0641,-8.5053
50890000,-0.003164,0.011808,0.055969,-0.0450,0.0382,-8.5594
50900000,-0.002909,0.010050,0.054897,0.0682,-0.0512,-8.4823
50910000,-0.002739,0.009995,0.055085,0.1097,0.0570,-8.3982
50920000,-0.003014,0.011494,0.054567,-0.0638,-0.0081,-8.4352
50930000,-0.004071,0.014613,0.056478,0.0612,-0.0431,-8.4606
50940000,-0.000396,0.012526,0.053886,0.1127,-0.0469,-8.4807
50950000,-0.003787,0.009506,0.054472,0.0848,-0.1215,-8.5650
50960000,-0.000080,0.008467,0.052680,0.0411,-0.1409,-8.4760
50970000,-0.001661,0.010170,0.053153,0.1796,0.0513,-8.6010
50980000,-0.001838,0.013769,0.055009,0.1025,-0.0728,-8.4509
50990000,0.001561,0.012931,0.052207,-0.1086,-0.0238,-8.7102
51000000,-0.003823,0.010652,0.051625,-0.0021,0.0061,-8.6034
51010000,-0.001377,0.011404,0.052843,-0.1038,-0.0618,-8.6476
51020000,-0.003998,0.010118,0.054583,0.1149,-0.0982,-8.5504
51030000,-0.001526,0.013242,0.048867,0.0081,0.1096,-8.4691
51040000,-0.000195,0.009751,0.051761,-0.0145,-0.0087,-8.5874
51050000,-0.001189,0.006303,0.053223,-0.0472,0.0074,-8.5584
51060000,-0.003130,0.010866,0.051246,0.1085,-0.0418,-8.5336
51070000,-0.002708,0.012186,0.051422,0.0305,-0.1611,-8.5671
51080000,-0.000691,0.013333,0.053201,0.0511,0.0189,-8.5232
51090000,-0.000647,0.011581,0.055257,0.1443,-0.0915,-8.6571
51100000,-0.003569,0.011917,0.049818,-0.0373,-0.0021,-8.6328
51110000,-0.001528,0.011436,0.051715,0.0292,-0.2162,-8.6577
51120000,-0.001397,0.011090,0.055790,0.0623,0.1501,-8.5845
51130000,-0.005264,0.014447,0.052060,0.1377,0.0730,-8.5719
51140000,0.001060,0.014239,0.051512,0.1051,-0.0370,-8.6485
51150000,-0.001925,0.015514,0.047368,-0.0847,-0.0353,-8.6836
51160000,-0.003007,0.014630,0.055436,0.0668,-0.0841,-8.6657
51170000,-0.001585,0.013952,0.056032,0.0555,-0.0447,-8.6818
51180000,-0.000067,0.013881,0.053432,0.0468,0.0642,-8.6972
51190000,-0.003339,0.013094,0.052346,0.0779,0.0027,-8.7084
51200000,-0.004804,0.013628,0.054580,0.1092,0.0213,-8.6295
51210000,-0.005938,0.015322,0.053403,0.0068,-0.1038,-8.5678
51220000,-0.003376,0.014759,0.050797,0.1081,0.0404,-8.7224
51230000,-0.004750,0.016505,0.052341,-0.0540,-0.0848,-8.6381
51240000,-0.001383,0.016789,0.052960,0.1098,-0.0322,-8.7123
51250000,-0.002970,0.016799,0.050497,0.0396,0.0250,-8.7139
51260000,-0.002334,0.013026,0.051567,-0.1618,-0.0300,-8.7227
51270000,-0.003408,0.016867,0.056090,0.0455,-0.0086,-8.7147
51280000,-0.004802,0.018948,0.052304,-0.0295,0.1081,-8.5638
51290000,-0.001573,0.019823,0.054044,0.1302,0.0026,-8.5577
51300000,-0.002715,0.017135,0.052286,-0.0040,-0.0367,-8.6429
51310000,-0.000321,0.016813,0.050913,-0.0243,-0.0612,-8.8076
51320000,-0.004171,0.018651,0.053736,-0.0059,-0.1418,-8.6792
51330000,0.000288,0.014842,0.055219,-0.0752,0.0068,-8.8239
51340000,0.000130,0.017449,0.054528,-0.0866,0.0858,-8.7736
51350000,-0.002130,0.015214,0.052297,0.0017,-0.0113,-8.7643
51360000,-0.005185,0.018216,0.051688,0.0546,0.0006,-8.7622
51370000,-0.002647,0.012290,0.055843,-0.0322,0.0543,-8.9054
51380000,-0.002378,0.017133,0.052639,-0.0398,-0.0643,-8.7068
51390000,-0.005899,0.019140,0.050992,-0.1491,0.0652,-8.8504
51400000,-0.002593,0.017373,0.056124,0.0462,0.0320,-8.7528
51410000,-0.002472,0.016102,0.049858,0.0941,-0.0633,-8.7113
51420000,-0.005044,0.017352,0.051398,-0.0087,0.0034,-8.7537
51430000,-0.003039,0.016566,0.055086,0.0051,0.0024,-8.6982
51440000,-0.002221,0.017450,0.052523,-0.0536,-0.0628,-8.6320
51450000,-0.002156,0.016291,0.050094,-0.0131,0.0165,-8.8190
51460000,-0.005969,0.015613,0.051954,0.1600,-0.1350,-8.5407
51470000,-0.004889,0.015518,0.049886,-0.0078,-0.0278,-8.7522
51480000,-0.002133,0.013960,0.054502,-0.0071,-0.1025,-8.7523
51490000,-0.005237,0.017774,0.047395,0.0031,0.0692,-8.8820
51500000,-0.003044,0.017602,0.050678,0.0467,0.1415,-8.7508
51510000,-0.004021,0.017286,0.051198,-0.0975,-0.0396,-8.6285
51520000,-0.001894,0.015980,0.052074,0.0087,-0.0095,-8.7135
51530000,-0.002822,0.017361,0.048525,-0.0410,0.0122,-8.6693
51540000,-0.005637,0.016668,0.048160,-0.1148,-0.0072,-8.8527
51550000,-0.001080,0.019600,0.053222,-0.0070,0.1232,-8.8417
51560000,-0.003007,0.017100,0.049845,0.1057,0.0894,-8.9167
51570000,-0.003986,0.016513,0.052995,-0.1494,-0.0874,-8.9438
51580000,-0.001200,0.019119,0.051662,-0.0120,-0.0917,-8.8795
51590000,-0.001745,0.017800,0.048331,0.0313,0.0346,-8.8575
51600000,-0.004179,0.017465,0.051211,-0.0212,0.0736,-8.8102
51610000,-0.002773,0.019413,0.052466,0.0576,0.0894,-8.8046
51620000,0.001150,0.019670,0.052728,0.0121,-0.0507,-8.8694
51630000,-0.002732,0.020690,0.050919,-0.1433,-0.0216,-9.1081
51640000,-0.003576,0.018080,0.050355,-0.1345,-0.0296,-8.9709
51650000,-0.002577,0.014722,0.051348,-0.1015,-0.0185,-9.0507
51660000,-0.003742,0.017392,0.051320,0.0117,0.0828,-8.9969
51670000,-0.004347,0.015679,0.047779,-0.0375,0.0228,-9.0553
51680000,-0.004131,0.017284,0.046483,-0.0023,0.0758,-8.9686
51690000,-0.004651,0.019662,0.050625,0.0253,-0.0563,-8.8407
51700000,-0.000688,0.019811,0.049274,-0.0587,0.0568,-9.0149
51710000,-0.001773,0.020054,0.047555,-0.0644,-0.1162,-8.9966
51720000,-0.004510,0.020843,0.049112,0.0327,-0.0641,-8.9684
51730000,-0.003362,0.019780,0.049202,-0.2513,0.1431,-9.0399
51740000,-0.006250,0.020201,0.045663,0.1905,0.0759,-9.0216
51750000,-0.005132,0.020097,0.047724,0.0642,-0.0253,-8.9510
51760000,-0.003007,0.021837,0.048957,-0.0477,-0.0689,-8.9002
51770000,-0.004191,0.019018,0.045084,0.0465,-0.1070,-9.0323
51780000,-0.009483,0.017122,0.049391,0.0302,0.0525,-9.0575
51790000,-0.002061,0.019352,0.049261,0.1236,0.0124,-9.0348
51800000,-0.003090,0.019096,0.047420,0.0429,0.0138,-9.1165
51810000,-0.007660,0.020194,0.047550,-0.1307,-0.0917,-8.8932
51820000,-0.007154,0.019026,0.045958,0.1894,-0.0112,-8.8761
51830000,-0.004209,0.020514,0.049282,-0.0316,-0.0735,-9.1174
51840000,-0.001672,0.021020,0.048018,-0.0914,0.0607,-9.0581
51850000,-0.007861,0.020268,0.047673,-0.1452,0.0156,-9.0061
51860000,-0.006763,0.018636,0.046725,-0.0592,0.0533,-9.0557
51870000,-0.003228,0.019131,0.052256,0.1121,-0.0578,-9.1282
51880000,-0.000696,0.022024,0.049357,-0.0440,-0.0508,-9.0366
51890000,-0.003850,0.020455,0.048997,0.0008,0.0342,-9.1801
51900000,-0.004447,0.024711,0.047727,-0.0368,-0.1113,-9.1187
51910000,-0.008972,0.019552,0.045507,0.1245,0.1385,-9.1850
51920000,-0.002168,0.021569,0.045240,-0.0589,0.0052,-9.2255
51930000,-0.002148,0.020845,0.045635,0.0422,0.0295,-8.9829
51940000,-0.002535,0.017494,0.043888,-0.0185,-0.0905,-9.2075
51950000,-0.000888,0.023606,0.044927,0.1809,0.0283,-9.1807
51960000,-0.004939,0.019237,0.052450,-0.0388,0.0026,-9.0921
51970000,0.001425,0.022725,0.047771,-0.0631,0.0638,-9.2030
51980000,-0.002493,0.019423,0.044899,-0.0142,-0.0557,-9.1049
51990000,-0.001570,0.019806,0.047663,0.1522,0.0514,-9.2672
52000000,-0.004744,0.019850,0.049401,0.0127,-0.0322,-9.1199
52010000,-0.006034,0.017641,0.045575,-0.0213,0.0362,-9.2476
52020000,-0.003231,0.022910,0.049033,0.0261,-0.0004,-9.0934
52030000,-0.005629,0.021418,0.044266,0.0419,-0.0638,-9.3267
52040000,-0.004404,0.020520,0.047155,0.0102,0.0896,-9.2866
52050000,-0.000829,0.020218,0.048501,-0.0197,0.0603,-9.2763
52060000,-0.005271,0.022157,0.047676,-0.0225,0.1251,-9.2177
52070000,-0.001991,0.023651,0.046312,-0.0505,-0.0238,-9.1890
52080000,-0.003047,0.021524,0.044738,-0.0627,-0.0893,-9.1172
52090000,-0.000090,0.018373,0.044287,-0.1577,-0.0123,-9.2597
52100000,-0.003292,0.018804,0.048242,0.1044,-0.0880,-9.3118
52110000,-0.002563,0.020634,0.046385,-0.0014,-0.0619,-9.2957
52120000,-0.005038,0.020007,0.046487,-0.0417,-0.0340,-9.2782
52130000,-0.000940,0.017516,0.043495,-0.0057,-0.0456,-9.3241
52140000,-0.002405,0.021561,0.042466,-0.0446,0.0343,-9.1748
52150000,-0.005805,0.021023,0.044390,-0.0769,-0.0260,-9.2235
52160000,-0.002638,0.022820,0.048942,0.0615,-0.0504,-9.3301
52170000,-0.003148,0.021577,0.042980,0.1015,-0.0093,-9.1913
52180000,-0.005653,0.017355,0.044718,0.0741,0.0431,-9.2804
52190000,-0.003566,0.020738,0.039606,0.0675,0.0642,-9.3103
52200000,-0.003072,0.023653,0.047008,-0.0704,0.0303,-9.3922
52210000,-0.005520,0.018995,0.044989,-0.0374,0.0016,-9.3748
52220000,-0.001685,0.020442,0.046808,-0.0231,-0.0099,-9.3732
52230000,-0.002109,0.017082,0.044130,0.0156,-0.0148,-9.3810
52240000,-0.001778,0.024893,0.046683,-0.0153,0.1520,-9.2501
52250000,-0.003935,0.018973,0.046042,-0.1600,0.1043,-9.3164
52260000,-0.003972,0.019768,0.048486,-0.0839,-0.1517,-9.4856
52270000,-0.002205,0.018965,0.041780,-0.1123,-0.0886,-9.3628
52280000,-0.003067,0.020572,0.042963,0.0553,-0.0051,-9.3966
52290000,-0.004016,0.022137,0.043934,-0.0736,0.0929,-9.4630
52300000,-0.003240,0.019601,0.042933,-0.0343,-0.0343,-9.3589
52310000,-0.002429,0.021545,0.041280,0.0794,0.0693,-9.2627
52320000,-0.004415,0.023920,0.044101,-0.0063,-0.0740,-9.4084
52330000,0.000542,0.022371,0.044357,0.0734,0.1757,-9.3593
52340000,-0.004591,0.022396,0.043748,0.0631,-0.0408,-9.5166
52350000,-0.002528,0.022647,0.042512,-0.0810,0.0968,-9.4781
52360000,-0.002498,0.018208,0.042276,-0.1257,0.0329,-9.3305
52370000,-0.003943,0.021567,0.042134,-0.0799,0.0462,-9.4348
52380000,-0.003227,0.019611,0.048242,0.1395,0.1215,-9.3583
52390000,-0.005800,0.021854,0.043406,-0.1308,0.0980,-9.4605
52400000,-0.005192,0.020034,0.045296,-0.0241,-0.0037,-9.4640
52410000,-0.005086,0.021405,0.047578,0.0744,-0.0923,-9.5262
52420000,-0.004078,0.023090,0.044998,0.0796,-0.0077,-9.4627
52430000,-0.002521,0.020104,0.042009,-0.0376,-0.0234,-9.5617
52440000,0.000356,0.020840,0.044675,0.0308,0.0866,-9.4320
52450000,-0.002956,0.020035,0.044601,-0.0312,-0.1298,-9.5537
52460000,-0.000895,0.023057,0.043418,-0.1019,-0.1176,-9.4684
52470000,-0.003801,0.023202,0.044071,0.0679,-0.0091,-9.4939
52480000,-0.004213,0.024522,0.043253,-0.1021,-0.0875,-9.5962
52490000,-0.003008,0.024775,0.044567,0.0157,0.0492,-9.5502
52500000,-0.000958,0.019150,0.041196,-0.0340,-0.0332,-9.6861
52510000,-0.002730,0.019737,0.045488,0.0186,0.0124,-9.6322
52520000,-0.003372,0.019127,0.039986,-0.0629,0.0413,-9.5659
52530000,-0.002222,0.021721,0.043321,-0.0037,-0.0035,-9.5984
52540000,-0.006207,0.019917,0.042911,-0.0016,-0.0598,-9.5910
52550000,-0.004712,0.025474,0.044435,-0.0206,-0.0008,-9.5199
52560000,-0.006018,0.021345,0.044131,0.0936,0.0159,-9.6756
52570000,-0.002329,0.022076,0.041763,0.0635,-0.0358,-9.5518
52580000,-0.002473,0.023541,0.041433,0.0686,-0.0332,-9.6777
52590000,-0.004831,0.023502,0.042312,0.0592,-0.0506,-9.6856
52600000,-0.000892,0.025295,0.041959,-0.0665,-0.0471,-9.5823
52610000,-0.004411,0.023048,0.042356,0.0658,-0.0435,-9.7543
52620000,-0.002738,0.022726,0.041384,0.1763,0.0179,-9.7227
52630000,-0.004399,0.020396,0.044013,-0.0326,-0.1470,-9.6874
52640000,-0.002691,0.021174,0.042387,-0.0050,-0.0414,-9.5969
52650000,-0.001683,0.023975,0.042823,-0.0942,-0.0493,-9.7579
52660000,-0.005417,0.024521,0.040209,0.0064,-0.1514,-9.6817
52670000,-0.004178,0.024537,0.038684,0.0066,0.1303,-9.6986
52680000,-0.003828,0.023422,0.041488,0.0057,-0.1180,-9.7461
52690000,-0.001431,0.022941,0.042499,-0.1643,0.0440,-9.6425
52700000,-0.004453,0.021136,0.039967,-0.0736,-0.0377,-9.8358
52710000,-0.002776,0.021862,0.041739,-0.0087,0.0222,-9.7165
52720000,-0.000622,0.021328,0.040008,0.0495,0.0637,-9.7724
52730000,-0.003502,0.026881,0.041946,0.1322,-0.0009,-9.7443
52740000,-0.005402,0.026041,0.039727,-0.0306,-0.0857,-9.8713
52750000,-0.001019,0.021761,0.041092,-0.0495,-0.0941,-9.8936
52760000,-0.002083,0.022805,0.045187,-0.1534,-0.0070,-9.7608
52770000,-0.004063,0.024321,0.043882,-0.0092,-0.0057,-9.8522
52780000,-0.003195,0.024074,0.041700,-0.0113,-0.0209,-9.8500
52790000,-0.004953,0.020804,0.040950,0.0791,-0.0336,-9.7890
52800000,-0.002262,0.020911,0.042620,0.1144,-0.0287,-9.6765
52810000,-0.001407,0.025123,0.037888,0.0111,-0.0277,-9.8025
52820000,-0.002005,0.019680,0.042727,0.0448,-0.0367,-9.7558
52830000,-0.003370,0.021593,0.041983,0.0006,-0.1219,-9.7890
52840000,-0.004788,0.024053,0.045804,0.0540,-0.1504,-9.8135
52850000,-0.000989,0.020967,0.042213,-0.0541,0.0372,-9.8173
52860000,-0.004558,0.019928,0.040056,-0.1619,0.0418,-10.0163
52870000,-0.008941,0.019196,0.040231,0.0563,-0.0226,-9.9034
52880000,-0.003413,0.023819,0.043621,0.1089,-0.0022,-9.9217
52890000,-0.004609,0.025238,0.039031,-0.0153,0.0677,-9.8284
52900000,0.000482,0.026681,0.038711,-0.0242,0.0768,-9.9245
52910000,-0.004576,0.022610,0.038163,0.1303,0.0138,-9.9193
52920000,-0.006099,0.025852,0.038769,-0.0239,-0.0218,-9.8673
52930000,-0.003882,0.021836,0.041166,0.0040,-0.0436,-9.9673
52940000,-0.001272,0.022258,0.043354,0.0847,-0.0437,-9.9159
52950000,-0.001912,0.024800,0.038463,0.0462,-0.0949,-9.9233
52960000,-0.001335,0.023999,0.041037,0.1156,-0.0730,-9.8830
52970000,-0.002822,0.026729,0.036594,-0.0657,0.0305,-10.0043
52980000,-0.002734,0.023970,0.039415,0.0208,-0.0735,-9.8851
52990000,0.000545,0.022832,0.037389,-0.1058,0.0324,-9.9508
53000000,-0.002810,0.019193,0.039801,-0.0089,-0.0588,-9.9409
53010000,-0.002409,0.024013,0.039070,-0.1015,-0.0284,-9.9585
53020000,-0.008336,0.021037,0.038987,-0.0087,0.1169,-9.9838
53030000,-0.006983,0.022483,0.036920,-0.1509,0.0050,-10.0625
53040000,0.001206,0.021483,0.040242,-0.0805,0.1590,-10.0680
53050000,-0.002728,0.023296,0.040557,-0.0547,0.0675,-10.0212
53060000,-0.000797,0.023437,0.040330,0.0387,-0.1837,-9.9280
53070000,-0.001438,0.025145,0.039167,0.0311,0.0975,-9.9244
53080000,-0.000557,0.021977,0.039251,-0.0676,-0.0641,-10.0714
53090000,-0.000585,0.020421,0.036914,-0.0399,0.1395,-10.0679
53100000,-0.004903,0.021424,0.040488,-0.0460,0.0017,-10.2070
53110000,0.000311,0.028201,0.039456,-0.1043,0.0663,-10.1151
53120000,-0.002375,0.023442,0.038631,0.0403,0.0179,-10.0584
53130000,0.001870,0.019975,0.039358,-0.1183,0.1199,-10.1199
53140000,0.000443,0.023857,0.033906,-0.0412,0.0867,-10.1798
53150000,-0.002554,0.018769,0.037812,0.2849,0.0207,-10.0707
53160000,-0.005880,0.025608,0.041531,-0.1225,0.0769,-10.1021
53170000,-0.005318,0.022917,0.037750,0.0139,0.1202,-10.0995
53180000,-0.000407,0.022294,0.032973,0.1420,0.0258,-10.2019
53190000,-0.003518,0.022765,0.036425,-0.0807,-0.0111,-10.1190
53200000,-0.003974,0.022684,0.036222,-0.0410,-0.2037,-10.1863
53210000,-0.005442,0.021571,0.035913,0.1158,-0.0718,-10.0399
53220000,0.000991,0.023351,0.041400,-0.0719,0.0376,-10.1506
53230000,-0.000727,0.022165,0.038241,-0.0834,0.0398,-10.2436
53240000,-0.002264,0.023474,0.037529,0.0335,-0.1363,-10.1720
53250000,-0.001957,0.022436,0.040352,0.0663,0.0090,-10.1788
53260000,-0.002440,0.022972,0.038338,-0.0477,-0.0620,-10.2680
53270000,-0.001477,0.019515,0.037215,0.0900,-0.0294,-10.1985
53280000,-0.005015,0.024902,0.038239,0.1249,-0.0181,-10.2052
53290000,-0.005411,0.024628,0.038606,-0.1341,-0.0207,-10.2029
53300000,-0.004002,0.023424,0.034751,0.1159,-0.0262,-10.1241
53310000,-0.002521,0.023200,0.036173,-0.0821,-0.0560,-10.2100
53320000,-0.000741,0.021645,0.038250,-0.1042,0.0622,-10.1494
53330000,-0.001344,0.024977,0.032224,-0.0074,0.0241,-10.2340
53340000,0.000448,0.021411,0.033048,-0.0028,0.0860,-10.0996
53350000,-0.001618,0.027257,0.036699,0.1058,0.0152,-10.2283
53360000,-0.004465,0.021982,0.036403,0.0289,-0.0293,-10.3564
53370000,-0.002688,0.024505,0.036227,0.0080,-0.0107,-10.2316
53380000,-0.004756,0.020766,0.035857,0.0933,-0.1303,-10.2653
53390000,-0.003290,0.025453,0.034595,0.0392,0.0246,-10.3328
53400000,-0.002356,0.025968,0.034875,-0.0407,0.0262,-10.1508
53410000,-0.003612,0.022936,0.030529,0.0360,0.0096,-10.2348
53420000,-0.007376,0.022569,0.035901,-0.0672,0.0111,-10.3205
53430000,0.001099,0.023022,0.032400,-0.0768,0.0687,-10.2465
53440000,0.003149,0.025580,0.034138,-0.1642,-0.1295,-10.2998
53450000,0.000421,0.024259,0.033743,0.0356,-0.0632,-10.3320
53460000,-0.003490,0.024048,0.036238,-0.0666,0.1928,-10.3076
53470000,0.000355,0.022726,0.032839,-0.0663,-0.0339,-10.3727
53480000,-0.001945,0.025210,0.035741,0.0205,0.0209,-10.4861
53490000,-0.001668,0.021550,0.035720,0.0227,-0.1172,-10.2793
53500000,-0.002778,0.020330,0.035078,0.0591,0.0777,-10.4655
53510000,-0.002660,0.020206,0.036712,-0.1243,-0.0032,-10.3675
53520000,-0.001256,0.021042,0.033220,0.0138,-0.0366,-10.4152
53530000,-0.001250,0.021628,0.035530,-0.0303,0.0030,-10.4179
53540000,-0.003127,0.024348,0.034087,-0.0325,0.0936,-10.3611
53550000,-0.002311,0.019281,0.035277,0.0459,0.0009,-10.3454
53560000,-0.004664,0.024098,0.033688,-0.0695,-0.0445,-10.3271
53570000,0.000875,0.026277,0.036451,0.0401,-0.0009,-10.3783
53580000,-0.004056,0.024739,0.033011,-0.1198,0.1084,-10.4143
53590000,-0.000898,0.023758,0.038540,-0.0685,-0.0748,-10.4419
53600000,0.003341,0.019504,0.034382,0.0527,-0.0275,-10.2858
53610000,0.001339,0.017604,0.033535,0.0939,0.0121,-10.3654
53620000,-0.000009,0.022896,0.033558,-0.1051,0.0286,-10.4714
53630000,-0.001436,0.020930,0.033233,0.0030,-0.0581,-10.6163
53640000,-0.002481,0.021202,0.035549,0.0843,0.0254,-10.4375
53650000,-0.004485,0.021774,0.034421,-0.0321,-0.0590,-10.2824
53660000,-0.003453,0.020243,0.032495,-0.0976,-0.0721,-10.5021
53670000,0.001042,0.024377,0.031764,0.0995,-0.0831,-10.4569
53680000,-0.002187,0.019175,0.035357,0.0225,0.1282,-10.3702
53690000,0.000707,0.023774,0.033012,-0.1523,-0.1045,-10.5635
53700000,0.000644,0.022872,0.031702,0.0290,0.0334,-10.4199
53710000,-0.003651,0.022471,0.034696,0.1462,0.0159,-10.4361
53720000,-0.004287,0.025741,0.030845,-0.0162,-0.0090,-10.3896
53730000,0.000759,0.023518,0.030636,-0.1616,0.1290,-10.3507
53740000,0.000308,0.025143,0.034996,0.1905,0.0037,-10.5600
53750000,-0.005210,0.020919,0.035932,-0.0462,-0.0828,-10.3781
53760000,-0.002816,0.022267,0.033337,0.0370,-0.0364,-10.5746
53770000,0.000635,0.019351,0.032427,-0.0335,-0.1440,-10.4295
53780000,-0.003809,0.023056,0.034834,-0.0313,-0.1870,-10.5544
53790000,-0.002992,0.018997,0.033139,-0.0156,-0.0591,-10.5803
53800000,-0.000612,0.022502,0.034864,0.0289,-0.0427,-10.6199
53810000,-0.004988,0.024998,0.033284,-0.0137,0.1053,-10.5932
53820000,-0.001118,0.024802,0.034234,-0.0098,-0.0868,-10.4940
53830000,-0.004541,0.025098,0.030712,-0.0037,-0.0199,-10.6775
53840000,-0.001954,0.019329,0.032346,0.0253,-0.2350,-10.5135
53850000,-0.004477,0.023025,0.033150,0.0372,0.0826,-10.3039
53860000,-0.001113,0.022361,0.031928,-0.0969,0.0889,-10.7437
53870000,-0.001111,0.022146,0.029992,0.0841,-0.0854,-10.4986
53880000,0.000032,0.018886,0.032388,0.0579,0.0309,-10.4359
53890000,0.000109,0.021604,0.027627,-0.0723,0.0584,-10.5348
53900000,-0.002676,0.021188,0.033286,-0.0958,0.0382,-10.6665
53910000,-0.003163,0.021778,0.034500,-0.0516,0.0565,-10.5043
53920000,-0.002378,0.021370,0.034691,0.1100,0.0705,-10.6382
53930000,-0.000088,0.024986,0.031791,-0.0458,0.0555,-10.5336
53940000,-0.005090,0.025471,0.030370,0.1222,-0.1076,-10.4791
53950000,-0.001920,0.022522,0.031646,0.0237,0.1146,-10.5095
53960000,-0.004837,0.021318,0.028795,-0.0293,0.0570,-10.5918
53970000,-0.002818,0.021690,0.028602,0.1129,0.0459,-10.6307
53980000,-0.002491,0.024487,0.025812,-0.0404,-0.1710,-10.7203
53990000,-0.003767,0.022818,0.036186,0.0296,0.0515,-10.4311
54000000,0.000176,0.020552,0.028030,-0.0729,0.0332,-10.4860
54010000,-0.000952,0.021475,0.031074,0.0145,0.0489,-10.5401
54020000,-0.000405,0.018568,0.032763,0.1324,0.0479,-10.4748
54030000,-0.002566,0.023300,0.029295,-0.0246,0.0411,-10.4532
54040000,0.000169,0.021888,0.031534,-0.2198,-0.1517,-10.6771
54050000,-0.001852,0.018074,0.033005,0.0864,-0.0389,-10.4962
54060000,-0.000407,0.022123,0.026755,0.0511,0.1213,-10.6645
54070000,-0.004005,0.024568,0.029041,0.0058,0.0404,-10.6774
54080000,0.001346,0.021710,0.028225,0.0121,-0.0653,-10.6198
54090000,-0.002137,0.023783,0.033006,-0.1057,0.1298,-10.5873
54100000,-0.005173,0.022966,0.030346,-0.0209,-0.0557,-10.5894
54110000,-0.004296,0.024000,0.033518,0.0393,0.1477,-10.6399
54120000,-0.001928,0.021417,0.028633,-0.0363,0.0843,-10.5504
54130000,0.000433,0.023916,0.034383,-0.0215,0.0675,-10.6513
54140000,0.002637,0.023257,0.027769,-0.0514,-0.1914,-10.5297
54150000,-0.001311,0.022956,0.030627,0.0575,-0.0109,-10.5913
54160000,0.001867,0.024295,0.028242,0.0197,0.0351,-10.8358
54170000,-0.002402,0.022442,0.028080,-0.1117,0.1541,-10.5190
54180000,-0.002838,0.023768,0.034594,-0.1766,-0.0384,-10.6342
54190000,-0.000164,0.024027,0.027267,-0.0711,0.0418,-10.7036
54200000,0.000233,0.024657,0.030728,0.1324,-0.1056,-10.7360
54210000,-0.002750,0.021326,0.030017,-0.0171,0.0148,-10.5153
54220000,-0.002253,0.019606,0.029045,0.0628,0.1103,-10.6845
54230000,-0.000004,0.025109,0.029559,-0.0432,-0.0079,-10.6785
54240000,0.000735,0.022130,0.027325,0.0071,-0.0545,-10.7465
54250000,0.000365,0.020034,0.031020,0.0457,0.0790,-10.6569
54260000,-0.000767,0.022198,0.029361,-0.0408,0.1949,-10.5885
54270000,-0.002315,0.023507,0.029755,-0.0490,-0.0030,-10.6949
54280000,0.000551,0.022560,0.030099,0.0850,0.0254,-10.5463
54290000,-0.002616,0.022205,0.029192,0.0690,-0.0973,-10.7157
54300000,0.000619,0.022662,0.027278,0.1061,0.1050,-10.6169
54310000,0.000492,0.021061,0.028613,0.0112,-0.0284,-10.6855
54320000,0.001927,0.021019,0.028636,0.0149,-0.0946,-10.7336
54330000,0.000631,0.018632,0.026891,-0.0303,0.0287,-10.6209
54340000,0.000078,0.020953,0.029861,-0.0328,-0.0211,-10.6941
54350000,-0.000429,0.022519,0.033822,0.0101,0.0444,-10.7936
54360000,-0.003436,0.020974,0.028714,0.0114,-0.0255,-10.6430
54370000,-0.001972,0.022908,0.029383,0.0226,-0.0363,-10.6460
54380000,-0.000550,0.021593,0.027866,-0.0984,-0.1020,-10.8176
54390000,-0.000689,0.023091,0.026462,0.1866,-0.0545,-10.7476
54400000,-0.004384,0.021440,0.028899,-0.0996,0.0589,-10.8117
54410000,-0.000764,0.022334,0.028681,0.0342,-0.0660,-10.6837
54420000,0.001620,0.023441,0.026283,-0.1442,-0.0420,-10.5234
54430000,0.000342,0.025221,0.025604,-0.0364,-0.0372,-10.8062
54440000,-0.003406,0.020883,0.024953,-0.0133,0.0565,-10.5190
54450000,-0.000325,0.021741,0.026777,0.0216,0.0036,-10.6378
54460000,-0.000524,0.023134,0.027540,0.0698,-0.0432,-10.7496
54470000,-0.000842,0.021379,0.026680,-0.0025,0.0298,-10.6198
54480000,0.001909,0.020378,0.029894,0.0113,0.0239,-10.7515
54490000,-0.003202,0.022040,0.027933,0.0566,0.0023,-10.5379
54500000,-0.000169,0.027412,0.025030,-0.0006,-0.1135,-10.6910
54510000,-0.001852,0.023884,0.027770,0.1573,-0.0390,-10.7548
54520000,-0.000781,0.026012,0.025993,0.0779,-0.1533,-10.6230
54530000,-0.003155,0.020199,0.026322,-0.0028,-0.0366,-10.6307
54540000,-0.001072,0.027166,0.032235,-0.0383,-0.0905,-10.7089
54550000,-0.003801,0.023026,0.023692,-0.0737,0.0099,-10.7611
54560000,-0.002073,0.025156,0.029287,-0.0705,-0.0921,-10.6676
54570000,-0.002166,0.026978,0.026393,-0.1296,-0.0172,-10.6281
54580000,-0.000886,0.023256,0.023725,0.0215,-0.0478,-10.7419
54590000,-0.001351,0.021788,0.024261,-0.0226,0.0843,-10.6813
54600000,-0.000099,0.022439,0.026998,0.0716,0.0014,-10.7879
54610000,0.000412,0.025529,0.028683,-0.2256,-0.0431,-10.7052
54620000,-0.000819,0.020899,0.027039,0.0460,0.0193,-10.6449
54630000,-0.003659,0.022655,0.024939,-0.1658,0.0286,-10.6480
54640000,-0.002936,0.023590,0.025679,-0.0264,0.0097,-10.6700
54650000,0.001541,0.021888,0.026295,0.0172,-0.0141,-10.5541
54660000,-0.001804,0.023985,0.028433,0.0334,-0.0379,-10.7695
54670000,0.000199,0.020019,0.030619,0.0568,-0.0165,-10.5588
54680000,0.003357,0.022369,0.026212,0.0294,-0.0842,-10.7962
54690000,0.001151,0.023314,0.028739,-0.1358,-0.0565,-10.6538
54700000,-0.002685,0.023221,0.029022,-0.0403,-0.1018,-10.5937
54710000,-0.002525,0.022454,0.025987,-0.0764,-0.0870,-10.7220
54720000,-0.001539,0.018642,0.026458,-0.0631,0.0226,-10.7506
54730000,-0.002035,0.023494,0.024488,-0.0855,0.0774,-10.7289
54740000,-0.004071,0.021356,0.025380,-0.0097,-0.0316,-10.8111
54750000,0.003736,0.021864,0.024597,0.0523,0.0176,-10.7093
54760000,-0.000148,0.021286,0.025009,-0.0333,0.0450,-10.6153
54770000,-0.000791,0.020937,0.025663,-0.0035,-0.1714,-10.5614
54780000,0.002315,0.021298,0.022680,0.0688,-0.0800,-10.5459
54790000,-0.002074,0.024942,0.027687,-0.0811,0.0346,-10.7056
54800000,0.003195,0.023423,0.024990,-0.0113,0.1476,-10.6756
54810000,-0.000200,0.021149,0.026368,0.0460,-0.0190,-10.5818
54820000,-0.000172,0.019285,0.024921,-0.0764,-0.0026,-10.7284
54830000,-0.001029,0.018836,0.022938,-0.1364,-0.0070,-10.6424
54840000,0.002515,0.022081,0.027369,0.0410,-0.0611,-10.7011
54850000,-0.000314,0.021138,0.023579,0.0189,0.0568,-10.8028
54860000,-0.000376,0.020508,0.024759,0.1096,0.0905,-10.6204
54870000,-0.000488,0.022475,0.023340,-0.0038,0.1349,-10.7460
54880000,-0.003056,0.025609,0.027370,-0.0368,0.0237,-10.6637
54890000,-0.000760,0.022478,0.023444,-0.0640,0.0180,-10.6124
54900000,0.001106,0.023439,0.025480,0.1234,-0.1462,-10.6812
54910000,-0.001419,0.023003,0.022829,0.0482,-0.0703,-10.6533
54920000,0.000593,0.023057,0.025588,0.0033,0.1437,-10.7818
54930000,0.000773,0.021152,0.025172,-0.0215,0.0886,-10.6260
54940000,-0.003407,0.024475,0.026212,-0.0064,0.0638,-10.5704
54950000,-0.003233,0.023420,0.023417,0.0525,0.0186,-10.6700
54960000,-0.004592,0.023054,0.026615,-0.0739,-0.0547,-10.6145
54970000,0.001623,0.020703,0.025277,-0.0041,-0.0184,-10.6244
54980000,0.001002,0.020474,0.027482,0.0124,-0.0019,-10.6738
54990000,-0.001522,0.021958,0.026508,-0.1368,-0.0452,-10.5631
55000000,-0.000338,0.022299,0.024139,0.1330,0.0596,-10.4695
55010000,-0.000274,0.023832,0.023471,0.0826,0.0096,-10.6593
55020000,0.002153,0.023641,0.025576,-0.0976,-0.0555,-10.6137
55030000,0.000037,0.021987,0.022745,0.0309,-0.0436,-10.6367
55040000,-0.000948,0.020718,0.022429,-0.0135,0.0569,-10.6374
55050000,-0.002771,0.027185,0.028176,-0.1870,-0.1445,-10.6119
55060000,-0.001345,0.021252,0.026551,-0.0712,0.1285,-10.5570
55070000,-0.001122,0.022098,0.023262,-0.0259,-0.0086,-10.6665
55080000,-0.001680,0.024965,0.023547,0.0151,-0.0187,-10.5656
55090000,-0.001431,0.025385,0.025443,-0.0067,0.0555,-10.5876
55100000,0.000079,0.025046,0.022984,0.1176,-0.1104,-10.7252
55110000,-0.000018,0.022189,0.024049,-0.0478,0.0098,-10.4508
55120000,-0.001301,0.026316,0.021876,-0.1078,-0.0654,-10.5396
55130000,-0.000443,0.021526,0.022889,0.0890,0.1550,-10.6117
55140000,0.000171,0.023211,0.023122,-0.0455,-0.0005,-10.4598
55150000,0.002706,0.022627,0.021433,0.0476,0.0904,-10.5678
55160000,-0.003230,0.021258,0.026520,0.1493,0.1199,-10.5273
55170000,-0.001451,0.022437,0.022394,-0.0371,0.1798,-10.4814
55180000,-0.001677,0.021940,0.023925,0.0435,0.0243,-10.6624
55190000,-0.000168,0.021843,0.021103,-0.0373,0.1625,-10.7635
55200000,0.000638,0.021700,0.020404,0.0061,0.1721,-10.4770
55210000,0.001714,0.023868,0.021608,0.1404,0.0117,-10.5815
55220000,0.002200,0.023437,0.020325,0.0082,0.1004,-10.6458
55230000,0.000641,0.024978,0.019979,0.0127,0.1454,-10.5174
55240000,-0.004658,0.022430,0.018769,0.0273,0.0825,-10.5992
55250000,0.000040,0.021357,0.020551,0.0150,0.1555,-10.4993
55260000,-0.000618,0.024697,0.023597,0.0308,-0.0182,-10.5407
55270000,0.000055,0.021958,0.021624,0.1013,0.0182,-10.3889
55280000,0.000134,0.022813,0.021064,-0.0606,0.1750,-10.4744
55290000,-0.004430,0.024828,0.019014,0.0063,-0.0338,-10.4611
55300000,-0.001823,0.023248,0.021560,-0.0799,0.0606,-10.6341
55310000,0.003006,0.020529,0.021585,0.1578,0.0338,-10.4854
55320000,-0.001225,0.020330,0.020879,0.1029,-0.0166,-10.6122
55330000,-0.002916,0.021109,0.022299,-0.1014,0.0100,-10.4740
55340000,-0.000624,0.024955,0.020185,0.1586,0.0732,-10.5389
55350000,0.002766,0.022383,0.020423,0.0064,-0.0285,-10.4392
55360000,-0.005186,0.023555,0.020721,-0.0586,0.0025,-10.5946
55370000,-0.001634,0.026202,0.017381,0.0357,0.0967,-10.3474
55380000,-0.001027,0.024462,0.019842,0.0239,0.0527,-10.5232
55390000,-0.002229,0.025508,0.019524,-0.0534,-0.0950,-10.4216
55400000,-0.002394,0.022677,0.020457,0.0115,0.0025,-10.5081
55410000,-0.000085,0.020138,0.018439,-0.0472,-0.1588,-10.4425
55420000,-0.001768,0.023381,0.022201,0.0025,0.0478,-10.4501
55430000,-0.004982,0.023467,0.020388,-0.0248,0.0055,-10.4736
55440000,0.004598,0.025029,0.021215,-0.0376,-0.0314,-10.5186
55450000,0.000346,0.025387,0.023139,0.0646,-0.0245,-10.4613
55460000,0.000304,0.023444,0.022861,-0.0795,0.1809,-10.4539
55470000,-0.000742,0.018853,0.023132,-0.0128,0.0241,-10.4133
55480000,0.001440,0.022361,0.019186,0.1451,-0.1338,-10.4636
55490000,-0.001614,0.022283,0.021853,0.0720,-0.0084,-10.4395
55500000,0.002184,0.026702,0.018267,-0.0506,-0.0092,-10.4621
55510000,-0.005301,0.024018,0.024418,0.0620,-0.0252,-10.4084
55520000,-0.000506,0.025032,0.015479,-0.1217,-0.0266,-10.5561
55530000,0.002526,0.021367,0.017475,0.0633,0.0566,-10.3605
55540000,0.002670,0.022673,0.020718,-0.0831,0.0418,-10.5233
55550000,-0.003385,0.023220,0.020558,-0.0005,0.0571,-10.3481
55560000,0.000534,0.024869,0.021726,-0.0160,-0.0535,-10.3836
55570000,-0.004430,0.023697,0.017245,-0.1100,0.0339,-10.4048
55580000,-0.000032,0.021899,0.022318,0.0843,0.0373,-10.4980
55590000,0.001019,0.026346,0.023304,-0.0669,-0.0686,-10.5408
55600000,-0.000939,0.030027,0.021322,0.0823,-0.0460,-10.4187
55610000,0.000753,0.026174,0.022578,-0.0274,-0.0770,-10.3521
55620000,0.000328,0.021277,0.015415,0.0445,-0.0423,-10.3879
55630000,-0.002918,0.025361,0.019904,0.0144,0.0499,-10.4666
55640000,-0.002266,0.023575,0.020982,-0.0569,0.0635,-10.3061
55650000,-0.002345,0.024878,0.016251,-0.0445,-0.0069,-10.4427
55660000,-0.000198,0.022055,0.021436,-0.0193,0.1395,-10.2849
55670000,-0.000901,0.025343,0.018290,0.0126,-0.0382,-10.2142
55680000,-0.001192,0.022230,0.017779,-0.0814,0.0895,-10.4015
55690000,-0.006751,0.023114,0.016005,-0.1152,0.0034,-10.3137
55700000,0.000708,0.024871,0.018990,0.0466,-0.1289,-10.3375
55710000,-0.000933,0.026456,0.017741,0.1133,0.0460,-10.3097
55720000,0.000933,0.026686,0.020021,-0.1304,0.0042,-10.1760
55730000,-0.002520,0.023838,0.020273,-0.0330,0.0451,-10.4438
55740000,0.001171,0.025199,0.017689,-0.0924,0.0877,-10.3558
55750000,-0.001908,0.023643,0.020033,-0.1192,-0.0197,-10.1994
55760000,-0.002857,0.018476,0.016310,0.0491,0.0301,-10.3285
55770000,0.001568,0.027158,0.017648,-0.1010,0.0758,-10.3155
55780000,-0.002554,0.024127,0.019186,-0.0716,0.0318,-10.3786
55790000,-0.002552,0.024382,0.017459,0.0206,0.0481,-10.2135
55800000,-0.001705,0.027074,0.013791,-0.0529,-0.0686,-10.3277
55810000,-0.001309,0.023443,0.018951,0.0455,-0.0980,-10.3747
55820000,0.000129,0.026781,0.016898,0.0786,0.0516,-10.2336
55830000,-0.000709,0.024124,0.018881,0.0544,-0.0235,-10.2177
55840000,0.000573,0.024055,0.019398,0.1085,0.0209,-10.2242
55850000,-0.000616,0.020495,0.017438,-0.0938,0.0469,-10.2564
55860000,-0.002418,0.027288,0.017236,0.0684,-0.0956,-10.2270
55870000,-0.000930,0.026039,0.020262,-0.1149,0.0024,-10.3490
55880000,-0.001010,0.022855,0.017798,-0.1386,0.1247,-10.2828
55890000,-0.002269,0.023165,0.017230,-0.0815,-0.0894,-10.1559
55900000,0.000257,0.027115,0.016240,0.0445,-0.0301,-10.1327
55910000,0.002579,0.030394,0.015257,0.1035,-0.0290,-10.2034
55920000,0.000012,0.024132,0.014784,-0.0506,-0.0287,-10.2044
55930000,0.002475,0.019549,0.017461,-0.0190,0.0822,-10.2957
55940000,-0.002031,0.024347,0.017067,-0.0888,-0.0018,-10.2495
55950000,0.001681,0.025553,0.016817,-0.0008,0.0363,-10.2653
55960000,0.001949,0.026032,0.015422,0.0117,0.0456,-10.0871
55970000,-0.002103,0.021609,0.013448,0.0209,-0.1087,-10.1928
55980000,0.003055,0.025458,0.015278,0.0006,0.1654,-10.1807
55990000,-0.001987,0.023935,0.015787,0.1072,0.0191,-10.0470
56000000,-0.001008,0.022689,0.016301,-0.0022,-0.0163,-10.2186
56010000,0.001014,0.026913,0.016949,0.0390,0.0264,-10.1586
56020000,0.000644,0.022878,0.016357,-0.0626,0.0337,-10.1773
56030000,-0.001369,0.025581,0.014987,0.1182,-0.0315,-9.9770
56040000,-0.003790,0.022895,0.016499,-0.0498,0.1289,-10.0660
56050000,-0.002207,0.024045,0.018577,0.1069,-0.1439,-9.9577
56060000,-0.000555,0.021930,0.013851,-0.0341,0.1496,-10.2197
56070000,-0.001920,0.025671,0.014709,-0.0170,0.0115,-9.9755
56080000,0.000168,0.021702,0.012313,0.0812,-0.1000,-10.1137
56090000,-0.001373,0.022835,0.016509,0.0029,0.1265,-10.0463
56100000,0.000755,0.024518,0.016120,-0.0407,0.0134,-10.0720
56110000,-0.002199,0.021388,0.016050,0.0077,0.0382,-9.9582
56120000,-0.002288,0.025066,0.016512,-0.2244,-0.0492,-9.9638
56130000,-0.000092,0.023102,0.013173,-0.0005,-0.1438,-9.9911
56140000,-0.001111,0.023092,0.017910,-0.1544,-0.0035,-10.0116
56150000,0.001217,0.024162,0.012590,0.0631,-0.0760,-10.0324
56160000,-0.001498,0.025146,0.011910,-0.1579,-0.0373,-9.8559
56170000,0.002815,0.023516,0.020912,0.0083,0.0672,-10.0655
56180000,-0.000502,0.023117,0.015135,-0.0918,-0.0261,-10.0973
56190000,-0.001108,0.025436,0.020374,-0.0427,0.1143,-9.9338
56200000,-0.002130,0.021784,0.014000,-0.0147,0.0682,-10.0268
56210000,-0.001579,0.025126,0.014292,0.0386,-0.0294,-9.9618
56220000,-0.002661,0.025527,0.015191,-0.0376,-0.0671,-10.0161
56230000,-0.002116,0.024924,0.010503,-0.0239,-0.0560,-9.9084
56240000,0.000164,0.024167,0.014278,0.0099,-0.0085,-9.8793
56250000,-0.001034,0.025463,0.014828,0.0016,0.0700,-9.9960
56260000,-0.002654,0.027893,0.009966,0.0822,0.1762,-9.9077
56270000,0.000918,0.025469,0.013797,-0.0458,-0.0480,-9.9246
56280000,0.001318,0.024970,0.014255,-0.1658,0.1126,-9.9101
56290000,-0.002011,0.024808,0.015562,-0.0617,0.1748,-9.8442
56300000,-0.000068,0.023019,0.014977,-0.0509,-0.0586,-9.9808
56310000,0.000586,0.025034,0.015178,-0.0698,-0.0149,-9.8474
56320000,0.000325,0.023638,0.015949,0.0020,0.1647,-9.8942
56330000,-0.002083,0.025350,0.015078,0.0256,-0.0571,-9.9152
56340000,0.000716,0.027918,0.013316,-0.0748,0.0130,-9.9049
56350000,0.001584,0.022315,0.015738,0.0107,0.0087,-9.7052
56360000,0.002325,0.025644,0.017112,0.0491,-0.0040,-9.6349
56370000,-0.000306,0.024808,0.010323,0.0380,-0.0166,-9.7279
56380000,0.002963,0.027192,0.012371,0.0583,0.0635,-9.7040
56390000,0.000720,0.024334,0.014724,-0.0335,-0.0328,-9.7369
56400000,-0.000512,0.022799,0.012540,0.0532,-0.0494,-9.8001
56410000,0.002478,0.026440,0.013822,-0.0023,0.0178,-9.7313
56420000,-0.001495,0.022039,0.010178,-0.0844,-0.0667,-9.7113
56430000,0.002031,0.025770,0.013251,0.0052,0.0569,-9.8521
56440000,-0.001725,0.025571,0.009099,-0.0014,0.0464,-9.7416
56450000,0.000715,0.023963,0.012358,-0.0275,0.1250,-9.6538
56460000,0.001829,0.026950,0.015453,-0.0276,-0.0723,-9.7352
56470000,-0.001331,0.025288,0.016489,-0.0114,-0.0406,-9.8670
56480000,0.001285,0.026174,0.015681,-0.1207,-0.0940,-9.6769
56490000,0.000192,0.025701,0.015334,0.0406,-0.0162,-9.7567
56500000,0.001225,0.028669,0.013236,0.0256,-0.0342,-9.6848
56510000,-0.001388,0.023919,0.012625,0.0325,-0.1245,-9.7760
56520000,-0.004596,0.023331,0.013849,0.0603,0.0302,-9.7528
56530000,0.004203,0.025224,0.010255,0.0822,-0.1123,-9.4595
56540000,0.001354,0.023613,0.012970,-0.0013,0.0658,-9.6203
56550000,-0.000084,0.025919,0.013518,-0.0887,0.0585,-9.5621
56560000,0.003225,0.028044,0.013963,-0.0369,0.1109,-9.7692
56570000,-0.002633,0.028734,0.012671,-0.0448,0.1013,-9.6036
56580000,-0.000506,0.028449,0.010181,-0.0240,-0.0647,-9.6005
56590000,0.001772,0.025656,0.014958,0.1017,0.1862,-9.6343
56600000,0.003906,0.024448,0.012002,0.0239,-0.0091,-9.5342
56610000,0.002129,0.024325,0.010471,0.2019,0.0890,-9.5162
56620000,-0.000748,0.023234,0.011982,-0.1674,0.0071,-9.6309
56630000,-0.001397,0.028491,0.012456,-0.0338,-0.0256,-9.5498
56640000,0.002174,0.025795,0.010298,-0.0162,0.0612,-9.5665
56650000,-0.001654,0.027536,0.012113,0.1485,-0.0712,-9.5426
56660000,0.000315,0.024864,0.009205,-0.0382,-0.0594,-9.3880
56670000,0.002423,0.028201,0.012938,-0.0767,-0.1175,-9.5648
56680000,0.001410,0.029763,0.009245,0.0018,0.0852,-9.7387
56690000,-0.002888,0.024840,0.014642,0.1722,-0.0706,-9.5099
56700000,0.000169,0.027432,0.008177,-0.1034,0.2768,-9.5098
56710000,0.002887,0.025746,0.012008,-0.0291,-0.1283,-9.4248
56720000,0.002992,0.026071,0.008730,-0.0625,0.0611,-9.6014
56730000,-0.000729,0.023139,0.010902,-0.0976,0.0290,-9.5510
56740000,0.001362,0.025624,0.009767,-0.0825,0.1068,-9.5138
56750000,-0.001583,0.027649,0.010299,-0.0203,0.0224,-9.5719
56760000,0.001498,0.026773,0.008220,-0.1265,-0.0197,-9.4054
56770000,-0.001469,0.024002,0.012385,0.0220,-0.1277,-9.5987
56780000,-0.001520,0.025005,0.010224,0.1585,-0.0586,-9.4103
56790000,-0.001290,0.024279,0.010810,0.0217,0.0601,-9.4043
56800000,-0.001551,0.026311,0.007535,-0.0864,0.0075,-9.4133
56810000,0.002814,0.022400,0.010563,0.0107,-0.0161,-9.4205
56820000,0.000016,0.027607,0.013566,0.1045,0.1639,-9.3967
56830000,-0.002336,0.026670,0.011645,-0.0681,0.1252,-9.3758
56840000,0.000083,0.025522,0.012358,-0.0070,-0.0642,-9.4064
56850000,-0.000549,0.025532,0.007340,-0.1198,-0.1423,-9.5353
56860000,0.000815,0.025731,0.009945,0.1533,0.1261,-9.4210
56870000,0.002244,0.029567,0.012319,0.0703,0.0790,-9.4941
56880000,0.000640,0.026272,0.010714,-0.1596,-0.0326,-9.4253
56890000,0.001062,0.024977,0.009017,-0.0665,0.1511,-9.4385
56900000,0.001151,0.023685,0.014111,-0.0791,0.0169,-9.4348
56910000,-0.002098,0.024269,0.008682,0.0235,0.0661,-9.3883
56920000,-0.000095,0.028050,0.011973,0.0431,-0.0075,-9.2864
56930000,-0.001784,0.021028,0.009460,0.2362,-0.0572,-9.2390
56940000,0.000336,0.024656,0.010058,-0.0248,-0.0539,-9.3962
56950000,0.001087,0.025883,0.012130,-0.0993,0.1596,-9.4093
56960000,-0.003417,0.021775,0.010312,0.0117,-0.1012,-9.4222
56970000,0.000422,0.022936,0.006728,-0.0175,-0.0935,-9.4565
56980000,0.001490,0.022179,0.008999,-0.0135,0.0754,-9.2318
56990000,-0.001583,0.027408,0.011625,-0.0592,0.2754,-9.1323
57000000,-0.000599,0.028222,0.011335,0.0104,-0.0496,-9.2928
57010000,-0.000518,0.028236,0.008645,0.0026,0.0441,-9.2537
57020000,-0.000324,0.025280,0.014675,-0.0194,0.0519,-9.2697
57030000,0.003264,0.022834,0.010684,0.0025,-0.1015,-9.3112
57040000,0.000715,0.024999,0.010972,0.0505,0.0123,-9.3396
57050000,0.000873,0.023584,0.011400,0.0138,0.0781,-9.3860
57060000,0.000730,0.026669,0.010590,0.0898,0.0384,-9.2622
57070000,0.003923,0.027052,0.008648,0.1265,-0.1306,-9.1867
57080000,0.000957,0.026599,0.009677,-0.0443,-0.0678,-9.1716
57090000,-0.000534,0.027563,0.009527,0.1392,0.0498,-9.2760
57100000,-0.000456,0.020029,0.009201,0.0125,-0.0054,-9.2743
57110000,-0.000450,0.025362,0.008613,0.0755,0.0823,-9.2356
57120000,-0.001868,0.025525,0.009392,-0.0538,-0.0748,-9.2059
57130000,0.001368,0.025944,0.009909,-0.0771,-0.0608,-9.2479
57140000,0.004717,0.024024,0.007220,0.0398,0.0753,-9.0910
57150000,-0.002076,0.024788,0.010833,0.0791,-0.1047,-9.0953
57160000,0.000577,0.025229,0.006447,0.1013,-0.0959,-9.0290
57170000,0.001089,0.023925,0.009729,-0.0969,-0.0875,-9.1451
57180000,0.000980,0.024597,0.007492,0.0806,-0.0267,-9.0576
57190000,-0.000521,0.025687,0.009896,-0.0730,0.0459,-9.1936
57200000,-0.002647,0.023498,0.006177,-0.0615,-0.1438,-9.2644
57210000,0.000604,0.024378,0.011805,-0.1041,-0.0834,-9.1068
57220000,-0.003077,0.025410,0.006572,0.0721,0.0680,-9.1752
57230000,-0.000366,0.026099,0.007340,-0.1047,-0.0440,-9.0986
57240000,-0.003652,0.023938,0.007256,-0.0720,-0.0783,-9.0889
57250000,0.000938,0.023428,0.009158,-0.0216,-0.0009,-9.1085
57260000,0.002444,0.019984,0.008058,0.0616,-0.1535,-9.0614
57270000,0.002994,0.024344,0.009209,0.0440,-0.0204,-9.1270
57280000,0.000533,0.025129,0.003673,-0.1188,0.1267,-9.0501
57290000,-0.001318,0.023016,0.008357,0.0088,-0.1353,-9.0779
57300000,0.001487,0.025020,0.008729,0.0059,0.0502,-9.1141
57310000,-0.000872,0.025282,0.008619,0.0150,-0.0003,-9.0058
57320000,-0.000057,0.022971,0.007552,0.0360,0.0375,-9.1193
57330000,-0.000376,0.028345,0.006200,-0.1394,-0.0266,-8.8734
57340000,-0.002042,0.026950,0.006712,0.0778,0.0254,-9.0199
57350000,-0.001545,0.025515,0.007169,-0.0118,0.0429,-8.9997
57360000,0.000485,0.021284,0.008017,0.1854,-0.0403,-8.9975
57370000,0.002342,0.027808,0.006396,0.0807,0.1132,-8.9794
57380000,0.000448,0.024374,0.007460,-0.0245,-0.0913,-8.8616
57390000,0.004256,0.027368,0.005857,-0.0731,0.0091,-8.9618
57400000,0.001443,0.021830,0.008716,-0.0794,0.0716,-9.1599
57410000,0.000104,0.025771,0.007558,-0.0348,-0.1143,-8.9847
57420000,-0.002429,0.029675,0.007613,-0.0853,-0.0372,-9.0852
57430000,-0.000034,0.023303,0.010053,-0.0626,0.0295,-8.8687
57440000,-0.002105,0.025704,0.005886,-0.0053,-0.0962,-8.8857
57450000,-0.001411,0.023760,0.009612,-0.0045,0.1861,-8.9813
57460000,-0.002783,0.023267,0.007845,-0.1156,0.0202,-9.0469
57470000,0.000233,0.018951,0.006912,-0.0489,0.0904,-8.8724
57480000,-0.000108,0.019112,0.004573,-0.2535,-0.0805,-8.9805
57490000,0.001938,0.025823,0.006185,-0.1415,0.0767,-8.9749
57500000,-0.000364,0.024703,0.007565,-0.0468,0.0191,-8.8277
57510000,0.000580,0.017961,0.007545,-0.0252,0.1364,-8.8466
57520000,0.001920,0.022407,0.007286,-0.0387,-0.0084,-8.9078
57530000,-0.002127,0.023100,0.009202,-0.0058,0.0180,-8.9491
57540000,-0.002964,0.024225,0.007267,0.0248,0.0077,-8.8291
57550000,0.000718,0.025479,0.004219,0.0213,0.1446,-8.8367
57560000,-0.001739,0.021083,0.007142,-0.1191,0.0933,-8.9326
57570000,-0.002863,0.022990,0.008689,0.0046,-0.0165,-8.8007
57580000,0.001464,0.024872,0.003942,-0.0263,0.0445,-9.0438
57590000,0.000488,0.023738,0.007165,0.0433,0.1299,-8.9070
57600000,-0.001916,0.021443,0.008101,0.0441,-0.1068,-8.8041
57610000,-0.002602,0.021739,0.005982,0.1157,0.0479,-8.8509
57620000,0.002379,0.019861,0.006900,0.0231,0.0907,-8.8379
57630000,-0.002155,0.020852,0.005694,-0.0692,0.0447,-8.7706
57640000,-0.000197,0.023964,0.007248,-0.0192,0.0660,-8.7653
57650000,0.000291,0.025363,0.007067,-0.0641,-0.0798,-8.6724
57660000,-0.003100,0.018800,0.007976,0.0078,-0.0059,-8.6978
57670000,0.002518,0.020219,0.010615,0.0726,0.0267,-8.8929
57680000,-0.001029,0.023550,0.007105,-0.0653,-0.0992,-8.8670
57690000,-0.000709,0.024916,0.005419,-0.1211,-0.0368,-8.6673
57700000,0.000965,0.020413,0.004875,-0.0813,0.1787,-8.7758
57710000,-0.001158,0.025892,0.005734,-0.0535,-0.0003,-8.8256
57720000,-0.001161,0.020062,0.005728,0.0486,0.0263,-8.7468
57730000,0.002585,0.026590,0.005711,-0.0349,-0.1043,-8.7364
57740000,0.000083,0.022341,0.006281,-0.0696,-0.0625,-8.7527
57750000,0.000223,0.017282,0.003145,0.0449,0.0946,-8.7583
57760000,-0.001032,0.019059,0.006785,0.1029,-0.0801,-8.7685
57770000,0.000288,0.024658,0.008386,-0.0836,-0.0224,-8.7747
57780000,-0.002127,0.022727,0.005840,-0.0405,0.0796,-8.7732
57790000,0.000329,0.023399,0.002928,0.0262,-0.0730,-8.7362
57800000,0.001413,0.021429,0.006810,0.0824,0.0278,-8.5956
57810000,-0.002175,0.019128,0.008111,0.0031,0.0888,-8.6856
57820000,-0.000593,0.020885,0.008475,0.2249,-0.0455,-8.7077
57830000,0.003876,0.024039,0.005128,0.0090,-0.1164,-8.6782
57840000,0.000166,0.021150,0.002725,0.0337,0.0628,-8.7361
57850000,-0.001934,0.022749,0.001284,-0.0477,0.0973,-8.8148
57860000,-0.000670,0.022147,0.007554,-0.0534,0.0549,-8.5325
57870000,-0.001555,0.020641,0.008322,0.1241,0.0283,-8.7274
57880000,0.000395,0.020311,0.009875,-0.0355,0.0734,-8.4212
57890000,-0.002453,0.022954,0.003468,-0.0315,-0.0824,-8.6692
57900000,0.001654,0.020229,0.005778,0.1418,-0.0579,-8.5820
57910000,-0.000703,0.023282,0.003731,0.1250,0.0524,-8.7413
57920000,0.003236,0.021753,0.004917,-0.0445,0.0143,-8.6101
57930000,0.000946,0.022925,0.005394,0.1292,-0.0283,-8.6444
57940000,0.002462,0.020829,0.005545,-0.0561,-0.0494,-8.8106
57950000,0.001460,0.017800,0.008044,0.1278,-0.0188,-8.6240
57960000,0.001610,0.021598,0.006564,-0.0324,0.0199,-8.4815
57970000,0.000649,0.016980,0.004187,-0.0404,-0.1642,-8.5481
57980000,0.001685,0.022757,0.008160,0.0592,-0.0126,-8.5984
57990000,0.001789,0.038078,0.003243,0.0735,0.0085,-8.7455
58000000,0.002853,0.070077,0.003807,0.0468,-0.0085,-8.5981
58010000,0.013155,0.110143,0.003902,-0.0473,0.1357,-8.4683
58020000,0.010776,0.125094,0.004634,0.0452,-0.0927,-8.2626
58030000,0.006160,0.133814,0.002846,-0.1137,0.0281,-8.1904
58040000,0.005612,0.133556,0.004692,-0.0309,-0.0379,-7.9942
58050000,0.006743,0.132913,0.006275,0.0226,-0.0210,-7.9724
58060000,0.006470,0.134485,0.006544,0.0185,-0.0083,-7.9455
58070000,0.010896,0.138378,0.004711,-0.0986,-0.1185,-7.7535
58080000,0.011005,0.134866,0.004943,0.1598,0.0378,-7.6780
58090000,0.006207,0.140838,0.003966,0.0016,0.0016,-7.5564
58100000,0.010477,0.139642,0.003413,0.0370,0.1107,-7.3804
58110000,0.011618,0.144293,0.003921,0.0079,0.0368,-7.4852
58120000,0.005981,0.147276,0.004081,0.0355,0.1215,-7.1881
58130000,0.004598,0.145328,0.005462,-0.0978,-0.0803,-7.0400
58140000,0.005391,0.143363,0.002815,0.0726,-0.0181,-6.7915
58150000,0.005509,0.144351,0.001986,0.1106,-0.1000,-6.8309
58160000,0.014074,0.148599,0.003218,-0.0672,-0.0451,-6.7362
58170000,0.009438,0.147260,0.005039,0.0221,0.0407,-6.6599
58180000,0.013775,0.141425,0.007260,-0.0541,0.1763,-6.6499
58190000,0.009700,0.145272,0.007634,0.1113,0.0596,-6.5648
58200000,0.013399,0.140927,0.005092,-0.0146,0.0202,-6.4794
58210000,0.012150,0.141608,0.001698,-0.0715,0.0559,-6.4009
58220000,0.013594,0.139293,0.005682,-0.1077,-0.0723,-6.3362
58230000,0.006238,0.135927,0.005920,-0.0270,-0.0580,-6.1719
58240000,0.009195,0.135319,0.001320,-0.0462,-0.0759,-6.2028
58250000,0.007210,0.133726,0.004017,-0.1082,-0.0149,-6.1401
58260000,0.005230,0.128978,0.002930,-0.0895,0.0008,-6.0803
58270000,0.009881,0.128065,0.003511,0.0539,0.0992,-6.0121
58280000,0.008792,0.118053,0.005833,0.0972,0.1473,-5.9389
58290000,0.003221,0.111277,0.004480,0.0421,-0.1147,-6.0109
58300000,0.004921,0.108426,0.005697,-0.0636,-0.0135,-5.8981
58310000,0.008458,0.106551,0.004408,-0.0088,-0.0114,-5.8904
58320000,0.004525,0.099292,0.004926,-0.0046,0.1941,-5.7036
58330000,0.003001,0.094857,0.003386,0.0064,0.0944,-5.6271
58340000,0.002667,0.091884,0.008374,-0.0794,-0.0359,-5.6787
58350000,0.002471,0.078028,0.001194,0.0066,-0.0617,-5.6598
58360000,-0.000107,0.077086,0.007596,-0.1122,-0.0546,-5.7532
58370000,0.003843,0.065309,0.002200,0.0236,-0.1841,-5.5287
58380000,0.002217,0.062850,0.000013,0.0667,0.0329,-5.6152
58390000,0.000401,0.054161,0.000711,0.0859,0.1701,-5.4964
58400000,0.001637,0.046218,-0.000114,-0.0313,-0.0275,-5.5446
58410000,0.000220,0.041689,0.002197,0.0421,0.0529,-5.5102
58420000,-0.001132,0.032231,0.003314,-0.0378,0.0357,-5.5499
58430000,-0.001750,0.021583,0.001555,0.0370,-0.0456,-5.5578
58440000,0.000579,0.015089,0.005435,0.0612,0.0699,-5.4064
58450000,0.001735,0.009305,0.003833,0.0262,-0.1333,-5.4069
58460000,0.000988,-0.001615,0.000348,0.0898,0.0357,-5.3477
58470000,-0.004662,-0.004162,0.004774,0.0023,0.0365,-5.4853
58480000,-0.003543,-0.013698,0.002812,-0.1022,0.0167,-5.4837
58490000,-0.001932,-0.023154,0.002826,0.0743,-0.0142,-5.5425
58500000,-0.003112,-0.028531,0.004464,-0.0826,-0.0017,-5.6558
58510000,-0.007621,-0.038513,0.001785,0.1016,-0.1203,-5.4750
58520000,-0.004215,-0.039934,0.006765,0.0118,-0.0204,-5.4486
58530000,-0.004313,-0.050433,0.004090,-0.0728,0.0727,-5.7077
58540000,-0.006180,-0.053560,0.004169,0.2214,-0.1449,-5.7179
58550000,-0.006980,-0.057455,0.000296,-0.0218,-0.0234,-5.6250
58560000,-0.007943,-0.068635,0.004833,0.0521,-0.1139,-5.8727
58570000,-0.008702,-0.069925,0.000950,0.0470,-0.0351,-5.7833
58580000,-0.008370,-0.076117,0.001403,0.0122,0.0985,-5.7916
58590000,-0.009763,-0.079102,0.002648,-0.0034,0.0078,-5.8680
58600000,-0.006461,-0.081844,0.000192,0.1161,0.1485,-6.0545
58610000,-0.008932,-0.090707,0.002803,0.1784,-0.0221,-6.0958
58620000,-0.005084,-0.093290,-0.000455,0.0401,0.0071,-5.8492
58630000,-0.011090,-0.095566,0.000312,0.0060,0.0266,-6.1209
58640000,-0.008734,-0.101852,-0.000374,0.0085,-0.0384,-6.0426
58650000,-0.005500,-0.100399,0.001550,0.0889,-0.0581,-6.3265
58660000,-0.008259,-0.103314,-0.001770,0.0485,0.0821,-6.2403
58670000,-0.010147,-0.104273,0.000275,-0.0356,0.2325,-6.5222
58680000,-0.005615,-0.106740,0.004221,0.0609,0.0504,-6.4342
58690000,-0.011114,-0.107016,0.000893,-0.1266,0.1320,-6.5123
58700000,-0.010723,-0.107556,0.001343,0.0211,-0.0008,-6.5474
58710000,-0.010975,-0.108351,-0.001071,0.1044,-0.0344,-6.6183
58720000,-0.007377,-0.106516,0.003072,-0.0617,0.0523,-6.7229
58730000,-0.012076,-0.109379,0.001349,-0.1257,-0.0667,-6.7483
58740000,-0.009366,-0.110317,0.004901,0.1204,-0.0680,-6.9957
58750000,-0.009282,-0.114798,0.003097,0.1967,0.1249,-7.0734
58760000,-0.007898,-0.110682,0.005330,0.1018,0.1515,-6.9016
58770000,-0.009498,-0.109001,0.001712,-0.0563,-0.0608,-7.2698
58780000,-0.006891,-0.111367,0.006583,-0.0244,0.0142,-7.4048
58790000,-0.008512,-0.108183,0.000093,0.0235,0.0766,-7.3283
58800000,-0.009396,-0.109808,0.003769,0.0633,-0.0331,-7.5685
58810000,-0.010155,-0.104169,0.000695,0.0735,-0.0001,-7.5488
58820000,-0.006697,-0.102649,0.001018,0.0983,-0.0130,-7.7228
58830000,-0.010554,-0.101540,0.001347,0.1032,0.0842,-7.8415
58840000,-0.003840,-0.103810,-0.000193,-0.0209,0.1088,-7.7568
58850000,-0.009647,-0.100235,0.004786,0.0677,0.1167,-8.0355
58860000,-0.008429,-0.100819,0.002579,-0.0250,0.0380,-8.0979
58870000,-0.004749,-0.098274,0.005489,0.0094,0.0900,-8.1264
58880000,-0.006643,-0.098256,0.002479,-0.1075,0.0553,-8.1284
58890000,-0.008100,-0.095609,-0.000275,0.0365,-0.0487,-8.2519
58900000,-0.008592,-0.091016,0.000952,0.0194,0.0441,-8.3831
58910000,-0.006054,-0.094146,0.004778,0.0399,-0.0248,-8.6453
58920000,-0.003726,-0.088563,0.000740,-0.0329,-0.0496,-8.8245
58930000,-0.009548,-0.092066,-0.000146,-0.1177,-0.0021,-8.7335
58940000,-0.006795,-0.086093,0.000013,0.0149,-0.0883,-8.9589
58950000,-0.004370,-0.084249,0.000263,-0.0024,0.0206,-8.8239
58960000,-0.002906,-0.082464,-0.000085,-0.0253,0.0382,-9.2237
58970000,-0.005642,-0.080869,-0.000210,0.0236,-0.1187,-9.2629
58980000,-0.005687,-0.077867,0.001845,-0.1042,0.0481,-9.3493
58990000,-0.002735,-0.079133,0.002593,-0.0351,0.1333,-9.4079
59000000,-0.006750,-0.076248,-0.000556,-0.0320,-0.0951,-9.6076
59010000,-0.004579,-0.071764,0.001550,0.0030,-0.0095,-9.6448
59020000,-0.005427,-0.069523,-0.002681,0.0818,0.0506,-9.7471
59030000,-0.005955,-0.067630,0.000689,0.0421,0.0740,-9.8787
59040000,-0.004029,-0.066459,0.000518,0.0319,-0.0229,-10.0515
59050000,-0.003909,-0.059660,0.001915,0.0285,0.0037,-10.1585
59060000,-0.002465,-0.065215,0.001281,-0.0538,0.0672,-10.1458
59070000,-0.004505,-0.060046,-0.002530,0.0446,-0.0912,-10.2606
59080000,-0.006218,-0.062355,0.002520,-0.0633,-0.0172,-10.3352
59090000,-0.007074,-0.057054,-0.003543,-0.0439,0.0919,-10.4074
59100000,-0.003602,-0.057132,0.003155,-0.1430,0.1286,-10.6125
59110000,-0.005829,-0.055357,0.001845,-0.0071,-0.1073,-10.7114
59120000,-0.007950,-0.051724,-0.002713,0.0409,0.0197,-10.8123
59130000,-0.008347,-0.050371,0.002529,-0.1204,0.0021,-10.8078
59140000,-0.005463,-0.047644,0.001986,-0.0032,-0.0228,-11.0256
59150000,-0.003310,-0.048377,-0.000076,-0.0195,-0.1188,-11.0477
59160000,-0.000392,-0.042777,0.001659,-0.1383,-0.1182,-11.0699
59170000,-0.004264,-0.043901,-0.001303,0.1165,0.0434,-11.2718
59180000,-0.003465,-0.042283,0.001949,0.0114,0.0593,-11.2313
59190000,-0.004943,-0.040052,0.000986,-0.0594,-0.0023,-11.4083
59200000,-0.004313,-0.039168,0.001099,0.0363,0.1686,-11.5247
59210000,-0.005574,-0.039755,-0.003175,-0.0267,0.0765,-11.4352
59220000,-0.001215,-0.036090,-0.002404,0.0594,-0.0704,-11.6013
59230000,-0.003699,-0.032749,0.001738,0.0168,-0.1462,-11.7125
59240000,-0.004601,-0.031392,-0.004115,-0.1335,0.0417,-11.7665
59250000,-0.006516,-0.029214,-0.000580,-0.0314,-0.0984,-11.6866
59260000,-0.003693,-0.029910,0.002934,-0.0238,0.0886,-11.9255
59270000,-0.001912,-0.030231,-0.001603,-0.0062,0.0670,-11.9129
59280000,-0.002359,-0.027916,-0.000446,-0.0467,0.0942,-12.0866
59290000,-0.003241,-0.022304,0.000022,0.1987,0.0673,-12.0041
59300000,-0.000751,-0.025386,-0.000563,0.0409,0.0819,-12.1692
59310000,-0.005408,-0.024666,0.004260,-0.0444,-0.0946,-12.0208
59320000,0.001881,-0.020920,0.003078,0.0176,-0.0236,-12.3814
59330000,-0.001416,-0.019022,-0.003577,-0.0612,-0.0478,-12.3633
59340000,-0.001936,-0.016095,-0.003948,0.0441,0.1183,-12.3406
59350000,-0.004043,-0.016370,-0.000174,0.0154,0.1624,-12.2771
59360000,-0.001721,-0.013002,0.000564,0.2087,0.0338,-12.4268
59370000,0.000320,-0.018118,-0.001104,0.0264,-0.0838,-12.5129
59380000,-0.004006,-0.011176,0.001752,0.0127,0.1160,-12.5093
59390000,0.000979,-0.008830,0.000307,-0.0724,0.1039,-12.4680
59400000,-0.003506,-0.007473,-0.000130,-0.0611,0.0714,-12.5475
59410000,-0.003358,-0.006774,0.000446,0.0080,0.0871,-12.6324
59420000,0.000423,-0.009508,0.003964,-0.0375,-0.0141,-12.6416
59430000,0.001373,-0.008166,-0.000516,-0.0846,-0.0569,-12.5535
59440000,0.000965,-0.005315,-0.000931,-0.1051,0.0626,-12.6195
59450000,-0.001807,-0.006381,-0.001357,-0.0043,0.0481,-12.6061
59460000,-0.002540,-0.004506,0.000858,0.1128,-0.0069,-12.5944
59470000,-0.003174,0.000376,0.001358,0.0855,-0.0872,-12.6912
59480000,-0.001033,0.004666,0.003264,0.1683,0.0014,-12.7140
59490000,0.003764,0.000284,-0.002612,0.0460,-0.0593,-12.8119
59500000,-0.001304,0.001303,0.001506,-0.0267,0.0781,-12.6264
59510000,0.000228,0.004319,-0.001983,0.0126,0.0203,-12.8201
59520000,-0.000489,0.006100,0.000689,-0.0738,0.0428,-12.7491
59530000,-0.004068,0.011612,-0.001178,0.0222,-0.0384,-12.7239
59540000,-0.002900,0.008940,-0.000449,-0.0487,-0.0087,-12.6203
59550000,-0.000346,0.015046,0.004281,0.0055,-0.0229,-12.5430
59560000,-0.005669,0.010304,0.000536,0.0949,-0.0687,-12.6422
59570000,-0.001696,0.012447,-0.002207,-0.0554,0.1498,-12.6689
59580000,-0.001488,0.015300,-0.004301,-0.1114,0.0853,-12.6731
59590000,0.001079,0.016678,-0.002996,0.0306,-0.0296,-12.6082
59600000,0.001489,0.016801,0.000997,0.0106,0.1473,-12.5156
59610000,0.001916,0.023998,0.001705,0.1206,0.1170,-12.4036
59620000,0.002785,0.021737,-0.000584,-0.0200,-0.0214,-12.5202
59630000,-0.001694,0.025018,0.002673,0.1186,0.0618,-12.5637
59640000,0.000421,0.022365,0.001748,-0.1046,-0.0935,-12.3461
59650000,0.004715,0.028804,-0.001535,-0.0506,0.0960,-12.3166
59660000,0.006532,0.024383,0.002054,-0.0455,0.0158,-12.2178
59670000,-0.000124,0.026323,0.001055,0.0739,0.0866,-12.1612
59680000,0.003157,0.029828,0.002079,0.2616,-0.0284,-12.1200
59690000,0.001122,0.031252,0.001218,0.1120,0.0795,-12.1419
59700000,0.001404,0.032863,0.003597,-0.0522,-0.0989,-12.0886
59710000,0.005481,0.035633,0.000266,-0.0966,-0.0854,-11.8865
59720000,0.002183,0.038377,-0.002209,0.0059,0.0607,-11.9257
59730000,0.000917,0.033769,0.000100,-0.0712,-0.0332,-11.8798
59740000,0.001911,0.037749,0.001562,0.0194,-0.1156,-11.7533
59750000,0.002535,0.041306,0.001088,-0.0435,0.0595,-11.8257
59760000,0.000928,0.041030,-0.000460,0.0253,0.0485,-11.6968
59770000,0.002230,0.040286,0.000057,-0.1304,0.0908,-11.6216
59780000,0.004194,0.048624,0.002121,0.0538,0.0856,-11.5703
59790000,0.001910,0.044969,0.002553,-0.0002,-0.0035,-11.3921
59800000,0.002703,0.049204,0.003808,-0.0115,-0.1068,-11.5804
59810000,-0.002015,0.049495,0.001856,0.0326,-0.0560,-11.2009
59820000,0.005315,0.050811,0.003567,-0.0340,-0.0727,-11.1010
59830000,0.003271,0.050492,-0.000430,-0.1443,-0.0101,-11.2199
59840000,0.005215,0.053109,0.000088,-0.0117,0.0355,-11.0298
59850000,-0.001175,0.058330,0.000023,0.0235,-0.1228,-10.9458
59860000,0.001526,0.054487,0.002743,-0.0642,-0.1179,-10.8916
59870000,0.000473,0.059300,0.000124,0.0243,0.0397,-10.7307
59880000,0.001014,0.061195,-0.000251,0.1482,-0.0392,-10.7752
59890000,0.002316,0.059698,0.000931,-0.1474,-0.1702,-10.5286
59900000,0.003344,0.060302,0.001705,-0.0230,0.0467,-10.4528
59910000,0.003288,0.062421,0.001797,0.1552,-0.0462,-10.4550
59920000,0.001583,0.064399,-0.001857,0.0049,0.0387,-10.2045
59930000,-0.000477,0.069130,0.001128,0.1725,-0.1319,-10.1064
59940000,0.006271,0.065959,-0.000233,0.0211,0.1328,-10.2864
59950000,0.003252,0.064565,0.002444,0.0212,0.0495,-10.0933
59960000,0.005323,0.068089,-0.001360,-0.0721,-0.0035,-9.9857
59970000,0.004821,0.069287,0.002786,0.1303,0.0350,-9.8369
59980000,0.003408,0.070462,0.000630,0.0076,-0.0380,-9.7571
59990000,0.000989,0.059396,-0.000735,-0.1545,-0.0228,-9.6519
60000000,0.001996,0.034992,-0.002149,0.0225,-0.0056,-9.6124
60010000,0.000654,0.005736,0.000092,-0.0673,-0.0846,-9.6064
60020000,-0.001786,0.005178,-0.000788,0.0307,-0.1644,-9.5831
60030000,-0.002506,0.003922,0.002211,0.1227,0.0644,-9.6633
60040000,-0.002099,0.003437,-0.001322,0.1754,0.0893,-9.5765
60050000,0.000048,0.003656,0.000716,0.0013,-0.0675,-9.6357
60060000,-0.001120,-0.000532,0.000330,-0.0231,-0.0303,-9.5521
60070000,-0.001256,0.001104,0.005077,0.0880,0.0351,-9.5333
60080000,-0.001346,0.003969,0.000658,0.0056,0.0042,-9.4667
60090000,0.000852,-0.001698,-0.003858,0.1865,-0.0152,-9.5545
60100000,-0.000382,-0.001174,-0.000452,0.0506,0.1611,-9.4628
60110000,0.002134,0.000631,-0.003467,0.0814,0.0253,-9.5061
60120000,0.000783,0.001407,-0.002339,0.0037,-0.0682,-9.6264
60130000,-0.002750,-0.001586,-0.000764,0.0806,0.1362,-9.4722
60140000,0.000816,0.001890,0.002846,0.0658,0.1192,-9.5425
60150000,-0.005978,0.000166,0.002243,0.1382,0.1199,-9.6824
60160000,0.003225,0.005572,0.000851,-0.1099,-0.0427,-9.4975
60170000,-0.000372,0.001686,0.004430,-0.0047,0.0980,-9.5981
60180000,-0.004007,-0.001361,-0.000266,-0.1660,-0.0828,-9.6170
60190000,0.001406,0.000932,-0.000607,-0.1822,-0.0407,-9.5056
60200000,-0.000592,-0.004030,-0.002936,0.1571,-0.1638,-9.5308
60210000,-0.000728,0.003395,-0.002165,-0.0319,-0.1584,-9.5077
60220000,-0.001163,-0.000533,-0.002921,0.0254,-0.1135,-9.6478
60230000,-0.000925,0.002938,0.001489,0.0936,0.1351,-9.6375
60240000,0.003185,-0.000060,-0.001117,0.0558,-0.0428,-9.3822
60250000,0.001358,0.001059,-0.001838,-0.1012,-0.1055,-9.6848
60260000,0.004013,-0.001140,-0.000811,0.0526,-0.0219,-9.4975
60270000,-0.000400,0.000329,-0.001803,0.0769,-0.0830,-9.5308
60280000,-0.002069,0.000968,-0.000442,-0.0706,0.1173,-9.6325
60290000,-0.000454,-0.000126,-0.001762,0.0642,0.0560,-9.5077
60300000,0.001591,0.002021,0.000305,-0.1572,0.0112,-9.4771
60310000,0.004817,0.000342,-0.002613,-0.1272,0.0497,-9.5020
60320000,-0.000850,0.001076,-0.000097,0.0192,-0.1153,-9.4610
60330000,-0.001832,-0.002045,0.000313,-0.0044,-0.0141,-9.5750
60340000,-0.001406,-0.002477,-0.000758,-0.0313,-0.0053,-9.5695
60350000,-0.003139,-0.002742,-0.000077,-0.1315,0.0504,-9.5215
60360000,-0.003218,-0.001472,0.000977,0.0069,-0.0992,-9.4593
60370000,-0.000130,-0.000027,-0.002134,-0.0284,-0.0534,-9.4555
60380000,-0.001719,-0.001407,-0.000050,-0.0065,-0.1955,-9.5745
60390000,0.000555,-0.001227,0.002964,0.1167,-0.0090,-9.5206
60400000,-0.000447,-0.003126,0.002955,-0.1426,-0.0056,-9.6056
60410000,-0.001308,0.000444,0.001374,-0.1106,0.0434,-9.6237
60420000,-0.003611,0.000766,0.002356,0.0314,-0.1030,-9.4318
60430000,-0.003564,-0.000521,0.001883,0.1591,-0.0062,-9.4792
60440000,0.000958,-0.001640,-0.000741,0.0469,0.0468,-9.6532
60450000,0.001217,-0.003951,0.000434,-0.1009,-0.0075,-9.4482
60460000,-0.006480,-0.002521,-0.000906,-0.1166,0.0711,-9.3606
60470000,0.000731,-0.001311,0.000907,-0.1219,-0.0172,-9.5744
60480000,-0.002028,-0.003066,0.002474,-0.0573,0.1206,-9.6509
60490000,-0.002303,-0.002519,-0.003205,-0.1215,-0.0179,-9.4058
60500000,0.001204,-0.000790,-0.001162,0.0259,0.0913,-9.6117
60510000,-0.003936,-0.008118,0.001108,0.0747,0.0542,-9.4467
60520000,-0.002779,-0.006287,0.001334,-0.0157,0.0102,-9.4803
60530000,0.000433,-0.005502,0.000882,0.1065,-0.0816,-9.3168
60540000,-0.001447,-0.007091,-0.000091,-0.1216,-0.1151,-9.4876
60550000,-0.000893,-0.002494,0.001172,-0.1021,-0.0918,-9.4049
60560000,-0.001092,-0.001519,-0.002490,-0.0613,0.0753,-9.3450
60570000,-0.001339,-0.001815,0.002525,0.0031,-0.1230,-9.5127
60580000,-0.004109,-0.003773,0.001070,-0.0250,-0.0665,-9.3285
60590000,-0.001130,-0.004304,-0.000430,-0.0166,-0.0308,-9.3213
60600000,0.000013,-0.003134,-0.003820,-0.0011,-0.0084,-9.3790
60610000,-0.002506,0.000279,0.002283,-0.0313,-0.0594,-9.3718
60620000,-0.000613,-0.002085,0.000950,-0.0183,-0.0080,-9.3776
60630000,0.001884,-0.000580,-0.003854,0.0287,0.0809,-9.3342
60640000,-0.002455,-0.002919,-0.002087,0.0874,0.0455,-9.2464
60650000,-0.002779,-0.003980,0.003813,0.0585,0.0047,-9.5771
60660000,0.001689,-0.001919,-0.000466,0.0204,0.0298,-9.4066
60670000,0.001698,-0.002685,-0.002947,0.0253,-0.2216,-9.3928
60680000,-0.006681,-0.004288,-0.000076,0.0616,0.0554,-9.5318
60690000,-0.000588,-0.003785,0.001372,-0.1098,0.0432,-9.3462
60700000,-0.000239,-0.002054,-0.002572,0.0111,0.1098,-9.3468
60710000,-0.003137,-0.002330,0.001795,0.0095,-0.1759,-9.3693
60720000,-0.001203,-0.002419,-0.006404,0.0390,0.0171,-9.6002
60730000,-0.000880,-0.003517,0.000363,0.0648,-0.0317,-9.4171
60740000,0.001022,-0.004990,-0.003659,-0.1189,-0.0329,-9.4003
60750000,0.000241,-0.004601,0.002388,0.0155,0.0741,-9.5043
60760000,0.000974,-0.005522,0.000883,-0.0753,-0.0806,-9.3681
60770000,-0.000233,-0.005017,-0.002281,0.0369,-0.0816,-9.3583
60780000,0.003877,-0.004549,0.004719,-0.0566,-0.1914,-9.2269
60790000,-0.002823,-0.004826,0.000841,0.0010,0.1661,-9.5701
60800000,-0.002493,-0.005341,-0.000741,0.0151,0.0313,-9.3978
60810000,-0.000824,-0.005642,0.000355,-0.1170,0.0196,-9.3267
60820000,-0.000671,-0.003092,-0.000333,-0.0144,-0.0635,-9.2606
60830000,-0.002011,-0.004010,-0.001059,0.0109,0.0003,-9.3703
60840000,-0.000564,-0.004038,0.003101,0.0054,-0.0874,-9.2880
60850000,0.001918,-0.003776,0.000274,-0.1125,-0.0257,-9.4901
60860000,-0.000586,-0.000107,0.001842,-0.0174,0.1034,-9.3448
60870000,-0.001173,-0.004423,0.000641,0.1224,-0.0327,-9.4335
60880000,-0.003220,-0.006533,-0.001075,0.0011,0.1456,-9.3165
60890000,-0.001909,-0.003846,-0.001822,-0.0730,0.1179,-9.1938
60900000,-0.002306,-0.007576,0.002851,0.0034,-0.1312,-9.2966
60910000,0.000380,-0.006454,-0.000140,-0.1138,-0.0547,-9.4576
60920000,0.002448,-0.006094,0.002565,0.0798,0.1010,-9.2404
60930000,-0.000328,-0.005677,-0.003389,0.0104,-0.0856,-9.2561
60940000,-0.001788,-0.006292,0.003709,0.0104,-0.1288,-9.4203
60950000,0.001378,-0.008412,0.001536,-0.1042,0.0084,-9.3250
60960000,0.001376,-0.008112,-0.000606,-0.0744,0.0353,-9.4096
60970000,-0.000888,-0.007154,-0.000659,0.1600,0.0028,-9.4421
60980000,-0.000643,-0.004091,0.003631,-0.0219,-0.0675,-9.2814
60990000,-0.001005,-0.008023,-0.001555,-0.0456,0.1057,-9.3093
61000000,0.001399,-0.004333,0.000874,0.0026,0.0167,-9.2969
61010000,-0.001287,-0.003682,-0.000879,0.1883,-0.0327,-9.3374
61020000,-0.000744,-0.003400,0.001612,-0.0647,-0.1544,-9.3030
61030000,-0.001737,-0.006519,0.000025,0.1361,-0.0424,-9.2304
61040000,0.000133,-0.009191,-0.002853,0.0529,0.0870,-9.3753
61050000,-0.000698,-0.007755,0.002465,0.0477,-0.1417,-9.3009
61060000,-0.001291,-0.007150,-0.000842,-0.0767,0.0014,-9.3210
61070000,-0.000445,-0.008131,0.000110,0.0022,0.0289,-9.3315
61080000,0.002803,-0.006652,-0.000741,-0.0169,0.0953,-9.3070
61090000,-0.003599,-0.009984,0.003037,0.0810,0.1342,-9.4159
61100000,-0.002117,-0.005436,-0.000519,0.0245,0.0322,-9.2846
61110000,-0.002762,-0.006791,-0.000530,0.0394,0.0501,-9.2915
61120000,0.001034,-0.009003,-0.004212,0.1281,-0.0641,-9.2312
61130000,-0.000357,-0.009665,-0.002324,-0.0072,0.0452,-9.4345
61140000,-0.002366,-0.009845,0.004273,0.0001,-0.0061,-9.3425
61150000,0.000404,-0.006324,-0.002407,0.0071,0.1179,-9.3536
61160000,-0.002913,-0.006826,0.002584,0.0672,-0.0122,-9.2951
61170000,-0.000772,-0.003567,-0.001270,0.0699,-0.0069,-9.1249
61180000,0.002636,-0.007839,0.002321,0.0495,-0.0756,-9.3385
61190000,-0.001931,-0.010166,-0.001338,0.0072,-0.0529,-9.3434
61200000,-0.001799,-0.009894,0.003497,0.0567,-0.1412,-9.3450
61210000,-0.002672,-0.004616,-0.002974,-0.0013,-0.0523,-9.2411
61220000,-0.002169,-0.008149,0.001008,-0.0061,0.0608,-9.3448
61230000,-0.001254,-0.008361,0.004117,-0.1781,-0.0353,-9.3444
61240000,0.000018,-0.012347,0.000828,0.0599,-0.0456,-9.3559
61250000,-0.001452,-0.006659,0.002133,-0.1744,0.1038,-9.2769
61260000,0.001061,-0.006837,0.001962,0.0224,-0.1493,-9.1721
61270000,0.001296,-0.011677,0.002833,0.1348,0.0428,-9.2742
61280000,-0.002306,-0.008995,0.001881,-0.0040,-0.0028,-9.3355
61290000,-0.001529,-0.008340,-0.000891,0.0106,0.1316,-9.3376
61300000,-0.002231,-0.010556,0.000990,0.1166,-0.1266,-9.2233
61310000,-0.000270,-0.004221,-0.000547,0.0009,-0.0684,-9.1864
61320000,0.004065,-0.011367,-0.001538,-0.0874,0.0011,-9.4200
61330000,-0.001356,-0.008603,0.001225,0.0127,-0.1286,-9.3663
61340000,0.000876,-0.011874,0.000420,-0.0232,-0.0362,-9.2211
61350000,-0.000968,-0.009953,-0.000863,-0.0839,-0.1392,-9.1480
61360000,0.002388,-0.012095,-0.000382,-0.0561,-0.0822,-9.4524
61370000,-0.000564,-0.011036,0.000517,-0.0458,0.0675,-9.2968
61380000,-0.001977,-0.010053,-0.000168,-0.0704,-0.0681,-9.2480
61390000,-0.001787,-0.007476,-0.000448,-0.0184,0.0173,-9.2564
61400000,-0.003146,-0.012111,-0.000075,-0.0009,-0.0870,-9.1555
61410000,-0.001071,-0.009345,-0.002629,0.0787,0.1096,-9.2001
61420000,-0.002540,-0.011337,-0.000723,-0.2031,-0.0900,-9.2245
61430000,-0.000722,-0.007281,-0.002037,0.0552,-0.0045,-9.2848
61440000,-0.001369,-0.015166,0.001370,-0.0267,0.1247,-9.4595
61450000,0.001258,-0.011646,0.001972,-0.1368,0.1876,-9.0794
61460000,-0.000096,-0.010693,-0.000465,-0.0970,0.1253,-9.2412
61470000,0.000200,-0.010674,0.001828,-0.0169,0.1186,-9.3337
61480000,-0.003122,-0.009744,-0.000815,0.0509,-0.0950,-9.1903
61490000,-0.002227,-0.012453,0.001176,0.0443,-0.0513,-9.1162
61500000,-0.002503,-0.011429,-0.001602,0.0002,-0.0444,-9.2731
61510000,-0.000996,-0.012622,-0.000307,0.1790,0.0421,-9.1604
61520000,0.000104,-0.013407,0.000458,0.0192,-0.0088,-9.2450
61530000,-0.000372,-0.008368,-0.001546,0.0048,-0.0377,-9.3023
61540000,0.000302,-0.009128,0.003307,0.1289,-0.0676,-9.3030
61550000,-0.002718,-0.010980,0.000257,-0.0972,0.0461,-9.1637
61560000,-0.000522,-0.010271,-0.002950,0.0575,0.1136,-9.1328
61570000,-0.000247,-0.012824,0.003147,-0.0519,-0.0865,-9.1775
61580000,0.000475,-0.010870,0.004224,-0.0764,-0.0934,-9.3220
61590000,0.001043,-0.011007,-0.001075,0.0194,-0.0058,-9.2389
61600000,-0.002706,-0.008326,-0.001197,-0.0605,-0.0445,-9.4519
61610000,-0.001486,-0.009668,-0.001674,0.1138,0.0019,-9.2181
61620000,-0.001111,-0.010819,-0.000169,-0.0658,-0.1499,-9.2537
61630000,-0.001323,-0.016456,-0.000741,-0.0015,-0.0514,-9.2231
61640000,-0.000380,-0.010546,-0.000093,-0.0401,-0.1356,-9.1806
61650000,-0.000140,-0.013423,0.001023,-0.0610,-0.1657,-9.2544
61660000,0.000231,-0.014490,-0.001561,0.0528,-0.0069,-9.2113
61670000,-0.001237,-0.010847,-0.000187,0.1007,0.0234,-9.2354
61680000,0.000386,-0.012316,0.001873,-0.0091,-0.1320,-9.1125
61690000,0.000136,-0.011694,0.002936,-0.0225,0.1203,-9.2189
61700000,-0.001373,-0.011898,-0.003390,0.0430,0.0293,-9.0508
61710000,0.000656,-0.012038,-0.000961,-0.0649,-0.0749,-9.2153
61720000,-0.002173,-0.011285,0.000430,0.0535,0.1108,-9.2032
61730000,0.003998,-0.012513,-0.001439,0.1094,0.1092,-9.2198
61740000,-0.000986,-0.011844,-0.000385,0.0627,0.0666,-9.1955
61750000,0.000678,-0.016049,-0.005133,-0.0139,0.0715,-9.2794
61760000,0.000730,-0.016191,-0.000090,-0.0129,-0.0465,-9.1944
61770000,-0.003237,-0.014159,0.002282,-0.0448,-0.0790,-9.1716
61780000,-0.002795,-0.013372,0.000548,-0.0449,-0.0355,-9.4253
61790000,0.000734,-0.011398,-0.000714,0.1093,-0.0362,-9.1605
61800000,-0.003104,-0.016568,0.001277,0.0139,0.0390,-9.1556
61810000,0.002550,-0.014538,-0.001604,0.1362,0.0596,-9.2926
61820000,0.000726,-0.011340,0.001165,0.0344,0.0372,-9.3141
61830000,-0.000840,-0.013402,-0.002485,0.0358,0.0273,-9.3345
61840000,0.000173,-0.014473,0.000612,-0.0049,-0.1039,-9.2363
61850000,-0.004450,-0.012368,-0.002052,0.0710,-0.0060,-9.0647
61860000,-0.003204,-0.012802,0.003958,-0.0947,-0.1244,-9.2083
61870000,-0.002734,-0.014596,0.004389,0.1642,0.0778,-9.2663
61880000,0.000237,-0.013367,-0.001351,0.1479,0.0682,-9.1092
61890000,0.000225,-0.011606,-0.000047,-0.1062,0.0152,-9.2889
61900000,0.001114,-0.016516,-0.002631,0.0679,0.0195,-9.1592
61910000,-0.003801,-0.013008,-0.000806,0.0064,-0.0412,-9.1826
61920000,-0.000767,-0.015703,0.000060,-0.2545,-0.0391,-9.2945
61930000,-0.001448,-0.015891,-0.001030,0.0119,0.0958,-9.1938
61940000,-0.000555,-0.010873,-0.001130,0.0034,0.1572,-9.2022
61950000,0.000679,-0.012870,-0.001982,0.0373,-0.0560,-9.1897
61960000,-0.002778,-0.019594,-0.000881,0.0062,-0.0054,-9.0905
61970000,-0.001559,-0.015631,0.002127,-0.0024,0.0131,-9.1623
61980000,-0.001697,-0.014862,0.002449,0.0255,0.0496,-9.2331
61990000,-0.001603,-0.015575,-0.002771,-0.0240,0.0714,-9.2541
62000000,0.001446,-0.015352,-0.002023,-0.1288,0.0179,-9.2413
62010000,-0.000388,-0.014944,-0.002585,0.0174,0.0147,-9.2025
62020000,-0.000898,-0.018578,0.005361,0.0719,-0.0866,-9.1545
62030000,0.000088,-0.016067,0.004627,-0.1101,-0.0126,-9.3184
62040000,0.000006,-0.015801,0.000991,0.0930,0.1602,-9.1563
62050000,-0.002239,-0.014518,0.001563,0.0535,-0.0309,-9.3490
62060000,-0.002675,-0.014791,0.001801,0.0624,0.0296,-9.3068
62070000,-0.002015,-0.019598,0.000663,0.0251,-0.0558,-9.2041
62080000,-0.001566,-0.014488,-0.002377,-0.0591,-0.0672,-9.0765
62090000,-0.003688,-0.014058,-0.002672,-0.1032,-0.1193,-9.1812
62100000,-0.001144,-0.015402,-0.002190,-0.0408,0.0222,-9.0758
62110000,-0.002167,-0.015298,-0.000411,0.1438,-0.0928,-9.1419
62120000,0.000290,-0.015817,0.000942,0.0236,0.0015,-9.0621
62130000,-0.003207,-0.011982,0.001147,-0.1128,-0.0252,-9.1041
62140000,-0.001796,-0.018884,-0.001848,0.0887,-0.0829,-9.2055
62150000,-0.000277,-0.015966,-0.003905,0.0699,-0.1469,-9.1521
62160000,-0.001078,-0.015843,-0.001380,0.0680,-0.0788,-9.0598
62170000,-0.002399,-0.015221,0.001898,0.0261,0.0196,-9.2353
62180000,-0.001142,-0.015531,0.001010,0.0055,0.1708,-9.0473
62190000,-0.002197,-0.017349,0.002532,0.0734,0.0120,-9.0900
62200000,0.001501,-0.016981,-0.002065,-0.0817,-0.0374,-9.2847
62210000,-0.003055,-0.017851,0.001084,-0.1266,-0.0473,-9.1390
62220000,-0.000043,-0.016102,0.000117,0.0185,-0.0211,-9.2570
62230000,0.000475,-0.018105,-0.000980,0.0399,-0.0971,-9.1005
62240000,0.000402,-0.012424,0.001816,0.0466,0.0456,-9.2259
62250000,-0.002226,-0.016336,-0.003226,-0.1293,-0.0639,-9.1232
62260000,0.002600,-0.014577,-0.000506,-0.0247,0.1999,-9.1510
62270000,-0.000388,-0.018599,-0.001172,0.0665,-0.0822,-9.1598
62280000,-0.003701,-0.016166,0.000332,-0.0338,0.0227,-9.1513
62290000,0.000334,-0.019996,0.003256,-0.0197,0.1200,-9.0574
62300000,-0.002134,-0.016076,-0.002194,-0.0116,-0.0417,-9.0146
62310000,0.001035,-0.015414,0.000469,0.0503,-0.1125,-9.2324
62320000,-0.000503,-0.018481,0.001170,-0.0477,0.0951,-8.8365
62330000,0.003681,-0.019962,0.003657,0.0381,-0.1265,-9.2309
62340000,0.000470,-0.018296,0.001914,-0.0476,0.0910,-9.0622
62350000,0.002756,-0.020582,-0.000874,0.0383,-0.0897,-9.0875
62360000,0.001116,-0.017599,0.000507,-0.0438,-0.0600,-9.1984
62370000,0.000554,-0.017976,-0.000681,0.0475,-0.0024,-9.1166
62380000,-0.002134,-0.018835,0.001061,-0.0536,-0.0632,-9.0587
62390000,-0.001662,-0.013516,0.004474,-0.1198,-0.0696,-9.1503
62400000,-0.001842,-0.017862,0.000830,0.0102,0.0312,-9.0245
62410000,0.004213,-0.016404,0.002641,0.0833,-0.1659,-9.0300
62420000,-0.000642,-0.017760,0.002896,-0.0505,0.0671,-9.2463
62430000,-0.000392,-0.016177,0.000797,0.0185,-0.0088,-9.0717
62440000,0.002350,-0.017406,-0.001791,-0.0129,-0.0091,-9.0171
62450000,-0.003340,-0.018970,0.000446,-0.0052,-0.0751,-9.1788
62460000,-0.001771,-0.014839,0.001376,0.0001,0.0586,-9.2681
62470000,0.000851,-0.015864,0.000985,-0.1084,0.0429,-9.2114
62480000,0.000449,-0.020854,-0.001440,0.0454,-0.0515,-9.1793
62490000,-0.001282,-0.018011,-0.000435,0.0212,0.0172,-9.0985
62500000,0.000704,-0.018326,0.000366,-0.0982,0.0481,-9.1455
62510000,-0.001365,-0.019086,0.001961,0.0784,0.0079,-9.1938
62520000,-0.000328,-0.018441,-0.001463,0.0358,0.0050,-9.0957
62530000,0.001024,-0.015836,-0.000947,0.0120,0.0247,-9.0372
62540000,-0.002613,-0.018551,-0.001536,-0.0299,0.0292,-9.2168
62550000,-0.003066,-0.016640,-0.004038,-0.0594,-0.0975,-8.9984
62560000,-0.000136,-0.019120,0.002040,0.0314,-0.0849,-9.0893
62570000,-0.002461,-0.018623,-0.000962,0.0610,0.0646,-9.0929
62580000,0.004900,-0.016724,-0.004623,-0.1286,0.0757,-9.1813
62590000,-0.002192,-0.017990,-0.001633,-0.1690,-0.1404,-9.0034
62600000,0.000222,-0.018095,-0.000516,-0.1527,0.1371,-9.1721
62610000,-0.000366,-0.017977,0.001143,0.0570,0.0843,-9.0676
62620000,-0.003098,-0.019913,-0.000452,-0.1361,0.2488,-9.1000
62630000,0.000372,-0.016435,0.000606,-0.0548,-0.1058,-9.2213
62640000,0.001150,-0.021441,-0.001686,0.0463,-0.0850,-8.9929
62650000,-0.002392,-0.020282,0.001999,0.0261,0.0009,-9.0833
62660000,-0.000567,-0.020742,-0.002676,-0.0325,0.0012,-9.1495
62670000,-0.003507,-0.017521,-0.001394,-0.1208,0.0496,-9.1569
62680000,-0.001763,-0.020591,0.003015,-0.0761,-0.1152,-9.0816
62690000,-0.005259,-0.017963,-0.002484,-0.0356,-0.0165,-9.1542
62700000,-0.002554,-0.022406,-0.000622,0.0175,0.0880,-9.2135
62710000,0.003908,-0.018193,-0.000262,-0.0430,0.0334,-9.1162
62720000,0.003583,-0.015247,-0.002361,-0.0228,-0.0439,-9.1546
62730000,-0.000542,-0.017325,-0.001683,0.0474,-0.1170,-9.0709
62740000,-0.003029,-0.019137,-0.000714,0.0736,-0.1043,-9.0399
62750000,0.000924,-0.016497,0.001482,-0.0112,0.0208,-9.1861
62760000,-0.000056,-0.017807,-0.003747,0.0524,-0.0215,-9.0422
62770000,0.001885,-0.020311,0.001144,0.0228,0.1355,-9.1630
62780000,-0.000545,-0.022032,0.001334,-0.0695,0.0774,-9.1419
62790000,0.000258,-0.020224,-0.002359,0.0632,-0.0261,-9.0868
62800000,-0.001847,-0.018797,0.000479,0.0696,-0.0765,-9.0606
62810000,-0.000397,-0.018647,0.001649,0.0138,-0.0137,-9.0093
62820000,0.000194,-0.022516,-0.002186,-0.0265,0.0750,-9.0788
62830000,0.003375,-0.018241,0.000062,-0.1102,-0.0873,-9.1536
62840000,-0.001234,-0.018677,-0.000311,0.0244,-0.0972,-9.0874
62850000,-0.004307,-0.021526,0.001521,-0.0767,-0.0771,-8.9176
62860000,-0.002130,-0.020706,0.002105,0.1274,-0.1569,-9.0677
62870000,-0.000278,-0.019566,-0.001915,-0.0297,0.0231,-9.0226
62880000,0.000369,-0.017889,0.000921,-0.0414,0.0333,-8.9759
62890000,-0.000554,-0.022859,-0.002668,-0.0760,0.1036,-8.9910
62900000,0.000451,-0.020468,-0.004996,0.0618,0.0170,-9.0551
62910000,0.000755,-0.018089,-0.000717,-0.0426,0.0550,-9.1470
62920000,0.000814,-0.020758,-0.003789,0.0218,0.0775,-9.1059
62930000,-0.000890,-0.024031,-0.002613,0.0114,0.0601,-9.0302
62940000,0.000554,-0.019310,-0.000776,0.0189,0.0775,-9.2064
62950000,-0.001276,-0.021588,-0.001284,-0.1076,0.0577,-9.0926
62960000,0.002480,-0.019418,-0.000043,0.0615,-0.0154,-8.9627
62970000,0.000203,-0.020118,0.002285,-0.1903,-0.0250,-9.0053
62980000,-0.001005,-0.024021,0.000604,-0.0797,0.0111,-9.0958
62990000,-0.001287,-0.022901,-0.001135,0.0002,0.0364,-9.0966
63000000,-0.002346,-0.016933,-0.000013,-0.0168,0.0106,-8.9710
63010000,0.000189,-0.024399,-0.002757,0.0697,0.1206,-9.0417
63020000,-0.004251,-0.021188,0.001492,-0.2016,0.1197,-9.0455
63030000,-0.000395,-0.020084,-0.001914,0.0075,-0.0307,-9.0747
63040000,-0.003148,-0.022159,0.000680,-0.0227,0.0915,-9.1086
63050000,-0.002695,-0.019608,0.000112,0.0934,0.0455,-8.9675
63060000,0.000485,-0.019312,0.002302,-0.1139,0.0476,-9.1934
63070000,-0.003056,-0.024524,0.000536,-0.0849,-0.0466,-9.1011
63080000,0.000785,-0.018717,-0.000595,-0.1165,0.2190,-8.9693
63090000,0.001244,-0.019496,-0.001753,-0.0375,-0.0448,-9.1283
63100000,0.004808,-0.021599,0.000809,0.0557,-0.1497,-9.0277
63110000,-0.002647,-0.023841,-0.003054,0.1345,-0.0773,-9.0747
63120000,-0.001919,-0.023435,-0.001029,0.0297,0.0767,-9.0995
63130000,-0.001260,-0.023320,0.001632,-0.0469,-0.0147,-9.0057
63140000,-0.003011,-0.022526,0.000129,0.0489,0.1800,-8.9379
63150000,-0.002022,-0.021107,0.001448,0.0740,-0.0293,-8.9844
63160000,0.000122,-0.019647,-0.000545,0.0398,-0.1232,-9.0379
63170000,-0.000200,-0.023553,0.003258,-0.0718,0.0881,-8.9234
63180000,-0.003588,-0.022572,0.001389,0.0037,0.1327,-9.0379
63190000,-0.000240,-0.021502,0.003879,0.0285,0.0326,-9.0474
63200000,-0.002614,-0.023749,0.003395,0.0153,0.0290,-9.1413
63210000,-0.003674,-0.019632,0.000835,0.0666,0.2147,-9.0583
63220000,-0.001575,-0.019249,0.000183,0.0325,0.0588,-9.0494
63230000,-0.002420,-0.023434,0.000105,-0.0151,0.2118,-9.0385
63240000,-0.002384,-0.022183,-0.001169,0.0909,-0.0330,-9.0235
63250000,-0.003943,-0.024030,-0.001486,0.1449,0.0351,-9.0825
63260000,-0.004194,-0.025648,-0.000679,0.1388,-0.0506,-9.0626
63270000,-0.002992,-0.023208,-0.000917,-0.0729,-0.0864,-8.9982
63280000,-0.003819,-0.021302,-0.000085,-0.0874,0.0969,-9.0926
63290000,-0.003822,-0.022310,0.001540,0.0074,-0.0379,-9.0291
63300000,-0.003436,-0.021304,-0.003613,-0.0101,0.0091,-9.1507
63310000,-0.000342,-0.022599,0.003018,0.0109,0.0537,-9.1381
63320000,-0.000925,-0.022355,-0.002224,-0.0526,-0.1039,-9.0349
63330000,0.000258,-0.023831,-0.001849,0.0408,0.0242,-8.9840
63340000,0.000417,-0.020817,-0.000045,0.0662,-0.0291,-9.1235
63350000,-0.000927,-0.023994,-0.003038,-0.0937,0.0351,-9.0632
63360000,-0.000734,-0.020356,-0.004541,-0.0983,0.0355,-9.1154
63370000,-0.000551,-0.023810,-0.001591,0.0596,0.0350,-9.0873
63380000,-0.000956,-0.026223,0.000847,0.0740,-0.0254,-8.9041
63390000,-0.000844,-0.024886,-0.002122,-0.0947,0.0718,-9.1063
63400000,-0.001926,-0.025095,-0.003445,-0.0236,0.1445,-9.0493
63410000,-0.000138,-0.023777,0.001780,0.1424,-0.0064,-9.1460
63420000,-0.001717,-0.022011,0.000548,-0.0246,0.0268,-9.0066
63430000,-0.000439,-0.021934,-0.001118,0.0488,0.0284,-9.2961
63440000,-0.000559,-0.021259,0.004765,-0.1110,-0.1031,-9.0511
63450000,0.000406,-0.020803,-0.003711,0.0475,0.0216,-9.2219
63460000,-0.002122,-0.023438,0.001435,-0.1154,0.0674,-9.2459
63470000,-0.000412,-0.023818,0.001770,-0.1560,0.0050,-9.0701
63480000,0.001755,-0.022101,0.000080,-0.0557,0.1268,-9.1015
63490000,0.001185,-0.021630,-0.001048,0.0255,0.0448,-9.0832
63500000,-0.001449,-0.023611,-0.003607,-0.0055,0.0025,-8.9402
63510000,-0.002171,-0.022360,0.000943,-0.0293,0.0314,-9.0705
63520000,0.000680,-0.023661,-0.000500,-0.1072,-0.0152,-9.1177
63530000,-0.002280,-0.022703,-0.002348,0.0346,-0.1345,-9.0213
63540000,-0.003383,-0.023452,0.001312,0.1229,0.0118,-9.1018
63550000,0.001423,-0.024245,0.000389,-0.0270,-0.0621,-9.1913
63560000,0.000850,-0.022006,0.000063,0.0173,-0.0938,-8.9742
63570000,0.001014,-0.024575,-0.001939,-0.1040,-0.0017,-9.0414
63580000,-0.000493,-0.023770,0.002784,0.1092,0.1388,-8.8408
63590000,-0.005530,-0.027341,-0.000842,-0.0821,0.1697,-9.0963
63600000,0.000707,-0.024160,0.000279,0.0307,-0.0182,-9.0257
63610000,-0.001450,-0.025097,-0.000429,0.0034,0.0564,-8.9848
63620000,-0.000077,-0.025613,0.001468,0.1435,-0.0038,-9.0149
63630000,0.000279,-0.025170,0.000208,0.0021,-0.2155,-8.9848
63640000,-0.002572,-0.024222,-0.002042,0.0644,-0.1341,-9.0924
63650000,-0.000557,-0.021965,-0.000286,0.0750,-0.1237,-9.1175
63660000,-0.000667,-0.021396,-0.004440,-0.0076,-0.0473,-8.9426
63670000,-0.005979,-0.025396,-0.003466,0.1209,0.2129,-8.9187
63680000,-0.002710,-0.024757,0.000991,0.0231,0.1463,-8.9940
63690000,-0.001936,-0.018892,-0.000978,0.0340,-0.0866,-9.0291
63700000,-0.001698,-0.024451,-0.001533,0.0164,-0.0190,-9.0015
63710000,-0.002044,-0.022260,-0.003851,-0.0843,-0.0082,-8.9923
63720000,-0.000013,-0.022008,-0.003872,0.0230,0.0282,-9.1444
63730000,-0.003018,-0.022591,-0.000061,-0.0309,0.0926,-9.0087
63740000,0.002716,-0.024913,0.002119,0.0602,0.1248,-9.0610
63750000,-0.000018,-0.026253,-0.002761,-0.0061,0.0163,-9.0267
63760000,-0.004185,-0.022930,0.001233,-0.0792,-0.0337,-8.9249
63770000,-0.001548,-0.020082,-0.001924,0.0762,-0.1489,-9.1153
63780000,-0.001234,-0.024798,0.000737,0.0618,0.0689,-9.0229
63790000,0.000482,-0.025558,-0.002267,0.1089,-0.0846,-9.0135
63800000,0.001353,-0.024521,-0.000016,0.0161,-0.0094,-8.9641
63810000,-0.001414,-0.026665,-0.003082,-0.0580,0.0447,-8.9928
63820000,-0.002021,-0.022216,0.000176,0.0183,0.0467,-8.9783
63830000,-0.000645,-0.025659,0.000483,0.0204,0.0094,-9.1038
63840000,0.001956,-0.024382,0.002097,0.2139,0.0586,-9.0369
63850000,-0.002138,-0.022896,-0.000676,0.0142,-0.0671,-8.9514
63860000,-0.002772,-0.025821,0.003829,0.0486,0.0291,-9.0289
63870000,-0.000249,-0.025724,0.000475,0.1614,0.1298,-8.9276
63880000,-0.004039,-0.023967,-0.002536,0.0067,-0.0347,-9.0226
63890000,-0.000417,-0.023662,-0.002969,-0.0419,0.0422,-9.0305
63900000,-0.002165,-0.022352,-0.001349,0.0183,-0.0002,-9.0823
63910000,-0.002066,-0.020927,-0.002803,-0.0950,0.0007,-8.9385
63920000,-0.000857,-0.026345,-0.000333,-0.0330,-0.0370,-8.9149
63930000,-0.001139,-0.026199,-0.001100,-0.1116,0.0153,-9.0624
63940000,0.000108,-0.023638,0.003802,-0.0629,-0.0900,-8.9859
63950000,-0.001199,-0.024854,-0.000118,0.0187,-0.0938,-9.0600
63960000,0.001113,-0.024172,0.002276,0.0060,0.0202,-9.0084
63970000,-0.002298,-0.025623,-0.000066,0.0270,0.0001,-9.1034
63980000,-0.001664,-0.025695,0.000358,0.0506,-0.0246,-9.0608
63990000,-0.003059,-0.026479,0.000489,-0.0747,0.1728,-9.1433
64000000,-0.003250,-0.027932,0.002521,-0.1364,-0.1157,-8.9697
64010000,-0.003466,-0.023461,-0.000969,-0.0708,0.0085,-8.9141
64020000,-0.005221,-0.025871,-0.001341,0.1444,0.0745,-9.0326
64030000,-0.002287,-0.027063,-0.002075,-0.0006,-0.0659,-8.9181
64040000,-0.006831,-0.025501,0.000783,-0.1010,-0.0587,-9.0562
64050000,-0.002067,-0.026941,0.000438,-0.0298,-0.0508,-9.0261
64060000,-0.000649,-0.026388,-0.002307,-0.0684,0.0125,-9.0620
64070000,-0.004965,-0.023996,-0.003288,-0.0293,-0.1062,-8.9917
64080000,-0.001470,-0.029541,0.000939,-0.0253,-0.0322,-9.0613
64090000,-0.002694,-0.029120,-0.002170,-0.0417,-0.0437,-9.0185
64100000,-0.000368,-0.028163,-0.002394,0.0322,-0.0723,-9.0335
64110000,-0.000623,-0.025830,0.002646,-0.0789,-0.0504,-9.0252
64120000,-0.003094,-0.029604,0.001811,0.0432,0.0721,-9.0784
64130000,0.000997,-0.026365,0.001024,0.0048,0.0452,-9.0656
64140000,-0.000443,-0.024165,0.003339,0.1022,0.0732,-9.0463
64150000,-0.002911,-0.024840,-0.002570,-0.1225,0.0103,-9.0676
64160000,-0.004626,-0.025025,0.000506,0.0009,0.0839,-9.0645
64170000,-0.001594,-0.024074,0.002826,0.1030,-0.0183,-8.9555
64180000,-0.002024,-0.027547,0.001082,0.0610,0.0005,-9.0804
64190000,-0.000088,-0.025786,-0.001079,-0.1635,-0.1236,-9.0395
64200000,-0.001681,-0.025623,0.000799,-0.1064,-0.0464,-8.9804
64210000,0.000691,-0.026301,-0.000259,-0.0567,-0.1601,-9.0043
64220000,-0.003068,-0.026025,0.003240,-0.0086,-0.1104,-8.9409
64230000,-0.002258,-0.026715,-0.003583,0.0922,-0.0477,-9.1063
64240000,-0.001165,-0.027322,0.002902,0.0794,-0.1308,-9.0600
64250000,-0.003775,-0.024477,0.001809,-0.0764,0.0997,-9.0282
64260000,-0.002172,-0.027014,0.002894,0.0762,-0.0162,-9.1586
64270000,0.000721,-0.024195,0.002184,0.0493,-0.1265,-9.0746
64280000,0.000325,-0.025204,-0.000301,0.1190,0.0264,-9.0538
64290000,0.002143,-0.028799,-0.001664,-0.0690,0.0291,-8.9847
64300000,-0.000626,-0.026543,-0.000337,0.0857,-0.0861,-8.9676
64310000,-0.004771,-0.026783,0.001557,-0.0643,0.0528,-9.0739
64320000,0.000500,-0.027681,0.005049,0.0340,-0.0742,-9.0173
64330000,-0.000675,-0.025257,0.001899,-0.0019,-0.0454,-9.0027
64340000,0.001411,-0.025134,0.000571,-0.0942,0.0437,-9.1878
64350000,-0.001504,-0.027750,-0.002324,-0.0637,-0.0045,-9.1072
64360000,-0.001882,-0.028190,-0.000786,0.1028,-0.0425,-9.0562
64370000,-0.001654,-0.028570,-0.002142,-0.1346,0.0339,-8.8938
64380000,0.000333,-0.028324,-0.000994,-0.1757,0.0742,-8.9369
64390000,0.000248,-0.023948,0.000206,-0.0354,-0.1383,-9.0833
64400000,0.000380,-0.026179,0.001682,0.0568,-0.0374,-8.9430
64410000,-0.000412,-0.029894,-0.003074,-0.0469,0.1161,-9.2464
64420000,0.002373,-0.028383,-0.002599,0.0567,-0.0919,-8.9540
64430000,-0.002229,-0.024891,0.000464,-0.1203,-0.1228,-8.9110
64440000,-0.001553,-0.023823,-0.004684,0.0311,0.0980,-9.0476
64450000,-0.002250,-0.025737,0.002241,-0.0438,-0.0242,-8.9537
64460000,-0.000313,-0.026582,-0.002063,0.0547,0.1310,-8.7718
64470000,-0.000785,-0.026225,0.000051,-0.0749,0.0131,-9.1604
64480000,-0.005351,-0.028895,-0.002047,-0.0303,0.0347,-8.9909
64490000,-0.000500,-0.026010,-0.001566,-0.0870,-0.0345,-9.0063
64500000,0.001708,-0.025867,0.001341,-0.0302,-0.1988,-9.0712
64510000,0.001857,-0.027055,0.001346,-0.1948,-0.1622,-9.0051
64520000,0.001007,-0.026869,0.004341,0.0016,-0.0725,-9.0185
64530000,0.000127,-0.023692,0.001031,-0.0153,-0.0225,-8.9579
64540000,-0.002380,-0.024278,0.000044,-0.0436,-0.0308,-9.1337
64550000,0.000064,-0.028814,0.005279,-0.0212,-0.0132,-9.0571
64560000,-0.002721,-0.023164,0.000171,-0.0646,-0.1478,-8.9640
64570000,0.002338,-0.025864,0.000034,0.0783,-0.0717,-9.0002
64580000,-0.001426,-0.029152,-0.001134,-0.0494,0.0424,-8.9867
64590000,-0.000699,-0.027919,-0.000615,-0.0533,-0.0377,-9.1994
64600000,-0.002330,-0.028799,0.000279,-0.1534,0.0888,-9.0737
64610000,-0.001016,-0.023421,0.001538,-0.1183,-0.0484,-8.9593
64620000,-0.001323,-0.026851,0.000184,-0.0142,-0.0070,-9.0312
64630000,-0.001714,-0.027838,-0.001834,0.0274,0.0053,-9.0884
64640000,0.000152,-0.029356,-0.000497,0.0660,0.1416,-9.0897
64650000,-0.002140,-0.025530,-0.001739,0.0379,-0.1416,-9.0564
64660000,-0.001829,-0.027014,-0.002994,0.1513,0.0935,-9.0047
64670000,-0.001657,-0.023159,-0.001182,0.1121,-0.0423,-8.8856
64680000,-0.002948,-0.023152,0.000491,-0.0394,-0.0031,-8.9189
64690000,-0.002834,-0.027762,-0.001737,-0.1044,0.1283,-9.0386
64700000,-0.004079,-0.024221,0.002389,0.0789,0.1344,-9.0307
64710000,-0.001372,-0.024804,-0.003243,-0.0451,-0.1321,-8.9282
64720000,-0.004625,-0.024792,-0.002063,0.0440,0.1478,-9.0969
64730000,-0.002027,-0.026172,-0.000437,0.0584,-0.0690,-9.0562
64740000,-0.000550,-0.023765,-0.003513,0.0720,0.0398,-9.0225
64750000,-0.000169,-0.026930,-0.001489,0.0080,-0.0193,-9.1765
64760000,0.000889,-0.028677,0.000646,0.0096,0.0336,-8.9416
64770000,-0.000189,-0.024218,-0.000416,0.0108,0.1325,-8.9214
64780000,0.001022,-0.029026,-0.000308,-0.0113,-0.1271,-9.0862
64790000,0.000610,-0.025377,0.001278,-0.0006,0.0574,-8.9562
64800000,-0.003128,-0.027306,-0.000491,0.0360,0.0595,-8.9397
64810000,0.002858,-0.025080,0.001944,0.0219,-0.1744,-8.8688
64820000,-0.002040,-0.026498,0.002048,0.0559,0.0123,-8.9939
64830000,-0.003945,-0.029280,0.001195,-0.1037,-0.1203,-9.0505
64840000,0.001408,-0.027003,-0.000953,0.1160,-0.0798,-8.9429
64850000,-0.000817,-0.029333,0.000733,-0.0738,0.0823,-8.9000
64860000,0.000738,-0.028208,0.000778,-0.0382,0.0873,-9.0822
64870000,-0.001602,-0.027276,0.000972,0.0183,0.0456,-9.0673
64880000,0.000480,-0.028240,0.002879,-0.0100,0.0485,-9.1776
64890000,0.000152,-0.027659,-0.000870,0.1136,0.0112,-8.9278
64900000,0.001886,-0.026229,0.002794,-0.0718,0.1456,-9.0606
64910000,-0.003608,-0.027649,-0.002547,0.0635,0.0307,-9.0070
64920000,-0.002844,-0.025998,-0.001516,0.0123,0.0033,-8.8601
64930000,-0.004507,-0.025762,-0.001107,0.1621,0.1178,-9.0440
64940000,-0.000477,-0.023102,-0.003021,0.1321,0.0365,-9.0775
64950000,0.000738,-0.026223,-0.004096,-0.0490,-0.0062,-8.9955
64960000,-0.001831,-0.025938,-0.001094,-0.0664,0.0828,-9.0587
64970000,-0.001342,-0.026347,0.000187,0.0060,-0.0356,-9.0097
64980000,-0.001053,-0.026364,0.003809,0.0670,0.0653,-9.0196
64990000,-0.003711,-0.025685,0.001640,-0.1513,0.0078,-9.1086
65000000,-0.001720,-0.025674,0.000431,-0.0595,-0.0158,-9.0491
65010000,-0.003278,-0.028554,0.003259,-0.0880,-0.1095,-9.0485
65020000,-0.000717,-0.026715,0.001187,-0.0266,-0.0297,-9.1050
65030000,0.001575,-0.031332,0.000636,0.0238,-0.0143,-9.1877
65040000,-0.001049,-0.025534,-0.002541,-0.1285,-0.1319,-9.0032
65050000,0.002313,-0.025704,0.003133,0.0261,-0.0947,-9.0511
65060000,-0.000280,-0.026685,-0.005865,0.2467,-0.0377,-9.0807
65070000,0.000416,-0.026519,-0.001262,-0.0246,0.0106,-9.1125
65080000,0.000728,-0.028078,-0.000825,-0.0518,0.1050,-8.8986
65090000,-0.004676,-0.030641,0.002030,-0.0897,-0.1019,-9.0247
65100000,-0.004962,-0.029887,0.000968,-0.0270,0.0939,-9.0406
65110000,-0.001974,-0.024730,0.001827,-0.0297,-0.0644,-9.1391
65120000,0.001834,-0.025578,-0.001909,-0.0919,-0.0998,-9.0220
65130000,0.000524,-0.028243,-0.001568,-0.0719,-0.0011,-9.1172
65140000,-0.000323,-0.022081,-0.001229,-0.0133,-0.0198,-8.9388
65150000,-0.002462,-0.025062,0.002735,-0.0247,0.0930,-9.0688
65160000,0.000983,-0.025429,0.001572,0.0187,0.0498,-9.0293
65170000,0.002680,-0.027245,-0.001330,0.0548,-0.0343,-8.9920
65180000,0.002914,-0.027841,0.000767,0.0318,0.0048,-9.1555
65190000,0.000367,-0.025906,0.001344,0.0362,-0.1535,-9.0928
65200000,0.002138,-0.031124,0.000058,0.0429,0.0238,-8.9520
65210000,0.003092,-0.027026,0.000514,0.1168,-0.1051,-8.9058
65220000,-0.001717,-0.028874,0.002646,-0.0053,0.0007,-9.0983
65230000,-0.002133,-0.025590,-0.000149,-0.0009,-0.0333,-9.0842
65240000,0.003091,-0.027396,-0.000148,-0.0109,-0.0199,-8.9351
65250000,-0.001153,-0.024959,0.000710,-0.0101,-0.0289,-9.2140
65260000,-0.001140,-0.028709,0.002592,0.0300,-0.0729,-9.0740
65270000,0.000258,-0.029954,-0.004606,-0.0143,0.1414,-8.9284
65280000,0.001756,-0.025324,0.003160,-0.0180,0.0941,-9.0728
65290000,0.002694,-0.028335,-0.001111,-0.0833,-0.0492,-8.8897
65300000,-0.002937,-0.028182,0.001835,0.0049,-0.0212,-8.8281
65310000,0.002424,-0.026922,-0.000694,0.0965,-0.0317,-8.9914
65320000,-0.000306,-0.028142,0.000743,-0.0293,0.0701,-8.9457
65330000,-0.002274,-0.024930,0.000554,-0.0625,0.0342,-8.9955
65340000,0.001397,-0.029572,-0.000835,-0.0435,0.1837,-9.1652
65350000,-0.003908,-0.023389,0.002379,-0.0017,0.0507,-9.0370
65360000,-0.002654,-0.025066,0.001212,0.0906,0.0964,-9.1360
65370000,0.005703,-0.028206,-0.000613,0.0330,-0.0230,-9.0339
65380000,0.000040,-0.027907,-0.000959,0.0120,0.0186,-9.0947
65390000,0.000001,-0.027846,-0.001422,-0.0699,0.0081,-9.1122
65400000,0.000356,-0.027161,0.002925,-0.1292,-0.0174,-9.1134
65410000,0.001852,-0.023810,0.003286,-0.0422,0.1520,-8.9071
65420000,0.003169,-0.027233,0.001197,0.0421,-0.0070,-8.9538
65430000,0.001320,-0.028748,0.001869,-0.0321,0.0170,-9.0898
65440000,0.000002,-0.027908,0.000550,0.0578,0.0076,-8.9498
65450000,-0.003094,-0.024013,-0.000005,0.1647,0.0323,-9.1713
65460000,0.000306,-0.026531,-0.001556,-0.1143,0.0240,-9.1990
65470000,0.001785,-0.025059,0.000495,-0.1205,0.0208,-9.0294
65480000,0.000837,-0.026729,0.000818,0.0237,0.0821,-8.9417
65490000,0.001306,-0.026045,0.002271,-0.0995,-0.0072,-9.0903
65500000,0.000133,-0.027422,-0.001563,0.0156,-0.0263,-8.9796
65510000,-0.001220,-0.023484,0.002185,0.0412,-0.0735,-8.9119
65520000,-0.000179,-0.028955,-0.001393,0.0124,0.0127,-9.0165
65530000,-0.003420,-0.028143,0.002948,0.0535,0.0010,-9.0208
65540000,0.002953,-0.027701,0.002122,-0.0952,-0.0069,-9.0723
65550000,-0.002527,-0.028779,0.001093,0.0311,0.0839,-9.0719
65560000,-0.000004,-0.027097,0.001144,0.0340,0.0288,-9.0952
65570000,0.000386,-0.025184,-0.000407,-0.0873,0.0207,-9.0161
65580000,-0.001324,-0.023814,0.000186,-0.1261,0.0513,-9.0649
65590000,-0.000781,-0.022983,0.000158,0.1293,0.0745,-9.0389
65600000,0.000663,-0.025986,-0.000087,0.0013,0.0054,-8.9811
65610000,0.003328,-0.027316,-0.002042,0.0284,0.0196,-9.2608
65620000,-0.001103,-0.025692,-0.000104,-0.0555,0.0186,-9.0605
65630000,0.002239,-0.025441,0.001807,-0.0196,0.0615,-9.0078
65640000,-0.002157,-0.025396,-0.000074,0.0459,-0.0775,-9.0907
65650000,-0.002529,-0.022100,-0.001841,-0.1187,-0.0265,-8.9769
65660000,0.002450,-0.025181,-0.002549,0.1026,0.0989,-8.9660
65670000,-0.001107,-0.026785,-0.003606,-0.0996,-0.0093,-8.9865
65680000,0.003060,-0.027127,0.000346,-0.0932,-0.1472,-8.9710
65690000,-0.001960,-0.025802,0.003476,-0.0644,0.0018,-8.9896
65700000,0.002882,-0.028673,-0.005292,-0.0117,-0.1429,-9.0633
65710000,0.000677,-0.028784,-0.000976,-0.0115,-0.0255,-8.9981
65720000,-0.000350,-0.023293,-0.002004,0.0416,-0.0465,-9.1324
65730000,0.001039,-0.024879,-0.000967,0.0172,0.0122,-9.0305
65740000,-0.004081,-0.029491,-0.008256,-0.0511,-0.1053,-9.1134
65750000,0.003543,-0.027229,0.000145,-0.0571,-0.0234,-9.0123
65760000,0.004025,-0.024656,-0.000090,0.0110,0.1030,-9.1590
65770000,0.002716,-0.024401,0.002394,-0.0123,0.0650,-9.0871
65780000,0.005583,-0.024293,-0.004490,-0.0685,0.1456,-9.0646
65790000,0.001201,-0.027412,-0.000888,-0.0299,-0.0601,-9.2129
65800000,-0.004486,-0.026275,-0.001218,-0.1269,0.0054,-9.1052
65810000,0.002838,-0.024443,-0.001519,-0.0376,0.0728,-9.0339
65820000,0.001674,-0.024782,-0.000607,0.0577,-0.1020,-9.0867
65830000,0.000431,-0.025637,0.004117,0.1077,0.0658,-9.0731
65840000,-0.001557,-0.026266,-0.001090,-0.0465,-0.0517,-9.2490
65850000,0.000935,-0.028484,0.000592,0.0468,-0.0095,-9.0973
65860000,-0.000038,-0.023990,0.000797,-0.1260,0.0827,-9.0497
65870000,0.003503,-0.027579,0.001588,-0.0502,0.2429,-8.9924
65880000,-0.000315,-0.023532,0.001037,0.0324,0.0091,-9.0072
65890000,-0.000543,-0.026161,0.003331,0.0636,0.1443,-8.9800
65900000,0.002878,-0.024941,0.002212,0.1431,-0.0465,-9.0155
65910000,-0.003015,-0.023211,0.003352,-0.0022,0.0612,-8.9199
65920000,-0.001615,-0.025920,-0.001138,-0.0726,0.1195,-9.0302
65930000,-0.001099,-0.026987,-0.001997,0.0094,0.0104,-9.1077
65940000,0.002535,-0.023735,-0.001352,-0.1021,-0.0178,-8.9560
65950000,0.002629,-0.023943,-0.000661,0.0446,-0.0202,-9.0391
65960000,0.000686,-0.024598,0.003109,-0.0008,-0.1041,-9.0629
65970000,0.000554,-0.021830,0.000910,0.0761,-0.0157,-9.0001
65980000,-0.000628,-0.026783,-0.002756,0.1036,-0.0556,-9.1892
65990000,0.000123,-0.028006,-0.001518,0.1982,-0.0695,-9.0172
66000000,-0.002770,-0.025285,0.003063,0.0351,0.0687,-9.1503
66010000,-0.000811,-0.027449,0.003044,0.0165,-0.0639,-9.0176
66020000,0.004031,-0.024595,-0.001576,0.1578,-0.0372,-9.1516
66030000,0.002296,-0.026930,0.000989,-0.0652,0.0615,-9.0874
66040000,0.001665,-0.025084,0.000557,0.1076,0.0685,-9.0469
66050000,0.000963,-0.021852,-0.001092,-0.0571,0.0529,-9.0113
66060000,-0.000348,-0.023365,-0.004484,0.0584,0.0783,-9.1343
66070000,0.001603,-0.025673,0.003172,0.0532,-0.0357,-9.0976
66080000,-0.000610,-0.024655,0.003087,0.1135,-0.0667,-9.1108
66090000,-0.000461,-0.028033,0.001836,-0.0118,-0.0924,-9.1339
66100000,0.004624,-0.026122,0.003353,-0.0299,0.1372,-8.9195
66110000,-0.001421,-0.026847,0.001029,-0.0215,-0.0392,-9.1077
66120000,-0.003301,-0.023591,-0.001751,-0.1286,0.1012,-9.0614
66130000,-0.001953,-0.025674,-0.002747,-0.0735,0.0329,-9.1559
66140000,-0.001104,-0.027056,0.001567,0.0550,-0.0834,-9.1290
66150000,-0.001872,-0.023843,-0.001653,0.0157,0.0244,-9.1241
66160000,0.001541,-0.028990,0.000184,0.1054,-0.1008,-9.1919
66170000,-0.000846,-0.024943,0.000869,0.0189,0.1053,-9.0552
66180000,-0.000242,-0.021505,0.001766,-0.0002,-0.0011,-9.0743
66190000,0.005971,-0.023731,-0.002801,0.1493,0.0296,-9.0256
66200000,-0.001025,-0.020326,0.000629,0.0599,0.0304,-9.1323
66210000,0.001467,-0.026304,0.001432,0.1316,-0.0267,-9.1506
66220000,-0.000156,-0.024402,0.000821,0.0333,0.0220,-9.0178
66230000,0.001305,-0.023827,0.000462,-0.0079,0.0911,-9.1143
66240000,-0.002335,-0.019883,0.000353,-0.0152,-0.0334,-8.9954
66250000,0.001446,-0.025668,-0.000364,0.0300,0.1266,-9.1559
66260000,-0.001362,-0.022542,0.001887,-0.0136,-0.1154,-9.0986
66270000,-0.001899,-0.025271,0.001184,-0.0092,-0.0582,-9.1331
66280000,0.001086,-0.024138,-0.001318,0.0941,-0.0454,-9.0397
66290000,-0.003504,-0.022433,0.002290,0.1643,-0.0249,-9.1882
66300000,0.000748,-0.026327,0.001654,0.1198,-0.0029,-9.0991
66310000,0.000478,-0.024456,0.000425,-0.0906,-0.0248,-9.0020
66320000,0.002261,-0.024529,-0.002100,-0.0619,0.0406,-9.1130
66330000,-0.002979,-0.026031,-0.000989,0.0333,0.0645,-9.0087
66340000,0.000465,-0.025319,0.000171,-0.1701,-0.0723,-9.1946
66350000,0.005376,-0.025714,0.000336,0.1580,0.2537,-9.0947
66360000,0.001209,-0.023492,-0.000332,0.0779,-0.0124,-9.0051
66370000,-0.000876,-0.023751,-0.000747,-0.0175,-0.0329,-9.0590
66380000,-0.000544,-0.021672,0.000665,-0.1956,-0.0550,-9.1394
66390000,-0.000375,-0.021416,0.000304,0.0449,0.1398,-9.1642
66400000,0.002313,-0.022457,0.003842,0.0369,0.0237,-9.1873
66410000,-0.000509,-0.023042,-0.003480,-0.0416,-0.0020,-8.9723
66420000,0.000510,-0.024334,-0.001957,0.0754,-0.0351,-8.9947
66430000,-0.000068,-0.022348,0.003034,-0.1572,0.1024,-9.1374
66440000,-0.003515,-0.022357,-0.001851,-0.0197,0.0357,-9.1157
66450000,-0.001936,-0.022722,0.001385,0.0012,-0.0100,-9.2339
66460000,-0.000658,-0.026587,0.000528,-0.0496,-0.0235,-9.1984
66470000,0.001562,-0.021878,0.001556,0.0676,0.0559,-9.1871
66480000,-0.002877,-0.025729,-0.000829,0.0191,-0.1671,-9.0065
66490000,0.002199,-0.024776,0.001992,-0.0085,-0.0338,-9.2799
66500000,-0.001948,-0.022265,-0.000342,-0.0118,-0.0017,-9.0120
66510000,-0.000189,-0.025275,-0.000031,0.0543,0.1740,-9.1628
66520000,0.000552,-0.020307,-0.003494,-0.1011,-0.1127,-9.1598
66530000,-0.000886,-0.025324,0.001070,-0.0680,-0.0662,-9.1648
66540000,0.004070,-0.023795,0.001344,-0.0049,-0.0889,-9.1459
66550000,0.001193,-0.023777,-0.001765,0.0537,0.0624,-9.2210
66560000,0.000786,-0.022503,-0.003457,0.0314,-0.0687,-9.0346
66570000,-0.000293,-0.024268,0.000245,0.1125,0.0607,-9.1751
66580000,0.000856,-0.023341,0.004682,-0.0404,0.1198,-9.0527
66590000,0.000716,-0.023990,0.003041,-0.0202,-0.0606,-9.1829
66600000,0.001897,-0.022355,0.001749,0.0626,0.0612,-9.2069
66610000,-0.003291,-0.021731,-0.001221,0.0541,-0.0345,-9.1958
66620000,0.001118,-0.025507,-0.000115,0.0079,0.0480,-9.1496
66630000,-0.000254,-0.020528,0.001784,0.1145,-0.1091,-9.0707
66640000,0.001659,-0.021269,0.004065,0.0080,0.0411,-9.1539
66650000,0.000613,-0.022777,-0.000024,0.1134,0.1536,-9.0987
66660000,0.000930,-0.024655,0.001988,0.0275,0.1784,-9.0648
66670000,-0.005465,-0.021973,-0.001192,0.0940,0.1068,-9.1444
66680000,-0.001596,-0.023123,-0.001964,-0.1224,0.0032,-9.1838
66690000,-0.000126,-0.018461,-0.001621,-0.0211,-0.0837,-9.1848
66700000,0.000954,-0.023991,0.000415,0.0004,0.0881,-9.1545
66710000,-0.000518,-0.024486,0.002353,0.0464,0.1584,-9.2460
66720000,0.000936,-0.021395,0.000080,0.1440,0.0086,-9.0048
66730000,0.000616,-0.021817,0.002019,0.0580,-0.0133,-9.0889
66740000,0.002518,-0.023493,0.000366,0.0119,0.0112,-9.1694
66750000,-0.000237,-0.018069,-0.000529,0.0536,-0.0197,-9.1348
66760000,0.000792,-0.020686,-0.002495,0.0909,-0.1858,-9.2269
66770000,-0.000051,-0.018312,-0.000218,0.0711,0.0389,-9.1978
66780000,0.002131,-0.019984,0.002949,-0.0102,-0.0255,-9.0708
66790000,0.000295,-0.022205,-0.000478,0.0888,0.0560,-9.2755
66800000,0.001593,-0.020919,0.002582,-0.0396,-0.1094,-9.1187
66810000,0.000530,-0.024429,-0.001434,0.0015,0.1483,-9.1865
66820000,0.001504,-0.024656,-0.002328,0.0327,0.0139,-9.0834
66830000,-0.001947,-0.022715,-0.002123,0.0587,-0.0702,-9.1568
66840000,-0.001239,-0.019692,-0.002304,-0.0503,-0.1818,-9.0986
66850000,-0.003715,-0.021951,0.001177,0.0057,-0.0244,-9.0420
66860000,-0.001958,-0.022756,0.002125,0.0377,0.0820,-9.2202
66870000,-0.001255,-0.023705,-0.001240,0.0299,-0.1224,-9.0914
66880000,0.002934,-0.020023,-0.000243,0.1025,0.1420,-9.0994
66890000,0.000767,-0.018935,0.000479,-0.0710,0.1459,-9.1637
66900000,0.000164,-0.023534,-0.002757,-0.0449,0.0068,-9.1011
66910000,0.000898,-0.021151,0.001159,-0.0577,-0.0815,-9.1420
66920000,0.000034,-0.020402,0.002804,0.0344,0.0643,-9.0585
66930000,-0.003628,-0.019880,0.001791,0.0811,0.1072,-9.1701
66940000,0.003885,-0.021735,-0.000387,0.1090,-0.0267,-9.2116
66950000,-0.000210,-0.017973,0.000353,0.0283,0.0602,-9.1213
66960000,0.001396,-0.020755,0.002995,-0.0339,0.0010,-9.0853
66970000,0.001450,-0.024607,-0.000261,-0.1190,0.0430,-9.2143
66980000,-0.004501,-0.022560,0.001542,-0.0138,0.0315,-9.0857
66990000,0.001277,-0.022872,0.000329,0.0481,-0.0783,-9.0992
67000000,-0.000777,-0.020019,0.003226,-0.0088,-0.0190,-9.3178
67010000,-0.003278,-0.017040,-0.001516,0.0024,0.0537,-9.1239
67020000,0.000643,-0.017997,0.002319,0.1166,0.0798,-9.1124
67030000,-0.004769,-0.019687,0.002225,0.0491,-0.0455,-9.1534
67040000,-0.000177,-0.021749,0.000631,0.1419,0.0981,-9.1991
67050000,0.000710,-0.020173,0.000638,-0.0024,0.0054,-9.0799
67060000,0.000724,-0.019460,-0.002798,0.0409,0.0403,-9.2457
67070000,0.001147,-0.018078,-0.001990,-0.0388,-0.0125,-9.0851
67080000,-0.002034,-0.019370,-0.000253,0.0015,-0.1031,-9.1896
67090000,0.000450,-0.020252,-0.003123,-0.0568,0.0189,-9.2964
67100000,0.001076,-0.020767,0.000194,-0.0749,-0.0553,-9.2892
67110000,0.001561,-0.015161,0.002382,-0.0771,-0.0137,-9.1686
67120000,-0.000523,-0.017751,-0.003510,0.0379,0.0332,-9.2364
67130000,0.002855,-0.017043,0.002579,0.0244,-0.0784,-9.0573
67140000,-0.000075,-0.018336,-0.002049,0.0006,0.0283,-9.1714
67150000,0.001075,-0.021500,-0.002685,-0.0658,0.1014,-9.1188
67160000,-0.000572,-0.018505,-0.000500,0.0365,0.0295,-9.1830
67170000,-0.000152,-0.018971,-0.001883,0.0101,0.0923,-9.1147
67180000,-0.002612,-0.021991,0.003932,0.0902,0.0241,-9.3049
67190000,0.000916,-0.020422,0.001738,-0.0800,-0.0469,-9.0829
67200000,-0.000174,-0.021251,0.000432,-0.0288,-0.0273,-9.2775
67210000,0.000799,-0.020295,-0.000357,-0.0429,-0.2333,-9.1305
67220000,0.001640,-0.022310,0.001520,0.0425,0.0048,-9.1660
67230000,0.002214,-0.012770,0.001529,-0.0322,0.0527,-9.2771
67240000,-0.002124,-0.017116,-0.000716,-0.0002,-0.0939,-9.1712
67250000,-0.001063,-0.020351,-0.000109,-0.1191,-0.0083,-9.1273
67260000,-0.000678,-0.016404,0.000756,-0.0219,-0.0549,-9.2929
67270000,-0.002414,-0.018700,0.000279,0.0645,0.0377,-9.0512
67280000,-0.000465,-0.018715,0.003863,0.1066,0.0750,-9.1127
67290000,0.000335,-0.018930,0.002412,-0.0260,-0.1114,-9.0888
67300000,0.000342,-0.019625,0.000715,-0.0087,0.0279,-9.1971
67310000,-0.000280,-0.020154,0.002752,0.0449,0.0894,-9.2608
67320000,-0.002455,-0.018612,-0.001274,0.0337,0.0096,-9.2183
67330000,-0.000206,-0.016873,-0.004556,-0.0522,0.0794,-9.1528
67340000,0.001692,-0.016899,-0.002674,-0.0087,0.0369,-9.1825
67350000,0.001968,-0.017061,0.005422,0.0538,0.0128,-9.2270
67360000,-0.002929,-0.016313,-0.002846,0.1114,-0.0388,-9.1190
67370000,-0.000661,-0.021333,0.000199,0.1195,-0.0923,-9.2302
67380000,-0.002094,-0.016257,-0.002374,0.0122,0.0212,-9.1246
67390000,-0.001780,-0.017083,-0.000048,0.0220,0.0657,-9.3853
67400000,0.002401,-0.015690,0.000374,-0.0346,0.0847,-9.2714
67410000,0.001628,-0.019303,-0.001043,0.0044,-0.1340,-9.3173
67420000,-0.000914,-0.018169,0.003104,0.1160,0.0533,-9.3209
67430000,-0.001560,-0.018595,0.000777,0.0258,-0.0280,-9.2242
67440000,0.000643,-0.016642,-0.003553,0.0045,-0.0235,-9.3744
67450000,0.002923,-0.013792,0.000995,-0.0166,0.0723,-9.2349
67460000,0.001567,-0.014983,-0.000362,-0.0150,0.1106,-9.2402
67470000,0.001034,-0.021302,-0.000603,-0.0233,-0.0157,-9.2544
67480000,-0.000853,-0.017372,0.000227,0.1099,-0.1169,-9.2815
67490000,0.000701,-0.020026,0.002102,0.0223,-0.0401,-9.2392
67500000,-0.001152,-0.016756,-0.000742,-0.0816,-0.0418,-9.2175
67510000,0.003751,-0.019658,-0.001629,0.0058,0.0101,-9.3149
67520000,-0.002718,-0.020871,-0.002306,-0.0662,0.0023,-9.2384
67530000,0.005157,-0.016881,-0.000186,0.0456,0.0938,-9.2318
67540000,-0.000357,-0.016467,-0.000276,-0.1264,-0.0013,-9.1364
67550000,-0.000108,-0.017771,0.004870,0.0728,0.0598,-9.2510
67560000,0.000294,-0.017233,0.000529,-0.1097,-0.0164,-9.1852
67570000,-0.003502,-0.018873,0.003769,0.0157,-0.0038,-9.2128
67580000,-0.000301,-0.018274,0.002226,0.0112,0.0222,-9.4051
67590000,-0.000040,-0.019153,-0.002784,-0.0742,-0.0988,-9.3001
67600000,0.002098,-0.019567,-0.000951,-0.0388,-0.0590,-9.2212
67610000,-0.001208,-0.020219,0.002226,0.0553,0.2161,-9.2801
67620000,-0.001730,-0.016568,-0.003059,0.1622,-0.0644,-9.1403
67630000,-0.000987,-0.017771,-0.001944,-0.0432,0.0469,-9.2410
67640000,0.002702,-0.018214,-0.003634,0.0991,0.0370,-9.3232
67650000,0.000633,-0.017809,-0.000306,0.0315,0.0471,-9.2837
67660000,0.000977,-0.013104,-0.000592,-0.0235,-0.0682,-9.1973
67670000,-0.000290,-0.015045,0.000443,-0.0937,-0.1094,-9.2690
67680000,0.002045,-0.016843,-0.003645,0.0937,-0.0136,-9.2819
67690000,-0.000682,-0.018283,0.001943,-0.1498,-0.1166,-9.2457
67700000,-0.004473,-0.016173,0.001909,0.0526,-0.0984,-9.1668
67710000,-0.000419,-0.015369,-0.003938,0.0081,-0.1750,-9.2615
67720000,0.001542,-0.013703,0.001971,0.0386,-0.0686,-9.2216
67730000,0.002155,-0.015770,0.002396,-0.0305,0.0316,-9.2074
67740000,0.000320,-0.011106,-0.001237,0.0227,0.1212,-9.3741
67750000,-0.001768,-0.017751,-0.002106,0.0438,0.1214,-9.3541
67760000,0.000416,-0.010810,0.001812,-0.0121,-0.0814,-9.2550
67770000,-0.000049,-0.016717,-0.000601,-0.0346,0.0631,-9.2598
67780000,0.002530,-0.015887,-0.000838,0.0992,-0.0377,-9.4453
67790000,0.000308,-0.014568,0.001656,0.0344,0.0161,-9.2835
67800000,-0.002610,-0.015094,-0.001166,0.1579,0.0167,-9.2035
67810000,0.001429,-0.016792,0.000781,-0.0487,-0.0478,-9.3050
67820000,-0.001108,-0.013995,0.000039,-0.0209,-0.0132,-9.2992
67830000,0.000746,-0.015903,-0.002096,-0.1719,0.0915,-9.2732
67840000,0.000623,-0.013131,0.001514,0.0178,-0.0235,-9.2448
67850000,0.000351,-0.014014,-0.000400,-0.0187,0.0310,-9.3619
67860000,0.001498,-0.017812,-0.001084,0.0451,-0.0309,-9.3311
67870000,-0.001054,-0.013800,-0.002725,-0.0083,0.0182,-9.3218
67880000,-0.001019,-0.013081,0.000822,-0.0216,0.0105,-9.2689
67890000,-0.002496,-0.019415,0.001315,0.0497,0.0179,-9.2006
67900000,-0.002611,-0.013579,-0.002308,0.0256,0.0216,-9.3048
67910000,0.000558,-0.014732,-0.001620,0.0595,-0.0660,-9.4527
67920000,-0.000272,-0.013022,0.002645,-0.0011,0.1287,-9.2406
67930000,-0.005112,-0.016058,-0.000441,0.0595,0.1266,-9.2103
67940000,-0.006654,-0.016454,-0.001259,0.0158,-0.0563,-9.3395
67950000,-0.001900,-0.013711,0.000387,0.0016,-0.0721,-9.2301
67960000,0.000214,-0.013951,-0.001994,0.1281,-0.0025,-9.4429
67970000,0.002255,-0.011993,-0.001013,-0.0497,-0.0253,-9.3313
67980000,0.002572,-0.016969,0.001041,-0.0149,-0.0681,-9.4409
67990000,0.000476,-0.015697,-0.000259,-0.1892,0.1078,-9.3621
68000000,0.003229,-0.012133,-0.000821,-0.0168,-0.0601,-9.2108
68010000,0.001153,-0.015938,-0.002204,0.0536,0.0044,-9.3004
68020000,0.003290,-0.014850,0.001438,0.0142,0.0037,-9.4631
68030000,0.000102,-0.016874,0.000514,0.0032,0.0559,-9.2258
68040000,0.001224,-0.012635,-0.000627,-0.0901,0.1764,-9.3480
68050000,0.002008,-0.010861,0.000934,0.0676,0.0529,-9.4468
68060000,-0.002135,-0.012886,-0.002805,0.0233,-0.1512,-9.3322
68070000,0.001395,-0.012629,-0.003858,-0.0285,-0.0848,-9.2010
68080000,-0.000721,-0.014572,0.003128,-0.0634,0.0156,-9.2514
68090000,0.000405,-0.014845,-0.001303,0.0579,0.0322,-9.3998
68100000,-0.002523,-0.013304,0.002570,-0.1174,0.0081,-9.3122
68110000,-0.000305,-0.014313,0.001600,-0.1950,0.0322,-9.2450
68120000,-0.001342,-0.014814,-0.001755,-0.0665,-0.0401,-9.4105
68130000,-0.000465,-0.011935,-0.002544,0.0890,-0.0064,-9.2794
68140000,0.000400,-0.011034,0.000041,0.0387,-0.0087,-9.2246
68150000,0.002229,-0.012925,-0.000576,0.1137,-0.0761,-9.2964
68160000,-0.001974,-0.011275,0.002686,-0.1695,-0.0060,-9.2627
68170000,-0.003805,-0.012347,0.000813,-0.0789,0.0567,-9.1924
68180000,-0.001343,-0.012463,-0.000842,-0.0225,0.0041,-9.2828
68190000,0.004076,-0.013456,-0.000091,0.2495,0.0165,-9.3081
68200000,-0.001199,-0.017348,-0.001413,-0.1250,0.0504,-9.3772
68210000,-0.000914,-0.013140,-0.001266,0.0226,-0.1234,-9.3632
68220000,0.000897,-0.011228,0.002685,-0.0590,-0.0512,-9.3875
68230000,0.000411,-0.013469,-0.002766,-0.1288,0.0091,-9.3615
68240000,-0.002460,-0.012977,-0.001063,-0.1211,-0.1149,-9.3259
68250000,0.001734,-0.012462,-0.002220,-0.0102,-0.1061,-9.3027
68260000,0.000861,-0.012973,0.001492,0.1397,-0.0815,-9.3444
68270000,0.000621,-0.011248,0.002448,-0.0020,-0.1616,-9.4435
68280000,0.000420,-0.012953,-0.000031,0.1112,-0.0450,-9.2333
68290000,-0.001873,-0.009664,-0.004725,-0.0029,0.0578,-9.2530
68300000,-0.000670,-0.011455,0.000443,0.0489,0.0693,-9.4034
68310000,-0.002094,-0.011883,-0.000032,-0.0535,0.0309,-9.2884
68320000,-0.000407,-0.012184,-0.001731,0.0200,-0.1294,-9.3406
68330000,0.002635,-0.012971,-0.000583,0.0695,0.0894,-9.4128
68340000,0.001149,-0.017270,-0.000888,-0.0389,-0.0096,-9.2841
68350000,-0.000803,-0.008718,0.004764,0.0262,-0.0446,-9.2871
68360000,0.002287,-0.012717,-0.000390,-0.0716,-0.1271,-9.2470
68370000,0.001714,-0.012280,-0.001960,0.1346,0.0541,-9.4666
68380000,0.002219,-0.011295,-0.000496,0.0918,-0.1390,-9.5105
68390000,-0.000081,-0.010458,-0.000715,0.1489,-0.0780,-9.5081
68400000,0.000094,-0.013884,-0.001309,-0.0561,-0.0423,-9.3622
68410000,-0.001741,-0.011834,0.001930,0.0057,0.0783,-9.2480
68420000,0.001120,-0.014497,0.005149,0.1458,0.0119,-9.2654
68430000,0.000362,-0.011081,-0.002215,0.0436,-0.0418,-9.4076
68440000,-0.001533,-0.007629,0.001559,0.1093,-0.1125,-9.3724
68450000,0.002358,-0.011517,-0.001440,-0.0023,-0.1223,-9.4293
68460000,0.000078,-0.006250,0.001684,-0.0526,0.0608,-9.3953
68470000,0.000883,-0.008157,0.002245,0.0237,-0.1437,-9.4450
68480000,-0.002435,-0.006197,-0.000517,-0.0503,0.0573,-9.2336
68490000,-0.003324,-0.008145,-0.001912,0.0067,0.0366,-9.3586
68500000,-0.000327,-0.010186,-0.000330,-0.0725,0.0126,-9.5233
68510000,0.003710,-0.012705,0.001067,-0.0496,-0.1189,-9.3677
68520000,-0.004640,-0.008815,0.000354,-0.0889,0.0342,-9.4183
68530000,0.002094,-0.011823,0.000264,0.0327,-0.0920,-9.4365
68540000,-0.002562,-0.008598,-0.002427,-0.0609,0.0867,-9.3678
68550000,0.003559,-0.011467,-0.002255,-0.0592,-0.0511,-9.4754
68560000,0.000326,-0.008434,-0.001991,0.0212,0.0171,-9.2323
68570000,-0.000778,-0.012560,-0.004530,0.0997,-0.1052,-9.3845
68580000,0.002651,-0.009742,-0.002725,0.0236,-0.1062,-9.3971
68590000,-0.004329,-0.011810,-0.003181,0.0453,-0.0963,-9.3777
68600000,-0.000854,-0.008655,-0.002801,0.0257,0.0518,-9.3464
68610000,0.001388,-0.007538,0.000760,0.0016,-0.2496,-9.4028
68620000,0.001009,-0.011345,0.002098,0.0592,0.0302,-9.4321
68630000,-0.003250,-0.008591,0.002437,0.0536,-0.0602,-9.4088
68640000,-0.002636,-0.009905,0.002753,0.0371,0.0991,-9.3386
68650000,-0.000221,-0.009253,0.001745,-0.0620,0.0661,-9.3467
68660000,-0.001959,-0.010253,0.000242,0.0741,0.0348,-9.2782
68670000,-0.000278,-0.011330,0.000283,-0.0719,0.0237,-9.3866
68680000,-0.001226,-0.008852,-0.001673,0.0304,0.0638,-9.3780
68690000,0.000104,-0.008401,0.000704,-0.0449,-0.0773,-9.4918
68700000,-0.000457,-0.007140,-0.000238,-0.1183,0.0047,-9.4509
68710000,-0.001626,-0.006195,-0.000266,-0.0217,0.0679,-9.5029
68720000,0.001354,-0.007979,0.000547,-0.0290,0.0151,-9.3551
68730000,-0.000439,-0.007323,-0.001361,0.0967,0.1127,-9.5301
68740000,-0.002778,-0.009744,0.002177,-0.0307,-0.1163,-9.4549
68750000,0.000299,-0.006853,-0.002458,-0.0270,0.0053,-9.3980
68760000,0.001877,-0.008940,-0.001125,-0.0528,0.0517,-9.3812
68770000,0.001496,-0.010657,0.000057,-0.0314,0.0371,-9.4347
68780000,0.002152,-0.009232,0.001853,0.0632,-0.0100,-9.4026
68790000,-0.001042,-0.005902,0.000402,-0.0343,-0.0490,-9.3890
68800000,0.001284,-0.009691,-0.000830,-0.1164,0.0622,-9.2608
68810000,0.001971,-0.006859,0.001878,0.0653,0.0633,-9.5135
68820000,-0.002644,-0.007704,0.001329,-0.0012,-0.0674,-9.3721
68830000,-0.000512,-0.009537,0.004264,-0.0260,-0.1026,-9.3322
68840000,0.000523,-0.008644,0.002590,-0.1024,-0.0655,-9.4116
68850000,-0.002349,-0.007042,0.000994,-0.1082,0.0055,-9.4975
68860000,0.000992,-0.007174,-0.000546,-0.0493,0.0526,-9.4151
68870000,-0.000141,-0.008862,0.002819,-0.0278,-0.0241,-9.4917
68880000,-0.000633,-0.010393,-0.000373,0.0403,0.0403,-9.3454
68890000,-0.001179,-0.005314,0.001942,-0.1782,-0.0063,-9.5044
68900000,-0.000758,-0.009498,0.000352,-0.0287,-0.1704,-9.3466
68910000,-0.000975,-0.006652,0.000078,0.0173,0.0452,-9.4525
68920000,-0.000070,-0.008152,0.000858,-0.0268,0.0010,-9.4039
68930000,0.000684,-0.008223,0.002053,0.0615,-0.0719,-9.4053
68940000,-0.003107,-0.006311,0.001424,0.1041,0.0115,-9.4088
68950000,0.004733,-0.006618,-0.001302,-0.0302,0.0425,-9.2296
68960000,-0.000160,-0.007271,0.000160,0.2343,-0.1592,-9.4238
68970000,0.000849,-0.009862,-0.002342,0.0186,-0.1521,-9.4369
68980000,-0.003338,-0.007395,-0.001556,-0.0559,0.1158,-9.3743
68990000,-0.002138,-0.006489,0.001130,-0.1385,0.0792,-9.3415
69000000,0.003445,-0.009402,-0.005655,-0.0734,0.0817,-9.4233
69010000,-0.002242,-0.008065,0.000130,0.0359,0.0696,-9.5433
69020000,0.000401,-0.006634,-0.001081,0.0145,-0.0598,-9.4877
69030000,-0.000386,-0.003895,-0.002618,-0.0348,-0.0258,-9.4296
69040000,0.000910,-0.004210,-0.002381,-0.0556,-0.0202,-9.3804
69050000,0.001958,-0.008198,-0.001987,-0.0126,0.0254,-9.5736
69060000,-0.000397,-0.007124,-0.001727,-0.0172,-0.0335,-9.4369
69070000,0.000172,-0.004341,0.002415,-0.0838,0.0253,-9.5666
69080000,0.002452,-0.005285,0.002552,0.0593,0.0037,-9.4254
69090000,0.004031,-0.007146,0.000420,0.0533,0.0240,-9.4646
69100000,0.000517,-0.003043,0.000185,0.1016,0.0517,-9.5013
69110000,0.001809,-0.005860,-0.001806,0.0225,0.1086,-9.5018
69120000,0.004462,-0.007445,-0.000428,-0.0501,0.0817,-9.5876
69130000,-0.000824,-0.007504,0.004150,-0.0322,0.0417,-9.4594
69140000,0.001203,-0.009612,0.002013,-0.0826,0.0475,-9.4928
69150000,0.003225,-0.007973,-0.001259,0.0367,0.1683,-9.4209
69160000,-0.001510,-0.009262,0.001868,0.0813,0.0567,-9.4517
69170000,-0.001983,-0.007191,-0.000506,0.1311,-0.1613,-9.5031
69180000,-0.001117,-0.001582,-0.001397,-0.0763,-0.0951,-9.4332
69190000,-0.001865,-0.003082,0.004613,0.0624,0.0286,-9.4803
69200000,-0.001389,-0.006356,-0.002458,0.1410,-0.0910,-9.5151
69210000,0.001630,-0.003776,0.001528,0.0333,-0.0126,-9.5487
69220000,-0.000623,-0.007357,0.000159,0.0050,0.1543,-9.4923
69230000,-0.002243,-0.005540,0.001622,0.1175,0.0891,-9.4755
69240000,-0.000089,-0.004106,0.000516,0.0018,-0.0770,-9.4348
69250000,0.000034,-0.007492,0.001669,-0.0343,0.1082,-9.5176
69260000,0.000850,-0.006593,0.002649,-0.0234,0.0017,-9.5823
69270000,0.002113,-0.002748,-0.004828,-0.0031,-0.0087,-9.3782
69280000,-0.002488,-0.004998,-0.001483,0.0060,0.0546,-9.4924
69290000,-0.001384,-0.003859,0.001408,0.0121,-0.0402,-9.3697
69300000,0.000390,-0.000417,-0.000868,-0.0281,0.0225,-9.6498
69310000,0.003514,-0.004935,0.002891,0.1142,-0.0397,-9.4447
69320000,0.001875,-0.006517,0.000188,-0.1867,0.0330,-9.4106
69330000,-0.001048,-0.006087,-0.000991,0.0662,0.0113,-9.5082
69340000,0.001426,-0.007938,0.001480,-0.0420,-0.0286,-9.5004
69350000,-0.003555,-0.004071,0.001973,0.0403,0.0533,-9.6456
69360000,-0.004247,-0.005379,0.000640,-0.1169,0.0708,-9.4992
69370000,-0.004229,-0.009563,0.001438,-0.1772,0.0437,-9.4435
69380000,0.003190,-0.002174,-0.000167,-0.0246,-0.0483,-9.5508
69390000,0.002236,-0.004854,-0.001210,0.0134,-0.1321,-9.6146
69400000,0.002442,-0.000902,-0.001484,0.0627,-0.0185,-9.4584
69410000,0.001688,-0.003882,0.001686,0.0097,-0.1733,-9.5484
69420000,0.000271,-0.005015,-0.004287,0.0403,0.0431,-9.5542
69430000,0.004323,-0.002896,-0.000418,0.0059,0.0014,-9.3520
69440000,-0.000140,-0.005110,-0.005094,-0.0006,-0.0803,-9.5582
69450000,0.000193,-0.001368,-0.003081,-0.0020,0.0405,-9.4594
69460000,-0.000009,-0.001805,-0.000513,0.0901,0.0427,-9.4694
69470000,-0.002453,-0.000980,-0.000903,-0.1643,0.1709,-9.4598
69480000,-0.000382,-0.000733,0.001045,0.1338,0.1347,-9.5655
69490000,-0.000840,-0.003183,0.001284,-0.0006,-0.0601,-9.4759
69500000,0.001924,-0.004342,-0.001133,-0.0037,0.0160,-9.4981
69510000,-0.003316,-0.001146,-0.001954,0.0412,0.1455,-9.5055
69520000,0.000021,-0.000582,0.001020,-0.0196,0.0404,-9.4775
69530000,-0.000532,-0.003163,-0.001137,-0.1072,0.1670,-9.4959
69540000,-0.002523,-0.000261,0.001343,-0.0464,-0.0040,-9.5855
69550000,0.003340,0.000167,0.000998,0.0987,0.0889,-9.4176
69560000,0.000010,-0.001665,-0.000028,-0.2257,-0.0260,-9.5476
69570000,0.001227,-0.002698,-0.001173,0.1089,0.0139,-9.4088
69580000,0.003122,-0.004488,-0.004037,0.0397,-0.0486,-9.6141
69590000,0.002132,-0.001081,0.004102,-0.0081,-0.0718,-9.6500
69600000,-0.002119,-0.002849,0.001234,-0.1312,-0.0320,-9.4376
69610000,0.002518,0.000149,-0.001754,0.0262,-0.0300,-9.4934
69620000,-0.001116,0.001202,-0.003403,-0.0457,0.0780,-9.6690
69630000,-0.002514,-0.000555,-0.001342,-0.0270,0.1952,-9.5014
69640000,0.000512,-0.003194,0.000285,-0.0879,-0.1017,-9.5935
69650000,0.001061,-0.000445,-0.001243,0.0403,0.0572,-9.6407
69660000,-0.001561,-0.000899,0.000853,-0.0156,0.1307,-9.4922
69670000,-0.001741,-0.003494,0.002044,-0.1383,0.0811,-9.4692
69680000,-0.003712,-0.005824,-0.001183,0.0145,0.0880,-9.5371
69690000,-0.001986,-0.001825,0.000830,0.2136,-0.1501,-9.6777
69700000,-0.003553,0.001066,-0.002831,-0.0731,0.0901,-9.5553
69710000,0.000689,-0.002611,-0.001241,0.0679,-0.0025,-9.4596
69720000,0.000737,0.000721,0.001728,-0.0467,0.0822,-9.5952
69730000,0.001229,0.002689,0.000104,-0.0406,0.0882,-9.6120
69740000,-0.000401,-0.000426,0.000358,-0.0335,-0.0997,-9.7437
69750000,0.000227,-0.003403,-0.000005,0.1001,-0.0866,-9.5365
69760000,0.004648,0.000242,0.002150,0.0172,-0.0251,-9.6699
69770000,0.000980,0.001604,0.003345,-0.0179,0.0468,-9.5924
69780000,-0.000674,-0.000685,0.000069,0.0024,0.0226,-9.5114
69790000,0.001638,-0.003868,0.000631,0.0515,-0.0828,-9.6555
69800000,0.000596,-0.001856,-0.004152,0.0889,-0.0494,-9.5852
69810000,-0.004556,0.000717,-0.001608,-0.0105,-0.0701,-9.5344
69820000,0.001544,-0.001236,0.000271,0.0219,0.1578,-9.6312
69830000,-0.000475,-0.001402,0.001090,0.1118,-0.1174,-9.6212
69840000,-0.001754,-0.000315,-0.001547,-0.0351,-0.0554,-9.6266
69850000,-0.002324,-0.001395,0.001444,-0.0545,-0.1040,-9.5777
69860000,0.004509,-0.000563,0.000238,0.0274,0.0235,-9.6798
69870000,0.001995,-0.000911,0.001902,0.0640,0.0208,-9.5047
69880000,-0.002101,0.005397,0.002533,-0.0872,0.0163,-9.6263
69890000,0.000163,0.003045,0.003267,0.0163,0.0935,-9.5787
69900000,0.001457,0.001206,-0.000890,0.0799,0.0456,-9.5901
69910000,-0.001560,0.000871,0.000433,0.1137,0.0176,-9.4560
69920000,-0.000667,-0.002511,-0.001405,0.0662,-0.1266,-9.4928
69930000,0.001714,0.002112,-0.001508,-0.0100,0.0210,-9.6258
69940000,0.002180,0.000345,-0.000334,-0.0065,0.1143,-9.7321
69950000,0.000113,-0.003580,-0.000552,0.1326,-0.1336,-9.5333
69960000,-0.002326,-0.001736,0.003064,0.0059,-0.0306,-9.6418
69970000,-0.003432,0.001131,-0.002754,0.0143,0.0664,-9.5962
69980000,-0.000413,-0.124799,0.001417,0.1278,0.0006,-9.5306
69990000,0.000184,-0.991622,0.000043,0.0185,-0.0688,-9.6420
70000000,-0.004032,-2.941188,0.000106,0.1052,-0.0164,-9.7179
70010000,-0.001791,-4.786284,-0.000176,-0.0350,0.0780,-9.4943
70020000,0.000514,-5.402379,0.005337,0.0884,0.0136,-9.8101
70030000,0.003870,-5.224978,-0.003007,0.0465,0.0466,-9.7994
70040000,-0.001076,-4.913279,-0.001778,-0.0064,0.0268,-10.0766
70050000,-0.000093,-4.600644,-0.000762,0.1232,-0.0747,-10.2128
70060000,0.000534,-4.296151,0.003737,-0.0324,0.0231,-10.4034
70070000,0.000503,-4.000046,-0.002096,-0.0025,0.2114,-10.5798
70080000,-0.001632,-3.708465,0.002728,0.0233,-0.0257,-10.7009
70090000,0.001038,-3.441720,0.000340,-0.0398,-0.1070,-11.0985
70100000,-0.000317,-3.181481,0.001501,-0.0702,-0.0053,-11.1452
70110000,-0.002474,-2.947996,0.004336,0.0459,0.1100,-11.3847
70120000,-0.001957,-2.719444,-0.002056,0.0551,-0.0803,-11.6998
70130000,0.003651,-2.514181,0.000970,0.0626,-0.0761,-11.9130
70140000,0.002894,-2.319355,0.001945,-0.0346,-0.0792,-12.2367
70150000,-0.000915,-2.140706,0.002128,0.0951,-0.0171,-12.2276
70160000,0.002090,-1.972568,0.001201,-0.0224,-0.0771,-12.6241
70170000,0.000582,-1.820725,-0.003561,0.1441,-0.0081,-12.7417
70180000,-0.000381,-1.675737,-0.001779,0.0336,-0.1277,-12.9622
70190000,0.002851,-1.544388,-0.000505,-0.0963,-0.0895,-13.1627
70200000,0.004549,-1.423341,0.004485,0.0666,0.1165,-13.4457
70210000,0.000108,-1.308029,0.001965,-0.0067,0.0567,-13.5488
70220000,0.000475,-1.196811,0.000434,0.0036,0.0681,-13.5798
70230000,-0.001622,-1.097854,0.002091,-0.0070,-0.0523,-13.7329
70240000,-0.000439,-1.004303,0.000795,-0.1000,0.0158,-14.2500
70250000,-0.001834,-0.918302,0.000466,0.0371,-0.0582,-14.1438
70260000,-0.001521,-0.827130,-0.002726,-0.1592,0.0157,-14.3925
70270000,0.003228,-0.749938,0.003401,0.0021,0.0385,-14.3958
70280000,-0.002280,-0.673348,0.003955,-0.0741,-0.0823,-14.5957
70290000,-0.001092,-0.604557,0.001537,0.0338,0.0455,-14.7283
70300000,0.000733,-0.539658,-0.001591,-0.1073,0.0152,-14.8523
70310000,-0.000272,-0.477762,-0.003994,0.0471,0.0695,-14.9004
70320000,0.000791,-0.415279,-0.001405,-0.0956,0.0782,-14.9644
70330000,0.000395,-0.355062,-0.000229,0.0559,0.0266,-14.9983
70340000,0.000187,-0.301759,0.001182,0.1197,-0.0062,-15.1182
70350000,-0.002306,-0.247746,-0.000489,0.0836,-0.1067,-15.0180
70360000,0.001194,-0.193512,-0.000501,-0.1598,-0.0664,-15.1748
70370000,0.000962,-0.141827,-0.003127,0.1030,0.0099,-15.1075
70380000,-0.000719,-0.092791,0.002352,0.0679,0.0167,-15.2022
70390000,0.000718,-0.046332,-0.000777,0.0039,-0.1139,-15.1490
70400000,0.003289,0.002772,-0.001746,-0.0459,-0.0509,-15.1766
70410000,0.002494,0.049787,-0.003670,-0.1204,-0.0379,-15.2509
70420000,-0.000121,0.098685,-0.002581,0.0371,-0.0227,-15.1744
70430000,0.000709,0.140155,0.000002,-0.0062,0.0018,-15.1661
70440000,0.001110,0.189105,-0.000454,-0.0796,0.0316,-15.3553
70450000,-0.000044,0.233219,-0.002323,0.1380,-0.0737,-15.1206
70460000,-0.000168,0.274520,-0.000168,0.0147,0.0549,-14.9942
70470000,-0.001782,0.319698,0.001589,0.0048,-0.0150,-15.0877
70480000,-0.000932,0.361836,0.002061,0.0541,-0.0121,-15.0478
70490000,0.002441,0.410384,0.001690,0.1977,0.1034,-15.0318
70500000,-0.002833,0.457251,0.003336,-0.0050,0.0412,-14.8387
70510000,0.002495,0.503062,-0.001680,0.0337,-0.0006,-14.7091
70520000,-0.000768,0.551578,-0.004517,0.0473,-0.0927,-14.7290
70530000,-0.000586,0.597553,0.000311,-0.1002,0.1051,-14.3127
70540000,-0.000940,0.644364,0.002250,-0.0065,0.0433,-14.5317
70550000,-0.000724,0.687981,0.001925,0.0138,0.1799,-14.4915
70560000,0.000783,0.742015,-0.000604,-0.0320,0.1195,-14.2639
70570000,-0.000239,0.790056,0.002766,-0.0301,-0.0182,-14.0734
70580000,0.002014,0.841470,0.001644,-0.1357,-0.0906,-13.9709
70590000,0.001391,0.894346,-0.002722,-0.0163,0.0033,-14.0188
70600000,0.001788,0.946477,-0.002530,-0.0163,-0.0924,-13.8097
70610000,0.002524,1.005565,-0.000557,0.0128,-0.0600,-13.6199
70620000,-0.002447,1.061222,0.001683,-0.0370,0.1600,-13.4057
70630000,-0.002394,1.121987,-0.001390,-0.1346,0.0044,-13.4226
70640000,0.001254,1.178081,0.001383,-0.0719,0.0151,-13.1300
70650000,-0.001130,1.237815,0.002195,-0.1059,0.0364,-13.0673
70660000,0.001882,1.301446,-0.000542,-0.0996,0.1190,-12.9599
70670000,-0.000418,1.369181,0.001388,-0.1549,-0.1368,-12.8535
70680000,0.003383,1.427359,-0.000004,-0.0803,-0.1427,-12.5074
70690000,0.002944,1.497576,-0.000071,0.0585,0.0221,-12.4278
70700000,0.000233,1.568565,-0.000786,-0.1398,-0.0203,-12.3151
70710000,-0.001257,1.641173,0.000286,-0.0070,0.0772,-12.0567
70720000,-0.000790,1.709111,-0.000655,0.0812,0.0489,-12.0084
70730000,-0.003575,1.788764,-0.002220,-0.0274,0.0104,-11.8242
70740000,-0.002228,1.859930,0.003004,0.1011,-0.0477,-11.6077
70750000,-0.003795,1.938894,-0.000121,-0.0850,-0.0819,-11.5500
70760000,-0.000378,2.016276,0.001376,-0.0122,-0.0209,-11.3677
70770000,0.001592,2.092820,-0.001293,-0.0262,-0.0395,-11.2968
70780000,-0.000269,2.170157,0.000326,-0.0577,-0.1011,-11.0500
70790000,0.001185,2.248427,0.000117,0.0284,0.1068,-11.1691
70800000,-0.004139,2.325238,0.002181,0.0349,-0.0077,-10.8944
70810000,0.001534,2.402035,0.002889,-0.0095,-0.0208,-10.6650
70820000,-0.001265,2.483416,0.000864,-0.0841,0.0767,-10.5847
70830000,0.005134,2.557080,0.001663,0.1120,0.0059,-10.3934
70840000,0.001062,2.628342,-0.004928,-0.0105,0.0454,-10.3693
70850000,0.001814,2.695834,-0.002579,0.1480,0.0678,-10.3186
70860000,0.003767,2.765874,0.001665,-0.0119,0.0892,-10.1909
70870000,-0.001007,2.825050,0.000167,0.0472,0.0761,-10.1285
70880000,0.000457,2.888677,0.001690,-0.0011,-0.0719,-10.0415
70890000,0.002200,2.941157,-0.001484,0.0559,0.0733,-10.0186
70900000,0.001095,2.981979,-0.002731,-0.0237,-0.0253,-9.9889
70910000,-0.001364,3.024204,-0.001696,0.1008,0.0928,-9.8424
70920000,0.001481,3.058853,0.000364,-0.0459,0.0668,-9.8242
70930000,0.000817,3.085206,0.001744,-0.0346,0.0238,-9.6898
70940000,0.000763,3.100131,0.000309,-0.0947,0.0535,-9.6109
70950000,0.001402,3.113651,0.001250,0.0431,0.0202,-9.6461
70960000,0.002674,3.116148,-0.000183,0.0092,-0.0490,-9.6693
70970000,0.000244,3.108329,-0.003598,0.0103,-0.1272,-9.6357
70980000,0.001321,3.094537,-0.003317,-0.0658,0.0119,-9.7205
70990000,-0.000007,3.074155,0.000588,-0.0247,0.1000,-9.6013
71000000,-0.001086,3.046276,0.000232,-0.0702,0.0076,-9.7158
71010000,0.002595,3.007390,-0.000896,-0.1059,-0.0808,-9.8478
71020000,-0.000597,2.964887,-0.000079,-0.0099,0.0774,-9.8527
71030000,-0.000179,2.915333,0.004614,0.0804,-0.0233,-9.9310
71040000,0.002385,2.863990,0.001844,0.0564,0.0001,-9.9751
71050000,-0.001747,2.804661,-0.002860,0.0389,0.0681,-10.0397
71060000,-0.000340,2.738637,0.001937,0.0242,0.0100,-10.1187
71070000,-0.001718,2.670296,-0.000918,0.0741,0.0612,-10.2320
71080000,0.000256,2.600862,0.003088,-0.0905,0.1034,-10.3456
71090000,-0.001399,2.523250,-0.000392,-0.0959,0.1335,-10.4917
71100000,-0.001922,2.452747,0.001258,-0.0272,0.0763,-10.5451
71110000,0.003242,2.371278,-0.001102,-0.0401,-0.1012,-10.5085
71120000,-0.002583,2.296095,0.000241,0.0572,0.0090,-10.7374
71130000,0.002158,2.215155,-0.004778,-0.0155,0.0876,-11.0242
71140000,0.001599,2.140308,-0.001183,0.0742,-0.0109,-11.0303
71150000,0.002335,2.062006,0.000313,0.0668,-0.1924,-11.1344
71160000,-0.000043,1.982214,-0.002756,0.0915,-0.0172,-11.2186
71170000,-0.004607,1.904606,0.002905,0.0558,-0.0079,-11.2346
71180000,-0.001883,1.830310,0.002594,0.0000,0.0135,-11.5042
71190000,-0.000893,1.754876,-0.001305,0.0484,0.1769,-11.7116
71200000,0.003190,1.681443,0.000654,-0.0397,-0.0730,-11.8954
71210000,0.001920,1.608591,-0.001060,-0.0736,-0.0289,-11.9345
71220000,-0.001684,1.541726,0.001027,-0.0797,0.0107,-12.0393
71230000,0.002015,1.468136,-0.003281,-0.1231,-0.0155,-12.1945
71240000,-0.002496,1.405717,0.003350,0.0946,-0.0476,-12.4465
71250000,-0.003780,1.338124,0.001038,-0.0148,0.0291,-12.4086
71260000,-0.003380,1.277658,0.002934,0.1322,0.0450,-12.6932
71270000,-0.002247,1.212980,-0.000790,-0.0570,0.0704,-12.7803
71280000,-0.001719,1.154728,0.004156,0.1128,0.0443,-12.8370
71290000,0.003089,1.091411,0.000822,0.0827,-0.0884,-12.9666
71300000,0.002588,1.042637,0.002973,0.0209,-0.0328,-13.0775
71310000,0.000365,0.987435,-0.003662,-0.0585,-0.0056,-13.1637
71320000,0.001694,0.932881,-0.001325,-0.0408,-0.0157,-13.4356
71330000,0.000147,0.878879,0.001416,0.0102,-0.1273,-13.4648
71340000,-0.000905,0.825018,0.002385,0.1703,0.1130,-13.5483
71350000,0.001635,0.775255,-0.001563,-0.0374,0.0451,-13.5381
71360000,-0.001434,0.728392,-0.000477,0.0955,-0.0302,-13.7660
71370000,0.000340,0.681439,-0.001753,0.1563,-0.1710,-13.8014
71380000,0.002251,0.637526,0.004367,0.0710,-0.0704,-13.9896
71390000,0.003228,0.587723,0.002547,0.0175,0.0380,-13.9973
71400000,-0.001443,0.549672,-0.002146,-0.0667,-0.0010,-14.1218
71410000,-0.002312,0.502357,-0.000946,0.0243,0.0613,-14.1130
71420000,-0.000988,0.457900,0.000318,0.2218,-0.0632,-14.2669
71430000,-0.002148,0.415198,0.000875,0.0021,0.0338,-14.4622
71440000,-0.001372,0.371910,0.000509,0.0530,-0.1406,-14.5463
71450000,-0.003971,0.332781,-0.004064,0.0955,-0.0250,-14.3176
71460000,0.000985,0.292022,-0.000325,0.0035,-0.0202,-14.6012
71470000,0.001519,0.250584,-0.001274,0.0227,-0.0311,-14.5267
71480000,-0.003090,0.208595,0.000584,-0.0835,0.0456,-14.7421
71490000,0.002086,0.168955,-0.001191,0.1269,-0.0597,-14.6242
71500000,-0.002330,0.127352,-0.001129,-0.0620,-0.1156,-14.7477
71510000,-0.001700,0.084645,-0.002722,-0.0101,0.0062,-14.7064
71520000,0.001363,0.042657,0.001413,0.1093,-0.1081,-14.8527
71530000,0.002643,0.005595,0.002209,0.0875,-0.0714,-14.7154
71540000,0.000736,-0.038723,-0.001792,0.0145,-0.0913,-14.8452
71550000,-0.003127,-0.079124,-0.000156,-0.1158,-0.0668,-14.9046
71560000,0.000170,-0.123249,-0.000466,-0.0132,0.0891,-14.7562
71570000,0.000980,-0.168586,0.000563,0.0448,0.0619,-14.7050
71580000,0.003790,-0.206983,-0.000661,-0.0136,-0.0225,-14.6762
71590000,-0.001270,-0.259657,0.001093,-0.0593,-0.1290,-14.5949
71600000,0.000433,-0.305163,0.000156,0.1088,0.0694,-14.6322
71610000,0.002295,-0.349621,0.000431,-0.0053,0.0180,-14.5834
71620000,0.001306,-0.400559,-0.003653,-0.1944,0.0268,-14.5390
71630000,0.003893,-0.451339,-0.001041,-0.0559,-0.0708,-14.5062
71640000,0.000517,-0.503612,-0.002963,-0.1253,-0.0481,-14.3800
71650000,0.000019,-0.558505,-0.000387,-0.0205,0.0986,-14.3342
71660000,0.001443,-0.609259,-0.000983,0.1155,-0.0444,-14.2592
71670000,-0.000059,-0.671519,-0.001032,-0.1208,0.1269,-14.1430
71680000,0.002810,-0.733141,0.000215,0.0728,0.0315,-14.1320
71690000,-0.000467,-0.793766,-0.001749,-0.0049,0.0505,-13.7434
71700000,0.001228,-0.862272,-0.005268,0.0769,-0.0212,-13.8238
71710000,0.000620,-0.930340,0.000173,0.0226,0.0055,-13.6802
71720000,-0.001100,-1.001247,0.004464,-0.0572,-0.1936,-13.5402
71730000,-0.000215,-1.081044,0.000717,0.0396,-0.0404,-13.4052
71740000,0.002441,-1.159486,0.001727,0.0109,-0.1363,-13.2290
71750000,0.000486,-1.237180,-0.001130,-0.0821,0.0008,-13.0771
71760000,-0.000209,-1.333475,-0.001272,0.1724,-0.0336,-12.9574
71770000,0.000736,-1.424974,-0.000818,0.0446,-0.1143,-12.8117
71780000,0.001933,-1.523478,0.003413,0.0088,0.0576,-12.6452
71790000,0.002516,-1.628979,-0.000184,0.1005,0.0650,-12.4537
71800000,0.001760,-1.741095,-0.004736,-0.0755,-0.0109,-12.5435
71810000,0.000671,-1.856987,0.003016,-0.1168,0.0417,-12.1193
71820000,0.002353,-1.978713,0.001026,0.0054,-0.1458,-12.2013
71830000,0.002217,-2.110956,-0.001299,0.0020,0.0541,-11.9462
71840000,-0.002253,-2.244599,0.000022,0.1039,-0.1290,-11.7155
71850000,0.000363,-2.389042,0.000771,0.0184,0.0362,-11.5624
71860000,0.002269,-2.540120,-0.001258,0.0590,0.1151,-11.3992
71870000,0.003468,-2.692810,0.002628,-0.1943,0.0148,-11.2494
71880000,0.002517,-2.853151,-0.001840,-0.0069,0.1166,-11.0171
71890000,0.000752,-3.024322,0.000102,-0.1153,0.0999,-10.7516
71900000,-0.000537,-3.202887,-0.002202,0.0457,-0.0310,-10.8418
71910000,0.000598,-3.379673,-0.000868,-0.0775,-0.1204,-10.4665
71920000,0.002606,-3.559813,-0.001726,-0.0889,0.0324,-10.3923
71930000,-0.001424,-3.738237,0.002338,0.0030,0.1047,-10.2083
71940000,0.000302,-3.922595,-0.001947,0.1025,0.1822,-9.9937
71950000,-0.001784,-4.097537,-0.003224,-0.1340,-0.0622,-10.1742
71960000,-0.001729,-4.268441,0.001029,-0.1747,0.0917,-10.1277
71970000,-0.001539,-4.427218,0.001753,-0.0977,-0.0277,-10.0360
71980000,-0.002452,-4.467033,0.000699,-0.1828,0.0481,-9.8764
71990000,0.001934,-3.889646,0.006857,0.0002,-0.1310,-9.7843
72000000,-0.003440,-2.365627,0.000283,-0.1962,-0.0236,-9.7960
72010000,-0.001105,-0.796388,0.001431,-0.1055,-0.0291,-9.8568
72020000,0.000843,-0.100527,0.000433,0.0473,-0.0470,-9.7614
72030000,-0.000136,0.001907,0.001182,-0.0607,0.1480,-9.9913
72040000,-0.000970,0.001662,0.000333,-0.1320,-0.0041,-9.8091
72050000,0.000490,-0.000567,-0.000081,0.0399,-0.1189,-9.7969
72060000,-0.002880,-0.003394,0.000974,0.0345,0.0824,-9.9736
72070000,0.000028,0.001308,0.001111,-0.0382,-0.0074,-9.8225
72080000,-0.003360,-0.000457,-0.001371,-0.0552,-0.0248,-9.7963
72090000,-0.000624,0.000092,0.000486,-0.0857,-0.0208,-9.8867
72100000,0.002011,0.000057,-0.001027,0.0053,-0.0133,-9.7608
72110000,-0.002325,-0.000280,0.001278,0.0442,0.0208,-9.8425
72120000,0.000235,-0.002761,-0.000248,-0.0923,-0.1196,-9.8856
72130000,0.001673,-0.000078,0.000630,-0.0372,0.0670,-9.8966
72140000,-0.002449,-0.002134,-0.003340,0.0992,-0.0701,-9.8826
72150000,-0.001385,-0.002713,-0.004210,-0.0150,0.1998,-9.8279
72160000,-0.003502,-0.001549,0.001194,-0.0646,0.0243,-9.8206
72170000,-0.004528,0.001613,-0.003255,0.0571,-0.1191,-9.8523
72180000,0.001995,-0.005205,-0.000080,-0.0040,0.0595,-9.7394
72190000,-0.002351,0.000199,-0.001040,-0.1289,0.0385,-9.8658
72200000,-0.000432,0.001395,0.003083,0.1501,-0.2096,-9.9202
72210000,0.004367,0.000097,-0.000922,0.0012,0.1567,-9.9543
72220000,0.000659,0.003317,0.000948,0.0635,-0.0162,-9.8192
72230000,0.000545,-0.000315,0.000704,0.0175,0.1010,-9.8616
72240000,0.002790,0.000841,-0.003431,0.0311,-0.0125,-9.8557
72250000,-0.004081,0.001531,-0.000149,0.0891,0.0828,-9.8972
72260000,-0.002983,-0.000268,0.001549,-0.0288,-0.1207,-9.7635
72270000,0.000077,-0.000893,-0.000713,-0.0119,-0.0853,-9.9362
72280000,-0.001372,0.001207,-0.000341,0.0896,0.0995,-9.9319
72290000,-0.000135,-0.000075,0.000768,0.0321,0.0421,-9.7489
72300000,-0.001273,-0.000020,-0.000333,-0.1663,0.0117,-9.7772
72310000,0.000397,-0.001727,0.001085,0.0633,-0.1053,-9.7802
72320000,0.002544,0.002318,-0.002754,-0.1376,-0.0064,-9.8854
72330000,-0.000047,-0.001120,-0.000807,0.0196,-0.0539,-9.7522
72340000,0.001693,-0.002686,0.000678,0.0570,-0.0195,-9.9433
72350000,-0.002764,-0.000361,-0.003898,0.1348,-0.0143,-9.9168
72360000,-0.004121,0.000941,-0.000188,-0.0477,0.0042,-9.8425
72370000,-0.003799,0.000870,-0.002746,0.0878,-0.0275,-9.7485
72380000,-0.000501,-0.000703,0.003771,-0.0406,0.0854,-9.7782
72390000,-0.002256,-0.001469,-0.000720,-0.1752,-0.1124,-9.9013
72400000,0.000847,0.000741,-0.000199,0.1067,-0.0043,-9.9153
72410000,-0.000445,-0.000364,0.000367,-0.0809,-0.1370,-9.8517
72420000,0.000408,0.002507,0.002290,-0.0393,0.0931,-9.8395
72430000,-0.000158,0.000432,-0.000124,0.0479,-0.0187,-9.8247
72440000,0.001740,-0.001185,0.002704,0.0729,0.0768,-9.7878
72450000,0.000186,-0.001866,-0.002300,0.0008,-0.1077,-9.8746
72460000,0.002823,-0.003137,-0.001672,-0.0071,-0.0269,-9.8643
72470000,0.002536,0.000303,0.001588,-0.1537,0.0043,-9.7892
72480000,0.000396,-0.000901,0.000036,-0.0192,-0.0691,-9.9397
72490000,-0.000584,-0.000721,-0.002029,0.0085,0.0753,-9.7561
72500000,0.003983,-0.001157,-0.002834,0.1721,-0.0547,-9.7612
72510000,-0.000609,0.000485,0.001942,0.0350,0.0228,-9.8862
72520000,-0.000713,0.000290,0.000556,0.1601,0.0786,-9.8747
72530000,-0.002064,0.002294,-0.001502,0.0459,-0.1617,-9.8185
72540000,0.001092,0.001518,-0.001333,0.0834,0.0649,-9.9798
72550000,-0.001840,-0.000553,0.000026,-0.0899,0.0541,-9.9474
72560000,0.002635,0.000457,0.002693,-0.0903,-0.0883,-10.0128
72570000,-0.000428,0.000739,-0.004916,-0.0289,0.0226,-9.6944
72580000,-0.002321,0.001199,-0.002304,0.1172,-0.0551,-9.7968
72590000,-0.000862,-0.002360,0.002733,-0.1150,-0.0820,-9.8537
72600000,0.001049,0.002803,0.001420,0.1479,-0.0933,-9.9812
72610000,0.002780,0.002399,0.002525,-0.0876,-0.0930,-10.0293
72620000,-0.004341,-0.004740,0.004852,0.0404,0.1350,-10.0176
72630000,0.001552,0.000775,0.001208,-0.0758,-0.0713,-9.9644
72640000,-0.001479,0.002235,-0.000032,-0.0404,-0.0099,-9.8728
72650000,-0.002714,-0.001474,-0.001752,-0.0327,0.0714,-9.9212
72660000,0.000843,-0.001016,-0.001196,-0.1544,0.0203,-10.0296
72670000,0.000604,0.000789,0.001869,0.0093,-0.0633,-9.7822
72680000,0.002093,-0.001123,-0.000831,0.0321,0.0598,-9.7640
72690000,0.001707,-0.001364,0.000232,-0.0806,0.0288,-9.9264
72700000,-0.003318,0.000829,-0.003271,-0.0915,-0.0223,-10.0046
72710000,-0.000456,0.000721,-0.004372,-0.0773,-0.0163,-9.9268
72720000,-0.001110,0.001647,-0.000606,-0.0340,-0.0902,-9.9220
72730000,0.000668,-0.002599,0.001748,-0.2123,-0.0095,-9.9662
72740000,-0.002412,-0.003249,0.001235,-0.0223,0.0185,-9.9139
72750000,0.002041,0.000470,-0.001467,0.0558,0.1051,-9.8662
72760000,0.000205,0.002417,-0.003181,0.0254,-0.1149,-10.0256
72770000,0.001077,0.002835,-0.001874,-0.0900,-0.0505,-9.9633
72780000,0.001862,-0.001480,0.003029,-0.1679,-0.0777,-9.9411
72790000,-0.003475,0.001681,-0.001649,0.1384,0.0750,-9.9480
72800000,-0.002359,0.000711,-0.002164,0.0005,-0.0765,-9.9095
72810000,-0.003528,0.003618,0.001942,-0.0332,-0.0712,-9.9632
72820000,0.000757,-0.000781,0.001397,-0.0002,-0.0051,-9.9092
72830000,0.003015,0.001186,-0.000449,-0.0740,-0.0763,-10.0848
72840000,0.001942,0.000017,-0.001953,0.0340,0.1500,-9.9925
72850000,0.000524,0.002187,0.001048,0.0717,-0.2366,-9.8513
72860000,-0.002274,0.000100,0.001338,-0.0889,0.1293,-9.8885
72870000,0.000489,-0.000353,0.000762,-0.1157,0.0152,-9.9041
72880000,0.000770,0.000919,-0.000678,-0.0530,0.0837,-10.0893
72890000,0.000360,-0.001740,0.000612,0.0532,0.1332,-9.8306
72900000,0.001162,-0.001605,-0.001644,0.0190,-0.0680,-9.8059
72910000,0.000123,-0.000512,-0.001350,0.0354,-0.0406,-9.9662
72920000,-0.001023,0.001218,-0.002618,0.1426,0.0070,-10.1037
72930000,-0.000372,-0.001917,-0.000424,0.0554,-0.1060,-9.8318
72940000,0.000766,-0.001498,0.002982,-0.0098,0.0039,-9.9407
72950000,0.000453,-0.000651,-0.000665,0.0581,0.0825,-9.8773
72960000,-0.000888,0.000584,-0.000306,-0.1560,-0.0780,-9.7896
72970000,0.000545,0.000776,-0.000427,-0.0634,0.0463,-9.9480
72980000,-0.001651,0.000529,-0.005387,0.0331,0.0544,-9.7807
72990000,0.001668,0.001485,-0.002116,0.0228,-0.0278,-9.9767
73000000,0.000342,-0.000567,-0.001771,0.0624,-0.0305,-10.0209
73010000,-0.000909,-0.001260,0.000356,0.1081,-0.1793,-9.8985
73020000,0.002145,0.001176,-0.001546,0.0056,0.1300,-10.0061
73030000,0.004086,0.000870,0.002312,-0.1189,0.0277,-9.9674
73040000,0.000977,-0.001585,0.000523,0.0483,0.1057,-9.8050
73050000,0.003105,0.000945,0.001185,0.0798,-0.1232,-9.9251
73060000,-0.000098,-0.002799,0.001177,-0.0419,0.0920,-9.9236
73070000,-0.001299,0.002374,0.000985,-0.0742,-0.1086,-10.0553
73080000,0.001767,0.001852,-0.000144,-0.0641,0.0307,-9.7585
73090000,-0.003195,-0.000770,-0.001115,-0.1645,0.0893,-10.0995
73100000,-0.000445,0.001040,-0.001292,-0.0831,-0.0829,-9.8996
73110000,-0.000755,-0.000533,-0.003073,-0.0972,0.1153,-9.7443
73120000,0.002460,0.003199,0.001187,-0.0098,0.0488,-10.0828
73130000,-0.000120,-0.000999,0.000083,-0.0097,-0.0715,-10.0325
73140000,0.001101,-0.002708,-0.002750,-0.0407,0.1491,-10.0174
73150000,0.003615,0.000385,-0.000529,-0.0441,-0.1126,-10.0026
73160000,0.001612,0.003236,-0.000855,0.1468,-0.0107,-9.9735
73170000,-0.000829,0.000168,-0.000256,0.0251,-0.1103,-9.9719
73180000,0.000848,0.005066,-0.001261,-0.0286,0.0489,-9.9130
73190000,-0.000564,0.000324,0.004891,0.0871,-0.0421,-9.9988
73200000,-0.003424,-0.001657,-0.002322,0.1049,0.0195,-10.0096
73210000,-0.000988,0.002294,-0.003252,0.1291,-0.1439,-9.9827
73220000,0.001008,-0.000254,0.001843,-0.0348,0.0329,-9.8536
73230000,-0.000172,0.000927,-0.003054,-0.0158,0.0366,-9.9256
73240000,-0.002512,-0.001263,0.004363,0.0351,0.1087,-9.9498
73250000,0.001381,-0.000681,0.001900,-0.1920,-0.0551,-9.9424
73260000,0.001735,-0.000367,-0.001649,-0.0241,0.0397,-10.0252
73270000,-0.002889,0.002119,0.000562,-0.0813,0.0096,-9.9661
73280000,-0.000875,0.001601,-0.001062,-0.0981,0.0204,-10.0534
73290000,-0.002048,-0.001796,0.000258,0.0061,-0.0129,-9.8084
73300000,0.002791,0.002278,0.000406,-0.1521,0.0471,-9.9992
73310000,-0.000557,0.001539,0.000653,0.0220,0.0367,-10.0456
73320000,-0.002215,-0.001090,-0.000861,0.0807,-0.0020,-10.0723
73330000,-0.002675,-0.000007,0.001087,0.0505,0.0323,-10.0252
73340000,-0.002383,0.001210,-0.001600,0.0174,-0.0284,-10.1183
73350000,0.001343,0.000652,0.001077,0.0790,-0.0343,-10.0286
73360000,-0.003815,0.001889,0.001351,0.0535,-0.1162,-9.9248
73370000,0.001062,-0.000068,-0.001891,-0.1032,0.0667,-9.9130
73380000,0.001111,-0.002171,0.000022,-0.1113,0.0270,-9.9874
73390000,-0.003354,0.003380,-0.002663,0.0364,-0.0778,-10.0397
73400000,-0.000762,-0.000814,-0.003876,-0.0311,-0.0555,-9.9069
73410000,0.001107,0.000136,0.002322,0.0620,-0.0499,-9.9398
73420000,-0.000136,-0.002104,0.001410,0.0425,0.0415,-9.9148
73430000,-0.000685,-0.003091,0.003773,0.1390,-0.0678,-9.9014
73440000,-0.004965,-0.001520,-0.004338,-0.0222,-0.0425,-10.0506
73450000,0.000954,-0.000721,0.000905,0.0983,-0.0397,-9.9701
73460000,0.000745,-0.003747,-0.002449,-0.0279,-0.0444,-10.0141
73470000,0.001612,0.001578,0.002761,0.0781,0.0492,-10.0570
73480000,0.000118,0.000909,-0.002864,-0.0122,-0.0757,-10.0415
73490000,-0.003052,0.000939,0.000066,-0.2308,0.0913,-9.9518
73500000,0.002834,-0.000740,-0.002476,-0.0717,-0.0961,-9.9997
73510000,0.000937,-0.000032,0.002708,-0.1513,-0.0385,-9.7724
73520000,0.001190,-0.002486,0.000549,-0.0331,-0.0376,-10.0121
73530000,0.001735,-0.003075,-0.003408,0.2245,0.1264,-9.9812
73540000,-0.001356,0.000139,-0.002985,-0.0345,0.1362,-10.1019
73550000,-0.000285,-0.002483,-0.000517,-0.0599,-0.1054,-10.0909
73560000,0.000973,0.001642,-0.001470,-0.0821,0.0065,-9.8925
73570000,-0.003824,0.001730,-0.000184,-0.0410,0.0235,-9.9995
73580000,-0.003679,0.002002,-0.001018,0.0348,-0.2095,-10.0131
73590000,0.000594,0.003162,-0.000952,-0.1989,-0.0217,-10.0297
73600000,0.000229,-0.002267,0.000273,-0.0926,0.0190,-10.0410
73610000,0.001997,-0.001810,-0.002539,0.0239,-0.0429,-10.0441
73620000,-0.000305,-0.000870,0.000324,0.0291,0.0317,-9.8875
73630000,0.001606,0.002457,-0.000408,0.1225,-0.0165,-10.0969
73640000,-0.000838,0.002854,-0.001473,-0.0354,-0.0152,-10.0220
73650000,-0.000245,-0.002616,0.004229,-0.0076,0.0550,-9.9973
73660000,0.001443,-0.000927,0.004101,-0.1089,0.0487,-10.0218
73670000,0.000937,0.000638,-0.001298,0.0264,0.0503,-9.9425
73680000,-0.003064,-0.001600,-0.004558,-0.1236,-0.0081,-9.9844
73690000,0.002865,0.000535,-0.002184,-0.0368,-0.0343,-10.0049
73700000,-0.000314,-0.000917,-0.001295,0.0402,0.0353,-9.8967
73710000,0.002280,-0.001057,0.001030,-0.0806,0.0288,-9.9788
73720000,0.000079,0.001987,0.000150,0.0049,0.1121,-9.9924
73730000,-0.002824,0.000354,-0.000835,0.0508,-0.0963,-10.1847
73740000,0.001252,0.005751,-0.000350,0.0332,0.0099,-10.1434
73750000,0.002019,0.000416,0.003190,0.0276,-0.1018,-9.9974
73760000,-0.001131,-0.001193,0.002279,-0.0440,-0.0054,-9.7616
73770000,0.000406,0.003064,-0.001195,-0.1254,0.0100,-10.1136
73780000,-0.001306,0.001914,-0.004227,-0.0755,0.0552,-9.9784
73790000,-0.000700,-0.001274,-0.001122,0.1842,0.0233,-10.0295
73800000,-0.003388,0.002614,-0.002624,-0.1119,0.0778,-10.0816
73810000,0.002156,-0.000780,-0.003470,-0.0903,0.0439,-10.0620
73820000,0.001664,-0.002234,0.001326,0.0149,0.0213,-10.0648
73830000,0.000650,-0.001580,0.000773,-0.0426,0.0049,-10.1360
73840000,0.000099,0.000436,-0.002528,0.0202,0.1295,-9.8737
73850000,0.002928,0.002596,-0.003184,0.1008,0.1200,-10.0302
73860000,-0.000678,0.000285,0.001704,-0.0235,-0.0544,-10.0323
73870000,-0.001253,-0.001904,0.001687,-0.0942,0.1496,-10.0841
73880000,0.002122,-0.001287,-0.001158,0.0312,-0.0493,-10.1592
73890000,-0.003381,0.000803,0.002105,-0.1460,0.0590,-10.0495
73900000,-0.002588,-0.001195,-0.002928,0.0259,-0.0187,-10.1528
73910000,0.002920,-0.001439,0.002240,-0.1025,-0.0014,-10.1046
73920000,0.001456,-0.003042,-0.000495,-0.0189,0.0969,-10.0992
73930000,0.001445,-0.001309,0.000293,0.0823,-0.1324,-10.0623
73940000,-0.000709,-0.005762,-0.000364,-0.0468,0.0494,-10.0218
73950000,-0.000015,0.001261,0.001717,0.0310,0.0505,-10.0921
73960000,0.000035,0.000192,-0.001142,0.1162,0.0082,-9.9859
73970000,-0.000398,0.002814,-0.002545,0.0694,-0.1550,-10.1376
73980000,0.000376,-0.003335,0.001174,-0.0545,0.0048,-10.0488
73990000,0.002785,0.002123,0.001442,0.0767,0.0393,-9.9907
74000000,-0.006110,-0.001061,-0.001733,-0.0014,0.0475,-10.0783
74010000,0.001824,0.001566,-0.001738,0.0269,-0.0338,-9.9967
74020000,0.001432,0.003448,0.004556,-0.0101,-0.1271,-10.0309
74030000,-0.000219,-0.003406,0.001405,0.0386,0.1184,-10.0396
74040000,0.002035,0.004187,0.003666,-0.0245,-0.0476,-10.1562
74050000,-0.001681,0.000520,-0.000660,-0.0473,0.1061,-10.0921
74060000,0.001406,0.000217,0.002608,0.2010,-0.0133,-9.9748
74070000,-0.002723,-0.000495,-0.001140,0.0588,-0.0417,-10.0768
74080000,0.002727,0.000017,0.000997,-0.0907,-0.0619,-10.0405
74090000,0.000418,-0.001365,0.000622,-0.0535,-0.0504,-10.0090
74100000,-0.002575,0.001541,-0.000046,0.1770,0.0581,-10.0275
74110000,-0.000597,0.001531,0.002235,0.0112,0.0873,-10.0560
74120000,0.000529,-0.000424,-0.000149,0.0941,0.0571,-10.0888
74130000,0.000477,0.000024,0.000585,-0.1699,-0.0336,-9.8943
74140000,-0.001475,-0.000566,0.004549,0.0471,0.0360,-10.0536
74150000,-0.001430,-0.001325,0.000607,0.0407,-0.0259,-10.1050
74160000,0.000396,-0.001757,-0.000143,0.0752,-0.0884,-10.0412
74170000,0.001412,0.002577,-0.001648,0.0440,0.0549,-10.1185
74180000,-0.001386,0.001320,-0.004204,0.0761,-0.0189,-10.0036
74190000,0.003431,0.003467,0.002452,0.0551,-0.0133,-9.9647
74200000,-0.000964,0.001527,0.000329,0.0472,0.0241,-10.0805
74210000,-0.000257,0.000246,-0.000365,-0.0544,0.0417,-10.0543
74220000,0.000921,-0.000227,0.001794,-0.0395,-0.0494,-10.1583
74230000,0.000636,0.001110,-0.001159,0.0021,-0.1250,-10.0136
74240000,-0.002088,-0.000981,-0.002671,-0.0181,-0.0128,-10.0690
74250000,-0.000556,-0.001888,0.002655,0.0635,0.0694,-10.0844
74260000,-0.000933,-0.000846,0.002120,0.0089,0.1537,-9.9999
74270000,0.002685,0.001675,-0.002338,0.0729,0.0820,-9.9813
74280000,0.002174,0.001047,0.000912,0.0492,-0.2008,-10.1390
74290000,-0.001493,0.001195,0.003131,-0.0772,-0.1921,-10.0235
74300000,-0.001445,-0.000773,-0.003546,0.0186,-0.0585,-10.0166
74310000,0.000437,0.000407,0.004404,0.0144,0.0277,-10.1675
74320000,0.003837,0.000884,-0.004279,-0.1594,0.0884,-10.0571
74330000,0.001639,0.001453,0.002424,-0.0236,-0.0562,-10.1253
74340000,-0.000805,-0.000220,0.000963,0.0534,-0.0477,-10.0797
74350000,-0.001799,-0.000501,-0.003905,0.0780,0.0303,-10.0242
74360000,0.003441,0.002778,-0.002863,-0.1088,-0.0414,-10.1428
74370000,-0.001285,-0.000555,-0.002331,0.0566,-0.0794,-9.9881
74380000,-0.000241,0.002007,-0.001175,0.0883,0.0522,-10.0597
74390000,-0.000032,-0.001526,0.000785,0.0502,-0.0442,-9.9309
74400000,0.000435,0.002725,0.000394,0.0781,-0.0129,-10.0459
74410000,-0.000012,0.000076,-0.000829,-0.0159,0.0521,-10.0039
74420000,-0.000066,0.002150,0.000244,0.0583,0.0108,-9.9183
74430000,0.000639,0.003183,-0.002001,0.2991,-0.1160,-10.2089
74440000,0.000341,-0.000195,0.004028,-0.0450,0.0366,-10.1293
74450000,0.001935,-0.002580,-0.003283,-0.1261,-0.0012,-10.1088
74460000,-0.000560,-0.003512,-0.002932,-0.0648,-0.0716,-10.0183
74470000,0.001232,0.001939,0.000979,0.0275,0.0218,-10.1116
74480000,0.000963,0.004627,0.002649,-0.0766,-0.0927,-10.2974
74490000,0.002007,-0.001227,0.000535,-0.1676,-0.0083,-10.1301
74500000,-0.001947,0.001912,0.002234,-0.0095,-0.0070,-10.0449
74510000,-0.003380,0.001351,-0.000323,-0.1333,0.0657,-10.1340
74520000,0.001236,-0.002575,-0.001476,0.0031,0.0524,-10.0300
74530000,0.002151,-0.000905,0.001170,-0.0490,-0.0021,-10.0151
74540000,-0.005841,-0.000289,0.001941,-0.0432,-0.0752,-10.0309
74550000,-0.001775,0.001555,0.003477,0.0158,-0.1251,-9.9350
74560000,0.000585,0.001645,0.002297,-0.0777,-0.0881,-10.1539
74570000,-0.002443,-0.001122,0.000553,0.0524,0.1074,-10.1016
74580000,0.001859,-0.000877,-0.000391,-0.0689,-0.0127,-10.0616
74590000,0.000455,-0.001554,-0.000207,0.0490,0.0378,-10.1150
74600000,0.001761,-0.001641,0.001969,0.0684,-0.1295,-10.0456
74610000,-0.000324,-0.000669,-0.001383,0.0208,-0.0116,-10.1978
74620000,0.002975,0.000783,-0.000271,0.0553,0.1225,-9.9848
74630000,0.002285,-0.000484,0.001665,-0.0142,-0.0770,-9.9237
74640000,-0.003148,0.003644,-0.002778,-0.0380,0.0164,-10.1079
74650000,0.001861,-0.001090,-0.002879,-0.0013,0.1807,-10.1876
74660000,0.001078,-0.000921,0.000160,-0.1887,0.1570,-10.0914
74670000,-0.002547,0.000920,-0.001481,-0.0068,0.0711,-10.1237
74680000,-0.001783,0.005611,0.000001,0.0148,0.0935,-9.9366
74690000,0.001374,-0.004017,0.001260,-0.0517,-0.0349,-10.0737
74700000,0.000000,0.001165,0.000500,-0.0229,-0.0347,-10.1212
74710000,-0.002236,0.000635,0.003206,-0.0037,0.0750,-10.0485
74720000,0.004313,-0.001324,0.001591,0.0331,0.0308,-9.9802
74730000,-0.000394,-0.002144,-0.002490,0.0629,0.0809,-10.0296
74740000,0.003003,-0.000044,-0.001794,0.1724,-0.1333,-10.0331
74750000,0.000233,-0.004081,0.002041,-0.0226,0.1075,-10.0467
74760000,0.000374,-0.000256,-0.002193,0.1129,-0.1361,-10.0310
74770000,-0.003049,0.001664,-0.004307,0.1108,-0.0745,-9.9914
74780000,0.003188,0.002098,0.001002,0.0584,0.0565,-10.1000
74790000,0.001909,0.001231,-0.000394,0.0200,0.0497,-10.0942
74800000,0.001663,-0.000953,0.001945,-0.0656,0.0299,-10.1991
74810000,0.000649,-0.000071,0.001673,0.0020,0.0665,-10.1403
74820000,0.000695,0.000481,-0.001186,0.0415,0.0280,-10.0360
74830000,0.000800,-0.000709,0.001785,0.0199,-0.0184,-10.0550
74840000,-0.001372,0.001955,0.000298,0.0386,0.1393,-9.9519
74850000,0.000947,0.003752,0.002464,0.0529,0.0659,-10.0991
74860000,0.002447,-0.002603,-0.003026,-0.0370,0.1206,-9.9889
74870000,0.001383,0.001918,0.001476,0.0203,-0.0213,-10.0852
74880000,-0.000253,0.001846,0.001988,-0.0372,-0.0745,-10.1350
74890000,-0.000509,0.000717,-0.000753,-0.0754,-0.0100,-10.1595
74900000,0.002209,-0.000979,0.001977,-0.1831,0.0107,-10.2435
74910000,-0.001009,-0.001542,-0.000287,0.0536,0.1319,-9.9779
74920000,-0.001827,-0.000358,-0.001150,0.0351,-0.0338,-10.0462
74930000,0.000006,0.002892,0.000840,0.0054,0.0649,-10.0650
74940000,-0.001396,0.000938,0.000416,0.0170,-0.0436,-10.1217
74950000,0.001124,0.002763,-0.002221,0.1107,0.0341,-10.1650
74960000,-0.002804,0.001578,0.000568,-0.0333,-0.0462,-10.1778
74970000,0.000836,0.000898,-0.002174,0.1659,-0.0316,-10.0054
74980000,-0.000107,-0.001483,-0.000758,-0.0440,0.0392,-10.0686
74990000,-0.000263,0.000429,0.000722,0.0353,0.0054,-10.0762
75000000,0.000781,-0.004848,0.000673,-0.0237,-0.0892,-10.2866
75010000,0.000794,-0.000051,0.000550,0.0014,-0.0811,-10.0769
75020000,-0.001688,0.000904,-0.000715,0.0491,-0.0164,-10.0066
75030000,0.001359,0.001255,0.000164,0.0455,-0.0615,-9.9978
75040000,-0.000982,0.001236,-0.000582,0.0213,0.0753,-10.1243
75050000,-0.002305,-0.001075,-0.001800,-0.0410,0.1207,-10.0221
75060000,0.004410,0.001129,-0.004285,0.0702,0.0745,-10.0898
75070000,0.000001,-0.000621,-0.002706,0.0133,0.0000,-10.1197
75080000,0.000174,0.001544,-0.003274,-0.0266,-0.1810,-10.0631
75090000,-0.001013,0.000074,-0.002124,-0.0369,0.1525,-10.0080
75100000,-0.002640,0.002612,0.001142,0.0644,0.1617,-10.0210
75110000,0.001754,-0.002347,0.002844,0.0564,0.0617,-10.1130
75120000,-0.000237,0.002040,0.000039,-0.0671,-0.0995,-10.1700
75130000,-0.000025,0.002042,-0.000063,0.0043,0.1898,-10.1028
75140000,0.001067,-0.001625,0.000343,0.1504,0.0479,-10.1856
75150000,-0.000157,-0.001708,0.002106,-0.0306,0.0173,-10.1080
75160000,-0.002358,-0.002271,0.003826,0.1040,-0.1330,-10.0448
75170000,0.001224,-0.002754,0.003307,0.0553,0.0232,-10.2049
75180000,-0.002775,-0.001439,-0.002921,0.0490,-0.1436,-9.9658
75190000,-0.000854,0.001282,-0.004057,0.1222,0.1344,-10.1376
75200000,0.002097,-0.001028,-0.003908,0.0591,0.0057,-9.8997
75210000,-0.001548,-0.000327,-0.001894,0.0218,-0.0080,-10.0342
75220000,0.000571,0.001453,0.001719,0.0834,0.1449,-10.1316
75230000,-0.004542,-0.003055,0.000653,-0.0234,0.0270,-10.0136
75240000,-0.000234,0.001126,0.000912,-0.0607,0.0914,-9.9871
75250000,0.000668,0.002124,-0.001847,0.0485,0.0686,-10.1088
75260000,-0.002003,0.000107,0.000016,0.0346,-0.1188,-10.1482
75270000,-0.000800,0.000357,-0.000826,0.0087,0.2002,-9.9419
75280000,0.003329,-0.001658,-0.002726,0.0334,0.0427,-10.1841
75290000,0.001433,-0.001637,-0.001228,0.0372,0.0639,-9.9873
75300000,-0.000101,0.001013,-0.003021,-0.0880,-0.0060,-10.1853
75310000,-0.002377,-0.000513,-0.003652,-0.0029,0.0387,-10.2450
75320000,0.001429,0.000771,0.002701,-0.0231,0.0408,-10.1405
75330000,-0.000019,0.001779,-0.002837,0.0072,-0.0356,-10.2189
75340000,-0.003141,0.002996,0.000271,0.0014,-0.0363,-10.1145
75350000,-0.003589,-0.001290,0.002159,0.0151,-0.1016,-10.0993
75360000,0.002598,0.001264,0.001704,-0.0920,-0.0396,-10.0621
75370000,0.001002,0.002121,-0.002667,-0.0187,0.0454,-10.1875
75380000,0.002239,0.001269,-0.000391,0.0371,0.0329,-10.2673
75390000,0.000166,0.002537,0.002144,-0.0092,-0.0760,-10.0996
75400000,-0.005135,0.001027,0.001475,-0.0026,0.1082,-10.1443
75410000,-0.001149,-0.000957,-0.002547,0.1211,0.0588,-9.9167
75420000,0.000237,0.003587,0.000826,0.0776,0.0956,-10.1426
75430000,-0.000763,0.001532,-0.001498,0.0622,-0.1530,-10.1220
75440000,0.000407,0.001818,0.001968,-0.0085,-0.0710,-10.1724
75450000,0.003195,0.000785,-0.001272,-0.0675,-0.0725,-10.1501
75460000,-0.000524,-0.000031,0.000978,0.0738,-0.1906,-10.1970
75470000,0.000578,0.002625,0.000776,-0.0948,-0.0419,-10.0789
75480000,-0.001848,-0.003173,-0.003130,-0.0701,-0.0071,-10.2004
75490000,0.000353,-0.000554,-0.000504,0.0030,-0.0718,-10.2749
75500000,0.000744,-0.001529,0.000296,0.0085,-0.0687,-10.1178
75510000,0.001248,-0.001412,-0.000267,-0.0203,0.0495,-10.1309
75520000,-0.000370,0.001004,-0.002823,-0.1526,0.0533,-10.1700
75530000,-0.003343,-0.001037,-0.000273,0.0078,0.0973,-10.0977
75540000,0.003043,-0.003839,-0.002695,-0.0468,-0.1122,-10.1428
75550000,-0.000416,0.002010,0.000469,0.0348,0.0711,-9.9261
75560000,0.001170,0.002008,-0.000725,0.0036,-0.0220,-10.1593
75570000,-0.000171,-0.000616,-0.004295,0.2045,0.1490,-10.1170
75580000,-0.000858,-0.000768,0.001823,-0.0826,0.0032,-9.9820
75590000,-0.000108,0.001691,0.000341,0.0271,0.0006,-9.9724
75600000,-0.001529,0.000232,0.000417,-0.0122,-0.0015,-10.1231
75610000,-0.000492,0.002578,-0.001012,0.0268,0.0329,-10.0946
75620000,0.001706,0.001514,0.002098,0.0205,0.1402,-10.1650
75630000,-0.000637,-0.001225,-0.003068,0.0935,0.0267,-10.1164
75640000,0.002006,-0.001138,-0.001987,0.0705,0.0912,-10.0940
75650000,-0.001823,-0.001123,-0.000614,0.1101,0.0180,-9.9770
75660000,-0.001367,-0.001633,-0.002569,-0.0183,-0.0432,-10.0807
75670000,-0.001177,-0.000963,-0.000958,-0.0548,0.1314,-10.1256
75680000,0.001409,-0.002471,-0.000739,0.0520,-0.1398,-10.0879
75690000,-0.002213,-0.000256,-0.000159,0.0265,0.0182,-10.1294
75700000,0.002806,-0.002760,0.003912,0.1652,0.0617,-10.1938
75710000,-0.002076,-0.002613,-0.000543,-0.1527,-0.0082,-10.1329
75720000,0.003610,0.000407,0.001678,0.0331,-0.0308,-10.1111
75730000,-0.002538,-0.001998,0.004002,-0.1187,0.0665,-10.1888
75740000,-0.000154,0.000699,0.001054,-0.0701,0.0158,-10.2423
75750000,-0.003073,-0.002192,-0.000664,0.1008,0.0036,-10.0528
75760000,-0.000922,-0.002659,-0.001327,-0.0014,0.0464,-9.9955
75770000,-0.000322,-0.000938,0.001702,-0.0322,0.1399,-10.0113
75780000,0.000408,0.000394,0.003050,0.0268,0.0169,-10.0982
75790000,0.000577,-0.002303,-0.003227,-0.0382,0.0883,-10.0557
75800000,0.004338,0.003419,-0.002103,-0.0218,-0.0077,-10.2840
75810000,0.001734,-0.000492,-0.000998,0.0326,0.1025,-10.1158
75820000,-0.000062,0.002214,-0.001683,0.1413,0.0221,-10.1212
75830000,-0.001777,0.000822,-0.000017,-0.0221,0.1912,-10.2288
75840000,-0.000180,-0.002002,0.000380,0.0150,0.1207,-10.1190
75850000,0.001098,0.003505,0.000184,0.1283,0.0305,-10.0986
75860000,0.000145,-0.000021,-0.000788,-0.0506,0.0905,-9.9841
75870000,-0.002802,0.001876,0.001196,0.0188,0.0046,-10.0494
75880000,0.000278,-0.003214,-0.000331,-0.0547,-0.0289,-10.0604
75890000,0.002129,0.001656,-0.000139,0.0629,-0.0741,-10.1083
75900000,-0.000024,-0.002971,0.000872,-0.0754,-0.0310,-10.0828
75910000,0.002359,0.000193,0.000874,-0.0326,-0.1167,-10.1895
75920000,-0.001714,-0.000096,0.000438,0.0966,-0.0111,-10.0986
75930000,-0.001796,-0.002059,-0.001434,0.0342,0.0964,-10.4113
75940000,-0.000393,0.000059,0.000123,0.0281,0.0239,-10.0927
75950000,0.000276,-0.001906,0.002816,-0.0312,-0.0460,-10.0238
75960000,0.001514,-0.001558,0.000314,0.0456,-0.1165,-10.0908
75970000,-0.000522,0.000538,0.000958,-0.0138,-0.0030,-10.1423
75980000,0.001644,0.000111,0.000353,0.0042,-0.0552,-9.9775
75990000,0.003569,0.000348,0.000418,0.0653,-0.0664,-10.2784
76000000,-0.001344,0.001871,0.000042,0.1945,-0.0384,-10.0789
76010000,0.001993,0.000699,0.000276,0.0269,0.1468,-10.2095
76020000,-0.001532,-0.000359,0.000798,0.1056,-0.0240,-10.0152
76030000,0.001419,0.001412,-0.000386,0.0221,0.0753,-10.1016
76040000,0.000751,0.002622,0.000140,-0.1337,0.1673,-10.2221
76050000,-0.001727,0.000270,0.001321,-0.0988,-0.1234,-9.9977
76060000,-0.001779,-0.003163,-0.000370,-0.1594,0.1103,-10.2085
76070000,-0.000086,0.000264,-0.000621,0.0410,-0.0490,-10.0499
76080000,0.001365,0.001015,0.003070,-0.0556,0.2022,-10.2475
76090000,0.000358,0.001563,-0.002434,0.0221,-0.0807,-10.2310
76100000,-0.001034,-0.000769,0.000274,-0.0599,-0.1236,-10.2306
76110000,0.000015,0.000127,-0.002970,-0.0285,0.0012,-10.2106
76120000,-0.000104,-0.000333,-0.000143,-0.0833,-0.1016,-10.0980
76130000,-0.001987,0.002866,0.003531,-0.0879,-0.0336,-10.0835
76140000,-0.000954,0.002771,0.000381,-0.0505,-0.1071,-10.2285
76150000,0.001034,-0.001555,0.002125,-0.0440,0.0893,-10.1471
76160000,0.003836,0.001191,-0.001387,-0.0725,-0.0573,-10.2189
76170000,0.002328,-0.001032,-0.000606,0.1789,-0.0327,-9.9722
76180000,0.000275,-0.002593,-0.001125,-0.0111,0.0111,-10.1186
76190000,0.003081,-0.002806,-0.002431,0.0098,0.0331,-9.9059
76200000,-0.000156,-0.000933,0.000203,-0.0261,-0.0060,-10.1699
76210000,-0.001611,-0.000999,0.004077,-0.1305,-0.0562,-10.1284
76220000,0.003577,0.001870,-0.000661,-0.0874,0.1582,-10.1430
76230000,-0.003159,-0.001394,0.003286,0.0457,0.0068,-10.1148
76240000,-0.001683,-0.001099,0.002756,-0.0385,0.0774,-10.0633
76250000,0.000175,-0.001238,0.000860,-0.0156,0.0617,-10.0579
76260000,0.001892,-0.003056,-0.002149,-0.0265,-0.1524,-10.2294
76270000,-0.001898,-0.002393,0.001666,-0.0478,0.0366,-10.1469
76280000,0.000835,0.001453,-0.003722,0.0525,-0.0787,-10.1916
76290000,0.002232,0.000843,0.000637,-0.0068,-0.0965,-10.1278
76300000,-0.004135,0.001402,-0.002106,-0.0718,-0.0031,-10.0610
76310000,-0.000639,0.001365,0.005276,0.0578,-0.0064,-10.0689
76320000,0.002006,-0.003092,-0.001043,-0.0424,-0.0585,-10.1243
76330000,0.001512,0.000542,-0.000557,0.1097,0.0045,-10.1523
76340000,0.000969,0.000494,-0.000657,0.0424,-0.0327,-10.1847
76350000,0.000348,-0.001263,0.000976,-0.0808,-0.0388,-10.0440
76360000,0.000165,0.000677,-0.000645,-0.0650,-0.0573,-10.1394
76370000,0.002210,0.001537,0.000037,-0.0209,-0.0187,-10.0694
76380000,-0.001647,-0.000059,-0.001540,0.0517,-0.1444,-10.1161
76390000,0.003653,-0.002433,-0.000136,-0.0792,0.0857,-10.1273
76400000,0.001573,-0.000942,0.001387,-0.1038,-0.0005,-10.0234
76410000,0.002051,0.004349,-0.002367,0.0584,0.0420,-10.0606
76420000,-0.001030,0.001899,0.000457,-0.0510,-0.0211,-10.1080
76430000,-0.002564,0.002608,0.000335,-0.0806,0.1598,-10.0071
76440000,0.000564,-0.003520,-0.000441,0.1249,-0.1900,-10.1116
76450000,0.002920,0.001757,-0.002912,0.1234,-0.0918,-9.9967
76460000,0.005204,-0.001193,-0.002256,-0.0375,-0.0675,-10.0652
76470000,-0.003774,0.000307,-0.002493,0.0359,0.0344,-10.0945
76480000,-0.000101,-0.003284,-0.002919,0.1421,0.0492,-10.1059
76490000,-0.002571,-0.001540,-0.005758,-0.0201,-0.1136,-10.0132
76500000,0.000211,-0.001492,-0.002573,0.0494,-0.0251,-10.0577
76510000,-0.000237,0.001617,-0.001806,-0.1128,-0.0233,-10.1355
76520000,-0.003097,-0.000400,0.003849,-0.0383,0.0725,-10.0313
76530000,-0.000356,-0.001126,-0.001081,-0.1412,-0.1018,-10.1705
76540000,0.001490,-0.000588,-0.003110,0.0341,0.0776,-10.0362
76550000,0.004010,-0.002435,0.000040,-0.0449,-0.1929,-10.2044
76560000,-0.001254,-0.000289,0.000292,-0.0524,0.0200,-10.1583
76570000,0.002443,0.001056,0.003023,-0.1153,-0.0195,-10.1705
76580000,0.002301,-0.001864,0.000547,0.1240,0.0670,-10.2034
76590000,-0.000692,0.000863,-0.000052,0.0207,0.0581,-10.2512
76600000,0.003093,-0.001052,0.001112,0.1587,0.0703,-10.0741
76610000,0.000440,0.003250,0.000321,0.0173,-0.0150,-10.1749
76620000,-0.000234,-0.001144,-0.002204,-0.0187,0.0201,-10.1603
76630000,-0.002821,0.002906,0.001730,-0.0167,0.0213,-10.1756
76640000,0.000317,-0.001125,0.004462,0.0911,-0.1724,-10.0655
76650000,-0.000519,0.002122,0.001902,-0.0481,-0.0034,-10.1909
76660000,0.000739,-0.000982,0.001134,-0.0434,-0.0761,-9.9833
76670000,0.002129,0.000384,-0.001485,0.0459,0.1345,-10.1558
76680000,0.000937,-0.002365,-0.001501,-0.0963,-0.0129,-10.0645
76690000,0.000094,-0.000030,0.003123,-0.0295,-0.0588,-10.2061
76700000,-0.000290,0.000184,0.003922,0.1001,0.0368,-10.1939
76710000,0.000073,-0.000348,0.004235,-0.0099,0.0516,-10.0615
76720000,0.000443,0.002013,-0.002552,-0.0930,0.0531,-10.0946
76730000,-0.002145,0.000998,-0.001063,-0.1467,-0.0103,-10.0308
76740000,-0.001477,-0.001852,0.002508,-0.0108,-0.0002,-9.9763
76750000,-0.000236,0.001237,-0.001750,0.0449,0.0363,-9.9851
76760000,0.002273,-0.000819,-0.003776,0.0399,-0.1618,-10.0597
76770000,-0.001944,0.001669,-0.000038,0.0592,0.1292,-10.1177
76780000,0.001125,-0.000493,0.000383,-0.0606,-0.0119,-10.1241
76790000,-0.001583,0.000607,-0.000447,-0.0839,-0.1240,-10.2215
76800000,-0.000020,-0.000348,0.002320,0.0259,-0.0874,-10.1487
76810000,-0.000584,-0.001673,0.001423,-0.1354,-0.1312,-10.1307
76820000,0.001928,-0.001294,-0.001465,0.0032,0.1092,-9.9889
76830000,-0.000034,-0.002499,0.002349,0.0116,0.0125,-10.0268
76840000,-0.001526,0.000837,0.000124,-0.1032,-0.1085,-9.9978
76850000,-0.000950,0.003590,0.002373,0.0407,0.2879,-10.0052
76860000,-0.004091,-0.000382,0.001413,0.0945,-0.0379,-9.9802
76870000,-0.000176,0.002190,-0.002245,0.0069,0.0782,-10.0924
76880000,0.004595,0.001061,-0.001235,0.0489,-0.0095,-10.1308
76890000,-0.000587,0.002720,-0.004050,0.1041,0.0429,-10.0884
76900000,-0.001965,0.002038,0.000143,0.1242,-0.2126,-10.0230
76910000,0.002540,0.003487,-0.002159,0.0130,-0.0422,-10.0375
76920000,-0.002408,-0.000043,-0.000598,0.0628,0.0743,-9.9486
76930000,-0.000660,-0.004164,0.003982,0.0431,0.0180,-10.1345
76940000,0.000386,-0.001358,-0.000528,-0.0931,-0.0361,-10.0485
76950000,0.000747,-0.003063,0.001256,0.0746,-0.0107,-10.1419
76960000,0.000796,-0.000007,0.000203,-0.0476,0.0613,-10.0667
76970000,-0.000694,0.003440,0.002087,0.0604,-0.1239,-10.1935
76980000,0.002023,-0.000042,-0.001914,0.0079,-0.0369,-10.2147
76990000,-0.002873,-0.000868,0.000394,0.0477,0.0373,-10.0121
77000000,-0.000913,-0.000379,-0.000746,-0.0048,-0.1151,-10.0833
77010000,-0.000409,0.000059,0.000877,0.0395,0.0065,-10.1795
77020000,-0.001995,-0.001226,-0.001601,0.0917,0.0591,-10.1904
77030000,0.001716,-0.003146,0.005901,0.0981,-0.0408,-10.0428
77040000,0.000755,0.001575,0.000225,-0.0708,0.0844,-10.1300
77050000,0.000988,0.002001,0.000441,-0.1477,0.0943,-10.0181
77060000,0.000071,-0.005593,-0.000804,-0.0510,-0.0851,-10.0746
77070000,-0.000958,-0.000050,0.000448,-0.0712,-0.0270,-10.0309
77080000,-0.000180,-0.000054,0.001136,0.1546,-0.0772,-10.2076
77090000,0.002233,-0.001866,-0.002169,0.0913,-0.0915,-10.1794
77100000,0.001738,0.004052,0.002676,-0.0722,0.0159,-10.1765
77110000,-0.000627,0.000462,0.000146,-0.0189,0.0195,-10.0186
77120000,-0.004344,-0.000070,-0.003724,-0.0609,0.0042,-10.0168
77130000,-0.002511,-0.001808,-0.000705,-0.1792,0.0100,-9.9455
77140000,0.000670,-0.000064,-0.003596,0.0048,0.0721,-9.9018
77150000,-0.001365,0.001570,0.001249,0.0456,0.1070,-10.0351
77160000,-0.001429,0.000058,0.000564,0.1731,0.0371,-10.2356
77170000,-0.001724,-0.000269,-0.003522,-0.0007,0.0635,-10.0528
77180000,-0.000631,-0.001666,0.001104,-0.0563,-0.0118,-10.0225
77190000,-0.000918,0.001565,0.001573,-0.0082,-0.0140,-10.1212
77200000,-0.001993,-0.000919,0.000090,0.0592,-0.1681,-9.7968
77210000,0.001335,0.002158,-0.000771,0.0155,-0.0071,-10.0189
77220000,-0.001537,-0.004129,-0.000494,-0.0228,0.0935,-10.1880
77230000,0.002578,-0.001239,0.002310,-0.0844,0.0059,-10.1250
77240000,0.001065,-0.000553,0.000616,-0.0440,0.0333,-10.0896
77250000,0.001209,-0.000009,0.000328,0.0789,0.0584,-10.1221
77260000,-0.001567,0.000057,-0.001635,0.0751,0.0077,-9.9998
77270000,0.000474,-0.000336,0.001729,-0.1622,0.0531,-10.0646
77280000,0.002302,0.001322,0.002504,-0.0313,-0.0550,-10.0258
77290000,-0.002285,0.000907,-0.000204,-0.0401,0.1236,-10.0489
77300000,-0.000951,-0.000229,0.000425,0.0365,0.0738,-9.8902
77310000,0.001925,0.000849,-0.002517,-0.0247,-0.1334,-10.0349
77320000,0.000164,-0.002820,-0.001138,-0.0697,-0.0937,-10.1649
77330000,-0.000560,0.000644,-0.001004,-0.0842,0.0095,-10.0313
77340000,-0.002013,-0.000761,0.000399,0.0167,-0.0630,-9.9918
77350000,0.000218,-0.003930,0.000913,-0.0223,-0.1283,-10.1199
77360000,0.004909,-0.001466,-0.000769,-0.0259,-0.0492,-10.2080
77370000,0.001266,-0.000785,-0.002163,0.0131,-0.0575,-10.0972
77380000,0.001962,-0.002085,-0.000379,-0.1074,-0.0466,-10.1212
77390000,-0.002762,0.001159,0.000990,0.1263,-0.0243,-9.9540
77400000,-0.001484,0.001676,0.000039,0.1517,0.0955,-9.9387
77410000,-0.001322,-0.001626,-0.001130,-0.0819,-0.0765,-10.1449
77420000,0.000793,-0.000451,-0.000497,-0.1265,-0.1005,-9.9964
77430000,0.001401,-0.001207,-0.001019,-0.0915,0.0823,-10.0631
77440000,0.003022,-0.002353,0.001554,-0.0481,0.0292,-10.0269
77450000,0.000055,0.000171,-0.001657,-0.0370,0.0981,-10.2288
77460000,0.002497,-0.001124,-0.000514,-0.0412,0.0082,-9.9324
77470000,0.003007,0.000478,0.000249,-0.0719,0.0275,-9.9378
77480000,-0.001676,-0.000910,-0.000894,0.0843,-0.0276,-10.0502
77490000,-0.000073,-0.000371,-0.002704,-0.1238,0.0017,-10.1541
77500000,0.000022,-0.000503,-0.002275,-0.0432,0.0839,-9.9988
77510000,0.001857,-0.000100,0.000801,-0.1057,-0.0544,-10.1034
77520000,-0.000335,0.000184,-0.000961,0.1219,0.0717,-10.0971
77530000,-0.000156,0.000929,-0.001185,0.0892,0.1063,-10.1400
77540000,0.000374,0.001824,0.002442,0.0258,0.1821,-9.9670
77550000,0.000137,0.002672,-0.001120,-0.2017,0.1550,-10.0300
77560000,-0.001387,-0.000730,0.001035,-0.0106,0.1372,-10.1313
77570000,-0.000563,0.000489,0.000157,-0.0557,0.0284,-10.0443
77580000,-0.003397,0.000161,0.001298,0.0117,-0.0746,-9.9538
77590000,0.000679,0.003162,-0.002599,-0.0943,0.0104,-9.8191
77600000,0.001494,0.000102,0.001113,-0.0050,-0.0209,-9.9595
77610000,-0.001863,-0.001016,0.002879,-0.0565,0.0485,-10.0414
77620000,0.000744,-0.002830,0.002973,0.0276,0.0244,-9.9954
77630000,-0.001656,-0.001096,0.001156,-0.1233,-0.1595,-9.9737
77640000,-0.003067,0.001286,0.003300,0.0667,-0.0301,-10.1245
77650000,-0.000552,-0.000563,-0.001061,-0.0939,-0.1422,-10.1163
77660000,-0.004499,0.002268,0.002792,0.0656,-0.0136,-10.0711
77670000,-0.001562,-0.000552,-0.002566,0.0090,-0.0398,-9.9083
77680000,-0.001314,-0.002651,-0.002553,0.1449,-0.0383,-10.0085
77690000,-0.001678,-0.000017,0.000724,-0.1432,0.1164,-9.8436
77700000,0.002647,-0.000563,0.001412,-0.0659,0.0277,-10.1592
77710000,0.000917,0.001837,-0.000194,0.0582,-0.0303,-9.9422
77720000,-0.003330,-0.001819,0.000386,0.0231,0.0346,-9.9888
77730000,0.000401,-0.001106,0.002031,0.0900,0.0360,-10.0274
77740000,-0.000594,-0.000559,-0.000360,-0.0480,0.0746,-9.9192
77750000,-0.002205,0.001464,0.000005,0.0024,0.0217,-9.9246
77760000,-0.001574,0.001663,-0.001525,0.0056,0.0078,-9.9789
77770000,0.000216,-0.001791,-0.000708,0.2040,0.0421,-10.0567
77780000,-0.003913,0.004240,0.000338,0.0008,0.1191,-9.9606
77790000,-0.003150,0.002473,0.000777,-0.0684,0.1574,-9.9963
77800000,-0.000577,-0.001862,0.000533,0.0111,0.0161,-9.9885
77810000,-0.001053,-0.001539,0.004088,0.0374,-0.0157,-9.8916
77820000,-0.001807,-0.004856,0.003007,0.1301,0.0222,-10.0374
77830000,-0.003009,0.003929,0.001767,-0.0542,-0.0979,-10.0462
77840000,-0.000931,0.000871,-0.000897,-0.0096,-0.0183,-9.9729
77850000,0.001084,0.000989,-0.002551,0.0750,-0.0802,-10.0459
77860000,0.001480,-0.001712,-0.002557,0.1010,0.0480,-9.8444
77870000,0.000136,-0.000036,0.002495,0.0851,0.0602,-9.9632
77880000,-0.002320,0.001216,0.001192,-0.0346,0.0232,-9.9351
77890000,0.001725,0.001065,-0.004311,-0.0008,-0.0910,-9.9494
77900000,-0.000638,0.000902,0.003399,0.1400,-0.0003,-9.9365
77910000,0.001182,0.002910,0.001138,0.0352,-0.1321,-10.0913
77920000,0.001440,-0.006284,0.003533,-0.0115,0.2003,-9.8167
77930000,-0.000651,-0.004032,-0.001469,0.1143,-0.0507,-9.9832
77940000,0.001677,0.003661,-0.000892,0.1624,0.0737,-10.0069
77950000,0.004313,-0.002046,0.001332,-0.1254,-0.1554,-9.8861
77960000,0.001304,-0.001090,-0.000588,0.1729,0.1397,-10.0029
77970000,0.001774,-0.001713,0.002669,0.1287,-0.0434,-9.8712
77980000,0.002520,0.000814,-0.000395,-0.0760,-0.1036,-9.9900
77990000,0.000490,0.001733,0.001589,0.0098,0.1511,-10.0143
78000000,-0.003880,0.002311,0.001275,-0.0960,-0.1673,-9.8301
78010000,-0.000410,0.002703,-0.002835,-0.0254,0.0153,-9.9979
78020000,-0.000178,-0.000393,0.003057,0.0194,-0.0775,-10.0130
78030000,0.000940,0.002362,-0.001311,0.0092,0.0706,-10.0590
78040000,-0.001230,0.001102,0.000099,0.0006,0.1036,-10.0211
78050000,-0.000716,-0.003462,0.000712,-0.0138,-0.0485,-10.1439
78060000,0.000984,0.002927,-0.002009,0.0795,0.0450,-10.0190
78070000,0.002021,0.001719,-0.001857,0.1094,0.0135,-9.9968
78080000,0.001172,-0.000117,-0.001898,-0.0115,-0.0763,-10.0256
78090000,0.003613,0.000569,-0.000047,-0.1072,0.0520,-10.1498
78100000,-0.001152,-0.003288,-0.003845,0.0638,-0.0365,-9.9845
78110000,-0.002219,0.000495,0.002385,0.1023,-0.0670,-9.9692
78120000,0.001309,-0.000912,-0.002411,0.0451,0.0470,-9.9587
78130000,0.000407,-0.002080,-0.002483,-0.0494,-0.0028,-10.0257
78140000,-0.000936,0.001244,0.002955,0.0053,0.0075,-10.0374
78150000,0.001038,-0.002417,-0.000433,0.0887,-0.0185,-10.0965
78160000,0.000375,0.000160,-0.000367,0.0338,-0.1231,-9.9951
78170000,-0.000458,0.002493,0.004012,-0.0371,-0.0331,-10.1823
78180000,-0.000773,-0.002213,0.002489,0.0856,-0.0412,-9.9804
78190000,-0.001701,0.000526,-0.001433,-0.0431,-0.0514,-9.9537
78200000,-0.003276,0.000437,-0.000114,0.0618,-0.1870,-9.8641
78210000,-0.002081,0.000340,-0.001763,-0.1275,-0.0006,-9.8930
78220000,0.000874,-0.004864,0.000363,0.0464,0.1073,-9.9540
78230000,0.000014,0.001279,0.001814,0.1067,0.0740,-10.0664
78240000,0.000774,0.001847,-0.001745,-0.0700,-0.0089,-9.8100
78250000,0.002641,-0.000065,0.002029,0.0082,-0.0482,-9.7918
78260000,0.001565,0.001462,0.001117,0.0291,0.2202,-9.9360
78270000,0.000919,0.002247,-0.002695,0.0354,-0.0431,-9.9029
78280000,-0.000450,-0.003656,-0.001383,0.0803,-0.1100,-9.9719
78290000,0.000175,-0.000533,0.004687,-0.0831,-0.0319,-9.7957
78300000,0.002603,0.003400,-0.001374,0.0165,-0.0745,-9.8964
78310000,-0.002240,-0.001362,-0.001862,0.0021,0.0315,-9.8989
78320000,0.001627,0.000815,-0.002084,0.1227,0.0777,-9.8745
78330000,0.001226,-0.000643,-0.000998,-0.0313,0.0915,-9.9469
78340000,-0.000129,0.005061,0.005588,0.0609,-0.0862,-9.9858
78350000,0.002493,0.000855,-0.000193,-0.0217,0.0563,-9.9395
78360000,0.004140,0.004163,-0.002137,0.0723,0.0350,-9.7310
78370000,0.000371,0.004120,0.001284,-0.1033,-0.1037,-10.0270
78380000,-0.002758,-0.000156,-0.002667,0.0590,0.0811,-9.8391
78390000,0.004528,-0.000150,0.002645,0.1050,-0.0369,-9.9986
78400000,0.003196,-0.002058,0.000451,-0.1273,0.0269,-9.8319
78410000,0.001157,-0.002357,0.002406,-0.0832,0.1850,-10.0067
78420000,0.001249,-0.000574,-0.000368,-0.0694,-0.1194,-9.8716
78430000,0.002549,-0.001790,-0.001728,-0.0320,-0.1222,-9.9383
78440000,-0.000789,0.001861,0.000201,0.0299,0.0316,-10.0002
78450000,-0.000070,-0.000688,-0.002078,-0.0376,0.0474,-9.8757
78460000,0.001369,0.000639,-0.002789,0.0083,-0.0294,-9.9771
78470000,-0.003863,-0.000064,-0.002927,0.0569,0.1667,-10.0169
78480000,0.000595,0.000678,-0.002700,0.0188,0.0397,-9.8758
78490000,0.000106,0.003298,0.001843,-0.0387,0.1241,-9.8938
78500000,0.004242,-0.000047,0.001092,-0.0283,0.0292,-9.8633
78510000,0.000123,0.000223,0.000571,0.0203,0.0740,-9.9756
78520000,0.000853,0.002193,0.003106,0.0423,-0.0148,-9.9626
78530000,-0.001612,-0.001411,-0.003696,0.1299,0.0243,-9.9179
78540000,-0.000337,0.001606,0.002606,-0.0495,0.0930,-9.8683
78550000,-0.000508,0.000362,0.004281,0.0449,-0.1145,-9.8478
78560000,0.004630,-0.001991,0.003288,-0.0143,-0.0716,-9.9211
78570000,0.001665,-0.000461,-0.005605,0.0154,-0.0157,-9.9351
78580000,-0.001210,-0.000199,0.001747,-0.1370,0.0192,-9.8848
78590000,-0.000472,-0.004013,0.001755,0.1330,-0.0623,-9.8306
78600000,0.000496,0.003614,-0.002989,-0.0394,-0.0486,-9.9862
78610000,-0.004105,0.004512,-0.001587,-0.1996,0.0343,-9.9726
78620000,-0.000634,0.001061,0.001688,0.0813,0.0059,-9.9015
78630000,0.001604,0.001750,-0.002097,0.0795,0.0409,-9.9159
78640000,0.001914,0.001933,0.000621,-0.0140,-0.0854,-9.8822
78650000,0.000165,0.003687,-0.004744,0.0685,-0.0529,-9.8244
78660000,0.001027,0.000879,-0.000968,0.0082,0.0736,-9.8632
78670000,-0.000057,0.000177,0.000368,0.1372,0.0471,-9.8533
78680000,0.001929,-0.001708,0.003404,0.0438,0.1452,-9.8872
78690000,0.001600,-0.003577,-0.003206,-0.0668,-0.0208,-10.0379
78700000,0.002997,-0.002193,-0.000835,0.0505,0.0251,-9.7332
78710000,0.000233,-0.000993,-0.000297,-0.0621,0.0849,-9.8097
78720000,0.000351,-0.000533,0.001696,0.0003,0.1435,-9.8846
78730000,0.002471,-0.003686,-0.002332,0.0030,-0.0538,-9.8762
78740000,-0.000796,-0.001333,-0.000358,0.0833,-0.1249,-9.8808
78750000,0.000545,-0.000452,0.003360,-0.0812,-0.0895,-9.8071
78760000,0.002245,-0.001763,0.002046,0.0388,0.0944,-9.7054
78770000,-0.000050,-0.002934,-0.002604,0.0924,-0.1035,-9.8145
78780000,0.001041,-0.001459,0.002049,0.0078,-0.0343,-9.8407
78790000,0.001068,-0.001637,-0.000070,0.1412,-0.1807,-9.8831
78800000,0.000186,0.002773,0.000769,0.1394,0.0211,-9.8248
78810000,0.000078,-0.004512,0.001966,-0.0913,0.1757,-9.9258
78820000,0.002649,0.003597,0.001979,0.1050,-0.0052,-9.9133
78830000,-0.000339,0.000779,-0.001118,0.0012,0.0645,-9.8678
78840000,-0.001056,0.002191,-0.003905,0.0370,0.0379,-9.8611
78850000,0.004313,0.001253,0.000304,-0.0468,-0.0185,-9.9194
78860000,0.001973,-0.001098,-0.000264,0.0358,0.1646,-9.6950
78870000,0.003212,-0.000182,0.000665,-0.0799,0.0604,-9.7974
78880000,-0.000612,-0.000314,-0.001141,0.1166,-0.0285,-9.9556
78890000,0.001351,0.002296,0.000739,-0.0674,0.1016,-9.7413
78900000,-0.001648,0.001059,0.000231,-0.0453,0.1660,-9.7314
78910000,0.002742,-0.000535,-0.001876,-0.0463,0.1780,-9.7970
78920000,-0.003114,-0.000748,0.000724,-0.0719,0.0948,-9.8835
78930000,-0.000152,0.000751,0.000953,-0.1552,-0.0856,-9.8632
78940000,0.000328,0.000161,0.002665,-0.0640,0.0343,-9.7334
78950000,-0.001847,-0.001858,0.002039,-0.0755,0.0375,-9.7365
78960000,0.003327,0.003951,-0.000824,-0.0819,-0.0737,-9.8801
78970000,0.001693,-0.002395,-0.000369,0.0323,0.0646,-9.8002
78980000,-0.002008,0.000581,0.003516,-0.0343,0.0529,-9.7447
78990000,0.000313,-0.003288,0.000866,-0.0797,0.0387,-9.7706
79000000,-0.004664,0.001084,0.000348,-0.1250,-0.0624,-9.7574
79010000,0.002645,0.000200,-0.001952,-0.0252,0.0683,-9.7317
79020000,0.002748,0.000099,0.000157,0.0156,-0.0369,-9.8307
79030000,-0.001020,0.002669,-0.002743,-0.0287,0.0706,-9.8664
79040000,-0.000727,0.000654,0.001078,0.0672,0.1650,-9.8177
79050000,-0.000628,-0.000510,0.001587,-0.0659,0.0739,-9.5860
79060000,0.000976,0.002092,-0.000587,-0.0406,0.0607,-9.7500
79070000,-0.001599,0.002157,-0.000304,0.0102,0.0622,-9.8758
79080000,-0.001690,-0.000364,-0.002615,-0.0515,0.0315,-9.6990
79090000,-0.000071,0.001677,-0.001267,0.0691,0.1165,-9.9217
79100000,-0.001647,-0.001333,-0.000379,-0.0561,0.0611,-9.7403
79110000,-0.004034,-0.000689,0.004339,0.0491,0.0430,-9.8514
79120000,-0.001575,0.003140,-0.000977,0.0520,-0.0929,-9.7508
79130000,-0.001137,0.000753,-0.000351,0.0155,-0.1080,-9.7523
79140000,-0.003054,0.002784,-0.001508,-0.0564,-0.0138,-9.7574
79150000,-0.002083,0.001604,-0.001034,0.0661,0.0005,-9.7469
79160000,-0.001056,0.000731,-0.000368,0.0327,-0.0688,-9.6652
79170000,0.003520,-0.002778,-0.001959,0.0208,-0.0766,-9.8466
79180000,0.000303,0.000785,-0.005690,0.0669,-0.0140,-9.8398
79190000,0.002995,-0.001992,0.000880,-0.0174,0.0946,-9.8824
79200000,0.003879,-0.000799,-0.000509,-0.1255,0.0444,-9.7860
79210000,-0.000199,-0.000200,-0.001136,-0.0465,-0.1083,-9.7084
79220000,-0.001122,-0.001741,-0.000603,-0.0420,0.0669,-9.8138
79230000,-0.002338,-0.000823,0.000202,0.0392,-0.0060,-9.8225
79240000,-0.003050,-0.002559,0.002119,-0.0782,0.0962,-9.7985
79250000,0.001085,-0.000631,-0.005855,-0.0600,0.1791,-9.7334
79260000,0.000729,0.000531,-0.002330,-0.0333,-0.0950,-9.8999
79270000,-0.001072,0.000650,-0.000617,0.0182,-0.0518,-9.8151
79280000,-0.003745,0.003348,0.000510,-0.0014,-0.2176,-9.6789
79290000,0.001445,-0.001358,0.000033,-0.0576,-0.0894,-9.7674
79300000,0.000662,-0.000382,-0.002500,-0.2066,0.0454,-9.8982
79310000,0.000918,0.001860,-0.000088,-0.0764,-0.0353,-9.5902
79320000,-0.001294,-0.000275,-0.001180,-0.0365,0.0856,-9.8408
79330000,0.001001,0.001521,-0.000592,-0.0565,0.0021,-9.7931
79340000,0.001110,-0.002355,0.001411,0.0791,-0.0149,-9.6567
79350000,-0.000018,-0.000495,-0.001876,0.0159,0.0993,-9.6577
79360000,0.001855,-0.000500,-0.002166,-0.0598,-0.0932,-9.7750
79370000,0.001468,0.000420,0.000954,0.0554,-0.0304,-9.5599
79380000,0.000458,-0.003163,0.000198,-0.0946,-0.1475,-9.7658
79390000,-0.000839,-0.000093,0.000443,0.0921,-0.0414,-9.6743
79400000,-0.003430,-0.001478,0.003072,0.0221,-0.0204,-9.6871
79410000,0.001842,-0.001566,0.001217,0.0624,0.1912,-9.7611
79420000,0.002034,-0.000574,-0.003182,-0.0732,-0.0029,-9.8521
79430000,0.003169,0.003696,-0.000314,0.0807,-0.0923,-9.7425
79440000,-0.001012,0.001662,0.001788,-0.0326,-0.0513,-9.6907
79450000,0.001195,0.000649,0.001209,-0.0702,-0.1176,-9.7316
79460000,-0.000728,0.001005,0.002091,-0.0622,0.0802,-9.6558
79470000,0.003762,0.001556,-0.000204,-0.0981,-0.0071,-9.7870
79480000,-0.000494,-0.001999,0.001390,0.1354,-0.0240,-9.8108
79490000,-0.001750,-0.000358,0.002026,-0.1192,-0.0509,-9.7400
79500000,-0.000709,-0.001071,0.000628,-0.1258,-0.0797,-9.6619
79510000,-0.000865,0.000829,-0.001411,0.1261,-0.0748,-9.6834
79520000,0.002296,-0.001514,0.003281,-0.0066,-0.1302,-9.7363
79530000,0.001302,0.000209,-0.002036,0.0697,0.0036,-9.6754
79540000,-0.000124,-0.001458,0.003535,0.0428,0.0642,-9.7893
79550000,-0.000299,0.003501,0.003803,-0.0059,0.1352,-9.5807
79560000,-0.002546,0.000630,-0.000672,0.0406,-0.0340,-9.6763
79570000,0.000793,0.005178,-0.000553,0.0539,-0.0384,-9.5896
79580000,0.002411,-0.000246,-0.002889,0.0039,-0.1008,-9.6369
79590000,-0.002630,-0.000094,0.000360,0.1820,-0.0930,-9.5990
79600000,-0.001171,0.000085,0.000342,0.1271,-0.0642,-9.5992
79610000,-0.002084,0.004932,-0.000101,0.0045,0.0795,-9.6909
79620000,-0.002580,-0.000656,-0.002323,0.0029,-0.0516,-9.6211
79630000,0.001213,0.002338,-0.001848,-0.0827,-0.0027,-9.8604
79640000,-0.000499,-0.000539,-0.000094,-0.0529,0.1376,-9.7477
79650000,-0.000884,0.000731,0.001187,0.0733,0.0306,-9.8296
79660000,0.000476,-0.003804,-0.004096,0.0007,0.1046,-9.5970
79670000,-0.000172,0.002585,0.001512,0.1047,-0.0087,-9.5422
79680000,0.001616,-0.000237,-0.001234,0.0324,-0.0049,-9.6857
79690000,0.004092,0.002503,-0.000916,0.0213,-0.0723,-9.6815
79700000,-0.000477,0.002372,0.001424,-0.0752,-0.0000,-9.6650
79710000,0.000001,0.000121,0.000213,0.0749,-0.0577,-9.6256
79720000,0.000317,-0.002346,-0.001213,0.0241,0.0364,-9.6984
79730000,0.004537,0.000232,-0.002387,-0.0445,-0.1132,-9.7288
79740000,-0.001387,0.000040,-0.004141,-0.0428,0.0834,-9.5603
79750000,0.001876,-0.000930,-0.000973,-0.0809,0.0405,-9.6866
79760000,0.000344,0.000493,0.001898,0.0184,0.0323,-9.6003
79770000,0.000170,-0.000038,0.002041,0.0100,-0.0668,-9.7145
79780000,0.002758,0.001231,-0.001475,-0.0952,-0.0438,-9.5843
79790000,-0.001086,0.000461,0.000088,-0.1509,-0.1124,-9.6234
79800000,0.002686,-0.002431,-0.001039,0.0053,-0.0561,-9.6889
79810000,-0.002704,0.000362,-0.001106,-0.0267,-0.0166,-9.5704
79820000,-0.006940,0.002042,0.000365,-0.0605,0.0529,-9.4871
79830000,-0.004138,0.001623,-0.000688,-0.1225,-0.0975,-9.7227
79840000,0.000358,-0.001815,0.001259,-0.0404,0.0938,-9.6512
79850000,0.001449,0.000730,0.002930,0.0524,-0.0551,-9.4476
79860000,-0.001288,-0.001282,0.000879,0.0749,0.0286,-9.5506
79870000,-0.002462,0.001688,0.002335,0.0990,-0.1829,-9.6101
79880000,0.000720,0.000563,-0.001246,-0.0348,0.0049,-9.5428
79890000,-0.003770,-0.003607,-0.001042,0.0975,0.1546,-9.7094
79900000,0.003994,-0.000285,0.002350,-0.0087,0.0872,-9.5767
79910000,-0.000654,0.001761,-0.003096,0.0290,0.0614,-9.5283
79920000,0.002219,0.002441,0.005437,0.2158,0.0647,-9.7317
79930000,-0.003950,-0.003531,0.000282,-0.0251,-0.0185,-9.7500
79940000,-0.001932,0.002287,-0.001889,0.1049,0.1143,-9.6623
79950000,0.001822,-0.000821,0.001107,0.0074,-0.0110,-9.5048
79960000,-0.001866,-0.000964,-0.000788,-0.0953,0.0093,-9.5244
79970000,0.003130,-0.001865,-0.002903,0.1822,0.1244,-9.5056
79980000,0.000888,0.001516,0.000265,0.0451,0.0841,-9.7192
79990000,-0.002879,0.001348,0.000457,0.0814,0.1963,-9.5779
80000000,-0.000837,0.001664,-0.002657,-0.0553,-0.0313,-9.4041
80010000,0.000094,0.000314,0.003237,-0.0033,0.0207,-9.5027
80020000,0.000505,-0.002563,-0.001367,-0.1242,-0.0097,-9.5717
80030000,-0.000122,0.000658,-0.001171,0.0333,-0.0649,-9.4118
80040000,0.002341,0.000817,0.001166,-0.0640,-0.0466,-9.5517
80050000,-0.000716,0.000961,-0.002511,-0.1415,0.0486,-9.5077
80060000,-0.000545,-0.001338,0.000602,0.0481,0.0561,-9.5444
80070000,0.000950,0.000408,0.001765,0.0647,0.0488,-9.6334
80080000,0.000349,-0.001160,0.001439,0.0362,-0.0422,-9.5645
80090000,-0.002825,0.000826,-0.002407,0.0556,0.0094,-9.4475
80100000,0.001670,-0.000707,-0.000236,0.1242,0.0650,-9.4893
80110000,-0.002394,-0.000515,-0.001187,0.0929,-0.0354,-9.4827
80120000,0.001140,0.001476,0.000153,-0.1914,-0.0544,-9.5257
80130000,-0.001259,0.003409,-0.001980,-0.0491,0.1586,-9.6565
80140000,-0.000430,0.001674,-0.002038,0.0804,0.1770,-9.4089
80150000,0.003132,0.001250,0.000618,-0.0995,-0.0491,-9.6524
80160000,0.002659,0.001961,0.001742,0.0247,0.1004,-9.5910
80170000,-0.000503,0.000995,0.002808,0.0957,0.0158,-9.5471
80180000,-0.002831,-0.000697,0.000404,0.0335,-0.0151,-9.4810
80190000,-0.001407,-0.000616,0.000800,0.0484,0.0669,-9.6755
80200000,-0.002839,0.001460,0.001734,-0.0801,-0.1082,-9.5206
80210000,-0.000732,-0.000020,0.000703,0.0195,-0.1069,-9.5573
80220000,0.001625,-0.002175,-0.003661,-0.0178,0.0245,-9.6010
80230000,0.000205,-0.001424,-0.000523,0.1048,-0.0885,-9.6217
80240000,0.000970,-0.003071,-0.001121,-0.0785,-0.0382,-9.6023
80250000,-0.001228,-0.002441,0.000401,0.0511,0.1005,-9.6165
80260000,0.000181,0.003277,0.001270,0.0245,-0.1189,-9.5566
80270000,0.000762,0.003765,-0.000135,-0.0976,-0.0210,-9.6888
80280000,-0.002869,0.002197,-0.000833,0.0168,-0.0010,-9.4550
80290000,-0.002374,-0.003518,-0.000331,0.0436,0.0102,-9.5350
80300000,-0.000522,-0.002222,0.003949,0.0762,-0.0269,-9.5306
80310000,-0.001438,-0.000381,-0.001937,-0.0606,-0.0965,-9.4359
80320000,-0.001730,0.002418,-0.000201,-0.0315,-0.0462,-9.6325
80330000,-0.001824,-0.002695,0.001977,0.0107,0.0819,-9.5949
80340000,0.001052,0.001046,-0.001410,-0.2076,-0.0544,-9.6816
80350000,-0.001059,0.002056,-0.000746,0.0389,-0.0315,-9.5543
80360000,-0.002569,-0.001415,0.000218,0.0662,-0.0668,-9.4524
80370000,0.000563,0.001130,-0.001073,0.0958,-0.0640,-9.4793
80380000,0.002874,0.000085,0.002989,-0.1019,-0.0916,-9.5145
80390000,-0.000752,0.002367,0.000871,0.0405,-0.0178,-9.5055
80400000,-0.000140,0.000859,-0.000247,-0.1302,-0.0416,-9.5390
80410000,-0.002197,-0.000352,-0.000524,-0.1158,0.1241,-9.6715
80420000,-0.001864,-0.002347,-0.002189,-0.1381,-0.1339,-9.5144
80430000,0.000137,0.002123,0.000630,0.1484,0.0158,-9.7208
80440000,-0.001318,-0.000469,0.001520,-0.0199,-0.0205,-9.5519
80450000,0.001286,-0.002123,0.000897,0.1052,-0.1541,-9.4880
80460000,0.003574,-0.001772,-0.002253,0.0341,0.0390,-9.6088
80470000,0.004238,0.000656,-0.001209,0.0748,-0.0769,-9.5229
80480000,0.000061,-0.000501,0.000423,0.0614,-0.0150,-9.7488
80490000,0.002458,0.001992,0.001086,0.1328,-0.0832,-9.4692
80500000,0.000908,0.000999,0.000865,0.0067,0.0104,-9.5827
80510000,-0.000840,0.002065,0.001541,0.0219,-0.0013,-9.4914
80520000,-0.001363,0.002641,0.000393,0.0188,-0.0125,-9.5125
80530000,0.002414,-0.000871,-0.004125,0.0350,0.0240,-9.6245
80540000,0.001552,0.000975,0.000065,0.1058,0.0134,-9.6185
80550000,0.001977,0.001824,-0.003267,-0.0341,0.2637,-9.5472
80560000,-0.005425,-0.001162,0.002993,0.0167,0.0363,-9.4681
80570000,0.001267,-0.000381,0.000354,-0.0145,-0.0235,-9.5329
80580000,0.004020,0.003194,0.001308,0.0262,0.0423,-9.6880
80590000,-0.001411,0.001545,0.002784,-0.0456,0.0047,-9.5700
80600000,0.000124,0.003812,0.002229,0.1386,0.0378,-9.4185
80610000,-0.000050,0.000906,-0.000523,-0.0990,-0.0323,-9.5808
80620000,0.001497,-0.000769,0.002257,-0.1354,-0.0568,-9.5955
80630000,-0.001853,-0.000756,0.000962,0.2201,-0.0352,-9.5723
80640000,-0.000771,0.001237,-0.001546,0.0190,0.1049,-9.5247
80650000,0.001803,0.002086,0.000001,-0.1581,-0.0889,-9.5720
80660000,-0.000141,-0.001635,0.000495,-0.0649,-0.0105,-9.6097
80670000,-0.000938,0.000166,-0.000613,0.0298,0.0584,-9.5175
80680000,0.002245,-0.002882,-0.000538,0.0161,0.0146,-9.4929
80690000,0.000201,-0.002448,-0.001536,0.0620,-0.1695,-9.5437
80700000,0.000283,0.001890,0.000432,-0.0232,-0.1397,-9.5226
80710000,0.000196,0.001440,0.000048,0.0530,-0.0321,-9.4248
80720000,-0.000804,-0.000038,0.000084,-0.0209,-0.0164,-9.5316
80730000,-0.002807,0.001721,-0.001354,0.1513,-0.0264,-9.5354
80740000,-0.000855,0.003516,0.001801,-0.0424,0.0200,-9.5469
80750000,0.001212,0.001086,0.000200,-0.1583,0.0425,-9.5688
80760000,-0.000911,0.003094,-0.003461,-0.0532,0.1003,-9.4331
80770000,-0.001179,-0.002750,0.002029,-0.1545,-0.0194,-9.6074
80780000,-0.000880,0.001247,0.000448,0.0812,0.0469,-9.7133
80790000,0.002014,0.002346,0.001371,0.0256,-0.0448,-9.5530
80800000,0.002192,-0.000637,-0.001524,-0.0539,-0.0127,-9.5955
80810000,0.000753,0.000715,0.004101,0.0604,-0.0027,-9.5755
80820000,0.001345,0.000101,-0.000825,-0.0244,-0.0022,-9.3559
80830000,-0.004120,0.001320,-0.004222,0.0221,0.0013,-9.5659
80840000,-0.003847,-0.001063,-0.000253,-0.0310,-0.0417,-9.5076
80850000,0.001243,0.000962,0.000759,0.0899,0.1273,-9.6520
80860000,-0.001304,0.002871,0.001458,0.0998,0.1510,-9.5796
80870000,-0.000669,0.000736,0.001719,-0.1339,-0.0366,-9.5166
80880000,0.003140,0.000672,-0.001245,0.0473,0.0407,-9.6014
80890000,0.002507,-0.000221,-0.001399,0.0570,-0.0164,-9.5270
80900000,-0.000327,0.001960,-0.002330,0.0953,-0.0217,-9.4526
80910000,-0.002968,-0.001266,-0.000947,-0.0038,-0.0682,-9.6628
80920000,0.000450,-0.001363,-0.000872,-0.0612,-0.0006,-9.5162
80930000,0.001219,-0.001888,0.002493,-0.0151,0.0286,-9.5062
80940000,0.001309,-0.001938,0.001234,0.0183,0.0473,-9.5754
80950000,-0.002290,-0.000884,-0.003196,-0.1033,0.0491,-9.5661
80960000,-0.003339,0.002107,0.001947,0.0341,0.0313,-9.6378
80970000,0.004277,-0.000921,0.000612,-0.1012,0.1237,-9.5422
80980000,0.003504,0.000486,0.002350,-0.0146,-0.0414,-9.5356
80990000,0.000468,-0.000488,0.000716,0.0155,0.0091,-9.4565
81000000,0.000585,0.002880,0.003059,0.0130,0.0665,-9.6054
81010000,0.000833,-0.003751,0.001571,0.0488,0.0781,-9.5713
81020000,0.002215,-0.000265,0.002158,-0.0117,-0.0291,-9.5168
81030000,-0.001458,0.004091,-0.000557,0.1289,0.0478,-9.5764
81040000,0.001409,0.001125,-0.001815,0.1665,-0.1966,-9.4578
81050000,0.001965,-0.002111,0.001460,0.0463,-0.0236,-9.6656
81060000,0.001632,-0.001490,0.001619,-0.1156,0.0722,-9.5275
81070000,-0.000236,0.003995,-0.005122,-0.0255,0.2223,-9.6068
81080000,-0.002863,-0.001398,-0.000863,0.1361,-0.0440,-9.5559
81090000,-0.003429,-0.000173,0.002438,-0.0228,0.0013,-9.5663
81100000,0.001790,-0.000296,-0.002569,0.0432,0.0644,-9.6061
81110000,0.001321,-0.000521,-0.000944,0.1337,0.0307,-9.5095
81120000,-0.003597,-0.001086,0.001224,0.0612,-0.0815,-9.6921
81130000,-0.002233,-0.001547,0.001076,-0.0032,-0.0996,-9.6051
81140000,-0.000248,-0.000528,0.001380,-0.1848,-0.0150,-9.5134
81150000,-0.001718,-0.001893,0.004465,-0.0485,0.0292,-9.6333
81160000,-0.000397,0.001856,-0.003999,-0.0242,0.0595,-9.5564
81170000,-0.000476,0.000032,0.000843,-0.0795,0.0822,-9.5481
81180000,0.000577,0.001952,-0.001724,0.0159,0.0800,-9.6420
81190000,0.002030,-0.000927,0.002264,0.0941,-0.0245,-9.6544
81200000,0.000273,-0.004297,-0.001221,-0.1054,-0.0112,-9.5869
81210000,-0.000102,0.002542,-0.001302,-0.1540,-0.0086,-9.3983
81220000,-0.003376,-0.004233,0.000158,0.0716,0.0139,-9.5337
81230000,0.000875,-0.001174,0.001967,-0.0976,0.1150,-9.4892
81240000,0.001004,0.000244,-0.000068,0.0295,0.0732,-9.6223
81250000,0.000251,-0.000891,-0.001040,-0.1488,0.0439,-9.6579
81260000,-0.000389,-0.000473,-0.000065,0.1087,-0.0936,-9.4197
81270000,-0.000229,-0.001753,0.002260,-0.1021,0.0403,-9.6759
81280000,-0.001317,0.000056,0.001075,-0.1065,0.0151,-9.6308
81290000,-0.002926,0.001898,-0.000960,0.0228,0.1966,-9.5137
81300000,-0.005054,0.003012,0.001108,-0.0409,-0.0097,-9.6858
81310000,-0.000377,-0.003582,-0.002566,0.0483,0.1396,-9.5810
81320000,-0.001853,-0.001289,0.000210,0.0627,0.0993,-9.6416
81330000,-0.002438,-0.000768,0.000753,0.0733,0.0279,-9.3860
81340000,0.000455,-0.001321,-0.001177,0.1148,0.1016,-9.5391
81350000,-0.001648,-0.001913,-0.001001,-0.0294,-0.0540,-9.5807
81360000,-0.001579,-0.003431,-0.002671,-0.0228,-0.0124,-9.7117
81370000,0.002432,0.003992,-0.001227,0.0847,-0.1095,-9.4281
81380000,0.002794,-0.002967,-0.000784,0.0216,0.0772,-9.5843
81390000,-0.004655,0.001562,-0.003655,0.0516,-0.0515,-9.5836
81400000,0.001283,0.000171,0.002098,0.0201,-0.0041,-9.5208
81410000,0.001250,0.000220,0.001997,-0.0500,-0.0947,-9.4246
81420000,-0.004994,0.000725,-0.000183,-0.0011,0.1074,-9.6124
81430000,0.002310,0.000437,-0.001613,-0.0647,-0.0305,-9.5496
81440000,-0.001937,-0.001242,0.001207,0.0443,-0.0119,-9.5026
81450000,0.001247,0.001242,0.000416,-0.0978,-0.0310,-9.7525
81460000,-0.000420,-0.003015,0.000241,0.1171,-0.0402,-9.5824
81470000,0.000506,0.002271,0.000333,-0.0102,-0.0409,-9.5866
81480000,0.000364,-0.001448,0.001469,-0.0272,-0.0307,-9.4680
81490000,-0.000361,-0.000818,0.000127,0.0611,0.0043,-9.6466
81500000,-0.002828,0.001275,0.001256,-0.0400,0.0272,-9.4842
81510000,0.000003,-0.002767,-0.001763,-0.0243,0.0246,-9.5133
81520000,0.002629,0.002180,-0.001814,-0.1215,0.0387,-9.5575
81530000,0.000309,-0.003302,0.000890,-0.0263,-0.1630,-9.3791
81540000,0.003563,-0.003848,-0.002340,0.0310,-0.0740,-9.6462
81550000,-0.000754,-0.001368,0.001456,0.1263,0.1366,-9.5718
81560000,-0.000802,-0.000761,-0.000598,0.0446,-0.0208,-9.4493
81570000,0.003094,0.002400,-0.002114,-0.0510,-0.0707,-9.4511
81580000,0.000029,-0.001111,-0.000456,-0.0571,-0.0814,-9.5404
81590000,0.000591,-0.002248,-0.001367,0.0695,0.0393,-9.6105
81600000,-0.002291,0.004595,0.001773,0.0056,0.0278,-9.4912
81610000,-0.001110,0.001481,-0.001952,0.0066,0.0189,-9.6435
81620000,-0.001165,-0.003572,0.000063,-0.0656,-0.0337,-9.6358
81630000,-0.003293,-0.003019,-0.001243,-0.1397,0.0720,-9.5545
81640000,-0.000986,-0.001313,-0.000538,0.0980,-0.1308,-9.5868
81650000,0.001895,0.002270,0.002051,0.0275,-0.0780,-9.7296
81660000,0.001925,-0.004901,-0.002134,0.0605,0.1262,-9.6147
81670000,0.001598,-0.000118,-0.001314,0.0688,-0.1065,-9.5303
81680000,0.001842,-0.001019,0.000302,0.0259,-0.0315,-9.6267
81690000,0.002586,-0.000918,-0.000795,0.0064,0.1233,-9.5690
81700000,0.000679,0.001211,-0.004930,0.1297,0.1586,-9.5587
81710000,-0.002102,0.002881,0.003021,0.1081,0.0897,-9.4190
81720000,-0.001736,0.000329,0.000105,0.0740,0.0252,-9.5804
81730000,-0.001083,0.002373,0.002488,0.1058,-0.0160,-9.5827
81740000,0.002075,-0.001374,0.000729,-0.0220,0.0478,-9.4754
81750000,-0.001589,-0.001523,0.001131,0.1636,-0.0603,-9.6057
81760000,-0.002442,0.001460,0.001773,-0.0429,0.0342,-9.6243
81770000,0.001588,0.001402,-0.002505,0.0578,0.0437,-9.3839
81780000,-0.002172,-0.000821,0.002259,-0.0035,-0.0194,-9.6516
81790000,0.003453,-0.001338,0.001518,0.1209,0.1494,-9.3995
81800000,0.001611,0.004169,-0.000608,0.0734,0.1040,-9.5009
81810000,0.001489,-0.000170,0.001298,-0.0077,0.1092,-9.5849
81820000,-0.000119,0.002210,0.000684,-0.2444,-0.0115,-9.4734
81830000,-0.003087,0.000457,-0.001418,-0.0220,-0.0602,-9.6161
81840000,0.003186,0.001825,0.000930,-0.0609,-0.1150,-9.6877
81850000,0.000537,-0.001241,0.002125,0.0389,0.0296,-9.4981
81860000,0.003244,-0.000765,-0.001246,0.0920,0.1527,-9.6601
81870000,-0.002778,0.001280,0.000588,0.1770,-0.1213,-9.5862
81880000,0.003025,-0.000889,-0.000061,-0.0058,-0.0377,-9.6745
81890000,-0.002757,0.004456,-0.001647,0.0253,-0.1046,-9.5648
81900000,0.003761,0.001216,0.003042,-0.2170,-0.0618,-9.6213
81910000,-0.000999,-0.001624,0.003230,0.1326,-0.1567,-9.4869
81920000,0.005393,0.000883,0.000531,0.1017,0.1856,-9.5200
81930000,-0.000009,0.000266,-0.001591,-0.0585,-0.1171,-9.6245
81940000,0.000272,-0.000081,0.001483,0.0399,-0.0738,-9.5789
81950000,0.002613,-0.000430,0.001641,0.0110,0.0156,-9.5065
81960000,-0.000079,-0.001240,-0.001567,0.0882,-0.0023,-9.5308
81970000,-0.004421,0.000209,0.001732,0.0857,-0.0455,-9.4838
81980000,-0.001030,-0.004376,0.002397,-0.1359,0.0431,-9.5419
81990000,-0.002368,0.003055,0.000879,0.0271,-0.1134,-9.6105
82000000,-0.000588,-0.001090,0.003323,0.0816,-0.0303,-9.7103
82010000,-0.001963,0.000293,0.000109,-0.0037,-0.0820,-9.7096
82020000,0.001510,0.003918,-0.000136,-0.0634,0.0055,-9.6156
82030000,0.000405,-0.001856,-0.001494,-0.0368,0.0434,-9.5752
82040000,0.000313,-0.000106,-0.000661,0.0556,0.0170,-9.7120
82050000,0.000948,-0.001726,-0.002643,-0.0139,0.0284,-9.6725
82060000,-0.001502,0.000350,-0.000930,-0.0386,-0.0444,-9.5466
82070000,0.002904,0.002527,0.000665,0.0004,-0.1459,-9.4863
82080000,0.003481,0.000953,0.001763,0.0293,0.1064,-9.5295
82090000,-0.002238,0.000547,-0.005176,0.0422,-0.0127,-9.5554
82100000,-0.002157,-0.000216,-0.001342,0.0468,0.0632,-9.4209
82110000,-0.000760,-0.002125,-0.002171,-0.0704,0.0441,-9.5979
82120000,0.003272,0.003162,-0.001260,0.0022,0.0053,-9.5206
82130000,-0.001009,0.001140,0.002060,-0.1566,0.0450,-9.6950
82140000,-0.002787,-0.000144,-0.000140,0.0551,0.0300,-9.6213
82150000,0.002606,0.000321,-0.000660,-0.0904,0.0203,-9.4613
82160000,0.003853,-0.000871,-0.001945,-0.0166,0.0700,-9.5291
82170000,0.000811,-0.002192,0.001927,0.0361,0.0334,-9.6797
82180000,-0.000323,0.001117,-0.003952,-0.0057,0.0374,-9.6158
82190000,-0.001694,-0.000042,-0.003243,0.0344,-0.0088,-9.6983
82200000,-0.001120,-0.000922,-0.001997,0.1432,0.0546,-9.5728
82210000,-0.000490,0.001056,0.002761,-0.0267,-0.0379,-9.5084
82220000,-0.000657,-0.001991,-0.002689,-0.0771,-0.0666,-9.6352
82230000,0.000340,-0.000122,0.000161,0.0701,-0.1112,-9.6382
82240000,0.002465,-0.000258,0.000682,-0.1123,0.0121,-9.5795
82250000,0.000605,-0.001378,-0.000825,0.1006,0.1287,-9.5573
82260000,0.001345,0.000104,0.000700,0.0943,0.1129,-9.4554
82270000,-0.000657,-0.003672,-0.004668,-0.0035,-0.0464,-9.5718
82280000,0.001361,0.000376,-0.003042,0.0251,-0.0138,-9.5804
82290000,0.000347,-0.000380,0.001013,0.1771,-0.0267,-9.6752
82300000,-0.000933,-0.001629,0.002058,0.0299,-0.0270,-9.6836
82310000,-0.000574,-0.002875,0.001039,-0.1386,0.0163,-9.6187
82320000,0.001938,0.004069,0.000918,-0.1009,0.0112,-9.5243
82330000,-0.002440,0.000699,0.001026,-0.0839,0.1143,-9.5901
82340000,0.001570,0.002992,-0.003887,0.1477,0.0876,-9.5205
82350000,0.000619,-0.001937,0.000088,-0.0110,-0.0121,-9.4901
82360000,-0.000786,0.001355,-0.004507,0.0504,-0.0616,-9.5172
82370000,-0.002209,-0.000014,-0.003376,-0.1297,-0.1253,-9.5899
82380000,0.003781,0.000373,0.000428,0.1297,-0.0322,-9.4643
82390000,-0.000690,0.001768,0.000329,-0.0416,-0.1365,-9.4742
82400000,-0.000086,-0.001877,0.002719,-0.0667,0.0727,-9.5550
82410000,-0.000175,-0.001064,0.000303,0.0016,-0.0785,-9.5776
82420000,0.003929,-0.000119,0.001157,-0.0684,-0.0285,-9.5623
82430000,-0.000736,0.000041,-0.000700,-0.0819,0.0425,-9.5379
82440000,-0.000680,0.001661,-0.000683,0.0315,0.1239,-9.5801
82450000,-0.003030,0.003631,-0.000030,-0.0331,0.1286,-9.6556
82460000,0.001530,-0.003246,-0.002520,0.0476,0.0427,-9.4915
82470000,-0.002394,0.005362,-0.000916,0.0512,-0.0973,-9.4718
82480000,-0.000960,-0.000629,0.000680,-0.1719,-0.0056,-9.6386
82490000,-0.000807,-0.000469,0.000050,0.0906,-0.0052,-9.4957
82500000,-0.001313,0.002606,-0.003109,0.0702,-0.0191,-9.5400
82510000,0.002576,-0.001663,0.000221,0.1180,0.0346,-9.6286
82520000,-0.000046,-0.001891,-0.000222,-0.0785,-0.1255,-9.6123
82530000,-0.000239,0.000408,0.001667,0.1236,-0.1663,-9.5813
82540000,-0.002239,-0.002555,-0.000385,0.0362,-0.0239,-9.4887
82550000,0.000147,0.001053,-0.000459,0.1277,-0.0403,-9.6039
82560000,0.000837,0.000078,0.000767,0.1250,0.0745,-9.3820
82570000,0.001065,-0.002639,0.001880,0.1083,0.0427,-9.4840
82580000,-0.000374,-0.000604,0.002071,-0.0529,0.0197,-9.6643
82590000,-0.000428,0.002925,0.000070,0.0113,0.0698,-9.5632
82600000,0.001561,-0.000909,-0.000042,-0.0425,-0.0735,-9.4822
82610000,-0.001960,0.002244,-0.002453,-0.0128,0.1772,-9.7674
82620000,0.000827,-0.002129,-0.000175,-0.0437,-0.1694,-9.5488
82630000,-0.000892,-0.000858,-0.000158,-0.1355,-0.1360,-9.5298
82640000,0.000266,0.000091,0.001819,0.2215,-0.0230,-9.5492
82650000,-0.001743,0.002396,-0.003556,-0.0809,0.2658,-9.6133
82660000,0.002393,-0.001833,-0.003307,-0.0555,0.0835,-9.4940
82670000,-0.004326,-0.002046,-0.004275,-0.0343,-0.0215,-9.6675
82680000,-0.001794,-0.002687,0.004657,0.1562,-0.0281,-9.5685
82690000,-0.002230,-0.002693,-0.001571,0.1497,-0.1049,-9.5067
82700000,-0.004763,0.000936,-0.001223,0.0503,-0.0012,-9.6239
82710000,-0.002881,0.000831,0.002496,-0.0489,-0.0619,-9.5424
82720000,0.001275,-0.000952,0.002138,-0.0426,0.0743,-9.6369
82730000,0.000844,-0.001404,0.002010,-0.0016,-0.1130,-9.5336
82740000,0.003479,-0.001180,0.002409,-0.0075,0.1067,-9.5332
82750000,0.002540,0.001329,-0.002298,-0.0339,-0.1206,-9.5834
82760000,-0.001869,-0.000153,0.001489,-0.0268,0.0148,-9.5962
82770000,0.000505,0.001064,0.000671,0.0368,-0.0936,-9.6212
82780000,0.004869,-0.001732,0.001825,0.0296,-0.0537,-9.4553
82790000,-0.000027,-0.000441,-0.000076,0.0544,0.0730,-9.6006
82800000,-0.001217,-0.000343,0.003284,0.0226,0.0086,-9.4808
82810000,0.000481,-0.000418,-0.000776,0.0163,-0.0671,-9.4544
82820000,0.000323,-0.000293,-0.002537,-0.0301,0.0636,-9.5314
82830000,0.000206,-0.000631,-0.003172,-0.0002,-0.1580,-9.4706
82840000,-0.000782,-0.001172,-0.002337,0.0836,0.0467,-9.6838
82850000,-0.001755,-0.000373,-0.001254,-0.0459,0.0688,-9.5768
82860000,-0.001795,-0.000410,-0.001433,0.0363,-0.0033,-9.6760
82870000,-0.001397,0.000552,-0.000049,0.1385,0.0312,-9.5022
82880000,-0.001536,-0.000796,0.000981,-0.1197,0.0359,-9.4757
82890000,-0.000564,0.002113,0.000089,-0.0260,0.0143,-9.7009
82900000,0.002992,0.002740,0.001193,0.1836,-0.1148,-9.4948
82910000,-0.002566,-0.001749,0.000902,-0.0276,0.1310,-9.5248
82920000,0.000120,0.000195,0.003248,-0.0904,-0.0985,-9.5669
82930000,0.000617,0.000366,-0.002917,-0.1793,-0.0733,-9.6182
82940000,-0.000346,-0.000104,-0.002263,-0.0565,0.0105,-9.5369
82950000,-0.005851,0.005296,0.000312,-0.2109,0.0908,-9.5480
82960000,0.002841,0.000937,0.000092,-0.0749,0.1273,-9.5152
82970000,0.001992,0.003503,0.000678,-0.0146,-0.0693,-9.5623
82980000,-0.000043,0.004252,-0.000221,0.0522,0.0014,-9.4742
82990000,0.000913,-0.000919,-0.000301,0.0980,-0.0847,-9.4351
83000000,0.000716,0.000490,-0.003230,0.1169,0.0868,-9.4568
83010000,0.000712,0.001285,-0.002419,-0.0792,0.0798,-9.6159
83020000,0.001932,-0.000790,0.001262,0.0294,-0.0180,-9.5573
83030000,0.002614,0.002381,-0.001238,-0.0525,-0.0206,-9.6087
83040000,-0.000210,0.001598,0.001176,-0.1920,0.0713,-9.5899
83050000,0.001330,0.001382,0.000822,-0.1296,-0.0545,-9.4638
83060000,-0.001966,0.000687,-0.001788,0.1366,-0.0165,-9.5501
83070000,0.001741,0.003250,-0.002249,0.1746,-0.0957,-9.6704
83080000,0.001736,-0.000254,-0.001537,-0.0104,-0.0874,-9.5249
83090000,0.000805,-0.000624,-0.002897,-0.0234,-0.0700,-9.6791
83100000,0.002419,-0.000540,-0.001850,0.0309,-0.0058,-9.6465
83110000,-0.001348,0.001445,-0.002258,-0.0826,-0.0194,-9.5899
83120000,0.000073,-0.001712,0.001026,0.0508,0.0103,-9.5056
83130000,0.001360,-0.000735,-0.000650,0.0467,0.0275,-9.7236
83140000,0.000535,0.000529,-0.000737,0.2322,0.0262,-9.4558
83150000,0.000579,0.002302,0.000293,0.0163,-0.0147,-9.5715
83160000,-0.001091,0.000237,0.002432,-0.0665,-0.0433,-9.6580
83170000,-0.000109,0.003310,-0.000407,-0.0013,-0.1066,-9.5487
83180000,-0.002102,0.001077,0.005658,0.0888,0.0140,-9.4746
83190000,-0.001549,-0.001731,-0.000536,0.0436,-0.0005,-9.6050
83200000,-0.001807,0.000234,-0.000122,-0.0029,0.1367,-9.4657
83210000,-0.001453,-0.001401,0.000962,0.0988,0.1234,-9.7178
83220000,-0.003022,-0.002242,-0.000369,-0.0778,-0.0476,-9.4364
83230000,0.001306,-0.000240,-0.001403,0.0998,-0.0302,-9.5315
83240000,0.002069,-0.003767,-0.000352,0.1132,-0.1481,-9.5899
83250000,-0.002126,0.002786,0.003997,0.0094,-0.0031,-9.5101
83260000,0.000556,-0.001212,-0.002535,-0.0183,-0.1117,-9.4314
83270000,0.000877,0.001149,-0.003007,-0.0401,-0.0382,-9.4958
83280000,0.003208,-0.001191,-0.000022,-0.0779,0.0158,-9.5523
83290000,0.001150,0.001427,0.003074,-0.0133,0.0805,-9.5402
83300000,0.000219,0.002498,-0.000389,-0.0844,-0.1052,-9.4768
83310000,-0.001442,-0.001683,-0.003141,0.0184,0.0446,-9.3696
83320000,0.005017,0.001585,0.001815,0.1153,-0.0244,-9.6184
83330000,-0.000363,0.002450,0.002077,-0.0762,-0.0165,-9.5121
83340000,-0.002512,-0.000550,-0.003034,0.1194,0.1214,-9.6319
83350000,-0.003554,0.002052,0.001393,0.0097,-0.0780,-9.6909
83360000,-0.001404,0.002701,0.002539,-0.1203,-0.0454,-9.5587
83370000,0.000910,0.001733,-0.000601,0.0104,0.1018,-9.5197
83380000,0.003384,0.001007,-0.000087,0.0591,-0.0594,-9.5209
83390000,0.000133,0.000326,0.001096,0.0548,0.1330,-9.5477
83400000,-0.000270,0.000474,0.004210,0.0027,-0.0838,-9.5702
83410000,0.001713,-0.000612,0.001217,-0.0632,-0.0989,-9.4884
83420000,0.001497,0.001126,-0.003580,-0.0210,-0.0974,-9.6274
83430000,0.000478,0.003798,0.004373,0.0813,-0.0141,-9.6468
83440000,-0.002285,-0.000702,0.000126,0.0998,-0.0175,-9.5483
83450000,0.000941,-0.003132,0.001084,-0.0305,0.0592,-9.3559
83460000,-0.002848,-0.000490,-0.001707,-0.0865,0.0398,-9.5066
83470000,0.004937,0.001480,-0.001641,-0.0190,0.0714,-9.5303
83480000,-0.002069,0.001548,0.004005,0.0851,-0.0156,-9.6400
83490000,-0.001089,0.002401,0.000275,0.0046,0.1161,-9.5549
83500000,0.001113,0.000658,-0.001140,0.1062,0.0406,-9.5009
83510000,0.000930,0.001442,-0.004125,-0.0048,-0.0805,-9.5912
83520000,0.003497,0.001350,-0.002234,0.0758,-0.0764,-9.5049
83530000,0.000634,0.003937,-0.000188,-0.0964,0.0734,-9.4948
83540000,0.000624,-0.000014,0.002106,-0.0525,0.0299,-9.6243
83550000,0.000656,0.001329,0.000559,0.0356,0.0562,-9.4872
83560000,0.000561,-0.000718,0.001036,-0.1047,0.0592,-9.5341
83570000,0.000621,0.001051,-0.002045,0.0513,-0.0947,-9.5253
83580000,-0.001327,-0.001373,0.001105,0.0829,-0.0434,-9.6645
83590000,-0.000108,-0.001210,0.000834,-0.0993,-0.1068,-9.7183
83600000,0.000451,0.000679,0.000685,0.0441,-0.0242,-9.4614
83610000,0.002012,-0.001359,-0.000418,0.0326,0.0978,-9.5592
83620000,0.000502,0.001240,-0.000606,-0.1152,0.1107,-9.6814
83630000,0.002852,-0.001834,-0.002145,0.0215,-0.0061,-9.7472
83640000,-0.001023,0.001403,0.001046,0.0256,0.0575,-9.5471
83650000,0.001388,-0.001226,-0.000198,0.0359,-0.0345,-9.4965
83660000,-0.002112,-0.002294,-0.000586,0.0871,0.0270,-9.5777
83670000,0.000901,0.000211,-0.002235,0.0641,-0.0165,-9.3329
83680000,0.001374,0.002362,0.002235,-0.0726,0.0150,-9.6236
83690000,0.001206,-0.000573,-0.002588,0.0175,0.0456,-9.4526
83700000,-0.001059,-0.001091,-0.001026,0.0321,-0.0151,-9.4330
83710000,-0.002167,0.002443,-0.002792,-0.0550,0.1750,-9.6106
83720000,-0.003476,0.003424,0.004004,-0.0247,0.0571,-9.5586
83730000,0.004689,0.001214,-0.001606,-0.0813,-0.0878,-9.5431
83740000,-0.001058,0.003196,-0.000255,-0.1753,0.0451,-9.4036
83750000,-0.002706,0.000850,-0.004081,0.0432,0.1989,-9.5792
83760000,0.000351,-0.001504,-0.000107,-0.0336,0.0684,-9.5763
83770000,-0.002800,0.002989,-0.001417,-0.0218,0.0355,-9.5417
83780000,0.000654,0.003005,0.002860,0.0457,0.0429,-9.6192
83790000,0.002012,0.001546,0.001347,-0.1060,0.1877,-9.6117
83800000,0.001526,-0.000812,-0.001240,0.0058,-0.0079,-9.6201
83810000,-0.000236,0.000413,-0.001475,0.0403,0.0058,-9.6988
83820000,0.002420,0.003401,0.000455,-0.0679,-0.0311,-9.5007
83830000,-0.000839,0.000854,-0.002220,0.0968,-0.1123,-9.6628
83840000,0.001886,-0.002210,0.001062,0.0856,0.0350,-9.5179
83850000,0.000657,-0.000627,0.000734,0.2024,-0.0877,-9.6353
83860000,0.000924,0.000268,0.000776,0.0163,-0.0048,-9.4717
83870000,-0.001366,0.001508,0.001799,0.0123,-0.0046,-9.5961
83880000,0.001529,0.003892,0.005996,-0.0576,0.0419,-9.5784
83890000,0.000366,-0.000512,0.001422,-0.0120,-0.0495,-9.6556
83900000,0.001397,-0.001888,-0.000393,0.0658,-0.0881,-9.5203
83910000,-0.005040,-0.001265,0.001402,0.0957,-0.0242,-9.4411
83920000,0.002970,0.001086,0.001154,-0.0026,0.1300,-9.4791
83930000,-0.001060,-0.000391,0.001511,-0.0049,-0.0354,-9.5872
83940000,-0.002578,0.002614,-0.000940,-0.0487,-0.1174,-9.5568
83950000,0.002989,0.002265,0.000899,-0.0851,0.0018,-9.5870
83960000,-0.002726,0.001286,-0.000044,-0.0169,-0.2316,-9.5234
83970000,-0.001344,-0.001884,-0.002889,0.1939,0.0730,-9.4362
83980000,-0.003166,-0.002182,-0.001007,-0.0846,-0.0154,-9.4818
83990000,-0.000361,-0.001101,-0.003262,-0.0600,0.0080,-9.5950
84000000,0.001950,-0.000595,-0.000776,0.1485,-0.0458,-9.4622
84010000,0.000177,0.001571,0.000762,0.0463,0.0130,-9.4122
84020000,-0.004378,-0.001489,0.002072,-0.1592,0.0454,-9.4655
84030000,0.002825,-0.001839,-0.001696,0.1073,0.0441,-9.5589
84040000,-0.000340,-0.001902,0.002383,-0.0548,-0.0435,-9.5843
84050000,-0.003090,0.000342,0.003326,0.0234,0.1717,-9.5932
84060000,-0.002403,-0.000132,0.000638,0.1062,-0.0325,-9.5940
84070000,-0.002455,-0.001823,0.001238,0.0550,0.0681,-9.4911
84080000,0.003574,-0.000764,-0.001557,0.0781,0.1119,-9.5123
84090000,0.001616,-0.002400,0.001138,0.1348,-0.0054,-9.5841
84100000,-0.002390,-0.000137,-0.000966,-0.0791,-0.0093,-9.7025
84110000,-0.000040,-0.002599,0.000328,-0.0232,-0.0544,-9.5816
84120000,-0.000429,-0.001352,0.001362,-0.0862,-0.0244,-9.4631
84130000,-0.000734,0.000729,0.000070,-0.0305,-0.0049,-9.6132
84140000,-0.004642,-0.001556,-0.001353,0.0016,-0.0804,-9.5555
84150000,0.001111,-0.001785,0.000599,0.0339,0.1609,-9.5833
84160000,-0.000781,0.000656,-0.002251,0.0960,0.0061,-9.5641
84170000,-0.002373,-0.001542,-0.002819,-0.1379,-0.0242,-9.5380
84180000,-0.002146,0.001788,-0.000293,0.0156,0.1206,-9.5976
84190000,0.001890,-0.001563,-0.000434,0.0298,0.0245,-9.6198
84200000,-0.001467,-0.003275,-0.000332,-0.0820,0.1108,-9.4723
84210000,0.001266,0.000477,0.001360,0.0541,0.0290,-9.5340
84220000,-0.002830,-0.000875,-0.001185,0.1442,0.1491,-9.6408
84230000,0.001730,-0.001879,0.001557,0.0584,-0.1292,-9.5066
84240000,0.000659,0.000202,0.002444,0.0259,-0.0279,-9.6179
84250000,0.000074,-0.000481,-0.001976,-0.1422,0.0410,-9.4284
84260000,-0.003231,0.000404,-0.003058,-0.0314,0.0281,-9.5277
84270000,0.000771,-0.001783,-0.000042,0.0022,-0.0644,-9.5235
84280000,-0.002956,-0.000494,-0.002497,-0.0832,0.0274,-9.4972
84290000,0.002033,-0.000171,-0.001528,-0.0528,-0.0692,-9.4091
84300000,-0.005034,0.003103,0.001842,0.0097,-0.0390,-9.5783
84310000,0.001244,0.000023,-0.001761,0.0003,0.0822,-9.6586
84320000,-0.000223,0.000119,0.002265,0.0399,0.1777,-9.5980
84330000,0.001320,-0.003100,-0.000054,0.0128,0.0480,-9.5810
84340000,-0.001146,-0.004596,0.000203,0.0444,-0.0375,-9.6235
84350000,0.001757,-0.001522,0.000885,0.0666,-0.0769,-9.4887
84360000,-0.002659,-0.000050,0.000155,-0.1563,-0.0690,-9.5916
84370000,0.000248,0.002598,0.001020,0.1075,-0.0926,-9.5043
84380000,-0.002212,0.000272,-0.000318,0.1716,-0.0055,-9.4708
84390000,-0.002765,0.002128,0.002380,0.0906,-0.0147,-9.5863
84400000,0.002972,0.001651,0.000031,-0.0490,0.1011,-9.5782
84410000,-0.000920,0.001506,-0.000266,0.0104,0.0546,-9.6659
84420000,0.002572,0.000827,-0.001114,-0.0150,0.0400,-9.5613
84430000,-0.006390,-0.003022,0.000752,0.0432,-0.1674,-9.6822
84440000,-0.002438,-0.001454,0.000032,-0.1243,0.0325,-9.5359
84450000,-0.002602,0.000980,0.000193,0.1644,-0.0004,-9.5132
84460000,-0.002713,-0.000442,-0.001041,0.0491,-0.0587,-9.4017
84470000,0.003094,0.000490,0.001808,-0.0337,0.0423,-9.5529
84480000,0.002813,0.000312,-0.003305,-0.0620,0.0216,-9.6090
84490000,-0.001383,0.002564,-0.002329,0.1076,0.0084,-9.5174
84500000,0.001227,-0.001517,-0.000450,0.0093,-0.0660,-9.5745
84510000,0.000341,-0.002383,0.003904,-0.0735,-0.0798,-9.6428
84520000,0.003347,0.002884,-0.000752,-0.1331,-0.0808,-9.5399
84530000,0.001131,0.000680,0.000645,0.0704,0.1310,-9.5678
84540000,0.000130,0.001534,0.002981,-0.0695,-0.1956,-9.5714
84550000,0.000863,0.001735,-0.002494,-0.0021,0.0627,-9.5671
84560000,-0.001198,0.001593,-0.003547,-0.0292,-0.0681,-9.6366
84570000,0.000919,0.000049,0.001897,0.1428,-0.0985,-9.4957
84580000,0.004588,0.000418,-0.000458,-0.1173,0.0902,-9.4242
84590000,0.003829,0.000128,-0.001327,-0.0614,0.0684,-9.5430
84600000,0.001307,0.001551,-0.004485,0.1048,0.1203,-9.5797
84610000,-0.001015,0.001417,-0.002018,0.1002,-0.0458,-9.6193
84620000,0.002967,-0.000063,0.001839,-0.0131,0.1307,-9.6167
84630000,0.004631,0.000400,0.001505,-0.0427,0.1000,-9.5642
84640000,0.000171,-0.000513,-0.001430,-0.1209,-0.0091,-9.4017
84650000,-0.004563,0.001643,0.003085,-0.0937,0.0283,-9.6051
84660000,-0.000749,-0.000450,0.000387,0.0446,-0.0665,-9.7423
84670000,0.001085,-0.000861,0.001697,0.1541,-0.0520,-9.6283
84680000,0.000586,0.004745,-0.001039,0.0192,0.0932,-9.4889
84690000,0.000807,0.000925,-0.000932,-0.0953,-0.1148,-9.4099
84700000,-0.001014,-0.002283,-0.001090,0.0398,0.0558,-9.5846
84710000,0.004401,-0.001112,-0.001003,0.1010,0.0293,-9.5170
84720000,0.003057,0.000230,0.002932,-0.0097,0.0227,-9.6567
84730000,-0.000853,0.001947,0.000445,0.0637,0.0579,-9.5332
84740000,-0.000387,0.000049,-0.000229,0.0742,-0.0012,-9.5714
84750000,0.000338,0.000686,-0.003488,0.0144,-0.1140,-9.5425
84760000,-0.003872,-0.002667,0.001457,0.0471,-0.0293,-9.6012
84770000,-0.001373,0.003220,0.000247,0.1272,-0.0948,-9.6311
84780000,0.003025,-0.004827,-0.001913,0.1044,-0.1530,-9.6611
84790000,0.004243,0.001663,-0.001595,0.0542,0.0912,-9.5358
84800000,-0.002540,-0.002063,-0.000525,0.0600,0.0355,-9.5430
84810000,-0.003031,0.001626,-0.004187,-0.0982,0.0907,-9.5708
84820000,-0.000195,0.002180,0.002274,0.0007,-0.0115,-9.7077
84830000,0.000348,-0.000683,0.000528,-0.0109,0.1299,-9.3698
84840000,0.002612,-0.000189,-0.001364,-0.0717,0.0134,-9.6049
84850000,0.001603,-0.001521,-0.000291,0.0519,-0.0456,-9.5674
84860000,-0.003337,-0.001811,0.001050,-0.0226,0.0025,-9.4344
84870000,-0.000953,-0.002434,0.000061,-0.0111,0.0421,-9.5172
84880000,0.002479,-0.001175,-0.001228,0.1035,0.0467,-9.5134
84890000,0.001360,-0.001381,0.001648,-0.0004,-0.2260,-9.5499
84900000,0.002998,0.000715,-0.002985,0.0226,-0.0040,-9.4745
84910000,-0.000792,0.002539,-0.000048,0.0430,-0.0323,-9.5677
84920000,-0.002232,-0.000517,-0.001199,0.0182,-0.0024,-9.4878
84930000,0.004257,0.000165,-0.002679,0.0150,-0.0799,-9.6399
84940000,0.000613,-0.000599,0.001499,0.0207,-0.0430,-9.5810
84950000,-0.002532,-0.001116,0.004306,-0.0376,0.0138,-9.6005
84960000,0.000232,-0.005637,0.000254,-0.0063,0.0487,-9.5773
84970000,0.003762,-0.000402,0.000603,0.0533,-0.0252,-9.5552
84980000,0.003681,0.001463,-0.000709,0.0198,0.0680,-9.5004
84990000,-0.000918,-0.003811,0.000722,-0.0409,-0.0297,-9.5803
85000000,0.000116,0.002282,0.000953,-0.1294,-0.0440,-9.6293
85010000,-0.000046,-0.001060,-0.004731,0.0873,-0.0567,-9.4105
85020000,0.000298,0.002438,-0.000037,-0.0099,0.0170,-9.5698
85030000,-0.000219,-0.000796,-0.003272,-0.0482,-0.1651,-9.5308
85040000,0.000304,-0.000707,-0.000790,-0.0789,0.0361,-9.5461
85050000,0.001952,-0.000895,-0.001414,-0.0490,-0.0239,-9.5490
85060000,0.000290,0.001784,0.001136,-0.0506,-0.0179,-9.5409
85070000,0.000001,0.003443,0.003711,-0.0723,-0.0758,-9.6124
85080000,0.001458,0.000761,-0.003459,0.0783,-0.0401,-9.4970
85090000,-0.003001,0.000234,0.000743,-0.0661,0.1214,-9.4522
85100000,-0.000024,-0.000266,-0.002434,-0.0689,0.0361,-9.6489
85110000,0.003153,0.001655,-0.002160,0.0563,0.0231,-9.6582
85120000,0.000559,0.001349,0.002481,0.0498,0.0186,-9.7673
85130000,0.000521,0.001526,-0.000917,0.0744,0.0529,-9.5874
85140000,0.001792,0.001323,0.001236,0.0258,0.0606,-9.5508
85150000,0.002884,0.002962,-0.000324,-0.0053,-0.1007,-9.4769
85160000,0.000241,0.001779,0.000460,-0.1431,0.0924,-9.5774
85170000,-0.001371,-0.001638,-0.002916,-0.0134,-0.0522,-9.5690
85180000,0.000219,-0.000973,-0.001919,-0.0067,0.1415,-9.4523
85190000,-0.002094,-0.001227,-0.001897,0.0197,-0.0567,-9.6071
85200000,-0.000800,-0.000452,-0.002936,-0.1861,-0.0462,-9.6100
85210000,0.002127,0.002263,-0.000932,0.0690,0.0495,-9.6128
85220000,-0.000057,0.000914,0.000351,-0.0125,0.0053,-9.5734
85230000,-0.000280,0.000744,0.000849,0.0637,0.1345,-9.5496
85240000,-0.000077,0.004005,0.000455,0.1048,0.0888,-9.5251
85250000,0.001370,0.000602,0.000262,-0.0034,0.0002,-9.5115
85260000,0.001508,-0.000444,-0.001607,0.0599,0.0754,-9.5398
85270000,0.004092,0.004593,0.002916,0.0248,0.1037,-9.4616
85280000,-0.000052,-0.000158,-0.001419,0.0969,0.1121,-9.6212
85290000,0.002178,0.002957,0.004232,0.1021,0.0245,-9.7518
85300000,0.003201,-0.001945,0.003682,0.0782,-0.0353,-9.6152
85310000,-0.000388,0.000899,-0.003340,0.1394,-0.0967,-9.6531
85320000,-0.001524,-0.000709,-0.002085,-0.0187,0.0373,-9.5446
85330000,-0.004240,-0.002432,-0.000213,0.0379,0.0027,-9.6680
85340000,0.000567,-0.002761,-0.005173,-0.0517,-0.1807,-9.6373
85350000,0.000038,0.000888,0.000779,0.2058,0.0301,-9.6107
85360000,0.001984,-0.002025,-0.000043,0.0910,0.0545,-9.5705
85370000,0.002048,-0.000940,0.002151,0.0014,-0.0693,-9.5501
85380000,0.001963,-0.002883,0.000204,-0.1318,0.1643,-9.6421
85390000,-0.001664,0.000201,-0.001338,-0.0102,-0.0759,-9.6263
85400000,-0.000429,-0.001045,-0.000290,0.0198,0.0287,-9.4965
85410000,-0.000010,0.000682,0.002398,-0.0214,-0.0154,-9.5555
85420000,0.001446,0.002944,0.001019,-0.1232,0.0977,-9.6781
85430000,0.001802,-0.000937,0.002376,0.0873,-0.0365,-9.5641
85440000,-0.005147,-0.004139,0.001836,0.1363,-0.0994,-9.5499
85450000,-0.000588,-0.000376,0.002913,-0.0529,0.0304,-9.3934
85460000,-0.000601,0.000099,0.002425,-0.0175,0.0127,-9.5107
85470000,-0.001275,-0.002154,0.000753,0.1360,-0.0556,-9.6002
85480000,-0.002405,0.000784,-0.001440,-0.0355,0.0712,-9.6864
85490000,-0.001006,-0.000105,-0.001339,-0.0691,-0.1099,-9.5122
85500000,-0.000492,-0.003021,0.002687,0.0602,-0.1812,-9.5239
85510000,0.003055,0.002088,0.000698,0.0381,0.1522,-9.4462
85520000,-0.002065,0.002972,0.000287,-0.0109,0.1454,-9.5392
85530000,-0.000669,-0.001339,-0.000102,0.0423,0.0297,-9.6573
85540000,-0.001524,-0.000960,-0.003973,0.0018,-0.0433,-9.6328
85550000,-0.003209,0.000298,0.001253,0.0337,0.0227,-9.6455
85560000,-0.001573,-0.002500,-0.001469,-0.1184,0.1709,-9.5018
85570000,0.001045,-0.001494,0.001202,-0.0525,0.0238,-9.6029
85580000,-0.000434,-0.000377,0.000446,-0.0810,0.0047,-9.6086
85590000,0.000265,0.002397,0.003275,0.0584,-0.0455,-9.6903
85600000,0.000988,0.000554,0.003609,-0.0017,0.1169,-9.5772
85610000,0.002668,-0.003266,0.000959,0.0906,0.0099,-9.6991
85620000,0.002588,0.002922,-0.001954,0.0943,-0.1177,-9.5857
85630000,-0.001623,-0.002035,0.000334,0.0443,-0.1296,-9.6974
85640000,0.001496,0.001501,-0.000351,-0.0814,-0.0225,-9.6452
85650000,0.001605,0.000438,0.000971,0.0049,0.0809,-9.5633
85660000,-0.000147,-0.000974,-0.001905,-0.0378,-0.0480,-9.4966
85670000,-0.003978,0.004114,0.002869,-0.0638,0.1443,-9.4862
85680000,-0.000286,0.003487,0.001828,-0.0092,0.1039,-9.5407
85690000,-0.004094,-0.000250,0.001902,0.0379,0.1063,-9.6185
85700000,-0.000569,-0.000076,0.000981,-0.1297,-0.0145,-9.5375
85710000,0.000371,0.000236,-0.001193,-0.0350,-0.0271,-9.6606
85720000,0.001696,0.002366,-0.001439,-0.1024,0.0583,-9.5136
85730000,0.003329,-0.000404,0.000635,-0.0712,0.1232,-9.6177
85740000,-0.001081,-0.001652,0.002231,0.1724,-0.0740,-9.6386
85750000,-0.001751,0.002565,-0.001824,-0.0505,0.0370,-9.4506
85760000,0.003443,0.001502,0.000566,0.0174,-0.1397,-9.6147
85770000,0.000138,-0.001289,-0.000229,0.0019,0.0870,-9.5624
85780000,0.000698,-0.001954,-0.000407,0.0094,0.0405,-9.5701
85790000,0.001491,-0.000154,-0.001278,-0.0319,-0.0165,-9.8254
85800000,0.001635,-0.002517,-0.000852,0.1552,0.0110,-9.4027
85810000,-0.001655,-0.000749,0.002176,-0.0052,-0.0369,-9.5604
85820000,0.002780,-0.003524,-0.001661,-0.0308,-0.0163,-9.6298
85830000,0.000280,0.000637,-0.003242,-0.1188,-0.0035,-9.4570
85840000,0.001423,0.003153,-0.002944,0.0384,0.1645,-9.6369
85850000,-0.001130,0.002005,0.002959,0.1400,0.0283,-9.7325
85860000,0.001176,-0.000753,-0.000767,-0.0664,-0.0241,-9.5354
85870000,0.001726,0.002254,-0.000658,0.0448,-0.0491,-9.5084
85880000,0.001167,-0.000495,-0.001862,-0.0430,0.0333,-9.3957
85890000,-0.003935,-0.002818,-0.003577,-0.0618,-0.1551,-9.5063
85900000,-0.001533,-0.001603,0.001711,-0.1434,-0.0274,-9.3735
85910000,-0.001661,0.002895,0.002043,0.0007,-0.0371,-9.4909
85920000,0.000491,0.000720,-0.000455,-0.1376,0.0634,-9.7014
85930000,-0.000993,-0.000941,-0.000575,0.0678,0.1074,-9.5033
85940000,0.001875,-0.002662,-0.002548,-0.0805,-0.0258,-9.5247
85950000,0.000105,0.001983,0.003463,0.0497,0.0809,-9.5964
85960000,0.001221,-0.000728,0.000605,0.0279,-0.0366,-9.7309
85970000,-0.000103,-0.001821,0.000794,0.0619,-0.0826,-9.4135
85980000,0.002602,-0.004050,-0.001461,-0.0757,-0.1239,-9.4871
85990000,0.002290,0.002081,-0.000005,-0.0449,-0.0849,-9.6246
86000000,-0.001116,-0.001427,0.001062,0.0562,0.1416,-9.4627
86010000,-0.002495,0.001753,-0.001338,-0.2315,0.1397,-9.4885
86020000,0.001821,-0.000427,-0.000632,-0.0226,-0.1193,-9.5503
86030000,0.001308,0.001189,-0.001687,-0.1051,-0.0586,-9.6328
86040000,0.001383,-0.002273,0.001894,0.0399,-0.0237,-9.4514
86050000,0.001221,-0.003658,-0.001759,-0.0187,-0.0505,-9.4859
86060000,0.002351,-0.000242,-0.000505,0.1483,0.1090,-9.5639
86070000,0.001300,0.002739,0.000004,-0.1277,-0.0738,-9.5890
86080000,0.003025,0.000108,-0.000995,-0.0555,0.1011,-9.6940
86090000,0.001085,0.000106,-0.002562,-0.0354,0.0430,-9.6005
86100000,-0.001197,-0.000337,-0.000928,0.0927,-0.1128,-9.6503
86110000,-0.002064,-0.002516,0.000243,0.0047,0.0640,-9.3682
86120000,-0.003393,-0.004113,-0.001408,0.0196,0.1406,-9.5978
86130000,0.004551,-0.000772,0.003642,0.0657,-0.0255,-9.7699
86140000,0.001678,-0.001012,-0.000559,0.0376,-0.1091,-9.6307
86150000,-0.001734,0.001135,-0.001362,-0.0462,0.1254,-9.5898
86160000,-0.001502,-0.000938,-0.001112,0.1495,-0.0430,-9.5808
86170000,-0.000719,0.000494,-0.000068,-0.0574,-0.0167,-9.6506
86180000,-0.003593,0.002328,-0.002059,0.1478,0.0431,-9.4895
86190000,0.000079,-0.001193,-0.000333,0.0223,-0.0468,-9.4024
86200000,0.000599,0.002545,-0.000066,0.0112,-0.0521,-9.5515
86210000,-0.002310,0.000572,0.002094,0.0544,-0.0635,-9.5805
86220000,-0.001002,0.002553,0.003064,0.0159,-0.0498,-9.6800
86230000,-0.000718,0.000261,-0.000395,0.1351,0.0306,-9.6712
86240000,0.000688,0.000042,-0.002989,0.0740,-0.0658,-9.5532
86250000,0.000394,-0.000361,-0.005041,0.0397,0.0796,-9.6570
86260000,-0.000294,0.001494,0.001410,-0.0905,-0.0630,-9.5495
86270000,0.001721,-0.002326,-0.002177,0.1632,-0.0872,-9.5747
86280000,0.000425,0.003479,0.000137,0.0584,0.0104,-9.3744
86290000,0.000089,0.001352,-0.000818,-0.0405,-0.0478,-9.5586
86300000,0.000931,-0.000614,-0.001577,-0.0717,0.0884,-9.4898
86310000,0.001513,0.004145,0.002399,-0.0021,0.0018,-9.5047
86320000,-0.002675,0.001867,0.001780,0.1695,-0.0697,-9.6512
86330000,0.000624,-0.003162,0.000814,0.0652,-0.0040,-9.6941
86340000,0.001690,-0.000806,0.000793,-0.1142,-0.0675,-9.5311
86350000,-0.002245,-0.000213,-0.001811,0.0358,0.0067,-9.6105
86360000,0.003090,-0.000467,-0.000274,0.0245,-0.1102,-9.3997
86370000,0.002410,0.000945,-0.001402,-0.0759,0.0576,-9.6231
86380000,-0.000794,-0.001067,-0.000184,-0.0947,-0.0100,-9.5348
86390000,0.004376,-0.001832,-0.000053,-0.0030,0.0274,-9.5258
86400000,0.003147,0.003608,0.000975,-0.0136,0.0654,-9.5569
86410000,-0.002385,-0.003924,0.000485,0.0274,-0.0970,-9.5199
86420000,0.000134,0.002531,0.001629,0.0853,-0.0729,-9.6380
86430000,0.000249,-0.002497,-0.004160,-0.0730,-0.0586,-9.6021
86440000,0.002167,-0.002951,-0.001744,-0.0379,0.0121,-9.4437
86450000,0.000468,0.000193,-0.003940,0.2432,-0.0205,-9.6002
86460000,-0.000931,-0.002413,0.001590,-0.0862,-0.0335,-9.6610
86470000,0.001990,0.002390,-0.003385,-0.0380,0.1292,-9.5640
86480000,0.004751,-0.004051,-0.000327,0.0436,0.0015,-9.5369
86490000,0.002426,-0.001714,0.002006,0.0736,0.0330,-9.4922
86500000,-0.000451,0.002037,-0.004590,0.0321,-0.0876,-9.5289
86510000,-0.003816,-0.002212,-0.001894,0.1132,0.1147,-9.5750
86520000,-0.004470,0.000530,-0.001419,0.0240,0.0116,-9.5306
86530000,0.000400,-0.001565,0.001652,0.0201,-0.1372,-9.4996
86540000,-0.002800,0.000903,-0.000491,0.0543,0.0393,-9.4577
86550000,0.002846,-0.000158,0.000012,0.0831,0.0334,-9.4891
86560000,0.000564,0.002242,-0.001964,0.1358,0.1792,-9.4654
86570000,0.001987,-0.002279,0.000094,0.0429,0.0079,-9.6780
86580000,-0.002046,0.002051,-0.001854,-0.0133,0.0368,-9.6294
86590000,0.002783,0.002222,0.001817,0.0535,0.0298,-9.6133
86600000,0.000836,0.002294,-0.002448,-0.0822,0.0690,-9.6224
86610000,-0.001732,-0.000844,-0.000661,-0.0756,0.0959,-9.6610
86620000,0.001006,-0.000462,0.001526,-0.1953,-0.0564,-9.3906
86630000,-0.000140,-0.003554,-0.000454,-0.0129,0.1644,-9.5326
86640000,-0.001654,-0.001535,0.000100,0.0257,-0.0672,-9.5667
86650000,-0.001141,-0.001244,-0.000244,-0.1203,-0.0239,-9.7083
86660000,0.000875,-0.003251,0.002090,-0.1015,0.1290,-9.5236
86670000,0.001863,-0.000378,0.001048,0.0021,-0.0475,-9.6550
86680000,0.000016,-0.002365,-0.001051,-0.0575,-0.0130,-9.4761
86690000,-0.002714,0.001954,-0.002357,0.0773,0.1091,-9.6149
86700000,0.000405,0.001658,0.002573,0.0263,0.0690,-9.5883
86710000,0.000691,0.002106,-0.001095,0.0068,-0.0652,-9.4825
86720000,-0.000846,-0.000652,0.001352,0.0414,-0.0442,-9.6049
86730000,0.001373,-0.001879,-0.000283,-0.0510,0.0416,-9.6160
86740000,0.000169,0.001691,0.003473,-0.0401,0.0303,-9.5001
86750000,0.003592,-0.000960,0.000990,-0.0115,0.0228,-9.5839
86760000,0.000687,-0.000685,0.000380,0.0300,0.1529,-9.4974
86770000,0.002629,-0.000869,0.003193,0.1041,-0.0666,-9.5667
86780000,-0.004966,-0.003291,0.000799,0.0560,-0.0325,-9.5990
86790000,0.001792,-0.001250,-0.001229,0.0176,-0.0256,-9.5519
86800000,0.001709,-0.000657,-0.000592,0.0099,-0.1208,-9.5945
86810000,-0.001802,0.002194,-0.001923,0.0451,0.0107,-9.7176
86820000,0.000949,0.001152,-0.000067,0.0068,0.0169,-9.5331
86830000,0.001066,0.001061,-0.002842,0.0257,0.1463,-9.5909
86840000,-0.000745,0.000827,0.000825,0.0468,-0.0218,-9.5817
86850000,-0.000200,0.000304,0.003901,0.0242,-0.0525,-9.6003
86860000,0.004739,-0.003194,-0.001529,0.0037,0.0730,-9.6523
86870000,0.003065,-0.000264,0.000702,0.0960,-0.0987,-9.6065
86880000,0.003768,0.001225,0.001897,0.0968,0.1228,-9.5082
86890000,0.002447,0.001507,-0.001462,0.0121,0.0491,-9.7047
86900000,-0.002376,0.002944,-0.000905,-0.0511,-0.0875,-9.5399
86910000,0.004943,0.001005,0.003723,-0.0365,0.0746,-9.6474
86920000,0.000042,-0.001618,-0.001586,0.0644,-0.1737,-9.6789
86930000,0.001812,-0.001351,-0.001190,-0.1407,0.0567,-9.4487
86940000,-0.002059,-0.000532,0.000606,0.1047,-0.0551,-9.5909
86950000,-0.000893,0.000224,-0.000709,-0.0686,-0.0380,-9.6125
86960000,0.003958,-0.002408,-0.000001,0.0137,0.0061,-9.5885
86970000,0.001587,-0.002244,-0.000594,0.0827,-0.0836,-9.5098
86980000,-0.001663,-0.000513,0.000612,0.0185,-0.0412,-9.6341
86990000,0.004758,-0.002318,-0.001455,-0.0224,0.0244,-9.6374
87000000,0.001987,0.000271,-0.000982,0.0392,0.0374,-9.6950
87010000,-0.000926,-0.001320,-0.002017,0.0384,-0.0356,-9.6087
87020000,0.001251,0.001950,-0.002992,0.0068,0.0587,-9.5543
87030000,-0.001179,0.001718,-0.000237,0.0774,0.0953,-9.5767
87040000,0.001947,0.002723,0.000554,-0.1310,0.0259,-9.5570
87050000,0.003643,0.003690,-0.001174,0.0378,-0.1391,-9.5356
87060000,-0.001444,0.002488,0.001030,-0.1362,0.0222,-9.5470
87070000,-0.000964,-0.000263,-0.001600,-0.0807,0.0357,-9.5238
87080000,-0.002313,0.000525,-0.002656,0.0228,-0.0404,-9.6278
87090000,0.000284,-0.001661,0.001612,-0.0868,-0.0494,-9.4797
87100000,0.002662,0.001625,0.000272,0.0193,-0.1105,-9.5182
87110000,-0.003125,0.003203,-0.000859,-0.0537,0.0942,-9.5809
87120000,-0.002130,0.001389,-0.002840,-0.2144,-0.0204,-9.4400
87130000,0.000359,-0.001341,0.001036,-0.1076,-0.1238,-9.6167
87140000,0.003211,-0.002353,0.000306,0.0103,-0.0684,-9.5712
87150000,0.000499,0.000070,-0.002113,-0.0102,-0.2025,-9.5512
87160000,-0.002313,0.001072,0.000923,0.0327,0.0022,-9.5837
87170000,-0.001869,-0.000739,-0.000249,-0.0920,-0.0043,-9.6789
87180000,-0.000175,-0.001904,0.002553,-0.0509,-0.1007,-9.4542
87190000,-0.003592,0.003774,0.003330,0.0661,-0.0902,-9.5555
87200000,-0.000676,-0.001345,0.000386,-0.0588,0.0504,-9.5406
87210000,-0.001279,0.002885,-0.003103,0.0268,0.1101,-9.5098
87220000,-0.004244,-0.000583,-0.002186,0.1062,0.1569,-9.5587
87230000,-0.002273,0.001051,-0.002349,0.1718,-0.1754,-9.6104
87240000,-0.001383,0.003579,0.002087,0.0414,-0.0940,-9.5237
87250000,-0.001530,0.000322,0.003403,0.1024,0.1174,-9.5034
87260000,0.000586,-0.000532,0.003878,-0.1453,-0.0616,-9.5325
87270000,0.000728,-0.002033,0.000835,0.0320,0.0154,-9.5223
87280000,-0.001310,-0.003604,-0.001035,0.0536,0.0157,-9.4792
87290000,-0.003297,-0.000592,0.000258,0.0232,-0.0458,-9.5851
87300000,0.003686,0.001911,0.000724,0.0048,-0.0220,-9.6658
87310000,-0.000204,-0.001218,0.004484,0.0088,-0.0407,-9.4979
87320000,0.001253,0.002588,0.005739,0.1012,-0.1645,-9.5538
87330000,0.000703,-0.000732,-0.003027,0.0743,0.0020,-9.5746
87340000,0.004198,0.002273,-0.003654,-0.1069,0.0166,-9.6116
87350000,0.001546,0.004130,0.001301,0.0094,-0.0289,-9.5046
87360000,0.000061,0.002790,-0.001405,-0.0076,-0.0686,-9.4858
87370000,0.000758,-0.000197,-0.001248,-0.0152,-0.0830,-9.5522
87380000,0.001003,-0.001143,-0.000787,0.0534,-0.0297,-9.4922
87390000,0.001549,-0.002609,-0.000899,-0.0363,-0.0607,-9.5956
87400000,-0.000211,-0.001230,-0.004214,0.1451,-0.0253,-9.5049
87410000,0.002241,-0.000574,-0.000163,-0.0704,-0.0727,-9.4408
87420000,0.001253,-0.000051,0.000648,0.0614,0.0737,-9.4885
87430000,0.001044,0.000238,-0.002077,0.1268,0.1261,-9.3657
87440000,-0.000119,-0.000226,0.000459,0.0301,-0.0215,-9.5977
87450000,-0.003566,0.001443,-0.000263,0.0546,0.1159,-9.6205
87460000,0.000754,0.001339,-0.000758,0.0904,0.0022,-9.5409
87470000,0.001408,-0.000565,0.000349,-0.0363,0.1341,-9.4938
87480000,-0.000125,0.000094,0.000038,-0.0811,0.0754,-9.6597
87490000,-0.000365,-0.001390,0.001648,-0.0819,-0.1040,-9.6549
87500000,0.004062,0.000219,-0.000231,0.0228,-0.0323,-9.5946
87510000,-0.000864,-0.004798,-0.001466,0.0044,-0.0024,-9.6172
87520000,-0.000201,-0.000283,0.000209,0.0880,0.1085,-9.5611
87530000,0.000850,-0.001386,-0.001118,0.1132,0.0824,-9.5825
87540000,-0.003389,-0.001487,-0.000172,0.0277,0.0049,-9.4764
87550000,0.001546,-0.001072,0.001478,0.0357,0.0027,-9.6421
87560000,0.001076,0.002852,-0.000510,-0.0084,-0.0109,-9.5338
87570000,-0.004499,-0.002490,-0.001880,-0.0073,0.1070,-9.6193
87580000,0.002763,-0.001105,0.000965,-0.0511,0.0434,-9.4296
87590000,-0.000138,0.002288,-0.000832,0.0458,-0.0320,-9.6854
87600000,-0.001748,-0.003099,0.001722,-0.0795,-0.0046,-9.5913
87610000,0.001282,-0.000502,0.000034,-0.0071,0.2004,-9.6154
87620000,-0.001817,0.001076,0.003024,-0.1298,0.0243,-9.4137
87630000,-0.001298,-0.003687,-0.003210,-0.0361,-0.0727,-9.6605
87640000,-0.000608,-0.006958,-0.002494,0.0294,0.0179,-9.4900
87650000,-0.000193,-0.000759,-0.003933,0.1175,0.0400,-9.6112
87660000,-0.000989,-0.001437,-0.001353,-0.0364,-0.0434,-9.5710
87670000,0.002016,0.000211,0.000744,-0.0116,-0.0421,-9.5702
87680000,-0.001215,0.000121,-0.002962,-0.0128,0.1828,-9.5001
87690000,-0.000270,-0.000407,-0.000331,0.0171,-0.0100,-9.5248
87700000,-0.003495,-0.003175,0.001666,-0.0419,0.1077,-9.6874
87710000,0.000938,0.003068,-0.000479,0.1201,-0.0281,-9.4863
87720000,0.002288,-0.002434,0.000417,-0.0203,0.1056,-9.5564
87730000,-0.001111,-0.001622,-0.001085,0.0361,0.0764,-9.4498
87740000,0.001877,0.000384,0.004264,0.0314,-0.0961,-9.5003
87750000,-0.003085,-0.001129,-0.000514,0.0985,0.0296,-9.7145
87760000,0.002472,-0.001632,0.000425,-0.1077,-0.0116,-9.5751
87770000,0.002861,-0.002571,-0.000825,-0.0642,0.0143,-9.5371
87780000,-0.001639,0.001846,-0.002407,0.0642,-0.0615,-9.5822
87790000,-0.000361,0.000685,-0.001988,0.0220,-0.0170,-9.5924
87800000,-0.000480,0.002276,-0.000074,-0.0622,0.0950,-9.5954
87810000,0.001101,0.000747,0.002426,-0.0298,-0.1365,-9.6246
87820000,-0.000321,-0.000338,0.000128,0.1849,-0.0516,-9.5533
87830000,-0.000337,-0.000987,-0.000966,-0.0415,-0.0014,-9.5351
87840000,-0.000495,-0.001198,-0.001196,0.0491,0.0174,-9.5920
87850000,0.000177,0.000181,0.001862,0.0822,-0.0408,-9.5069
87860000,-0.000236,0.001636,-0.000106,0.1766,-0.0264,-9.5914
87870000,-0.003778,-0.001202,-0.003070,0.0091,-0.0065,-9.5708
87880000,0.001061,-0.003481,0.002901,-0.1625,0.0260,-9.5155
87890000,-0.001787,-0.001324,0.000123,0.0317,-0.0147,-9.5630
87900000,0.002088,-0.000393,-0.003459,0.0538,-0.1175,-9.5916
87910000,0.002426,-0.001775,-0.001079,-0.0383,0.0020,-9.4200
87920000,0.000069,0.000736,-0.002468,-0.0111,-0.0189,-9.4781
87930000,0.002620,0.001051,0.002855,0.1257,0.1306,-9.5036
87940000,-0.000814,-0.001213,-0.001957,0.0830,-0.0094,-9.4862
87950000,0.003888,0.002246,0.001796,-0.0378,-0.0549,-9.4498
87960000,-0.000922,0.001828,-0.000657,-0.0726,0.0331,-9.4029
87970000,-0.000647,-0.001352,0.001621,0.0458,0.0196,-9.6200
87980000,-0.001417,-0.003879,0.002279,-0.0328,-0.0342,-9.5577
87990000,0.001388,0.001741,-0.000722,-0.1577,0.0453,-9.5383
88000000,0.002014,-0.002633,0.001544,0.0773,0.0710,-9.6400
88010000,0.000369,-0.001256,0.002895,0.1166,0.1083,-9.7109
88020000,0.001797,-0.000430,0.000784,0.0083,0.0970,-9.6687
88030000,0.000499,0.004254,-0.002356,-0.0792,-0.0323,-9.4893
88040000,0.002824,-0.000803,0.002224,0.1223,-0.0862,-9.6068
88050000,0.001565,0.000476,-0.000369,-0.0438,-0.0294,-9.5524
88060000,0.001408,-0.001304,0.000252,-0.0312,-0.1220,-9.4513
88070000,-0.004169,0.000449,-0.001407,-0.0121,0.0847,-9.3968
88080000,-0.000852,0.002686,-0.000352,-0.0036,0.0508,-9.5733
88090000,0.001951,0.004601,0.001398,0.0916,-0.1281,-9.4742
88100000,0.002458,0.002899,-0.003825,-0.0278,-0.1412,-9.4787
88110000,0.004206,0.000364,0.001683,0.1769,0.0518,-9.5623
88120000,-0.002993,-0.000607,-0.001024,0.1684,0.0042,-9.5026
88130000,0.001272,0.000448,0.001107,-0.0341,-0.0228,-9.5646
88140000,0.003441,-0.000356,-0.002440,-0.0989,-0.0398,-9.5132
88150000,-0.000740,-0.002279,0.004217,0.0429,-0.0037,-9.6727
88160000,0.000759,-0.001152,-0.000655,-0.0286,0.0501,-9.5726
88170000,-0.000316,-0.000382,0.001594,0.0031,0.0252,-9.6236
88180000,-0.000092,-0.002115,-0.001915,0.0329,-0.0064,-9.5552
88190000,-0.000592,0.001084,0.001258,0.0232,0.0422,-9.5296
88200000,-0.001705,-0.002431,0.000804,-0.1182,0.1351,-9.5382
88210000,0.001977,0.001973,-0.000457,0.1295,0.0115,-9.5819
88220000,0.000332,-0.000665,-0.000806,-0.1104,-0.0227,-9.6000
88230000,0.000534,-0.000416,0.002950,-0.0028,0.0428,-9.6251
88240000,0.001357,0.000599,-0.003278,-0.0697,0.1031,-9.5157
88250000,0.000447,0.002946,0.001254,-0.0568,-0.0127,-9.5887
88260000,-0.001814,0.004306,-0.002254,-0.0547,-0.0025,-9.6203
88270000,0.000181,0.005162,0.000391,-0.0351,0.0967,-9.5806
88280000,0.003232,0.000250,0.000291,0.1164,-0.0098,-9.7331
88290000,-0.000209,-0.002195,-0.000246,-0.0172,0.0717,-9.6643
88300000,0.002621,0.003888,0.000703,-0.0503,-0.1030,-9.6111
88310000,-0.002218,0.000397,-0.000480,-0.0577,0.0390,-9.4180
88320000,0.000405,0.002797,0.001571,-0.0181,-0.0043,-9.5436
88330000,-0.000997,0.001997,-0.004576,0.0714,-0.0071,-9.6515
88340000,-0.001852,0.001192,0.003658,0.0068,0.1557,-9.4830
88350000,-0.001672,0.000199,0.000173,-0.0595,0.1339,-9.4962
88360000,0.004970,0.003162,0.004773,0.0740,-0.0327,-9.4700
88370000,-0.002091,-0.004400,0.003139,-0.0466,-0.1985,-9.5376
88380000,-0.001511,-0.001468,0.001315,0.0047,0.1756,-9.5773
88390000,0.001217,0.000400,-0.001856,-0.0272,0.0389,-9.6687
88400000,-0.001447,-0.000863,-0.000462,-0.0267,0.1132,-9.6197
88410000,0.001808,0.001950,0.001506,0.0057,-0.0195,-9.5856
88420000,0.000231,0.001785,0.001228,-0.0754,0.0371,-9.5874
88430000,-0.001759,0.000313,-0.000803,0.0611,-0.0908,-9.5371
88440000,-0.003907,0.004679,0.002188,-0.0361,-0.0388,-9.6169
88450000,0.002896,0.000158,-0.000631,0.0136,-0.1612,-9.4691
88460000,0.003885,-0.000484,0.004326,0.0913,-0.0385,-9.6875
88470000,0.001829,0.001008,-0.001234,0.0685,0.0869,-9.4491
88480000,-0.002771,-0.002394,0.000137,0.0411,-0.0359,-9.4886
88490000,-0.002663,0.000149,0.000033,-0.1330,0.0653,-9.4313
88500000,-0.002910,0.000475,-0.001237,-0.1096,0.0099,-9.6328
88510000,0.001755,-0.001690,0.001814,0.0506,-0.0186,-9.7078
88520000,0.003501,0.000413,0.000359,0.0928,-0.0426,-9.6125
88530000,0.000900,-0.000138,0.000403,-0.0062,0.0404,-9.4485
88540000,0.001521,-0.003003,-0.001313,-0.1289,0.1167,-9.5571
88550000,-0.000540,0.003013,-0.001263,-0.0559,-0.0363,-9.5696
88560000,0.000458,0.001691,-0.004751,-0.0708,-0.0655,-9.6662
88570000,0.001340,0.000962,-0.000094,-0.0364,-0.0892,-9.5736
88580000,-0.000001,-0.001936,0.001833,0.0929,-0.0322,-9.5765
88590000,-0.003331,-0.000209,-0.001655,-0.1013,-0.0483,-9.6269
88600000,-0.003434,-0.003975,-0.001075,-0.0256,0.1114,-9.6316
88610000,0.003657,0.001569,-0.001512,-0.0751,-0.0034,-9.4396
88620000,0.000116,0.002432,0.000005,0.0882,-0.1051,-9.5306
88630000,-0.001368,-0.002700,-0.001893,0.0094,0.0530,-9.5073
88640000,-0.001454,-0.000745,0.001714,-0.0258,0.0669,-9.5873
88650000,0.002363,0.001509,-0.001606,-0.0835,-0.1749,-9.5821
88660000,-0.001080,0.001408,0.001159,0.2367,-0.0952,-9.6089
88670000,0.001256,0.002102,0.004126,-0.0701,0.0944,-9.5501
88680000,0.002656,0.002143,0.001995,0.0156,-0.0021,-9.6483
88690000,0.000042,0.003399,0.002791,0.0179,-0.0225,-9.4119
88700000,0.002568,-0.002344,0.001801,0.1029,-0.0164,-9.6945
88710000,0.002190,0.001065,-0.005128,-0.0405,-0.0263,-9.4915
88720000,0.000001,0.002864,-0.001370,-0.1697,-0.1137,-9.6693
88730000,-0.002474,0.001381,0.002253,0.1892,-0.0487,-9.5588
88740000,-0.001353,0.001820,0.000426,-0.0958,0.0998,-9.6590
88750000,-0.000083,-0.001119,0.000075,-0.0249,0.0856,-9.5277
88760000,0.001050,0.000888,-0.000628,0.0267,0.1134,-9.5339
88770000,-0.003227,0.003578,0.002114,0.0725,0.0926,-9.6672
88780000,0.001852,-0.000702,-0.005176,0.1418,0.0493,-9.5607
88790000,0.003604,0.002517,-0.000092,0.0317,0.0652,-9.6553
88800000,0.000788,-0.001698,-0.003821,0.0702,-0.0139,-9.6735
88810000,-0.000805,0.000675,-0.003303,-0.0180,-0.0683,-9.5614
88820000,-0.001286,-0.002192,-0.000763,-0.0209,0.0444,-9.5694
88830000,-0.001755,0.001354,-0.000648,0.0519,-0.0215,-9.5811
88840000,-0.000451,-0.000101,-0.000336,-0.0467,0.0182,-9.6274
88850000,-0.001447,0.001230,-0.003214,-0.0707,-0.0785,-9.4847
88860000,0.003519,0.002245,0.000033,0.0343,-0.0407,-9.5275
88870000,0.002292,0.000127,-0.002979,0.0317,0.0110,-9.6357
88880000,0.000464,0.001522,-0.001379,0.0976,0.0100,-9.5763
88890000,-0.002301,-0.001357,-0.001330,-0.0275,-0.1623,-9.4412
88900000,-0.001575,-0.002040,-0.000521,-0.0613,-0.0537,-9.6262
88910000,-0.002322,0.000276,-0.000578,-0.0051,0.0020,-9.4876
88920000,0.001881,0.000204,0.002179,0.0726,-0.0568,-9.4604
88930000,0.003299,-0.002998,0.000915,0.0441,-0.0167,-9.5103
88940000,-0.003528,-0.002198,0.000916,-0.0794,-0.1267,-9.5436
88950000,-0.001555,0.004298,-0.003601,-0.0119,0.0545,-9.5711
88960000,-0.001591,-0.001646,0.003785,0.0635,0.0493,-9.4942
88970000,0.002154,0.001580,-0.002759,-0.0536,-0.0034,-9.3829
88980000,0.002432,0.004879,0.002773,-0.0174,0.0245,-9.5500
88990000,-0.002917,0.002949,-0.000576,0.0596,-0.0802,-9.6152
89000000,0.002025,-0.000605,-0.000747,0.0030,0.1749,-9.5212
89010000,0.000855,-0.001280,0.001734,0.0955,0.0391,-9.6521
89020000,0.004751,0.000797,-0.004438,0.0520,0.0596,-9.5441
89030000,0.003109,-0.000668,0.000943,0.0646,-0.1098,-9.6723
89040000,0.002332,0.002832,-0.002867,-0.1401,0.1486,-9.6180
89050000,0.001535,-0.002875,0.000580,-0.1210,-0.0642,-9.5975
89060000,0.001224,-0.000663,0.001575,0.0982,-0.0877,-9.6131
89070000,0.001624,0.001904,0.000323,0.0734,0.0323,-9.5137
89080000,-0.002434,0.000789,0.004746,0.0387,-0.0568,-9.4365
89090000,0.000762,-0.003761,0.002655,0.0692,0.0627,-9.6780
89100000,0.004386,-0.002138,-0.000346,-0.0677,0.1274,-9.5491
89110000,0.001276,0.000081,0.002941,-0.0643,0.1073,-9.5514
89120000,-0.000914,-0.000248,-0.001816,0.0005,-0.0160,-9.6653
89130000,-0.000016,0.001414,-0.000687,-0.0098,0.0767,-9.5433
89140000,0.000695,-0.002002,-0.003626,-0.0300,0.0342,-9.4854
89150000,0.004404,-0.000531,-0.001506,0.0231,0.0994,-9.6284
89160000,-0.000998,-0.003653,0.000137,0.1037,-0.0009,-9.5553
89170000,-0.001906,0.001663,-0.000458,0.0568,0.1055,-9.4381
89180000,0.000927,-0.002356,0.001126,0.0893,-0.0063,-9.6229
89190000,0.001334,0.001247,0.004119,0.1167,0.0277,-9.5235
89200000,-0.000141,-0.000657,-0.001450,-0.0940,0.1321,-9.5615
89210000,-0.006679,0.000775,0.004915,-0.0019,0.0171,-9.6168
89220000,-0.000555,-0.000697,0.001698,-0.0479,-0.0242,-9.6206
89230000,0.002386,-0.001818,-0.001420,0.0068,0.0489,-9.5522
89240000,-0.000209,-0.002297,0.001984,-0.0064,-0.0325,-9.6114
89250000,-0.001471,0.002292,-0.003112,-0.0194,0.0214,-9.7240
89260000,-0.000188,-0.000438,0.002559,-0.0596,0.1288,-9.4808
89270000,0.000805,0.000808,0.000918,0.0133,0.1107,-9.5506
89280000,0.000533,-0.001718,-0.001419,0.0001,-0.1135,-9.5238
89290000,0.001775,0.001068,0.001073,-0.1165,-0.0270,-9.5766
89300000,-0.000160,-0.002385,0.001017,0.0565,0.0236,-9.4281
89310000,-0.003394,-0.000858,-0.003047,0.0759,0.0879,-9.5271
89320000,-0.003940,0.000579,-0.000515,0.0068,-0.1711,-9.7113
89330000,0.002372,0.000711,-0.000238,0.0387,-0.0599,-9.5665
89340000,0.002320,0.003944,0.003173,0.1131,0.0664,-9.3704
89350000,-0.003938,0.001694,0.000176,-0.1368,-0.1336,-9.5406
89360000,-0.001486,-0.003098,-0.001306,0.1559,0.0960,-9.6384
89370000,-0.001391,0.002578,-0.000708,0.0658,0.0525,-9.6157
89380000,-0.000022,-0.005434,0.004995,0.0278,-0.0292,-9.6195
89390000,-0.002096,0.002152,0.001681,-0.0282,-0.0388,-9.6430
89400000,0.002790,0.001640,-0.003168,0.1037,-0.0403,-9.6309
89410000,0.000111,-0.000684,0.003263,-0.0410,0.0714,-9.7070
89420000,-0.003111,0.000185,-0.000527,-0.0804,-0.0439,-9.5411
89430000,-0.001649,-0.000635,-0.003193,-0.0694,-0.0178,-9.6577
89440000,-0.000018,0.001248,-0.004105,-0.0632,0.0806,-9.5440
89450000,0.000053,-0.003700,-0.002674,-0.0545,-0.1194,-9.5067
89460000,-0.003042,-0.002772,-0.000489,-0.0251,0.0146,-9.5337
89470000,0.002296,-0.002246,0.003484,0.0141,-0.0099,-9.5001
89480000,-0.000201,-0.003610,-0.000235,0.0073,0.0658,-9.6412
89490000,0.000206,0.003864,-0.000729,0.1935,0.0373,-9.6095
89500000,0.000470,0.002048,-0.003822,0.0831,-0.0114,-9.6121
89510000,0.000761,-0.000251,0.000570,-0.0389,0.0708,-9.6695
89520000,0.001972,0.002786,-0.002050,0.0236,-0.0229,-9.5869
89530000,0.001504,0.001451,0.001413,0.1017,-0.0091,-9.6375
89540000,-0.000242,0.002155,0.000549,-0.0651,0.0466,-9.6442
89550000,0.004504,-0.003664,-0.001439,-0.0733,-0.0458,-9.5401
89560000,-0.000933,0.000365,-0.000355,-0.1555,-0.0249,-9.5125
89570000,-0.000369,0.005522,-0.001952,0.1383,-0.0276,-9.4657
89580000,-0.000177,0.002640,0.001490,-0.0055,0.0461,-9.4209
89590000,-0.001481,-0.000667,0.001963,0.1010,-0.0665,-9.6101
89600000,-0.001403,0.000289,-0.000165,-0.1872,0.1506,-9.3875
89610000,0.001646,0.000116,0.000549,0.0166,-0.0385,-9.4823
89620000,0.000860,0.002219,0.000601,-0.0697,0.0107,-9.6157
89630000,-0.000999,-0.000423,0.002664,0.0757,-0.1628,-9.5799
89640000,-0.001092,0.002782,0.002086,0.0673,0.0307,-9.5769
89650000,0.001377,-0.003358,0.000097,0.0549,-0.1313,-9.5888
89660000,0.001845,0.001028,-0.001507,-0.0280,0.0092,-9.5930
89670000,-0.000222,0.002322,-0.000891,0.0165,-0.0277,-9.6733
89680000,-0.001067,0.000505,-0.001088,0.0763,-0.0106,-9.6072
89690000,-0.000222,0.002069,-0.005020,0.1453,0.0001,-9.4264
89700000,0.000135,0.000418,-0.000589,0.1028,0.0417,-9.5848
89710000,-0.003477,-0.000433,-0.000550,0.0536,0.0517,-9.5517
89720000,0.001895,-0.001500,-0.001568,-0.0410,0.0436,-9.4858
89730000,-0.000170,-0.003370,-0.003253,-0.1324,0.0531,-9.5508
89740000,0.002257,0.000230,-0.000992,0.0018,0.0789,-9.6458
89750000,0.000117,0.000020,0.002562,-0.0329,0.0768,-9.5389
89760000,-0.000588,0.000653,-0.000854,-0.0026,0.2116,-9.5962
89770000,0.000305,-0.003500,-0.002471,0.0598,-0.0386,-9.5480
89780000,-0.002820,0.002453,-0.000089,-0.0736,0.0176,-9.6145
89790000,0.000334,-0.003053,0.001254,-0.0696,0.0155,-9.4891
89800000,-0.002978,-0.003041,-0.000408,0.0135,0.0577,-9.6229
89810000,0.002936,0.001262,0.000704,-0.0553,0.0311,-9.5185
89820000,-0.001117,-0.000466,0.000330,-0.1337,0.1059,-9.5984
89830000,-0.002299,0.001841,0.002392,-0.0399,0.0255,-9.6839
89840000,-0.000351,-0.000746,-0.002425,0.0810,-0.0543,-9.5022
89850000,-0.000831,0.002412,0.000963,-0.0822,0.0075,-9.6691
89860000,-0.001767,-0.001412,-0.001730,0.0347,0.0047,-9.5908
89870000,-0.001309,-0.000363,-0.000736,-0.0471,0.0321,-9.5431
89880000,0.002155,-0.002729,0.000036,-0.0150,-0.0014,-9.4962
89890000,0.001500,-0.000162,-0.001021,-0.0465,-0.0884,-9.4828
89900000,-0.003673,0.000386,-0.002529,0.1265,0.0673,-9.4923
89910000,0.000300,0.003572,-0.001295,0.0794,0.0165,-9.5221
89920000,0.002862,-0.001789,-0.001601,0.0389,-0.0070,-9.5612
89930000,-0.001760,0.001333,-0.000771,-0.0158,0.0271,-9.4745
89940000,-0.000974,-0.002177,0.000759,0.0433,-0.0945,-9.5993
89950000,-0.002801,-0.000098,-0.002935,-0.0421,-0.0793,-9.5356
89960000,-0.001319,-0.003862,-0.001449,-0.1119,0.0235,-9.4869
89970000,-0.001688,0.004516,-0.002141,-0.0422,-0.1770,-9.5936
89980000,0.000431,0.001692,-0.003023,0.0928,0.0367,-9.4957
89990000,-0.001138,-0.000854,0.000307,0.0503,-0.0112,-9.3876
90000000,0.000594,-0.000200,-0.000669,-0.0191,-0.0282,-9.4497
