# t_us, lat_deg, lon_deg, h_m, roll_deg, pitch_deg, yaw_deg, vn_mps, ve_mps, vd_mps
# MVP placeholder: this is the GNSS solution again, NOT an independent reference. roll/pitch/yaw hardcoded to 0/0/0 -- see inslib_convert_ubx_to_csv.py module docstring
5440128279,48.9598063000,8.4057011000,170.8680,0.000000,0.000000,0.000000,-0.0010,0.0010,0.0160
5440327645,48.9598063000,8.4057011000,170.8660,0.000000,0.000000,0.000000,-0.0010,-0.0040,-0.0140
5440532026,48.9598063000,8.4057011000,170.8710,0.000000,0.000000,0.000000,-0.0110,0.0030,-0.0150
5440727629,48.9598063000,8.4057011000,170.8730,0.000000,0.000000,0.000000,0.0090,0.0030,-0.0140
5440928249,48.9598063000,8.4057011000,170.8750,0.000000,0.000000,0.000000,0.0030,0.0080,-0.0100
5441130122,48.9598063000,8.4057011000,170.8750,0.000000,0.000000,0.000000,-0.0070,0.0020,0.0090
5441326979,48.9598063000,8.4057011000,170.8750,0.000000,0.000000,0.000000,0.0060,-0.0050,0.0030
5441527599,48.9598063000,8.4057011000,170.8710,0.000000,0.000000,0.000000,-0.0070,0.0030,0.0160
5441725710,48.9598063000,8.4057011000,170.8740,0.000000,0.000000,0.000000,0.0150,0.0090,-0.0140
5441927583,48.9598063000,8.4057011000,170.8750,0.000000,0.000000,0.000000,-0.0090,0.0120,-0.0060
5442126949,48.9598063000,8.4057011000,170.8760,0.000000,0.000000,0.000000,0.0110,0.0010,0.0020
5442326314,48.9598063000,8.4057011000,170.8730,0.000000,0.000000,0.000000,-0.0100,0.0060,-0.0090
5442526934,48.9598063000,8.4057011000,170.8730,0.000000,0.000000,0.000000,0.0070,-0.0020,0.0040
5442726299,48.9598063000,8.4057011000,170.8720,0.000000,0.000000,0.000000,0.0150,0.0080,0.0180
5442925664,48.9598063000,8.4057011000,170.8650,0.000000,0.000000,0.000000,0.0120,0.0030,0.0400
5443126284,48.9598063000,8.4057011000,170.8620,0.000000,0.000000,0.000000,0.0130,0.0020,0.0130
5443326903,48.9598063000,8.4057011000,170.8590,0.000000,0.000000,0.000000,0.0000,0.0050,-0.0050
5443526268,48.9598063000,8.4057011000,170.8600,0.000000,0.000000,0.000000,0.0060,-0.0030,0.0100
5443726888,48.9598063000,8.4057011000,170.8560,0.000000,0.000000,0.000000,0.0010,-0.0020,-0.0050
5443926253,48.9598063000,8.4057011000,170.8580,0.000000,0.000000,0.000000,-0.0020,0.0010,-0.0020
5444125619,48.9598063000,8.4057011000,170.8580,0.000000,0.000000,0.000000,-0.0010,0.0060,0.0090
5444326238,48.9598063000,8.4057011000,170.8540,0.000000,0.000000,0.000000,0.0060,0.0000,0.0110
5444525603,48.9598063000,8.4057011000,170.8550,0.000000,0.000000,0.000000,0.0010,-0.0070,-0.0170
5444724969,48.9598063000,8.4057011000,170.8550,0.000000,0.000000,0.000000,-0.0030,-0.0050,0.0070
5444925588,48.9598063000,8.4057011000,170.8560,0.000000,0.000000,0.000000,0.0060,0.0020,-0.0010
5445124953,48.9598063000,8.4057011000,170.8570,0.000000,0.000000,0.000000,-0.0050,0.0050,-0.0120
5445325573,48.9598063000,8.4057011000,170.8560,0.000000,0.000000,0.000000,0.0020,0.0050,0.0130
5445526192,48.9598063000,8.4057011000,170.8540,0.000000,0.000000,0.000000,0.0030,-0.0080,0.0100
5445726811,48.9598063000,8.4057010000,170.8530,0.000000,0.000000,0.000000,0.0040,-0.0020,0.0030
5445924923,48.9598062000,8.4057010000,170.8580,0.000000,0.000000,0.000000,0.0030,-0.0030,-0.0080
5446125542,48.9598062000,8.4057010000,170.8580,0.000000,0.000000,0.000000,-0.0100,0.0060,-0.0270
5446326161,48.9598062000,8.4057010000,170.8620,0.000000,0.000000,0.000000,-0.0020,0.0020,-0.0090
5446525527,48.9598062000,8.4057010000,170.8630,0.000000,0.000000,0.000000,-0.0010,0.0010,-0.0060
5446726146,48.9598062000,8.4057010000,170.8640,0.000000,0.000000,0.000000,0.0000,0.0050,-0.0060
5446925512,48.9598062000,8.4057010000,170.8660,0.000000,0.000000,0.000000,-0.0050,0.0000,-0.0180
5447126131,48.9598062000,8.4057010000,170.8670,0.000000,0.000000,0.000000,0.0020,0.0050,-0.0030
5447326750,48.9598062000,8.4057010000,170.8680,0.000000,0.000000,0.000000,-0.0100,0.0100,-0.0050
5447527369,48.9598062000,8.4057011000,170.8680,0.000000,0.000000,0.000000,0.0100,0.0150,-0.0020
5447726735,48.9598062000,8.4057011000,170.8670,0.000000,0.000000,0.000000,-0.0010,-0.0020,-0.0010
5447927354,48.9598062000,8.4057011000,170.8660,0.000000,0.000000,0.000000,0.0110,0.0000,0.0130
5448126720,48.9598062000,8.4057010000,170.8670,0.000000,0.000000,0.000000,-0.0070,-0.0050,-0.0010
5448326085,48.9598062000,8.4057010000,170.8660,0.000000,0.000000,0.000000,0.0030,0.0070,0.0020
5448527958,48.9598062000,8.4057010000,170.8630,0.000000,0.000000,0.000000,0.0060,0.0010,0.0020
5448728578,48.9598062000,8.4057010000,170.8630,0.000000,0.000000,0.000000,-0.0120,0.0000,-0.0040
5448926689,48.9598062000,8.4057010000,170.8650,0.000000,0.000000,0.000000,0.0050,0.0050,-0.0170
5449127308,48.9598062000,8.4057010000,170.8630,0.000000,0.000000,0.000000,0.0030,0.0110,0.0130
5449327928,48.9598062000,8.4057010000,170.8620,0.000000,0.000000,0.000000,-0.0030,0.0020,0.0010
5449527293,48.9598062000,8.4057010000,170.8590,0.000000,0.000000,0.000000,-0.0090,0.0080,0.0260
5449727913,48.9598062000,8.4057010000,170.8540,0.000000,0.000000,0.000000,-0.0060,0.0080,0.0000
5449928532,48.9598061000,8.4057010000,170.8540,0.000000,0.000000,0.000000,-0.0050,-0.0050,0.0180
5450130405,48.9598061000,8.4057010000,170.8540,0.000000,0.000000,0.000000,-0.0020,-0.0030,-0.0100
5450328517,48.9598061000,8.4057010000,170.8540,0.000000,0.000000,0.000000,0.0060,-0.0090,0.0050
5450527882,48.9598061000,8.4057010000,170.8530,0.000000,0.000000,0.000000,-0.0010,-0.0010,0.0120
5450728501,48.9598061000,8.4057010000,170.8490,0.000000,0.000000,0.000000,0.0020,0.0080,0.0160
5450929121,48.9598061000,8.4057010000,170.8470,0.000000,0.000000,0.000000,0.0040,-0.0030,0.0350
5451128486,48.9598062000,8.4057010000,170.8400,0.000000,0.000000,0.000000,-0.0030,-0.0040,0.0050
5451327851,48.9598061000,8.4057009000,170.8410,0.000000,0.000000,0.000000,-0.0030,0.0020,0.0090
5451528471,48.9598061000,8.4057009000,170.8410,0.000000,0.000000,0.000000,0.0030,0.0060,0.0020
5451726582,48.9598061000,8.4057010000,170.8400,0.000000,0.000000,0.000000,-0.0030,0.0070,-0.0140
5451932217,48.9598061000,8.4057010000,170.8400,0.000000,0.000000,0.000000,-0.0140,0.0090,0.0130
5452126567,48.9598061000,8.4057010000,170.8390,0.000000,0.000000,0.000000,-0.0060,-0.0010,0.0090
5452327186,48.9598061000,8.4057010000,170.8380,0.000000,0.000000,0.000000,0.0070,0.0020,0.0230
5452525298,48.9598061000,8.4057009000,170.8330,0.000000,0.000000,0.000000,-0.0110,-0.0120,0.0130
5452728425,48.9598061000,8.4057009000,170.8380,0.000000,0.000000,0.000000,-0.0020,-0.0060,-0.0340
5452927790,48.9598061000,8.4057009000,170.8420,0.000000,0.000000,0.000000,-0.0050,0.0050,-0.0260
5453128410,48.9598061000,8.4057009000,170.8430,0.000000,0.000000,0.000000,-0.0060,0.0030,0.0170
5453327775,48.9598061000,8.4057009000,170.8440,0.000000,0.000000,0.000000,0.0060,-0.0080,-0.0160
5453528394,48.9598061000,8.4057009000,170.8470,0.000000,0.000000,0.000000,0.0090,-0.0020,-0.0010
5453727760,48.9598061000,8.4057009000,170.8480,0.000000,0.000000,0.000000,-0.0030,-0.0030,-0.0150
5453927125,48.9598061000,8.4057009000,170.8490,0.000000,0.000000,0.000000,-0.0050,0.0040,0.0010
5454127745,48.9598061000,8.4057009000,170.8480,0.000000,0.000000,0.000000,0.0100,-0.0050,0.0070
5454327110,48.9598061000,8.4057009000,170.8480,0.000000,0.000000,0.000000,-0.0080,0.0010,-0.0160
5454527729,48.9598061000,8.4057009000,170.8480,0.000000,0.000000,0.000000,0.0030,-0.0020,0.0100
5454728349,48.9598061000,8.4057008000,170.8500,0.000000,0.000000,0.000000,0.0020,-0.0010,-0.0070
5454927714,48.9598062000,8.4057008000,170.8510,0.000000,0.000000,0.000000,-0.0020,-0.0150,0.0070
5455128334,48.9598062000,8.4057008000,170.8500,0.000000,0.000000,0.000000,0.0090,0.0110,-0.0060
5455327699,48.9598062000,8.4057008000,170.8500,0.000000,0.000000,0.000000,0.0240,0.0070,0.0390
5455525811,48.9598062000,8.4057008000,170.8460,0.000000,0.000000,0.000000,-0.0040,0.0020,-0.0190
5455727684,48.9598062000,8.4057009000,170.8520,0.000000,0.000000,0.000000,-0.0050,0.0030,-0.0050
5455927049,48.9598062000,8.4057008000,170.8520,0.000000,0.000000,0.000000,0.0010,-0.0050,-0.0210
5456125161,48.9598062000,8.4057008000,170.8540,0.000000,0.000000,0.000000,0.0010,0.0080,0.0220
5456327034,48.9598062000,8.4057008000,170.8530,0.000000,0.000000,0.000000,0.0050,-0.0020,-0.0140
5456527653,48.9598062000,8.4057008000,170.8570,0.000000,0.000000,0.000000,0.0110,0.0020,-0.0150
5456728273,48.9598062000,8.4057008000,170.8600,0.000000,0.000000,0.000000,-0.0020,0.0000,-0.0010
5456927638,48.9598062000,8.4057008000,170.8570,0.000000,0.000000,0.000000,0.0030,-0.0060,0.0060
5457127003,48.9598062000,8.4057008000,170.8560,0.000000,0.000000,0.000000,-0.0020,-0.0080,0.0100
5457326369,48.9598062000,8.4057008000,170.8570,0.000000,0.000000,0.000000,0.0050,-0.0060,0.0050
5457525734,48.9598062000,8.4057008000,170.8560,0.000000,0.000000,0.000000,0.0030,0.0010,0.0090
5457726354,48.9598062000,8.4057008000,170.8560,0.000000,0.000000,0.000000,-0.0100,0.0030,0.0030
5457925719,48.9598062000,8.4057008000,170.8560,0.000000,0.000000,0.000000,-0.0040,0.0090,-0.0200
5458126338,48.9598062000,8.4057008000,170.8620,0.000000,0.000000,0.000000,-0.0110,-0.0030,-0.0030
5458325704,48.9598061000,8.4057008000,170.8640,0.000000,0.000000,0.000000,0.0000,0.0160,-0.0010
5458531339,48.9598061000,8.4057008000,170.8660,0.000000,0.000000,0.000000,-0.0120,0.0030,-0.0400
5458725689,48.9598061000,8.4057008000,170.8710,0.000000,0.000000,0.000000,0.0120,0.0020,0.0060
5458926308,48.9598062000,8.4057008000,170.8720,0.000000,0.000000,0.000000,0.0130,-0.0020,-0.0080
5459128181,48.9598062000,8.4057008000,170.8720,0.000000,0.000000,0.000000,-0.0090,0.0030,-0.0080
5459326293,48.9598061000,8.4057008000,170.8740,0.000000,0.000000,0.000000,0.0020,-0.0090,0.0040
5459525658,48.9598062000,8.4057008000,170.8720,0.000000,0.000000,0.000000,0.0150,-0.0050,0.0120
5459726278,48.9598062000,8.4057008000,170.8700,0.000000,0.000000,0.000000,0.0060,-0.0010,0.0140
5459925643,48.9598062000,8.4057008000,170.8710,0.000000,0.000000,0.000000,-0.0010,-0.0020,-0.0160
5460126262,48.9598062000,8.4057008000,170.8740,0.000000,0.000000,0.000000,0.0010,0.0050,-0.0210
5460325628,48.9598062000,8.4057008000,170.8760,0.000000,0.000000,0.000000,0.0070,-0.0020,-0.0090
5460526247,48.9598062000,8.4057008000,170.8810,0.000000,0.000000,0.000000,-0.0070,0.0000,-0.0320
5460726867,48.9598062000,8.4057008000,170.8840,0.000000,0.000000,0.000000,0.0050,0.0060,0.0040
5460926232,48.9598062000,8.4057008000,170.8840,0.000000,0.000000,0.000000,0.0040,0.0030,0.0050
5461125597,48.9598062000,8.4057008000,170.8880,0.000000,0.000000,0.000000,0.0000,-0.0040,-0.0370
5461326217,48.9598061000,8.4057007000,170.8920,0.000000,0.000000,0.000000,-0.0130,-0.0080,-0.0400
5461525582,48.9598061000,8.4057007000,170.8950,0.000000,0.000000,0.000000,-0.0060,-0.0030,0.0070
5461726202,48.9598061000,8.4057007000,170.8960,0.000000,0.000000,0.000000,-0.0030,0.0000,-0.0240
5461925567,48.9598061000,8.4057007000,170.8990,0.000000,0.000000,0.000000,0.0150,-0.0010,0.0100
5462124932,48.9598061000,8.4057007000,170.8960,0.000000,0.000000,0.000000,0.0000,0.0020,0.0090
5462324298,48.9598061000,8.4057007000,170.8930,0.000000,0.000000,0.000000,-0.0040,0.0030,0.0180
5462524917,48.9598061000,8.4057007000,170.8930,0.000000,0.000000,0.000000,0.0120,-0.0070,-0.0040
5462724283,48.9598061000,8.4057007000,170.8940,0.000000,0.000000,0.000000,-0.0060,0.0050,-0.0140
5462924902,48.9598061000,8.4057007000,170.8960,0.000000,0.000000,0.000000,-0.0080,0.0030,0.0120
5463125521,48.9598061000,8.4057007000,170.8990,0.000000,0.000000,0.000000,0.0070,-0.0030,-0.0260
5463326141,48.9598061000,8.4057007000,170.9000,0.000000,0.000000,0.000000,0.0090,-0.0040,0.0000
5463526760,48.9598061000,8.4057006000,170.9010,0.000000,0.000000,0.000000,-0.0070,-0.0100,0.0000
5463727379,48.9598061000,8.4057006000,170.8970,0.000000,0.000000,0.000000,0.0050,0.0050,0.0140
5463935522,48.9598061000,8.4057006000,170.8960,0.000000,0.000000,0.000000,0.0040,0.0000,0.0290
5464126110,48.9598061000,8.4057006000,170.8950,0.000000,0.000000,0.000000,-0.0110,0.0140,-0.0180
5464326730,48.9598061000,8.4057006000,170.9000,0.000000,0.000000,0.000000,0.0030,0.0040,-0.0180
5464527349,48.9598060000,8.4057006000,170.9010,0.000000,0.000000,0.000000,0.0020,0.0060,-0.0080
5464727968,48.9598060000,8.4057006000,170.9020,0.000000,0.000000,0.000000,-0.0040,0.0000,-0.0060
5464927334,48.9598060000,8.4057006000,170.9040,0.000000,0.000000,0.000000,0.0000,-0.0010,0.0140
5465130461,48.9598060000,8.4057006000,170.9030,0.000000,0.000000,0.000000,-0.0020,0.0030,0.0010
5465327319,48.9598060000,8.4057006000,170.9030,0.000000,0.000000,0.000000,-0.0090,0.0040,-0.0020
5465527938,48.9598060000,8.4057006000,170.9040,0.000000,0.000000,0.000000,0.0070,0.0000,0.0140
5465728557,48.9598060000,8.4057006000,170.9030,0.000000,0.000000,0.000000,0.0050,-0.0030,0.0090
5465927923,48.9598060000,8.4057006000,170.9050,0.000000,0.000000,0.000000,0.0030,-0.0010,-0.0040
5466127288,48.9598060000,8.4057006000,170.9050,0.000000,0.000000,0.000000,0.0000,0.0110,-0.0180
5466325400,48.9598060000,8.4057006000,170.9080,0.000000,0.000000,0.000000,0.0010,-0.0110,-0.0090
5466527273,48.9598060000,8.4057005000,170.9100,0.000000,0.000000,0.000000,0.0080,0.0010,0.0020
5466727892,48.9598060000,8.4057005000,170.9120,0.000000,0.000000,0.000000,-0.0030,-0.0020,-0.0200
5466927258,48.9598059000,8.4057005000,170.9130,0.000000,0.000000,0.000000,0.0040,0.0030,0.0060
5467127877,48.9598059000,8.4057005000,170.9120,0.000000,0.000000,0.000000,-0.0020,-0.0060,0.0150
5467328497,48.9598059000,8.4057005000,170.9110,0.000000,0.000000,0.000000,-0.0070,0.0050,-0.0080
5467527862,48.9598059000,8.4057005000,170.9140,0.000000,0.000000,0.000000,-0.0080,0.0050,0.0030
5467727228,48.9598059000,8.4057005000,170.9170,0.000000,0.000000,0.000000,-0.0060,0.0020,-0.0350
5467927847,48.9598059000,8.4057005000,170.9200,0.000000,0.000000,0.000000,0.0030,-0.0070,-0.0280
5468128466,48.9598059000,8.4057005000,170.9230,0.000000,0.000000,0.000000,0.0080,-0.0010,0.0100
5468327832,48.9598059000,8.4057005000,170.9220,0.000000,0.000000,0.000000,0.0100,-0.0010,0.0030
5468528451,48.9598059000,8.4057005000,170.9200,0.000000,0.000000,0.000000,0.0020,0.0020,-0.0140
5468727817,48.9598059000,8.4057005000,170.9210,0.000000,0.000000,0.000000,0.0130,0.0030,0.0350
5468928436,48.9598059000,8.4057005000,170.9160,0.000000,0.000000,0.000000,0.0010,0.0010,-0.0030
5469127801,48.9598059000,8.4057005000,170.9170,0.000000,0.000000,0.000000,0.0000,0.0020,-0.0050
5469327167,48.9598059000,8.4057005000,170.9140,0.000000,0.000000,0.000000,0.0030,-0.0120,0.0230
5469527786,48.9598059000,8.4057005000,170.9130,0.000000,0.000000,0.000000,-0.0020,0.0050,0.0250
5469728406,48.9598059000,8.4057005000,170.9090,0.000000,0.000000,0.000000,0.0010,0.0090,0.0020
5469926517,48.9598059000,8.4057005000,170.9080,0.000000,0.000000,0.000000,0.0000,-0.0010,-0.0030
5470127136,48.9598059000,8.4057004000,170.9100,0.000000,0.000000,0.000000,0.0020,-0.0030,-0.0040
5470327756,48.9598059000,8.4057004000,170.9100,0.000000,0.000000,0.000000,0.0010,-0.0020,-0.0080
5470528375,48.9598059000,8.4057004000,170.9120,0.000000,0.000000,0.000000,-0.0020,-0.0040,-0.0120
5470727741,48.9598059000,8.4057004000,170.9150,0.000000,0.000000,0.000000,-0.0010,0.0000,-0.0160
5470928360,48.9598059000,8.4057004000,170.9170,0.000000,0.000000,0.000000,0.0020,-0.0090,-0.0020
5471127725,48.9598059000,8.4057004000,170.9170,0.000000,0.000000,0.000000,0.0080,0.0020,-0.0040
5471328345,48.9598059000,8.4057004000,170.9210,0.000000,0.000000,0.000000,0.0090,0.0010,-0.0270
5471527710,48.9598059000,8.4057004000,170.9210,0.000000,0.000000,0.000000,-0.0050,-0.0010,0.0070
5471725822,48.9598059000,8.4057004000,170.9190,0.000000,0.000000,0.000000,-0.0100,0.0010,0.0210
5471926441,48.9598058000,8.4057004000,170.9170,0.000000,0.000000,0.000000,-0.0080,0.0050,-0.0210
5472127061,48.9598058000,8.4057004000,170.9190,0.000000,0.000000,0.000000,-0.0120,0.0020,-0.0080
5472327680,48.9598058000,8.4057004000,170.9170,0.000000,0.000000,0.000000,-0.0060,-0.0020,0.0080
5472527045,48.9598058000,8.4057003000,170.9160,0.000000,0.000000,0.000000,0.0060,0.0040,0.0050
5472727665,48.9598058000,8.4057003000,170.9140,0.000000,0.000000,0.000000,-0.0010,0.0000,0.0190
5472928284,48.9598058000,8.4057003000,170.9130,0.000000,0.000000,0.000000,-0.0210,0.0040,-0.0130
5473126396,48.9598058000,8.4057003000,170.9130,0.000000,0.000000,0.000000,0.0120,-0.0010,-0.0170
5473328269,48.9598058000,8.4057004000,170.9100,0.000000,0.000000,0.000000,-0.0090,0.0340,0.0460
5473527634,48.9598058000,8.4057004000,170.9060,0.000000,0.000000,0.000000,-0.0060,-0.0160,-0.0190
5473727000,48.9598058000,8.4057003000,170.9030,0.000000,0.000000,0.000000,-0.0020,0.0080,0.0320
5473927619,48.9598058000,8.4057003000,170.8980,0.000000,0.000000,0.000000,-0.0050,-0.0120,0.0300
5474128238,48.9598058000,8.4057003000,170.8950,0.000000,0.000000,0.000000,-0.0040,0.0150,-0.0070
5474327604,48.9598059000,8.4057003000,170.8910,0.000000,0.000000,0.000000,0.0030,-0.0130,0.0050
5474528223,48.9598059000,8.4057002000,170.8900,0.000000,0.000000,0.000000,-0.0030,0.0040,0.0320
5474727589,48.9598059000,8.4057002000,170.8850,0.000000,0.000000,0.000000,0.0060,0.0060,0.0020
5474926954,48.9598059000,8.4057002000,170.8870,0.000000,0.000000,0.000000,0.0010,-0.0040,-0.0230
5475127574,48.9598059000,8.4057002000,170.8910,0.000000,0.000000,0.000000,-0.0110,-0.0010,0.0020
5475324432,48.9598059000,8.4057002000,170.8890,0.000000,0.000000,0.000000,-0.0010,0.0040,0.0090
5475527558,48.9598059000,8.4057002000,170.8910,0.000000,0.000000,0.000000,0.0030,-0.0030,-0.0020
5475726924,48.9598059000,8.4057001000,170.8910,0.000000,0.000000,0.000000,0.0040,-0.0010,-0.0250
5475931305,48.9598059000,8.4057001000,170.8950,0.000000,0.000000,0.000000,-0.0070,-0.0110,-0.0270
5476126909,48.9598059000,8.4057001000,170.8980,0.000000,0.000000,0.000000,-0.0070,-0.0020,-0.0070
5476327528,48.9598059000,8.4057000000,170.8970,0.000000,0.000000,0.000000,0.0110,0.0040,-0.0030
5476531909,48.9598059000,8.4057000000,170.8980,0.000000,0.000000,0.000000,-0.0010,-0.0030,-0.0140
5476727513,48.9598060000,8.4057000000,170.8960,0.000000,0.000000,0.000000,0.0130,-0.0010,0.0290
5476926878,48.9598060000,8.4057000000,170.8920,0.000000,0.000000,0.000000,0.0000,-0.0110,0.0040
5477126244,48.9598060000,8.4056999000,170.8900,0.000000,0.000000,0.000000,0.0050,0.0030,0.0060
5477326863,48.9598060000,8.4056999000,170.8880,0.000000,0.000000,0.000000,0.0110,0.0000,0.0160
5477527483,48.9598060000,8.4056999000,170.8850,0.000000,0.000000,0.000000,0.0030,0.0030,0.0150
5477726848,48.9598060000,8.4056999000,170.8810,0.000000,0.000000,0.000000,0.0030,-0.0070,0.0180
5477926214,48.9598060000,8.4056999000,170.8800,0.000000,0.000000,0.000000,0.0100,0.0060,-0.0090
5478125579,48.9598061000,8.4056999000,170.8800,0.000000,0.000000,0.000000,0.0040,-0.0080,0.0160
5478326198,48.9598061000,8.4056998000,170.8810,0.000000,0.000000,0.000000,0.0020,-0.0060,-0.0110
5478525564,48.9598061000,8.4056998000,170.8840,0.000000,0.000000,0.000000,0.0010,0.0050,-0.0040
5478726183,48.9598061000,8.4056998000,170.8850,0.000000,0.000000,0.000000,-0.0010,0.0110,-0.0120
5478924295,48.9598061000,8.4056998000,170.8870,0.000000,0.000000,0.000000,0.0040,-0.0020,-0.0240
5479124914,48.9598061000,8.4056998000,170.8880,0.000000,0.000000,0.000000,0.0060,0.0020,0.0100
5479325534,48.9598061000,8.4056998000,170.8880,0.000000,0.000000,0.000000,0.0110,-0.0070,-0.0040
5479527407,48.9598061000,8.4056998000,170.8890,0.000000,0.000000,0.000000,0.0050,-0.0050,-0.0290
5479726772,48.9598061000,8.4056998000,170.8930,0.000000,0.000000,0.000000,0.0050,0.0040,-0.0110
5479926138,48.9598061000,8.4056998000,170.8940,0.000000,0.000000,0.000000,0.0070,0.0030,0.0060
5480126757,48.9598061000,8.4056997000,170.8920,0.000000,0.000000,0.000000,-0.0020,-0.0020,-0.0240
5480327377,48.9598061000,8.4056997000,170.8960,0.000000,0.000000,0.000000,-0.0010,-0.0040,-0.0140
5480526742,48.9598061000,8.4056997000,170.8980,0.000000,0.000000,0.000000,-0.0110,-0.0040,-0.0280
5480727361,48.9598061000,8.4056997000,170.9030,0.000000,0.000000,0.000000,0.0010,-0.0030,-0.0270
5480926727,48.9598061000,8.4056997000,170.9040,0.000000,0.000000,0.000000,-0.0120,0.0000,0.0040
5481127346,48.9598061000,8.4056997000,170.9020,0.000000,0.000000,0.000000,0.0010,0.0000,-0.0100
5481327966,48.9598061000,8.4056996000,170.9030,0.000000,0.000000,0.000000,0.0120,-0.0100,-0.0020
5481527331,48.9598061000,8.4056996000,170.9010,0.000000,0.000000,0.000000,0.0080,0.0030,0.0160
5481727951,48.9598061000,8.4056996000,170.9000,0.000000,0.000000,0.000000,0.0010,-0.0010,-0.0110
5481926062,48.9598061000,8.4056996000,170.8990,0.000000,0.000000,0.000000,-0.0070,-0.0110,-0.0080
5482126682,48.9598061000,8.4056996000,170.8990,0.000000,0.000000,0.000000,0.0010,0.0080,-0.0090
5482327301,48.9598061000,8.4056996000,170.9010,0.000000,0.000000,0.000000,0.0020,-0.0030,-0.0210
5482527920,48.9598061000,8.4056996000,170.9000,0.000000,0.000000,0.000000,0.0030,-0.0020,-0.0020
5482727286,48.9598061000,8.4056996000,170.8990,0.000000,0.000000,0.000000,0.0000,0.0020,-0.0140
5482927905,48.9598061000,8.4056995000,170.8990,0.000000,0.000000,0.000000,0.0110,0.0000,0.0180
5483127271,48.9598062000,8.4056995000,170.8920,0.000000,0.000000,0.000000,0.0160,0.0090,0.0090
5483326636,48.9598062000,8.4056995000,170.8880,0.000000,0.000000,0.000000,0.0070,-0.0020,0.0100
5483526002,48.9598062000,8.4056995000,170.8870,0.000000,0.000000,0.000000,0.0020,-0.0030,0.0090
5483726621,48.9598062000,8.4056995000,170.8840,0.000000,0.000000,0.000000,-0.0020,-0.0100,-0.0040
5483925987,48.9598062000,8.4056995000,170.8830,0.000000,0.000000,0.000000,-0.0120,0.0080,-0.0130
5484126606,48.9598062000,8.4056995000,170.8840,0.000000,0.000000,0.000000,0.0000,0.0010,-0.0060
5484327225,48.9598062000,8.4056994000,170.8830,0.000000,0.000000,0.000000,-0.0030,0.0030,-0.0300
5484526591,48.9598062000,8.4056994000,170.8840,0.000000,0.000000,0.000000,0.0080,0.0040,0.0140
5484727210,48.9598062000,8.4056994000,170.8790,0.000000,0.000000,0.000000,0.0040,0.0020,0.0050
5484927830,48.9598062000,8.4056994000,170.8770,0.000000,0.000000,0.000000,0.0000,-0.0110,0.0000
5485127195,48.9598062000,8.4056993000,170.8730,0.000000,0.000000,0.000000,-0.0110,-0.0080,0.0120
5485326561,48.9598062000,8.4056993000,170.8700,0.000000,0.000000,0.000000,-0.0050,0.0020,-0.0140
5485524672,48.9598062000,8.4056993000,170.8710,0.000000,0.000000,0.000000,0.0090,-0.0040,0.0010
5485726546,48.9598063000,8.4056993000,170.8680,0.000000,0.000000,0.000000,0.0030,0.0080,-0.0130
5485925911,48.9598063000,8.4056993000,170.8680,0.000000,0.000000,0.000000,0.0050,-0.0040,0.0080
5486129038,48.9598063000,8.4056993000,170.8660,0.000000,0.000000,0.000000,0.0040,0.0040,-0.0020
5486324642,48.9598063000,8.4056992000,170.8660,0.000000,0.000000,0.000000,-0.0020,-0.0230,-0.0180
5486526515,48.9598063000,8.4056992000,170.8660,0.000000,0.000000,0.000000,0.0020,0.0000,-0.0110
5486725881,48.9598063000,8.4056992000,170.8660,0.000000,0.000000,0.000000,0.0020,0.0160,-0.0110
5486926500,48.9598063000,8.4056992000,170.8680,0.000000,0.000000,0.000000,-0.0060,0.0010,-0.0110
5487129627,48.9598063000,8.4056992000,170.8660,0.000000,0.000000,0.000000,0.0130,-0.0100,0.0150
5487326485,48.9598063000,8.4056992000,170.8620,0.000000,0.000000,0.000000,-0.0120,-0.0110,-0.0250
5487527105,48.9598063000,8.4056991000,170.8640,0.000000,0.000000,0.000000,-0.0120,0.0050,0.0000
5487727724,48.9598063000,8.4056991000,170.8620,0.000000,0.000000,0.000000,0.0160,0.0050,0.0100
5487929597,48.9598063000,8.4056991000,170.8570,0.000000,0.000000,0.000000,0.0170,0.0000,0.0170
5488126455,48.9598064000,8.4056991000,170.8540,0.000000,0.000000,0.000000,-0.0130,0.0070,-0.0110
5488325820,48.9598064000,8.4056991000,170.8550,0.000000,0.000000,0.000000,0.0060,-0.0050,0.0100
5488526440,48.9598064000,8.4056991000,170.8480,0.000000,0.000000,0.000000,-0.0020,0.0030,0.0040
5488725805,48.9598064000,8.4056991000,170.8490,0.000000,0.000000,0.000000,-0.0040,0.0050,-0.0110
5488926425,48.9598064000,8.4056991000,170.8470,0.000000,0.000000,0.000000,0.0050,-0.0060,0.0110
5489125790,48.9598064000,8.4056991000,170.8450,0.000000,0.000000,0.000000,-0.0080,-0.0010,-0.0170
5489323902,48.9598064000,8.4056991000,170.8450,0.000000,0.000000,0.000000,0.0050,-0.0090,0.0180
5489525775,48.9598064000,8.4056991000,170.8430,0.000000,0.000000,0.000000,0.0120,0.0020,-0.0030
5489723887,48.9598064000,8.4056991000,170.8420,0.000000,0.000000,0.000000,-0.0090,0.0010,-0.0080
5489925760,48.9598064000,8.4056990000,170.8420,0.000000,0.000000,0.000000,-0.0090,0.0010,0.0010
5490126379,48.9598064000,8.4056990000,170.8410,0.000000,0.000000,0.000000,0.0000,0.0010,0.0260
5490325745,48.9598064000,8.4056990000,170.8360,0.000000,0.000000,0.000000,-0.0020,0.0060,-0.0200
5490526364,48.9598064000,8.4056990000,170.8350,0.000000,0.000000,0.000000,-0.0110,-0.0070,0.0100
5490726984,48.9598064000,8.4056990000,170.8350,0.000000,0.000000,0.000000,-0.0080,-0.0010,-0.0030
5490926349,48.9598064000,8.4056990000,170.8350,0.000000,0.000000,0.000000,0.0030,0.0090,0.0040
5491125715,48.9598064000,8.4056990000,170.8330,0.000000,0.000000,0.000000,0.0140,0.0010,0.0230
5491326334,48.9598064000,8.4056990000,170.8320,0.000000,0.000000,0.000000,-0.0020,-0.0120,-0.0170
5491525700,48.9598064000,8.4056990000,170.8300,0.000000,0.000000,0.000000,0.0010,-0.0060,0.0160
5491726319,48.9598064000,8.4056990000,170.8290,0.000000,0.000000,0.000000,0.0050,0.0050,-0.0040
5491925685,48.9598064000,8.4056990000,170.8290,0.000000,0.000000,0.000000,-0.0140,-0.0040,-0.0260
5492127558,48.9598064000,8.4056990000,170.8290,0.000000,0.000000,0.000000,0.0060,0.0080,0.0230
5492325670,48.9598064000,8.4056990000,170.8260,0.000000,0.000000,0.000000,0.0000,-0.0070,-0.0280
5492525035,48.9598064000,8.4056989000,170.8280,0.000000,0.000000,0.000000,-0.0110,0.0010,-0.0010
5492724401,48.9598064000,8.4056989000,170.8270,0.000000,0.000000,0.000000,0.0170,-0.0030,-0.0050
5492923766,48.9598064000,8.4056989000,170.8260,0.000000,0.000000,0.000000,-0.0010,-0.0050,-0.0050
5493125639,48.9598065000,8.4056989000,170.8240,0.000000,0.000000,0.000000,0.0120,0.0000,-0.0030
5493325005,48.9598065000,8.4056989000,170.8190,0.000000,0.000000,0.000000,0.0150,0.0070,0.0360
5493524370,48.9598065000,8.4056989000,170.8130,0.000000,0.000000,0.000000,0.0020,0.0030,-0.0110
5493724990,48.9598065000,8.4056989000,170.8130,0.000000,0.000000,0.000000,-0.0020,-0.0040,0.0030
5493925609,48.9598065000,8.4056988000,170.8100,0.000000,0.000000,0.000000,-0.0070,-0.0210,-0.0050
5494124975,48.9598065000,8.4056988000,170.8080,0.000000,0.000000,0.000000,-0.0010,0.0030,-0.0070
5494325594,48.9598065000,8.4056988000,170.8060,0.000000,0.000000,0.000000,-0.0020,0.0050,0.0100
5494528721,48.9598065000,8.4056988000,170.8010,0.000000,0.000000,0.000000,-0.0020,-0.0060,-0.0020
5494724325,48.9598065000,8.4056988000,170.7970,0.000000,0.000000,0.000000,0.0060,-0.0020,0.0400
5494924945,48.9598065000,8.4056987000,170.7910,0.000000,0.000000,0.000000,-0.0140,-0.0030,-0.0080
5495124310,48.9598065000,8.4056987000,170.7900,0.000000,0.000000,0.000000,-0.0060,0.0020,0.0150
5495324930,48.9598065000,8.4056987000,170.7860,0.000000,0.000000,0.000000,0.0020,0.0100,0.0060
5495525549,48.9598065000,8.4056987000,170.7860,0.000000,0.000000,0.000000,-0.0200,-0.0090,-0.0290
5495726168,48.9598065000,8.4056987000,170.7850,0.000000,0.000000,0.000000,-0.0040,0.0070,0.0250
5495925534,48.9598065000,8.4056987000,170.7810,0.000000,0.000000,0.000000,-0.0050,-0.0020,0.0000
5496325519,48.9598066000,8.4056987000,170.7800,0.000000,0.000000,0.000000,-0.0030,0.0030,-0.0180
5496526138,48.9598066000,8.4056987000,170.7830,0.000000,0.000000,0.000000,-0.0080,0.0050,-0.0280
5496726758,48.9598066000,8.4056987000,170.7830,0.000000,0.000000,0.000000,-0.0020,-0.0040,0.0140
5496926123,48.9598066000,8.4056987000,170.7810,0.000000,0.000000,0.000000,0.0030,0.0020,-0.0110
5497125489,48.9598066000,8.4056987000,170.7790,0.000000,0.000000,0.000000,0.0070,0.0060,0.0070
5497327362,48.9598066000,8.4056987000,170.7750,0.000000,0.000000,0.000000,0.0080,-0.0040,0.0230
5497526727,48.9598066000,8.4056986000,170.7710,0.000000,0.000000,0.000000,-0.0050,-0.0020,-0.0070
5497726093,48.9598066000,8.4056986000,170.7700,0.000000,0.000000,0.000000,0.0070,-0.0090,0.0340
5497926712,48.9598066000,8.4056986000,170.7640,0.000000,0.000000,0.000000,0.0000,-0.0030,-0.0100
5498128586,48.9598066000,8.4056986000,170.7650,0.000000,0.000000,0.000000,-0.0130,0.0040,0.0030
5498326697,48.9598066000,8.4056986000,170.7610,0.000000,0.000000,0.000000,0.0030,0.0010,0.0160
5498526063,48.9598066000,8.4056985000,170.7590,0.000000,0.000000,0.000000,-0.0120,-0.0060,0.0060
5498726682,48.9598066000,8.4056985000,170.7580,0.000000,0.000000,0.000000,0.0080,-0.0110,-0.0160
5498927302,48.9598067000,8.4056985000,170.7570,0.000000,0.000000,0.000000,0.0170,0.0030,0.0280
5499127921,48.9598067000,8.4056985000,170.7520,0.000000,0.000000,0.000000,0.0020,0.0160,0.0060
5499326033,48.9598067000,8.4056985000,170.7490,0.000000,0.000000,0.000000,-0.0070,-0.0050,0.0160
5499525398,48.9598067000,8.4056985000,170.7460,0.000000,0.000000,0.000000,0.0040,0.0000,-0.0010
5499726018,48.9598067000,8.4056985000,170.7460,0.000000,0.000000,0.000000,-0.0060,0.0050,0.0070
5499930399,48.9598067000,8.4056985000,170.7410,0.000000,0.000000,0.000000,0.0010,0.0000,0.0080
5500124749,48.9598067000,8.4056985000,170.7410,0.000000,0.000000,0.000000,-0.0020,0.0040,0.0080
5500326622,48.9598067000,8.4056985000,170.7430,0.000000,0.000000,0.000000,-0.0080,-0.0050,-0.0360
5500527241,48.9598067000,8.4056985000,170.7460,0.000000,0.000000,0.000000,-0.0040,0.0080,0.0000
5500727861,48.9598067000,8.4056985000,170.7460,0.000000,0.000000,0.000000,-0.0090,0.0010,-0.0160
5500927226,48.9598067000,8.4056985000,170.7460,0.000000,0.000000,0.000000,0.0010,-0.0080,0.0210
5501129100,48.9598067000,8.4056985000,170.7430,0.000000,0.000000,0.000000,-0.0030,0.0030,0.0010
5501327211,48.9598067000,8.4056985000,170.7420,0.000000,0.000000,0.000000,0.0050,-0.0010,-0.0060
5501527831,48.9598067000,8.4056984000,170.7420,0.000000,0.000000,0.000000,0.0110,-0.0030,-0.0140
5501727196,48.9598067000,8.4056984000,170.7440,0.000000,0.000000,0.000000,-0.0280,-0.0060,-0.0010
5501926562,48.9598067000,8.4056984000,170.7460,0.000000,0.000000,0.000000,-0.0080,-0.0120,-0.0060
5502127181,48.9598067000,8.4056984000,170.7470,0.000000,0.000000,0.000000,0.0020,0.0000,-0.0250
5502326547,48.9598067000,8.4056984000,170.7510,0.000000,0.000000,0.000000,0.0060,-0.0040,-0.0020
5502525912,48.9598067000,8.4056984000,170.7500,0.000000,0.000000,0.000000,0.0010,0.0060,-0.0150
5502726532,48.9598068000,8.4056984000,170.7520,0.000000,0.000000,0.000000,0.0030,0.0040,-0.0030
5502925897,48.9598068000,8.4056984000,170.7490,0.000000,0.000000,0.000000,-0.0030,0.0040,-0.0040
5503125263,48.9598068000,8.4056983000,170.7460,0.000000,0.000000,0.000000,0.0130,-0.0080,0.0080
5503325882,48.9598068000,8.4056983000,170.7460,0.000000,0.000000,0.000000,-0.0030,-0.0050,-0.0070
5503526502,48.9598068000,8.4056983000,170.7470,0.000000,0.000000,0.000000,-0.0010,0.0050,-0.0110
5503725867,48.9598068000,8.4056983000,170.7450,0.000000,0.000000,0.000000,0.0010,0.0040,0.0070
5503927740,48.9598068000,8.4056983000,170.7450,0.000000,0.000000,0.000000,-0.0090,-0.0040,-0.0090
5504127106,48.9598068000,8.4056982000,170.7450,0.000000,0.000000,0.000000,-0.0030,-0.0040,-0.0020
5504327725,48.9598068000,8.4056982000,170.7460,0.000000,0.000000,0.000000,-0.0070,-0.0010,0.0040
5504528345,48.9598068000,8.4056982000,170.7390,0.000000,0.000000,0.000000,0.0090,0.0080,0.0320
5504726456,48.9598068000,8.4056982000,170.7330,0.000000,0.000000,0.000000,0.0030,0.0080,0.0100
5504927076,48.9598068000,8.4056982000,170.7360,0.000000,0.000000,0.000000,-0.0040,-0.0050,-0.0040
5505126441,48.9598068000,8.4056982000,170.7330,0.000000,0.000000,0.000000,0.0020,-0.0140,0.0160
5505327061,48.9598068000,8.4056982000,170.7310,0.000000,0.000000,0.000000,-0.0010,0.0060,0.0050
5505526426,48.9598068000,8.4056982000,170.7290,0.000000,0.000000,0.000000,0.0040,0.0100,-0.0030
5505725792,48.9598068000,8.4056982000,170.7320,0.000000,0.000000,0.000000,0.0040,0.0050,-0.0110
5505923904,48.9598069000,8.4056982000,170.7350,0.000000,0.000000,0.000000,0.0010,0.0080,-0.0190
5506124523,48.9598069000,8.4056982000,170.7360,0.000000,0.000000,0.000000,0.0030,-0.0140,-0.0170
5506325142,48.9598069000,8.4056981000,170.7400,0.000000,0.000000,0.000000,-0.0020,-0.0120,-0.0140
5506524508,48.9598069000,8.4056981000,170.7400,0.000000,0.000000,0.000000,0.0040,0.0050,-0.0040
5506725127,48.9598069000,8.4056981000,170.7390,0.000000,0.000000,0.000000,0.0010,0.0070,0.0030
5506924493,48.9598069000,8.4056981000,170.7410,0.000000,0.000000,0.000000,0.0050,-0.0130,-0.0190
5507123858,48.9598069000,8.4056981000,170.7420,0.000000,0.000000,0.000000,-0.0120,0.0150,-0.0110
5507325732,48.9598069000,8.4056981000,170.7430,0.000000,0.000000,0.000000,0.0100,0.0030,0.0170
5507526351,48.9598069000,8.4056981000,170.7430,0.000000,0.000000,0.000000,-0.0090,-0.0090,-0.0480
5507725717,48.9598069000,8.4056981000,170.7450,0.000000,0.000000,0.000000,-0.0090,-0.0010,0.0080
5507926336,48.9598069000,8.4056980000,170.7420,0.000000,0.000000,0.000000,0.0150,-0.0030,0.0130
5508126956,48.9598069000,8.4056980000,170.7420,0.000000,0.000000,0.000000,-0.0100,-0.0010,-0.0200
5508325067,48.9598069000,8.4056980000,170.7430,0.000000,0.000000,0.000000,0.0100,-0.0030,-0.0040
5508525687,48.9598069000,8.4056980000,170.7410,0.000000,0.000000,0.000000,0.0070,-0.0060,0.0070
5508725052,48.9598069000,8.4056980000,170.7410,0.000000,0.000000,0.000000,0.0080,-0.0130,0.0010
5508924418,48.9598069000,8.4056979000,170.7390,0.000000,0.000000,0.000000,0.0010,-0.0010,-0.0010
5509121275,48.9598069000,8.4056979000,170.7370,0.000000,0.000000,0.000000,0.0030,0.0010,0.0180
5509325657,48.9598069000,8.4056979000,170.7320,0.000000,0.000000,0.000000,0.0000,0.0030,0.0320
5509525022,48.9598069000,8.4056979000,170.7310,0.000000,0.000000,0.000000,-0.0050,0.0000,-0.0340
5509724388,48.9598069000,8.4056979000,170.7360,0.000000,0.000000,0.000000,-0.0010,-0.0090,0.0070
5509925007,48.9598069000,8.4056979000,170.7370,0.000000,0.000000,0.000000,-0.0120,0.0040,-0.0340
5510124373,48.9598069000,8.4056979000,170.7400,0.000000,0.000000,0.000000,0.0010,0.0040,0.0040
5510324992,48.9598069000,8.4056979000,170.7410,0.000000,0.000000,0.000000,0.0060,-0.0020,-0.0190
5510526865,48.9598069000,8.4056979000,170.7440,0.000000,0.000000,0.000000,-0.0060,0.0020,-0.0200
5510726231,48.9598069000,8.4056979000,170.7450,0.000000,0.000000,0.000000,-0.0020,0.0060,-0.0180
5510926850,48.9598069000,8.4056979000,170.7450,0.000000,0.000000,0.000000,-0.0020,-0.0060,-0.0110
5511126216,48.9598068000,8.4056979000,170.7460,0.000000,0.000000,0.000000,-0.0050,0.0030,0.0120
5511324328,48.9598068000,8.4056979000,170.7450,0.000000,0.000000,0.000000,0.0040,0.0000,-0.0040
5511526201,48.9598068000,8.4056979000,170.7420,0.000000,0.000000,0.000000,-0.0040,0.0020,0.0000
5511725566,48.9598068000,8.4056979000,170.7410,0.000000,0.000000,0.000000,0.0010,0.0040,-0.0160
5511929947,48.9598068000,8.4056979000,170.7430,0.000000,0.000000,0.000000,-0.0160,0.0030,0.0000
5512125551,48.9598068000,8.4056979000,170.7430,0.000000,0.000000,0.000000,-0.0110,-0.0020,-0.0070
5512326171,48.9598068000,8.4056979000,170.7420,0.000000,0.000000,0.000000,-0.0070,0.0020,-0.0140
5512529298,48.9598068000,8.4056979000,170.7420,0.000000,0.000000,0.000000,0.0130,-0.0060,0.0030
5512724902,48.9598068000,8.4056979000,170.7400,0.000000,0.000000,0.000000,0.0030,-0.0030,0.0140
5512925521,48.9598068000,8.4056979000,170.7390,0.000000,0.000000,0.000000,0.0030,0.0000,-0.0070
5513126141,48.9598068000,8.4056979000,170.7400,0.000000,0.000000,0.000000,-0.0020,-0.0090,0.0060
5513325506,48.9598068000,8.4056979000,170.7380,0.000000,0.000000,0.000000,-0.0320,-0.0020,-0.0020
5513725491,48.9598065000,8.4056979000,170.7380,0.000000,0.000000,0.000000,-0.1120,0.0160,-0.0230
5513926111,48.9598063000,8.4056979000,170.7390,0.000000,0.000000,0.000000,-0.1420,0.0150,0.0450
5514126730,48.9598060000,8.4056979000,170.7380,0.000000,0.000000,0.000000,-0.1860,0.0140,-0.0300
5514327350,48.9598057000,8.4056980000,170.7430,0.000000,0.000000,0.000000,-0.1530,0.0170,-0.0120
5514527969,48.9598055000,8.4056980000,170.7440,0.000000,0.000000,0.000000,-0.0440,-0.0020,-0.0060
5514926700,48.9598055000,8.4056979000,170.7510,0.000000,0.000000,0.000000,-0.0350,-0.0030,-0.0130
5515127320,48.9598055000,8.4056979000,170.7520,0.000000,0.000000,0.000000,0.0290,0.0030,0.0180
5515327939,48.9598055000,8.4056979000,170.7560,0.000000,0.000000,0.000000,-0.0170,-0.0060,-0.0300
5515527305,48.9598055000,8.4056979000,170.7580,0.000000,0.000000,0.000000,-0.0070,-0.0020,0.0050
5515725416,48.9598055000,8.4056978000,170.7600,0.000000,0.000000,0.000000,-0.0050,-0.0020,-0.0230
5515927290,48.9598055000,8.4056978000,170.7600,0.000000,0.000000,0.000000,0.0030,0.0070,0.0190
5516126655,48.9598055000,8.4056978000,170.7600,0.000000,0.000000,0.000000,0.0050,0.0010,0.0150
5516326021,48.9598055000,8.4056978000,170.7600,0.000000,0.000000,0.000000,-0.0080,-0.0050,-0.0180
5516527894,48.9598054000,8.4056978000,170.7630,0.000000,0.000000,0.000000,-0.0250,0.0010,-0.0270
5516726006,48.9598054000,8.4056978000,170.7690,0.000000,0.000000,0.000000,-0.0130,-0.0010,-0.0150
5516926625,48.9598054000,8.4056978000,170.7720,0.000000,0.000000,0.000000,-0.0010,-0.0040,-0.0120
5517127245,48.9598054000,8.4056978000,170.7730,0.000000,0.000000,0.000000,-0.0070,-0.0040,-0.0020
5517326610,48.9598054000,8.4056977000,170.7730,0.000000,0.000000,0.000000,0.0030,0.0000,0.0150
5517525976,48.9598054000,8.4056977000,170.7670,0.000000,0.000000,0.000000,-0.0070,-0.0180,0.0300
5517727849,48.9598054000,8.4056977000,170.7650,0.000000,0.000000,0.000000,0.0170,0.0200,-0.0010
5517927215,48.9598054000,8.4056977000,170.7680,0.000000,0.000000,0.000000,-0.0060,0.0030,0.0040
5518126580,48.9598054000,8.4056977000,170.7660,0.000000,0.000000,0.000000,-0.0140,-0.0060,-0.0060
5518327200,48.9598054000,8.4056977000,170.7660,0.000000,0.000000,0.000000,0.0070,0.0050,0.0270
5518527819,48.9598054000,8.4056977000,170.7640,0.000000,0.000000,0.000000,-0.0010,0.0000,0.0010
5518727185,48.9598054000,8.4056977000,170.7660,0.000000,0.000000,0.000000,0.0000,-0.0100,-0.0060
5518927804,48.9598054000,8.4056977000,170.7670,0.000000,0.000000,0.000000,-0.0030,-0.0020,-0.0040
5519127170,48.9598054000,8.4056977000,170.7680,0.000000,0.000000,0.000000,0.0150,0.0030,0.0200
5519326535,48.9598054000,8.4056977000,170.7670,0.000000,0.000000,0.000000,-0.0110,0.0000,-0.0060
5519527155,48.9598054000,8.4056976000,170.7680,0.000000,0.000000,0.000000,0.0070,0.0020,0.0020
5519726520,48.9598054000,8.4056976000,170.7710,0.000000,0.000000,0.000000,0.0030,-0.0090,-0.0020
5519925886,48.9598054000,8.4056976000,170.7730,0.000000,0.000000,0.000000,0.0080,-0.0010,0.0040
5520126505,48.9598054000,8.4056976000,170.7760,0.000000,0.000000,0.000000,-0.0140,-0.0010,-0.0330
5520327125,48.9598054000,8.4056976000,170.7800,0.000000,0.000000,0.000000,0.0010,0.0070,-0.0060
5520526490,48.9598054000,8.4056976000,170.7850,0.000000,0.000000,0.000000,-0.0110,-0.0030,-0.0380
5520727110,48.9598054000,8.4056976000,170.7900,0.000000,0.000000,0.000000,-0.0110,-0.0020,-0.0070
5520927729,48.9598054000,8.4056976000,170.7910,0.000000,0.000000,0.000000,0.0140,-0.0020,0.0050
5521125841,48.9598054000,8.4056976000,170.7880,0.000000,0.000000,0.000000,0.0100,0.0030,0.0120
5521327714,48.9598054000,8.4056976000,170.7910,0.000000,0.000000,0.000000,0.0010,-0.0040,-0.0210
5521527080,48.9598055000,8.4056976000,170.7940,0.000000,0.000000,0.000000,0.0130,0.0010,0.0020
5521727699,48.9598055000,8.4056976000,170.7940,0.000000,0.000000,0.000000,-0.0020,-0.0030,-0.0210
5521927065,48.9598055000,8.4056976000,170.7960,0.000000,0.000000,0.000000,0.0080,0.0020,-0.0110
5522126430,48.9598055000,8.4056976000,170.7970,0.000000,0.000000,0.000000,0.0000,-0.0030,-0.0060
5522327050,48.9598055000,8.4056975000,170.7980,0.000000,0.000000,0.000000,0.0040,-0.0050,0.0030
5522527669,48.9598055000,8.4056975000,170.7970,0.000000,0.000000,0.000000,-0.0010,0.0090,0.0080
5522727035,48.9598054000,8.4056976000,170.7980,0.000000,0.000000,0.000000,-0.0340,0.0140,0.0020
5522926400,48.9598053000,8.4056976000,170.7960,0.000000,0.000000,0.000000,-0.1100,0.0020,0.0120
5523127020,48.9598050000,8.4056976000,170.7950,0.000000,0.000000,0.000000,-0.2310,0.0120,-0.0150
5523326385,48.9598045000,8.4056976000,170.7990,0.000000,0.000000,0.000000,-0.3750,0.0330,0.0060
5523525751,48.9598036000,8.4056978000,170.8010,0.000000,0.000000,0.000000,-0.5440,0.0640,-0.0460
5523725116,48.9598026000,8.4056979000,170.8030,0.000000,0.000000,0.000000,-0.6500,0.0620,0.0310
5523938275,48.9598013000,8.4056982000,170.7920,0.000000,0.000000,0.000000,-0.7790,0.1240,0.0480
5524125101,48.9597997000,8.4056985000,170.7880,0.000000,0.000000,0.000000,-0.9710,0.1350,0.0050
5524326975,48.9597978000,8.4056990000,170.7880,0.000000,0.000000,0.000000,-1.0930,0.2150,0.0040
5524527594,48.9597957000,8.4056996000,170.7870,0.000000,0.000000,0.000000,-1.2090,0.2180,-0.0070
5524726960,48.9597935000,8.4057002000,170.7820,0.000000,0.000000,0.000000,-1.3090,0.2670,0.0250
5524927579,48.9597911000,8.4057010000,170.7800,0.000000,0.000000,0.000000,-1.3590,0.3100,-0.0070
5525129452,48.9597885000,8.4057019000,170.7840,0.000000,0.000000,0.000000,-1.4960,0.3460,-0.0350
5525326310,48.9597856000,8.4057030000,170.7830,0.000000,0.000000,0.000000,-1.6830,0.4620,-0.0020
5525525676,48.9597824000,8.4057043000,170.7800,0.000000,0.000000,0.000000,-1.8650,0.5150,0.0100
5525726295,48.9597789000,8.4057058000,170.7680,0.000000,0.000000,0.000000,-2.0200,0.5820,0.0640
5525925661,48.9597751000,8.4057076000,170.7590,0.000000,0.000000,0.000000,-2.1790,0.7050,0.0320
5526125026,48.9597710000,8.4057096000,170.7500,0.000000,0.000000,0.000000,-2.3420,0.7930,0.0460
5526325646,48.9597667000,8.4057119000,170.7410,0.000000,0.000000,0.000000,-2.4690,0.8770,0.0480
5526525011,48.9597621000,8.4057144000,170.7410,0.000000,0.000000,0.000000,-2.6070,0.9930,-0.0290
5526724377,48.9597573000,8.4057173000,170.7530,0.000000,0.000000,0.000000,-2.7380,1.1430,-0.0680
5526923743,48.9597522000,8.4057205000,170.7540,0.000000,0.000000,0.000000,-2.8780,1.1710,0.0070
5527124362,48.9597470000,8.4057237000,170.7540,0.000000,0.000000,0.000000,-2.9870,1.1660,-0.0340
5527323728,48.9597414000,8.4057270000,170.7610,0.000000,0.000000,0.000000,-3.1490,1.3020,-0.0380
5527723713,48.9597298000,8.4057347000,170.7670,0.000000,0.000000,0.000000,-3.3500,1.3960,0.0370
5527924332,48.9597237000,8.4057386000,170.7580,0.000000,0.000000,0.000000,-3.5190,1.4560,-0.0090
5528124951,48.9597173000,8.4057427000,170.7510,0.000000,0.000000,0.000000,-3.5950,1.5990,0.0450
5528326825,48.9597107000,8.4057471000,170.7490,0.000000,0.000000,0.000000,-3.7120,1.6070,-0.0200
5528526190,48.9597039000,8.4057515000,170.7430,0.000000,0.000000,0.000000,-3.7940,1.5850,0.0720
5528726810,48.9596970000,8.4057559000,170.7220,0.000000,0.000000,0.000000,-3.8630,1.6780,0.1300
5528926175,48.9596899000,8.4057605000,170.7120,0.000000,0.000000,0.000000,-3.9990,1.7020,0.0110
5529326160,48.9596750000,8.4057698000,170.7120,0.000000,0.000000,0.000000,-4.2610,1.7290,-0.0300
5529525526,48.9596673000,8.4057745000,170.7110,0.000000,0.000000,0.000000,-4.3570,1.7460,0.0470
5529726145,48.9596593000,8.4057792000,170.7040,0.000000,0.000000,0.000000,-4.5150,1.7050,0.0070
5530123623,48.9596424000,8.4057884000,170.6830,0.000000,0.000000,0.000000,-4.8310,1.6740,0.0430
5530325496,48.9596335000,8.4057929000,170.6700,0.000000,0.000000,0.000000,-5.0440,1.5840,0.0650
5530529877,48.9596243000,8.4057972000,170.6600,0.000000,0.000000,0.000000,-5.2130,1.5670,0.0510
5530725481,48.9596148000,8.4058014000,170.6510,0.000000,0.000000,0.000000,-5.3430,1.5440,0.0400
5530924847,48.9596051000,8.4058056000,170.6330,0.000000,0.000000,0.000000,-5.4940,1.5080,0.1120
5531126720,48.9595950000,8.4058096000,170.6200,0.000000,0.000000,0.000000,-5.6580,1.4240,0.0570
5531327340,48.9595847000,8.4058134000,170.6100,0.000000,0.000000,0.000000,-5.7990,1.3700,0.0380
5531527959,48.9595741000,8.4058170000,170.6070,0.000000,0.000000,0.000000,-6.0010,1.2590,0.0050
5532127310,48.9595412000,8.4058263000,170.5670,0.000000,0.000000,0.000000,-6.2420,1.0240,0.0550
5532326675,48.9595299000,8.4058290000,170.5510,0.000000,0.000000,0.000000,-6.3460,0.9260,0.0990
5532527295,48.9595184000,8.4058314000,170.5350,0.000000,0.000000,0.000000,-6.4050,0.8510,0.0870
5532724153,48.9595069000,8.4058336000,170.5170,0.000000,0.000000,0.000000,-6.4720,0.7900,0.1060
5532926026,48.9594951000,8.4058356000,170.5000,0.000000,0.000000,0.000000,-6.5550,0.7400,0.0980
5533127899,48.9594834000,8.4058376000,170.4880,0.000000,0.000000,0.000000,-6.5320,0.7480,0.0380
5533327265,48.9594716000,8.4058396000,170.4830,0.000000,0.000000,0.000000,-6.5110,0.6790,0.0190
5533525377,48.9594600000,8.4058413000,170.4720,0.000000,0.000000,0.000000,-6.4120,0.6340,0.0810
5533725996,48.9594485000,8.4058430000,170.4550,0.000000,0.000000,0.000000,-6.3440,0.6350,0.0970
5533926616,48.9594372000,8.4058447000,170.4410,0.000000,0.000000,0.000000,-6.2520,0.6350,0.0530
5534124727,48.9594260000,8.4058464000,170.4270,0.000000,0.000000,0.000000,-6.2090,0.6080,0.0620
5534326601,48.9594149000,8.4058480000,170.4080,0.000000,0.000000,0.000000,-6.0720,0.5680,0.1330
5534527220,48.9594041000,8.4058495000,170.3840,0.000000,0.000000,0.000000,-5.9570,0.5490,0.1180
5534726586,48.9593935000,8.4058510000,170.3640,0.000000,0.000000,0.000000,-5.8420,0.5650,0.1010
5534927205,48.9593831000,8.4058525000,170.3550,0.000000,0.000000,0.000000,-5.6470,0.5480,0.0320
5535126571,48.9593731000,8.4058540000,170.3430,0.000000,0.000000,0.000000,-5.4600,0.5480,0.1030
5535324682,48.9593634000,8.4058555000,170.3250,0.000000,0.000000,0.000000,-5.3020,0.5460,0.0720
5535525302,48.9593541000,8.4058569000,170.3100,0.000000,0.000000,0.000000,-5.0830,0.5400,0.0820
5535724667,48.9593451000,8.4058583000,170.2880,0.000000,0.000000,0.000000,-4.9470,0.4910,0.1100
5535925287,48.9593363000,8.4058596000,170.2830,0.000000,0.000000,0.000000,-4.7650,0.4730,0.0130
5536124652,48.9593280000,8.4058609000,170.2790,0.000000,0.000000,0.000000,-4.4830,0.4590,0.0230
5536325272,48.9593201000,8.4058621000,170.2680,0.000000,0.000000,0.000000,-4.2240,0.4120,0.0830
5536525891,48.9593128000,8.4058632000,170.2560,0.000000,0.000000,0.000000,-3.9570,0.4220,0.0430
5536725257,48.9593059000,8.4058642000,170.2450,0.000000,0.000000,0.000000,-3.6690,0.3650,0.0570
5536925876,48.9592996000,8.4058651000,170.2350,0.000000,0.000000,0.000000,-3.4080,0.3320,0.0430
5537123988,48.9592936000,8.4058660000,170.2270,0.000000,0.000000,0.000000,-3.1760,0.3400,0.0450
5537325861,48.9592881000,8.4058668000,170.2220,0.000000,0.000000,0.000000,-3.0250,0.2840,0.0300
5537523973,48.9592828000,8.4058676000,170.2190,0.000000,0.000000,0.000000,-2.8400,0.3020,0.0090
5537725847,48.9592778000,8.4058684000,170.2070,0.000000,0.000000,0.000000,-2.6950,0.2620,0.0600
5537925212,48.9592730000,8.4058691000,170.2010,0.000000,0.000000,0.000000,-2.5850,0.2540,0.0190
5538129593,48.9592685000,8.4058697000,170.2030,0.000000,0.000000,0.000000,-2.4190,0.2500,-0.0030
5538325197,48.9592644000,8.4058704000,170.1940,0.000000,0.000000,0.000000,-2.2150,0.2480,0.0790
5538525817,48.9592605000,8.4058710000,170.1730,0.000000,0.000000,0.000000,-2.0310,0.2260,0.1330
5538726436,48.9592570000,8.4058715000,170.1600,0.000000,0.000000,0.000000,-1.8970,0.1780,0.0330
5538924548,48.9592537000,8.4058720000,170.1570,0.000000,0.000000,0.000000,-1.7640,0.1660,0.0100
5539125167,48.9592506000,8.4058725000,170.1570,0.000000,0.000000,0.000000,-1.6970,0.1970,-0.0090
5539324533,48.9592477000,8.4058729000,170.1510,0.000000,0.000000,0.000000,-1.5590,0.1240,0.0600
5539523899,48.9592449000,8.4058733000,170.1450,0.000000,0.000000,0.000000,-1.4910,0.1670,0.0080
5539724518,48.9592423000,8.4058737000,170.1400,0.000000,0.000000,0.000000,-1.4650,0.1480,0.0240
5539925137,48.9592397000,8.4058741000,170.1350,0.000000,0.000000,0.000000,-1.3500,0.1600,0.0290
5540124503,48.9592373000,8.4058745000,170.1310,0.000000,0.000000,0.000000,-1.3300,0.1450,0.0000
5540323869,48.9592350000,8.4058749000,170.1300,0.000000,0.000000,0.000000,-1.2090,0.1360,0.0080
5540524488,48.9592330000,8.4058752000,170.1280,0.000000,0.000000,0.000000,-1.0820,0.1110,0.0140
5540723854,48.9592311000,8.4058755000,170.1280,0.000000,0.000000,0.000000,-1.0380,0.1100,-0.0350
5540923219,48.9592293000,8.4058758000,170.1270,0.000000,0.000000,0.000000,-0.9140,0.1230,0.0020
5541127600,48.9592277000,8.4058760000,170.1230,0.000000,0.000000,0.000000,-0.8580,0.0850,0.0620
5541325712,48.9592262000,8.4058763000,170.1120,0.000000,0.000000,0.000000,-0.7770,0.1070,0.0280
5541525078,48.9592249000,8.4058765000,170.1150,0.000000,0.000000,0.000000,-0.6790,0.0810,-0.0480
5541726951,48.9592238000,8.4058767000,170.1180,0.000000,0.000000,0.000000,-0.6070,0.0680,0.0080
5541925063,48.9592227000,8.4058768000,170.1170,0.000000,0.000000,0.000000,-0.5320,0.0610,-0.0050
5542125682,48.9592218000,8.4058770000,170.1190,0.000000,0.000000,0.000000,-0.5040,0.0610,-0.0190
5542326302,48.9592210000,8.4058771000,170.1160,0.000000,0.000000,0.000000,-0.4070,0.0530,0.0220
5542524414,48.9592203000,8.4058772000,170.1130,0.000000,0.000000,0.000000,-0.3570,0.0290,0.0150
5542723779,48.9592197000,8.4058773000,170.1140,0.000000,0.000000,0.000000,-0.3080,0.0270,0.0030
5542925652,48.9592192000,8.4058773000,170.1110,0.000000,0.000000,0.000000,-0.2340,0.0220,0.0120
5543125018,48.9592188000,8.4058774000,170.1100,0.000000,0.000000,0.000000,-0.1560,0.0130,0.0210
5543323130,48.9592186000,8.4058774000,170.1090,0.000000,0.000000,0.000000,-0.0710,-0.0040,0.0130
5543525003,48.9592185000,8.4058774000,170.1080,0.000000,0.000000,0.000000,0.0220,0.0080,0.0110
5543724369,48.9592186000,8.4058774000,170.1100,0.000000,0.000000,0.000000,0.0060,-0.0070,-0.0200
5543924988,48.9592185000,8.4058774000,170.1130,0.000000,0.000000,0.000000,-0.0100,0.0050,0.0210
5544125608,48.9592185000,8.4058774000,170.1130,0.000000,0.000000,0.000000,0.0030,0.0090,0.0080
5544324973,48.9592185000,8.4058774000,170.1170,0.000000,0.000000,0.000000,-0.0260,-0.0080,-0.0300
5544525593,48.9592184000,8.4058774000,170.1210,0.000000,0.000000,0.000000,0.0050,0.0060,0.0070
5544726212,48.9592185000,8.4058774000,170.1190,0.000000,0.000000,0.000000,0.0070,0.0000,0.0180
5544925578,48.9592185000,8.4058774000,170.1200,0.000000,0.000000,0.000000,0.0080,-0.0080,-0.0060
5545124944,48.9592184000,8.4058773000,170.1250,0.000000,0.000000,0.000000,-0.0210,-0.0150,-0.0160
5545325563,48.9592184000,8.4058773000,170.1290,0.000000,0.000000,0.000000,0.0040,0.0110,-0.0260
5545524929,48.9592184000,8.4058773000,170.1320,0.000000,0.000000,0.000000,-0.0130,-0.0050,0.0050
5545725548,48.9592183000,8.4058773000,170.1340,0.000000,0.000000,0.000000,-0.0200,0.0100,0.0030
5545924914,48.9592183000,8.4058773000,170.1340,0.000000,0.000000,0.000000,0.0070,-0.0050,0.0020
5546125533,48.9592183000,8.4058773000,170.1360,0.000000,0.000000,0.000000,-0.0010,0.0050,0.0130
5546324899,48.9592183000,8.4058773000,170.1360,0.000000,0.000000,0.000000,-0.0020,-0.0020,0.0080
5546525518,48.9592183000,8.4058773000,170.1350,0.000000,0.000000,0.000000,-0.0110,-0.0030,-0.0010
5546925503,48.9592183000,8.4058773000,170.1420,0.000000,0.000000,0.000000,0.0260,-0.0020,0.0020
5547126123,48.9592183000,8.4058773000,170.1440,0.000000,0.000000,0.000000,0.0180,-0.0160,-0.0090
5547325488,48.9592183000,8.4058773000,170.1440,0.000000,0.000000,0.000000,-0.0170,0.0090,0.0140
5547526108,48.9592183000,8.4058773000,170.1460,0.000000,0.000000,0.000000,-0.0030,-0.0060,-0.0180
5547725474,48.9592183000,8.4058773000,170.1500,0.000000,0.000000,0.000000,-0.0120,-0.0050,-0.0020
5547929855,48.9592183000,8.4058773000,170.1500,0.000000,0.000000,0.000000,0.0070,-0.0020,0.0150
5548125459,48.9592183000,8.4058773000,170.1510,0.000000,0.000000,0.000000,-0.0080,0.0070,-0.0010
5548530459,48.9592182000,8.4058773000,170.1530,0.000000,0.000000,0.000000,-0.0050,0.0000,0.0190
5548726063,48.9592182000,8.4058773000,170.1540,0.000000,0.000000,0.000000,0.0000,-0.0020,-0.0230
5548926683,48.9592182000,8.4058773000,170.1600,0.000000,0.000000,0.000000,-0.0040,-0.0090,0.0000
5549326668,48.9592183000,8.4058773000,170.1630,0.000000,0.000000,0.000000,-0.0040,-0.0010,-0.0090
5549526033,48.9592183000,8.4058773000,170.1640,0.000000,0.000000,0.000000,0.0010,-0.0080,0.0020
5549724145,48.9592182000,8.4058773000,170.1650,0.000000,0.000000,0.000000,-0.0060,0.0000,-0.0210
5550125384,48.9592182000,8.4058773000,170.1670,0.000000,0.000000,0.000000,-0.0110,0.0000,-0.0300
5550324750,48.9592182000,8.4058774000,170.1720,0.000000,0.000000,0.000000,-0.0020,0.0090,-0.0170
5550525369,48.9592182000,8.4058774000,170.1740,0.000000,0.000000,0.000000,-0.0010,-0.0010,-0.0010
5550725989,48.9592182000,8.4058774000,170.1710,0.000000,0.000000,0.000000,0.0020,0.0080,-0.0080
5550925354,48.9592182000,8.4058774000,170.1720,0.000000,0.000000,0.000000,0.0080,0.0030,0.0180
5551125974,48.9592182000,8.4058774000,170.1690,0.000000,0.000000,0.000000,-0.0080,-0.0040,0.0140
5551325339,48.9592182000,8.4058774000,170.1740,0.000000,0.000000,0.000000,-0.0040,-0.0030,-0.0150
5551525959,48.9592182000,8.4058774000,170.1740,0.000000,0.000000,0.000000,-0.0040,-0.0020,-0.0200
5551726578,48.9592182000,8.4058774000,170.1750,0.000000,0.000000,0.000000,0.0100,0.0060,0.0200
5551925944,48.9592182000,8.4058774000,170.1730,0.000000,0.000000,0.000000,0.0220,-0.0030,0.0150
5552126563,48.9592182000,8.4058774000,170.1710,0.000000,0.000000,0.000000,-0.0040,0.0000,-0.0210
5552327183,48.9592182000,8.4058774000,170.1730,0.000000,0.000000,0.000000,0.0050,-0.0010,0.0140
5552526549,48.9592182000,8.4058774000,170.1720,0.000000,0.000000,0.000000,0.0010,0.0010,0.0110
5552724660,48.9592182000,8.4058775000,170.1710,0.000000,0.000000,0.000000,0.0000,0.0030,-0.0010
5552925280,48.9592182000,8.4058775000,170.1720,0.000000,0.000000,0.000000,0.0040,0.0010,-0.0060
5553124645,48.9592182000,8.4058775000,170.1710,0.000000,0.000000,0.000000,0.0010,0.0050,0.0050
5553325265,48.9592182000,8.4058775000,170.1730,0.000000,0.000000,0.000000,0.0030,-0.0010,-0.0030
5553525884,48.9592182000,8.4058775000,170.1730,0.000000,0.000000,0.000000,-0.0010,0.0070,0.0000
5553726504,48.9592181000,8.4058776000,170.1710,0.000000,0.000000,0.000000,0.0060,-0.0060,0.0100
5553928377,48.9592182000,8.4058776000,170.1700,0.000000,0.000000,0.000000,0.0110,-0.0040,0.0000
5554125235,48.9592182000,8.4058776000,170.1690,0.000000,0.000000,0.000000,0.0020,0.0030,0.0000
5554327108,48.9592181000,8.4058776000,170.1700,0.000000,0.000000,0.000000,0.0060,-0.0060,0.0070
5554526474,48.9592181000,8.4058776000,170.1690,0.000000,0.000000,0.000000,-0.0040,0.0020,0.0100
5554725840,48.9592181000,8.4058776000,170.1660,0.000000,0.000000,0.000000,0.0060,0.0030,-0.0070
5554926459,48.9592181000,8.4058776000,170.1620,0.000000,0.000000,0.000000,-0.0040,0.0080,0.0230
5555125825,48.9592181000,8.4058777000,170.1610,0.000000,0.000000,0.000000,0.0070,-0.0010,-0.0210
5555326444,48.9592181000,8.4058777000,170.1640,0.000000,0.000000,0.000000,-0.0080,0.0060,0.0050
5555525810,48.9592181000,8.4058777000,170.1640,0.000000,0.000000,0.000000,-0.0010,0.0090,-0.0030
5555725176,48.9592181000,8.4058777000,170.1640,0.000000,0.000000,0.000000,-0.0020,-0.0070,-0.0100
5555925795,48.9592180000,8.4058777000,170.1680,0.000000,0.000000,0.000000,-0.0120,-0.0060,-0.0120
5556126415,48.9592180000,8.4058777000,170.1680,0.000000,0.000000,0.000000,-0.0060,0.0020,-0.0200
5556324526,48.9592180000,8.4058777000,170.1700,0.000000,0.000000,0.000000,0.0110,-0.0010,0.0080
5556526400,48.9592180000,8.4058777000,170.1680,0.000000,0.000000,0.000000,-0.0020,-0.0060,-0.0010
5556724511,48.9592180000,8.4058778000,170.1670,0.000000,0.000000,0.000000,-0.0090,0.0010,-0.0110
5556923877,48.9592180000,8.4058778000,170.1670,0.000000,0.000000,0.000000,0.0070,-0.0060,0.0030
5557124504,48.9592180000,8.4058778000,170.1660,0.000000,0.000000,0.000000,-0.0020,0.0040,-0.0040
5557325116,48.9592180000,8.4058778000,170.1630,0.000000,0.000000,0.000000,0.0000,0.0010,0.0250
5557524482,48.9592180000,8.4058778000,170.1590,0.000000,0.000000,0.000000,-0.0080,0.0070,-0.0110
5557725101,48.9592180000,8.4058778000,170.1590,0.000000,0.000000,0.000000,0.0080,-0.0050,0.0150
5557923213,48.9592180000,8.4058778000,170.1580,0.000000,0.000000,0.000000,0.0040,-0.0050,-0.0110
5558123832,48.9592180000,8.4058778000,170.1590,0.000000,0.000000,0.000000,-0.0070,-0.0020,0.0100
5558324452,48.9592180000,8.4058778000,170.1580,0.000000,0.000000,0.000000,-0.0020,-0.0130,-0.0110
5558525071,48.9592180000,8.4058778000,170.1600,0.000000,0.000000,0.000000,-0.0010,-0.0020,0.0050
5558724437,48.9592180000,8.4058778000,170.1580,0.000000,0.000000,0.000000,0.0080,0.0040,-0.0070
5558925057,48.9592180000,8.4058778000,170.1590,0.000000,0.000000,0.000000,-0.0170,0.0100,0.0000
5559124422,48.9592180000,8.4058778000,170.1580,0.000000,0.000000,0.000000,0.0090,0.0040,-0.0090
5559323788,48.9592180000,8.4058779000,170.1590,0.000000,0.000000,0.000000,-0.0030,0.0030,0.0000
5559524408,48.9592180000,8.4058779000,170.1560,0.000000,0.000000,0.000000,0.0050,0.0020,0.0080
5559723773,48.9592180000,8.4058779000,170.1560,0.000000,0.000000,0.000000,0.0080,-0.0010,0.0070
5559929408,48.9592180000,8.4058779000,170.1550,0.000000,0.000000,0.000000,-0.0070,-0.0040,-0.0300
5560125012,48.9592180000,8.4058779000,170.1580,0.000000,0.000000,0.000000,0.0000,0.0030,-0.0080
5560324378,48.9592180000,8.4058779000,170.1570,0.000000,0.000000,0.000000,0.0220,-0.0030,0.0160
5560524997,48.9592181000,8.4058779000,170.1580,0.000000,0.000000,0.000000,0.0180,0.0000,-0.0240
5560725617,48.9592181000,8.4058779000,170.1590,0.000000,0.000000,0.000000,-0.0020,-0.0010,-0.0080
5560926236,48.9592181000,8.4058779000,170.1590,0.000000,0.000000,0.000000,0.0080,-0.0030,0.0070
5561125602,48.9592181000,8.4058779000,170.1610,0.000000,0.000000,0.000000,-0.0080,-0.0030,-0.0300
5561326221,48.9592181000,8.4058779000,170.1630,0.000000,0.000000,0.000000,0.0050,0.0020,-0.0150
5561726207,48.9592180000,8.4058779000,170.1620,0.000000,0.000000,0.000000,0.0030,0.0010,0.0180
5561926826,48.9592181000,8.4058779000,170.1590,0.000000,0.000000,0.000000,0.0060,0.0030,-0.0050
5562127446,48.9592181000,8.4058779000,170.1590,0.000000,0.000000,0.000000,0.0020,0.0020,-0.0040
5562325557,48.9592180000,8.4058779000,170.1590,0.000000,0.000000,0.000000,-0.0020,-0.0020,-0.0050
5562526177,48.9592180000,8.4058779000,170.1580,0.000000,0.000000,0.000000,-0.0060,0.0000,-0.0070
5562924908,48.9592180000,8.4058779000,170.1580,0.000000,0.000000,0.000000,-0.0070,0.0050,-0.0080
5563125528,48.9592180000,8.4058779000,170.1590,0.000000,0.000000,0.000000,0.0000,0.0030,0.0040
5563326147,48.9592180000,8.4058779000,170.1560,0.000000,0.000000,0.000000,0.0020,0.0020,0.0030
5563525513,48.9592180000,8.4058779000,170.1550,0.000000,0.000000,0.000000,0.0010,-0.0050,-0.0040
5563726132,48.9592180000,8.4058779000,170.1550,0.000000,0.000000,0.000000,0.0210,-0.0070,0.0130
5563926752,48.9592180000,8.4058779000,170.1530,0.000000,0.000000,0.000000,-0.0160,-0.0040,-0.0260
5564126117,48.9592180000,8.4058779000,170.1550,0.000000,0.000000,0.000000,0.0050,0.0060,-0.0040
5564326737,48.9592180000,8.4058779000,170.1510,0.000000,0.000000,0.000000,-0.0010,0.0010,0.0250
5564527356,48.9592180000,8.4058779000,170.1490,0.000000,0.000000,0.000000,-0.0120,0.0010,-0.0330
5564725468,48.9592180000,8.4058779000,170.1510,0.000000,0.000000,0.000000,0.0020,0.0000,-0.0210
5564927341,48.9592180000,8.4058779000,170.1500,0.000000,0.000000,0.000000,0.0060,0.0020,0.0210
5565126707,48.9592180000,8.4058779000,170.1440,0.000000,0.000000,0.000000,0.0020,-0.0060,0.0040
5565326073,48.9592180000,8.4058779000,170.1430,0.000000,0.000000,0.000000,0.0080,-0.0030,-0.0050
5565526692,48.9592181000,8.4058779000,170.1410,0.000000,0.000000,0.000000,-0.0010,-0.0040,0.0010
5565726058,48.9592181000,8.4058779000,170.1420,0.000000,0.000000,0.000000,-0.0030,0.0010,-0.0140
5565925423,48.9592181000,8.4058779000,170.1440,0.000000,0.000000,0.000000,0.0130,-0.0110,-0.0030
5566126043,48.9592181000,8.4058778000,170.1420,0.000000,0.000000,0.000000,-0.0020,0.0010,0.0070
5566325409,48.9592181000,8.4058778000,170.1440,0.000000,0.000000,0.000000,-0.0080,0.0010,-0.0420
5566529790,48.9592181000,8.4058779000,170.1480,0.000000,0.000000,0.000000,-0.0130,0.0020,-0.0120
5566725394,48.9592181000,8.4058779000,170.1470,0.000000,0.000000,0.000000,-0.0150,0.0080,-0.0310
5566924759,48.9592180000,8.4058779000,170.1470,0.000000,0.000000,0.000000,-0.0020,0.0100,0.0230
5567125379,48.9592180000,8.4058779000,170.1440,0.000000,0.000000,0.000000,-0.0070,0.0020,0.0030
5567324744,48.9592180000,8.4058779000,170.1420,0.000000,0.000000,0.000000,-0.0050,-0.0070,-0.0130
5567525364,48.9592181000,8.4058779000,170.1420,0.000000,0.000000,0.000000,0.0050,0.0040,-0.0030
5567723476,48.9592181000,8.4058779000,170.1390,0.000000,0.000000,0.000000,-0.0070,-0.0130,0.0100
5567924095,48.9592181000,8.4058778000,170.1370,0.000000,0.000000,0.000000,-0.0020,-0.0110,-0.0240
5568124715,48.9592181000,8.4058778000,170.1370,0.000000,0.000000,0.000000,-0.0050,0.0020,0.0050
5568325334,48.9592181000,8.4058778000,170.1340,0.000000,0.000000,0.000000,0.0050,-0.0040,0.0040
5568525954,48.9592181000,8.4058778000,170.1300,0.000000,0.000000,0.000000,0.0180,-0.0030,0.0190
5568725319,48.9592181000,8.4058778000,170.1270,0.000000,0.000000,0.000000,0.0070,-0.0040,-0.0150
5568923431,48.9592181000,8.4058778000,170.1260,0.000000,0.000000,0.000000,-0.0070,0.0010,0.0060
5569124051,48.9592181000,8.4058778000,170.1230,0.000000,0.000000,0.000000,0.0040,0.0060,-0.0040
5569324670,48.9592181000,8.4058778000,170.1220,0.000000,0.000000,0.000000,0.0010,0.0010,0.0230
5569524036,48.9592182000,8.4058778000,170.1170,0.000000,0.000000,0.000000,-0.0030,0.0010,0.0110
5569724655,48.9592182000,8.4058778000,170.1130,0.000000,0.000000,0.000000,0.0080,0.0040,0.0220
5569925275,48.9592182000,8.4058778000,170.1100,0.000000,0.000000,0.000000,0.0030,-0.0080,-0.0100
5570124640,48.9592182000,8.4058778000,170.1120,0.000000,0.000000,0.000000,0.0060,-0.0040,0.0020
5570326514,48.9592182000,8.4058778000,170.1110,0.000000,0.000000,0.000000,0.0180,-0.0020,0.0090
5570527133,48.9592182000,8.4058778000,170.1090,0.000000,0.000000,0.000000,0.0140,0.0000,0.0060
5570725245,48.9592183000,8.4058778000,170.1040,0.000000,0.000000,0.000000,0.0060,0.0090,0.0080
5570925865,48.9592183000,8.4058778000,170.1030,0.000000,0.000000,0.000000,0.0010,0.0000,-0.0060
5571125230,48.9592183000,8.4058778000,170.1030,0.000000,0.000000,0.000000,0.0010,-0.0040,0.0190
5571325850,48.9592183000,8.4058778000,170.1000,0.000000,0.000000,0.000000,0.0060,-0.0010,0.0050
5571525215,48.9592183000,8.4058778000,170.0990,0.000000,0.000000,0.000000,0.0050,0.0070,0.0130
5571725835,48.9592183000,8.4058778000,170.0980,0.000000,0.000000,0.000000,0.0080,-0.0020,0.0080
5571932724,48.9592183000,8.4058778000,170.0980,0.000000,0.000000,0.000000,0.0050,-0.0010,-0.0160
5572124567,48.9592183000,8.4058778000,170.0990,0.000000,0.000000,0.000000,0.0070,-0.0030,0.0220
5572323932,48.9592183000,8.4058778000,170.0960,0.000000,0.000000,0.000000,0.0150,-0.0090,-0.0080
5572523297,48.9592183000,8.4058778000,170.0970,0.000000,0.000000,0.000000,-0.0050,-0.0060,0.0090
5572722663,48.9592183000,8.4058777000,170.0970,0.000000,0.000000,0.000000,-0.0080,-0.0010,-0.0080
5572924537,48.9592183000,8.4058777000,170.0990,0.000000,0.000000,0.000000,-0.0190,0.0050,-0.0160
5573123902,48.9592183000,8.4058777000,170.0980,0.000000,0.000000,0.000000,0.0010,0.0040,0.0150
5573323268,48.9592183000,8.4058777000,170.0970,0.000000,0.000000,0.000000,0.0110,0.0010,-0.0050
5573523887,48.9592183000,8.4058777000,170.0950,0.000000,0.000000,0.000000,0.0050,-0.0060,0.0000
5573723253,48.9592184000,8.4058777000,170.0980,0.000000,0.000000,0.000000,0.0030,-0.0010,-0.0220
5573923872,48.9592184000,8.4058777000,170.0970,0.000000,0.000000,0.000000,-0.0080,0.0000,-0.0090
5574124492,48.9592184000,8.4058777000,170.0990,0.000000,0.000000,0.000000,0.0030,0.0050,-0.0060
5574323858,48.9592184000,8.4058777000,170.0980,0.000000,0.000000,0.000000,-0.0050,0.0080,0.0030
5574524477,48.9592184000,8.4058777000,170.0970,0.000000,0.000000,0.000000,0.0000,0.0000,-0.0190
5574723843,48.9592184000,8.4058777000,170.0980,0.000000,0.000000,0.000000,0.0030,-0.0010,-0.0010
5574924462,48.9592184000,8.4058776000,170.0980,0.000000,0.000000,0.000000,-0.0490,-0.0010,-0.0130
5575123828,48.9592182000,8.4058777000,170.1010,0.000000,0.000000,0.000000,-0.1940,0.0250,-0.0250
5575324447,48.9592177000,8.4058777000,170.1010,0.000000,0.000000,0.000000,-0.3940,0.0360,-0.0080
5575523813,48.9592168000,8.4058779000,170.0960,0.000000,0.000000,0.000000,-0.5440,0.0660,0.0220
5575724433,48.9592156000,8.4058780000,170.0890,0.000000,0.000000,0.000000,-0.7760,0.0680,0.0230
5575925052,48.9592140000,8.4058783000,170.0830,0.000000,0.000000,0.000000,-1.0540,0.1220,0.0190
5576124418,48.9592118000,8.4058787000,170.0770,0.000000,0.000000,0.000000,-1.4180,0.1660,0.0000
5576323783,48.9592089000,8.4058791000,170.0770,0.000000,0.000000,0.000000,-1.7780,0.1870,0.0190
5576524403,48.9592053000,8.4058798000,170.0660,0.000000,0.000000,0.000000,-2.2300,0.2670,0.0480
5576723769,48.9592010000,8.4058805000,170.0660,0.000000,0.000000,0.000000,-2.6130,0.2840,-0.0630
5576923134,48.9591960000,8.4058813000,170.0650,0.000000,0.000000,0.000000,-2.9290,0.2850,0.0380
5577123754,48.9591904000,8.4058822000,170.0530,0.000000,0.000000,0.000000,-3.2560,0.3610,0.0460
5577323119,48.9591843000,8.4058832000,170.0360,0.000000,0.000000,0.000000,-3.5850,0.4060,0.0780
5577523739,48.9591776000,8.4058843000,170.0250,0.000000,0.000000,0.000000,-3.8690,0.4130,-0.0150
5577721851,48.9591704000,8.4058855000,170.0190,0.000000,0.000000,0.000000,-4.1570,0.4630,0.0020
5577923724,48.9591628000,8.4058868000,170.0040,0.000000,0.000000,0.000000,-4.3440,0.5070,0.0940
5578123090,48.9591548000,8.4058881000,170.0010,0.000000,0.000000,0.000000,-4.5270,0.4610,-0.0750
5578324963,48.9591466000,8.4058894000,170.0000,0.000000,0.000000,0.000000,-4.6120,0.5200,-0.0010
5578525582,48.9591381000,8.4058909000,169.9770,0.000000,0.000000,0.000000,-4.9000,0.5670,0.1300
5578724948,48.9591291000,8.4058925000,169.9510,0.000000,0.000000,0.000000,-5.0500,0.6170,0.0710
5578925568,48.9591199000,8.4058942000,169.9380,0.000000,0.000000,0.000000,-5.2590,0.6410,0.0530
5579126187,48.9591102000,8.4058961000,169.9160,0.000000,0.000000,0.000000,-5.5510,0.7580,0.1140
5579325553,48.9591000000,8.4058984000,169.8890,0.000000,0.000000,0.000000,-5.6990,0.9420,0.1380
5579526172,48.9590897000,8.4059012000,169.8570,0.000000,0.000000,0.000000,-5.8640,1.1380,0.1620
5579725538,48.9590789000,8.4059048000,169.8370,0.000000,0.000000,0.000000,-6.0740,1.4580,0.0790
5579926157,48.9590679000,8.4059092000,169.8310,0.000000,0.000000,0.000000,-6.1800,1.7940,-0.0220
5580125523,48.9590568000,8.4059145000,169.8230,0.000000,0.000000,0.000000,-6.1870,2.1090,0.0840
5580324889,48.9590456000,8.4059208000,169.8130,0.000000,0.000000,0.000000,-6.2310,2.5290,0.0310
5580525508,48.9590345000,8.4059283000,169.7900,0.000000,0.000000,0.000000,-6.1130,2.9210,0.1630
5580724874,48.9590236000,8.4059368000,169.7690,0.000000,0.000000,0.000000,-6.0630,3.3260,0.1030
5580925493,48.9590127000,8.4059464000,169.7460,0.000000,0.000000,0.000000,-5.9610,3.6500,0.1300
5581126113,48.9590021000,8.4059568000,169.7310,0.000000,0.000000,0.000000,-5.8940,4.0050,0.0270
5581325479,48.9589916000,8.4059682000,169.7220,0.000000,0.000000,0.000000,-5.7730,4.3200,0.0590
5581524844,48.9589813000,8.4059805000,169.6990,0.000000,0.000000,0.000000,-5.6710,4.6650,0.1470
5581726718,48.9589713000,8.4059939000,169.6690,0.000000,0.000000,0.000000,-5.4850,5.1390,0.1250
5581926083,48.9589616000,8.4060083000,169.6330,0.000000,0.000000,0.000000,-5.3550,5.3840,0.2370
5582126703,48.9589522000,8.4060235000,169.6010,0.000000,0.000000,0.000000,-5.0950,5.7900,0.0790
5582326068,48.9589431000,8.4060398000,169.5710,0.000000,0.000000,0.000000,-4.9660,6.0790,0.2030
5582525434,48.9589343000,8.4060568000,169.5290,0.000000,0.000000,0.000000,-4.8340,6.3880,0.1920
5582726054,48.9589259000,8.4060748000,169.4830,0.000000,0.000000,0.000000,-4.5300,6.7850,0.1880
5582926673,48.9589180000,8.4060936000,169.4380,0.000000,0.000000,0.000000,-4.3290,6.9550,0.2560
5583126039,48.9589103000,8.4061132000,169.3730,0.000000,0.000000,0.000000,-4.1370,7.3860,0.3590
5583325404,48.9589032000,8.4061339000,169.3090,0.000000,0.000000,0.000000,-3.8270,7.7670,0.2820
5583524770,48.9588965000,8.4061556000,169.2680,0.000000,0.000000,0.000000,-3.6170,8.0740,0.1690
5583724136,48.9588903000,8.4061780000,169.2230,0.000000,0.000000,0.000000,-3.2820,8.3520,0.2610
5583936040,48.9588847000,8.4062013000,169.1740,0.000000,0.000000,0.000000,-2.9550,8.6750,0.2410
5584125375,48.9588796000,8.4062254000,169.1200,0.000000,0.000000,0.000000,-2.7180,8.9110,0.2880
5584324740,48.9588750000,8.4062501000,169.0590,0.000000,0.000000,0.000000,-2.5030,9.2020,0.3170
5584529122,48.9588707000,8.4062755000,168.9900,0.000000,0.000000,0.000000,-2.2750,9.3710,0.3580
5584724726,48.9588666000,8.4063014000,168.9200,0.000000,0.000000,0.000000,-2.2960,9.5680,0.3410
5584925345,48.9588627000,8.4063279000,168.8560,0.000000,0.000000,0.000000,-2.0750,9.8000,0.2990
5585128472,48.9588588000,8.4063549000,168.7970,0.000000,0.000000,0.000000,-2.1880,10.0090,0.3050
5585325330,48.9588549000,8.4063825000,168.7370,0.000000,0.000000,0.000000,-2.1690,10.1870,0.2910
5585524696,48.9588509000,8.4064106000,168.6690,0.000000,0.000000,0.000000,-2.2690,10.3640,0.3890
5585725315,48.9588469000,8.4064392000,168.5930,0.000000,0.000000,0.000000,-2.2510,10.5610,0.3620
5585925935,48.9588427000,8.4064683000,168.5220,0.000000,0.000000,0.000000,-2.4020,10.7360,0.3460
5586127808,48.9588383000,8.4064979000,168.4570,0.000000,0.000000,0.000000,-2.4920,10.9180,0.3290
5586325920,48.9588339000,8.4065279000,168.3900,0.000000,0.000000,0.000000,-2.3680,11.0570,0.3450
5586526540,48.9588294000,8.4065583000,168.3260,0.000000,0.000000,0.000000,-2.5600,11.1800,0.2800
5586727159,48.9588248000,8.4065890000,168.2670,0.000000,0.000000,0.000000,-2.5500,11.3130,0.3000
5586925271,48.9588201000,8.4066201000,168.2050,0.000000,0.000000,0.000000,-2.6630,11.4400,0.2980
5587125891,48.9588153000,8.4066516000,168.1450,0.000000,0.000000,0.000000,-2.7240,11.5920,0.2880
5587325256,48.9588103000,8.4066834000,168.0770,0.000000,0.000000,0.000000,-2.8090,11.6960,0.3900
5587524622,48.9588052000,8.4067155000,168.0150,0.000000,0.000000,0.000000,-2.8470,11.8270,0.2840
5587725241,48.9588001000,8.4067481000,167.9570,0.000000,0.000000,0.000000,-2.8860,11.9920,0.2920
5587925861,48.9587947000,8.4067810000,167.9020,0.000000,0.000000,0.000000,-3.0320,12.1200,0.2570
5588125227,48.9587893000,8.4068143000,167.8420,0.000000,0.000000,0.000000,-3.0420,12.2290,0.3210
5588325846,48.9587838000,8.4068479000,167.7800,0.000000,0.000000,0.000000,-3.1070,12.3640,0.3090
5588526466,48.9587781000,8.4068817000,167.7230,0.000000,0.000000,0.000000,-3.1530,12.4260,0.3070
5588724577,48.9587725000,8.4069160000,167.6700,0.000000,0.000000,0.000000,-3.1730,12.6520,0.2440
5588923943,48.9587666000,8.4069507000,167.6140,0.000000,0.000000,0.000000,-3.2930,12.7430,0.2940
5589124563,48.9587607000,8.4069855000,167.5660,0.000000,0.000000,0.000000,-3.3720,12.7990,0.2310
5589323928,48.9587545000,8.4070207000,167.5160,0.000000,0.000000,0.000000,-3.4900,12.9390,0.2570
5589523294,48.9587482000,8.4070562000,167.4730,0.000000,0.000000,0.000000,-3.5160,13.0680,0.2050
5589722660,48.9587418000,8.4070919000,167.4300,0.000000,0.000000,0.000000,-3.6120,13.0950,0.2450
5589923279,48.9587352000,8.4071279000,167.3650,0.000000,0.000000,0.000000,-3.7750,13.2650,0.3620
5590123899,48.9587284000,8.4071642000,167.3010,0.000000,0.000000,0.000000,-3.8550,13.3260,0.3210
5590322010,48.9587213000,8.4072007000,167.2290,0.000000,0.000000,0.000000,-3.9850,13.3750,0.4120
5590521376,48.9587141000,8.4072374000,167.1490,0.000000,0.000000,0.000000,-4.1050,13.5150,0.4070
5590723249,48.9587066000,8.4072745000,167.1010,0.000000,0.000000,0.000000,-4.2410,13.6060,0.1950
5590922615,48.9586988000,8.4073119000,167.0320,0.000000,0.000000,0.000000,-4.4150,13.7540,0.4260
5591124489,48.9586909000,8.4073495000,166.9550,0.000000,0.000000,0.000000,-4.4870,13.7840,0.3840
5591321346,48.9586827000,8.4073872000,166.8820,0.000000,0.000000,0.000000,-4.6210,13.8760,0.3700
5591521966,48.9586743000,8.4074252000,166.8140,0.000000,0.000000,0.000000,-4.7860,13.9270,0.3530
5591721332,48.9586655000,8.4074633000,166.7420,0.000000,0.000000,0.000000,-4.9360,13.9640,0.3630
5591921951,48.9586565000,8.4075016000,166.6720,0.000000,0.000000,0.000000,-5.1230,13.9980,0.3660
5592123825,48.9586472000,8.4075399000,166.6040,0.000000,0.000000,0.000000,-5.2860,14.0850,0.3340
5592724429,48.9586175000,8.4076558000,166.3840,0.000000,0.000000,0.000000,-5.7520,14.2250,0.3430
5592922541,48.9586070000,8.4076946000,166.3080,0.000000,0.000000,0.000000,-5.9460,14.2520,0.3470
5593322526,48.9585848000,8.4077723000,166.1470,0.000000,0.000000,0.000000,-6.3620,14.2210,0.3580
5593523146,48.9585731000,8.4078112000,166.0750,0.000000,0.000000,0.000000,-6.6930,14.2090,0.3430
5593722512,48.9585608000,8.4078500000,166.0060,0.000000,0.000000,0.000000,-6.9050,14.2290,0.3100
5593921877,48.9585483000,8.4078890000,165.9480,0.000000,0.000000,0.000000,-7.0110,14.3040,0.2790
5594121243,48.9585355000,8.4079278000,165.8680,0.000000,0.000000,0.000000,-7.2200,14.1910,0.4320
5594320609,48.9585223000,8.4079666000,165.7890,0.000000,0.000000,0.000000,-7.4550,14.1930,0.3900
5594521228,48.9585087000,8.4080052000,165.7260,0.000000,0.000000,0.000000,-7.6710,14.1100,0.2260
5594720594,48.9584947000,8.4080439000,165.6890,0.000000,0.000000,0.000000,-7.9380,14.1520,0.1850
5595321199,48.9584506000,8.4081593000,165.5180,0.000000,0.000000,0.000000,-8.4260,13.9940,0.2300
5595520564,48.9584352000,8.4081976000,165.4740,0.000000,0.000000,0.000000,-8.6890,14.0590,0.1600
5595721184,48.9584195000,8.4082359000,165.4370,0.000000,0.000000,0.000000,-8.8210,14.0320,0.1710
5595920549,48.9584034000,8.4082740000,165.3820,0.000000,0.000000,0.000000,-9.0090,13.8740,0.2950
5596118661,48.9583870000,8.4083119000,165.3390,0.000000,0.000000,0.000000,-9.2490,13.8690,0.1520
5596319281,48.9583702000,8.4083497000,165.2980,0.000000,0.000000,0.000000,-9.4810,13.7940,0.2060
5596519900,48.9583529000,8.4083873000,165.2600,0.000000,0.000000,0.000000,-9.6580,13.7550,0.2020
5596719266,48.9583354000,8.4084247000,165.2250,0.000000,0.000000,0.000000,-9.8870,13.6760,0.1790
5596918632,48.9583174000,8.4084619000,165.1860,0.000000,0.000000,0.000000,-10.1380,13.5450,0.2070
5597119251,48.9582989000,8.4084988000,165.1530,0.000000,0.000000,0.000000,-10.3550,13.4720,0.1660
5597317363,48.9582802000,8.4085355000,165.1200,0.000000,0.000000,0.000000,-10.5030,13.4400,0.1450
5597517983,48.9582611000,8.4085721000,165.0850,0.000000,0.000000,0.000000,-10.6930,13.3450,0.1820
5597717348,48.9582417000,8.4086084000,165.0540,0.000000,0.000000,0.000000,-10.9260,13.2660,0.1410
5597916714,48.9582219000,8.4086445000,165.0250,0.000000,0.000000,0.000000,-11.0880,13.1750,0.1000
5598116080,48.9582017000,8.4086804000,165.0020,0.000000,0.000000,0.000000,-11.3020,13.1340,0.1340
5598316699,48.9581813000,8.4087162000,164.9840,0.000000,0.000000,0.000000,-11.4310,13.0810,0.0860
5598516065,48.9581606000,8.4087519000,164.9740,0.000000,0.000000,0.000000,-11.5280,13.0500,0.0110
5598715430,48.9581398000,8.4087874000,164.9670,0.000000,0.000000,0.000000,-11.6630,12.9870,0.0510
5598916050,48.9581186000,8.4088227000,164.9630,0.000000,0.000000,0.000000,-11.8860,12.8740,-0.0400
5599116669,48.9580971000,8.4088578000,164.9610,0.000000,0.000000,0.000000,-12.0250,12.8090,0.0320
5599316035,48.9580753000,8.4088926000,164.9400,0.000000,0.000000,0.000000,-12.2000,12.6990,0.1020
5599515401,48.9580532000,8.4089271000,164.9290,0.000000,0.000000,0.000000,-12.3750,12.5890,0.0230
5599716020,48.9580308000,8.4089614000,164.9250,0.000000,0.000000,0.000000,-12.5480,12.4870,0.0300
5599916640,48.9580081000,8.4089954000,164.9150,0.000000,0.000000,0.000000,-12.7160,12.4190,0.0380
5600117259,48.9579851000,8.4090292000,164.9190,0.000000,0.000000,0.000000,-12.8490,12.2990,-0.0630
5600317879,48.9579618000,8.4090627000,164.9170,0.000000,0.000000,0.000000,-13.0250,12.2520,0.0170
5600517245,48.9579383000,8.4090960000,164.9220,0.000000,0.000000,0.000000,-13.1630,12.1830,-0.0350
5600717864,48.9579145000,8.4091291000,164.9370,0.000000,0.000000,0.000000,-13.2960,12.0750,-0.1310
5600918484,48.9578905000,8.4091620000,164.9670,0.000000,0.000000,0.000000,-13.3720,11.9990,-0.1580
5601115342,48.9578661000,8.4091935000,164.9460,0.000000,0.000000,0.000000,-13.6940,11.0940,0.4140
5601315961,48.9578421000,8.4092252000,164.8420,0.000000,0.000000,0.000000,-13.0850,11.9860,0.3140
5601512819,48.9578179000,8.4092577000,164.7690,0.000000,0.000000,0.000000,-13.6820,11.7800,0.3250
5601712185,48.9577930000,8.4092894000,164.7420,0.000000,0.000000,0.000000,-13.9890,11.4480,0.0990
5601912804,48.9577676000,8.4093204000,164.7460,0.000000,0.000000,0.000000,-14.2330,11.2570,0.0090
5602115932,48.9577419000,8.4093512000,164.7580,0.000000,0.000000,0.000000,-14.3180,11.2310,-0.0440
5602316551,48.9577160000,8.4093817000,164.7700,0.000000,0.000000,0.000000,-14.6010,11.0740,-0.0950
5602522186,48.9576890000,8.4094112000,164.8290,0.000000,0.000000,0.000000,-14.5950,10.9990,0.0300
5602720298,48.9576625000,8.4094410000,164.8450,0.000000,0.000000,0.000000,-14.7560,10.8860,-0.0140
5602920917,48.9576357000,8.4094704000,164.8520,0.000000,0.000000,0.000000,-14.9080,10.7630,0.0240
5603121537,48.9576087000,8.4094996000,164.8670,0.000000,0.000000,0.000000,-15.0790,10.5950,0.0030
5603320903,48.9575815000,8.4095283000,164.8770,0.000000,0.000000,0.000000,-15.1770,10.4790,-0.0870
5603519015,48.9575540000,8.4095569000,164.9260,0.000000,0.000000,0.000000,-15.3140,10.3800,-0.1750
5603718380,48.9575263000,8.4095851000,164.9730,0.000000,0.000000,0.000000,-15.4350,10.2440,-0.2620
5603919000,48.9574985000,8.4096129000,165.0210,0.000000,0.000000,0.000000,-15.5370,10.0810,-0.2250
5604117112,48.9574704000,8.4096403000,165.0590,0.000000,0.000000,0.000000,-15.6840,9.9750,-0.1770
5604318985,48.9574421000,8.4096674000,165.0860,0.000000,0.000000,0.000000,-15.7800,9.8710,-0.0750
5604518351,48.9574136000,8.4096941000,165.1250,0.000000,0.000000,0.000000,-15.8820,9.7230,-0.1390
5604716462,48.9573849000,8.4097205000,165.1560,0.000000,0.000000,0.000000,-15.9730,9.6070,-0.0940
5604917082,48.9573560000,8.4097465000,165.1760,0.000000,0.000000,0.000000,-16.1200,9.4950,-0.0720
5605118955,48.9573270000,8.4097724000,165.2170,0.000000,0.000000,0.000000,-16.1060,9.4870,-0.2100
5605319575,48.9572979000,8.4097981000,165.2490,0.000000,0.000000,0.000000,-16.2800,9.3520,-0.1190
5605517687,48.9572686000,8.4098234000,165.2870,0.000000,0.000000,0.000000,-16.3040,9.2450,-0.1410
5605718306,48.9572392000,8.4098485000,165.3230,0.000000,0.000000,0.000000,-16.3620,9.2310,-0.1610
5605918926,48.9572097000,8.4098736000,165.3540,0.000000,0.000000,0.000000,-16.4180,9.2040,-0.0870
5606118291,48.9571801000,8.4098985000,165.3720,0.000000,0.000000,0.000000,-16.4700,9.1360,-0.0470
5606318911,48.9571504000,8.4099234000,165.3960,0.000000,0.000000,0.000000,-16.5010,9.1540,-0.1230
5606518277,48.9571207000,8.4099483000,165.4170,0.000000,0.000000,0.000000,-16.5280,9.1150,-0.0630
5606718896,48.9570908000,8.4099730000,165.4420,0.000000,0.000000,0.000000,-16.6350,9.0460,-0.1110
5606919516,48.9570608000,8.4099976000,165.4640,0.000000,0.000000,0.000000,-16.7210,9.0030,-0.0780
5607120135,48.9570307000,8.4100221000,165.4900,0.000000,0.000000,0.000000,-16.7310,8.9970,-0.1150
5607319501,48.9570006000,8.4100466000,165.5170,0.000000,0.000000,0.000000,-16.7470,8.9630,-0.1140
5607520123,48.9569704000,8.4100710000,165.5480,0.000000,0.000000,0.000000,-16.8140,8.9300,-0.1450
5607920106,48.9569100000,8.4101198000,165.6210,0.000000,0.000000,0.000000,-16.7280,8.9760,-0.0380
5608119471,48.9568798000,8.4101443000,165.6530,0.000000,0.000000,0.000000,-16.8000,8.9940,-0.2120
5608318837,48.9568495000,8.4101688000,165.6950,0.000000,0.000000,0.000000,-16.8760,8.9650,-0.1510
5608518203,48.9568192000,8.4101933000,165.7430,0.000000,0.000000,0.000000,-16.8590,9.0120,-0.2730
5608720076,48.9567888000,8.4102178000,165.7870,0.000000,0.000000,0.000000,-16.8860,8.9900,-0.1650
5608920696,48.9567584000,8.4102423000,165.8230,0.000000,0.000000,0.000000,-16.9220,8.9940,-0.1680
5609120061,48.9567280000,8.4102668000,165.8490,0.000000,0.000000,0.000000,-16.9430,8.9800,-0.0940
5609321935,48.9566975000,8.4102913000,165.8810,0.000000,0.000000,0.000000,-16.9160,8.9900,-0.1690
5609520047,48.9566670000,8.4103159000,165.9140,0.000000,0.000000,0.000000,-16.9580,9.0770,-0.1600
5609720666,48.9566365000,8.4103406000,165.9570,0.000000,0.000000,0.000000,-17.0100,8.9820,-0.2150
5609921286,48.9566059000,8.4103652000,165.9770,0.000000,0.000000,0.000000,-17.0320,9.0830,-0.0280
5610121905,48.9565752000,8.4103899000,165.9980,0.000000,0.000000,0.000000,-17.0910,9.0450,-0.1240
5610320017,48.9565445000,8.4104147000,166.0200,0.000000,0.000000,0.000000,-17.0000,9.1660,-0.1230
5610520637,48.9565139000,8.4104398000,166.0460,0.000000,0.000000,0.000000,-17.0610,9.2280,-0.0940
5610720002,48.9564833000,8.4104650000,166.0690,0.000000,0.000000,0.000000,-17.0090,9.2730,-0.1270
5610919368,48.9564527000,8.4104904000,166.0890,0.000000,0.000000,0.000000,-17.0060,9.3560,-0.0650
5611121241,48.9564221000,8.4105160000,166.1050,0.000000,0.000000,0.000000,-17.0430,9.3720,-0.0730
5611320607,48.9563914000,8.4105416000,166.1310,0.000000,0.000000,0.000000,-17.0400,9.4060,-0.1610
5611519973,48.9563607000,8.4105673000,166.1610,0.000000,0.000000,0.000000,-17.0670,9.4450,-0.1370
5611719338,48.9563300000,8.4105930000,166.1960,0.000000,0.000000,0.000000,-17.1320,9.4330,-0.1900
5611919958,48.9562992000,8.4106189000,166.2190,0.000000,0.000000,0.000000,-17.1010,9.5140,-0.0650
5612120578,48.9562684000,8.4106449000,166.2320,0.000000,0.000000,0.000000,-17.1120,9.5670,-0.0690
5612321197,48.9562377000,8.4106711000,166.2460,0.000000,0.000000,0.000000,-17.0820,9.6040,-0.0650
5612521817,48.9562069000,8.4106973000,166.2630,0.000000,0.000000,0.000000,-17.1370,9.6330,-0.0750
5612722436,48.9561761000,8.4107237000,166.2790,0.000000,0.000000,0.000000,-17.1220,9.6610,-0.0720
5612924310,48.9561453000,8.4107501000,166.3050,0.000000,0.000000,0.000000,-17.1500,9.7420,-0.1560
5613124929,48.9561145000,8.4107768000,166.3310,0.000000,0.000000,0.000000,-17.1480,9.8280,-0.0900
5613325549,48.9560837000,8.4108038000,166.3570,0.000000,0.000000,0.000000,-17.1220,9.9210,-0.1400
5613723026,48.9560222000,8.4108585000,166.4100,0.000000,0.000000,0.000000,-17.0210,10.1300,-0.0990
5613926154,48.9559916000,8.4108863000,166.4360,0.000000,0.000000,0.000000,-17.0190,10.2330,-0.1130
5614124265,48.9559611000,8.4109143000,166.4540,0.000000,0.000000,0.000000,-16.9460,10.3010,-0.0920
5614323631,48.9559307000,8.4109426000,166.4720,0.000000,0.000000,0.000000,-16.9010,10.4230,-0.0950
5614522997,48.9559003000,8.4109712000,166.4930,0.000000,0.000000,0.000000,-16.8840,10.5360,-0.1000
5614724870,48.9558700000,8.4110002000,166.5170,0.000000,0.000000,0.000000,-16.8410,10.6620,-0.1280
5614924236,48.9558398000,8.4110294000,166.5440,0.000000,0.000000,0.000000,-16.7610,10.7570,-0.1170
5615124855,48.9558096000,8.4110589000,166.5670,0.000000,0.000000,0.000000,-16.7410,10.8460,-0.1010
5615324221,48.9557796000,8.4110886000,166.5920,0.000000,0.000000,0.000000,-16.6970,10.9450,-0.1280
5615523587,48.9557496000,8.4111186000,166.6180,0.000000,0.000000,0.000000,-16.6600,11.0310,-0.1470
5615724206,48.9557196000,8.4111489000,166.6400,0.000000,0.000000,0.000000,-16.6690,11.0960,-0.0920
5615923572,48.9556898000,8.4111793000,166.6680,0.000000,0.000000,0.000000,-16.5520,11.2210,-0.1790
5616122938,48.9556600000,8.4112100000,166.7030,0.000000,0.000000,0.000000,-16.5890,11.2710,-0.1680
5616323557,48.9556302000,8.4112409000,166.7210,0.000000,0.000000,0.000000,-16.5620,11.3180,-0.0510
5616524177,48.9556004000,8.4112720000,166.7500,0.000000,0.000000,0.000000,-16.5090,11.4610,-0.1820
5616723542,48.9555708000,8.4113034000,166.7820,0.000000,0.000000,0.000000,-16.4800,11.5200,-0.1230
5616924162,48.9555412000,8.4113349000,166.8020,0.000000,0.000000,0.000000,-16.4480,11.6000,-0.0740
5617124782,48.9555116000,8.4113668000,166.8280,0.000000,0.000000,0.000000,-16.4360,11.7170,-0.1560
5617322893,48.9554821000,8.4113989000,166.8530,0.000000,0.000000,0.000000,-16.3540,11.8000,-0.1030
5617523513,48.9554528000,8.4114313000,166.8800,0.000000,0.000000,0.000000,-16.3080,11.9510,-0.1520
5617724132,48.9554235000,8.4114641000,166.9010,0.000000,0.000000,0.000000,-16.2320,12.0490,-0.0820
5617923498,48.9553944000,8.4114971000,166.9240,0.000000,0.000000,0.000000,-16.1890,12.1350,-0.1090
5618122864,48.9553653000,8.4115304000,166.9410,0.000000,0.000000,0.000000,-16.1040,12.2390,-0.0860
5618322230,48.9553364000,8.4115640000,166.9590,0.000000,0.000000,0.000000,-16.0630,12.3270,-0.0870
5618521595,48.9553076000,8.4115978000,166.9850,0.000000,0.000000,0.000000,-16.0070,12.4310,-0.1510
5618722215,48.9552788000,8.4116318000,167.0160,0.000000,0.000000,0.000000,-15.9610,12.4860,-0.1480
5618921580,48.9552502000,8.4116660000,167.0410,0.000000,0.000000,0.000000,-15.9340,12.5660,-0.1220
5619120946,48.9552216000,8.4117004000,167.0630,0.000000,0.000000,0.000000,-15.8640,12.6370,-0.0830
5619320312,48.9551931000,8.4117350000,167.0870,0.000000,0.000000,0.000000,-15.8130,12.7050,-0.1270
5619519678,48.9551647000,8.4117698000,167.1230,0.000000,0.000000,0.000000,-15.7800,12.7540,-0.1850
5619720297,48.9551364000,8.4118048000,167.1590,0.000000,0.000000,0.000000,-15.7250,12.8560,-0.1660
5619922170,48.9551081000,8.4118400000,167.2020,0.000000,0.000000,0.000000,-15.6460,12.9190,-0.2170
5620120282,48.9550800000,8.4118753000,167.2420,0.000000,0.000000,0.000000,-15.6250,12.9590,-0.1660
5620320902,48.9550520000,8.4119109000,167.2910,0.000000,0.000000,0.000000,-15.5190,13.0830,-0.2660
5620524029,48.9550242000,8.4119467000,167.3430,0.000000,0.000000,0.000000,-15.4510,13.1520,-0.2270
5620720887,48.9549965000,8.4119828000,167.3970,0.000000,0.000000,0.000000,-15.3430,13.2240,-0.2820
5620920253,48.9549690000,8.4120190000,167.4550,0.000000,0.000000,0.000000,-15.2750,13.3260,-0.2870
5621120872,48.9549416000,8.4120555000,167.5130,0.000000,0.000000,0.000000,-15.1980,13.4060,-0.2470
5621321492,48.9549143000,8.4120923000,167.5670,0.000000,0.000000,0.000000,-15.0710,13.5230,-0.2910
5621520858,48.9548873000,8.4121293000,167.6270,0.000000,0.000000,0.000000,-14.9970,13.5980,-0.2950
5621722731,48.9548604000,8.4121666000,167.6910,0.000000,0.000000,0.000000,-14.9120,13.6710,-0.3300
5621922097,48.9548337000,8.4122040000,167.7540,0.000000,0.000000,0.000000,-14.8410,13.7480,-0.3200
5622122716,48.9548071000,8.4122416000,167.8170,0.000000,0.000000,0.000000,-14.7290,13.8150,-0.3170
5622322082,48.9547806000,8.4122794000,167.8870,0.000000,0.000000,0.000000,-14.6420,13.8850,-0.3580
5622523955,48.9547543000,8.4123174000,167.9530,0.000000,0.000000,0.000000,-14.6790,13.9010,-0.3320
5622723321,48.9547280000,8.4123555000,168.0290,0.000000,0.000000,0.000000,-14.5260,13.9980,-0.4170
5622922687,48.9547019000,8.4123937000,168.1120,0.000000,0.000000,0.000000,-14.5640,13.9950,-0.4140
5623124560,48.9546758000,8.4124319000,168.1890,0.000000,0.000000,0.000000,-14.4890,13.9890,-0.4000
5623322672,48.9546497000,8.4124701000,168.2600,0.000000,0.000000,0.000000,-14.4390,14.0010,-0.3400
5623523292,48.9546238000,8.4125083000,168.3320,0.000000,0.000000,0.000000,-14.3990,14.0040,-0.4150
5623722657,48.9545979000,8.4125466000,168.4140,0.000000,0.000000,0.000000,-14.3740,14.0360,-0.4350
5624122643,48.9545464000,8.4126232000,168.5690,0.000000,0.000000,0.000000,-14.2990,14.0380,-0.3400
5624322008,48.9545207000,8.4126616000,168.6350,0.000000,0.000000,0.000000,-14.2480,14.0370,-0.3620
5624521374,48.9544951000,8.4126999000,168.7070,0.000000,0.000000,0.000000,-14.2170,14.0500,-0.3570
5624721994,48.9544696000,8.4127383000,168.7760,0.000000,0.000000,0.000000,-14.1700,14.0320,-0.3370
5624922613,48.9544442000,8.4127767000,168.8610,0.000000,0.000000,0.000000,-14.0790,14.0810,-0.4930
5625123233,48.9544188000,8.4128151000,168.9500,0.000000,0.000000,0.000000,-14.1290,14.0570,-0.4240
5625524472,48.9543682000,8.4128918000,169.1170,0.000000,0.000000,0.000000,-14.0500,14.0140,-0.4300
5625725091,48.9543430000,8.4129300000,169.2040,0.000000,0.000000,0.000000,-14.0060,13.9740,-0.4630
5625925711,48.9543178000,8.4129681000,169.2960,0.000000,0.000000,0.000000,-13.9960,13.9760,-0.4870
5626125077,48.9542927000,8.4130062000,169.3920,0.000000,0.000000,0.000000,-13.9410,13.9290,-0.4790
5626325696,48.9542676000,8.4130442000,169.4850,0.000000,0.000000,0.000000,-13.9670,13.9080,-0.4660
5626526316,48.9542426000,8.4130821000,169.5760,0.000000,0.000000,0.000000,-13.8340,13.8530,-0.4720
5626725681,48.9542176000,8.4131199000,169.6780,0.000000,0.000000,0.000000,-13.8710,13.8160,-0.5600
5626926301,48.9541927000,8.4131577000,169.7920,0.000000,0.000000,0.000000,-13.8220,13.8240,-0.5960
5627126921,48.9541678000,8.4131953000,169.9080,0.000000,0.000000,0.000000,-13.8460,13.7480,-0.5870
5627326286,48.9541430000,8.4132328000,170.0190,0.000000,0.000000,0.000000,-13.7900,13.6970,-0.5560
5627525652,48.9541181000,8.4132701000,170.1270,0.000000,0.000000,0.000000,-13.7760,13.6440,-0.5460
5627725018,48.9540934000,8.4133074000,170.2410,0.000000,0.000000,0.000000,-13.7000,13.6630,-0.5870
5627924383,48.9540687000,8.4133446000,170.3530,0.000000,0.000000,0.000000,-13.7580,13.5930,-0.5670
5628123749,48.9540440000,8.4133817000,170.4700,0.000000,0.000000,0.000000,-13.7270,13.5680,-0.6270
5628324369,48.9540192000,8.4134187000,170.5940,0.000000,0.000000,0.000000,-13.7460,13.5590,-0.6400
5628523734,48.9539945000,8.4134557000,170.7210,0.000000,0.000000,0.000000,-13.7310,13.5310,-0.6460
5628723100,48.9539698000,8.4134926000,170.8460,0.000000,0.000000,0.000000,-13.7390,13.5170,-0.6090
5628924973,48.9539451000,8.4135295000,170.9650,0.000000,0.000000,0.000000,-13.7360,13.5080,-0.6010
5629125593,48.9539204000,8.4135664000,171.0860,0.000000,0.000000,0.000000,-13.7260,13.5120,-0.5970
5629324959,48.9538957000,8.4136033000,171.2050,0.000000,0.000000,0.000000,-13.7160,13.4830,-0.5990
5629523070,48.9538711000,8.4136401000,171.3340,0.000000,0.000000,0.000000,-13.6800,13.4840,-0.6700
5629721182,48.9538465000,8.4136769000,171.4640,0.000000,0.000000,0.000000,-13.6860,13.4870,-0.6400
5630122421,48.9537971000,8.4137504000,171.7090,0.000000,0.000000,0.000000,-13.7180,13.4480,-0.6230
5630321787,48.9537725000,8.4137873000,171.8500,0.000000,0.000000,0.000000,-13.6400,13.5520,-0.7200
5630521153,48.9537479000,8.4138243000,171.9810,0.000000,0.000000,0.000000,-13.6670,13.5520,-0.6290
5630720519,48.9537233000,8.4138613000,172.1100,0.000000,0.000000,0.000000,-13.6610,13.5640,-0.6450
5630919884,48.9536988000,8.4138984000,172.2410,0.000000,0.000000,0.000000,-13.6500,13.5740,-0.6780
5631121758,48.9536742000,8.4139354000,172.3850,0.000000,0.000000,0.000000,-13.6770,13.5770,-0.7600
5631318615,48.9536496000,8.4139725000,172.5190,0.000000,0.000000,0.000000,-13.6730,13.5590,-0.6490
5631517981,48.9536250000,8.4140095000,172.6480,0.000000,0.000000,0.000000,-13.6980,13.5810,-0.6000
5631716093,48.9536003000,8.4140466000,172.7740,0.000000,0.000000,0.000000,-13.6930,13.5610,-0.6520
5631916713,48.9535757000,8.4140836000,172.9230,0.000000,0.000000,0.000000,-13.7180,13.5320,-0.7940
5632117332,48.9535511000,8.4141206000,173.0590,0.000000,0.000000,0.000000,-13.6540,13.5860,-0.6130
5632315444,48.9535264000,8.4141575000,173.1920,0.000000,0.000000,0.000000,-13.7810,13.4870,-0.6980
5632517317,48.9535017000,8.4141944000,173.3340,0.000000,0.000000,0.000000,-13.6730,13.5480,-0.7360
5632717937,48.9534772000,8.4142314000,173.4700,0.000000,0.000000,0.000000,-13.5970,13.5950,-0.6400
5632916049,48.9534527000,8.4142685000,173.6050,0.000000,0.000000,0.000000,-13.6350,13.5930,-0.6970
5633116668,48.9534283000,8.4143057000,173.7340,0.000000,0.000000,0.000000,-13.5890,13.6160,-0.6170
5633316034,48.9534038000,8.4143428000,173.8680,0.000000,0.000000,0.000000,-13.6080,13.5920,-0.6960
5633515400,48.9533794000,8.4143800000,174.0040,0.000000,0.000000,0.000000,-13.6070,13.6370,-0.6490
5633716019,48.9533549000,8.4144173000,174.1370,0.000000,0.000000,0.000000,-13.5860,13.6810,-0.6500
5633914131,48.9533305000,8.4144546000,174.2710,0.000000,0.000000,0.000000,-13.6080,13.6430,-0.6720
5634113497,48.9533060000,8.4144919000,174.3990,0.000000,0.000000,0.000000,-13.6040,13.6430,-0.6500
5634314116,48.9532816000,8.4145292000,174.5250,0.000000,0.000000,0.000000,-13.5930,13.6950,-0.6070
5634513482,48.9532571000,8.4145666000,174.6480,0.000000,0.000000,0.000000,-13.6340,13.6830,-0.6330
5634714102,48.9532326000,8.4146039000,174.7750,0.000000,0.000000,0.000000,-13.6700,13.6580,-0.6250
5634913467,48.9532080000,8.4146413000,174.9110,0.000000,0.000000,0.000000,-13.6350,13.6950,-0.7120
5635112833,48.9531835000,8.4146786000,175.0460,0.000000,0.000000,0.000000,-13.6940,13.6710,-0.6910
5635309691,48.9531588000,8.4147159000,175.1860,0.000000,0.000000,0.000000,-13.7040,13.6650,-0.7190
5635511564,48.9531341000,8.4147533000,175.3200,0.000000,0.000000,0.000000,-13.7420,13.6860,-0.6210
5635710930,48.9531095000,8.4147906000,175.4380,0.000000,0.000000,0.000000,-13.7150,13.6290,-0.5950
5635910296,48.9530848000,8.4148277000,175.5630,0.000000,0.000000,0.000000,-13.7120,13.6170,-0.7060
5636110915,48.9530601000,8.4148649000,175.6980,0.000000,0.000000,0.000000,-13.7550,13.6260,-0.6650
5636310281,48.9530353000,8.4149021000,175.8250,0.000000,0.000000,0.000000,-13.7730,13.6260,-0.6230
5636509647,48.9530106000,8.4149393000,175.9530,0.000000,0.000000,0.000000,-13.7190,13.5840,-0.6660
5636710266,48.9529859000,8.4149763000,176.0800,0.000000,0.000000,0.000000,-13.7420,13.5200,-0.6390
5636910886,48.9529612000,8.4150133000,176.2150,0.000000,0.000000,0.000000,-13.7400,13.6050,-0.7090
5637111506,48.9529365000,8.4150504000,176.3530,0.000000,0.000000,0.000000,-13.7110,13.5700,-0.7090
5637313379,48.9529118000,8.4150875000,176.4920,0.000000,0.000000,0.000000,-13.6850,13.6000,-0.6970
5637512745,48.9528872000,8.4151245000,176.6250,0.000000,0.000000,0.000000,-13.6960,13.5410,-0.6720
5637713364,48.9528625000,8.4151616000,176.7550,0.000000,0.000000,0.000000,-13.7000,13.5730,-0.6850
5637912730,48.9528379000,8.4151986000,176.8930,0.000000,0.000000,0.000000,-13.7140,13.5400,-0.7010
5638113350,48.9528132000,8.4152355000,177.0270,0.000000,0.000000,0.000000,-13.6600,13.5360,-0.6720
5638313969,48.9527887000,8.4152725000,177.1610,0.000000,0.000000,0.000000,-13.6500,13.5170,-0.6950
5638514589,48.9527640000,8.4153094000,177.2910,0.000000,0.000000,0.000000,-13.7030,13.5650,-0.6700
5638710193,48.9527394000,8.4153464000,177.4240,0.000000,0.000000,0.000000,-13.7330,13.5520,-0.6860
5638910812,48.9527147000,8.4153835000,177.5440,0.000000,0.000000,0.000000,-13.7160,13.5600,-0.6060
5639111432,48.9526900000,8.4154205000,177.6760,0.000000,0.000000,0.000000,-13.7090,13.5540,-0.7130
5639312051,48.9526653000,8.4154576000,177.8040,0.000000,0.000000,0.000000,-13.7240,13.6260,-0.6540
5639511417,48.9526406000,8.4154948000,177.9250,0.000000,0.000000,0.000000,-13.8110,13.6440,-0.5900
5639710783,48.9526158000,8.4155320000,178.0330,0.000000,0.000000,0.000000,-13.7630,13.5440,-0.5260
5639910149,48.9525912000,8.4155693000,178.1270,0.000000,0.000000,0.000000,-13.5740,13.7920,-0.4400
5640108260,48.9525665000,8.4156068000,178.2470,0.000000,0.000000,0.000000,-13.8550,13.7180,-0.5150
5640308880,48.9525416000,8.4156442000,178.3620,0.000000,0.000000,0.000000,-13.8140,13.6490,-0.6380
5640510753,48.9525170000,8.4156816000,178.4580,0.000000,0.000000,0.000000,-13.7950,13.6600,-0.6380
5640711373,48.9524921000,8.4157191000,178.5960,0.000000,0.000000,0.000000,-13.7870,13.7490,-0.6630
5641112612,48.9524424000,8.4157938000,178.8400,0.000000,0.000000,0.000000,-13.9510,13.5810,-0.6140
5641313232,48.9524174000,8.4158310000,178.9620,0.000000,0.000000,0.000000,-13.8940,13.6480,-0.6790
5641515105,48.9523925000,8.4158684000,179.1080,0.000000,0.000000,0.000000,-13.9220,13.6710,-0.6990
5641913837,48.9523426000,8.4159432000,179.3390,0.000000,0.000000,0.000000,-13.8890,13.6750,-0.5390
5642113202,48.9523177000,8.4159805000,179.4650,0.000000,0.000000,0.000000,-13.9490,13.6360,-0.6830
5642312568,48.9522927000,8.4160179000,179.6070,0.000000,0.000000,0.000000,-13.8900,13.6950,-0.6940
5642712553,48.9522428000,8.4160928000,179.8990,0.000000,0.000000,0.000000,-13.8850,13.6910,-0.7030
5642913173,48.9522179000,8.4161303000,180.0430,0.000000,0.000000,0.000000,-13.9030,13.7100,-0.7310
5643111285,48.9521929000,8.4161678000,180.1860,0.000000,0.000000,0.000000,-13.8910,13.7350,-0.6750
5643313158,48.9521680000,8.4162053000,180.3150,0.000000,0.000000,0.000000,-13.8720,13.7210,-0.6220
5643512524,48.9521430000,8.4162428000,180.4410,0.000000,0.000000,0.000000,-13.9000,13.7020,-0.6210
5643711889,48.9521180000,8.4162802000,180.5680,0.000000,0.000000,0.000000,-13.9090,13.7170,-0.6380
5643917525,48.9520930000,8.4163177000,180.6950,0.000000,0.000000,0.000000,-13.8950,13.7180,-0.6390
5644113129,48.9520680000,8.4163552000,180.8290,0.000000,0.000000,0.000000,-13.8630,13.7280,-0.6810
5644312494,48.9520430000,8.4163926000,180.9630,0.000000,0.000000,0.000000,-13.8880,13.6930,-0.6570
5644513114,48.9520181000,8.4164301000,181.1000,0.000000,0.000000,0.000000,-13.8780,13.7320,-0.7410
5644712480,48.9519931000,8.4164675000,181.2380,0.000000,0.000000,0.000000,-13.9140,13.7040,-0.6030
5645112465,48.9519432000,8.4165425000,181.5070,0.000000,0.000000,0.000000,-13.8300,13.7310,-0.6750
5645311831,48.9519183000,8.4165800000,181.6530,0.000000,0.000000,0.000000,-13.8670,13.7240,-0.7300
5645511196,48.9518933000,8.4166175000,181.8000,0.000000,0.000000,0.000000,-13.8960,13.7490,-0.7530
5645711816,48.9518683000,8.4166550000,181.9420,0.000000,0.000000,0.000000,-13.8420,13.7420,-0.6620
5645912435,48.9518434000,8.4166925000,182.0780,0.000000,0.000000,0.000000,-13.8770,13.7660,-0.7050
5646113055,48.9518184000,8.4167301000,182.2140,0.000000,0.000000,0.000000,-13.8660,13.7760,-0.6590
5646313675,48.9517935000,8.4167677000,182.3470,0.000000,0.000000,0.000000,-13.8470,13.7660,-0.6670
5646513040,48.9517686000,8.4168054000,182.4850,0.000000,0.000000,0.000000,-13.8660,13.7970,-0.7130
5646714914,48.9517436000,8.4168430000,182.6140,0.000000,0.000000,0.000000,-13.9330,13.7550,-0.5940
5646914279,48.9517186000,8.4168806000,182.7410,0.000000,0.000000,0.000000,-13.8630,13.7790,-0.6490
5647113645,48.9516937000,8.4169182000,182.8740,0.000000,0.000000,0.000000,-13.8350,13.7810,-0.6790
5647314265,48.9516687000,8.4169558000,182.9990,0.000000,0.000000,0.000000,-13.9030,13.7460,-0.5990
5647514884,48.9516437000,8.4169933000,183.1280,0.000000,0.000000,0.000000,-13.8840,13.7370,-0.6840
5647710488,48.9516188000,8.4170307000,183.2620,0.000000,0.000000,0.000000,-13.8300,13.7060,-0.6670
5647911108,48.9515939000,8.4170681000,183.3860,0.000000,0.000000,0.000000,-13.8800,13.7030,-0.5960
5648111728,48.9515689000,8.4171055000,183.5050,0.000000,0.000000,0.000000,-13.8540,13.7060,-0.5800
5648311093,48.9515444000,8.4171427000,183.6570,0.000000,0.000000,0.000000,-13.4170,13.5680,-0.7870
5648506697,48.9515203000,8.4171800000,183.7890,0.000000,0.000000,0.000000,-13.3410,13.7050,-0.6020
5648702301,48.9514965000,8.4172173000,183.7570,0.000000,0.000000,0.000000,-12.9710,13.5930,0.7590
5648899159,48.9514715000,8.4172537000,183.5700,0.000000,0.000000,0.000000,-14.7960,13.0430,1.0290
5649094763,48.9514456000,8.4172899000,183.4750,0.000000,0.000000,0.000000,-14.1240,13.4910,0.1330
5649294129,48.9514204000,8.4173268000,183.5330,0.000000,0.000000,0.000000,-13.8380,13.6140,-0.3190
5649497256,48.9513957000,8.4173640000,183.6540,0.000000,0.000000,0.000000,-13.5440,13.6570,-0.5800
5649700384,48.9513713000,8.4174013000,183.8350,0.000000,0.000000,0.000000,-13.6770,13.5940,-0.6050
5649901003,48.9513466000,8.4174383000,184.0210,0.000000,0.000000,0.000000,-13.7270,13.5850,-0.6480
5650100369,48.9513221000,8.4174756000,184.2010,0.000000,0.000000,0.000000,-13.5790,13.5940,-0.5770
5650304750,48.9512975000,8.4175128000,184.4010,0.000000,0.000000,0.000000,-13.6750,13.6070,-0.6610
5650506624,48.9512721000,8.4175487000,184.5110,0.000000,0.000000,0.000000,-13.7570,13.4830,-0.6220
5650705989,48.9512472000,8.4175854000,184.6380,0.000000,0.000000,0.000000,-13.7160,13.5500,-0.5850
5650909117,48.9512225000,8.4176223000,184.7520,0.000000,0.000000,0.000000,-13.7130,13.4790,-0.5330
5651108482,48.9511979000,8.4176591000,184.8800,0.000000,0.000000,0.000000,-13.6250,13.4650,-0.6050
5651306594,48.9511734000,8.4176957000,185.0040,0.000000,0.000000,0.000000,-13.5810,13.4400,-0.6000
5651507214,48.9511490000,8.4177327000,185.2310,0.000000,0.000000,0.000000,-13.5500,13.4780,-0.6650
5651706580,48.9511246000,8.4177697000,185.4200,0.000000,0.000000,0.000000,-13.5790,13.4310,-0.6450
5651907199,48.9511002000,8.4178063000,185.5780,0.000000,0.000000,0.000000,-13.5520,13.3560,-0.5900
5652107819,48.9510759000,8.4178429000,185.7260,0.000000,0.000000,0.000000,-13.3950,13.3850,-0.6560
5652308438,48.9510516000,8.4178796000,185.8640,0.000000,0.000000,0.000000,-13.5510,13.4280,-0.6060
5652507804,48.9510275000,8.4179161000,186.0080,0.000000,0.000000,0.000000,-13.2820,13.3240,-0.6890
5652700900,48.9510042000,8.4179528000,186.1060,0.000000,0.000000,0.000000,-12.5990,13.5590,-0.3080
5652895251,48.9509838000,8.4179913000,186.0610,0.000000,0.000000,0.000000,-10.0880,14.5830,0.7150
5653090855,48.9509651000,8.4180259000,185.5000,0.000000,0.000000,0.000000,-10.9510,11.3030,5.1330
5653290220,48.9509469000,8.4180545000,184.5940,0.000000,0.000000,0.000000,-9.5960,10.0120,4.6540
5653488332,48.9509307000,8.4180805000,183.8080,0.000000,0.000000,0.000000,-8.7250,9.3630,4.2650
5653690206,48.9509142000,8.4181051000,183.1370,0.000000,0.000000,0.000000,-9.6280,9.1310,3.8700
5653890825,48.9508960000,8.4181308000,182.4830,0.000000,0.000000,0.000000,-10.5330,9.7020,3.2070
5654090191,48.9508772000,8.4181571000,181.8880,0.000000,0.000000,0.000000,-10.4050,9.6010,3.0230
5654287049,48.9508588000,8.4181822000,181.3550,0.000000,0.000000,0.000000,-10.1080,8.9950,2.9830
5654485161,48.9508411000,8.4182066000,180.9050,0.000000,0.000000,0.000000,-9.5750,9.1060,2.9840
5654677003,48.9508226000,8.4182307000,180.6500,0.000000,0.000000,0.000000,-10.6480,9.1620,2.2440
5654870099,48.9507977000,8.4182540000,180.3740,0.000000,0.000000,0.000000,-14.4610,7.9780,1.6420
5655063196,48.9507715000,8.4182792000,180.1350,0.000000,0.000000,0.000000,-14.3940,9.3320,1.1830
5655255038,48.9507468000,8.4183081000,180.0820,0.000000,0.000000,0.000000,-13.6360,10.2280,0.3370
5755859473,48.9356847000,8.4297867000,203.8360,0.000000,0.000000,0.000000,-6.8860,16.2860,2.2660
5756057585,48.9356808000,8.4297726000,201.1430,0.000000,0.000000,0.000000,-6.0750,16.1050,0.4030
5756255697,48.9356770000,8.4298110000,201.1300,0.000000,0.000000,0.000000,-5.9350,16.4110,-0.1070
5756460078,48.9356666000,8.4298449000,201.3260,0.000000,0.000000,0.000000,-5.8980,16.3720,-0.1260
5756666966,48.9356580000,8.4298900000,202.3700,0.000000,0.000000,0.000000,-5.7360,16.4620,-0.0950
5756866332,48.9356492000,8.4299386000,202.4850,0.000000,0.000000,0.000000,-5.6170,16.4950,-0.0380
5757066952,48.9356393000,8.4299872000,202.8550,0.000000,0.000000,0.000000,-5.4820,16.4910,-0.0480
5757266317,48.9356291000,8.4300327000,203.9340,0.000000,0.000000,0.000000,-5.3460,16.5650,-0.0310
5757465683,48.9356191000,8.4300803000,204.2110,0.000000,0.000000,0.000000,-5.2310,16.6210,-0.0460
5757670064,48.9356090000,8.4301275000,204.0500,0.000000,0.000000,0.000000,-5.1380,16.5800,-0.0530
5757888238,48.9355985000,8.4301757000,204.2770,0.000000,0.000000,0.000000,-4.9740,16.5360,-0.1790
5758098888,48.9355891000,8.4302225000,204.4600,0.000000,0.000000,0.000000,-4.9570,16.5900,-0.2260
5758299508,48.9355798000,8.4302688000,204.5020,0.000000,0.000000,0.000000,-4.8430,16.5120,-0.0320
5758498873,48.9355712000,8.4303151000,204.5010,0.000000,0.000000,0.000000,-4.7690,16.5120,-0.1740
5758700747,48.9355632000,8.4303600000,204.3240,0.000000,0.000000,0.000000,-4.7320,16.5190,-0.1280
5758907635,48.9355550000,8.4304042000,204.1580,0.000000,0.000000,0.000000,-4.7000,16.5030,-0.1840
5759103239,48.9355474000,8.4304494000,204.0040,0.000000,0.000000,0.000000,-4.5730,16.5360,-0.1100
5759303859,48.9355401000,8.4304939000,203.8370,0.000000,0.000000,0.000000,-4.4900,16.5470,-0.0330
5759505732,48.9355326000,8.4305387000,203.6940,0.000000,0.000000,0.000000,-4.5150,16.5080,-0.1940
5759705098,48.9355248000,8.4305835000,203.5640,0.000000,0.000000,0.000000,-4.5190,16.4820,-0.1070
5759903210,48.9355170000,8.4306284000,203.4680,0.000000,0.000000,0.000000,-4.5750,16.5040,-0.1020
5760102575,48.9355089000,8.4306731000,203.4170,0.000000,0.000000,0.000000,-4.6520,16.4520,-0.1030
5760303195,48.9355005000,8.4307179000,203.3870,0.000000,0.000000,0.000000,-4.6300,16.4410,-0.0760
5760503814,48.9354918000,8.4307627000,203.3840,0.000000,0.000000,0.000000,-4.6620,16.4810,-0.0970
5760704434,48.9354833000,8.4308076000,203.3850,0.000000,0.000000,0.000000,-4.5990,16.4750,-0.0650
5760906307,48.9354749000,8.4308526000,203.4300,0.000000,0.000000,0.000000,-4.4080,16.5170,-0.1440
5761105673,48.9354670000,8.4308977000,203.4600,0.000000,0.000000,0.000000,-4.2670,16.5950,-0.1650
5761305038,48.9354593000,8.4309430000,203.5050,0.000000,0.000000,0.000000,-4.1430,16.6340,-0.1710
5761505658,48.9354522000,8.4309885000,203.5350,0.000000,0.000000,0.000000,-3.9180,16.6290,-0.1690
5761705023,48.9354454000,8.4310340000,203.5530,0.000000,0.000000,0.000000,-3.7790,16.6740,-0.1800
5761904389,48.9354387000,8.4310795000,203.5920,0.000000,0.000000,0.000000,-3.6150,16.7430,-0.1920
5762105009,48.9354326000,8.4311252000,203.6160,0.000000,0.000000,0.000000,-3.3850,16.7630,-0.1460
5762305628,48.9354267000,8.4311710000,203.6460,0.000000,0.000000,0.000000,-3.1650,16.7900,-0.1060
5762506248,48.9354214000,8.4312169000,203.6700,0.000000,0.000000,0.000000,-2.8610,16.8190,-0.1170
5762706867,48.9354164000,8.4312628000,203.7090,0.000000,0.000000,0.000000,-2.6270,16.8200,-0.1810
5762904979,48.9354119000,8.4313087000,203.7520,0.000000,0.000000,0.000000,-2.3940,16.8890,-0.2130
5763106852,48.9354078000,8.4313548000,203.7600,0.000000,0.000000,0.000000,-2.1680,16.8910,-0.0790
5763306218,48.9354041000,8.4314008000,203.7780,0.000000,0.000000,0.000000,-1.9710,16.8870,-0.0810
5763506837,48.9354007000,8.4314468000,203.7980,0.000000,0.000000,0.000000,-1.7430,16.8940,-0.1490
5763706203,48.9353979000,8.4314930000,203.8210,0.000000,0.000000,0.000000,-1.5060,16.9420,-0.1760
5763906822,48.9353954000,8.4315391000,203.8520,0.000000,0.000000,0.000000,-1.2380,16.9450,-0.2100
5764107442,48.9353934000,8.4315853000,203.8920,0.000000,0.000000,0.000000,-0.9920,16.9200,-0.2110
5764306807,48.9353918000,8.4316315000,203.9380,0.000000,0.000000,0.000000,-0.8030,16.9500,-0.2090
5764509935,48.9353905000,8.4316777000,203.9830,0.000000,0.000000,0.000000,-0.6430,16.9260,-0.1740
5764706793,48.9353896000,8.4317238000,204.0280,0.000000,0.000000,0.000000,-0.4430,16.9420,-0.2620
5764906158,48.9353890000,8.4317701000,204.0680,0.000000,0.000000,0.000000,-0.2430,16.9430,-0.1170
5765106778,48.9353888000,8.4318124000,204.1240,0.000000,0.000000,0.000000,-0.0450,16.9170,-0.1510
5765307397,48.9353880000,8.4318594000,204.3000,0.000000,0.000000,0.000000,0.1860,16.9550,-0.1880
5765508017,48.9353884000,8.4319056000,204.3400,0.000000,0.000000,0.000000,0.4330,16.9220,-0.1310
5765707382,48.9353894000,8.4319518000,204.3820,0.000000,0.000000,0.000000,0.6910,16.8760,-0.2400
5765906748,48.9353906000,8.4319979000,204.4250,0.000000,0.000000,0.000000,0.7660,16.9320,-0.1590
5766107367,48.9353922000,8.4320442000,204.4590,0.000000,0.000000,0.000000,0.9240,16.9250,-0.1670
5766306733,48.9353940000,8.4320902000,204.4810,0.000000,0.000000,0.000000,1.0970,16.8660,-0.1220
5766507352,48.9353961000,8.4321362000,204.5040,0.000000,0.000000,0.000000,1.2470,16.8440,-0.1480
5766706718,48.9353985000,8.4321822000,204.5350,0.000000,0.000000,0.000000,1.4610,16.8450,-0.2020
5766907337,48.9354013000,8.4322282000,204.5700,0.000000,0.000000,0.000000,1.6480,16.8520,-0.1810
5767106703,48.9354043000,8.4322741000,204.6010,0.000000,0.000000,0.000000,1.7380,16.8140,-0.1620
5767307323,48.9354075000,8.4323199000,204.6290,0.000000,0.000000,0.000000,1.8520,16.7650,-0.1430
5767506688,48.9354110000,8.4323657000,204.6640,0.000000,0.000000,0.000000,1.9770,16.7880,-0.2270
5767707308,48.9354147000,8.4324115000,204.6940,0.000000,0.000000,0.000000,2.1330,16.7840,-0.1150
5767907927,48.9354186000,8.4324573000,204.7170,0.000000,0.000000,0.000000,2.2810,16.7330,-0.1640
5768107293,48.9354229000,8.4325029000,204.7490,0.000000,0.000000,0.000000,2.4900,16.7150,-0.1700
5768306658,48.9354275000,8.4325485000,204.7830,0.000000,0.000000,0.000000,2.6870,16.6900,-0.2220
5768507278,48.9354326000,8.4325940000,204.8200,0.000000,0.000000,0.000000,2.9000,16.6430,-0.2050
5768706643,48.9354380000,8.4326394000,204.8640,0.000000,0.000000,0.000000,3.1980,16.6570,-0.2510
5768907263,48.9354439000,8.4326848000,204.8940,0.000000,0.000000,0.000000,3.3210,16.6140,-0.1500
5769106628,48.9354501000,8.4327300000,204.9200,0.000000,0.000000,0.000000,3.5280,16.5220,-0.1490
5769307248,48.9354565000,8.4327752000,204.9510,0.000000,0.000000,0.000000,3.7050,16.5490,-0.2070
5769507867,48.9354633000,8.4328204000,204.9860,0.000000,0.000000,0.000000,3.8230,16.5970,-0.1620
5769707233,48.9354703000,8.4328656000,205.0060,0.000000,0.000000,0.000000,3.9220,16.5530,-0.1000
5769905345,48.9354774000,8.4329108000,205.0340,0.000000,0.000000,0.000000,4.0590,16.5170,-0.1720
5770105964,48.9354847000,8.4329560000,205.0580,0.000000,0.000000,0.000000,4.0660,16.6390,-0.0840
5770305330,48.9354920000,8.4330014000,205.0540,0.000000,0.000000,0.000000,4.0720,16.6340,0.0380
5770504695,48.9354994000,8.4330468000,205.0540,0.000000,0.000000,0.000000,4.1330,16.6260,-0.0680
5770705315,48.9355069000,8.4330922000,205.0680,0.000000,0.000000,0.000000,4.2350,16.6740,-0.1350
5770917219,48.9355147000,8.4331379000,205.0830,0.000000,0.000000,0.000000,4.4120,16.7550,-0.0520
5771106554,48.9355226000,8.4331835000,205.0950,0.000000,0.000000,0.000000,4.3800,16.6990,-0.0950
5771307173,48.9355306000,8.4332292000,205.1090,0.000000,0.000000,0.000000,4.5180,16.7380,-0.1190
5771506539,48.9355388000,8.4332750000,205.1070,0.000000,0.000000,0.000000,4.5480,16.8290,0.0600
5771705904,48.9355470000,8.4333209000,205.1020,0.000000,0.000000,0.000000,4.6370,16.8460,-0.0450
5771907778,48.9355554000,8.4333669000,205.1080,0.000000,0.000000,0.000000,4.6640,16.8730,-0.0490
5772105889,48.9355638000,8.4334130000,205.1130,0.000000,0.000000,0.000000,4.6980,16.9090,-0.0500
5772306509,48.9355723000,8.4334593000,205.1160,0.000000,0.000000,0.000000,4.7480,16.9560,-0.0470
5772505875,48.9355808000,8.4335056000,205.1300,0.000000,0.000000,0.000000,4.7700,16.9890,-0.1360
5772706494,48.9355894000,8.4335521000,205.1460,0.000000,0.000000,0.000000,4.8200,17.0420,-0.1180
5773106479,48.9356068000,8.4336452000,205.1900,0.000000,0.000000,0.000000,4.8320,17.0880,-0.1720
5773307099,48.9356156000,8.4336919000,205.2260,0.000000,0.000000,0.000000,4.8860,17.1230,-0.2310
5773506464,48.9356244000,8.4337387000,205.2750,0.000000,0.000000,0.000000,4.9550,17.1330,-0.3310
5773705830,48.9356333000,8.4337855000,205.3290,0.000000,0.000000,0.000000,4.9500,17.1960,-0.2700
5773905195,48.9356423000,8.4338324000,205.3760,0.000000,0.000000,0.000000,4.9940,17.1320,-0.2510
5774105815,48.9356512000,8.4338792000,205.4260,0.000000,0.000000,0.000000,4.9380,17.1700,-0.3080
5774303926,48.9356601000,8.4339261000,205.4840,0.000000,0.000000,0.000000,4.9340,17.2200,-0.3260
5774505800,48.9356690000,8.4339732000,205.5330,0.000000,0.000000,0.000000,4.9710,17.2540,-0.2430
5774705165,48.9356778000,8.4340201000,205.5720,0.000000,0.000000,0.000000,4.8960,17.1480,-0.1750
5774907039,48.9356865000,8.4340671000,205.6260,0.000000,0.000000,0.000000,4.8030,17.2580,-0.3960
5775107658,48.9356951000,8.4341143000,205.7020,0.000000,0.000000,0.000000,4.7810,17.3320,-0.4180
5775305770,48.9357037000,8.4341616000,205.7610,0.000000,0.000000,0.000000,4.7800,17.3370,-0.2120
5775506389,48.9357122000,8.4342090000,205.8040,0.000000,0.000000,0.000000,4.6860,17.3350,-0.2880
5775707009,48.9357206000,8.4342564000,205.8640,0.000000,0.000000,0.000000,4.6100,17.3850,-0.3180
5775908882,48.9357289000,8.4343039000,205.9210,0.000000,0.000000,0.000000,4.5690,17.4170,-0.2990
5776105740,48.9357370000,8.4343514000,205.9800,0.000000,0.000000,0.000000,4.4690,17.4420,-0.3210
5776305106,48.9357449000,8.4343991000,206.0490,0.000000,0.000000,0.000000,4.3200,17.5100,-0.3790
5776504471,48.9357525000,8.4344470000,206.1170,0.000000,0.000000,0.000000,4.2060,17.5750,-0.3350
5776705091,48.9357600000,8.4344950000,206.1760,0.000000,0.000000,0.000000,4.1170,17.6170,-0.2740
5776905710,48.9357673000,8.4345432000,206.2300,0.000000,0.000000,0.000000,3.9740,17.6680,-0.3050
5777103822,48.9357743000,8.4345916000,206.2850,0.000000,0.000000,0.000000,3.7790,17.7620,-0.2780
5777304441,48.9357809000,8.4346401000,206.3440,0.000000,0.000000,0.000000,3.6070,17.8100,-0.3110
5777503807,48.9357872000,8.4346888000,206.4120,0.000000,0.000000,0.000000,3.4450,17.8910,-0.3860
5777703172,48.9357932000,8.4347378000,206.4830,0.000000,0.000000,0.000000,3.2460,17.9850,-0.3570
5777903792,48.9357989000,8.4347869000,206.5380,0.000000,0.000000,0.000000,3.0190,18.0200,-0.2590
5778103157,48.9358040000,8.4348363000,206.5930,0.000000,0.000000,0.000000,2.7400,18.1710,-0.2980
5778303777,48.9358088000,8.4348860000,206.6450,0.000000,0.000000,0.000000,2.5640,18.1800,-0.2360
5778504396,48.9358132000,8.4349357000,206.6910,0.000000,0.000000,0.000000,2.3200,18.2770,-0.2450
5778703762,48.9358172000,8.4349857000,206.7460,0.000000,0.000000,0.000000,2.1370,18.3170,-0.2940
5778905635,48.9358208000,8.4350358000,206.8080,0.000000,0.000000,0.000000,1.9090,18.4060,-0.3570
5779105001,48.9358241000,8.4350860000,206.8820,0.000000,0.000000,0.000000,1.7590,18.4350,-0.3760
5779305620,48.9358271000,8.4351365000,206.9490,0.000000,0.000000,0.000000,1.6130,18.5050,-0.2940
5779503732,48.9358299000,8.4351870000,207.0050,0.000000,0.000000,0.000000,1.4270,18.5350,-0.2850
5779705605,48.9358322000,8.4352377000,207.0570,0.000000,0.000000,0.000000,1.2200,18.6010,-0.2650
5779904971,48.9358343000,8.4352885000,207.1110,0.000000,0.000000,0.000000,1.0310,18.6280,-0.3000
5780105590,48.9358359000,8.4353394000,207.1750,0.000000,0.000000,0.000000,0.7670,18.6640,-0.3380
5780306210,48.9358371000,8.4353904000,207.2340,0.000000,0.000000,0.000000,0.5660,18.7150,-0.2680
5780506829,48.9358379000,8.4354416000,207.2840,0.000000,0.000000,0.000000,0.3660,18.7630,-0.2800
5780707449,48.9358384000,8.4354928000,207.3450,0.000000,0.000000,0.000000,0.1620,18.8090,-0.3280
5780906814,48.9358385000,8.4355442000,207.4030,0.000000,0.000000,0.000000,-0.0080,18.8170,-0.2940
5781106180,48.9358383000,8.4355956000,207.4540,0.000000,0.000000,0.000000,-0.2460,18.8810,-0.2320
5781305545,48.9358377000,8.4356472000,207.4970,0.000000,0.000000,0.000000,-0.3490,18.8870,-0.2260
5781506165,48.9358369000,8.4356988000,207.5400,0.000000,0.000000,0.000000,-0.5420,18.9310,-0.2160
5781708038,48.9358358000,8.4357506000,207.5930,0.000000,0.000000,0.000000,-0.6810,18.9840,-0.2820
5781907404,48.9358344000,8.4358024000,207.6540,0.000000,0.000000,0.000000,-0.8780,19.0240,-0.3340
5782109277,48.9358328000,8.4358544000,207.7130,0.000000,0.000000,0.000000,-0.9690,19.0140,-0.2920
5782307389,48.9358309000,8.4359064000,207.7820,0.000000,0.000000,0.000000,-1.0700,19.0790,-0.3750
5782506754,48.9358288000,8.4359585000,207.8450,0.000000,0.000000,0.000000,-1.2300,19.1260,-0.3170
5782704866,48.9358265000,8.4360107000,207.9110,0.000000,0.000000,0.000000,-1.3460,19.1570,-0.3410
5782904232,48.9358240000,8.4360630000,207.9660,0.000000,0.000000,0.000000,-1.4870,19.1260,-0.2370
5783102343,48.9358212000,8.4361152000,208.0270,0.000000,0.000000,0.000000,-1.5930,19.1570,-0.3600
5783307978,48.9358182000,8.4361676000,208.0900,0.000000,0.000000,0.000000,-1.7470,19.1940,-0.2870
5783507344,48.9358149000,8.4362200000,208.1430,0.000000,0.000000,0.000000,-1.9050,19.1960,-0.2720
5783706709,48.9358113000,8.4362724000,208.2020,0.000000,0.000000,0.000000,-2.0790,19.2320,-0.3160
5783908583,48.9358074000,8.4363249000,208.2520,0.000000,0.000000,0.000000,-2.2580,19.2280,-0.2360
5784109202,48.9358032000,8.4363774000,208.2990,0.000000,0.000000,0.000000,-2.3160,19.2600,-0.2320
5784308568,48.9357989000,8.4364300000,208.3410,0.000000,0.000000,0.000000,-2.4800,19.2410,-0.2170
5784507933,48.9357943000,8.4364825000,208.3960,0.000000,0.000000,0.000000,-2.6560,19.2530,-0.2890
5784708553,48.9357893000,8.4365351000,208.4530,0.000000,0.000000,0.000000,-2.8020,19.3080,-0.3090
5784907918,48.9357843000,8.4365878000,208.5170,0.000000,0.000000,0.000000,-2.8260,19.2820,-0.3160
5785111046,48.9357790000,8.4366404000,208.5790,0.000000,0.000000,0.000000,-2.9850,19.3110,-0.3100
5785309157,48.9357736000,8.4366931000,208.6420,0.000000,0.000000,0.000000,-3.0600,19.3340,-0.3290
5785508523,48.9357680000,8.4367459000,208.6950,0.000000,0.000000,0.000000,-3.1580,19.3460,-0.1980
5785707888,48.9357622000,8.4367987000,208.7410,0.000000,0.000000,0.000000,-3.2040,19.3130,-0.2600
