# t_us, lat_deg, lon_deg, h_m, cov_pos_ned nn,ne,nd,ee,ed,dd [m^2], vn, ve, vd [m/s], cov_vel_ned nn,ne,nd,ee,ed,dd [(m/s)^2], vel_ok
# GNSS-only passthrough (NAV-PVT + NAV-COV), no RTKLIB post-processing -- see inslib_convert_ubx_to_csv.py
29642789,38.6334320000,-0.2668706000,863.9320,89.6052,0,0,89.6052,0,160.402,0.0190,0.0040,0.0390,0.078961,0,0,0.078961,0,0.078961,1
29890436,38.6334335000,-0.2668697000,863.8890,75.7944,0,0,75.7944,0,54.096,-0.0160,-0.0210,-0.0050,0.023104,0,0,0.023104,0,0.023104,1
30090794,38.6334341000,-0.2668693000,863.9510,79.5486,0,0,79.5486,0,68.6247,-0.0140,0.0440,0.0580,0.028561,0,0,0.028561,0,0.028561,1
30291152,38.6334345000,-0.2668689000,863.9980,59.9076,0,0,59.9076,0,59.6293,0.0130,0.0220,0.0560,0.036864,0,0,0.036864,0,0.036864,1
30490265,38.6334347000,-0.2668686000,864.0510,48.3303,0,0,48.3303,0,53.1295,0.0380,0.0380,0.0520,0.035721,0,0,0.035721,0,0.035721,1
30690623,38.6334348000,-0.2668685000,864.0950,40.3606,0,0,40.3606,0,47.8587,0.0090,-0.0070,0.0150,0.036481,0,0,0.036481,0,0.036481,1
30890981,38.6334346000,-0.2668682000,864.1870,33.9423,0,0,33.9423,0,41.4736,-0.0030,0.0040,-0.0260,0.037249,0,0,0.037249,0,0.037249,1
31091339,38.6334344000,-0.2668680000,864.2440,29.3656,0,0,29.3656,0,36.8085,0.0000,-0.0080,0.0510,0.033124,0,0,0.033124,0,0.033124,1
31291697,38.6334343000,-0.2668679000,864.2850,25.8369,0,0,25.8369,0,33.143,-0.0480,-0.0150,0.0940,0.029241,0,0,0.029241,0,0.029241,1
31492055,38.6334344000,-0.2668679000,864.2760,23.1361,0,0,23.1361,0,30.8802,-0.0310,-0.0050,0.0350,0.024336,0,0,0.024336,0,0.024336,1
31697391,38.6334349000,-0.2668675000,864.2530,21.16,0,0,21.16,0,29.106,0.0060,-0.0010,-0.0190,0.025281,0,0,0.025281,0,0.025281,1
31898993,38.6334353000,-0.2668673000,864.2510,19.6072,0,0,19.6072,0,27.636,0.0090,-0.0060,0.0060,0.022801,0,0,0.022801,0,0.022801,1
32098106,38.6334365000,-0.2668668000,864.2400,17.8422,0,0,17.8422,0,26.1019,-0.0160,-0.0040,0.0120,0.0169,0,0,0.0169,0,0.0169,1
32298464,38.6334381000,-0.2668661000,864.2200,16,0,0,16,0,24.5025,-0.0210,-0.0070,-0.0270,0.021609,0,0,0.021609,0,0.021609,1
32498822,38.6334396000,-0.2668653000,864.1990,14.1828,0,0,14.1828,0,22.8867,0.0050,0.0220,-0.0660,0.030976,0,0,0.030976,0,0.030976,1
32700425,38.6334409000,-0.2668646000,864.1810,12.6451,0,0,12.6451,0,21.3906,-0.0070,-0.0260,0.0210,0.021904,0,0,0.021904,0,0.021904,1
32898294,38.6334419000,-0.2668640000,864.1450,11.4447,0,0,11.4447,0,20.1421,0.0250,-0.0140,0.0620,0.026896,0,0,0.026896,0,0.026896,1
33098652,38.6334427000,-0.2668636000,864.1090,10.3942,0,0,10.3942,0,18.9051,0.0250,-0.0130,0.0010,0.0121,0,0,0.0121,0,0.0121,1
33299010,38.6334434000,-0.2668631000,864.1010,9.59141,0,0,9.59141,0,17.9691,0.0210,-0.0020,0.0020,0.011664,0,0,0.011664,0,0.011664,1
33500613,38.6334438000,-0.2668626000,864.1250,8.80902,0,0,8.80902,0,16.7445,-0.0070,-0.0050,-0.0380,0.023104,0,0,0.023104,0,0.023104,1
33700971,38.6334442000,-0.2668622000,864.1460,8.14532,0,0,8.14532,0,15.6737,-0.0170,0.0230,-0.0140,0.019321,0,0,0.019321,0,0.019321,1
33901329,38.6334445000,-0.2668618000,864.1470,7.568,0,0,7.568,0,14.7456,-0.0080,-0.0100,0.0280,0.024649,0,0,0.024649,0,0.024649,1
34101687,38.6334448000,-0.2668614000,864.1510,7.07028,0,0,7.07028,0,13.9204,0.0070,-0.0400,0.0080,0.014641,0,0,0.014641,0,0.014641,1
34300800,38.6334451000,-0.2668611000,864.1560,6.62548,0,0,6.62548,0,13.1769,-0.0180,-0.0030,-0.0070,0.012544,0,0,0.012544,0,0.012544,1
34501158,38.6334453000,-0.2668608000,864.1520,6.24,0,0,6.24,0,12.5245,0.0080,-0.0070,-0.0150,0.014641,0,0,0.014641,0,0.014641,1
34704005,38.6334455000,-0.2668605000,864.1560,5.88062,0,0,5.88062,0,11.9232,-0.0190,0.0120,0.0320,0.015129,0,0,0.015129,0,0.015129,1
34901874,38.6334456000,-0.2668602000,864.1530,5.56016,0,0,5.56016,0,11.3839,-0.0170,0.0190,0.0320,0.013225,0,0,0.013225,0,0.013225,1
35102232,38.6334457000,-0.2668600000,864.1440,5.27162,0,0,5.27162,0,10.8834,0.0220,-0.0120,-0.0030,0.009216,0,0,0.009216,0,0.009216,1
35302590,38.6334458000,-0.2668600000,864.1390,4.9997,0,0,4.9997,0,10.4329,0.0160,-0.0200,0.0070,0.013689,0,0,0.013689,0,0.013689,1
35501704,38.6334457000,-0.2668599000,864.1320,4.70456,0,0,4.70456,0,9.97296,0.0010,0.0140,-0.0160,0.021609,0,0,0.021609,0,0.021609,1
35703307,38.6334456000,-0.2668598000,864.1210,4.43524,0,0,4.43524,0,9.56046,-0.0030,-0.0020,0.0440,0.021609,0,0,0.021609,0,0.021609,1
35904909,38.6334454000,-0.2668598000,864.1000,4.1943,0,0,4.1943,0,9.16878,-0.0190,-0.0040,0.0010,0.007921,0,0,0.007921,0,0.007921,1
36105267,38.6334453000,-0.2668598000,864.0940,3.97205,0,0,3.97205,0,8.81496,0.0140,-0.0150,0.0570,0.025281,0,0,0.025281,0,0.025281,1
36304381,38.6334453000,-0.2668598000,864.0760,3.7636,0,0,3.7636,0,8.4681,0.0180,0.0120,-0.0130,0.012321,0,0,0.012321,0,0.012321,1
36504739,38.6334453000,-0.2668598000,864.0740,3.57588,0,0,3.57588,0,8.15103,0.0270,0.0010,0.0180,0.013689,0,0,0.013689,0,0.013689,1
36705097,38.6334453000,-0.2668597000,864.0690,3.4151,0,0,3.4151,0,7.88486,0.0120,-0.0160,-0.0310,0.013924,0,0,0.013924,0,0.013924,1
36905455,38.6334453000,-0.2668597000,864.0600,3.25081,0,0,3.25081,0,7.62312,-0.0030,-0.0160,0.0340,0.022201,0,0,0.022201,0,0.022201,1
37104569,38.6334453000,-0.2668596000,864.0390,3.10817,0,0,3.10817,0,7.38209,0.0040,-0.0110,0.0510,0.023104,0,0,0.023104,0,0.023104,1
37304927,38.6334452000,-0.2668596000,864.0270,2.97908,0,0,2.97908,0,7.15562,-0.0100,0.0100,-0.0050,0.013225,0,0,0.013225,0,0.013225,1
37505285,38.6334451000,-0.2668595000,864.0280,2.86625,0,0,2.86625,0,6.95377,0.0050,0.0010,0.0020,0.009025,0,0,0.009025,0,0.009025,1
37703154,38.6334451000,-0.2668595000,864.0200,2.77556,0,0,2.77556,0,6.81732,0.0050,-0.0070,0.0030,0.012544,0,0,0.012544,0,0.012544,1
37903512,38.6334451000,-0.2668595000,864.0010,2.6896,0,0,2.6896,0,6.6874,0.0030,0.0010,0.0370,0.021609,0,0,0.021609,0,0.021609,1
38102626,38.6334450000,-0.2668595000,863.9830,2.59854,0,0,2.59854,0,6.5076,-0.0180,-0.0050,0.0240,0.015625,0,0,0.015625,0,0.015625,1
38302984,38.6334450000,-0.2668595000,863.9810,2.5154,0,0,2.5154,0,6.34032,-0.0020,0.0040,0.0180,0.015376,0,0,0.015376,0,0.015376,1
38503342,38.6334450000,-0.2668594000,863.9710,2.43672,0,0,2.43672,0,6.1802,0.0050,0.0040,0.0560,0.021609,0,0,0.021609,0,0.021609,1
38704945,38.6334449000,-0.2668594000,863.9500,2.36852,0,0,2.36852,0,6.06637,0.0030,-0.0190,0.0300,0.023104,0,0,0.023104,0,0.023104,1
38904059,38.6334449000,-0.2668594000,863.9440,2.30129,0,0,2.30129,0,5.92436,0.0010,-0.0080,0.0300,0.023409,0,0,0.023409,0,0.023409,1
39101928,38.6334449000,-0.2668594000,863.9460,2.23802,0,0,2.23802,0,5.78884,0.0050,0.0090,0.0430,0.020736,0,0,0.020736,0,0.020736,1
39302286,38.6334448000,-0.2668594000,863.9430,2.17563,0,0,2.17563,0,5.65488,-0.0130,-0.0040,0.0450,0.021316,0,0,0.021316,0,0.021316,1
39502644,38.6334448000,-0.2668593000,863.9450,2.11994,0,0,2.11994,0,5.5319,-0.0190,0.0170,0.0320,0.012769,0,0,0.012769,0,0.012769,1
39704247,38.6334447000,-0.2668592000,863.9360,2.0621,0,0,2.0621,0,5.41028,-0.0230,-0.0020,0.0460,0.017956,0,0,0.017956,0,0.017956,1
39904605,38.6334446000,-0.2668592000,863.9320,2.01072,0,0,2.01072,0,5.2946,0.0050,-0.0040,-0.0090,0.011025,0,0,0.011025,0,0.011025,1
40103719,38.6334446000,-0.2668591000,863.9410,1.96,0,0,1.96,0,5.18928,0.0340,-0.0250,0.0430,0.019881,0,0,0.019881,0,0.019881,1
40304077,38.6334446000,-0.2668590000,863.9250,1.90992,0,0,1.90992,0,5.08052,0.0080,0.0040,0.0180,0.017689,0,0,0.017689,0,0.017689,1
40504436,38.6334446000,-0.2668589000,863.9200,1.86596,0,0,1.86596,0,4.97736,-0.0010,-0.0030,0.0280,0.020164,0,0,0.020164,0,0.020164,1
40707283,38.6334446000,-0.2668588000,863.9090,1.8198,0,0,1.8198,0,4.87968,0.0050,-0.0360,0.0470,0.021609,0,0,0.021609,0,0.021609,1
40905152,38.6334446000,-0.2668589000,863.8920,1.77956,0,0,1.77956,0,4.78734,0.0030,-0.0230,0.0470,0.023104,0,0,0.023104,0,0.023104,1
41104266,38.6334446000,-0.2668588000,863.8790,1.73976,0,0,1.73976,0,4.69156,-0.0160,-0.0200,0.0690,0.021609,0,0,0.021609,0,0.021609,1
41303379,38.6334446000,-0.2668588000,863.8690,1.70042,0,0,1.70042,0,4.60532,-0.0080,-0.0320,0.0450,0.020736,0,0,0.020736,0,0.020736,1
41503738,38.6334445000,-0.2668587000,863.8640,1.6641,0,0,1.6641,0,4.51988,0.0140,-0.0090,0.0650,0.023409,0,0,0.023409,0,0.023409,1
41702851,38.6334445000,-0.2668587000,863.8630,1.62818,0,0,1.62818,0,4.43945,0.0040,-0.0060,-0.0130,0.0121,0,0,0.0121,0,0.0121,1
41904454,38.6334445000,-0.2668586000,863.8680,1.59517,0,0,1.59517,0,4.36392,-0.0010,0.0040,0.0410,0.019321,0,0,0.019321,0,0.019321,1
42104812,38.6334445000,-0.2668586000,863.8580,1.565,0,0,1.565,0,4.29318,0.0050,-0.0080,-0.0150,0.012769,0,0,0.012769,0,0.012769,1
42303926,38.6334445000,-0.2668586000,863.8700,1.53512,0,0,1.53512,0,4.22303,0.0020,0.0000,0.0760,0.023104,0,0,0.023104,0,0.023104,1
42504284,38.6334444000,-0.2668586000,863.8800,1.50798,0,0,1.50798,0,4.15344,-0.0150,0.0000,0.0040,0.008464,0,0,0.008464,0,0.008464,1
42703398,38.6334444000,-0.2668586000,863.8930,1.48109,0,0,1.48109,0,4.09253,0.0170,0.0060,0.0620,0.0225,0,0,0.0225,0,0.0225,1
42903757,38.6334444000,-0.2668586000,863.8980,1.45926,0,0,1.45926,0,4.04412,-0.0080,0.0100,-0.0070,0.018496,0,0,0.018496,0,0.018496,1
43101626,38.6334443000,-0.2668586000,863.9000,1.4352,0,0,1.4352,0,3.98402,-0.0100,-0.0040,0.0080,0.013689,0,0,0.013689,0,0.013689,1
43300740,38.6334443000,-0.2668587000,863.8990,1.40897,0,0,1.40897,0,3.92436,-0.0010,-0.0130,-0.0040,0.007396,0,0,0.007396,0,0.007396,1
43501098,38.6334443000,-0.2668587000,863.9200,1.38533,0,0,1.38533,0,3.86516,0.0240,0.0100,0.0280,0.016129,0,0,0.016129,0,0.016129,1
43701456,38.6334443000,-0.2668586000,863.9460,1.35956,0,0,1.35956,0,3.8064,-0.0070,0.0210,0.0350,0.015129,0,0,0.015129,0,0.015129,1
43903059,38.6334443000,-0.2668586000,863.9620,1.33634,0,0,1.33634,0,3.74423,0.0050,0.0000,0.0110,0.018225,0,0,0.018225,0,0.018225,1
44102173,38.6334442000,-0.2668587000,863.9840,1.31332,0,0,1.31332,0,3.70178,-0.0010,-0.0160,-0.0010,0.007396,0,0,0.007396,0,0.007396,1
44302531,38.6334442000,-0.2668586000,863.9990,1.2905,0,0,1.2905,0,3.65957,-0.0150,0.0300,0.0140,0.008649,0,0,0.008649,0,0.008649,1
44502890,38.6334442000,-0.2668586000,864.0020,1.27013,0,0,1.27013,0,3.6176,0.0060,0.0000,0.0640,0.023409,0,0,0.023409,0,0.023409,1
44703248,38.6334443000,-0.2668586000,864.0040,1.24769,0,0,1.24769,0,3.57588,-0.0080,-0.0010,0.0060,0.007744,0,0,0.007744,0,0.007744,1
44903606,38.6334443000,-0.2668586000,864.0220,1.22766,0,0,1.22766,0,3.5344,0.0110,-0.0170,-0.0030,0.008281,0,0,0.008281,0,0.008281,1
45101476,38.6334443000,-0.2668586000,864.0200,1.2078,0,0,1.2078,0,3.50064,-0.0150,0.0270,0.0080,0.008281,0,0,0.008281,0,0.008281,1
45301834,38.6334443000,-0.2668586000,864.0280,1.19028,0,0,1.19028,0,3.46332,-0.0140,-0.0060,0.0000,0.004624,0,0,0.004624,0,0.004624,1
45502192,38.6334443000,-0.2668586000,864.0400,1.17072,0,0,1.17072,0,3.43361,-0.0180,-0.0090,-0.0150,0.011881,0,0,0.011881,0,0.011881,1
45702551,38.6334443000,-0.2668585000,864.0550,1.15348,0,0,1.15348,0,3.40034,0.0050,-0.0120,0.0530,0.025281,0,0,0.025281,0,0.025281,1
45902909,38.6334443000,-0.2668586000,864.0380,1.13636,0,0,1.13636,0,3.3709,0.0010,-0.0020,0.0110,0.020449,0,0,0.020449,0,0.020449,1
46103268,38.6334444000,-0.2668585000,864.0470,1.11936,0,0,1.11936,0,3.33793,-0.0010,0.0170,0.0130,0.009409,0,0,0.009409,0,0.009409,1
46304871,38.6334444000,-0.2668585000,864.0470,1.1025,0,0,1.1025,0,3.30876,0.0030,0.0010,0.0390,0.024964,0,0,0.024964,0,0.024964,1
46505229,38.6334445000,-0.2668584000,864.0530,1.08785,0,0,1.08785,0,3.27972,0.0170,-0.0130,0.0890,0.026569,0,0,0.026569,0,0.026569,1
46708076,38.6334446000,-0.2668584000,864.0360,1.06709,0,0,1.06709,0,3.2328,0.0270,-0.0090,0.0470,0.020164,0,0,0.020164,0,0.020164,1
46905946,38.6334447000,-0.2668585000,864.0090,1.04858,0,0,1.04858,0,3.1898,-0.0050,-0.0110,0.0210,0.018225,0,0,0.018225,0,0.018225,1
47106304,38.6334448000,-0.2668585000,863.9890,1.0282,0,0,1.0282,0,3.14708,0.0000,-0.0440,0.0210,0.011236,0,0,0.011236,0,0.011236,1
47305418,38.6334449000,-0.2668585000,863.9760,1.01002,0,0,1.01002,0,3.10817,-0.0160,-0.0060,0.0460,0.0169,0,0,0.0169,0,0.0169,1
47505776,38.6334450000,-0.2668585000,863.9640,0.992016,0,0,0.992016,0,3.066,0.0240,0.0060,-0.0110,0.004761,0,0,0.004761,0,0.004761,1
47706135,38.6334451000,-0.2668585000,863.9650,0.974169,0,0,0.974169,0,3.0276,0.0090,-0.0110,0.0010,0.008649,0,0,0.008649,0,0.008649,1
47905249,38.6334452000,-0.2668585000,863.9600,0.958441,0,0,0.958441,0,2.98944,-0.0140,0.0160,-0.0320,0.020449,0,0,0.020449,0,0.020449,1
48105607,38.6334453000,-0.2668584000,863.9640,0.9409,0,0,0.9409,0,2.95152,0.0140,0.0000,0.0430,0.020164,0,0,0.020164,0,0.020164,1
48305966,38.6334454000,-0.2668585000,863.9470,0.925444,0,0,0.925444,0,2.91385,0.0090,-0.0260,0.0000,0.007225,0,0,0.007225,0,0.007225,1
48506324,38.6334454000,-0.2668585000,863.9480,0.910116,0,0,0.910116,0,2.87642,0.0010,-0.0140,-0.0110,0.007921,0,0,0.007921,0,0.007921,1
48705438,38.6334455000,-0.2668586000,863.9480,0.896809,0,0,0.896809,0,2.8426,0.0130,-0.0260,-0.0150,0.006561,0,0,0.006561,0,0.006561,1
48905797,38.6334456000,-0.2668587000,863.9490,0.881721,0,0,0.881721,0,2.80898,-0.0030,-0.0040,0.0340,0.018769,0,0,0.018769,0,0.018769,1
49106155,38.6334456000,-0.2668587000,863.9560,0.868624,0,0,0.868624,0,2.77889,-0.0040,-0.0050,0.0230,0.017161,0,0,0.017161,0,0.017161,1
49305269,38.6334457000,-0.2668586000,863.9470,0.855625,0,0,0.855625,0,2.74565,-0.0160,0.0220,0.0090,0.006241,0,0,0.006241,0,0.006241,1
49506872,38.6334457000,-0.2668586000,863.9420,0.842724,0,0,0.842724,0,2.7159,-0.0130,0.0180,-0.0460,0.021904,0,0,0.021904,0,0.021904,1
49705986,38.6334457000,-0.2668586000,863.9450,0.829921,0,0,0.829921,0,2.6896,0.0060,-0.0090,0.0440,0.022201,0,0,0.022201,0,0.022201,1
49907589,38.6334458000,-0.2668586000,863.9290,0.819025,0,0,0.819025,0,2.66016,-0.0140,0.0060,0.0010,0.0064,0,0,0.0064,0,0.0064,1
50106703,38.6334458000,-0.2668586000,863.9190,0.808201,0,0,0.808201,0,2.63413,0.0010,0.0090,0.0580,0.0196,0,0,0.0196,0,0.0196,1
50307062,38.6334458000,-0.2668586000,863.9020,0.795664,0,0,0.795664,0,2.605,-0.0110,-0.0020,0.0340,0.017956,0,0,0.017956,0,0.017956,1
50506176,38.6334458000,-0.2668586000,863.9020,0.784996,0,0,0.784996,0,2.57924,-0.0110,-0.0100,0.0190,0.014884,0,0,0.014884,0,0.014884,1
50709023,38.6334458000,-0.2668587000,863.8860,0.776161,0,0,0.776161,0,2.5536,0.0020,-0.0190,0.0640,0.021316,0,0,0.021316,0,0.021316,1
50906893,38.6334459000,-0.2668587000,863.8730,0.765625,0,0,0.765625,0,2.5281,-0.0020,-0.0060,0.0150,0.013924,0,0,0.013924,0,0.013924,1
51106007,38.6334459000,-0.2668587000,863.8700,0.755161,0,0,0.755161,0,2.50272,0.0010,-0.0060,0.0230,0.020164,0,0,0.020164,0,0.020164,1
51306366,38.6334459000,-0.2668587000,863.8700,0.746496,0,0,0.746496,0,2.47748,0.0190,-0.0080,0.0190,0.015876,0,0,0.015876,0,0.015876,1
51506724,38.6334460000,-0.2668587000,863.8700,0.736164,0,0,0.736164,0,2.45549,-0.0030,0.0110,0.0140,0.010816,0,0,0.010816,0,0.010816,1
51707083,38.6334460000,-0.2668587000,863.8650,0.727609,0,0,0.727609,0,2.43048,0.0090,0.0110,-0.0470,0.0196,0,0,0.0196,0,0.0196,1
51906197,38.6334461000,-0.2668586000,863.8640,0.719104,0,0,0.719104,0,2.4087,0.0010,-0.0020,-0.0010,0.005329,0,0,0.005329,0,0.005329,1
52106555,38.6334461000,-0.2668586000,863.8630,0.710649,0,0,0.710649,0,2.38702,-0.0060,0.0140,-0.0230,0.020164,0,0,0.020164,0,0.020164,1
52305669,38.6334461000,-0.2668586000,863.8660,0.702244,0,0,0.702244,0,2.36544,-0.0030,0.0210,0.0090,0.0064,0,0,0.0064,0,0.0064,1
52504784,38.6334461000,-0.2668586000,863.8610,0.693889,0,0,0.693889,0,2.34702,0.0080,-0.0190,0.0240,0.019044,0,0,0.019044,0,0.019044,1
52707631,38.6334461000,-0.2668586000,863.8630,0.687241,0,0,0.687241,0,2.32562,0.0060,0.0180,0.0100,0.005929,0,0,0.005929,0,0.005929,1
52905501,38.6334462000,-0.2668586000,863.8560,0.678976,0,0,0.678976,0,2.30432,0.0190,-0.0030,0.0190,0.015129,0,0,0.015129,0,0.015129,1
53105860,38.6334462000,-0.2668586000,863.8530,0.670761,0,0,0.670761,0,2.28614,0.0020,0.0090,-0.0150,0.0144,0,0,0.0144,0,0.0144,1
53306219,38.6334462000,-0.2668586000,863.8410,0.664225,0,0,0.664225,0,2.26502,-0.0080,-0.0250,0.0420,0.018225,0,0,0.018225,0,0.018225,1
53506577,38.6334463000,-0.2668587000,863.8410,0.6561,0,0,0.6561,0,2.244,-0.0010,-0.0100,0.0690,0.020164,0,0,0.020164,0,0.020164,1
53706936,38.6334463000,-0.2668587000,863.8320,0.649636,0,0,0.649636,0,2.22606,-0.0040,-0.0010,-0.0250,0.019321,0,0,0.019321,0,0.019321,1
53907295,38.6334463000,-0.2668587000,863.8300,0.643204,0,0,0.643204,0,2.20523,-0.0030,0.0010,0.0230,0.015625,0,0,0.015625,0,0.015625,1
54106409,38.6334463000,-0.2668587000,863.8210,0.636804,0,0,0.636804,0,2.18744,0.0100,-0.0170,0.0350,0.020736,0,0,0.020736,0,0.020736,1
54305523,38.6334464000,-0.2668588000,863.8140,0.630436,0,0,0.630436,0,2.16973,0.0100,0.0090,0.0080,0.007396,0,0,0.007396,0,0.007396,1
54505882,38.6334464000,-0.2668588000,863.8000,0.6241,0,0,0.6241,0,2.15502,-0.0130,0.0020,-0.0050,0.009604,0,0,0.009604,0,0.009604,1
54706240,38.6334464000,-0.2668588000,863.8050,0.619369,0,0,0.619369,0,2.14037,0.0180,-0.0180,0.0130,0.014161,0,0,0.014161,0,0.014161,1
54906599,38.6334465000,-0.2668589000,863.7960,0.613089,0,0,0.613089,0,2.12285,0.0030,0.0000,0.0240,0.019881,0,0,0.019881,0,0.019881,1
55104469,38.6334465000,-0.2668589000,863.7890,0.6084,0,0,0.6084,0,2.1083,0.0100,-0.0110,0.0900,0.021904,0,0,0.021904,0,0.021904,1
55304828,38.6334465000,-0.2668590000,863.7670,0.602176,0,0,0.602176,0,2.09092,-0.0170,0.0080,0.0150,0.009604,0,0,0.009604,0,0.009604,1
55505187,38.6334465000,-0.2668589000,863.7590,0.597529,0,0,0.597529,0,2.07648,0.0000,0.0230,0.0100,0.0064,0,0,0.0064,0,0.0064,1
55704301,38.6334466000,-0.2668590000,863.7600,0.5929,0,0,0.5929,0,2.0621,-0.0040,-0.0140,0.0020,0.007056,0,0,0.007056,0,0.007056,1
55904660,38.6334466000,-0.2668590000,863.7500,0.586756,0,0,0.586756,0,2.04776,0.0200,-0.0200,0.0420,0.020164,0,0,0.020164,0,0.020164,1
56103774,38.6334466000,-0.2668590000,863.7350,0.582169,0,0,0.582169,0,2.03063,-0.0160,0.0250,0.0410,0.012321,0,0,0.012321,0,0.012321,1
56304133,38.6334466000,-0.2668590000,863.7260,0.5776,0,0,0.5776,0,2.0164,-0.0170,-0.0110,0.0580,0.018769,0,0,0.018769,0,0.018769,1
56504492,38.6334466000,-0.2668591000,863.7090,0.571536,0,0,0.571536,0,2.00223,0.0040,0.0090,0.0210,0.015625,0,0,0.015625,0,0.015625,1
56704850,38.6334466000,-0.2668591000,863.7060,0.567009,0,0,0.567009,0,1.9881,0.0030,-0.0020,0.0430,0.020736,0,0,0.020736,0,0.020736,1
56903965,38.6334467000,-0.2668591000,863.6890,0.5625,0,0,0.5625,0,1.97684,-0.0020,0.0130,0.0150,0.011025,0,0,0.011025,0,0.011025,1
57104324,38.6334467000,-0.2668590000,863.6860,0.558009,0,0,0.558009,0,1.9628,0.0060,0.0110,0.0160,0.012321,0,0,0.012321,0,0.012321,1
57305927,38.6334467000,-0.2668590000,863.6840,0.553536,0,0,0.553536,0,1.94882,-0.0050,-0.0050,-0.0090,0.010201,0,0,0.010201,0,0.010201,1
57507530,38.6334467000,-0.2668590000,863.6900,0.549081,0,0,0.549081,0,1.93488,0.0050,0.0310,-0.0430,0.018496,0,0,0.018496,0,0.018496,1
57709133,38.6334468000,-0.2668590000,863.6860,0.544644,0,0,0.544644,0,1.92377,-0.0040,0.0060,-0.0400,0.021609,0,0,0.021609,0,0.021609,1
57910737,38.6334468000,-0.2668590000,863.6770,0.540225,0,0,0.540225,0,1.90992,0.0000,0.0060,-0.0030,0.009801,0,0,0.009801,0,0.009801,1
58109851,38.6334468000,-0.2668589000,863.6700,0.535824,0,0,0.535824,0,1.89888,-0.0120,0.0110,0.0140,0.009409,0,0,0.009409,0,0.009409,1
58310210,38.6334468000,-0.2668589000,863.6610,0.531441,0,0,0.531441,0,1.88788,0.0050,0.0000,0.0650,0.021025,0,0,0.021025,0,0.021025,1
58511813,38.6334468000,-0.2668589000,863.6560,0.527076,0,0,0.527076,0,1.87142,0.0100,-0.0020,0.0110,0.014641,0,0,0.014641,0,0.014641,1
58710928,38.6334469000,-0.2668589000,863.6520,0.522729,0,0,0.522729,0,1.85777,0.0200,-0.0200,0.0180,0.013225,0,0,0.013225,0,0.013225,1
58911287,38.6334470000,-0.2668589000,863.6440,0.5184,0,0,0.5184,0,1.84416,0.0090,0.0120,0.0160,0.010404,0,0,0.010404,0,0.010404,1
59111646,38.6334470000,-0.2668588000,863.6440,0.514089,0,0,0.514089,0,1.83061,0.0080,-0.0110,0.0200,0.017161,0,0,0.017161,0,0.017161,1
59312004,38.6334471000,-0.2668588000,863.6450,0.509796,0,0,0.509796,0,1.8171,0.0090,-0.0040,-0.0350,0.015625,0,0,0.015625,0,0.015625,1
59512363,38.6334471000,-0.2668588000,863.6490,0.506944,0,0,0.506944,0,1.80365,0.0090,0.0010,0.0260,0.016641,0,0,0.016641,0,0.016641,1
59713967,38.6334471000,-0.2668588000,863.6330,0.502681,0,0,0.502681,0,1.79292,-0.0150,0.0100,-0.0290,0.017161,0,0,0.017161,0,0.017161,1
59913081,38.6334472000,-0.2668588000,863.6360,0.498436,0,0,0.498436,0,1.77956,0.0100,0.0070,0.0210,0.013689,0,0,0.013689,0,0.013689,1
60113440,38.6334472000,-0.2668588000,863.6220,0.494209,0,0,0.494209,0,1.76624,0.0120,-0.0070,0.0300,0.017424,0,0,0.017424,0,0.017424,1
60312555,38.6334473000,-0.2668588000,863.6060,0.49,0,0,0.49,0,1.75298,-0.0060,0.0070,0.0240,0.012996,0,0,0.012996,0,0.012996,1
60512913,38.6334473000,-0.2668588000,863.5960,0.485809,0,0,0.485809,0,1.73976,-0.0030,-0.0040,0.0720,0.017424,0,0,0.017424,0,0.017424,1
60713272,38.6334473000,-0.2668588000,863.5960,0.483025,0,0,0.483025,0,1.7266,-0.0070,0.0200,-0.0040,0.008281,0,0,0.008281,0,0.008281,1
60914876,38.6334473000,-0.2668588000,863.5910,0.478864,0,0,0.478864,0,1.7161,0.0140,-0.0080,0.0080,0.010404,0,0,0.010404,0,0.010404,1
61112746,38.6334474000,-0.2668589000,863.5910,0.474721,0,0,0.474721,0,1.70302,0.0090,0.0050,0.0140,0.0121,0,0,0.0121,0,0.0121,1
61313105,38.6334474000,-0.2668589000,863.5750,0.471969,0,0,0.471969,0,1.6926,-0.0270,-0.0040,0.0500,0.014884,0,0,0.014884,0,0.014884,1
61513464,38.6334474000,-0.2668589000,863.5610,0.469225,0,0,0.469225,0,1.68221,-0.0010,0.0100,0.0820,0.017689,0,0,0.017689,0,0.017689,1
61712578,38.6334475000,-0.2668589000,863.5600,0.465124,0,0,0.465124,0,1.67185,0.0120,-0.0120,0.0530,0.019321,0,0,0.019321,0,0.019321,1
61912937,38.6334475000,-0.2668590000,863.5460,0.4624,0,0,0.4624,0,1.66152,0.0000,-0.0100,0.0250,0.018496,0,0,0.018496,0,0.018496,1
62112052,38.6334475000,-0.2668590000,863.5380,0.459684,0,0,0.459684,0,1.65122,0.0110,0.0010,0.0520,0.018225,0,0,0.018225,0,0.018225,1
62311166,38.6334476000,-0.2668590000,863.5440,0.455625,0,0,0.455625,0,1.64096,-0.0040,0.0140,-0.0090,0.013225,0,0,0.013225,0,0.013225,1
62512770,38.6334476000,-0.2668590000,863.5450,0.452929,0,0,0.452929,0,1.63073,-0.0120,-0.0020,0.0190,0.014161,0,0,0.014161,0,0.014161,1
62715618,38.6334476000,-0.2668590000,863.5370,0.450241,0,0,0.450241,0,1.62053,-0.0030,0.0080,0.0420,0.016641,0,0,0.016641,0,0.016641,1
62913488,38.6334476000,-0.2668590000,863.5250,0.447561,0,0,0.447561,0,1.6129,0.0080,-0.0110,0.0180,0.017424,0,0,0.017424,0,0.017424,1
63113847,38.6334476000,-0.2668591000,863.5320,0.444889,0,0,0.444889,0,1.60276,0.0080,-0.0150,0.0900,0.019321,0,0,0.019321,0,0.019321,1
63314206,38.6334477000,-0.2668591000,863.5220,0.442225,0,0,0.442225,0,1.59264,0.0070,0.0120,-0.0190,0.015876,0,0,0.015876,0,0.015876,1
63513320,38.6334477000,-0.2668591000,863.5190,0.439569,0,0,0.439569,0,1.58256,-0.0090,0.0080,0.0250,0.013924,0,0,0.013924,0,0.013924,1
63713679,38.6334477000,-0.2668591000,863.5210,0.436921,0,0,0.436921,0,1.57502,0.0130,-0.0100,0.0440,0.018496,0,0,0.018496,0,0.018496,1
63914038,38.6334478000,-0.2668591000,863.5190,0.434281,0,0,0.434281,0,1.565,0.0080,0.0000,0.0320,0.017424,0,0,0.017424,0,0.017424,1
64113153,38.6334478000,-0.2668592000,863.5140,0.431649,0,0,0.431649,0,1.55501,0.0090,-0.0090,0.0200,0.017956,0,0,0.017956,0,0.017956,1
64312268,38.6334478000,-0.2668592000,863.5040,0.429025,0,0,0.429025,0,1.54754,-0.0170,0.0220,0.0070,0.007056,0,0,0.007056,0,0.007056,1
64512627,38.6334478000,-0.2668591000,863.4990,0.426409,0,0,0.426409,0,1.5376,0.0090,0.0080,0.0380,0.015876,0,0,0.015876,0,0.015876,1
64712986,38.6334478000,-0.2668591000,863.4900,0.423801,0,0,0.423801,0,1.5277,-0.0120,0.0180,-0.0070,0.010609,0,0,0.010609,0,0.010609,1
64912100,38.6334478000,-0.2668591000,863.4830,0.421201,0,0,0.421201,0,1.52029,-0.0040,-0.0040,0.0240,0.016129,0,0,0.016129,0,0.016129,1
65112459,38.6334477000,-0.2668591000,863.4720,0.419904,0,0,0.419904,0,1.51536,0.0020,-0.0010,-0.0050,0.007396,0,0,0.007396,0,0.007396,1
65312818,38.6334477000,-0.2668591000,863.4710,0.417316,0,0,0.417316,0,1.50798,-0.0130,-0.0050,0.0260,0.015876,0,0,0.015876,0,0.015876,1
65510689,38.6334477000,-0.2668591000,863.4630,0.416025,0,0,0.416025,0,1.50063,0.0080,0.0180,-0.0100,0.010201,0,0,0.010201,0,0.010201,1
65712292,38.6334477000,-0.2668591000,863.4570,0.413449,0,0,0.413449,0,1.49328,0.0000,0.0080,-0.0190,0.019044,0,0,0.019044,0,0.019044,1
65911407,38.6334477000,-0.2668591000,863.4650,0.412164,0,0,0.412164,0,1.4884,0.0070,-0.0180,0.0580,0.020449,0,0,0.020449,0,0.020449,1
66113010,38.6334477000,-0.2668591000,863.4520,0.4096,0,0,0.4096,0,1.48109,-0.0060,0.0020,0.0320,0.017424,0,0,0.017424,0,0.017424,1
66312125,38.6334477000,-0.2668591000,863.4470,0.408321,0,0,0.408321,0,1.4738,0.0190,0.0110,-0.0030,0.004356,0,0,0.004356,0,0.004356,1
66512484,38.6334477000,-0.2668591000,863.4420,0.405769,0,0,0.405769,0,1.46652,-0.0030,-0.0040,-0.0100,0.011025,0,0,0.011025,0,0.011025,1
66712843,38.6334477000,-0.2668591000,863.4440,0.404496,0,0,0.404496,0,1.46168,-0.0040,-0.0160,0.0550,0.019321,0,0,0.019321,0,0.019321,1
66913202,38.6334477000,-0.2668592000,863.4310,0.401956,0,0,0.401956,0,1.45444,-0.0120,0.0000,-0.0010,0.006561,0,0,0.006561,0,0.006561,1
67112317,38.6334476000,-0.2668592000,863.4310,0.400689,0,0,0.400689,0,1.44962,-0.0090,-0.0090,0.0750,0.019321,0,0,0.019321,0,0.019321,1
67311431,38.6334476000,-0.2668592000,863.4090,0.399424,0,0,0.399424,0,1.4424,0.0110,0.0230,0.0460,0.013924,0,0,0.013924,0,0.013924,1
67511790,38.6334476000,-0.2668591000,863.4030,0.3969,0,0,0.3969,0,1.4376,0.0100,-0.0160,0.0790,0.020449,0,0,0.020449,0,0.020449,1
67709660,38.6334476000,-0.2668592000,863.3910,0.395641,0,0,0.395641,0,1.43042,0.0050,-0.0010,-0.0270,0.0169,0,0,0.0169,0,0.0169,1
67910019,38.6334476000,-0.2668592000,863.3790,0.394384,0,0,0.394384,0,1.42325,0.0110,-0.0160,0.0390,0.019881,0,0,0.019881,0,0.019881,1
68109134,38.6334476000,-0.2668592000,863.3720,0.391876,0,0,0.391876,0,1.41848,-0.0250,0.0060,0.0370,0.013225,0,0,0.013225,0,0.013225,1
68309493,38.6334476000,-0.2668592000,863.3570,0.390625,0,0,0.390625,0,1.41134,-0.0080,-0.0040,0.0120,0.012769,0,0,0.012769,0,0.012769,1
68508608,38.6334475000,-0.2668593000,863.3450,0.389376,0,0,0.389376,0,1.4066,0.0110,0.0010,0.0560,0.018769,0,0,0.018769,0,0.018769,1
68708967,38.6334475000,-0.2668593000,863.3390,0.388129,0,0,0.388129,0,1.39949,0.0040,-0.0020,0.0030,0.009025,0,0,0.009025,0,0.009025,1
68910571,38.6334475000,-0.2668592000,863.3350,0.385641,0,0,0.385641,0,1.39476,-0.0190,0.0170,0.0500,0.0144,0,0,0.0144,0,0.0144,1
69108441,38.6334475000,-0.2668592000,863.3230,0.3844,0,0,0.3844,0,1.38768,0.0140,0.0010,0.0180,0.014884,0,0,0.014884,0,0.014884,1
69308800,38.6334475000,-0.2668592000,863.3160,0.383161,0,0,0.383161,0,1.38298,0.0100,-0.0140,0.0500,0.020164,0,0,0.020164,0,0.020164,1
69511648,38.6334475000,-0.2668592000,863.3070,0.380689,0,0,0.380689,0,1.37828,0.0110,-0.0090,0.0720,0.019881,0,0,0.019881,0,0.019881,1
69713252,38.6334475000,-0.2668592000,863.2950,0.379456,0,0,0.379456,0,1.37124,-0.0090,0.0010,-0.0140,0.016129,0,0,0.016129,0,0.016129,1
69914856,38.6334475000,-0.2668592000,863.2870,0.378225,0,0,0.378225,0,1.36656,0.0070,0.0090,0.0100,0.008464,0,0,0.008464,0,0.008464,1
70113970,38.6334475000,-0.2668592000,863.2800,0.375769,0,0,0.375769,0,1.35956,-0.0120,0.0020,-0.0040,0.007744,0,0,0.007744,0,0.007744,1
70313085,38.6334475000,-0.2668592000,863.2750,0.374544,0,0,0.374544,0,1.3549,-0.0040,-0.0210,0.1000,0.018769,0,0,0.018769,0,0.018769,1
70513444,38.6334475000,-0.2668593000,863.2690,0.3721,0,0,0.3721,0,1.34792,0.0020,0.0000,0.0210,0.017161,0,0,0.017161,0,0.017161,1
70713803,38.6334475000,-0.2668593000,863.2690,0.370881,0,0,0.370881,0,1.34096,0.0060,-0.0210,-0.0130,0.007056,0,0,0.007056,0,0.007056,1
70914162,38.6334475000,-0.2668593000,863.2760,0.368449,0,0,0.368449,0,1.33634,-0.0090,0.0270,-0.0180,0.013225,0,0,0.013225,0,0.013225,1
71113277,38.6334475000,-0.2668593000,863.2760,0.367236,0,0,0.367236,0,1.32941,0.0010,0.0090,-0.0280,0.015129,0,0,0.015129,0,0.015129,1
71313636,38.6334475000,-0.2668593000,863.2770,0.364816,0,0,0.364816,0,1.3248,0.0060,-0.0130,0.0150,0.016641,0,0,0.016641,0,0.016641,1
71513996,38.6334475000,-0.2668593000,863.2740,0.363609,0,0,0.363609,0,1.3202,-0.0220,0.0130,-0.0190,0.014161,0,0,0.014161,0,0.014161,1
71713111,38.6334475000,-0.2668593000,863.2660,0.361201,0,0,0.361201,0,1.31332,0.0070,0.0040,-0.0010,0.0036,0,0,0.0036,0,0.0036,1
71913470,38.6334476000,-0.2668594000,863.2630,0.36,0,0,0.36,0,1.30874,0.0140,-0.0190,0.0120,0.012321,0,0,0.012321,0,0.012321,1
72113829,38.6334476000,-0.2668594000,863.2560,0.358801,0,0,0.358801,0,1.30188,-0.0030,0.0090,0.0380,0.014161,0,0,0.014161,0,0.014161,1
72312944,38.6334476000,-0.2668594000,863.2540,0.356409,0,0,0.356409,0,1.29732,-0.0160,-0.0040,0.0090,0.006724,0,0,0.006724,0,0.006724,1
72513304,38.6334476000,-0.2668594000,863.2500,0.355216,0,0,0.355216,0,1.29277,-0.0020,0.0010,0.0190,0.013924,0,0,0.013924,0,0.013924,1
72713663,38.6334476000,-0.2668595000,863.2410,0.354025,0,0,0.354025,0,1.28822,-0.0070,-0.0070,0.0210,0.016641,0,0,0.016641,0,0.016641,1
72914022,38.6334476000,-0.2668595000,863.2370,0.351649,0,0,0.351649,0,1.28142,-0.0010,0.0130,0.0060,0.005476,0,0,0.005476,0,0.005476,1
73113137,38.6334476000,-0.2668595000,863.2320,0.350464,0,0,0.350464,0,1.2769,0.0120,-0.0290,0.0400,0.017424,0,0,0.017424,0,0.017424,1
73312252,38.6334476000,-0.2668596000,863.2180,0.349281,0,0,0.349281,0,1.27238,0.0070,0.0270,-0.0140,0.009801,0,0,0.009801,0,0.009801,1
73513856,38.6334477000,-0.2668596000,863.2150,0.3481,0,0,0.3481,0,1.26788,0.0050,-0.0120,0.0690,0.019321,0,0,0.019321,0,0.019321,1
73714215,38.6334477000,-0.2668596000,863.2140,0.345744,0,0,0.345744,0,1.26338,-0.0120,0.0140,-0.0240,0.016384,0,0,0.016384,0,0.016384,1
73915819,38.6334477000,-0.2668596000,863.2030,0.344569,0,0,0.344569,0,1.25664,0.0010,0.0080,0.0160,0.011236,0,0,0.011236,0,0.011236,1
74114934,38.6334477000,-0.2668596000,863.2080,0.342225,0,0,0.342225,0,1.25216,0.0020,0.0030,0.0290,0.016641,0,0,0.016641,0,0.016641,1
74314049,38.6334477000,-0.2668597000,863.2120,0.341056,0,0,0.341056,0,1.24769,0.0040,-0.0200,0.0210,0.014641,0,0,0.014641,0,0.014641,1
74513164,38.6334477000,-0.2668597000,863.1950,0.338724,0,0,0.338724,0,1.24323,-0.0330,0.0270,0.0720,0.013689,0,0,0.013689,0,0.013689,1
74713523,38.6334477000,-0.2668597000,863.1970,0.337561,0,0,0.337561,0,1.23877,0.0100,-0.0320,0.0120,0.009801,0,0,0.009801,0,0.009801,1
74913883,38.6334477000,-0.2668598000,863.1960,0.3364,0,0,0.3364,0,1.23432,0.0220,-0.0250,-0.0350,0.011025,0,0,0.011025,0,0.011025,1
75112998,38.6334477000,-0.2668599000,863.1900,0.335241,0,0,0.335241,0,1.22988,-0.0020,-0.0190,-0.0240,0.011449,0,0,0.011449,0,0.011449,1
75313357,38.6334477000,-0.2668599000,863.1780,0.332929,0,0,0.332929,0,1.22545,-0.0180,0.0080,0.0440,0.016384,0,0,0.016384,0,0.016384,1
75512472,38.6334477000,-0.2668599000,863.1730,0.331776,0,0,0.331776,0,1.22103,-0.0310,0.0010,0.0500,0.015376,0,0,0.015376,0,0.015376,1
75712832,38.6334477000,-0.2668600000,863.1650,0.330625,0,0,0.330625,0,1.21882,-0.0020,-0.0230,0.0600,0.019881,0,0,0.019881,0,0.019881,1
75911947,38.6334477000,-0.2668600000,863.1520,0.329476,0,0,0.329476,0,1.2144,0.0290,-0.0090,0.0540,0.018496,0,0,0.018496,0,0.018496,1
76113551,38.6334478000,-0.2668600000,863.1380,0.328329,0,0,0.328329,0,1.21,-0.0030,0.0140,0.0730,0.017956,0,0,0.017956,0,0.017956,1
76312666,38.6334478000,-0.2668601000,863.1270,0.327184,0,0,0.327184,0,1.2056,0.0060,-0.0320,0.0060,0.007056,0,0,0.007056,0,0.007056,1
76513025,38.6334478000,-0.2668601000,863.1190,0.326041,0,0,0.326041,0,1.20341,0.0050,0.0250,0.0250,0.009216,0,0,0.009216,0,0.009216,1
76713385,38.6334478000,-0.2668601000,863.1260,0.323761,0,0,0.323761,0,1.19684,0.0300,-0.0150,0.0170,0.009801,0,0,0.009801,0,0.009801,1
76913744,38.6334478000,-0.2668601000,863.1080,0.322624,0,0,0.322624,0,1.19246,-0.0440,0.0010,0.0650,0.013225,0,0,0.013225,0,0.013225,1
77112859,38.6334478000,-0.2668602000,863.0840,0.321489,0,0,0.321489,0,1.1881,-0.0110,-0.0030,0.0540,0.017689,0,0,0.017689,0,0.017689,1
77311974,38.6334478000,-0.2668602000,863.0600,0.320356,0,0,0.320356,0,1.18374,0.0420,0.0000,0.0850,0.018769,0,0,0.018769,0,0.018769,1
77513578,38.6334478000,-0.2668602000,863.0540,0.318096,0,0,0.318096,0,1.1794,-0.0020,-0.0100,0.0540,0.0196,0,0,0.0196,0,0.0196,1
77712693,38.6334479000,-0.2668603000,863.0510,0.316969,0,0,0.316969,0,1.17506,0.0340,-0.0130,-0.0290,0.008649,0,0,0.008649,0,0.008649,1
77913053,38.6334479000,-0.2668603000,863.0480,0.315844,0,0,0.315844,0,1.17072,0.0090,0.0280,0.0050,0.003721,0,0,0.003721,0,0.003721,1
78114657,38.6334479000,-0.2668603000,863.0490,0.314721,0,0,0.314721,0,1.1664,0.0000,-0.0230,-0.0250,0.009604,0,0,0.009604,0,0.009604,1
78313772,38.6334479000,-0.2668603000,863.0560,0.3136,0,0,0.3136,0,1.16424,-0.0200,0.0240,-0.0460,0.016384,0,0,0.016384,0,0.016384,1
78512887,38.6334479000,-0.2668603000,863.0360,0.312481,0,0,0.312481,0,1.15993,0.0340,-0.0010,0.0960,0.017689,0,0,0.017689,0,0.017689,1
78712002,38.6334479000,-0.2668604000,863.0240,0.311364,0,0,0.311364,0,1.15562,-0.0130,-0.0200,0.0020,0.005625,0,0,0.005625,0,0.005625,1
78911117,38.6334479000,-0.2668604000,863.0200,0.311364,0,0,0.311364,0,1.15348,-0.0170,0.0030,0.0300,0.016129,0,0,0.016129,0,0.016129,1
79111477,38.6334479000,-0.2668604000,863.0090,0.310249,0,0,0.310249,0,1.14918,0.0230,0.0290,0.0410,0.013689,0,0,0.013689,0,0.013689,1
79310592,38.6334479000,-0.2668605000,862.9950,0.309136,0,0,0.309136,0,1.1449,-0.0210,-0.0170,0.0370,0.016641,0,0,0.016641,0,0.016641,1
79509707,38.6334479000,-0.2668605000,862.9850,0.308025,0,0,0.308025,0,1.14062,-0.0180,-0.0130,0.0370,0.018225,0,0,0.018225,0,0.018225,1
79708822,38.6334479000,-0.2668606000,862.9800,0.308025,0,0,0.308025,0,1.13636,0.0030,-0.0170,0.0540,0.019881,0,0,0.019881,0,0.019881,1
79909182,38.6334479000,-0.2668607000,862.9650,0.306916,0,0,0.306916,0,1.12997,-0.0040,0.0080,0.0430,0.019881,0,0,0.019881,0,0.019881,1
80110786,38.6334479000,-0.2668607000,862.9570,0.305809,0,0,0.305809,0,1.12572,0.0010,0.0090,0.0670,0.019321,0,0,0.019321,0,0.019321,1
80309901,38.6334479000,-0.2668607000,862.9390,0.304704,0,0,0.304704,0,1.12148,-0.0050,0.0030,-0.0030,0.01,0,0,0.01,0,0.01,1
80510260,38.6334479000,-0.2668608000,862.9290,0.304704,0,0,0.304704,0,1.11725,0.0230,-0.0080,0.0590,0.019044,0,0,0.019044,0,0.019044,1
80710620,38.6334479000,-0.2668608000,862.9230,0.303601,0,0,0.303601,0,1.11302,-0.0280,0.0210,0.0310,0.012996,0,0,0.012996,0,0.012996,1
80910980,38.6334478000,-0.2668608000,862.9450,0.3025,0,0,0.3025,0,1.10881,-0.0810,-0.0170,-0.1940,0.018225,0,0,0.018225,0,0.018225,1
81110095,38.6334476000,-0.2668608000,862.9760,0.301401,0,0,0.301401,0,1.1025,-0.0860,0.0970,-0.3730,0.018769,0,0,0.018769,0,0.018769,1
81310454,38.6334474000,-0.2668607000,863.0690,0.300304,0,0,0.300304,0,1.09621,-0.1330,0.0580,-0.7680,0.019881,0,0,0.019881,0,0.019881,1
81510814,38.6334470000,-0.2668607000,863.2760,0.299209,0,0,0.299209,0,1.08785,-0.3400,-0.0220,-1.2240,0.020164,0,0,0.020164,0,0.020164,1
81711174,38.6334464000,-0.2668609000,863.5230,0.298116,0,0,0.298116,0,1.07952,-0.4010,-0.0840,-1.2030,0.019321,0,0,0.019321,0,0.019321,1
81910289,38.6334459000,-0.2668615000,863.6990,0.295936,0,0,0.295936,0,1.07122,-0.1930,-0.3630,-0.6460,0.017956,0,0,0.017956,0,0.017956,1
82110649,38.6334455000,-0.2668626000,863.8270,0.294849,0,0,0.294849,0,1.06296,-0.2650,-0.4810,-0.5270,0.012996,0,0,0.012996,0,0.012996,1
82312253,38.6334452000,-0.2668639000,863.9470,0.292681,0,0,0.292681,0,1.05473,-0.1650,-0.5910,-0.6960,0.015625,0,0,0.015625,0,0.015625,1
82512613,38.6334448000,-0.2668654000,864.0100,0.2916,0,0,0.2916,0,1.04653,-0.3230,-0.6820,-0.3390,0.007921,0,0,0.007921,0,0.007921,1
82712972,38.6334443000,-0.2668670000,864.0450,0.289444,0,0,0.289444,0,1.03836,-0.2500,-0.5970,-0.1750,0.006889,0,0,0.006889,0,0.006889,1
82913332,38.6334437000,-0.2668684000,864.0050,0.288369,0,0,0.288369,0,1.03226,-0.4420,-0.5880,0.2230,0.005184,0,0,0.005184,0,0.005184,1
83113692,38.6334430000,-0.2668700000,863.9360,0.287296,0,0,0.287296,0,1.02617,-0.2790,-0.7330,0.2680,0.006241,0,0,0.006241,0,0.006241,1
83312807,38.6334427000,-0.2668718000,863.8950,0.285156,0,0,0.285156,0,1.0201,-0.0590,-0.7890,0.0010,0.005625,0,0,0.005625,0,0.005625,1
83511922,38.6334429000,-0.2668738000,863.8740,0.284089,0,0,0.284089,0,1.01405,0.2030,-0.9200,0.0110,0.006241,0,0,0.006241,0,0.006241,1
83712282,38.6334435000,-0.2668761000,863.8370,0.281961,0,0,0.281961,0,1.00601,0.4130,-0.9460,0.1810,0.0064,0,0,0.0064,0,0.0064,1
83912642,38.6334443000,-0.2668785000,863.8230,0.2809,0,0,0.2809,0,1,0.5140,-0.9900,0.0850,0.005929,0,0,0.005929,0,0.005929,1
84111757,38.6334452000,-0.2668808000,863.7900,0.278784,0,0,0.278784,0,0.992016,0.4230,-0.9470,-0.1110,0.006724,0,0,0.006724,0,0.006724,1
84310873,38.6334461000,-0.2668830000,863.7710,0.277729,0,0,0.277729,0,0.986049,0.5380,-0.8910,0.1320,0.006724,0,0,0.006724,0,0.006724,1
84512477,38.6334470000,-0.2668850000,863.7360,0.276676,0,0,0.276676,0,0.9801,0.4470,-0.8000,0.0140,0.007569,0,0,0.007569,0,0.007569,1
84711592,38.6334479000,-0.2668871000,863.7240,0.274576,0,0,0.274576,0,0.974169,0.5560,-0.9340,-0.0260,0.007396,0,0,0.007396,0,0.007396,1
84910729,38.6334490000,-0.2668893000,863.6800,0.273529,0,0,0.273529,0,0.966289,0.6610,-0.9230,0.1670,0.005329,0,0,0.005329,0,0.005329,1
85112312,38.6334503000,-0.2668916000,863.6350,0.272484,0,0,0.272484,0,0.958441,0.8110,-0.9720,0.0060,0.005929,0,0,0.005929,0,0.005929,1
85312672,38.6334518000,-0.2668940000,863.6430,0.2704,0,0,0.2704,0,0.952576,0.7740,-1.0190,-0.1680,0.007056,0,0,0.007056,0,0.007056,1
85508054,38.6334530000,-0.2668962000,863.6140,0.269361,0,0,0.269361,0,0.944784,0.6220,-0.8720,0.1290,0.006724,0,0,0.006724,0,0.006724,1
85710903,38.6334543000,-0.2668984000,863.5780,0.267289,0,0,0.267289,0,0.937024,0.7430,-0.8730,-0.0230,0.006084,0,0,0.006084,0,0.006084,1
85911263,38.6334557000,-0.2669004000,863.5710,0.266256,0,0,0.266256,0,0.931225,0.8120,-0.8600,-0.1830,0.006084,0,0,0.006084,0,0.006084,1
86111622,38.6334572000,-0.2669023000,863.5780,0.265225,0,0,0.265225,0,0.925444,0.8270,-0.7430,-0.0510,0.005929,0,0,0.005929,0,0.005929,1
86311982,38.6334586000,-0.2669041000,863.5750,0.263169,0,0,0.263169,0,0.919681,0.7270,-0.7030,-0.1630,0.006241,0,0,0.006241,0,0.006241,1
86512342,38.6334598000,-0.2669056000,863.6170,0.262144,0,0,0.262144,0,0.915849,0.6260,-0.6090,-0.1520,0.006724,0,0,0.006724,0,0.006724,1
86713946,38.6334608000,-0.2669068000,863.5460,0.261121,0,0,0.261121,0,0.912025,0.4830,-0.4120,0.5080,0.0144,0,0,0.0144,0,0.0144,1
86913062,38.6334616000,-0.2669080000,863.4140,0.2601,0,0,0.2601,0,0.908209,0.3790,-0.5610,0.5880,0.012321,0,0,0.012321,0,0.012321,1
87114666,38.6334624000,-0.2669092000,863.3110,0.258064,0,0,0.258064,0,0.9025,0.5140,-0.4580,0.3820,0.010816,0,0,0.010816,0,0.010816,1
87313782,38.6334633000,-0.2669104000,863.2020,0.257049,0,0,0.257049,0,0.896809,0.5180,-0.4950,0.5160,0.0121,0,0,0.0121,0,0.0121,1
87514141,38.6334642000,-0.2669117000,863.1390,0.256036,0,0,0.256036,0,0.893025,0.5200,-0.6500,0.1940,0.007744,0,0,0.007744,0,0.007744,1
87714501,38.6334651000,-0.2669133000,863.0700,0.255025,0,0,0.255025,0,0.889249,0.4290,-0.6710,0.1960,0.006084,0,0,0.006084,0,0.006084,1
87914861,38.6334660000,-0.2669149000,863.0080,0.254016,0,0,0.254016,0,0.8836,0.5070,-0.6760,0.3530,0.007744,0,0,0.007744,0,0.007744,1
88113977,38.6334670000,-0.2669166000,862.9530,0.253009,0,0,0.253009,0,0.879844,0.6300,-0.7270,0.1000,0.005625,0,0,0.005625,0,0.005625,1
88313092,38.6334683000,-0.2669184000,862.9200,0.252004,0,0,0.252004,0,0.876096,0.8310,-0.7860,0.1060,0.005776,0,0,0.005776,0,0.005776,1
88513452,38.6334700000,-0.2669206000,862.8550,0.251001,0,0,0.251001,0,0.872356,1.0720,-1.0880,0.3040,0.006889,0,0,0.006889,0,0.006889,1
88713812,38.6334718000,-0.2669230000,862.8060,0.249001,0,0,0.249001,0,0.868624,0.9360,-0.9220,-0.1150,0.0064,0,0,0.0064,0,0.0064,1
88914172,38.6334736000,-0.2669253000,862.8140,0.248004,0,0,0.248004,0,0.8649,0.9590,-1.0560,0.0440,0.006724,0,0,0.006724,0,0.006724,1
89113288,38.6334751000,-0.2669278000,862.7940,0.247009,0,0,0.247009,0,0.861184,0.7770,-1.0070,0.0810,0.006241,0,0,0.006241,0,0.006241,1
89314892,38.6334765000,-0.2669301000,862.7480,0.246016,0,0,0.246016,0,0.855625,0.7350,-0.9440,0.0540,0.006084,0,0,0.006084,0,0.006084,1
89514008,38.6334779000,-0.2669323000,862.7210,0.245025,0,0,0.245025,0,0.851929,0.8650,-0.9060,0.0850,0.0064,0,0,0.0064,0,0.0064,1
89714368,38.6334797000,-0.2669344000,862.6690,0.244036,0,0,0.244036,0,0.8464,1.1540,-0.9530,0.2060,0.006241,0,0,0.006241,0,0.006241,1
89914728,38.6334816000,-0.2669367000,862.6360,0.243049,0,0,0.243049,0,0.842724,0.9940,-1.0330,-0.0910,0.006724,0,0,0.006724,0,0.006724,1
90112599,38.6334832000,-0.2669393000,862.6240,0.242064,0,0,0.242064,0,0.839056,0.7900,-1.1200,0.0840,0.007396,0,0,0.007396,0,0.007396,1
90314203,38.6334846000,-0.2669418000,862.5810,0.241081,0,0,0.241081,0,0.837225,0.7520,-1.0510,0.1220,0.007396,0,0,0.007396,0,0.007396,1
90513319,38.6334859000,-0.2669442000,862.5730,0.241081,0,0,0.241081,0,0.833569,0.7730,-0.9810,-0.0840,0.007569,0,0,0.007569,0,0.007569,1
90713679,38.6334874000,-0.2669465000,862.5770,0.2401,0,0,0.2401,0,0.831744,0.8960,-1.0060,-0.0130,0.0081,0,0,0.0081,0,0.0081,1
90912794,38.6334892000,-0.2669491000,862.5490,0.2401,0,0,0.2401,0,0.831744,1.1050,-1.2690,0.2410,0.007569,0,0,0.007569,0,0.007569,1
91111910,38.6334911000,-0.2669518000,862.5580,0.239121,0,0,0.239121,0,0.829921,0.9580,-1.0380,-0.2460,0.0081,0,0,0.0081,0,0.0081,1
91311025,38.6334927000,-0.2669542000,862.5360,0.239121,0,0,0.239121,0,0.826281,0.8590,-1.0240,0.0200,0.006889,0,0,0.006889,0,0.006889,1
91511386,38.6334943000,-0.2669568000,862.5240,0.238144,0,0,0.238144,0,0.824464,0.8850,-1.0920,0.1220,0.007921,0,0,0.007921,0,0.007921,1
91710501,38.6334958000,-0.2669592000,862.5210,0.238144,0,0,0.238144,0,0.822649,0.8150,-0.9480,-0.1720,0.007744,0,0,0.007744,0,0.007744,1
91913350,38.6334973000,-0.2669613000,862.4940,0.237169,0,0,0.237169,0,0.820836,0.7920,-0.9430,0.1310,0.007569,0,0,0.007569,0,0.007569,1
92112466,38.6334988000,-0.2669637000,862.4410,0.237169,0,0,0.237169,0,0.819025,0.8630,-1.1520,0.2200,0.007744,0,0,0.007744,0,0.007744,1
92312826,38.6335003000,-0.2669663000,862.4220,0.237169,0,0,0.237169,0,0.815409,0.8400,-1.0200,-0.0570,0.007396,0,0,0.007396,0,0.007396,1
92511941,38.6335018000,-0.2669687000,862.4260,0.236196,0,0,0.236196,0,0.813604,0.8180,-1.0360,0.0650,0.007921,0,0,0.007921,0,0.007921,1
92712301,38.6335033000,-0.2669712000,862.3690,0.236196,0,0,0.236196,0,0.811801,0.8030,-1.1260,0.1850,0.007225,0,0,0.007225,0,0.007225,1
92911417,38.6335046000,-0.2669736000,862.3740,0.236196,0,0,0.236196,0,0.81,0.7290,-0.9280,-0.1980,0.007921,0,0,0.007921,0,0.007921,1
93111777,38.6335060000,-0.2669758000,862.3590,0.236196,0,0,0.236196,0,0.808201,0.8410,-0.9610,0.1160,0.007396,0,0,0.007396,0,0.007396,1
93310892,38.6335076000,-0.2669782000,862.3270,0.235225,0,0,0.235225,0,0.806404,0.8700,-1.0780,0.2140,0.006561,0,0,0.006561,0,0.006561,1
93511252,38.6335091000,-0.2669807000,862.2860,0.235225,0,0,0.235225,0,0.804609,0.8040,-1.0790,0.0000,0.005625,0,0,0.005625,0,0.005625,1
93711612,38.6335105000,-0.2669832000,862.2740,0.234256,0,0,0.234256,0,0.802816,0.7180,-1.0640,0.0490,0.006084,0,0,0.006084,0,0.006084,1
93910728,38.6335118000,-0.2669857000,862.2590,0.234256,0,0,0.234256,0,0.801025,0.8110,-1.0610,0.1350,0.005929,0,0,0.005929,0,0.005929,1
94109844,38.6335132000,-0.2669880000,862.2560,0.233289,0,0,0.233289,0,0.799236,0.7380,-0.9400,-0.2380,0.006241,0,0,0.006241,0,0.006241,1
94311448,38.6335146000,-0.2669903000,862.3010,0.233289,0,0,0.233289,0,0.799236,0.8080,-1.0400,-0.1100,0.006561,0,0,0.006561,0,0.006561,1
94510564,38.6335161000,-0.2669928000,862.2900,0.232324,0,0,0.232324,0,0.797449,0.8320,-1.1500,0.1060,0.0064,0,0,0.0064,0,0.0064,1
94712168,38.6335176000,-0.2669953000,862.2850,0.232324,0,0,0.232324,0,0.795664,0.8590,-1.0240,-0.1770,0.006724,0,0,0.006724,0,0.006724,1
94912528,38.6335191000,-0.2669976000,862.2680,0.231361,0,0,0.231361,0,0.793881,0.7390,-0.9360,-0.0080,0.006724,0,0,0.006724,0,0.006724,1
95111644,38.6335204000,-0.2669997000,862.2400,0.231361,0,0,0.231361,0,0.793881,0.6840,-0.8850,0.3150,0.009216,0,0,0.009216,0,0.009216,1
95310759,38.6335215000,-0.2670018000,862.2350,0.2304,0,0,0.2304,0,0.793881,0.6510,-0.8760,-0.1100,0.0081,0,0,0.0081,0,0.0081,1
95509875,38.6335227000,-0.2670039000,862.2920,0.2304,0,0,0.2304,0,0.793881,0.6180,-0.8910,-0.2830,0.009409,0,0,0.009409,0,0.009409,1
95708991,38.6335240000,-0.2670061000,862.2890,0.2304,0,0,0.2304,0,0.7921,0.8090,-0.9840,0.2150,0.008281,0,0,0.008281,0,0.008281,1
95911840,38.6335254000,-0.2670081000,862.2710,0.229441,0,0,0.229441,0,0.7921,0.8240,-0.7950,-0.1400,0.007921,0,0,0.007921,0,0.007921,1
96110955,38.6335269000,-0.2670100000,862.2640,0.229441,0,0,0.229441,0,0.7921,0.7620,-0.8410,0.0210,0.007056,0,0,0.007056,0,0.007056,1
96310071,38.6335282000,-0.2670117000,862.2620,0.229441,0,0,0.229441,0,0.790321,0.7870,-0.6270,0.1060,0.006724,0,0,0.006724,0,0.006724,1
96512920,38.6335296000,-0.2670132000,862.2360,0.228484,0,0,0.228484,0,0.788544,0.7500,-0.6420,0.0090,0.007056,0,0,0.007056,0,0.007056,1
96713280,38.6335309000,-0.2670145000,862.2180,0.228484,0,0,0.228484,0,0.786769,0.6970,-0.5070,-0.0540,0.007225,0,0,0.007225,0,0.007225,1
96913640,38.6335322000,-0.2670156000,862.1590,0.227529,0,0,0.227529,0,0.786769,0.7440,-0.4970,0.3770,0.011236,0,0,0.011236,0,0.011236,1
97114001,38.6335335000,-0.2670163000,862.0880,0.227529,0,0,0.227529,0,0.784996,0.7540,-0.1360,0.1650,0.010201,0,0,0.010201,0,0.010201,1
97313116,38.6335347000,-0.2670164000,862.0520,0.227529,0,0,0.227529,0,0.784996,0.5510,0.0300,0.1720,0.010404,0,0,0.010404,0,0.010404,1
97513477,38.6335356000,-0.2670162000,862.0250,0.227529,0,0,0.227529,0,0.784996,0.4550,0.1280,0.1340,0.010404,0,0,0.010404,0,0.010404,1
97715081,38.6335365000,-0.2670160000,861.9930,0.227529,0,0,0.227529,0,0.783225,0.6160,0.0750,0.0820,0.013456,0,0,0.013456,0,0.013456,1
97915441,38.6335377000,-0.2670156000,862.0370,0.227529,0,0,0.227529,0,0.783225,0.6550,0.2430,-0.2650,0.012769,0,0,0.012769,0,0.012769,1
98113313,38.6335391000,-0.2670149000,862.0330,0.227529,0,0,0.227529,0,0.779689,0.8840,0.3700,0.0240,0.008649,0,0,0.008649,0,0.008649,1
98313673,38.6335407000,-0.2670138000,861.9820,0.226576,0,0,0.226576,0,0.777924,0.9730,0.5860,0.2640,0.009801,0,0,0.009801,0,0.009801,1
98514033,38.6335423000,-0.2670125000,861.9550,0.226576,0,0,0.226576,0,0.7744,0.7530,0.5250,-0.1330,0.010404,0,0,0.010404,0,0.010404,1
98715638,38.6335437000,-0.2670112000,861.9500,0.226576,0,0,0.226576,0,0.7744,0.9010,0.6480,0.0520,0.010201,0,0,0.010201,0,0.010201,1
98913509,38.6335453000,-0.2670096000,861.9370,0.226576,0,0,0.226576,0,0.772641,0.9220,0.6880,-0.0420,0.010404,0,0,0.010404,0,0.010404,1
99112625,38.6335473000,-0.2670080000,861.9580,0.227529,0,0,0.227529,0,0.772641,1.2180,0.6920,-0.2500,0.010404,0,0,0.010404,0,0.010404,1
99312985,38.6335494000,-0.2670068000,862.0110,0.228484,0,0,0.228484,0,0.7744,1.1970,0.3740,-0.1200,0.009216,0,0,0.009216,0,0.009216,1
99512101,38.6335519000,-0.2670063000,861.9390,0.2304,0,0,0.2304,0,0.777924,1.5160,0.0300,0.3070,0.0169,0,0,0.0169,0,0.0169,1
99711217,38.6335545000,-0.2670064000,861.8920,0.232324,0,0,0.232324,0,0.783225,1.3330,-0.0720,0.1490,0.017161,0,0,0.017161,0,0.017161,1
99911577,38.6335566000,-0.2670065000,861.9100,0.234256,0,0,0.234256,0,0.790321,1.1100,-0.1850,0.1110,0.018769,0,0,0.018769,0,0.018769,1
100111938,38.6335589000,-0.2670070000,861.8800,0.236196,0,0,0.236196,0,0.797449,1.4490,-0.2180,0.1680,0.021316,0,0,0.021316,0,0.021316,1
100311053,38.6335608000,-0.2670070000,861.8520,0.237169,0,0,0.237169,0,0.804609,0.6830,0.1680,-0.2050,0.019881,0,0,0.019881,0,0.019881,1
100510169,38.6335621000,-0.2670065000,861.9350,0.238144,0,0,0.238144,0,0.81,0.7430,0.1520,-0.4910,0.0256,0,0,0.0256,0,0.0256,1
100713018,38.6335633000,-0.2670058000,862.0610,0.239121,0,0,0.239121,0,0.815409,0.6090,0.4300,-0.5890,0.0289,0,0,0.0289,0,0.0289,1
100912134,38.6335645000,-0.2670048000,862.0850,0.2401,0,0,0.2401,0,0.820836,0.7240,0.4430,0.0980,0.012321,0,0,0.012321,0,0.012321,1
101111250,38.6335656000,-0.2670036000,862.0940,0.2401,0,0,0.2401,0,0.826281,0.4880,0.5700,-0.2590,0.015876,0,0,0.015876,0,0.015876,1
101310366,38.6335665000,-0.2670024000,862.1790,0.241081,0,0,0.241081,0,0.829921,0.6090,0.3650,-0.2980,0.015376,0,0,0.015376,0,0.015376,1
101511970,38.6335676000,-0.2670014000,862.2450,0.241081,0,0,0.241081,0,0.833569,0.6130,0.4570,-0.2680,0.016129,0,0,0.016129,0,0.016129,1
101712331,38.6335685000,-0.2670005000,862.3370,0.242064,0,0,0.242064,0,0.837225,0.3870,0.3430,-0.6110,0.030625,0,0,0.030625,0,0.030625,1
101912691,38.6335693000,-0.2669997000,862.4070,0.242064,0,0,0.242064,0,0.840889,0.4880,0.3630,-0.2480,0.014161,0,0,0.014161,0,0.014161,1
102111807,38.6335701000,-0.2669988000,862.3830,0.242064,0,0,0.242064,0,0.842724,0.3160,0.4150,0.0790,0.01,0,0,0.01,0,0.01,1
102313411,38.6335708000,-0.2669979000,862.3970,0.243049,0,0,0.243049,0,0.8464,0.3760,0.3950,-0.3200,0.018225,0,0,0.018225,0,0.018225,1
102515016,38.6335715000,-0.2669968000,862.4690,0.243049,0,0,0.243049,0,0.848241,0.4190,0.4640,-0.2470,0.014161,0,0,0.014161,0,0.014161,1
102714132,38.6335722000,-0.2669960000,862.5590,0.243049,0,0,0.243049,0,0.851929,0.3930,0.2330,-0.2130,0.012769,0,0,0.012769,0,0.012769,1
102912003,38.6335730000,-0.2669955000,862.6270,0.243049,0,0,0.243049,0,0.853776,0.3470,0.2330,-0.6120,0.026896,0,0,0.026896,0,0.026896,1
103112364,38.6335736000,-0.2669947000,862.7570,0.243049,0,0,0.243049,0,0.857476,0.3040,0.4090,-0.4060,0.022801,0,0,0.022801,0,0.022801,1
103312724,38.6335742000,-0.2669938000,862.7660,0.244036,0,0,0.244036,0,0.859329,0.3870,0.3610,-0.0670,0.008836,0,0,0.008836,0,0.008836,1
103511840,38.6335750000,-0.2669927000,862.8130,0.243049,0,0,0.243049,0,0.861184,0.3850,0.5220,-0.4680,0.019044,0,0,0.019044,0,0.019044,1
103712200,38.6335757000,-0.2669918000,862.8360,0.243049,0,0,0.243049,0,0.861184,0.3430,0.3420,-0.0520,0.006561,0,0,0.006561,0,0.006561,1
103908827,38.6335764000,-0.2669911000,862.8760,0.243049,0,0,0.243049,0,0.863041,0.4960,0.2570,-0.0830,0.0081,0,0,0.0081,0,0.0081,1
104107943,38.6335771000,-0.2669906000,862.8750,0.243049,0,0,0.243049,0,0.8649,0.1900,0.1590,-0.3240,0.023716,0,0,0.023716,0,0.023716,1
104308304,38.6335775000,-0.2669903000,862.9560,0.242064,0,0,0.242064,0,0.8649,0.2980,0.1330,-0.3700,0.024649,0,0,0.024649,0,0.024649,1
104507419,38.6335781000,-0.2669897000,862.9760,0.242064,0,0,0.242064,0,0.866761,0.3310,0.3570,0.1100,0.009025,0,0,0.009025,0,0.009025,1
104707780,38.6335788000,-0.2669887000,862.9890,0.242064,0,0,0.242064,0,0.866761,0.3270,0.4760,-0.4800,0.018496,0,0,0.018496,0,0.018496,1
104910629,38.6335794000,-0.2669879000,863.1060,0.242064,0,0,0.242064,0,0.866761,0.4180,0.2310,-0.5060,0.021025,0,0,0.021025,0,0.021025,1
105108501,38.6335802000,-0.2669872000,863.1320,0.242064,0,0,0.242064,0,0.868624,0.4090,0.4120,0.0660,0.015129,0,0,0.015129,0,0.015129,1
105307616,38.6335809000,-0.2669865000,863.1450,0.242064,0,0,0.242064,0,0.870489,0.3310,0.2440,-0.3820,0.017956,0,0,0.017956,0,0.017956,1
105509221,38.6335816000,-0.2669858000,863.2040,0.242064,0,0,0.242064,0,0.872356,0.4180,0.4090,-0.3180,0.012996,0,0,0.012996,0,0.012996,1
105707093,38.6335823000,-0.2669849000,863.2300,0.242064,0,0,0.242064,0,0.872356,0.3200,0.3510,0.0520,0.010609,0,0,0.010609,0,0.010609,1
105907453,38.6335830000,-0.2669841000,863.2420,0.242064,0,0,0.242064,0,0.874225,0.4910,0.3960,-0.0780,0.007921,0,0,0.007921,0,0.007921,1
106106569,38.6335836000,-0.2669833000,863.2640,0.242064,0,0,0.242064,0,0.876096,0.1820,0.3100,-0.3070,0.015876,0,0,0.015876,0,0.015876,1
106308174,38.6335842000,-0.2669828000,863.3840,0.241081,0,0,0.241081,0,0.876096,0.4100,0.2580,-0.3970,0.0144,0,0,0.0144,0,0.0144,1
106508535,38.6335850000,-0.2669819000,863.3680,0.241081,0,0,0.241081,0,0.876096,0.3950,0.4730,0.2110,0.011025,0,0,0.011025,0,0.011025,1
106710140,38.6335857000,-0.2669810000,863.4200,0.2401,0,0,0.2401,0,0.876096,0.4150,0.2970,-0.5770,0.019881,0,0,0.019881,0,0.019881,1
106911745,38.6335866000,-0.2669802000,863.4940,0.2401,0,0,0.2401,0,0.876096,0.4510,0.3260,-0.4720,0.015376,0,0,0.015376,0,0.015376,1
107110861,38.6335876000,-0.2669793000,863.5310,0.239121,0,0,0.239121,0,0.874225,0.6130,0.4880,-0.0940,0.006561,0,0,0.006561,0,0.006561,1
107311222,38.6335889000,-0.2669780000,863.5140,0.239121,0,0,0.239121,0,0.874225,0.7990,0.6590,0.2490,0.010609,0,0,0.010609,0,0.010609,1
107510338,38.6335906000,-0.2669765000,863.4730,0.238144,0,0,0.238144,0,0.874225,1.1000,0.6210,0.0580,0.007225,0,0,0.007225,0,0.007225,1
107709454,38.6335927000,-0.2669754000,863.4320,0.238144,0,0,0.238144,0,0.874225,1.1580,0.2860,0.1100,0.010609,0,0,0.010609,0,0.010609,1
107912303,38.6335947000,-0.2669751000,863.4680,0.238144,0,0,0.238144,0,0.874225,1.0410,0.0740,-0.0240,0.011236,0,0,0.011236,0,0.011236,1
108110175,38.6335964000,-0.2669751000,863.4340,0.237169,0,0,0.237169,0,0.876096,0.8920,-0.0730,0.1200,0.010404,0,0,0.010404,0,0.010404,1
108310535,38.6335979000,-0.2669751000,863.3230,0.237169,0,0,0.237169,0,0.876096,0.6850,-0.0010,0.7330,0.0324,0,0,0.0324,0,0.0324,1
108510896,38.6335991000,-0.2669754000,863.2470,0.237169,0,0,0.237169,0,0.877969,0.7080,-0.1880,0.3500,0.025281,0,0,0.025281,0,0.025281,1
108711256,38.6336004000,-0.2669758000,863.0950,0.238144,0,0,0.238144,0,0.881721,0.6640,-0.1840,1.0350,0.071824,0,0,0.071824,0,0.071824,1
108911617,38.6336014000,-0.2669763000,862.8550,0.2401,0,0,0.2401,0,0.887364,0.4530,-0.2340,1.3100,0.093025,0,0,0.093025,0,0.093025,1
109109489,38.6336022000,-0.2669768000,862.6240,0.241081,0,0,0.241081,0,0.893025,0.3450,-0.1880,1.1410,0.103684,0,0,0.103684,0,0.103684,1
109312338,38.6336026000,-0.2669771000,862.3870,0.243049,0,0,0.243049,0,0.9025,0.1600,-0.1690,1.0420,0.125316,0,0,0.125316,0,0.125316,1
109511454,38.6336028000,-0.2669772000,862.2810,0.245025,0,0,0.245025,0,0.912025,0.0670,0.1450,0.4530,0.1156,0,0,0.1156,0,0.1156,1
109711815,38.6336029000,-0.2669771000,862.2730,0.247009,0,0,0.247009,0,0.923521,-0.0060,-0.0360,-0.1340,0.126736,0,0,0.126736,0,0.126736,1
109912176,38.6336029000,-0.2669771000,862.2640,0.249001,0,0,0.249001,0,0.933156,0.0420,-0.0060,0.0420,0.085264,0,0,0.085264,0,0.085264,1
110111292,38.6336029000,-0.2669771000,862.2520,0.251001,0,0,0.251001,0,0.942841,-0.0430,0.0150,0.1160,0.077841,0,0,0.077841,0,0.077841,1
110311652,38.6336028000,-0.2669772000,862.2590,0.252004,0,0,0.252004,0,0.950625,-0.0180,-0.0070,-0.0930,0.091809,0,0,0.091809,0,0.091809,1
110512013,38.6336028000,-0.2669772000,862.2680,0.254016,0,0,0.254016,0,0.956484,0.0110,-0.0140,-0.0320,0.057121,0,0,0.057121,0,0.057121,1
110712374,38.6336029000,-0.2669773000,862.2790,0.255025,0,0,0.255025,0,0.964324,0.0030,-0.0260,-0.0110,0.017956,0,0,0.017956,0,0.017956,1
110912734,38.6336029000,-0.2669773000,862.2850,0.257049,0,0,0.257049,0,0.970225,-0.0090,0.0250,0.0100,0.016129,0,0,0.016129,0,0.016129,1
111111850,38.6336028000,-0.2669773000,862.2990,0.258064,0,0,0.258064,0,0.978121,-0.0390,-0.0230,-0.0590,0.059049,0,0,0.059049,0,0.059049,1
111310966,38.6336028000,-0.2669775000,862.3020,0.259081,0,0,0.259081,0,0.984064,0.0200,-0.0620,-0.0450,0.021904,0,0,0.021904,0,0.021904,1
111511327,38.6336029000,-0.2669776000,862.2940,0.2601,0,0,0.2601,0,0.990025,0.0030,-0.0270,0.0710,0.070225,0,0,0.070225,0,0.070225,1
111711688,38.6336028000,-0.2669775000,862.2970,0.261121,0,0,0.261121,0,0.996004,-0.0860,0.0730,0.0340,0.013225,0,0,0.013225,0,0.013225,1
111912048,38.6336028000,-0.2669775000,862.2890,0.262144,0,0,0.262144,0,1,0.1110,-0.0250,0.0460,0.026244,0,0,0.026244,0,0.026244,1
112111165,38.6336029000,-0.2669776000,862.2900,0.263169,0,0,0.263169,0,1.004,-0.0250,-0.0250,0.0600,0.034596,0,0,0.034596,0,0.034596,1
112312770,38.6336029000,-0.2669775000,862.3240,0.263169,0,0,0.263169,0,1.00802,-0.0210,0.0280,-0.1030,0.047961,0,0,0.047961,0,0.047961,1
112511886,38.6336029000,-0.2669775000,862.3400,0.264196,0,0,0.264196,0,1.01204,-0.0440,0.0350,-0.0800,0.053361,0,0,0.053361,0,0.053361,1
112712247,38.6336028000,-0.2669774000,862.3650,0.264196,0,0,0.264196,0,1.01606,-0.0090,0.0200,-0.0870,0.055696,0,0,0.055696,0,0.055696,1
112912608,38.6336029000,-0.2669775000,862.3870,0.265225,0,0,0.265225,0,1.0201,0.0270,-0.0600,-0.0320,0.013225,0,0,0.013225,0,0.013225,1
113111724,38.6336029000,-0.2669776000,862.3720,0.266256,0,0,0.266256,0,1.02414,-0.0110,0.0430,0.0290,0.013924,0,0,0.013924,0,0.013924,1
113312085,38.6336029000,-0.2669775000,862.3840,0.267289,0,0,0.267289,0,1.0282,-0.0280,-0.0080,-0.0290,0.033856,0,0,0.033856,0,0.033856,1
113512445,38.6336029000,-0.2669776000,862.3990,0.267289,0,0,0.267289,0,1.03022,0.0230,-0.0250,-0.0120,0.010201,0,0,0.010201,0,0.010201,1
113712806,38.6336030000,-0.2669776000,862.4030,0.268324,0,0,0.268324,0,1.03429,0.0120,0.0030,0.0160,0.034969,0,0,0.034969,0,0.034969,1
113911922,38.6336029000,-0.2669776000,862.4110,0.268324,0,0,0.268324,0,1.03836,-0.0280,0.0250,-0.0340,0.036864,0,0,0.036864,0,0.036864,1
114113527,38.6336029000,-0.2669775000,862.4260,0.269361,0,0,0.269361,0,1.0404,-0.0130,0.0330,-0.0420,0.037249,0,0,0.037249,0,0.037249,1
114313888,38.6336029000,-0.2669776000,862.4300,0.2704,0,0,0.2704,0,1.04448,0.0030,-0.0300,-0.0200,0.0144,0,0,0.0144,0,0.0144,1
114513004,38.6336030000,-0.2669777000,862.4210,0.271441,0,0,0.271441,0,1.04858,0.0250,-0.0270,0.0180,0.028224,0,0,0.028224,0,0.028224,1
114712121,38.6336029000,-0.2669777000,862.4400,0.272484,0,0,0.272484,0,1.05062,-0.0240,0.0060,0.0360,0.0196,0,0,0.0196,0,0.0196,1
114909992,38.6336029000,-0.2669777000,862.4350,0.272484,0,0,0.272484,0,1.05473,0.0040,-0.0170,-0.0370,0.026896,0,0,0.026896,0,0.026896,1
115109109,38.6336030000,-0.2669778000,862.4420,0.273529,0,0,0.273529,0,1.05884,0.0090,-0.0290,0.0280,0.033124,0,0,0.033124,0,0.033124,1
115308225,38.6336030000,-0.2669779000,862.4400,0.274576,0,0,0.274576,0,1.0609,-0.0140,0.0270,0.0050,0.0144,0,0,0.0144,0,0.0144,1
115509830,38.6336030000,-0.2669778000,862.4670,0.275625,0,0,0.275625,0,1.06502,0.0180,-0.0170,0.0230,0.032761,0,0,0.032761,0,0.032761,1
115710191,38.6336030000,-0.2669779000,862.4730,0.276676,0,0,0.276676,0,1.06916,0.0060,0.0340,-0.0370,0.027556,0,0,0.027556,0,0.027556,1
115909307,38.6336030000,-0.2669779000,862.4800,0.276676,0,0,0.276676,0,1.07122,0.0090,-0.0070,-0.0240,0.023409,0,0,0.023409,0,0.023409,1
116109668,38.6336030000,-0.2669779000,862.5000,0.277729,0,0,0.277729,0,1.07537,0.0140,0.0110,0.0430,0.030625,0,0,0.030625,0,0.030625,1
116310029,38.6336031000,-0.2669779000,862.5190,0.278784,0,0,0.278784,0,1.07952,0.0040,0.0030,-0.1170,0.033489,0,0,0.033489,0,0.033489,1
116509145,38.6336031000,-0.2669779000,862.5210,0.278784,0,0,0.278784,0,1.08368,0.0080,0.0140,0.0300,0.027225,0,0,0.027225,0,0.027225,1
116710751,38.6336031000,-0.2669779000,862.5350,0.279841,0,0,0.279841,0,1.08576,-0.0060,0.0160,-0.0300,0.0361,0,0,0.0361,0,0.0361,1
116909867,38.6336031000,-0.2669779000,862.5420,0.2809,0,0,0.2809,0,1.08994,-0.0020,0.0030,0.0190,0.021025,0,0,0.021025,0,0.021025,1
117110228,38.6336032000,-0.2669779000,862.5340,0.2809,0,0,0.2809,0,1.09412,0.0170,0.0140,-0.0130,0.009604,0,0,0.009604,0,0.009604,1
117310589,38.6336032000,-0.2669780000,862.5320,0.281961,0,0,0.281961,0,1.09621,-0.0050,-0.0540,0.0380,0.021316,0,0,0.021316,0,0.021316,1
117510949,38.6336032000,-0.2669781000,862.5550,0.281961,0,0,0.281961,0,1.0983,0.0240,0.0150,-0.0100,0.004356,0,0,0.004356,0,0.004356,1
117711310,38.6336033000,-0.2669782000,862.5280,0.283024,0,0,0.283024,0,1.1025,-0.0060,-0.0110,0.0610,0.029241,0,0,0.029241,0,0.029241,1
117911671,38.6336034000,-0.2669782000,862.5180,0.283024,0,0,0.283024,0,1.1046,-0.0040,0.0170,-0.0030,0.015129,0,0,0.015129,0,0.015129,1
118112032,38.6336033000,-0.2669782000,862.5360,0.283024,0,0,0.283024,0,1.1067,-0.0170,0.0050,0.0060,0.007921,0,0,0.007921,0,0.007921,1
118312393,38.6336033000,-0.2669782000,862.5420,0.284089,0,0,0.284089,0,1.10881,-0.0180,0.0360,0.0000,0.012996,0,0,0.012996,0,0.012996,1
118511509,38.6336034000,-0.2669783000,862.5380,0.284089,0,0,0.284089,0,1.11302,0.0440,-0.0310,-0.0360,0.010201,0,0,0.010201,0,0.010201,1
118713115,38.6336035000,-0.2669784000,862.5410,0.284089,0,0,0.284089,0,1.11725,0.0050,-0.0470,0.0200,0.021025,0,0,0.021025,0,0.021025,1
118912231,38.6336035000,-0.2669784000,862.5300,0.285156,0,0,0.285156,0,1.12148,0.0240,0.0230,0.0600,0.033124,0,0,0.033124,0,0.033124,1
119112592,38.6336036000,-0.2669785000,862.5270,0.286225,0,0,0.286225,0,1.12784,0.0090,-0.0250,0.0180,0.0324,0,0,0.0324,0,0.0324,1
119311708,38.6336036000,-0.2669785000,862.5390,0.287296,0,0,0.287296,0,1.13422,0.0190,0.0000,0.0410,0.047961,0,0,0.047961,0,0.047961,1
119510825,38.6336036000,-0.2669786000,862.5480,0.289444,0,0,0.289444,0,1.14276,0.0120,-0.0530,0.0500,0.040401,0,0,0.040401,0,0.040401,1
119711186,38.6336036000,-0.2669787000,862.5790,0.290521,0,0,0.290521,0,1.14918,-0.0100,-0.0420,-0.1810,0.042436,0,0,0.042436,0,0.042436,1
119912791,38.6336036000,-0.2669788000,862.6370,0.2916,0,0,0.2916,0,1.15778,0.0430,-0.0580,-0.1400,0.030276,0,0,0.030276,0,0.030276,1
120113152,38.6336038000,-0.2669790000,862.6120,0.292681,0,0,0.292681,0,1.16424,-0.0300,0.0500,-0.3290,0.043681,0,0,0.043681,0,0.043681,1
120313513,38.6336039000,-0.2669792000,862.6680,0.293764,0,0,0.293764,0,1.17289,0.0010,-0.0710,-0.8160,0.044944,0,0,0.044944,0,0.044944,1
120513874,38.6336040000,-0.2669794000,862.8640,0.294849,0,0,0.294849,0,1.1794,0.0640,-0.1630,-1.0740,0.049284,0,0,0.049284,0,0.049284,1
120712990,38.6336042000,-0.2669800000,863.1030,0.295936,0,0,0.295936,0,1.18592,0.1300,-0.3340,-1.3060,0.049729,0,0,0.049729,0,0.049729,1
120913351,38.6336046000,-0.2669808000,863.3420,0.297025,0,0,0.297025,0,1.19246,0.3300,-0.3420,-0.8500,0.038809,0,0,0.038809,0,0.038809,1
121112467,38.6336051000,-0.2669817000,863.5440,0.297025,0,0,0.297025,0,1.19684,0.2380,-0.4510,-0.4660,0.026244,0,0,0.026244,0,0.026244,1
121312828,38.6336054000,-0.2669835000,863.6490,0.297025,0,0,0.297025,0,1.20122,0.1590,-1.0680,-0.0510,0.01,0,0,0.01,0,0.01,1
121511945,38.6336056000,-0.2669860000,863.5850,0.297025,0,0,0.297025,0,1.2056,-0.0690,-1.0790,0.2530,0.014884,0,0,0.014884,0,0.014884,1
121711061,38.6336054000,-0.2669883000,863.5740,0.297025,0,0,0.297025,0,1.21,-0.1550,-0.9670,0.1700,0.019881,0,0,0.019881,0,0.019881,1
121908933,38.6336053000,-0.2669904000,863.5400,0.298116,0,0,0.298116,0,1.21661,-0.0050,-0.8460,0.1160,0.023409,0,0,0.023409,0,0.023409,1
122108050,38.6336053000,-0.2669922000,863.5450,0.299209,0,0,0.299209,0,1.22103,0.0720,-0.7240,0.1280,0.042025,0,0,0.042025,0,0.042025,1
122308411,38.6336057000,-0.2669939000,863.6590,0.3025,0,0,0.3025,0,1.22988,0.5070,-0.8180,-0.2410,0.060025,0,0,0.060025,0,0.060025,1
122506283,38.6336065000,-0.2669955000,863.6740,0.309136,0,0,0.309136,0,1.24546,0.3410,-0.5290,-0.0570,0.087616,0,0,0.087616,0,0.087616,1
122705399,38.6336072000,-0.2669965000,863.6850,0.319225,0,0,0.319225,0,1.26788,0.3090,-0.3120,-0.0250,0.062001,0,0,0.062001,0,0.062001,1
122907005,38.6336080000,-0.2669972000,863.7430,0.332929,0,0,0.332929,0,1.2996,0.6830,-0.3810,-0.2240,0.038025,0,0,0.038025,0,0.038025,1
123107366,38.6336091000,-0.2669982000,863.7460,0.352836,0,0,0.352836,0,1.34328,0.5180,-0.4700,-0.0210,0.16,0,0,0.16,0,0.16,1
123307727,38.6336099000,-0.2669993000,863.8030,0.376996,0,0,0.376996,0,1.39004,0.4340,-0.4560,-0.3740,0.164836,0,0,0.164836,0,0.164836,1
123509332,38.6336108000,-0.2670004000,863.8260,0.399424,0,0,0.399424,0,1.4424,0.3840,-0.4960,-0.3220,0.1225,0,0,0.1225,0,0.1225,1
123709693,38.6336113000,-0.2670017000,863.7860,0.416025,0,0,0.416025,0,1.50308,0.1410,-0.6330,-0.0530,0.179776,0,0,0.179776,0,0.179776,1
123911299,38.6336116000,-0.2670032000,863.6400,0.438244,0,0,0.438244,0,1.57252,0.0620,-0.5980,0.2390,0.256036,0,0,0.256036,0,0.256036,1
124111660,38.6336114000,-0.2670047000,863.6710,0.463761,0,0,0.463761,0,1.65122,-0.2420,-0.7010,0.1110,0.2025,0,0,0.2025,0,0.2025,1
124312021,38.6336107000,-0.2670057000,863.5900,0.49,0,0,0.49,0,1.73186,-0.6070,-0.1770,0.2310,0.157609,0,0,0.157609,0,0.157609,1
124511137,38.6336096000,-0.2670067000,863.6150,0.515524,0,0,0.515524,0,1.80365,-0.4850,-0.6170,0.0120,0.156816,0,0,0.156816,0,0.156816,1
124709009,38.6336086000,-0.2670078000,863.7010,0.538756,0,0,0.538756,0,1.88238,-0.5950,-0.3820,0.0300,0.145924,0,0,0.145924,0,0.145924,1
124909371,38.6336076000,-0.2670088000,863.5620,0.5625,0,0,0.5625,0,1.96,-0.7600,-0.3480,0.1990,0.151321,0,0,0.151321,0,0.151321,1
125107243,38.6336066000,-0.2670095000,863.4740,0.583696,0,0,0.583696,0,2.02493,-0.4020,-0.2660,0.1730,0.107584,0,0,0.107584,0,0.107584,1
125307604,38.6336062000,-0.2670101000,863.2110,0.599076,0,0,0.599076,0,2.07936,-0.2730,-0.2350,0.4120,0.153664,0,0,0.153664,0,0.153664,1
125507965,38.6336060000,-0.2670106000,863.2860,0.616225,0,0,0.616225,0,2.14916,0.1610,-0.2420,0.1910,0.228484,0,0,0.228484,0,0.228484,1
125708326,38.6336061000,-0.2670114000,863.1740,0.630436,0,0,0.630436,0,2.23802,-0.0390,-0.3360,0.6580,0.214369,0,0,0.214369,0,0.214369,1
125907443,38.6336060000,-0.2670120000,863.0340,0.641601,0,0,0.641601,0,2.28312,-0.0580,-0.0160,0.3380,0.207025,0,0,0.207025,0,0.207025,1
126106559,38.6336057000,-0.2670123000,863.0880,0.651249,0,0,0.651249,0,2.32258,-0.0740,-0.1830,0.4660,0.164025,0,0,0.164025,0,0.164025,1
126306920,38.6336057000,-0.2670130000,863.0660,0.657721,0,0,0.657721,0,2.34396,0.1490,-0.2480,0.3680,0.145924,0,0,0.145924,0,0.145924,1
126507281,38.6336059000,-0.2670136000,863.0490,0.664225,0,0,0.664225,0,2.36237,0.1210,-0.1410,0.2230,0.161604,0,0,0.161604,0,0.161604,1
126708887,38.6336062000,-0.2670141000,863.0420,0.670761,0,0,0.670761,0,2.39012,0.1890,-0.1830,0.1910,0.135424,0,0,0.135424,0,0.135424,1
126909248,38.6336065000,-0.2670145000,863.1010,0.677329,0,0,0.677329,0,2.42114,0.2070,-0.1760,0.1220,0.107584,0,0,0.107584,0,0.107584,1
127107120,38.6336067000,-0.2670148000,863.0160,0.685584,0,0,0.685584,0,2.43672,0.0220,0.0050,0.1080,0.127449,0,0,0.127449,0,0.127449,1
127306237,38.6336068000,-0.2670150000,863.0920,0.695556,0,0,0.695556,0,2.46176,0.1090,-0.0740,-0.0140,0.1225,0,0,0.1225,0,0.1225,1
127506598,38.6336070000,-0.2670152000,863.1410,0.707281,0,0,0.707281,0,2.49324,0.1590,-0.0780,-0.0080,0.130321,0,0,0.130321,0,0.130321,1
127705714,38.6336073000,-0.2670151000,863.0770,0.717409,0,0,0.717409,0,2.53128,0.1460,0.1860,0.1510,0.119025,0,0,0.119025,0,0.119025,1
127907320,38.6336073000,-0.2670149000,863.1070,0.729316,0,0,0.729316,0,2.5664,-0.1480,0.0270,0.0840,0.072361,0,0,0.072361,0,0.072361,1
128106437,38.6336071000,-0.2670149000,863.0930,0.7396,0,0,0.7396,0,2.5921,-0.0230,-0.0310,0.0750,0.103041,0,0,0.103041,0,0.103041,1
128306798,38.6336071000,-0.2670149000,863.0720,0.751689,0,0,0.751689,0,2.61146,-0.0430,0.0000,0.1220,0.097969,0,0,0.097969,0,0.097969,1
128507159,38.6336072000,-0.2670149000,863.0340,0.760384,0,0,0.760384,0,2.63413,0.0530,-0.0380,0.0780,0.120409,0,0,0.120409,0,0.120409,1
128706276,38.6336073000,-0.2670149000,862.9930,0.772641,0,0,0.772641,0,2.66342,0.0440,0.0710,0.1060,0.119025,0,0,0.119025,0,0.119025,1
128906637,38.6336075000,-0.2670146000,862.9660,0.783225,0,0,0.783225,0,2.68304,0.2190,0.1850,0.1710,0.119025,0,0,0.119025,0,0.119025,1
129106998,38.6336083000,-0.2670143000,862.9340,0.7921,0,0,0.7921,0,2.70932,0.6370,0.1010,0.1970,0.071824,0,0,0.071824,0,0.071824,1
129306115,38.6336089000,-0.2670141000,863.0390,0.801025,0,0,0.801025,0,2.73572,0.2220,0.0990,0.0520,0.071824,0,0,0.071824,0,0.071824,1
129506476,38.6336090000,-0.2670136000,863.1480,0.811801,0,0,0.811801,0,2.75228,0.1460,0.3680,-0.3740,0.100489,0,0,0.100489,0,0.100489,1
129706837,38.6336098000,-0.2670133000,863.1510,0.820836,0,0,0.820836,0,2.77889,0.6310,-0.0270,-0.1010,0.081796,0,0,0.081796,0,0.081796,1
129905954,38.6336115000,-0.2670129000,862.9740,0.835396,0,0,0.835396,0,2.81904,1.0220,0.4280,0.3990,0.098596,0,0,0.098596,0,0.098596,1
130105070,38.6336126000,-0.2670122000,863.0180,0.850084,0,0,0.850084,0,2.85272,0.4170,0.1680,0.0640,0.077841,0,0,0.077841,0,0.077841,1
130305431,38.6336134000,-0.2670119000,863.1000,0.866761,0,0,0.866761,0,2.8968,0.6670,0.0890,0.0800,0.101761,0,0,0.101761,0,0.101761,1
130504548,38.6336144000,-0.2670124000,863.0510,0.887364,0,0,0.887364,0,2.94466,0.3530,-0.5170,0.1520,0.297025,0,0,0.297025,0,0.297025,1
130704909,38.6336153000,-0.2670132000,863.0320,0.906304,0,0,0.906304,0,2.97908,0.6620,-0.0710,0.0730,0.110224,0,0,0.110224,0,0.110224,1
130905270,38.6336159000,-0.2670130000,863.0460,0.9216,0,0,0.9216,0,3.02412,0.0640,0.1990,-0.0120,0.1444,0,0,0.1444,0,0.1444,1
131105650,38.6336159000,-0.2670125000,863.1230,0.938961,0,0,0.938961,0,3.059,0.0320,0.2130,0.0600,0.162409,0,0,0.162409,0,0.162409,1
131307237,38.6336164000,-0.2670122000,863.0970,0.952576,0,0,0.952576,0,3.08705,0.4490,0.1130,-0.0820,0.053361,0,0,0.053361,0,0.053361,1
131510087,38.6336167000,-0.2670120000,863.0970,0.968256,0,0,0.968256,0,3.12582,-0.1380,0.1480,0.0490,0.2916,0,0,0.2916,0,0.2916,1
131709204,38.6336165000,-0.2670117000,863.1530,0.992016,0,0,0.992016,0,3.16484,-0.0030,0.0660,-0.0300,0.205209,0,0,0.205209,0,0.205209,1
131908321,38.6336164000,-0.2670117000,863.1450,1.01204,0,0,1.01204,0,3.2041,-0.0430,-0.0250,0.1630,0.127449,0,0,0.127449,0,0.127449,1
132107437,38.6336164000,-0.2670117000,863.1260,1.03022,0,0,1.03022,0,3.2472,-0.0540,0.0050,-0.0040,0.179776,0,0,0.179776,0,0.179776,1
132306554,38.6336161000,-0.2670115000,863.1550,1.04653,0,0,1.04653,0,3.28697,-0.2460,0.1640,-0.1880,0.128164,0,0,0.128164,0,0.128164,1
132506915,38.6336157000,-0.2670114000,863.0760,1.05268,0,0,1.05268,0,3.30512,-0.2900,0.0770,0.1830,0.091809,0,0,0.091809,0,0.091809,1
132706032,38.6336155000,-0.2670115000,863.0110,1.06502,0,0,1.06502,0,3.34158,0.0450,-0.1570,0.2070,0.191844,0,0,0.191844,0,0.191844,1
132905148,38.6336152000,-0.2670115000,863.0850,1.08576,0,0,1.08576,0,3.38928,-0.2280,0.0500,0.0720,0.209764,0,0,0.209764,0,0.209764,1
133106754,38.6336149000,-0.2670110000,863.1000,1.10881,0,0,1.10881,0,3.43732,0.0020,0.3680,0.1110,0.167281,0,0,0.167281,0,0.167281,1
133308360,38.6336144000,-0.2670107000,863.1280,1.12572,0,0,1.12572,0,3.48569,-0.6400,-0.0830,0.0070,0.138384,0,0,0.138384,0,0.138384,1
133507477,38.6336134000,-0.2670107000,863.1090,1.13849,0,0,1.13849,0,3.53064,-0.4090,0.0960,-0.0370,0.132496,0,0,0.132496,0,0.132496,1
133707838,38.6336126000,-0.2670102000,863.0610,1.15133,0,0,1.15133,0,3.58345,-0.5890,0.3940,0.1280,0.130321,0,0,0.130321,0,0.130321,1
133908199,38.6336116000,-0.2670091000,863.0010,1.15778,0,0,1.15778,0,3.63665,-0.5050,0.4740,0.2260,0.120409,0,0,0.120409,0,0.120409,1
134108560,38.6336110000,-0.2670075000,862.8720,1.16856,0,0,1.16856,0,3.69408,-0.2010,0.8130,0.1790,0.157609,0,0,0.157609,0,0.157609,1
134308922,38.6336101000,-0.2670057000,863.0220,1.1794,0,0,1.1794,0,3.74423,-0.5380,0.6130,-0.2490,0.188356,0,0,0.188356,0,0.188356,1
134506794,38.6336098000,-0.2670040000,862.9640,1.19246,0,0,1.19246,0,3.7986,0.0340,0.8540,-0.2480,0.172225,0,0,0.172225,0,0.172225,1
134707155,38.6336096000,-0.2670025000,862.8720,1.20122,0,0,1.20122,0,3.82594,-0.3890,0.3500,0.0880,0.133225,0,0,0.133225,0,0.133225,1
134905028,38.6336086000,-0.2670009000,862.8390,1.20341,0,0,1.20341,0,3.82985,-0.7640,0.9060,0.1580,0.131769,0,0,0.131769,0,0.131769,1
135106633,38.6336078000,-0.2669993000,862.6930,1.19903,0,0,1.19903,0,3.7986,-0.2110,0.4660,0.1070,0.090601,0,0,0.090601,0,0.090601,1
135305750,38.6336074000,-0.2669979000,862.6020,1.19028,0,0,1.19028,0,3.7636,-0.2700,0.8320,0.2940,0.056169,0,0,0.056169,0,0.056169,1
135504867,38.6336069000,-0.2669956000,862.5280,1.17072,0,0,1.17072,0,3.70563,-0.3480,1.0220,0.1700,0.034596,0,0,0.034596,0,0.034596,1
135706473,38.6336063000,-0.2669933000,862.6350,1.15133,0,0,1.15133,0,3.66723,-0.2150,0.8460,0.1040,0.026896,0,0,0.026896,0,0.026896,1
135906834,38.6336061000,-0.2669911000,862.6450,1.1321,0,0,1.1321,0,3.63665,-0.0340,1.0290,0.1880,0.0196,0,0,0.0196,0,0.0196,1
136109684,38.6336062000,-0.2669890000,862.6320,1.11092,0,0,1.11092,0,3.6024,0.1070,0.8600,0.0130,0.015129,0,0,0.015129,0,0.015129,1
136311290,38.6336065000,-0.2669867000,862.5200,1.08994,0,0,1.08994,0,3.56832,0.3600,0.9200,0.1740,0.011664,0,0,0.011664,0,0.011664,1
136510407,38.6336075000,-0.2669851000,862.5020,1.06709,0,0,1.06709,0,3.53064,0.6710,0.5580,0.1210,0.010404,0,0,0.010404,0,0.010404,1
136710768,38.6336086000,-0.2669839000,862.4310,1.04653,0,0,1.04653,0,3.4969,0.6540,0.3610,0.3240,0.019044,0,0,0.019044,0,0.019044,1
136908641,38.6336096000,-0.2669834000,862.3900,1.03022,0,0,1.03022,0,3.47077,0.4960,0.1300,0.3840,0.031329,0,0,0.031329,0,0.031329,1
137109002,38.6336102000,-0.2669833000,862.2970,1.01606,0,0,1.01606,0,3.44845,0.2240,-0.3010,0.6520,0.045369,0,0,0.045369,0,0.045369,1
137309364,38.6336103000,-0.2669838000,862.1830,1.002,0,0,1.002,0,3.4188,-0.0050,-0.2130,0.7760,0.052441,0,0,0.052441,0,0.052441,1
137508480,38.6336105000,-0.2669842000,862.0200,0.988036,0,0,0.988036,0,3.39665,0.1410,-0.2660,1.0590,0.058081,0,0,0.058081,0,0.058081,1
137707597,38.6336106000,-0.2669844000,861.8890,0.978121,0,0,0.978121,0,3.37457,-0.0790,-0.0440,0.3260,0.058081,0,0,0.058081,0,0.058081,1
137909203,38.6336102000,-0.2669845000,861.8710,0.972196,0,0,0.972196,0,3.3709,-0.1790,-0.2380,0.5480,0.055696,0,0,0.055696,0,0.055696,1
138109565,38.6336099000,-0.2669848000,861.7570,0.966289,0,0,0.966289,0,3.3709,-0.0390,-0.0750,0.8180,0.075625,0,0,0.075625,0,0.075625,1
138311171,38.6336099000,-0.2669848000,861.6400,0.962361,0,0,0.962361,0,3.36722,-0.0860,-0.0170,0.3450,0.068644,0,0,0.068644,0,0.068644,1
138511532,38.6336099000,-0.2669849000,861.6380,0.9604,0,0,0.9604,0,3.3709,0.1190,-0.1080,0.1010,0.065536,0,0,0.065536,0,0.065536,1
138709404,38.6336100000,-0.2669851000,861.6020,0.9604,0,0,0.9604,0,3.38192,-0.0590,0.0150,0.0760,0.049729,0,0,0.049729,0,0.049729,1
138908521,38.6336100000,-0.2669852000,861.6010,0.9604,0,0,0.9604,0,3.39296,0.0490,0.0140,-0.0690,0.054756,0,0,0.054756,0,0.054756,1
139110127,38.6336101000,-0.2669854000,861.6160,0.9604,0,0,0.9604,0,3.40402,0.0690,-0.0670,-0.0210,0.04,0,0,0.04,0,0.04,1
139309244,38.6336102000,-0.2669855000,861.6120,0.962361,0,0,0.962361,0,3.4151,0.0080,0.0390,-0.0360,0.054756,0,0,0.054756,0,0.054756,1
139507116,38.6336103000,-0.2669856000,861.6290,0.962361,0,0,0.962361,0,3.4299,0.0660,-0.0140,0.0840,0.080089,0,0,0.080089,0,0.080089,1
139707478,38.6336104000,-0.2669858000,861.6070,0.964324,0,0,0.964324,0,3.44102,0.0200,-0.0210,0.0330,0.080089,0,0,0.080089,0,0.080089,1
139907839,38.6336105000,-0.2669861000,861.5710,0.964324,0,0,0.964324,0,3.45216,0.0120,-0.0350,0.0800,0.080089,0,0,0.080089,0,0.080089,1
140108200,38.6336105000,-0.2669862000,861.5830,0.964324,0,0,0.964324,0,3.4596,-0.0050,-0.0190,0.0480,0.069169,0,0,0.069169,0,0.069169,1
140308562,38.6336106000,-0.2669864000,861.5870,0.962361,0,0,0.962361,0,3.46704,0.0120,-0.0020,0.0330,0.071289,0,0,0.071289,0,0.071289,1
140508923,38.6336106000,-0.2669865000,861.5810,0.9604,0,0,0.9604,0,3.47077,-0.0170,0.0380,-0.0140,0.036481,0,0,0.036481,0,0.036481,1
140708040,38.6336106000,-0.2669865000,861.6140,0.9604,0,0,0.9604,0,3.47823,0.0030,0.0380,0.0260,0.023104,0,0,0.023104,0,0.023104,1
140908401,38.6336106000,-0.2669866000,861.6010,0.958441,0,0,0.958441,0,3.48196,-0.0010,-0.0130,0.0010,0.020164,0,0,0.020164,0,0.020164,1
141108763,38.6336106000,-0.2669867000,861.6000,0.956484,0,0,0.956484,0,3.48942,0.0060,-0.0090,0.0150,0.063001,0,0,0.063001,0,0.063001,1
141307880,38.6336106000,-0.2669868000,861.6350,0.954529,0,0,0.954529,0,3.49316,0.0300,-0.0290,-0.0630,0.033124,0,0,0.033124,0,0.033124,1
141508241,38.6336107000,-0.2669868000,861.6860,0.950625,0,0,0.950625,0,3.49316,-0.0460,0.0390,-0.0360,0.045369,0,0,0.045369,0,0.045369,1
141708602,38.6336107000,-0.2669867000,861.7000,0.942841,0,0,0.942841,0,3.48942,-0.0890,0.0730,0.0010,0.015129,0,0,0.015129,0,0.015129,1
141907719,38.6336108000,-0.2669867000,861.6940,0.937024,0,0,0.937024,0,3.48196,0.0190,-0.0200,-0.0080,0.010609,0,0,0.010609,0,0.010609,1
142106836,38.6336110000,-0.2669868000,861.6780,0.929296,0,0,0.929296,0,3.47077,0.0550,-0.0380,0.0740,0.038809,0,0,0.038809,0,0.038809,1
142305953,38.6336112000,-0.2669868000,861.6980,0.923521,0,0,0.923521,0,3.46704,0.0050,0.0400,0.0340,0.017161,0,0,0.017161,0,0.017161,1
142508804,38.6336112000,-0.2669868000,861.6880,0.919681,0,0,0.919681,0,3.4596,-0.0510,0.0490,0.0670,0.017161,0,0,0.017161,0,0.017161,1
142709165,38.6336113000,-0.2669868000,861.6710,0.915849,0,0,0.915849,0,3.45588,-0.0020,0.0140,0.0670,0.030276,0,0,0.030276,0,0.030276,1
142910771,38.6336114000,-0.2669869000,861.6600,0.912025,0,0,0.912025,0,3.44845,0.0120,-0.0230,0.1090,0.036864,0,0,0.036864,0,0.036864,1
143111132,38.6336114000,-0.2669870000,861.6690,0.908209,0,0,0.908209,0,3.44474,-0.0100,-0.0220,0.0750,0.032041,0,0,0.032041,0,0.032041,1
143311494,38.6336115000,-0.2669870000,861.6800,0.904401,0,0,0.904401,0,3.43732,0.0280,0.0250,-0.0170,0.009025,0,0,0.009025,0,0.009025,1
143511855,38.6336116000,-0.2669871000,861.6890,0.900601,0,0,0.900601,0,3.43732,0.0000,0.0110,0.0600,0.033489,0,0,0.033489,0,0.033489,1
143710972,38.6336117000,-0.2669871000,861.6940,0.894916,0,0,0.894916,0,3.4299,0.0120,-0.0160,0.0020,0.024649,0,0,0.024649,0,0.024649,1
143912578,38.6336117000,-0.2669872000,861.7110,0.891136,0,0,0.891136,0,3.4225,0.0180,-0.0100,-0.0100,0.012996,0,0,0.012996,0,0.012996,1
144114184,38.6336118000,-0.2669873000,861.7020,0.885481,0,0,0.885481,0,3.4151,-0.0010,0.0290,-0.0050,0.016641,0,0,0.016641,0,0.016641,1
144314546,38.6336119000,-0.2669873000,861.6810,0.879844,0,0,0.879844,0,3.40772,0.0360,-0.0130,0.1080,0.038809,0,0,0.038809,0,0.038809,1
144513663,38.6336120000,-0.2669874000,861.6750,0.874225,0,0,0.874225,0,3.40034,-0.0080,-0.0190,0.0420,0.033856,0,0,0.033856,0,0.033856,1
144712780,38.6336121000,-0.2669876000,861.6830,0.870489,0,0,0.870489,0,3.39665,0.0160,-0.0420,0.0000,0.021609,0,0,0.021609,0,0.021609,1
144913141,38.6336122000,-0.2669877000,861.6870,0.868624,0,0,0.868624,0,3.39296,0.0300,-0.0240,0.0640,0.042849,0,0,0.042849,0,0.042849,1
145113503,38.6336123000,-0.2669878000,861.6860,0.8649,0,0,0.8649,0,3.39296,0.0150,0.0240,0.0550,0.030276,0,0,0.030276,0,0.030276,1
145312620,38.6336123000,-0.2669879000,861.6890,0.863041,0,0,0.863041,0,3.38928,0.0090,-0.0120,0.0400,0.043264,0,0,0.043264,0,0.043264,1
145511737,38.6336124000,-0.2669880000,861.6870,0.859329,0,0,0.859329,0,3.38928,0.0050,-0.0060,-0.0040,0.018225,0,0,0.018225,0,0.018225,1
145710854,38.6336124000,-0.2669881000,861.6900,0.857476,0,0,0.857476,0,3.3856,-0.0030,0.0140,0.0520,0.032041,0,0,0.032041,0,0.032041,1
145911216,38.6336125000,-0.2669882000,861.7110,0.853776,0,0,0.853776,0,3.38192,0.0270,-0.0700,-0.0110,0.018225,0,0,0.018225,0,0.018225,1
146110333,38.6336126000,-0.2669883000,861.7240,0.851929,0,0,0.851929,0,3.37824,0.0080,0.0050,-0.0220,0.027225,0,0,0.027225,0,0.027225,1
146310694,38.6336126000,-0.2669883000,861.7200,0.848241,0,0,0.848241,0,3.37824,-0.0390,0.0410,0.0160,0.017956,0,0,0.017956,0,0.017956,1
146509811,38.6336126000,-0.2669883000,861.7540,0.844561,0,0,0.844561,0,3.37457,-0.0070,0.0320,0.0120,0.017161,0,0,0.017161,0,0.017161,1
146712662,38.6336126000,-0.2669883000,861.7560,0.840889,0,0,0.840889,0,3.3709,0.0210,-0.0120,-0.0170,0.017424,0,0,0.017424,0,0.017424,1
146910534,38.6336127000,-0.2669884000,861.7470,0.839056,0,0,0.839056,0,3.36722,0.0220,0.0050,0.0490,0.035344,0,0,0.035344,0,0.035344,1
147110896,38.6336128000,-0.2669885000,861.7680,0.837225,0,0,0.837225,0,3.36722,-0.0070,-0.0110,-0.0350,0.0324,0,0,0.0324,0,0.0324,1
147311257,38.6336129000,-0.2669886000,861.7790,0.833569,0,0,0.833569,0,3.36356,0.0250,-0.0290,0.0300,0.038809,0,0,0.038809,0,0.038809,1
147512863,38.6336131000,-0.2669889000,861.7930,0.829921,0,0,0.829921,0,3.35622,-0.0010,-0.0010,0.0920,0.030976,0,0,0.030976,0,0.030976,1
147713225,38.6336133000,-0.2669890000,861.8230,0.8281,0,0,0.8281,0,3.35256,0.0000,0.0310,0.0080,0.014161,0,0,0.014161,0,0.014161,1
147913586,38.6336135000,-0.2669891000,861.8650,0.824464,0,0,0.824464,0,3.3489,0.0110,-0.0060,0.0300,0.04,0,0,0.04,0,0.04,1
148112703,38.6336137000,-0.2669893000,861.8940,0.820836,0,0,0.820836,0,3.34524,0.0140,-0.0050,0.0060,0.026569,0,0,0.026569,0,0.026569,1
148313065,38.6336138000,-0.2669894000,861.9290,0.819025,0,0,0.819025,0,3.33793,-0.0160,0.0270,0.0170,0.017424,0,0,0.017424,0,0.017424,1
148513426,38.6336140000,-0.2669895000,861.9630,0.815409,0,0,0.815409,0,3.33428,0.0020,-0.0030,0.0490,0.038025,0,0,0.038025,0,0.038025,1
148716277,38.6336142000,-0.2669897000,861.9980,0.811801,0,0,0.811801,0,3.33062,0.0170,-0.0010,0.0430,0.037636,0,0,0.037636,0,0.037636,1
148914149,38.6336143000,-0.2669898000,862.0640,0.81,0,0,0.81,0,3.32333,0.0160,-0.0050,0.0110,0.031684,0,0,0.031684,0,0.031684,1
149114511,38.6336145000,-0.2669900000,862.0910,0.806404,0,0,0.806404,0,3.31968,0.0040,-0.0380,-0.0030,0.017424,0,0,0.017424,0,0.017424,1
149314873,38.6336146000,-0.2669901000,862.1470,0.802816,0,0,0.802816,0,3.31604,-0.0370,0.0430,-0.0930,0.040804,0,0,0.040804,0,0.040804,1
149515234,38.6336147000,-0.2669902000,862.1180,0.801025,0,0,0.801025,0,3.30876,0.0090,-0.0820,0.0570,0.028561,0,0,0.028561,0,0.028561,1
149713107,38.6336147000,-0.2669903000,862.1340,0.797449,0,0,0.797449,0,3.30512,0.0120,0.0190,-0.0380,0.030276,0,0,0.030276,0,0.030276,1
149913468,38.6336147000,-0.2669903000,862.1570,0.795664,0,0,0.795664,0,3.30149,-0.0260,0.0250,0.0010,0.024025,0,0,0.024025,0,0.024025,1
150115074,38.6336147000,-0.2669903000,862.1790,0.793881,0,0,0.793881,0,3.29786,-0.0420,0.0280,-0.0880,0.044944,0,0,0.044944,0,0.044944,1
150315436,38.6336147000,-0.2669904000,862.1970,0.7921,0,0,0.7921,0,3.29786,-0.0300,-0.0150,-0.0290,0.025281,0,0,0.025281,0,0.025281,1
150513309,38.6336148000,-0.2669905000,862.1790,0.790321,0,0,0.790321,0,3.29422,0.0050,-0.0050,0.0640,0.043264,0,0,0.043264,0,0.043264,1
150713670,38.6336148000,-0.2669906000,862.1900,0.788544,0,0,0.788544,0,3.29422,0.0370,-0.1180,0.0170,0.027225,0,0,0.027225,0,0.027225,1
150912787,38.6336148000,-0.2669907000,862.2090,0.788544,0,0,0.788544,0,3.29786,0.0100,0.0520,-0.0170,0.025921,0,0,0.025921,0,0.025921,1
151110660,38.6336148000,-0.2669907000,862.2090,0.786769,0,0,0.786769,0,3.30512,-0.0150,-0.0360,-0.0370,0.029241,0,0,0.029241,0,0.029241,1
151309777,38.6336148000,-0.2669907000,862.2080,0.786769,0,0,0.786769,0,3.30876,-0.0160,0.0250,-0.0210,0.049284,0,0,0.049284,0,0.049284,1
151507650,38.6336148000,-0.2669908000,862.1890,0.786769,0,0,0.786769,0,3.31604,-0.0310,-0.0100,0.0630,0.041209,0,0,0.041209,0,0.041209,1
151708011,38.6336149000,-0.2669908000,862.1890,0.786769,0,0,0.786769,0,3.32333,0.0510,-0.0310,0.0560,0.059049,0,0,0.059049,0,0.059049,1
151908373,38.6336149000,-0.2669909000,862.1770,0.786769,0,0,0.786769,0,3.33062,0.0280,-0.0360,0.0510,0.060516,0,0,0.060516,0,0.060516,1
152108734,38.6336149000,-0.2669909000,862.2460,0.786769,0,0,0.786769,0,3.33793,-0.0050,0.0630,-0.2710,0.059536,0,0,0.059536,0,0.059536,1
152307852,38.6336150000,-0.2669910000,862.3610,0.786769,0,0,0.786769,0,3.34158,0.0910,-0.1420,-0.7380,0.0484,0,0,0.0484,0,0.0484,1
152508213,38.6336151000,-0.2669911000,862.5830,0.783225,0,0,0.783225,0,3.33793,-0.0180,-0.0830,-1.2780,0.053824,0,0,0.053824,0,0.053824,1
152707330,38.6336150000,-0.2669915000,862.8510,0.777924,0,0,0.777924,0,3.32333,-0.0620,-0.2340,-1.4560,0.051984,0,0,0.051984,0,0.051984,1
152906447,38.6336148000,-0.2669921000,863.0920,0.772641,0,0,0.772641,0,3.3124,-0.1690,-0.2690,-1.1840,0.050176,0,0,0.050176,0,0.050176,1
153108054,38.6336146000,-0.2669929000,863.3440,0.763876,0,0,0.763876,0,3.2906,-0.0680,-0.4430,-0.7970,0.04,0,0,0.04,0,0.04,1
153307171,38.6336142000,-0.2669943000,863.5640,0.7569,0,0,0.7569,0,3.26886,-0.2920,-0.7800,-0.6950,0.026244,0,0,0.026244,0,0.026244,1
153508777,38.6336132000,-0.2669959000,863.6810,0.746496,0,0,0.746496,0,3.2436,-0.8100,-0.7030,-0.4050,0.0169,0,0,0.0169,0,0.0169,1
153709138,38.6336117000,-0.2669969000,863.6160,0.736164,0,0,0.736164,0,3.21844,-0.8470,-0.2480,-0.0080,0.010609,0,0,0.010609,0,0.010609,1
153911989,38.6336099000,-0.2669972000,863.6570,0.725904,0,0,0.725904,0,3.1898,-1.0710,-0.0760,0.0720,0.01,0,0,0.01,0,0.01,1
154111106,38.6336080000,-0.2669972000,863.6520,0.715716,0,0,0.715716,0,3.15062,-0.9990,-0.0670,-0.0140,0.009604,0,0,0.009604,0,0.009604,1
154310224,38.6336064000,-0.2669972000,863.6450,0.7056,0,0,0.7056,0,3.10817,-0.7620,0.0560,0.0350,0.007569,0,0,0.007569,0,0.007569,1
154511830,38.6336050000,-0.2669972000,863.6870,0.695556,0,0,0.695556,0,3.07301,-0.7280,-0.1500,-0.1320,0.007744,0,0,0.007744,0,0.007744,1
154710947,38.6336037000,-0.2669977000,863.6540,0.685584,0,0,0.685584,0,3.04154,-0.6870,-0.3960,0.0320,0.005184,0,0,0.005184,0,0.005184,1
154912553,38.6336024000,-0.2669988000,863.6210,0.675684,0,0,0.675684,0,3.00676,-0.6910,-0.6250,0.1220,0.005184,0,0,0.005184,0,0.005184,1
155112915,38.6336011000,-0.2670000000,863.6420,0.665856,0,0,0.665856,0,2.97563,-0.6510,-0.5850,-0.0170,0.006084,0,0,0.006084,0,0.006084,1
155312032,38.6335999000,-0.2670012000,863.6350,0.657721,0,0,0.657721,0,2.94809,-0.5350,-0.5140,0.1350,0.005625,0,0,0.005625,0,0.005625,1
155512394,38.6335988000,-0.2670021000,863.5670,0.648025,0,0,0.648025,0,2.92068,-0.6180,-0.4820,0.4000,0.007569,0,0,0.007569,0,0.007569,1
155711511,38.6335976000,-0.2670032000,863.5600,0.64,0,0,0.64,0,2.8934,-0.5100,-0.4810,0.1070,0.004356,0,0,0.004356,0,0.004356,1
155911873,38.6335967000,-0.2670042000,863.5610,0.632025,0,0,0.632025,0,2.86625,-0.4420,-0.4550,-0.1080,0.0064,0,0,0.0064,0,0.0064,1
156112234,38.6335958000,-0.2670052000,863.5430,0.6241,0,0,0.6241,0,2.83923,-0.4670,-0.4190,0.0610,0.005041,0,0,0.005041,0,0.005041,1
156312596,38.6335951000,-0.2670061000,863.4690,0.616225,0,0,0.616225,0,2.81568,-0.3820,-0.3950,0.4260,0.010201,0,0,0.010201,0,0.010201,1
156511713,38.6335944000,-0.2670071000,863.3600,0.6084,0,0,0.6084,0,2.79224,-0.3780,-0.4320,0.4740,0.011664,0,0,0.011664,0,0.011664,1
156712075,38.6335938000,-0.2670079000,863.2370,0.600625,0,0,0.600625,0,2.76557,-0.3030,-0.2880,0.2660,0.009409,0,0,0.009409,0,0.009409,1
156912437,38.6335931000,-0.2670087000,863.1670,0.594441,0,0,0.594441,0,2.74565,-0.3090,-0.3840,0.5180,0.016641,0,0,0.016641,0,0.016641,1
157112799,38.6335924000,-0.2670095000,863.0660,0.588289,0,0,0.588289,0,2.7291,-0.5180,-0.2770,0.2760,0.007744,0,0,0.007744,0,0.007744,1
157311916,38.6335915000,-0.2670101000,863.0110,0.582169,0,0,0.582169,0,2.70932,-0.4090,-0.2730,0.1520,0.005184,0,0,0.005184,0,0.005184,1
157512278,38.6335908000,-0.2670107000,862.9850,0.576081,0,0,0.576081,0,2.69288,-0.4330,-0.2470,0.2740,0.008281,0,0,0.008281,0,0.008281,1
157711395,38.6335899000,-0.2670115000,862.8970,0.570025,0,0,0.570025,0,2.6765,-0.5490,-0.3850,0.4580,0.012544,0,0,0.012544,0,0.012544,1
157913002,38.6335890000,-0.2670123000,862.8070,0.565504,0,0,0.565504,0,2.66016,-0.4120,-0.3150,0.3420,0.013225,0,0,0.013225,0,0.013225,1
158112119,38.6335883000,-0.2670128000,862.7710,0.561001,0,0,0.561001,0,2.64388,-0.2890,-0.1580,0.1200,0.008281,0,0,0.008281,0,0.008281,1
158311236,38.6335876000,-0.2670134000,862.7570,0.556516,0,0,0.556516,0,2.62764,-0.4920,-0.4680,0.3120,0.009409,0,0,0.009409,0,0.009409,1
158511598,38.6335867000,-0.2670142000,862.7030,0.552049,0,0,0.552049,0,2.61146,-0.4430,-0.2290,0.1100,0.006724,0,0,0.006724,0,0.006724,1
158711960,38.6335858000,-0.2670147000,862.6660,0.5476,0,0,0.5476,0,2.59854,-0.5050,-0.2420,0.1980,0.008836,0,0,0.008836,0,0.008836,1
158913566,38.6335847000,-0.2670155000,862.7100,0.544644,0,0,0.544644,0,2.58888,-0.6350,-0.5490,0.0430,0.008836,0,0,0.008836,0,0.008836,1
159112683,38.6335837000,-0.2670165000,862.6580,0.541696,0,0,0.541696,0,2.57282,-0.4490,-0.3710,0.1510,0.008464,0,0,0.008464,0,0.008464,1
159315534,38.6335830000,-0.2670171000,862.5870,0.538756,0,0,0.538756,0,2.56,-0.2940,-0.2260,0.3190,0.0196,0,0,0.0196,0,0.0196,1
159514652,38.6335822000,-0.2670178000,862.5460,0.535824,0,0,0.535824,0,2.55041,-0.4600,-0.4690,0.3730,0.017161,0,0,0.017161,0,0.017161,1
159715013,38.6335814000,-0.2670185000,862.4950,0.5329,0,0,0.5329,0,2.54084,-0.4220,-0.2430,0.1020,0.008836,0,0,0.008836,0,0.008836,1
159917864,38.6335806000,-0.2670191000,862.4320,0.531441,0,0,0.531441,0,2.53446,-0.3890,-0.3010,0.3160,0.020449,0,0,0.020449,0,0.020449,1
160115737,38.6335796000,-0.2670198000,862.3620,0.529984,0,0,0.529984,0,2.52492,-0.6460,-0.3550,0.4960,0.0196,0,0,0.0196,0,0.0196,1
160317343,38.6335789000,-0.2670206000,862.2550,0.527076,0,0,0.527076,0,2.51222,-0.2170,-0.3520,0.3160,0.029241,0,0,0.029241,0,0.029241,1
160517705,38.6335783000,-0.2670213000,862.1860,0.525625,0,0,0.525625,0,2.50589,-0.3830,-0.2530,0.3830,0.024025,0,0,0.024025,0,0.024025,1
160715578,38.6335771000,-0.2670219000,862.1810,0.524176,0,0,0.524176,0,2.49956,-0.7210,-0.4340,0.1940,0.01,0,0,0.01,0,0.01,1
160915940,38.6335758000,-0.2670225000,862.1510,0.522729,0,0,0.522729,0,2.49008,-0.7120,-0.1680,-0.0910,0.013924,0,0,0.013924,0,0.013924,1
161116302,38.6335745000,-0.2670230000,862.0950,0.521284,0,0,0.521284,0,2.48062,-0.7850,-0.1830,0.3390,0.008281,0,0,0.008281,0,0.008281,1
161316664,38.6335730000,-0.2670234000,862.0900,0.5184,0,0,0.5184,0,2.47118,-0.7380,-0.3030,0.2570,0.007225,0,0,0.007225,0,0.007225,1
161518270,38.6335716000,-0.2670239000,862.0290,0.516961,0,0,0.516961,0,2.46176,-0.7430,-0.1290,0.0990,0.007396,0,0,0.007396,0,0.007396,1
161717388,38.6335703000,-0.2670241000,862.0190,0.515524,0,0,0.515524,0,2.45549,-0.6960,-0.0590,0.1130,0.005776,0,0,0.005776,0,0.005776,1
161916505,38.6335688000,-0.2670244000,862.0060,0.514089,0,0,0.514089,0,2.44922,-0.9090,-0.2830,0.1360,0.009604,0,0,0.009604,0,0.009604,1
162118111,38.6335672000,-0.2670246000,861.9050,0.514089,0,0,0.514089,0,2.44297,-0.9260,0.1470,0.1530,0.015129,0,0,0.015129,0,0.015129,1
162315984,38.6335657000,-0.2670247000,861.9030,0.516961,0,0,0.516961,0,2.44297,-0.6860,-0.2720,-0.0250,0.015625,0,0,0.015625,0,0.015625,1
162515102,38.6335642000,-0.2670255000,861.9070,0.5184,0,0,0.5184,0,2.43672,-0.8830,-0.5550,0.2630,0.017689,0,0,0.017689,0,0.017689,1
162714219,38.6335625000,-0.2670264000,861.7640,0.519841,0,0,0.519841,0,2.42425,-1.1700,-0.2350,0.3540,0.013456,0,0,0.013456,0,0.013456,1
162912092,38.6335606000,-0.2670271000,861.6600,0.519841,0,0,0.519841,0,2.4056,-0.9150,-0.3490,0.4030,0.0121,0,0,0.0121,0,0.0121,1
163113698,38.6335589000,-0.2670276000,861.6420,0.5184,0,0,0.5184,0,2.38702,-0.8080,-0.2180,0.1320,0.009604,0,0,0.009604,0,0.009604,1
163312816,38.6335574000,-0.2670282000,861.6720,0.516961,0,0,0.516961,0,2.3716,-0.7190,-0.4790,-0.2250,0.021316,0,0,0.021316,0,0.021316,1
163514422,38.6335559000,-0.2670293000,861.6910,0.512656,0,0,0.512656,0,2.3409,-0.9060,-0.4650,0.0280,0.010201,0,0,0.010201,0,0.010201,1
163716029,38.6335541000,-0.2670302000,861.6400,0.508369,0,0,0.508369,0,2.30736,-0.9350,-0.4340,0.2140,0.009801,0,0,0.009801,0,0.009801,1
163913902,38.6335524000,-0.2670311000,861.5890,0.5041,0,0,0.5041,0,2.27105,-0.8180,-0.5170,0.3610,0.009025,0,0,0.009025,0,0.009025,1
164113019,38.6335505000,-0.2670322000,861.5780,0.499849,0,0,0.499849,0,2.23802,-1.0160,-0.5290,-0.0400,0.015376,0,0,0.015376,0,0.015376,1
164313381,38.6335483000,-0.2670332000,861.5430,0.497025,0,0,0.497025,0,2.21712,-1.2900,-0.4320,0.1830,0.007569,0,0,0.007569,0,0.007569,1
164513743,38.6335458000,-0.2670340000,861.5280,0.492804,0,0,0.492804,0,2.19929,-1.3950,-0.3300,0.0110,0.007744,0,0,0.007744,0,0.007744,1
164714105,38.6335432000,-0.2670344000,861.5340,0.488601,0,0,0.488601,0,2.17563,-1.4050,-0.0170,-0.1310,0.009025,0,0,0.009025,0,0.009025,1
164916956,38.6335407000,-0.2670340000,861.5050,0.484416,0,0,0.484416,0,2.14916,-1.3740,0.4400,0.1340,0.007056,0,0,0.007056,0,0.007056,1
165117318,38.6335381000,-0.2670327000,861.4730,0.480249,0,0,0.480249,0,2.12868,-1.4090,0.6950,0.2570,0.005929,0,0,0.005929,0,0.005929,1
165315191,38.6335356000,-0.2670308000,861.4710,0.4761,0,0,0.4761,0,2.1083,-1.3390,1.0070,-0.0830,0.008649,0,0,0.008649,0,0.008649,1
165515553,38.6335335000,-0.2670282000,861.4890,0.473344,0,0,0.473344,0,2.09381,-0.9730,1.2450,-0.0340,0.009025,0,0,0.009025,0,0.009025,1
165715915,38.6335317000,-0.2670254000,861.5220,0.469225,0,0,0.469225,0,2.07648,-0.8910,1.1450,-0.0380,0.0081,0,0,0.0081,0,0.0081,1
165917521,38.6335303000,-0.2670230000,861.5210,0.466489,0,0,0.466489,0,2.05636,-0.7390,1.0080,-0.2590,0.01,0,0,0.01,0,0.01,1
166119128,38.6335288000,-0.2670208000,861.5350,0.4624,0,0,0.4624,0,2.03918,-0.9240,0.9020,-0.0550,0.006724,0,0,0.006724,0,0.006724,1
166318245,38.6335269000,-0.2670185000,861.5120,0.458329,0,0,0.458329,0,2.01356,-1.0870,1.1010,0.0020,0.006561,0,0,0.006561,0,0.006561,1
166517363,38.6335251000,-0.2670158000,861.5070,0.452929,0,0,0.452929,0,1.99092,-1.0200,1.1500,-0.1590,0.008464,0,0,0.008464,0,0.008464,1
166720214,38.6335234000,-0.2670132000,861.4850,0.4489,0,0,0.4489,0,1.97122,-0.9290,1.1660,-0.0820,0.007569,0,0,0.007569,0,0.007569,1
166921820,38.6335218000,-0.2670106000,861.4290,0.446224,0,0,0.446224,0,1.9544,-0.8990,1.1100,0.0330,0.007225,0,0,0.007225,0,0.007225,1
167120938,38.6335203000,-0.2670080000,861.4530,0.442225,0,0,0.442225,0,1.93488,-0.7750,1.1450,-0.4350,0.01,0,0,0.01,0,0.01,1
167322544,38.6335189000,-0.2670054000,861.4570,0.438244,0,0,0.438244,0,1.91546,-0.8650,1.0580,0.0720,0.006241,0,0,0.006241,0,0.006241,1
167521662,38.6335171000,-0.2670030000,861.4370,0.434281,0,0,0.434281,0,1.89888,-1.0700,1.0070,0.0210,0.005929,0,0,0.005929,0,0.005929,1
167723268,38.6335153000,-0.2670005000,861.4400,0.431649,0,0,0.431649,0,1.88513,-0.9200,1.1450,-0.1320,0.005929,0,0,0.005929,0,0.005929,1
167923630,38.6335137000,-0.2669980000,861.5190,0.427716,0,0,0.427716,0,1.86869,-0.8180,1.0090,-0.2980,0.007569,0,0,0.007569,0,0.007569,1
168122748,38.6335122000,-0.2669955000,861.5070,0.425104,0,0,0.425104,0,1.85232,-0.7710,1.0830,0.1220,0.005184,0,0,0.005184,0,0.005184,1
168323110,38.6335109000,-0.2669932000,861.4850,0.421201,0,0,0.421201,0,1.83603,-0.7190,0.9160,-0.0400,0.005776,0,0,0.005776,0,0.005776,1
168523472,38.6335094000,-0.2669910000,861.5010,0.418609,0,0,0.418609,0,1.8198,-0.8490,0.9940,-0.0650,0.005476,0,0,0.005476,0,0.005476,1
168723834,38.6335078000,-0.2669887000,861.5380,0.414736,0,0,0.414736,0,1.80096,-0.9330,0.9740,-0.1210,0.005625,0,0,0.005625,0,0.005625,1
168925440,38.6335062000,-0.2669862000,861.5600,0.410881,0,0,0.410881,0,1.77956,-0.8570,1.1130,-0.3400,0.007921,0,0,0.007921,0,0.007921,1
169124558,38.6335047000,-0.2669835000,861.5850,0.408321,0,0,0.408321,0,1.76358,-0.8350,1.1460,-0.1520,0.005625,0,0,0.005625,0,0.005625,1
169323675,38.6335031000,-0.2669809000,861.6030,0.404496,0,0,0.404496,0,1.74504,-0.8140,1.0570,0.0940,0.005329,0,0,0.005329,0,0.005329,1
169524037,38.6335017000,-0.2669784000,861.6000,0.401956,0,0,0.401956,0,1.7266,-0.7200,1.0980,-0.0890,0.005041,0,0,0.005041,0,0.005041,1
169723155,38.6335004000,-0.2669759000,861.5830,0.398161,0,0,0.398161,0,1.70564,-0.7960,1.0420,-0.0590,0.005625,0,0,0.005625,0,0.005625,1
169921028,38.6334988000,-0.2669734000,861.5650,0.395641,0,0,0.395641,0,1.6874,-0.9390,1.0700,0.1370,0.005329,0,0,0.005329,0,0.005329,1
170123879,38.6334971000,-0.2669708000,861.5060,0.391876,0,0,0.391876,0,1.66668,-0.9310,1.1030,0.0160,0.005184,0,0,0.005184,0,0.005184,1
170324241,38.6334955000,-0.2669682000,861.4810,0.388129,0,0,0.388129,0,1.64866,-0.8810,1.1330,0.0850,0.004624,0,0,0.004624,0,0.004624,1
170523359,38.6334938000,-0.2669657000,861.4550,0.385641,0,0,0.385641,0,1.63073,-0.9500,1.0270,0.1360,0.004761,0,0,0.004761,0,0.004761,1
170722476,38.6334922000,-0.2669633000,861.4350,0.381924,0,0,0.381924,0,1.61544,-0.8620,0.9410,-0.0570,0.005476,0,0,0.005476,0,0.005476,1
170925327,38.6334905000,-0.2669610000,861.4280,0.378225,0,0,0.378225,0,1.60022,-0.9900,1.0360,-0.0070,0.005625,0,0,0.005625,0,0.005625,1
171124445,38.6334886000,-0.2669586000,861.3810,0.375769,0,0,0.375769,0,1.58508,-1.0670,0.9620,0.2910,0.004624,0,0,0.004624,0,0.004624,1
171322318,38.6334867000,-0.2669563000,861.3640,0.3721,0,0,0.3721,0,1.57001,-1.0130,1.0460,-0.0990,0.005476,0,0,0.005476,0,0.005476,1
171523924,38.6334849000,-0.2669537000,861.3960,0.369664,0,0,0.369664,0,1.55501,-0.9510,1.1160,-0.2090,0.005776,0,0,0.005776,0,0.005776,1
171724286,38.6334832000,-0.2669512000,861.4150,0.366025,0,0,0.366025,0,1.5376,-0.9430,1.0300,0.0450,0.004356,0,0,0.004356,0,0.004356,1
171924648,38.6334815000,-0.2669488000,861.4020,0.363609,0,0,0.363609,0,1.52276,-0.9010,1.0430,-0.1010,0.004624,0,0,0.004624,0,0.004624,1
172123766,38.6334799000,-0.2669464000,861.4150,0.36,0,0,0.36,0,1.50798,-0.9110,0.9870,-0.0560,0.004761,0,0,0.004761,0,0.004761,1
172325373,38.6334782000,-0.2669440000,861.4200,0.356409,0,0,0.356409,0,1.49328,-0.8900,1.0080,0.1370,0.004225,0,0,0.004225,0,0.004225,1
172525735,38.6334765000,-0.2669415000,861.3900,0.354025,0,0,0.354025,0,1.47866,-1.0240,1.1530,0.0020,0.005184,0,0,0.005184,0,0.005184,1
172724852,38.6334747000,-0.2669389000,861.4020,0.350464,0,0,0.350464,0,1.4641,-0.8800,1.0610,-0.1240,0.005329,0,0,0.005329,0,0.005329,1
172923970,38.6334732000,-0.2669363000,861.3600,0.3481,0,0,0.3481,0,1.44962,-0.8590,1.1350,0.1220,0.004225,0,0,0.004225,0,0.004225,1
173124332,38.6334718000,-0.2669338000,861.3220,0.344569,0,0,0.344569,0,1.4352,-0.7750,1.0770,0.1270,0.004356,0,0,0.004356,0,0.004356,1
173324694,38.6334704000,-0.2669314000,861.3410,0.342225,0,0,0.342225,0,1.42086,-0.7130,0.9420,-0.2940,0.005776,0,0,0.005776,0,0.005776,1
173525056,38.6334691000,-0.2669294000,861.3280,0.338724,0,0,0.338724,0,1.40897,-0.7650,0.8060,0.1250,0.004096,0,0,0.004096,0,0.004096,1
173724174,38.6334676000,-0.2669274000,861.2980,0.3364,0,0,0.3364,0,1.39476,-0.8890,0.8780,0.1260,0.003721,0,0,0.003721,0,0.003721,1
173925780,38.6334661000,-0.2669253000,861.3040,0.332929,0,0,0.332929,0,1.38063,-0.7950,0.9540,-0.1150,0.0049,0,0,0.0049,0,0.0049,1
174123654,38.6334648000,-0.2669231000,861.2850,0.330625,0,0,0.330625,0,1.3689,-0.6470,0.9070,0.0270,0.005476,0,0,0.005476,0,0.005476,1
174322771,38.6334638000,-0.2669213000,861.3020,0.328329,0,0,0.328329,0,1.35723,-0.4440,0.6880,-0.2860,0.0081,0,0,0.0081,0,0.0081,1
174523133,38.6334631000,-0.2669198000,861.3590,0.326041,0,0,0.326041,0,1.3456,-0.3940,0.5420,-0.4740,0.012321,0,0,0.012321,0,0.012321,1
174722251,38.6334624000,-0.2669186000,861.3960,0.323761,0,0,0.323761,0,1.33403,-0.4180,0.5340,-0.1230,0.007056,0,0,0.007056,0,0.007056,1
174921369,38.6334616000,-0.2669174000,861.3980,0.321489,0,0,0.321489,0,1.3225,-0.4840,0.5200,-0.1300,0.007225,0,0,0.007225,0,0.007225,1
175120486,38.6334608000,-0.2669163000,861.4330,0.320356,0,0,0.320356,0,1.31561,-0.3440,0.3960,-0.3290,0.011881,0,0,0.011881,0,0.011881,1
175319604,38.6334601000,-0.2669153000,861.4640,0.318096,0,0,0.318096,0,1.30645,-0.4450,0.4820,-0.0870,0.007569,0,0,0.007569,0,0.007569,1
175519966,38.6334594000,-0.2669142000,861.4510,0.316969,0,0,0.316969,0,1.29732,-0.3780,0.4450,0.0680,0.0049,0,0,0.0049,0,0.0049,1
175720328,38.6334587000,-0.2669130000,861.4860,0.314721,0,0,0.314721,0,1.28822,-0.3890,0.5240,-0.4200,0.011881,0,0,0.011881,0,0.011881,1
175919446,38.6334579000,-0.2669118000,861.5930,0.312481,0,0,0.312481,0,1.27916,-0.5020,0.5140,-0.6260,0.013924,0,0,0.013924,0,0.013924,1
176118564,38.6334568000,-0.2669104000,861.6380,0.310249,0,0,0.310249,0,1.26788,-0.6710,0.6890,0.0740,0.005625,0,0,0.005625,0,0.005625,1
176318926,38.6334555000,-0.2669086000,861.5940,0.309136,0,0,0.309136,0,1.25888,-0.7690,0.8440,0.2050,0.004761,0,0,0.004761,0,0.004761,1
176519288,38.6334541000,-0.2669065000,861.5720,0.306916,0,0,0.306916,0,1.24769,-0.8330,1.0010,-0.0170,0.005476,0,0,0.005476,0,0.005476,1
176720894,38.6334526000,-0.2669041000,861.5840,0.304704,0,0,0.304704,0,1.23654,-0.7660,1.0500,-0.0790,0.006084,0,0,0.006084,0,0.006084,1
176920012,38.6334513000,-0.2669017000,861.5560,0.3025,0,0,0.3025,0,1.22324,-0.7680,1.0080,0.2070,0.005776,0,0,0.005776,0,0.005776,1
177120374,38.6334499000,-0.2668993000,861.5350,0.300304,0,0,0.300304,0,1.2122,-0.7270,1.0350,-0.0320,0.006241,0,0,0.006241,0,0.006241,1
177320736,38.6334485000,-0.2668970000,861.5510,0.299209,0,0,0.299209,0,1.20341,-0.7710,0.9500,-0.1390,0.007225,0,0,0.007225,0,0.007225,1
177522343,38.6334471000,-0.2668948000,861.5560,0.297025,0,0,0.297025,0,1.19465,-0.7900,0.9540,0.0970,0.005476,0,0,0.005476,0,0.005476,1
177721461,38.6334457000,-0.2668925000,861.5490,0.294849,0,0,0.294849,0,1.18592,-0.8050,1.1020,-0.0940,0.005929,0,0,0.005929,0,0.005929,1
177921823,38.6334443000,-0.2668899000,861.5310,0.293764,0,0,0.293764,0,1.17722,-0.7490,1.1420,-0.0170,0.0064,0,0,0.0064,0,0.0064,1
178122185,38.6334430000,-0.2668871000,861.5560,0.2916,0,0,0.2916,0,1.16856,-0.6150,1.2430,-0.1100,0.005329,0,0,0.005329,0,0.005329,1
178321303,38.6334423000,-0.2668843000,861.5920,0.290521,0,0,0.290521,0,1.16208,-0.2080,1.2140,-0.2450,0.005184,0,0,0.005184,0,0.005184,1
178522909,38.6334421000,-0.2668813000,861.6400,0.288369,0,0,0.288369,0,1.15348,0.0440,1.3650,-0.2620,0.004225,0,0,0.004225,0,0.004225,1
178724516,38.6334425000,-0.2668782000,861.6750,0.286225,0,0,0.286225,0,1.14276,0.4100,1.2960,-0.0590,0.003025,0,0,0.003025,0,0.003025,1
178923634,38.6334436000,-0.2668754000,861.6700,0.284089,0,0,0.284089,0,1.1321,0.7680,1.1690,0.0930,0.0036,0,0,0.0036,0,0.0036,1
179125240,38.6334450000,-0.2668735000,861.6510,0.283024,0,0,0.283024,0,1.1236,0.8410,0.4580,-0.0540,0.003249,0,0,0.003249,0,0.003249,1
179324358,38.6334465000,-0.2668733000,861.6430,0.2809,0,0,0.2809,0,1.11302,0.8420,-0.2320,0.0290,0.004761,0,0,0.004761,0,0.004761,1
179525965,38.6334476000,-0.2668742000,861.6180,0.278784,0,0,0.278784,0,1.1046,0.3810,-0.6350,0.2270,0.005929,0,0,0.005929,0,0.005929,1
179726327,38.6334479000,-0.2668760000,861.5670,0.276676,0,0,0.276676,0,1.09621,0.0290,-0.8860,0.2730,0.004761,0,0,0.004761,0,0.004761,1
179925444,38.6334479000,-0.2668779000,861.5290,0.275625,0,0,0.275625,0,1.08576,-0.0750,-0.8220,0.1280,0.003721,0,0,0.003721,0,0.003721,1
180125807,38.6334479000,-0.2668796000,861.5030,0.273529,0,0,0.273529,0,1.07744,0.1200,-0.6510,0.1220,0.004096,0,0,0.004096,0,0.004096,1
180326169,38.6334483000,-0.2668811000,861.5040,0.272484,0,0,0.272484,0,1.06709,0.3400,-0.6520,0.0600,0.004489,0,0,0.004489,0,0.004489,1
180526531,38.6334491000,-0.2668827000,861.4750,0.2704,0,0,0.2704,0,1.05884,0.6010,-0.7520,0.1670,0.005184,0,0,0.005184,0,0.005184,1
180726893,38.6334503000,-0.2668844000,861.4550,0.268324,0,0,0.268324,0,1.05062,0.7070,-0.7360,-0.0050,0.004489,0,0,0.004489,0,0.004489,1
180926011,38.6334515000,-0.2668862000,861.4550,0.267289,0,0,0.267289,0,1.04244,0.7430,-0.8370,-0.0250,0.005041,0,0,0.005041,0,0.005041,1
181125129,38.6334527000,-0.2668881000,861.4610,0.265225,0,0,0.265225,0,1.03226,0.6110,-0.7790,-0.0140,0.005476,0,0,0.005476,0,0.005476,1
181326736,38.6334538000,-0.2668900000,861.4230,0.264196,0,0,0.264196,0,1.02414,0.6580,-0.8940,0.1070,0.0049,0,0,0.0049,0,0.0049,1
181525853,38.6334550000,-0.2668921000,861.4230,0.262144,0,0,0.262144,0,1.01405,0.6760,-0.9170,-0.0810,0.004489,0,0,0.004489,0,0.004489,1
181724971,38.6334562000,-0.2668942000,861.4310,0.261121,0,0,0.261121,0,1.004,0.6890,-0.8990,-0.1280,0.004489,0,0,0.004489,0,0.004489,1
181925333,38.6334576000,-0.2668964000,861.4180,0.259081,0,0,0.259081,0,0.994009,0.9470,-1.0630,0.1960,0.004761,0,0,0.004761,0,0.004761,1
182125695,38.6334593000,-0.2668991000,861.4010,0.257049,0,0,0.257049,0,0.984064,0.9730,-1.2400,-0.0020,0.004356,0,0,0.004356,0,0.004356,1
182326058,38.6334610000,-0.2669018000,861.4520,0.256036,0,0,0.256036,0,0.974169,0.8850,-1.0890,-0.4700,0.006084,0,0,0.006084,0,0.006084,1
182525175,38.6334625000,-0.2669044000,861.5290,0.254016,0,0,0.254016,0,0.966289,0.9080,-1.2120,-0.3320,0.005929,0,0,0.005929,0,0.005929,1
182725538,38.6334640000,-0.2669070000,861.5570,0.253009,0,0,0.253009,0,0.958441,0.6870,-1.0930,-0.1680,0.005329,0,0,0.005329,0,0.005329,1
182925900,38.6334652000,-0.2669091000,861.6010,0.251001,0,0,0.251001,0,0.950625,0.7010,-0.7360,-0.2300,0.005776,0,0,0.005776,0,0.005776,1
183125017,38.6334664000,-0.2669107000,861.6300,0.25,0,0,0.25,0,0.944784,0.6310,-0.6500,0.0050,0.004624,0,0,0.004624,0,0.004624,1
183326624,38.6334675000,-0.2669123000,861.6120,0.248004,0,0,0.248004,0,0.938961,0.7030,-0.7680,0.2210,0.004761,0,0,0.004761,0,0.004761,1
183525742,38.6334688000,-0.2669139000,861.5810,0.247009,0,0,0.247009,0,0.933156,0.7310,-0.7060,0.2060,0.004489,0,0,0.004489,0,0.004489,1
183726104,38.6334698000,-0.2669153000,861.5650,0.246016,0,0,0.246016,0,0.927369,0.4460,-0.4760,-0.0310,0.004761,0,0,0.004761,0,0.004761,1
183926466,38.6334706000,-0.2669165000,861.5420,0.244036,0,0,0.244036,0,0.919681,0.4820,-0.5950,0.1860,0.0049,0,0,0.0049,0,0.0049,1
184126829,38.6334714000,-0.2669180000,861.4980,0.243049,0,0,0.243049,0,0.913936,0.4630,-0.7170,0.3180,0.005476,0,0,0.005476,0,0.005476,1
184325946,38.6334722000,-0.2669196000,861.4670,0.241081,0,0,0.241081,0,0.906304,0.4550,-0.7080,0.0700,0.003844,0,0,0.003844,0,0.003844,1
184526309,38.6334732000,-0.2669212000,861.4060,0.2401,0,0,0.2401,0,0.900601,0.6310,-0.7550,0.4510,0.007056,0,0,0.007056,0,0.007056,1
184725426,38.6334744000,-0.2669232000,861.3490,0.238144,0,0,0.238144,0,0.893025,0.7520,-0.9550,0.2810,0.004096,0,0,0.004096,0,0.004096,1
184925789,38.6334757000,-0.2669252000,861.3070,0.237169,0,0,0.237169,0,0.885481,0.7160,-0.8430,0.0460,0.003844,0,0,0.003844,0,0.003844,1
185123662,38.6334771000,-0.2669273000,861.3190,0.235225,0,0,0.235225,0,0.877969,0.8670,-1.0370,0.0520,0.003721,0,0,0.003721,0,0.003721,1
185322780,38.6334786000,-0.2669296000,861.3160,0.234256,0,0,0.234256,0,0.872356,0.7830,-0.9460,-0.1100,0.003969,0,0,0.003969,0,0.003969,1
185521897,38.6334800000,-0.2669317000,861.3420,0.232324,0,0,0.232324,0,0.8649,0.8110,-0.9290,-0.1490,0.003721,0,0,0.003721,0,0.003721,1
185721015,38.6334816000,-0.2669340000,861.3510,0.231361,0,0,0.231361,0,0.857476,1.0460,-1.0770,0.1230,0.003481,0,0,0.003481,0,0.003481,1
185922622,38.6334835000,-0.2669365000,861.3420,0.229441,0,0,0.229441,0,0.850084,1.0420,-1.1330,-0.0850,0.003721,0,0,0.003721,0,0.003721,1
186122984,38.6334852000,-0.2669391000,861.3540,0.228484,0,0,0.228484,0,0.844561,0.9290,-1.1460,-0.0610,0.003969,0,0,0.003969,0,0.003969,1
186323346,38.6334870000,-0.2669418000,861.3720,0.226576,0,0,0.226576,0,0.837225,1.0130,-1.2460,-0.0730,0.003969,0,0,0.003969,0,0.003969,1
186522464,38.6334887000,-0.2669443000,861.3880,0.225625,0,0,0.225625,0,0.831744,0.9060,-0.9600,-0.1560,0.003969,0,0,0.003969,0,0.003969,1
186724071,38.6334904000,-0.2669464000,861.4100,0.224676,0,0,0.224676,0,0.826281,1.0000,-0.8770,-0.0280,0.003844,0,0,0.003844,0,0.003844,1
186921944,38.6334922000,-0.2669486000,861.4030,0.222784,0,0,0.222784,0,0.820836,1.1170,-1.0630,0.0580,0.0036,0,0,0.0036,0,0.0036,1
187121062,38.6334941000,-0.2669510000,861.3810,0.221841,0,0,0.221841,0,0.813604,0.9700,-1.0280,0.1200,0.003844,0,0,0.003844,0,0.003844,1
187321424,38.6334957000,-0.2669533000,861.3680,0.2209,0,0,0.2209,0,0.808201,0.8400,-0.9690,0.1440,0.004489,0,0,0.004489,0,0.004489,1
187523031,38.6334971000,-0.2669556000,861.2940,0.219961,0,0,0.219961,0,0.804609,0.7510,-1.0430,0.4670,0.006889,0,0,0.006889,0,0.006889,1
187722149,38.6334985000,-0.2669578000,861.2300,0.219024,0,0,0.219024,0,0.799236,0.8110,-0.9110,0.1760,0.0049,0,0,0.0049,0,0.0049,1
187922511,38.6334999000,-0.2669601000,861.2030,0.218089,0,0,0.218089,0,0.795664,0.7610,-1.0400,0.2850,0.0064,0,0,0.0064,0,0.0064,1
188122874,38.6335013000,-0.2669624000,861.1660,0.218089,0,0,0.218089,0,0.7921,0.9060,-1.0360,0.1670,0.005184,0,0,0.005184,0,0.005184,1
188324480,38.6335028000,-0.2669649000,861.1240,0.217156,0,0,0.217156,0,0.788544,0.7390,-1.1210,0.1080,0.005041,0,0,0.005041,0,0.005041,1
188523598,38.6335042000,-0.2669674000,861.0770,0.216225,0,0,0.216225,0,0.786769,0.8400,-1.0220,0.3560,0.007056,0,0,0.007056,0,0.007056,1
188722716,38.6335056000,-0.2669696000,861.0390,0.216225,0,0,0.216225,0,0.783225,0.8070,-0.9600,0.1760,0.006561,0,0,0.006561,0,0.006561,1
188924323,38.6335071000,-0.2669718000,860.9810,0.215296,0,0,0.215296,0,0.779689,0.7680,-0.9090,0.2240,0.006241,0,0,0.006241,0,0.006241,1
189123440,38.6335086000,-0.2669738000,860.9540,0.215296,0,0,0.215296,0,0.776161,0.9730,-0.8680,0.1470,0.006084,0,0,0.006084,0,0.006084,1
189322558,38.6335103000,-0.2669761000,860.9300,0.214369,0,0,0.214369,0,0.772641,0.9920,-1.1480,0.0660,0.005625,0,0,0.005625,0,0.005625,1
189521676,38.6335120000,-0.2669786000,860.9520,0.214369,0,0,0.214369,0,0.770884,0.8730,-1.0070,-0.2760,0.0081,0,0,0.0081,0,0.0081,1
189722038,38.6335136000,-0.2669809000,860.9320,0.214369,0,0,0.214369,0,0.767376,0.9740,-1.0440,0.1660,0.006724,0,0,0.006724,0,0.006724,1
189921156,38.6335151000,-0.2669833000,860.9150,0.213444,0,0,0.213444,0,0.763876,0.7400,-1.0760,0.0980,0.006241,0,0,0.006241,0,0.006241,1
190120274,38.6335165000,-0.2669857000,860.9250,0.213444,0,0,0.213444,0,0.762129,0.8160,-0.9940,-0.1650,0.005184,0,0,0.005184,0,0.005184,1
190320636,38.6335179000,-0.2669881000,860.9310,0.212521,0,0,0.212521,0,0.758641,0.7750,-1.0980,0.0800,0.005929,0,0,0.005929,0,0.005929,1
190520999,38.6335194000,-0.2669906000,860.8910,0.212521,0,0,0.212521,0,0.7569,0.8760,-1.1290,0.2600,0.0064,0,0,0.0064,0,0.0064,1
190722606,38.6335208000,-0.2669933000,860.8860,0.212521,0,0,0.212521,0,0.755161,0.7520,-1.2440,-0.1570,0.006241,0,0,0.006241,0,0.006241,1
190922968,38.6335223000,-0.2669962000,860.8960,0.2116,0,0,0.2116,0,0.753424,0.8600,-1.2380,0.1650,0.005776,0,0,0.005776,0,0.005776,1
191123330,38.6335237000,-0.2669987000,860.8510,0.210681,0,0,0.210681,0,0.749956,0.7360,-0.9760,0.0310,0.005041,0,0,0.005041,0,0.005041,1
191324937,38.6335250000,-0.2670009000,860.8580,0.210681,0,0,0.210681,0,0.748225,0.7380,-1.0270,-0.0680,0.005929,0,0,0.005929,0,0.005929,1
191525299,38.6335265000,-0.2670033000,860.8910,0.209764,0,0,0.209764,0,0.746496,0.9500,-0.9890,-0.0760,0.005625,0,0,0.005625,0,0.005625,1
191725662,38.6335283000,-0.2670054000,860.8960,0.209764,0,0,0.209764,0,0.744769,0.9840,-0.8970,-0.0270,0.005329,0,0,0.005329,0,0.005329,1
191927268,38.6335300000,-0.2670077000,860.9000,0.208849,0,0,0.208849,0,0.743044,0.9220,-1.1460,-0.2610,0.0064,0,0,0.0064,0,0.0064,1
192127631,38.6335316000,-0.2670102000,860.9020,0.208849,0,0,0.208849,0,0.741321,0.8900,-1.0340,0.1790,0.006561,0,0,0.006561,0,0.006561,1
192327993,38.6335331000,-0.2670123000,860.8540,0.207936,0,0,0.207936,0,0.737881,0.7770,-0.8190,0.1680,0.0064,0,0,0.0064,0,0.0064,1
192527111,38.6335344000,-0.2670143000,860.8620,0.207936,0,0,0.207936,0,0.736164,0.7510,-0.8780,-0.1100,0.005625,0,0,0.005625,0,0.005625,1
192727473,38.6335359000,-0.2670162000,860.8610,0.207025,0,0,0.207025,0,0.734449,0.9100,-0.8470,0.1310,0.005625,0,0,0.005625,0,0.005625,1
192926591,38.6335375000,-0.2670181000,860.8480,0.207025,0,0,0.207025,0,0.732736,0.9290,-0.8030,0.0040,0.005625,0,0,0.005625,0,0.005625,1
193126953,38.6335390000,-0.2670196000,860.8720,0.206116,0,0,0.206116,0,0.731025,0.7640,-0.4840,-0.2250,0.005776,0,0,0.005776,0,0.005776,1
193326071,38.6335405000,-0.2670205000,860.8510,0.206116,0,0,0.206116,0,0.729316,0.8660,-0.3060,0.1830,0.007225,0,0,0.007225,0,0.007225,1
193526434,38.6335418000,-0.2670208000,860.8190,0.205209,0,0,0.205209,0,0.727609,0.6020,0.0640,0.0480,0.0064,0,0,0.0064,0,0.0064,1
193726796,38.6335429000,-0.2670205000,860.8160,0.205209,0,0,0.205209,0,0.725904,0.6090,0.1560,-0.0140,0.006724,0,0,0.006724,0,0.006724,1
193925914,38.6335439000,-0.2670199000,860.8010,0.205209,0,0,0.205209,0,0.724201,0.5140,0.3420,0.1840,0.010201,0,0,0.010201,0,0.010201,1
194126276,38.6335449000,-0.2670191000,860.7560,0.205209,0,0,0.205209,0,0.724201,0.6350,0.3580,0.0970,0.010201,0,0,0.010201,0,0.010201,1
194327883,38.6335462000,-0.2670180000,860.7540,0.205209,0,0,0.205209,0,0.7225,0.8050,0.5770,-0.1670,0.009025,0,0,0.009025,0,0.009025,1
194528245,38.6335477000,-0.2670167000,860.7550,0.205209,0,0,0.205209,0,0.720801,0.9180,0.5340,0.2020,0.008281,0,0,0.008281,0,0.008281,1
194726118,38.6335497000,-0.2670153000,860.7530,0.205209,0,0,0.205209,0,0.719104,1.2420,0.7020,-0.1580,0.011236,0,0,0.011236,0,0.011236,1
194925236,38.6335519000,-0.2670136000,860.8180,0.205209,0,0,0.205209,0,0.719104,1.2330,0.8040,-0.5970,0.011025,0,0,0.011025,0,0.011025,1
195121865,38.6335544000,-0.2670120000,860.8070,0.206116,0,0,0.206116,0,0.719104,1.5660,0.5160,0.1920,0.011025,0,0,0.011025,0,0.011025,1
195320983,38.6335572000,-0.2670108000,860.8430,0.207025,0,0,0.207025,0,0.7225,1.5830,0.5760,0.0150,0.009216,0,0,0.009216,0,0.009216,1
195522590,38.6335602000,-0.2670102000,860.8400,0.207936,0,0,0.207936,0,0.725904,1.7340,-0.0600,-0.0760,0.013924,0,0,0.013924,0,0.013924,1
195722952,38.6335630000,-0.2670104000,860.8210,0.209764,0,0,0.209764,0,0.731025,1.3450,-0.1030,0.1330,0.016384,0,0,0.016384,0,0.016384,1
195922070,38.6335655000,-0.2670108000,860.8140,0.210681,0,0,0.210681,0,0.734449,1.4580,-0.3300,0.0420,0.0144,0,0,0.0144,0,0.0144,1
196121188,38.6335677000,-0.2670114000,860.8690,0.212521,0,0,0.212521,0,0.7396,1.0520,-0.1810,-0.5860,0.020449,0,0,0.020449,0,0.020449,1
196322795,38.6335696000,-0.2670112000,860.9410,0.213444,0,0,0.213444,0,0.744769,1.0100,0.3620,-0.4740,0.016641,0,0,0.016641,0,0.016641,1
196523158,38.6335710000,-0.2670103000,861.0690,0.214369,0,0,0.214369,0,0.749956,0.5730,0.3800,-0.6180,0.030276,0,0,0.030276,0,0.030276,1
196722275,38.6335721000,-0.2670090000,861.1190,0.216225,0,0,0.216225,0,0.755161,0.6070,0.8570,-0.2770,0.022201,0,0,0.022201,0,0.022201,1
196921393,38.6335732000,-0.2670071000,861.2580,0.217156,0,0,0.217156,0,0.762129,0.6820,0.6880,-0.8450,0.034969,0,0,0.034969,0,0.034969,1
197123000,38.6335745000,-0.2670057000,861.3620,0.218089,0,0,0.218089,0,0.767376,0.7280,0.5900,-0.2460,0.013689,0,0,0.013689,0,0.013689,1
197322118,38.6335757000,-0.2670045000,861.4650,0.219024,0,0,0.219024,0,0.772641,0.6340,0.4260,-0.5470,0.023409,0,0,0.023409,0,0.023409,1
197522480,38.6335767000,-0.2670037000,861.4690,0.219961,0,0,0.219961,0,0.776161,0.3700,0.3120,-0.3360,0.021609,0,0,0.021609,0,0.021609,1
197724087,38.6335774000,-0.2670029000,861.6040,0.219961,0,0,0.219961,0,0.777924,0.4590,0.2800,-0.3950,0.020164,0,0,0.020164,0,0.020164,1
197924450,38.6335782000,-0.2670021000,861.6520,0.219961,0,0,0.219961,0,0.779689,0.4380,0.4740,-0.2400,0.012321,0,0,0.012321,0,0.012321,1
198123568,38.6335790000,-0.2670012000,861.6830,0.219961,0,0,0.219961,0,0.781456,0.3720,0.3010,-0.2590,0.0169,0,0,0.0169,0,0.0169,1
198323930,38.6335796000,-0.2670005000,861.7290,0.219961,0,0,0.219961,0,0.784996,0.4190,0.3120,-0.1380,0.010816,0,0,0.010816,0,0.010816,1
198523048,38.6335804000,-0.2669997000,861.7580,0.219961,0,0,0.219961,0,0.786769,0.4610,0.3280,-0.1770,0.011236,0,0,0.011236,0,0.011236,1
198720921,38.6335812000,-0.2669991000,861.7710,0.2209,0,0,0.2209,0,0.790321,0.3200,0.2280,-0.1440,0.011664,0,0,0.011664,0,0.011664,1
198920039,38.6335817000,-0.2669984000,861.8230,0.2209,0,0,0.2209,0,0.7921,0.3290,0.4220,-0.1600,0.010404,0,0,0.010404,0,0.010404,1
199121646,38.6335823000,-0.2669974000,861.8520,0.2209,0,0,0.2209,0,0.793881,0.3200,0.4620,-0.1090,0.008281,0,0,0.008281,0,0.008281,1
199322009,38.6335829000,-0.2669965000,861.8920,0.219961,0,0,0.219961,0,0.793881,0.3270,0.3000,-0.3430,0.0169,0,0,0.0169,0,0.0169,1
199521127,38.6335836000,-0.2669957000,861.9860,0.219961,0,0,0.219961,0,0.795664,0.4200,0.3380,-0.3390,0.014641,0,0,0.014641,0,0.014641,1
199720244,38.6335844000,-0.2669948000,861.9910,0.219961,0,0,0.219961,0,0.797449,0.4780,0.4690,-0.0250,0.0081,0,0,0.0081,0,0.0081,1
199918118,38.6335851000,-0.2669941000,862.0900,0.219961,0,0,0.219961,0,0.799236,0.3450,0.1480,-0.6540,0.029929,0,0,0.029929,0,0.029929,1
200115991,38.6335857000,-0.2669937000,862.1500,0.219961,0,0,0.219961,0,0.799236,0.2910,0.1730,-0.1080,0.008649,0,0,0.008649,0,0.008649,1
200315109,38.6335863000,-0.2669931000,862.1890,0.219961,0,0,0.219961,0,0.799236,0.3270,0.3300,-0.2050,0.01,0,0,0.01,0,0.01,1
200514227,38.6335868000,-0.2669925000,862.2450,0.219961,0,0,0.219961,0,0.801025,0.2120,0.2110,-0.3490,0.0225,0,0,0.0225,0,0.0225,1
200715834,38.6335872000,-0.2669920000,862.3020,0.219024,0,0,0.219024,0,0.802816,0.3090,0.2420,-0.1910,0.009216,0,0,0.009216,0,0.009216,1
200916196,38.6335879000,-0.2669914000,862.3150,0.219024,0,0,0.219024,0,0.802816,0.4550,0.2340,0.0740,0.007921,0,0,0.007921,0,0.007921,1
201115314,38.6335886000,-0.2669910000,862.3460,0.219024,0,0,0.219024,0,0.804609,0.3210,0.0910,-0.2940,0.013689,0,0,0.013689,0,0.013689,1
201315677,38.6335893000,-0.2669906000,862.4270,0.219024,0,0,0.219024,0,0.804609,0.4700,0.2780,-0.5320,0.0144,0,0,0.0144,0,0.0144,1
201517283,38.6335902000,-0.2669899000,862.5130,0.218089,0,0,0.218089,0,0.804609,0.5580,0.3580,-0.2800,0.007056,0,0,0.007056,0,0.007056,1
201716401,38.6335911000,-0.2669890000,862.5670,0.218089,0,0,0.218089,0,0.804609,0.4360,0.4100,-0.3030,0.007569,0,0,0.007569,0,0.007569,1
201916764,38.6335918000,-0.2669881000,862.6240,0.217156,0,0,0.217156,0,0.804609,0.2760,0.2680,-0.3930,0.0144,0,0,0.0144,0,0.0144,1
202117126,38.6335923000,-0.2669876000,862.6670,0.217156,0,0,0.217156,0,0.804609,0.2640,0.1850,-0.0010,0.005476,0,0,0.005476,0,0.005476,1
202317488,38.6335928000,-0.2669870000,862.6480,0.216225,0,0,0.216225,0,0.806404,0.3330,0.3000,0.1600,0.010816,0,0,0.010816,0,0.010816,1
202519095,38.6335933000,-0.2669864000,862.6660,0.216225,0,0,0.216225,0,0.806404,0.2020,0.2380,-0.1920,0.008649,0,0,0.008649,0,0.008649,1
202719458,38.6335938000,-0.2669857000,862.6830,0.216225,0,0,0.216225,0,0.806404,0.3840,0.3390,-0.2020,0.005476,0,0,0.005476,0,0.005476,1
202921065,38.6335945000,-0.2669847000,862.7360,0.216225,0,0,0.216225,0,0.806404,0.4400,0.4430,-0.1720,0.0049,0,0,0.0049,0,0.0049,1
203120183,38.6335956000,-0.2669837000,862.7090,0.215296,0,0,0.215296,0,0.806404,0.7310,0.4270,0.2490,0.008464,0,0,0.008464,0,0.008464,1
203320545,38.6335973000,-0.2669824000,862.6980,0.215296,0,0,0.215296,0,0.806404,1.0970,0.6010,-0.0400,0.006724,0,0,0.006724,0,0.006724,1
203520907,38.6335994000,-0.2669811000,862.6830,0.214369,0,0,0.214369,0,0.804609,1.2980,0.4940,-0.0300,0.007744,0,0,0.007744,0,0.007744,1
203721270,38.6336016000,-0.2669804000,862.6670,0.214369,0,0,0.214369,0,0.806404,1.0940,0.0260,0.1870,0.008836,0,0,0.008836,0,0.008836,1
203922877,38.6336034000,-0.2669804000,862.6050,0.214369,0,0,0.214369,0,0.806404,0.9930,0.0070,0.3370,0.012321,0,0,0.012321,0,0.012321,1
204121995,38.6336049000,-0.2669804000,862.5580,0.214369,0,0,0.214369,0,0.806404,0.6690,-0.0600,0.2700,0.015129,0,0,0.015129,0,0.015129,1
204322357,38.6336062000,-0.2669805000,862.5350,0.214369,0,0,0.214369,0,0.808201,0.7670,-0.0640,0.1020,0.011025,0,0,0.011025,0,0.011025,1
204520231,38.6336076000,-0.2669807000,862.4320,0.214369,0,0,0.214369,0,0.811801,0.8230,-0.1470,0.6930,0.030976,0,0,0.030976,0,0.030976,1
204720593,38.6336088000,-0.2669810000,862.3270,0.215296,0,0,0.215296,0,0.815409,0.4690,-0.0750,0.8200,0.055696,0,0,0.055696,0,0.055696,1
204919711,38.6336095000,-0.2669813000,862.1240,0.216225,0,0,0.216225,0,0.820836,0.3110,-0.2250,1.1980,0.082944,0,0,0.082944,0,0.082944,1
205118829,38.6336098000,-0.2669817000,861.9110,0.219024,0,0,0.219024,0,0.831744,0.0840,-0.0820,1.0900,0.101761,0,0,0.101761,0,0.101761,1
205316703,38.6336098000,-0.2669820000,861.7250,0.221841,0,0,0.221841,0,0.842724,-0.0780,-0.1800,0.6890,0.100489,0,0,0.100489,0,0.100489,1
205517065,38.6336098000,-0.2669823000,861.6590,0.224676,0,0,0.224676,0,0.855625,0.0470,-0.1690,-0.0060,0.0289,0,0,0.0289,0,0.0289,1
205717428,38.6336097000,-0.2669824000,861.6200,0.227529,0,0,0.227529,0,0.870489,-0.0840,0.0620,-0.0210,0.041616,0,0,0.041616,0,0.041616,1
205917790,38.6336097000,-0.2669824000,861.5830,0.229441,0,0,0.229441,0,0.881721,0.0160,-0.0240,0.1230,0.094864,0,0,0.094864,0,0.094864,1
206119397,38.6336097000,-0.2669824000,861.5470,0.232324,0,0,0.232324,0,0.896809,-0.0150,-0.0280,0.1310,0.0961,0,0,0.0961,0,0.0961,1
206319759,38.6336097000,-0.2669825000,861.5300,0.234256,0,0,0.234256,0,0.910116,0.0530,-0.0280,0.0880,0.093025,0,0,0.093025,0,0.093025,1
206518877,38.6336098000,-0.2669825000,861.5210,0.237169,0,0,0.237169,0,0.923521,-0.0020,0.0270,0.0430,0.0625,0,0,0.0625,0,0.0625,1
206719240,38.6336097000,-0.2669824000,861.5300,0.239121,0,0,0.239121,0,0.937024,0.0060,-0.0020,0.0520,0.092416,0,0,0.092416,0,0.092416,1
206919602,38.6336097000,-0.2669824000,861.5380,0.241081,0,0,0.241081,0,0.950625,-0.0150,-0.0150,-0.0460,0.075076,0,0,0.075076,0,0.075076,1
207118720,38.6336097000,-0.2669825000,861.5490,0.243049,0,0,0.243049,0,0.964324,0.0240,-0.0410,-0.0600,0.042849,0,0,0.042849,0,0.042849,1
207317838,38.6336097000,-0.2669825000,861.5640,0.246016,0,0,0.246016,0,0.978121,0.0000,0.0010,-0.0600,0.072361,0,0,0.072361,0,0.072361,1
207519445,38.6336096000,-0.2669824000,861.6290,0.248004,0,0,0.248004,0,0.990025,-0.1260,0.0620,-0.1290,0.059049,0,0,0.059049,0,0.059049,1
207716074,38.6336097000,-0.2669824000,861.4980,0.249001,0,0,0.249001,0,0.996004,0.0790,-0.0040,0.1760,0.059049,0,0,0.059049,0,0.059049,1
207918926,38.6336096000,-0.2669825000,861.5330,0.25,0,0,0.25,0,1.004,-0.0700,-0.0990,0.0450,0.011664,0,0,0.011664,0,0.011664,1
208120533,38.6336096000,-0.2669825000,861.5210,0.251001,0,0,0.251001,0,1.01002,0.0260,0.0340,0.0050,0.007396,0,0,0.007396,0,0.007396,1
208319651,38.6336095000,-0.2669825000,861.5560,0.252004,0,0,0.252004,0,1.01808,-0.0230,0.0010,-0.1420,0.064009,0,0,0.064009,0,0.064009,1
208518769,38.6336096000,-0.2669826000,861.5630,0.254016,0,0,0.254016,0,1.02617,0.0180,-0.0710,-0.0540,0.028561,0,0,0.028561,0,0.028561,1
208719131,38.6336097000,-0.2669827000,861.5470,0.255025,0,0,0.255025,0,1.03429,0.0600,-0.0280,0.0090,0.029929,0,0,0.029929,0,0.029929,1
208918249,38.6336097000,-0.2669827000,861.5730,0.257049,0,0,0.257049,0,1.0404,-0.0230,0.0310,-0.1110,0.061504,0,0,0.061504,0,0.061504,1
209117367,38.6336096000,-0.2669826000,861.5890,0.259081,0,0,0.259081,0,1.04653,-0.0290,0.0450,-0.0500,0.047961,0,0,0.047961,0,0.047961,1
209317730,38.6336096000,-0.2669825000,861.5830,0.2601,0,0,0.2601,0,1.05268,0.0050,-0.0100,0.0260,0.055696,0,0,0.055696,0,0.055696,1
209518092,38.6336096000,-0.2669824000,861.6000,0.261121,0,0,0.261121,0,1.05884,-0.0280,0.0550,0.0120,0.024336,0,0,0.024336,0,0.024336,1
209715966,38.6336095000,-0.2669824000,861.5810,0.263169,0,0,0.263169,0,1.06709,-0.0100,-0.0020,-0.0300,0.049729,0,0,0.049729,0,0.049729,1
209916328,38.6336095000,-0.2669823000,861.5910,0.264196,0,0,0.264196,0,1.0733,0.0150,0.0090,0.0060,0.013225,0,0,0.013225,0,0.013225,1
210119180,38.6336095000,-0.2669823000,861.5940,0.266256,0,0,0.266256,0,1.07952,-0.0260,0.0160,-0.0030,0.029929,0,0,0.029929,0,0.029929,1
210318298,38.6336095000,-0.2669823000,861.5890,0.268324,0,0,0.268324,0,1.08785,0.0130,-0.0210,0.0390,0.053824,0,0,0.053824,0,0.053824,1
210516171,38.6336095000,-0.2669823000,861.5790,0.269361,0,0,0.269361,0,1.09412,-0.0130,0.0130,0.0410,0.038416,0,0,0.038416,0,0.038416,1
210715289,38.6336094000,-0.2669822000,861.5790,0.271441,0,0,0.271441,0,1.1025,-0.0150,0.0120,0.0280,0.033489,0,0,0.033489,0,0.033489,1
210915652,38.6336094000,-0.2669822000,861.5750,0.272484,0,0,0.272484,0,1.11092,0.0000,-0.0110,0.0320,0.050176,0,0,0.050176,0,0.050176,1
211114770,38.6336093000,-0.2669821000,861.5940,0.274576,0,0,0.274576,0,1.11936,-0.0510,0.0490,-0.0240,0.040804,0,0,0.040804,0,0.040804,1
211313888,38.6336093000,-0.2669821000,861.5960,0.276676,0,0,0.276676,0,1.12997,-0.0010,-0.0030,-0.0160,0.044944,0,0,0.044944,0,0.044944,1
211513006,38.6336093000,-0.2669821000,861.5820,0.278784,0,0,0.278784,0,1.13849,0.0210,-0.0150,0.0350,0.053361,0,0,0.053361,0,0.053361,1
211712124,38.6336093000,-0.2669822000,861.5620,0.2809,0,0,0.2809,0,1.14918,0.0130,-0.0510,0.0330,0.042025,0,0,0.042025,0,0.042025,1
211913731,38.6336094000,-0.2669823000,861.5560,0.283024,0,0,0.283024,0,1.15778,0.0340,-0.0090,0.0340,0.045369,0,0,0.045369,0,0.045369,1
212112849,38.6336094000,-0.2669823000,861.5540,0.285156,0,0,0.285156,0,1.1664,-0.0060,-0.0390,0.0170,0.028224,0,0,0.028224,0,0.028224,1
212313211,38.6336094000,-0.2669824000,861.5320,0.287296,0,0,0.287296,0,1.17506,0.0110,-0.0060,-0.0100,0.027556,0,0,0.027556,0,0.027556,1
212512329,38.6336094000,-0.2669825000,861.5600,0.289444,0,0,0.289444,0,1.18374,-0.0410,-0.0140,-0.0040,0.010201,0,0,0.010201,0,0.010201,1
212712692,38.6336093000,-0.2669825000,861.5460,0.2916,0,0,0.2916,0,1.19465,-0.0200,0.0210,-0.0100,0.040804,0,0,0.040804,0,0.040804,1
212911810,38.6336094000,-0.2669825000,861.5240,0.293764,0,0,0.293764,0,1.20341,0.0290,-0.0010,0.0230,0.037636,0,0,0.037636,0,0.037636,1
213112172,38.6336094000,-0.2669825000,861.5180,0.295936,0,0,0.295936,0,1.2144,0.0020,-0.0100,0.0110,0.042849,0,0,0.042849,0,0.042849,1
213312535,38.6336094000,-0.2669826000,861.5330,0.297025,0,0,0.297025,0,1.22324,-0.0200,0.0200,-0.0760,0.050625,0,0,0.050625,0,0.050625,1
213512897,38.6336094000,-0.2669827000,861.5510,0.298116,0,0,0.298116,0,1.2321,-0.0050,-0.0030,0.0020,0.009025,0,0,0.009025,0,0.009025,1
213713260,38.6336093000,-0.2669828000,861.5480,0.300304,0,0,0.300304,0,1.241,-0.0130,-0.0240,-0.0670,0.043264,0,0,0.043264,0,0.043264,1
213913622,38.6336094000,-0.2669829000,861.5490,0.301401,0,0,0.301401,0,1.24992,0.0310,-0.0120,0.0020,0.022201,0,0,0.022201,0,0.022201,1
214116474,38.6336094000,-0.2669830000,861.5700,0.3025,0,0,0.3025,0,1.25888,0.0000,0.0250,0.0130,0.024649,0,0,0.024649,0,0.024649,1
214316837,38.6336093000,-0.2669831000,861.5550,0.303601,0,0,0.303601,0,1.26788,-0.0360,0.0280,-0.0680,0.047089,0,0,0.047089,0,0.047089,1
214517199,38.6336093000,-0.2669831000,861.5620,0.304704,0,0,0.304704,0,1.27464,0.0050,-0.0120,-0.0020,0.026569,0,0,0.026569,0,0.026569,1
214716317,38.6336093000,-0.2669832000,861.5740,0.305809,0,0,0.305809,0,1.28369,-0.0350,0.0440,-0.0030,0.029241,0,0,0.029241,0,0.029241,1
214917924,38.6336092000,-0.2669833000,861.5810,0.306916,0,0,0.306916,0,1.29277,0.0070,-0.0290,0.0000,0.025281,0,0,0.025281,0,0.025281,1
215115797,38.6336092000,-0.2669834000,861.5740,0.308025,0,0,0.308025,0,1.2996,-0.0340,0.0250,-0.0340,0.042849,0,0,0.042849,0,0.042849,1
215316160,38.6336091000,-0.2669834000,861.5810,0.309136,0,0,0.309136,0,1.30645,0.0100,-0.0230,0.0090,0.034225,0,0,0.034225,0,0.034225,1
215515278,38.6336090000,-0.2669836000,861.6070,0.310249,0,0,0.310249,0,1.31332,-0.0160,0.0310,-0.1120,0.044944,0,0,0.044944,0,0.044944,1
215713151,38.6336089000,-0.2669837000,861.6110,0.311364,0,0,0.311364,0,1.3202,0.0070,0.0160,-0.0090,0.021025,0,0,0.021025,0,0.021025,1
215914758,38.6336088000,-0.2669837000,861.6350,0.312481,0,0,0.312481,0,1.3271,-0.0290,0.0240,-0.0590,0.0484,0,0,0.0484,0,0.0484,1
216113876,38.6336086000,-0.2669838000,861.6740,0.3136,0,0,0.3136,0,1.33403,-0.0200,0.0280,-0.0310,0.046225,0,0,0.046225,0,0.046225,1
216316728,38.6336085000,-0.2669838000,861.7100,0.314721,0,0,0.314721,0,1.34096,-0.0300,0.0360,-0.0780,0.043264,0,0,0.043264,0,0.043264,1
216518335,38.6336084000,-0.2669840000,861.7080,0.315844,0,0,0.315844,0,1.3456,0.0100,0.0030,-0.0620,0.036481,0,0,0.036481,0,0.036481,1
216718697,38.6336083000,-0.2669841000,861.7260,0.316969,0,0,0.316969,0,1.35257,-0.0110,0.0030,-0.0800,0.042025,0,0,0.042025,0,0.042025,1
216920304,38.6336082000,-0.2669842000,861.7520,0.318096,0,0,0.318096,0,1.35956,-0.0350,0.0250,-0.1210,0.044944,0,0,0.044944,0,0.044944,1
217120666,38.6336082000,-0.2669844000,861.7510,0.319225,0,0,0.319225,0,1.36656,0.0060,-0.0440,-0.0290,0.023716,0,0,0.023716,0,0.023716,1
217319784,38.6336082000,-0.2669846000,861.7570,0.320356,0,0,0.320356,0,1.37358,0.0140,-0.0450,-0.0260,0.024649,0,0,0.024649,0,0.024649,1
217522636,38.6336081000,-0.2669848000,861.7560,0.321489,0,0,0.321489,0,1.38298,0.0050,-0.0230,-0.0130,0.024336,0,0,0.024336,0,0.024336,1
217721754,38.6336081000,-0.2669849000,861.7670,0.323761,0,0,0.323761,0,1.39004,-0.0040,-0.0020,-0.0220,0.047524,0,0,0.047524,0,0.047524,1
217920872,38.6336080000,-0.2669851000,861.7950,0.3249,0,0,0.3249,0,1.39712,0.0020,-0.0070,-0.0850,0.041209,0,0,0.041209,0,0.041209,1
218122479,38.6336080000,-0.2669852000,861.8070,0.326041,0,0,0.326041,0,1.40423,-0.0270,-0.0070,-0.0410,0.039204,0,0,0.039204,0,0.039204,1
218324086,38.6336080000,-0.2669853000,861.7710,0.328329,0,0,0.328329,0,1.41134,-0.0010,-0.0260,-0.0390,0.030976,0,0,0.030976,0,0.030976,1
218523204,38.6336080000,-0.2669855000,861.7540,0.329476,0,0,0.329476,0,1.41848,0.0380,-0.0110,0.0390,0.046656,0,0,0.046656,0,0.046656,1
218724811,38.6336080000,-0.2669857000,861.7420,0.330625,0,0,0.330625,0,1.42803,0.0380,-0.1460,0.0630,0.036481,0,0,0.036481,0,0.036481,1
218923929,38.6336081000,-0.2669858000,861.7600,0.332929,0,0,0.332929,0,1.4424,0.0640,0.0750,0.0030,0.019044,0,0,0.019044,0,0.019044,1
219124291,38.6336081000,-0.2669858000,861.7680,0.335241,0,0,0.335241,0,1.45685,-0.0040,-0.0890,0.0230,0.033856,0,0,0.033856,0,0.033856,1
219322165,38.6336080000,-0.2669859000,861.7710,0.337561,0,0,0.337561,0,1.4738,-0.0160,0.0690,-0.0900,0.068644,0,0,0.068644,0,0.068644,1
219521283,38.6336080000,-0.2669857000,861.7990,0.341056,0,0,0.341056,0,1.49328,-0.0110,0.0700,-0.1810,0.0784,0,0,0.0784,0,0.0784,1
219721645,38.6336079000,-0.2669856000,861.8470,0.343396,0,0,0.343396,0,1.51044,-0.0540,0.0030,-0.0860,0.0784,0,0,0.0784,0,0.0784,1
219923252,38.6336080000,-0.2669856000,861.8730,0.345744,0,0,0.345744,0,1.53264,-0.0160,0.0060,-0.1850,0.078961,0,0,0.078961,0,0.078961,1
220124859,38.6336080000,-0.2669856000,861.8880,0.349281,0,0,0.349281,0,1.55252,0.0060,-0.0310,0.0130,0.054289,0,0,0.054289,0,0.054289,1
220322733,38.6336081000,-0.2669857000,861.9070,0.351649,0,0,0.351649,0,1.57252,0.0140,-0.0050,-0.0620,0.065536,0,0,0.065536,0,0.065536,1
220523095,38.6336082000,-0.2669857000,861.9330,0.354025,0,0,0.354025,0,1.59264,0.0030,0.0180,-0.0160,0.055696,0,0,0.055696,0,0.055696,1
220723458,38.6336083000,-0.2669858000,861.9210,0.355216,0,0,0.355216,0,1.61036,0.0280,-0.0870,-0.2160,0.056644,0,0,0.056644,0,0.056644,1
220920087,38.6336084000,-0.2669860000,862.1200,0.357604,0,0,0.357604,0,1.63073,0.2270,-0.1550,-0.7800,0.058564,0,0,0.058564,0,0.058564,1
221120450,38.6336086000,-0.2669861000,862.3620,0.358801,0,0,0.358801,0,1.64096,0.0750,-0.0130,-1.0630,0.068121,0,0,0.068121,0,0.068121,1
221320812,38.6336088000,-0.2669865000,862.4850,0.358801,0,0,0.358801,0,1.6538,0.0730,-0.2210,-1.1430,0.064516,0,0,0.064516,0,0.064516,1
221519930,38.6336092000,-0.2669872000,862.7090,0.358801,0,0,0.358801,0,1.66152,0.1880,-0.3790,-1.3120,0.0576,0,0,0.0576,0,0.0576,1
221721537,38.6336094000,-0.2669881000,863.0490,0.356409,0,0,0.356409,0,1.65637,0.0600,-0.4520,-1.3150,0.056169,0,0,0.056169,0,0.056169,1
221924389,38.6336096000,-0.2669891000,863.3200,0.352836,0,0,0.352836,0,1.65122,0.0550,-0.4850,-0.9140,0.0484,0,0,0.0484,0,0.0484,1
222122263,38.6336097000,-0.2669904000,863.4090,0.3481,0,0,0.3481,0,1.64352,-0.1060,-0.6340,-0.4680,0.028224,0,0,0.028224,0,0.028224,1
222320136,38.6336096000,-0.2669916000,863.4300,0.342225,0,0,0.342225,0,1.63073,-0.0910,-0.5170,0.0960,0.013924,0,0,0.013924,0,0.013924,1
222518010,38.6336098000,-0.2669931000,863.4820,0.338724,0,0,0.338724,0,1.62308,0.2800,-0.7050,-0.0690,0.017956,0,0,0.017956,0,0.017956,1
222717128,38.6336103000,-0.2669945000,863.4600,0.3364,0,0,0.3364,0,1.6129,-0.0110,-0.5680,0.0240,0.018225,0,0,0.018225,0,0.018225,1
222913757,38.6336103000,-0.2669964000,863.5400,0.334084,0,0,0.334084,0,1.60782,0.0270,-1.0270,-0.3420,0.023716,0,0,0.023716,0,0.023716,1
223111631,38.6336103000,-0.2669986000,863.5880,0.332929,0,0,0.332929,0,1.5977,0.0030,-0.8230,0.0460,0.029584,0,0,0.029584,0,0.029584,1
223311993,38.6336105000,-0.2669999000,863.5410,0.334084,0,0,0.334084,0,1.59517,0.0640,-0.3470,-0.0120,0.062001,0,0,0.062001,0,0.062001,1
223513600,38.6336107000,-0.2670008000,863.5590,0.338724,0,0,0.338724,0,1.60022,0.2180,-0.3830,-0.0630,0.1296,0,0,0.1296,0,0.1296,1
223712718,38.6336113000,-0.2670018000,863.5970,0.346921,0,0,0.346921,0,1.60782,0.4010,-0.4890,-0.0880,0.066049,0,0,0.066049,0,0.066049,1
223911836,38.6336120000,-0.2670030000,863.5720,0.356409,0,0,0.356409,0,1.62818,0.2610,-0.5800,0.1950,0.125316,0,0,0.125316,0,0.125316,1
224112199,38.6336126000,-0.2670038000,863.5730,0.370881,0,0,0.370881,0,1.65637,0.5210,-0.0920,-0.1120,0.155236,0,0,0.155236,0,0.155236,1
224313806,38.6336135000,-0.2670045000,863.5880,0.391876,0,0,0.391876,0,1.69,0.4640,-0.5770,0.0150,0.198916,0,0,0.198916,0,0.198916,1
224510435,38.6336141000,-0.2670058000,863.5870,0.414736,0,0,0.414736,0,1.72922,0.1710,-0.5210,-0.0410,0.1849,0,0,0.1849,0,0.1849,1
224713287,38.6336147000,-0.2670071000,863.6250,0.438244,0,0,0.438244,0,1.77422,0.4900,-0.6510,-0.1450,0.157609,0,0,0.157609,0,0.157609,1
224913649,38.6336154000,-0.2670087000,863.6100,0.456976,0,0,0.456976,0,1.81172,0.3250,-0.8200,-0.0560,0.128164,0,0,0.128164,0,0.128164,1
225112767,38.6336160000,-0.2670101000,863.5980,0.470596,0,0,0.470596,0,1.8605,0.3320,-0.3680,-0.0460,0.181476,0,0,0.181476,0,0.181476,1
225313130,38.6336163000,-0.2670105000,863.6120,0.488601,0,0,0.488601,0,1.90992,-0.0320,-0.0010,-0.1970,0.141376,0,0,0.141376,0,0.141376,1
225514737,38.6336157000,-0.2670104000,863.6900,0.508369,0,0,0.508369,0,1.97122,-0.5760,0.0510,-0.2960,0.2025,0,0,0.2025,0,0.2025,1
225713855,38.6336150000,-0.2670111000,863.7420,0.529984,0,0,0.529984,0,2.02778,-0.2530,-0.6490,-0.2440,0.167281,0,0,0.167281,0,0.167281,1
225912973,38.6336144000,-0.2670123000,863.6610,0.546121,0,0,0.546121,0,2.07936,-0.6550,-0.5160,-0.0690,0.121801,0,0,0.121801,0,0.121801,1
226113336,38.6336136000,-0.2670131000,863.7860,0.564001,0,0,0.564001,0,2.11703,-0.0330,-0.1460,-0.0530,0.156816,0,0,0.156816,0,0.156816,1
226312454,38.6336136000,-0.2670134000,863.7240,0.580644,0,0,0.580644,0,2.1609,-0.1370,-0.2750,-0.0380,0.135424,0,0,0.135424,0,0.135424,1
226514061,38.6336125000,-0.2670131000,863.7840,0.589824,0,0,0.589824,0,2.18448,-0.4120,-0.0840,0.0840,0.113569,0,0,0.113569,0,0.113569,1
226714424,38.6336119000,-0.2670135000,863.8060,0.600625,0,0,0.600625,0,2.21712,-0.1540,-0.3890,0.0380,0.110224,0,0,0.110224,0,0.110224,1
226913542,38.6336112000,-0.2670143000,863.8440,0.613089,0,0,0.613089,0,2.256,-0.5410,-0.2580,0.0280,0.118336,0,0,0.118336,0,0.118336,1
227112660,38.6336105000,-0.2670148000,863.8320,0.628849,0,0,0.628849,0,2.29826,-0.2480,-0.2220,-0.0990,0.118336,0,0,0.118336,0,0.118336,1
227313022,38.6336101000,-0.2670149000,863.8710,0.641601,0,0,0.641601,0,2.32562,-0.0880,0.1800,0.1300,0.114921,0,0,0.114921,0,0.114921,1
227514629,38.6336101000,-0.2670146000,863.8010,0.651249,0,0,0.651249,0,2.35622,0.2000,0.0090,0.2560,0.112225,0,0,0.112225,0,0.112225,1
227716236,38.6336100000,-0.2670145000,863.7860,0.657721,0,0,0.657721,0,2.39012,0.0270,-0.1040,0.0090,0.074529,0,0,0.074529,0,0.074529,1
227915354,38.6336101000,-0.2670147000,863.7810,0.664225,0,0,0.664225,0,2.39321,0.1840,0.0000,0.0530,0.068121,0,0,0.068121,0,0.068121,1
228116961,38.6336103000,-0.2670151000,863.7530,0.670761,0,0,0.670761,0,2.4087,0.1490,-0.1400,0.0470,0.078961,0,0,0.078961,0,0.078961,1
228316079,38.6336105000,-0.2670158000,863.6330,0.675684,0,0,0.675684,0,2.42736,0.2050,-0.4490,0.1410,0.118336,0,0,0.118336,0,0.118336,1
228517686,38.6336108000,-0.2670167000,863.7350,0.677329,0,0,0.677329,0,2.44297,0.0740,-0.1950,-0.0490,0.071824,0,0,0.071824,0,0.071824,1
228716804,38.6336107000,-0.2670169000,863.7160,0.682276,0,0,0.682276,0,2.45236,-0.0710,0.0470,0.0710,0.077841,0,0,0.077841,0,0.077841,1
228917167,38.6336109000,-0.2670176000,863.5870,0.687241,0,0,0.687241,0,2.47433,0.2610,-0.5470,0.2660,0.133225,0,0,0.133225,0,0.133225,1
229117530,38.6336110000,-0.2670182000,863.7530,0.693889,0,0,0.693889,0,2.48062,0.1890,0.1700,-0.0690,0.031329,0,0,0.031329,0,0.031329,1
229315403,38.6336113000,-0.2670180000,863.8330,0.700569,0,0,0.700569,0,2.50589,0.2000,0.0690,-0.0320,0.041616,0,0,0.041616,0,0.041616,1
229515766,38.6336115000,-0.2670178000,863.7990,0.707281,0,0,0.707281,0,2.51222,0.0890,-0.0270,0.0900,0.093636,0,0,0.093636,0,0.093636,1
229714884,38.6336115000,-0.2670176000,863.8330,0.714025,0,0,0.714025,0,2.52492,0.1480,-0.0030,0.0240,0.082369,0,0,0.082369,0,0.082369,1
229914002,38.6336117000,-0.2670175000,863.8540,0.725904,0,0,0.725904,0,2.55041,0.0710,0.0750,0.0170,0.079524,0,0,0.079524,0,0.079524,1
230113120,38.6336119000,-0.2670172000,863.8050,0.737881,0,0,0.737881,0,2.57924,0.1760,0.2560,0.0420,0.068644,0,0,0.068644,0,0.068644,1
230313483,38.6336123000,-0.2670166000,863.7770,0.748225,0,0,0.748225,0,2.605,0.2990,0.2690,0.0190,0.088209,0,0,0.088209,0,0.088209,1
230513845,38.6336126000,-0.2670161000,863.8690,0.7569,0,0,0.7569,0,2.63088,0.1070,0.1030,-0.2220,0.091809,0,0,0.091809,0,0.091809,1
230714208,38.6336129000,-0.2670164000,863.9970,0.767376,0,0,0.767376,0,2.65364,0.3600,-0.3280,-0.1430,0.112225,0,0,0.112225,0,0.112225,1
230915815,38.6336131000,-0.2670159000,864.1580,0.779689,0,0,0.779689,0,2.68304,0.0640,0.7690,-0.2550,0.137641,0,0,0.137641,0,0.137641,1
231116178,38.6336131000,-0.2670145000,864.1920,0.790321,0,0,0.790321,0,2.71261,0.1620,0.5970,-0.2620,0.1369,0,0,0.1369,0,0.1369,1
231315296,38.6336138000,-0.2670138000,864.1770,0.801025,0,0,0.801025,0,2.74565,0.2720,0.0550,-0.2160,0.071289,0,0,0.071289,0,0.071289,1
231514414,38.6336142000,-0.2670133000,864.3470,0.813604,0,0,0.813604,0,2.78222,0.2820,0.1300,-0.1940,0.081225,0,0,0.081225,0,0.081225,1
231714776,38.6336146000,-0.2670127000,864.5280,0.8281,0,0,0.8281,0,2.81904,0.3240,0.2960,-0.3870,0.120409,0,0,0.120409,0,0.120409,1
231913895,38.6336154000,-0.2670120000,864.5000,0.842724,0,0,0.842724,0,2.85948,0.5160,0.4400,-0.0910,0.087616,0,0,0.087616,0,0.087616,1
232114257,38.6336162000,-0.2670116000,864.4900,0.855625,0,0,0.855625,0,2.8968,0.4730,0.0720,-0.2060,0.094864,0,0,0.094864,0,0.094864,1
232314620,38.6336164000,-0.2670112000,864.6360,0.872356,0,0,0.872356,0,2.9378,-0.0530,0.1730,-0.2780,0.243049,0,0,0.243049,0,0.243049,1
232516227,38.6336165000,-0.2670108000,864.6640,0.887364,0,0,0.887364,0,2.96873,0.1180,0.2350,-0.1580,0.137641,0,0,0.137641,0,0.137641,1
232716590,38.6336166000,-0.2670103000,864.7270,0.904401,0,0,0.904401,0,3.01717,-0.0150,0.2620,-0.3330,0.262144,0,0,0.262144,0,0.262144,1
232916952,38.6336165000,-0.2670097000,864.7630,0.929296,0,0,0.929296,0,3.07301,-0.0760,0.2860,-0.1550,0.338724,0,0,0.338724,0,0.338724,1
233116070,38.6336163000,-0.2670092000,864.8660,0.954529,0,0,0.954529,0,3.12582,0.0270,0.1500,-0.2290,0.251001,0,0,0.251001,0,0.251001,1
233312699,38.6336161000,-0.2670090000,864.9220,0.976144,0,0,0.976144,0,3.16484,-0.1580,0.0800,-0.2580,0.248004,0,0,0.248004,0,0.248004,1
233511817,38.6336160000,-0.2670089000,864.9620,0.994009,0,0,0.994009,0,3.20052,0.0350,0.0850,-0.1850,0.175561,0,0,0.175561,0,0.175561,1
233712180,38.6336160000,-0.2670087000,864.9240,1.01002,0,0,1.01002,0,3.2364,-0.1550,0.2530,-0.0910,0.259081,0,0,0.259081,0,0.259081,1
233913787,38.6336155000,-0.2670082000,865.0170,1.02617,0,0,1.02617,0,3.27248,-0.4100,0.0990,-0.3590,0.208849,0,0,0.208849,0,0.208849,1
234112905,38.6336149000,-0.2670082000,864.9700,1.04448,0,0,1.04448,0,3.30876,-0.4200,0.1250,-0.0620,0.1849,0,0,0.1849,0,0.1849,1
234314512,38.6336143000,-0.2670080000,864.9770,1.0609,0,0,1.0609,0,3.35256,-0.2470,0.1160,-0.0340,0.178929,0,0,0.178929,0,0.178929,1
234513631,38.6336135000,-0.2670076000,865.0510,1.07744,0,0,1.07744,0,3.39665,-0.5220,0.1010,-0.1340,0.127449,0,0,0.127449,0,0.127449,1
234712749,38.6336128000,-0.2670070000,864.9730,1.09202,0,0,1.09202,0,3.45216,-0.3890,0.5570,-0.1880,0.255025,0,0,0.255025,0,0.255025,1
234914356,38.6336124000,-0.2670060000,864.9840,1.09202,0,0,1.09202,0,3.48942,-0.4480,0.4760,-0.1200,0.156025,0,0,0.156025,0,0.156025,1
235114718,38.6336116000,-0.2670049000,864.7100,1.1004,0,0,1.1004,0,3.5344,-0.7760,0.4710,0.5030,0.133225,0,0,0.133225,0,0.133225,1
235315081,38.6336107000,-0.2670042000,864.6450,1.10881,0,0,1.10881,0,3.58345,-0.3350,0.3040,0.1070,0.152881,0,0,0.152881,0,0.152881,1
235512955,38.6336102000,-0.2670029000,864.3970,1.1067,0,0,1.1067,0,3.62141,-0.3840,0.8840,0.5890,0.142884,0,0,0.142884,0,0.142884,1
235713317,38.6336093000,-0.2670015000,864.4460,1.10881,0,0,1.10881,0,3.65574,-0.5990,0.4410,0.2220,0.118336,0,0,0.118336,0,0.118336,1
235913680,38.6336083000,-0.2670000000,864.4210,1.1004,0,0,1.1004,0,3.66723,-0.3550,0.4780,0.2130,0.1444,0,0,0.1444,0,0.1444,1
236110309,38.6336077000,-0.2669991000,864.3590,1.1004,0,0,1.1004,0,3.67489,-0.2990,0.3300,0.3050,0.134689,0,0,0.134689,0,0.134689,1
236309427,38.6336070000,-0.2669983000,864.3100,1.08368,0,0,1.08368,0,3.63284,-0.2490,0.6030,0.4570,0.098596,0,0,0.098596,0,0.098596,1
236509790,38.6336069000,-0.2669974000,864.1120,1.04858,0,0,1.04858,0,3.50813,-0.2420,0.8080,0.4490,0.0625,0,0,0.0625,0,0.0625,1
236710153,38.6336063000,-0.2669952000,864.0780,1.00802,0,0,1.00802,0,3.4262,0.0030,0.9060,0.1860,0.034969,0,0,0.034969,0,0.034969,1
236913004,38.6336058000,-0.2669926000,864.0040,0.964324,0,0,0.964324,0,3.35622,-0.0580,0.8340,0.3100,0.030625,0,0,0.030625,0,0.030625,1
237113367,38.6336050000,-0.2669899000,864.0130,0.917764,0,0,0.917764,0,3.2906,0.0860,0.9030,0.3750,0.026896,0,0,0.026896,0,0.026896,1
237312485,38.6336049000,-0.2669871000,864.0190,0.874225,0,0,0.874225,0,3.21485,0.2000,0.9590,0.2490,0.017956,0,0,0.017956,0,0.017956,1
237512848,38.6336054000,-0.2669853000,863.9470,0.835396,0,0,0.835396,0,3.14708,0.2330,0.7550,0.2370,0.014884,0,0,0.014884,0,0.014884,1
237713210,38.6336062000,-0.2669841000,863.9080,0.7921,0,0,0.7921,0,3.0625,0.3430,0.7350,0.2600,0.0121,0,0,0.0121,0,0.0121,1
237912328,38.6336069000,-0.2669825000,863.9130,0.758641,0,0,0.758641,0,2.99636,0.4720,0.4740,0.4890,0.0256,0,0,0.0256,0,0.0256,1
238113936,38.6336075000,-0.2669822000,863.8270,0.734449,0,0,0.734449,0,2.94809,0.1610,0.1080,0.1500,0.031329,0,0,0.031329,0,0.031329,1
238315543,38.6336077000,-0.2669819000,863.7300,0.714025,0,0,0.714025,0,2.90703,0.0240,0.0830,0.4320,0.0529,0,0,0.0529,0,0.0529,1
238514661,38.6336073000,-0.2669813000,863.6510,0.6889,0,0,0.6889,0,2.85272,-0.2050,-0.0790,0.7230,0.052441,0,0,0.052441,0,0.052441,1
238717513,38.6336072000,-0.2669813000,863.5280,0.670761,0,0,0.670761,0,2.81568,0.0460,-0.1580,0.6090,0.066564,0,0,0.066564,0,0.066564,1
238916631,38.6336072000,-0.2669810000,863.4800,0.6561,0,0,0.6561,0,2.7889,0.3730,-0.2330,0.5720,0.068644,0,0,0.068644,0,0.068644,1
239118238,38.6336072000,-0.2669809000,863.4380,0.646416,0,0,0.646416,0,2.7689,0.0980,-0.1370,0.6810,0.083521,0,0,0.083521,0,0.083521,1
239319845,38.6336071000,-0.2669810000,863.3050,0.643204,0,0,0.643204,0,2.76557,-0.0370,-0.1860,0.9270,0.086436,0,0,0.086436,0,0.086436,1
239518963,38.6336067000,-0.2669814000,863.2210,0.641601,0,0,0.641601,0,2.76557,-0.2400,-0.1660,0.3690,0.060025,0,0,0.060025,0,0.060025,1
239720570,38.6336064000,-0.2669815000,863.1570,0.638401,0,0,0.638401,0,2.7689,-0.0720,-0.1180,0.1960,0.064009,0,0,0.064009,0,0.064009,1
239919688,38.6336062000,-0.2669815000,863.1740,0.636804,0,0,0.636804,0,2.77556,-0.1130,0.0290,0.0790,0.024336,0,0,0.024336,0,0.024336,1
240121295,38.6336062000,-0.2669816000,863.1890,0.630436,0,0,0.630436,0,2.77223,0.0460,0.0140,-0.0120,0.014884,0,0,0.014884,0,0.014884,1
240319169,38.6336062000,-0.2669817000,863.2040,0.622521,0,0,0.622521,0,2.77223,-0.0520,-0.0340,0.0830,0.051076,0,0,0.051076,0,0.051076,1
240518287,38.6336062000,-0.2669817000,863.2590,0.617796,0,0,0.617796,0,2.77223,-0.0030,0.0110,-0.0350,0.085849,0,0,0.085849,0,0.085849,1
240719894,38.6336061000,-0.2669817000,863.3280,0.611524,0,0,0.611524,0,2.77223,0.0090,-0.0040,-0.0990,0.0729,0,0,0.0729,0,0.0729,1
240919013,38.6336061000,-0.2669817000,863.3860,0.6084,0,0,0.6084,0,2.77556,-0.0020,0.0140,0.0080,0.023716,0,0,0.023716,0,0.023716,1
241118131,38.6336063000,-0.2669818000,863.4070,0.602176,0,0,0.602176,0,2.77223,-0.0170,-0.0160,-0.0190,0.044521,0,0,0.044521,0,0.044521,1
241317249,38.6336062000,-0.2669818000,863.4800,0.597529,0,0,0.597529,0,2.7689,-0.0460,0.0100,-0.0130,0.027556,0,0,0.027556,0,0.027556,1
241518856,38.6336061000,-0.2669821000,863.4560,0.594441,0,0,0.594441,0,2.77223,-0.1240,-0.2220,0.2310,0.046225,0,0,0.046225,0,0.046225,1
241719219,38.6336060000,-0.2669831000,863.5230,0.591361,0,0,0.591361,0,2.77556,0.0490,-0.5600,-0.3230,0.027225,0,0,0.027225,0,0.027225,1
241918337,38.6336062000,-0.2669837000,863.5630,0.586756,0,0,0.586756,0,2.7689,0.0830,0.1800,0.0240,0.022801,0,0,0.022801,0,0.022801,1
242118700,38.6336063000,-0.2669835000,863.5610,0.582169,0,0,0.582169,0,2.76557,-0.0050,0.0160,0.0240,0.038025,0,0,0.038025,0,0.038025,1
242319062,38.6336063000,-0.2669836000,863.5570,0.5776,0,0,0.5776,0,2.75892,-0.0070,0.0030,0.0320,0.046656,0,0,0.046656,0,0.046656,1
242516936,38.6336063000,-0.2669836000,863.5770,0.573049,0,0,0.573049,0,2.75228,-0.0040,0.0120,-0.0100,0.042436,0,0,0.042436,0,0.042436,1
242717298,38.6336063000,-0.2669837000,863.5670,0.567009,0,0,0.567009,0,2.74234,-0.0460,0.0290,-0.1040,0.051529,0,0,0.051529,0,0.051529,1
242917661,38.6336063000,-0.2669837000,863.6130,0.559504,0,0,0.559504,0,2.7291,-0.0150,0.0120,-0.0110,0.0324,0,0,0.0324,0,0.0324,1
243119268,38.6336063000,-0.2669837000,863.6700,0.553536,0,0,0.553536,0,2.7159,-0.0420,-0.0680,-0.0620,0.0225,0,0,0.0225,0,0.0225,1
243318386,38.6336063000,-0.2669835000,863.7370,0.546121,0,0,0.546121,0,2.70274,0.0710,0.1270,-0.1080,0.023716,0,0,0.023716,0,0.023716,1
243519993,38.6336064000,-0.2669832000,863.7710,0.538756,0,0,0.538756,0,2.68632,0.0040,0.0760,-0.0180,0.016129,0,0,0.016129,0,0.016129,1
243719112,38.6336063000,-0.2669830000,863.8350,0.531441,0,0,0.531441,0,2.67322,-0.0180,-0.0590,-0.0540,0.023104,0,0,0.023104,0,0.023104,1
243918230,38.6336063000,-0.2669828000,863.9180,0.522729,0,0,0.522729,0,2.66016,0.0420,0.0200,-0.0380,0.016641,0,0,0.016641,0,0.016641,1
244118592,38.6336065000,-0.2669824000,863.9970,0.512656,0,0,0.512656,0,2.64713,-0.0650,0.1010,-0.0940,0.038809,0,0,0.038809,0,0.038809,1
244318955,38.6336066000,-0.2669821000,864.0370,0.505521,0,0,0.505521,0,2.63413,-0.0190,0.0780,-0.1170,0.046225,0,0,0.046225,0,0.046225,1
244518073,38.6336068000,-0.2669819000,864.1180,0.498436,0,0,0.498436,0,2.62116,0.0110,0.0030,-0.1560,0.044944,0,0,0.044944,0,0.044944,1
244717191,38.6336069000,-0.2669817000,864.1540,0.49,0,0,0.49,0,2.605,-0.0170,0.0250,-0.0610,0.045796,0,0,0.045796,0,0.045796,1
244917554,38.6336070000,-0.2669817000,864.1890,0.483025,0,0,0.483025,0,2.59532,-0.0160,-0.0310,-0.0460,0.029241,0,0,0.029241,0,0.029241,1
245119161,38.6336069000,-0.2669815000,864.2610,0.4761,0,0,0.4761,0,2.58245,-0.1090,0.0270,-0.0520,0.026569,0,0,0.026569,0,0.026569,1
245318280,38.6336071000,-0.2669816000,864.2440,0.469225,0,0,0.469225,0,2.56961,0.0360,-0.0190,0.0060,0.019321,0,0,0.019321,0,0.019321,1
245519887,38.6336071000,-0.2669814000,864.3020,0.465124,0,0,0.465124,0,2.5632,0.0110,-0.0280,-0.0180,0.017689,0,0,0.017689,0,0.017689,1
245720249,38.6336072000,-0.2669813000,864.3110,0.458329,0,0,0.458329,0,2.54084,-0.0340,0.0000,-0.0830,0.042849,0,0,0.042849,0,0.042849,1
245919367,38.6336074000,-0.2669814000,864.2780,0.452929,0,0,0.452929,0,2.52174,0.0330,0.0040,0.0360,0.033124,0,0,0.033124,0,0.033124,1
246119730,38.6336076000,-0.2669815000,864.2410,0.447561,0,0,0.447561,0,2.50272,-0.0200,0.0250,-0.0760,0.042849,0,0,0.042849,0,0.042849,1
246320093,38.6336078000,-0.2669817000,864.1940,0.443556,0,0,0.443556,0,2.48378,-0.0140,0.0070,-0.0540,0.042849,0,0,0.042849,0,0.042849,1
246519211,38.6336079000,-0.2669819000,864.1600,0.438244,0,0,0.438244,0,2.46804,-0.0070,0.0140,-0.0210,0.040401,0,0,0.040401,0,0.040401,1
246717084,38.6336080000,-0.2669818000,864.1560,0.434281,0,0,0.434281,0,2.44922,0.0160,-0.0010,0.0060,0.019321,0,0,0.019321,0,0.019321,1
246916203,38.6336080000,-0.2669818000,864.1680,0.430336,0,0,0.430336,0,2.4336,-0.0140,0.0090,-0.0280,0.041616,0,0,0.041616,0,0.041616,1
247120299,38.6336080000,-0.2669817000,864.1810,0.426409,0,0,0.426409,0,2.41181,-0.0280,-0.0120,-0.0370,0.0289,0,0,0.0289,0,0.0289,1
247320661,38.6336080000,-0.2669817000,864.1820,0.4225,0,0,0.4225,0,2.3963,-0.0120,-0.0110,-0.0720,0.0361,0,0,0.0361,0,0.0361,1
247519780,38.6336080000,-0.2669816000,864.2020,0.417316,0,0,0.417316,0,2.37468,0.0080,-0.0120,-0.0510,0.030625,0,0,0.030625,0,0.030625,1
247720142,38.6336080000,-0.2669816000,864.2170,0.413449,0,0,0.413449,0,2.3593,-0.0030,-0.0270,-0.0660,0.029584,0,0,0.029584,0,0.029584,1
247920505,38.6336080000,-0.2669816000,864.2270,0.408321,0,0,0.408321,0,2.3409,-0.0330,0.0070,-0.0720,0.038809,0,0,0.038809,0,0.038809,1
248122112,38.6336080000,-0.2669814000,864.2240,0.404496,0,0,0.404496,0,2.32562,-0.0300,0.0340,-0.0960,0.040804,0,0,0.040804,0,0.040804,1
248321230,38.6336081000,-0.2669814000,864.2250,0.399424,0,0,0.399424,0,2.3104,0.0050,-0.0100,-0.0480,0.031684,0,0,0.031684,0,0.031684,1
248521593,38.6336081000,-0.2669814000,864.2120,0.395641,0,0,0.395641,0,2.2922,0.0130,-0.0150,-0.0300,0.022201,0,0,0.022201,0,0.022201,1
248721955,38.6336081000,-0.2669813000,864.2170,0.391876,0,0,0.391876,0,2.27708,-0.0040,0.0190,0.0110,0.014641,0,0,0.014641,0,0.014641,1
248922318,38.6336082000,-0.2669812000,864.2090,0.388129,0,0,0.388129,0,2.26502,-0.0130,0.0040,-0.0110,0.030976,0,0,0.030976,0,0.030976,1
249122681,38.6336082000,-0.2669812000,864.1830,0.3844,0,0,0.3844,0,2.25,0.0080,-0.0040,0.0280,0.039601,0,0,0.039601,0,0.039601,1
249323043,38.6336082000,-0.2669812000,864.1780,0.380689,0,0,0.380689,0,2.23503,0.0100,-0.0250,0.0790,0.039204,0,0,0.039204,0,0.039204,1
249523406,38.6336082000,-0.2669812000,864.1770,0.376996,0,0,0.376996,0,2.2201,-0.0150,-0.0110,-0.0490,0.033124,0,0,0.033124,0,0.033124,1
249723768,38.6336082000,-0.2669812000,864.1860,0.3721,0,0,0.3721,0,2.20523,0.0300,-0.0050,-0.0250,0.011449,0,0,0.011449,0,0.011449,1
249922887,38.6336083000,-0.2669812000,864.1710,0.368449,0,0,0.368449,0,2.1904,-0.0070,0.0460,-0.0100,0.0169,0,0,0.0169,0,0.0169,1
250120760,38.6336083000,-0.2669811000,864.1980,0.366025,0,0,0.366025,0,2.18153,-0.0210,-0.0010,-0.0260,0.031684,0,0,0.031684,0,0.031684,1
250322367,38.6336083000,-0.2669811000,864.1990,0.362404,0,0,0.362404,0,2.16678,-0.0100,0.0110,0.0110,0.013225,0,0,0.013225,0,0.013225,1
250522730,38.6336083000,-0.2669811000,864.2090,0.358801,0,0,0.358801,0,2.15209,-0.0160,-0.0050,-0.0100,0.017956,0,0,0.017956,0,0.017956,1
250721848,38.6336083000,-0.2669811000,864.2130,0.355216,0,0,0.355216,0,2.13744,0.0070,0.0010,0.0120,0.030976,0,0,0.030976,0,0.030976,1
250920966,38.6336083000,-0.2669810000,864.2270,0.351649,0,0,0.351649,0,2.12285,-0.0210,0.0110,-0.0130,0.0256,0,0,0.0256,0,0.0256,1
251122573,38.6336083000,-0.2669809000,864.2300,0.3481,0,0,0.3481,0,2.1083,-0.0230,0.0460,0.0030,0.013456,0,0,0.013456,0,0.013456,1
251322936,38.6336083000,-0.2669808000,864.2390,0.345744,0,0,0.345744,0,2.0967,-0.0240,0.0030,0.0140,0.008281,0,0,0.008281,0,0.008281,1
251522054,38.6336083000,-0.2669810000,864.2180,0.343396,0,0,0.343396,0,2.08514,0.0000,-0.0310,-0.0130,0.014161,0,0,0.014161,0,0.014161,1
251724905,38.6336084000,-0.2669811000,864.2000,0.341056,0,0,0.341056,0,2.0736,-0.0020,-0.0100,-0.0150,0.024649,0,0,0.024649,0,0.024649,1
251924023,38.6336084000,-0.2669811000,864.1900,0.337561,0,0,0.337561,0,2.0621,0.0080,-0.0150,-0.0290,0.023716,0,0,0.023716,0,0.023716,1
252124386,38.6336085000,-0.2669812000,864.1730,0.3364,0,0,0.3364,0,2.05062,0.0230,-0.0090,0.1090,0.037636,0,0,0.037636,0,0.037636,1
252324749,38.6336087000,-0.2669814000,864.1310,0.334084,0,0,0.334084,0,2.04204,0.0170,-0.0040,0.0020,0.016384,0,0,0.016384,0,0.016384,1
252523867,38.6336087000,-0.2669814000,864.1300,0.331776,0,0,0.331776,0,2.03348,0.0240,-0.0110,0.0100,0.024336,0,0,0.024336,0,0.024336,1
252722985,38.6336088000,-0.2669815000,864.1430,0.331776,0,0,0.331776,0,2.03063,0.0400,-0.0600,0.0090,0.023104,0,0,0.023104,0,0.023104,1
252923347,38.6336089000,-0.2669818000,864.1130,0.330625,0,0,0.330625,0,2.02778,-0.0040,-0.0490,0.0140,0.0196,0,0,0.0196,0,0.0196,1
253122465,38.6336088000,-0.2669818000,864.2040,0.329476,0,0,0.329476,0,2.02208,-0.0150,0.0600,-0.0270,0.027556,0,0,0.027556,0,0.027556,1
253322828,38.6336089000,-0.2669818000,864.2610,0.328329,0,0,0.328329,0,2.01924,-0.0120,0.0250,-0.0540,0.0441,0,0,0.0441,0,0.0441,1
253521946,38.6336090000,-0.2669820000,864.3430,0.326041,0,0,0.326041,0,2.01356,-0.0170,0.0030,-0.1140,0.042849,0,0,0.042849,0,0.042849,1
253722309,38.6336090000,-0.2669821000,864.3970,0.3249,0,0,0.3249,0,2.00789,-0.0530,0.0020,0.0040,0.008649,0,0,0.008649,0,0.008649,1
253922671,38.6336089000,-0.2669822000,864.4530,0.322624,0,0,0.322624,0,2.00223,-0.0210,0.0080,-0.0080,0.021904,0,0,0.021904,0,0.021904,1
254121789,38.6336091000,-0.2669823000,864.4910,0.320356,0,0,0.320356,0,1.99657,0.0890,-0.0170,0.0720,0.034225,0,0,0.034225,0,0.034225,1
254322152,38.6336092000,-0.2669825000,864.5660,0.319225,0,0,0.319225,0,1.99657,-0.0050,-0.0280,-0.0640,0.038809,0,0,0.038809,0,0.038809,1
254521270,38.6336092000,-0.2669826000,864.6140,0.319225,0,0,0.319225,0,1.9994,-0.0090,0.0100,-0.0680,0.060025,0,0,0.060025,0,0.060025,1
254720388,38.6336093000,-0.2669826000,864.6790,0.318096,0,0,0.318096,0,2.00223,0.0150,-0.0150,0.0180,0.051076,0,0,0.051076,0,0.051076,1
254920751,38.6336093000,-0.2669827000,864.7360,0.318096,0,0,0.318096,0,2.00789,0.0250,-0.0360,-0.0950,0.039601,0,0,0.039601,0,0.039601,1
255118625,38.6336094000,-0.2669828000,864.7920,0.318096,0,0,0.318096,0,2.01072,0.0000,-0.0370,0.0080,0.024025,0,0,0.024025,0,0.024025,1
255318987,38.6336093000,-0.2669828000,864.8800,0.316969,0,0,0.316969,0,2.01356,-0.1140,0.0630,-0.1840,0.0625,0,0,0.0625,0,0.0625,1
255520594,38.6336091000,-0.2669826000,864.9870,0.318096,0,0,0.318096,0,2.01924,0.0630,0.0000,-0.3060,0.053361,0,0,0.053361,0,0.053361,1
255720957,38.6336092000,-0.2669828000,865.1270,0.318096,0,0,0.318096,0,2.01924,0.0750,-0.2900,-0.7100,0.042436,0,0,0.042436,0,0.042436,1
255918831,38.6336093000,-0.2669833000,865.3180,0.314721,0,0,0.314721,0,2.00506,-0.0290,0.0170,-1.3770,0.0529,0,0,0.0529,0,0.0529,1
256120438,38.6336095000,-0.2669840000,865.4200,0.311364,0,0,0.311364,0,1.98528,-0.0750,-0.4080,-1.2770,0.0441,0,0,0.0441,0,0.0441,1
256320800,38.6336095000,-0.2669853000,865.7480,0.305809,0,0,0.305809,0,1.94603,0.1020,-0.6950,-1.2530,0.038416,0,0,0.038416,0,0.038416,1
256519919,38.6336095000,-0.2669868000,865.9360,0.300304,0,0,0.300304,0,1.91823,-0.1660,-0.5400,-0.9700,0.042849,0,0,0.042849,0,0.042849,1
256722770,38.6336091000,-0.2669882000,866.0930,0.292681,0,0,0.292681,0,1.8769,-0.3150,-0.5810,-0.7860,0.036481,0,0,0.036481,0,0.036481,1
256923133,38.6336083000,-0.2669893000,866.0800,0.285156,0,0,0.285156,0,1.83603,-0.6340,-0.4710,-0.1840,0.011449,0,0,0.011449,0,0.011449,1
257124740,38.6336070000,-0.2669902000,866.0610,0.2809,0,0,0.2809,0,1.80902,-0.8730,-0.2790,-0.0610,0.008836,0,0,0.008836,0,0.008836,1
257325103,38.6336052000,-0.2669906000,866.0610,0.273529,0,0,0.273529,0,1.76624,-1.0950,-0.1230,0.0700,0.007225,0,0,0.007225,0,0.007225,1
257522976,38.6336031000,-0.2669907000,866.0200,0.264196,0,0,0.264196,0,1.71872,-1.1410,-0.0710,0.1220,0.006561,0,0,0.006561,0,0.006561,1
257723339,38.6336011000,-0.2669909000,865.9920,0.258064,0,0,0.258064,0,1.67444,-1.1050,-0.1510,-0.1230,0.007056,0,0,0.007056,0,0.007056,1
257921213,38.6335996000,-0.2669915000,865.8820,0.249001,0,0,0.249001,0,1.6129,-1.0060,-0.4200,-0.2800,0.008281,0,0,0.008281,0,0.008281,1
258122820,38.6335978000,-0.2669924000,865.8930,0.242064,0,0,0.242064,0,1.57252,-0.9450,-0.4600,-0.1650,0.006889,0,0,0.006889,0,0.006889,1
258321938,38.6335963000,-0.2669935000,865.8760,0.236196,0,0,0.236196,0,1.53512,-0.7710,-0.5080,0.0060,0.005184,0,0,0.005184,0,0.005184,1
258522301,38.6335951000,-0.2669947000,865.7980,0.2304,0,0,0.2304,0,1.50063,-0.5650,-0.5380,0.2230,0.005184,0,0,0.005184,0,0.005184,1
258721419,38.6335941000,-0.2669958000,865.7760,0.224676,0,0,0.224676,0,1.46652,-0.4830,-0.4390,0.2340,0.006241,0,0,0.006241,0,0.006241,1
258920537,38.6335932000,-0.2669968000,865.7530,0.219961,0,0,0.219961,0,1.4424,-0.4400,-0.4280,0.1720,0.005476,0,0,0.005476,0,0.005476,1
259120899,38.6335923000,-0.2669976000,865.7340,0.216225,0,0,0.216225,0,1.4161,-0.4520,-0.3700,0.0510,0.004225,0,0,0.004225,0,0.004225,1
259321262,38.6335916000,-0.2669984000,865.6710,0.2116,0,0,0.2116,0,1.38768,-0.4020,-0.3560,0.1800,0.005184,0,0,0.005184,0,0.005184,1
259520380,38.6335908000,-0.2669992000,865.5930,0.207025,0,0,0.207025,0,1.36189,-0.3990,-0.4420,0.5510,0.011664,0,0,0.011664,0,0.011664,1
259719498,38.6335901000,-0.2670003000,865.4420,0.203401,0,0,0.203401,0,1.33865,-0.4250,-0.4840,0.6420,0.013689,0,0,0.013689,0,0.013689,1
259918616,38.6335893000,-0.2670012000,865.3360,0.200704,0,0,0.200704,0,1.3202,-0.3640,-0.3080,0.4010,0.013689,0,0,0.013689,0,0.013689,1
260117735,38.6335886000,-0.2670019000,865.2720,0.198025,0,0,0.198025,0,1.30416,-0.3590,-0.3100,0.3640,0.013225,0,0,0.013225,0,0.013225,1
260319342,38.6335878000,-0.2670025000,865.1580,0.195364,0,0,0.195364,0,1.28822,-0.5220,-0.2500,0.4060,0.010816,0,0,0.010816,0,0.010816,1
260517215,38.6335868000,-0.2670031000,865.1490,0.192721,0,0,0.192721,0,1.27238,-0.4040,-0.3120,0.1430,0.006241,0,0,0.006241,0,0.006241,1
260718822,38.6335859000,-0.2670041000,865.0550,0.190969,0,0,0.190969,0,1.25888,-0.5920,-0.5070,0.5400,0.015129,0,0,0.015129,0,0.015129,1
260919185,38.6335850000,-0.2670051000,864.9370,0.188356,0,0,0.188356,0,1.24546,-0.3770,-0.4780,0.3460,0.016129,0,0,0.016129,0,0.016129,1
261118303,38.6335842000,-0.2670058000,864.8630,0.187489,0,0,0.187489,0,1.23654,-0.4420,-0.1900,0.2200,0.009801,0,0,0.009801,0,0.009801,1
261319910,38.6335833000,-0.2670064000,864.8270,0.186624,0,0,0.186624,0,1.22988,-0.4690,-0.3650,0.3210,0.013225,0,0,0.013225,0,0.013225,1
261520273,38.6335825000,-0.2670072000,864.7730,0.1849,0,0,0.1849,0,1.22324,-0.4450,-0.3700,0.1550,0.009216,0,0,0.009216,0,0.009216,1
261719391,38.6335815000,-0.2670082000,864.6940,0.184041,0,0,0.184041,0,1.21661,-0.5950,-0.5010,0.3700,0.013689,0,0,0.013689,0,0.013689,1
261918509,38.6335804000,-0.2670092000,864.6380,0.184041,0,0,0.184041,0,1.21,-0.6580,-0.3980,0.2830,0.010609,0,0,0.010609,0,0.010609,1
262121361,38.6335794000,-0.2670101000,864.6070,0.183184,0,0,0.183184,0,1.2056,-0.3640,-0.5090,0.1190,0.01,0,0,0.01,0,0.01,1
262321724,38.6335787000,-0.2670112000,864.5190,0.183184,0,0,0.183184,0,1.20341,-0.4000,-0.3820,0.4510,0.024964,0,0,0.024964,0,0.024964,1
262520842,38.6335778000,-0.2670118000,864.4950,0.182329,0,0,0.182329,0,1.19903,-0.5180,-0.2550,0.1120,0.007396,0,0,0.007396,0,0.007396,1
262722449,38.6335771000,-0.2670125000,864.3760,0.182329,0,0,0.182329,0,1.19465,-0.3740,-0.2700,0.4690,0.029929,0,0,0.029929,0,0.029929,1
262924056,38.6335762000,-0.2670134000,864.2290,0.182329,0,0,0.182329,0,1.19465,-0.5730,-0.4490,0.6780,0.029929,0,0,0.029929,0,0.029929,1
263126907,38.6335754000,-0.2670141000,864.1790,0.182329,0,0,0.182329,0,1.19028,-0.3180,-0.2900,0.2240,0.017956,0,0,0.017956,0,0.017956,1
263327270,38.6335745000,-0.2670148000,864.1430,0.182329,0,0,0.182329,0,1.19028,-0.6610,-0.3870,0.0880,0.008281,0,0,0.008281,0,0.008281,1
263526388,38.6335733000,-0.2670157000,864.0850,0.183184,0,0,0.183184,0,1.19028,-0.5490,-0.3940,0.3070,0.017161,0,0,0.017161,0,0.017161,1
263725506,38.6335723000,-0.2670166000,863.9250,0.183184,0,0,0.183184,0,1.18592,-0.6670,-0.2940,0.5670,0.024649,0,0,0.024649,0,0.024649,1
263927113,38.6335710000,-0.2670171000,863.8500,0.182329,0,0,0.182329,0,1.18157,-0.6930,-0.2470,0.4200,0.015376,0,0,0.015376,0,0.015376,1
264127476,38.6335696000,-0.2670176000,863.8050,0.182329,0,0,0.182329,0,1.1794,-0.7700,-0.2300,0.2380,0.008464,0,0,0.008464,0,0.008464,1
264322860,38.6335681000,-0.2670182000,863.6890,0.183184,0,0,0.183184,0,1.17722,-0.8520,-0.2090,0.4330,0.013689,0,0,0.013689,0,0.013689,1
264523223,38.6335667000,-0.2670184000,863.5550,0.183184,0,0,0.183184,0,1.17506,-0.6770,0.0100,0.6910,0.034969,0,0,0.034969,0,0.034969,1
264724830,38.6335653000,-0.2670184000,863.4640,0.1849,0,0,0.1849,0,1.17722,-0.7550,-0.1210,0.1780,0.009604,0,0,0.009604,0,0.009604,1
264922704,38.6335639000,-0.2670184000,863.3930,0.187489,0,0,0.187489,0,1.18374,-0.7890,0.0840,0.1700,0.010816,0,0,0.010816,0,0.010816,1
265124311,38.6335622000,-0.2670183000,863.2610,0.190096,0,0,0.190096,0,1.18592,-1.0870,-0.0050,0.5010,0.020164,0,0,0.020164,0,0.020164,1
265325918,38.6335602000,-0.2670186000,863.1140,0.192721,0,0,0.192721,0,1.18592,-1.1060,-0.2080,0.5640,0.026569,0,0,0.026569,0,0.026569,1
265525036,38.6335584000,-0.2670194000,862.9830,0.194481,0,0,0.194481,0,1.18374,-0.8660,-0.5020,0.1350,0.013456,0,0,0.013456,0,0.013456,1
265726643,38.6335567000,-0.2670205000,862.9690,0.195364,0,0,0.195364,0,1.17506,-0.8000,-0.5030,0.1120,0.011449,0,0,0.011449,0,0.011449,1
265928250,38.6335553000,-0.2670219000,862.8740,0.195364,0,0,0.195364,0,1.16424,-0.7330,-0.6840,0.0070,0.0144,0,0,0.0144,0,0.0144,1
266126124,38.6335541000,-0.2670231000,862.7710,0.194481,0,0,0.194481,0,1.14918,-0.7460,-0.3890,0.1740,0.019044,0,0,0.019044,0,0.019044,1
266327731,38.6335527000,-0.2670244000,862.7110,0.1936,0,0,0.1936,0,1.13636,-0.8170,-0.6200,0.2680,0.018769,0,0,0.018769,0,0.018769,1
266529338,38.6335510000,-0.2670259000,862.6130,0.192721,0,0,0.192721,0,1.1236,-0.9950,-0.6920,0.3390,0.013225,0,0,0.013225,0,0.013225,1
266729700,38.6335493000,-0.2670273000,862.5700,0.192721,0,0,0.192721,0,1.11302,-0.9850,-0.5310,-0.2450,0.024964,0,0,0.024964,0,0.024964,1
266928818,38.6335476000,-0.2670285000,862.5390,0.191844,0,0,0.191844,0,1.1004,-0.9310,-0.5770,-0.0020,0.0144,0,0,0.0144,0,0.0144,1
267129181,38.6335457000,-0.2670301000,862.5210,0.190969,0,0,0.190969,0,1.08785,-1.2110,-0.7810,-0.1510,0.0121,0,0,0.0121,0,0.0121,1
267328299,38.6335433000,-0.2670315000,862.4960,0.189225,0,0,0.189225,0,1.0733,-1.5620,-0.4160,-0.2590,0.011664,0,0,0.011664,0,0.011664,1
267527417,38.6335404000,-0.2670319000,862.5450,0.187489,0,0,0.187489,0,1.05884,-1.6730,0.0900,-0.1540,0.007921,0,0,0.007921,0,0.007921,1
267729024,38.6335372000,-0.2670310000,862.5720,0.1849,0,0,0.1849,0,1.0404,-1.7340,0.5560,0.2340,0.005476,0,0,0.005476,0,0.005476,1
267930631,38.6335342000,-0.2670288000,862.5200,0.181476,0,0,0.181476,0,1.02212,-1.5760,1.2420,0.3300,0.006724,0,0,0.006724,0,0.006724,1
268130994,38.6335318000,-0.2670259000,862.5260,0.179776,0,0,0.179776,0,1.00802,-1.0630,1.3640,-0.1600,0.009025,0,0,0.009025,0,0.009025,1
268331356,38.6335301000,-0.2670229000,862.5280,0.178084,0,0,0.178084,0,0.994009,-0.8640,1.2220,-0.0830,0.008281,0,0,0.008281,0,0.008281,1
268530475,38.6335284000,-0.2670203000,862.5560,0.1764,0,0,0.1764,0,0.984064,-0.9270,1.0560,-0.2650,0.010609,0,0,0.010609,0,0.010609,1
268732082,38.6335268000,-0.2670180000,862.5880,0.173889,0,0,0.173889,0,0.972196,-0.8690,0.9730,-0.0730,0.007225,0,0,0.007225,0,0.007225,1
268928711,38.6335253000,-0.2670158000,862.5750,0.172225,0,0,0.172225,0,0.9604,-0.8450,1.0530,0.0480,0.005929,0,0,0.005929,0,0.005929,1
269129073,38.6335238000,-0.2670135000,862.5600,0.169744,0,0,0.169744,0,0.946729,-0.8680,1.1000,-0.1650,0.006889,0,0,0.006889,0,0.006889,1
269329436,38.6335223000,-0.2670110000,862.5650,0.166464,0,0,0.166464,0,0.931225,-0.7850,1.0630,0.0170,0.005476,0,0,0.005476,0,0.005476,1
269531043,38.6335209000,-0.2670086000,862.5440,0.164025,0,0,0.164025,0,0.917764,-0.8800,1.0960,0.0880,0.0049,0,0,0.0049,0,0.0049,1
269730161,38.6335193000,-0.2670060000,862.5810,0.160801,0,0,0.160801,0,0.898704,-0.8260,1.1270,-0.3800,0.0081,0,0,0.0081,0,0.0081,1
269930524,38.6335180000,-0.2670036000,862.5480,0.157609,0,0,0.157609,0,0.877969,-0.7480,1.0200,0.1170,0.003844,0,0,0.003844,0,0.003844,1
270129642,38.6335165000,-0.2670010000,862.4950,0.155236,0,0,0.155236,0,0.859329,-1.0010,1.1590,0.1790,0.004225,0,0,0.004225,0,0.004225,1
270328760,38.6335148000,-0.2669985000,862.4840,0.152881,0,0,0.152881,0,0.851929,-0.8770,1.0710,-0.3090,0.007396,0,0,0.007396,0,0.007396,1
270530367,38.6335133000,-0.2669959000,862.4630,0.151321,0,0,0.151321,0,0.840889,-0.8330,1.1550,0.0310,0.005329,0,0,0.005329,0,0.005329,1
270731974,38.6335119000,-0.2669933000,862.3760,0.149769,0,0,0.149769,0,0.829921,-0.8440,1.0900,0.2500,0.005625,0,0,0.005625,0,0.005625,1
270929848,38.6335104000,-0.2669908000,862.3680,0.148225,0,0,0.148225,0,0.822649,-0.7390,1.0920,-0.3170,0.007569,0,0,0.007569,0,0.007569,1
271128966,38.6335089000,-0.2669882000,862.3410,0.145924,0,0,0.145924,0,0.808201,-1.0000,1.1290,-0.0940,0.005476,0,0,0.005476,0,0.005476,1
271329329,38.6335071000,-0.2669855000,862.2780,0.1444,0,0,0.1444,0,0.799236,-1.0040,1.1590,0.3390,0.0049,0,0,0.0049,0,0.0049,1
271528447,38.6335053000,-0.2669829000,862.2510,0.142129,0,0,0.142129,0,0.788544,-0.9640,1.1310,-0.4000,0.007569,0,0,0.007569,0,0.007569,1
271728810,38.6335037000,-0.2669801000,862.2620,0.140625,0,0,0.140625,0,0.777924,-0.8020,1.2720,0.0770,0.004624,0,0,0.004624,0,0.004624,1
271927928,38.6335021000,-0.2669773000,862.2380,0.139129,0,0,0.139129,0,0.767376,-0.8580,1.1710,0.0540,0.004624,0,0,0.004624,0,0.004624,1
272127046,38.6335007000,-0.2669748000,862.2280,0.137641,0,0,0.137641,0,0.7569,-0.7300,0.9680,-0.1730,0.005184,0,0,0.005184,0,0.005184,1
272328653,38.6334994000,-0.2669725000,862.1820,0.135424,0,0,0.135424,0,0.743044,-0.7970,0.9910,-0.0100,0.004225,0,0,0.004225,0,0.004225,1
272529016,38.6334977000,-0.2669702000,862.1590,0.133956,0,0,0.133956,0,0.727609,-1.0640,1.0710,0.0770,0.004624,0,0,0.004624,0,0.004624,1
272728134,38.6334959000,-0.2669677000,862.1430,0.131769,0,0,0.131769,0,0.710649,-0.9560,1.0820,-0.2440,0.006561,0,0,0.006561,0,0.006561,1
272927252,38.6334941000,-0.2669653000,862.1660,0.130321,0,0,0.130321,0,0.702244,-0.9950,1.0800,-0.0540,0.004761,0,0,0.004761,0,0.004761,1
273128859,38.6334922000,-0.2669630000,862.2020,0.128881,0,0,0.128881,0,0.692224,-1.0040,0.9890,-0.0480,0.004624,0,0,0.004624,0,0.004624,1
273329222,38.6334905000,-0.2669607000,862.1860,0.126736,0,0,0.126736,0,0.682276,-0.8850,0.9890,-0.2600,0.005929,0,0,0.005929,0,0.005929,1
273528340,38.6334891000,-0.2669584000,862.1260,0.125316,0,0,0.125316,0,0.6724,-0.8430,0.9310,0.0450,0.004489,0,0,0.004489,0,0.004489,1
273729947,38.6334874000,-0.2669562000,862.1130,0.123904,0,0,0.123904,0,0.665856,-0.9580,1.0010,0.1140,0.004356,0,0,0.004356,0,0.004356,1
273930310,38.6334859000,-0.2669539000,862.0390,0.1225,0,0,0.1225,0,0.654481,-0.8460,1.0180,-0.1090,0.005041,0,0,0.005041,0,0.005041,1
274129428,38.6334845000,-0.2669515000,861.9600,0.121104,0,0,0.121104,0,0.646416,-0.9070,0.9940,-0.0080,0.0049,0,0,0.0049,0,0.0049,1
274327301,38.6334829000,-0.2669493000,861.8850,0.119716,0,0,0.119716,0,0.636804,-0.9530,0.9860,0.2220,0.004761,0,0,0.004761,0,0.004761,1
274527664,38.6334814000,-0.2669470000,861.8000,0.118336,0,0,0.118336,0,0.627264,-0.8130,0.9530,-0.0140,0.005041,0,0,0.005041,0,0.005041,1
274728027,38.6334800000,-0.2669448000,861.7520,0.116281,0,0,0.116281,0,0.617796,-0.8300,0.8870,0.0880,0.0049,0,0,0.0049,0,0.0049,1
274928389,38.6334786000,-0.2669426000,861.7180,0.114921,0,0,0.114921,0,0.6084,-0.8850,1.0380,0.0820,0.004761,0,0,0.004761,0,0.004761,1
275128752,38.6334771000,-0.2669402000,861.6950,0.113569,0,0,0.113569,0,0.597529,-0.8870,1.0450,-0.2640,0.006561,0,0,0.006561,0,0.006561,1
275327870,38.6334757000,-0.2669378000,861.6760,0.112225,0,0,0.112225,0,0.589824,-0.8030,0.9770,-0.1900,0.0064,0,0,0.0064,0,0.0064,1
275529477,38.6334743000,-0.2669357000,861.6280,0.110889,0,0,0.110889,0,0.582169,-0.7760,0.8570,0.1260,0.004624,0,0,0.004624,0,0.004624,1
275728596,38.6334730000,-0.2669336000,861.6050,0.109561,0,0,0.109561,0,0.574564,-0.8260,0.9430,-0.2880,0.007056,0,0,0.007056,0,0.007056,1
275928958,38.6334717000,-0.2669314000,861.5910,0.108241,0,0,0.108241,0,0.567009,-0.7670,0.9620,-0.1580,0.005476,0,0,0.005476,0,0.005476,1
276130565,38.6334703000,-0.2669291000,861.5620,0.106929,0,0,0.106929,0,0.559504,-0.9150,0.9980,0.0620,0.004225,0,0,0.004225,0,0.004225,1
276330928,38.6334686000,-0.2669267000,861.5370,0.106276,0,0,0.106276,0,0.553536,-1.0890,1.1080,-0.2240,0.006084,0,0,0.006084,0,0.006084,1
276528802,38.6334668000,-0.2669242000,861.5130,0.104976,0,0,0.104976,0,0.544644,-0.9550,1.0500,-0.0970,0.005625,0,0,0.005625,0,0.005625,1
276730409,38.6334655000,-0.2669220000,861.4870,0.103684,0,0,0.103684,0,0.537289,-0.6480,0.8650,-0.0930,0.005329,0,0,0.005329,0,0.005329,1
276929527,38.6334643000,-0.2669199000,861.4590,0.1024,0,0,0.1024,0,0.531441,-0.7190,0.8950,-0.0080,0.005625,0,0,0.005625,0,0.005625,1
277131134,38.6334632000,-0.2669180000,861.4650,0.101761,0,0,0.101761,0,0.525625,-0.5600,0.6850,-0.4250,0.010609,0,0,0.010609,0,0.010609,1
277331497,38.6334622000,-0.2669163000,861.5230,0.100489,0,0,0.100489,0,0.519841,-0.7120,0.7870,-0.3510,0.008281,0,0,0.008281,0,0.008281,1
277529371,38.6334610000,-0.2669147000,861.5760,0.099856,0,0,0.099856,0,0.515524,-0.5630,0.6360,-0.1860,0.007056,0,0,0.007056,0,0.007056,1
277730978,38.6334601000,-0.2669134000,861.5960,0.099225,0,0,0.099225,0,0.509796,-0.5200,0.4800,-0.4240,0.011025,0,0,0.011025,0,0.011025,1
277933830,38.6334593000,-0.2669122000,861.6440,0.097969,0,0,0.097969,0,0.5041,-0.4750,0.5750,-0.2690,0.0081,0,0,0.0081,0,0.0081,1
278134192,38.6334584000,-0.2669108000,861.6220,0.097344,0,0,0.097344,0,0.498436,-0.5530,0.5610,0.1170,0.004225,0,0,0.004225,0,0.004225,1
278335799,38.6334576000,-0.2669095000,861.6180,0.096721,0,0,0.096721,0,0.492804,-0.3470,0.6150,-0.3930,0.010404,0,0,0.010404,0,0.010404,1
278531184,38.6334570000,-0.2669080000,861.6750,0.095481,0,0,0.095481,0,0.487204,-0.3890,0.6430,-0.3230,0.008649,0,0,0.008649,0,0.008649,1
278732791,38.6334562000,-0.2669063000,861.6820,0.094249,0,0,0.094249,0,0.480249,-0.5490,0.7870,0.0850,0.004489,0,0,0.004489,0,0.004489,1
278931910,38.6334550000,-0.2669044000,861.6470,0.093636,0,0,0.093636,0,0.474721,-0.8130,0.9240,0.1500,0.004225,0,0,0.004225,0,0.004225,1
279131028,38.6334535000,-0.2669020000,861.6380,0.092416,0,0,0.092416,0,0.466489,-0.7880,1.0980,-0.1600,0.005329,0,0,0.005329,0,0.005329,1
279331390,38.6334522000,-0.2668995000,861.6370,0.091809,0,0,0.091809,0,0.461041,-0.6980,1.1190,-0.0650,0.005329,0,0,0.005329,0,0.005329,1
279531753,38.6334509000,-0.2668970000,861.6090,0.090601,0,0,0.090601,0,0.455625,-0.7470,1.0940,0.1090,0.004225,0,0,0.004225,0,0.004225,1
279732116,38.6334497000,-0.2668946000,861.6020,0.09,0,0,0.09,0,0.450241,-0.6640,0.9910,-0.2630,0.005329,0,0,0.005329,0,0.005329,1
279933723,38.6334485000,-0.2668925000,861.6380,0.089401,0,0,0.089401,0,0.444889,-0.7310,0.8920,-0.1110,0.0049,0,0,0.0049,0,0.0049,1
280134086,38.6334471000,-0.2668903000,861.6030,0.088209,0,0,0.088209,0,0.439569,-0.8370,1.0200,0.1720,0.004489,0,0,0.004489,0,0.004489,1
280333204,38.6334457000,-0.2668880000,861.6040,0.087616,0,0,0.087616,0,0.4356,-0.7810,1.0600,-0.1570,0.0049,0,0,0.0049,0,0.0049,1
280533566,38.6334445000,-0.2668856000,861.6110,0.086436,0,0,0.086436,0,0.430336,-0.5770,1.0620,-0.2280,0.005184,0,0,0.005184,0,0.005184,1
280733929,38.6334436000,-0.2668831000,861.5990,0.085849,0,0,0.085849,0,0.425104,-0.4580,1.1360,0.0810,0.004225,0,0,0.004225,0,0.004225,1
280931803,38.6334428000,-0.2668804000,861.6020,0.085264,0,0,0.085264,0,0.419904,-0.3080,1.2230,-0.1030,0.004356,0,0,0.004356,0,0.004356,1
281132166,38.6334424000,-0.2668777000,861.6540,0.084681,0,0,0.084681,0,0.414736,-0.0760,1.2570,-0.1250,0.003721,0,0,0.003721,0,0.003721,1
281332528,38.6334425000,-0.2668748000,861.6570,0.0841,0,0,0.0841,0,0.408321,0.1930,1.3210,0.0280,0.002916,0,0,0.002916,0,0.002916,1
281532891,38.6334431000,-0.2668719000,861.6410,0.083521,0,0,0.083521,0,0.403225,0.5410,1.2630,0.2450,0.003364,0,0,0.003364,0,0.003364,1
281732009,38.6334442000,-0.2668696000,861.6340,0.082369,0,0,0.082369,0,0.3969,0.7770,0.8430,-0.0200,0.002916,0,0,0.002916,0,0.002916,1
281933616,38.6334456000,-0.2668684000,861.6440,0.081796,0,0,0.081796,0,0.391876,0.7520,0.2450,-0.0610,0.0036,0,0,0.0036,0,0.0036,1
282131490,38.6334467000,-0.2668683000,861.6220,0.081225,0,0,0.081225,0,0.389376,0.5450,-0.1800,0.0700,0.004489,0,0,0.004489,0,0.004489,1
282330608,38.6334475000,-0.2668690000,861.6080,0.080656,0,0,0.080656,0,0.385641,0.2850,-0.3940,-0.0070,0.004356,0,0,0.004356,0,0.004356,1
282530971,38.6334480000,-0.2668698000,861.5430,0.080656,0,0,0.080656,0,0.383161,0.2230,-0.2470,0.1960,0.007744,0,0,0.007744,0,0.007744,1
282730089,38.6334485000,-0.2668704000,861.5080,0.080089,0,0,0.080089,0,0.380689,0.2910,-0.2630,0.0690,0.005329,0,0,0.005329,0,0.005329,1
282931696,38.6334488000,-0.2668709000,861.4890,0.080089,0,0,0.080089,0,0.378225,0.0750,-0.1970,0.0230,0.004356,0,0,0.004356,0,0.004356,1
283130815,38.6334490000,-0.2668713000,861.4740,0.080089,0,0,0.080089,0,0.375769,0.0840,-0.1260,0.0430,0.0049,0,0,0.0049,0,0.0049,1
283329933,38.6334491000,-0.2668717000,861.4450,0.079524,0,0,0.079524,0,0.3721,0.1050,-0.2190,0.1070,0.005041,0,0,0.005041,0,0.005041,1
283529051,38.6334496000,-0.2668725000,861.4070,0.079524,0,0,0.079524,0,0.369664,0.3460,-0.4260,0.1040,0.004356,0,0,0.004356,0,0.004356,1
283729414,38.6334504000,-0.2668739000,861.4150,0.079524,0,0,0.079524,0,0.366025,0.5200,-0.8030,-0.1880,0.005184,0,0,0.005184,0,0.005184,1
283928532,38.6334513000,-0.2668761000,861.4570,0.078961,0,0,0.078961,0,0.362404,0.5440,-1.0850,-0.4030,0.006084,0,0,0.006084,0,0.006084,1
284127650,38.6334524000,-0.2668789000,861.4800,0.0784,0,0,0.0784,0,0.36,0.6530,-1.3800,0.0130,0.003844,0,0,0.003844,0,0.003844,1
284329257,38.6334535000,-0.2668824000,861.4430,0.0784,0,0,0.0784,0,0.356409,0.5660,-1.6640,0.2700,0.004096,0,0,0.004096,0,0.004096,1
284528375,38.6334544000,-0.2668861000,861.4120,0.077841,0,0,0.077841,0,0.352836,0.4090,-1.5380,0.0920,0.003721,0,0,0.003721,0,0.003721,1
284728738,38.6334550000,-0.2668894000,861.4150,0.077284,0,0,0.077284,0,0.349281,0.3230,-1.2490,-0.1230,0.004225,0,0,0.004225,0,0.004225,1
284929101,38.6334558000,-0.2668922000,861.4010,0.076729,0,0,0.076729,0,0.346921,0.5770,-1.2120,0.3320,0.004096,0,0,0.004096,0,0.004096,1
285129464,38.6334568000,-0.2668948000,861.4060,0.076176,0,0,0.076176,0,0.343396,0.5570,-0.9930,-0.2220,0.005041,0,0,0.005041,0,0.005041,1
285328582,38.6334579000,-0.2668971000,861.4310,0.076176,0,0,0.076176,0,0.339889,0.6380,-0.9980,-0.0250,0.004225,0,0,0.004225,0,0.004225,1
285527700,38.6334593000,-0.2668995000,861.4080,0.075625,0,0,0.075625,0,0.3364,0.9280,-1.1120,0.2120,0.004356,0,0,0.004356,0,0.004356,1
285726818,38.6334610000,-0.2669021000,861.4130,0.075076,0,0,0.075076,0,0.334084,0.9070,-1.0860,-0.1660,0.005476,0,0,0.005476,0,0.005476,1
285927181,38.6334624000,-0.2669045000,861.4320,0.075076,0,0,0.075076,0,0.331776,0.7600,-1.0230,-0.0920,0.005041,0,0,0.005041,0,0.005041,1
286126299,38.6334637000,-0.2669068000,861.4490,0.075076,0,0,0.075076,0,0.330625,0.7200,-0.9210,-0.0770,0.006241,0,0,0.006241,0,0.006241,1
286329151,38.6334650000,-0.2669087000,861.4690,0.075076,0,0,0.075076,0,0.329476,0.6550,-0.7820,-0.1980,0.007569,0,0,0.007569,0,0.007569,1
286529513,38.6334662000,-0.2669106000,861.5040,0.074529,0,0,0.074529,0,0.327184,0.7400,-0.8150,-0.0670,0.005625,0,0,0.005625,0,0.005625,1
286729876,38.6334676000,-0.2669127000,861.4880,0.074529,0,0,0.074529,0,0.326041,0.8240,-1.0230,0.2380,0.004624,0,0,0.004624,0,0.004624,1
286931483,38.6334691000,-0.2669148000,861.4490,0.074529,0,0,0.074529,0,0.3249,0.8750,-0.8400,0.2160,0.004624,0,0,0.004624,0,0.004624,1
287130601,38.6334703000,-0.2669166000,861.4360,0.073984,0,0,0.073984,0,0.322624,0.5510,-0.6810,-0.0150,0.004225,0,0,0.004225,0,0.004225,1
287330964,38.6334714000,-0.2669182000,861.3680,0.073441,0,0,0.073441,0,0.319225,0.6360,-0.7470,0.5160,0.006241,0,0,0.006241,0,0.006241,1
287530082,38.6334723000,-0.2669198000,861.2940,0.0729,0,0,0.0729,0,0.316969,0.4480,-0.5830,0.4320,0.007569,0,0,0.007569,0,0.007569,1
287731689,38.6334732000,-0.2669212000,861.1690,0.072361,0,0,0.072361,0,0.315844,0.5260,-0.6400,0.7440,0.010201,0,0,0.010201,0,0.010201,1
287932052,38.6334743000,-0.2669228000,861.0620,0.072361,0,0,0.072361,0,0.3136,0.7570,-0.7950,0.5030,0.006241,0,0,0.006241,0,0.006241,1
288133659,38.6334757000,-0.2669249000,861.0020,0.072361,0,0,0.072361,0,0.312481,0.8450,-1.0020,0.1780,0.004761,0,0,0.004761,0,0.004761,1
288334022,38.6334773000,-0.2669274000,860.9770,0.071824,0,0,0.071824,0,0.311364,0.9120,-1.1180,0.0730,0.005184,0,0,0.005184,0,0.005184,1
288533140,38.6334790000,-0.2669298000,860.9660,0.071824,0,0,0.071824,0,0.309136,0.9540,-1.0230,-0.1360,0.005929,0,0,0.005929,0,0.005929,1
288733503,38.6334807000,-0.2669322000,860.9710,0.071824,0,0,0.071824,0,0.308025,0.9550,-1.0470,0.0340,0.004489,0,0,0.004489,0,0.004489,1
288933865,38.6334825000,-0.2669348000,860.9290,0.071289,0,0,0.071289,0,0.306916,1.0990,-1.2390,0.3520,0.004096,0,0,0.004096,0,0.004096,1
289135472,38.6334845000,-0.2669377000,860.9240,0.071289,0,0,0.071289,0,0.304704,1.0820,-1.2720,-0.0320,0.004356,0,0,0.004356,0,0.004356,1
289334591,38.6334862000,-0.2669405000,860.9590,0.070756,0,0,0.070756,0,0.3025,0.8310,-1.1090,-0.1950,0.005041,0,0,0.005041,0,0.005041,1
289534953,38.6334878000,-0.2669432000,860.9300,0.070225,0,0,0.070225,0,0.301401,1.0380,-1.2100,0.3380,0.004624,0,0,0.004624,0,0.004624,1
289732827,38.6334896000,-0.2669457000,860.8990,0.070225,0,0,0.070225,0,0.299209,0.9110,-1.0240,-0.0800,0.004761,0,0,0.004761,0,0.004761,1
289931945,38.6334913000,-0.2669481000,860.9120,0.070225,0,0,0.070225,0,0.298116,0.9720,-1.0380,-0.0700,0.004489,0,0,0.004489,0,0.004489,1
290131063,38.6334932000,-0.2669507000,860.8860,0.069696,0,0,0.069696,0,0.297025,1.1990,-1.2020,0.3420,0.005041,0,0,0.005041,0,0.005041,1
290331426,38.6334953000,-0.2669536000,860.8490,0.069696,0,0,0.069696,0,0.295936,1.1430,-1.3130,0.0020,0.005041,0,0,0.005041,0,0.005041,1
290531789,38.6334972000,-0.2669565000,860.8820,0.069696,0,0,0.069696,0,0.294849,0.9940,-1.2140,-0.1840,0.005625,0,0,0.005625,0,0.005625,1
290732151,38.6334991000,-0.2669593000,860.8540,0.069696,0,0,0.069696,0,0.293764,1.0240,-1.2220,0.3080,0.005776,0,0,0.005776,0,0.005776,1
290931269,38.6335007000,-0.2669618000,860.8620,0.069696,0,0,0.069696,0,0.293764,0.8450,-0.9660,-0.2190,0.006241,0,0,0.006241,0,0.006241,1
291131632,38.6335023000,-0.2669642000,860.8880,0.069696,0,0,0.069696,0,0.292681,0.8770,-1.0770,-0.0560,0.006561,0,0,0.006561,0,0.006561,1
291331995,38.6335040000,-0.2669667000,860.8430,0.069696,0,0,0.069696,0,0.292681,1.0610,-1.2040,0.3010,0.006561,0,0,0.006561,0,0.006561,1
291531113,38.6335058000,-0.2669695000,860.8520,0.069696,0,0,0.069696,0,0.292681,0.9430,-1.1430,-0.2050,0.006241,0,0,0.006241,0,0.006241,1
291731476,38.6335074000,-0.2669720000,860.8690,0.069696,0,0,0.069696,0,0.2916,0.8460,-1.0950,-0.0190,0.005929,0,0,0.005929,0,0.005929,1
291930594,38.6335090000,-0.2669746000,860.8680,0.069696,0,0,0.069696,0,0.292681,0.9270,-1.1710,0.1480,0.0064,0,0,0.0064,0,0.0064,1
292132201,38.6335106000,-0.2669772000,860.8830,0.070225,0,0,0.070225,0,0.292681,0.9120,-1.1100,-0.2460,0.006724,0,0,0.006724,0,0.006724,1
292331319,38.6335123000,-0.2669798000,860.9000,0.070225,0,0,0.070225,0,0.292681,0.9530,-1.1740,0.1380,0.007056,0,0,0.007056,0,0.007056,1
292531682,38.6335140000,-0.2669825000,860.8660,0.070225,0,0,0.070225,0,0.293764,1.0470,-1.2210,0.1530,0.0064,0,0,0.0064,0,0.0064,1
292733289,38.6335157000,-0.2669854000,860.8780,0.070756,0,0,0.070756,0,0.294849,0.8880,-1.2620,-0.1560,0.006084,0,0,0.006084,0,0.006084,1
292933651,38.6335173000,-0.2669882000,860.8680,0.070756,0,0,0.070756,0,0.294849,0.8330,-1.2090,0.1440,0.006084,0,0,0.006084,0,0.006084,1
293134014,38.6335187000,-0.2669909000,860.8440,0.070756,0,0,0.070756,0,0.294849,0.8090,-1.1550,0.2020,0.005776,0,0,0.005776,0,0.005776,1
293334377,38.6335202000,-0.2669935000,860.8740,0.070225,0,0,0.070225,0,0.292681,0.8410,-1.1000,-0.2310,0.004225,0,0,0.004225,0,0.004225,1
293533495,38.6335217000,-0.2669960000,860.9040,0.070225,0,0,0.070225,0,0.2916,0.9050,-1.0360,-0.0110,0.004356,0,0,0.004356,0,0.004356,1
293732613,38.6335233000,-0.2669986000,860.8960,0.070225,0,0,0.070225,0,0.290521,0.8590,-1.1830,0.1050,0.004761,0,0,0.004761,0,0.004761,1
293932975,38.6335248000,-0.2670013000,860.8930,0.069696,0,0,0.069696,0,0.289444,0.8030,-1.1540,0.0180,0.004761,0,0,0.004761,0,0.004761,1
294133338,38.6335263000,-0.2670037000,860.8580,0.069696,0,0,0.069696,0,0.289444,0.8310,-0.9850,0.1530,0.0064,0,0,0.0064,0,0.0064,1
294332456,38.6335278000,-0.2670059000,860.8500,0.069696,0,0,0.069696,0,0.288369,0.8570,-0.9330,0.0140,0.005776,0,0,0.005776,0,0.005776,1
294531597,38.6335292000,-0.2670079000,860.8810,0.069696,0,0,0.069696,0,0.288369,0.7160,-0.8430,-0.2620,0.006724,0,0,0.006724,0,0.006724,1
294734426,38.6335305000,-0.2670100000,860.8880,0.070225,0,0,0.070225,0,0.289444,0.8000,-0.9200,0.1230,0.007056,0,0,0.007056,0,0.007056,1
294926077,38.6335321000,-0.2670123000,860.8240,0.070225,0,0,0.070225,0,0.2916,0.9530,-1.0960,0.3580,0.009409,0,0,0.009409,0,0.009409,1
295125195,38.6335337000,-0.2670148000,860.8440,0.070756,0,0,0.070756,0,0.292681,0.8470,-1.0090,-0.2020,0.008281,0,0,0.008281,0,0.008281,1
295325558,38.6335351000,-0.2670170000,860.8500,0.071289,0,0,0.071289,0,0.293764,0.7670,-0.9160,0.0640,0.007056,0,0,0.007056,0,0.007056,1
295525920,38.6335366000,-0.2670188000,860.7850,0.071824,0,0,0.071824,0,0.294849,0.8470,-0.7120,0.3160,0.01,0,0,0.01,0,0.01,1
295728772,38.6335379000,-0.2670202000,860.7750,0.072361,0,0,0.072361,0,0.297025,0.6300,-0.4220,-0.0570,0.007396,0,0,0.007396,0,0.007396,1
295927890,38.6335390000,-0.2670210000,860.7460,0.0729,0,0,0.0729,0,0.299209,0.6530,-0.2550,0.3320,0.011881,0,0,0.011881,0,0.011881,1
296127008,38.6335402000,-0.2670213000,860.6640,0.073441,0,0,0.073441,0,0.300304,0.6780,-0.0270,0.3490,0.0121,0,0,0.0121,0,0.0121,1
296333593,38.6335411000,-0.2670214000,860.6410,0.073984,0,0,0.073984,0,0.301401,0.4070,-0.0150,0.0300,0.007569,0,0,0.007569,0,0.007569,1
296528978,38.6335420000,-0.2670212000,860.6480,0.074529,0,0,0.074529,0,0.3025,0.5850,0.1220,-0.0380,0.011236,0,0,0.011236,0,0.011236,1
296728096,38.6335431000,-0.2670208000,860.6400,0.075076,0,0,0.075076,0,0.303601,0.6850,0.2380,0.1110,0.010816,0,0,0.010816,0,0.010816,1
296928459,38.6335443000,-0.2670203000,860.6280,0.075625,0,0,0.075625,0,0.304704,0.6720,0.2950,-0.0080,0.010201,0,0,0.010201,0,0.010201,1
297128821,38.6335456000,-0.2670192000,860.5940,0.076176,0,0,0.076176,0,0.305809,0.7900,0.6070,0.2840,0.010201,0,0,0.010201,0,0.010201,1
297329184,38.6335473000,-0.2670175000,860.5540,0.076729,0,0,0.076729,0,0.306916,1.0390,0.9000,0.2300,0.010201,0,0,0.010201,0,0.010201,1
297529546,38.6335492000,-0.2670157000,860.5890,0.077284,0,0,0.077284,0,0.308025,1.0520,0.7440,-0.4370,0.0121,0,0,0.0121,0,0.0121,1
297728665,38.6335513000,-0.2670138000,860.6150,0.0784,0,0,0.0784,0,0.309136,1.2630,0.9100,-0.0120,0.008464,0,0,0.008464,0,0.008464,1
297929027,38.6335539000,-0.2670119000,860.6210,0.078961,0,0,0.078961,0,0.311364,1.7030,0.7190,0.0410,0.009216,0,0,0.009216,0,0.009216,1
298129390,38.6335567000,-0.2670106000,860.7070,0.080089,0,0,0.080089,0,0.315844,1.3860,0.4610,-0.4460,0.009604,0,0,0.009604,0,0.009604,1
298327264,38.6335594000,-0.2670105000,860.7820,0.081796,0,0,0.081796,0,0.320356,1.5990,-0.3300,-0.4040,0.0144,0,0,0.0144,0,0.0144,1
298528871,38.6335622000,-0.2670109000,860.8080,0.083521,0,0,0.083521,0,0.327184,1.4980,0.0020,-0.0070,0.014884,0,0,0.014884,0,0.014884,1
298727989,38.6335646000,-0.2670110000,860.7880,0.085849,0,0,0.085849,0,0.334084,1.2060,-0.1080,0.3330,0.022801,0,0,0.022801,0,0.022801,1
298929596,38.6335666000,-0.2670110000,860.8010,0.087616,0,0,0.087616,0,0.339889,1.0110,0.1250,-0.2360,0.016129,0,0,0.016129,0,0.016129,1
299128714,38.6335682000,-0.2670106000,860.8640,0.088804,0,0,0.088804,0,0.345744,0.7790,0.2260,-0.4720,0.023409,0,0,0.023409,0,0.023409,1
299329077,38.6335693000,-0.2670100000,860.9310,0.09,0,0,0.09,0,0.350464,0.4850,0.2790,-0.2900,0.021025,0,0,0.021025,0,0.021025,1
299528195,38.6335704000,-0.2670090000,860.9720,0.091204,0,0,0.091204,0,0.354025,0.6800,0.5680,-0.1910,0.016384,0,0,0.016384,0,0.016384,1
299728558,38.6335715000,-0.2670079000,860.9990,0.093025,0,0,0.093025,0,0.36,0.4460,0.5440,-0.5840,0.033124,0,0,0.033124,0,0.033124,1
299927676,38.6335723000,-0.2670067000,861.1060,0.094249,0,0,0.094249,0,0.364816,0.4780,0.4010,-0.3030,0.022201,0,0,0.022201,0,0.022201,1
300128038,38.6335731000,-0.2670058000,861.1480,0.095481,0,0,0.095481,0,0.369664,0.4660,0.4280,0.0110,0.013225,0,0,0.013225,0,0.013225,1
300328401,38.6335741000,-0.2670046000,861.2080,0.0961,0,0,0.0961,0,0.375769,0.6520,0.5280,-0.4670,0.0225,0,0,0.0225,0,0.0225,1
300527519,38.6335752000,-0.2670036000,861.3540,0.097344,0,0,0.097344,0,0.380689,0.5670,0.3280,-0.5470,0.028224,0,0,0.028224,0,0.028224,1
300727882,38.6335761000,-0.2670029000,861.3730,0.098596,0,0,0.098596,0,0.386884,0.4250,0.3620,-0.0110,0.010404,0,0,0.010404,0,0.010404,1
300927000,38.6335768000,-0.2670022000,861.4330,0.099225,0,0,0.099225,0,0.391876,0.3640,0.3020,-0.5790,0.039204,0,0,0.039204,0,0.039204,1
301128607,38.6335776000,-0.2670014000,861.5560,0.099856,0,0,0.099856,0,0.395641,0.5400,0.3560,-0.4250,0.021025,0,0,0.021025,0,0.021025,1
301328970,38.6335785000,-0.2670005000,861.5960,0.100489,0,0,0.100489,0,0.400689,0.4870,0.4370,-0.0290,0.009409,0,0,0.009409,0,0.009409,1
301529332,38.6335793000,-0.2669995000,861.6490,0.101124,0,0,0.101124,0,0.404496,0.3360,0.3840,-0.3430,0.023409,0,0,0.023409,0,0.023409,1
301729695,38.6335800000,-0.2669985000,861.7380,0.101761,0,0,0.101761,0,0.407044,0.4350,0.4490,-0.4210,0.018769,0,0,0.018769,0,0.018769,1
301927569,38.6335807000,-0.2669975000,861.7940,0.101761,0,0,0.101761,0,0.4096,0.4120,0.3530,-0.1250,0.009409,0,0,0.009409,0,0.009409,1
302127932,38.6335814000,-0.2669967000,861.8570,0.101761,0,0,0.101761,0,0.412164,0.2770,0.3020,-0.4560,0.0256,0,0,0.0256,0,0.0256,1
302327050,38.6335819000,-0.2669959000,861.9520,0.1024,0,0,0.1024,0,0.416025,0.3480,0.4480,-0.3880,0.018769,0,0,0.018769,0,0.018769,1
302528657,38.6335825000,-0.2669950000,861.9600,0.1024,0,0,0.1024,0,0.418609,0.3310,0.4110,0.1350,0.011664,0,0,0.011664,0,0.011664,1
302730264,38.6335831000,-0.2669940000,861.9970,0.103041,0,0,0.103041,0,0.421201,0.3330,0.4660,-0.4270,0.017956,0,0,0.017956,0,0.017956,1
302929382,38.6335838000,-0.2669929000,862.0740,0.103041,0,0,0.103041,0,0.423801,0.4110,0.4210,-0.2840,0.011449,0,0,0.011449,0,0.011449,1
303129745,38.6335846000,-0.2669919000,862.1120,0.103041,0,0,0.103041,0,0.425104,0.4690,0.3570,0.0410,0.007921,0,0,0.007921,0,0.007921,1
303328863,38.6335854000,-0.2669913000,862.1550,0.1024,0,0,0.1024,0,0.425104,0.4750,0.2160,-0.2270,0.007744,0,0,0.007744,0,0.007744,1
303529226,38.6335860000,-0.2669908000,862.2400,0.1024,0,0,0.1024,0,0.426409,0.3050,0.1590,-0.5280,0.020164,0,0,0.020164,0,0.020164,1
303727100,38.6335866000,-0.2669903000,862.3000,0.1024,0,0,0.1024,0,0.427716,0.3550,0.2600,-0.0290,0.007056,0,0,0.007056,0,0.007056,1
303926218,38.6335873000,-0.2669896000,862.3190,0.1024,0,0,0.1024,0,0.429025,0.4050,0.3180,-0.1280,0.006561,0,0,0.006561,0,0.006561,1
304126581,38.6335880000,-0.2669889000,862.3750,0.101761,0,0,0.101761,0,0.427716,0.3380,0.2430,-0.4180,0.013689,0,0,0.013689,0,0.013689,1
304325699,38.6335886000,-0.2669884000,862.4670,0.101761,0,0,0.101761,0,0.429025,0.3100,0.1850,-0.2200,0.009216,0,0,0.009216,0,0.009216,1
304524817,38.6335893000,-0.2669880000,862.4870,0.101761,0,0,0.101761,0,0.430336,0.4290,0.2690,-0.0340,0.007056,0,0,0.007056,0,0.007056,1
304725180,38.6335899000,-0.2669875000,862.5530,0.101761,0,0,0.101761,0,0.430336,0.2870,0.1200,-0.6480,0.023409,0,0,0.023409,0,0.023409,1
304925543,38.6335905000,-0.2669871000,862.6640,0.101761,0,0,0.101761,0,0.430336,0.2970,0.2500,-0.4410,0.018225,0,0,0.018225,0,0.018225,1
305124661,38.6335911000,-0.2669865000,862.6870,0.101761,0,0,0.101761,0,0.430336,0.3600,0.2960,0.0590,0.007396,0,0,0.007396,0,0.007396,1
305323779,38.6335918000,-0.2669856000,862.7260,0.101761,0,0,0.101761,0,0.431649,0.4860,0.4820,-0.1490,0.007569,0,0,0.007569,0,0.007569,1
305524142,38.6335926000,-0.2669844000,862.7670,0.1024,0,0,0.1024,0,0.434281,0.3400,0.5180,-0.4770,0.0144,0,0,0.0144,0,0.0144,1
305725749,38.6335933000,-0.2669833000,862.8220,0.101761,0,0,0.101761,0,0.432964,0.4070,0.4540,-0.3220,0.011236,0,0,0.011236,0,0.011236,1
305926112,38.6335943000,-0.2669823000,862.8710,0.1024,0,0,0.1024,0,0.434281,0.6680,0.4900,0.1030,0.011449,0,0,0.011449,0,0.011449,1
306127719,38.6335959000,-0.2669812000,862.8690,0.1024,0,0,0.1024,0,0.4356,1.0750,0.4560,-0.0220,0.007396,0,0,0.007396,0,0.007396,1
306328081,38.6335977000,-0.2669803000,862.9340,0.1024,0,0,0.1024,0,0.436921,1.0070,0.2610,-0.3690,0.006561,0,0,0.006561,0,0.006561,1
306528444,38.6335997000,-0.2669799000,862.9960,0.1024,0,0,0.1024,0,0.438244,1.2280,0.1630,-0.1470,0.007396,0,0,0.007396,0,0.007396,1
306727562,38.6336018000,-0.2669798000,863.0200,0.103041,0,0,0.103041,0,0.439569,1.0400,-0.0650,-0.0810,0.007225,0,0,0.007225,0,0.007225,1
306925436,38.6336038000,-0.2669800000,863.0400,0.103041,0,0,0.103041,0,0.440896,1.1430,-0.0820,0.1400,0.009409,0,0,0.009409,0,0.009409,1
307123309,38.6336055000,-0.2669802000,863.0410,0.103041,0,0,0.103041,0,0.442225,0.8180,-0.1080,0.0280,0.007921,0,0,0.007921,0,0.007921,1
307323672,38.6336068000,-0.2669800000,862.9670,0.103684,0,0,0.103684,0,0.446224,0.5670,0.2000,0.3950,0.021904,0,0,0.021904,0,0.021904,1
307521546,38.6336077000,-0.2669799000,862.8530,0.104976,0,0,0.104976,0,0.451584,0.5160,-0.0300,0.7680,0.047524,0,0,0.047524,0,0.047524,1
307720664,38.6336086000,-0.2669801000,862.6860,0.106276,0,0,0.106276,0,0.459684,0.5350,-0.1210,1.0330,0.061009,0,0,0.061009,0,0.061009,1
307919782,38.6336093000,-0.2669802000,862.4260,0.108241,0,0,0.108241,0,0.469225,0.1810,0.0220,1.4520,0.074529,0,0,0.074529,0,0.074529,1
308118900,38.6336094000,-0.2669802000,862.1710,0.110224,0,0,0.110224,0,0.481636,-0.0220,-0.0400,0.9840,0.077841,0,0,0.077841,0,0.077841,1
308319263,38.6336093000,-0.2669803000,862.0060,0.113569,0,0,0.113569,0,0.495616,-0.1820,-0.0060,0.4020,0.064516,0,0,0.064516,0,0.064516,1
308518381,38.6336092000,-0.2669804000,862.0390,0.116281,0,0,0.116281,0,0.511225,0.1590,-0.1170,-0.0120,0.032761,0,0,0.032761,0,0.032761,1
308721233,38.6336093000,-0.2669806000,862.0130,0.119716,0,0,0.119716,0,0.525625,-0.0580,-0.0780,0.0040,0.015876,0,0,0.015876,0,0.015876,1
308921595,38.6336093000,-0.2669808000,861.9740,0.1225,0,0,0.1225,0,0.540225,0.0260,-0.0700,0.1400,0.09,0,0,0.09,0,0.09,1
309121958,38.6336092000,-0.2669808000,861.9970,0.126025,0,0,0.126025,0,0.556516,-0.0440,-0.0180,-0.0940,0.082944,0,0,0.082944,0,0.082944,1
309321076,38.6336092000,-0.2669808000,862.0040,0.128881,0,0,0.128881,0,0.571536,-0.0020,0.0190,0.0040,0.0225,0,0,0.0225,0,0.0225,1
309522684,38.6336091000,-0.2669807000,862.0110,0.131769,0,0,0.131769,0,0.586756,-0.0180,0.0290,-0.0310,0.076176,0,0,0.076176,0,0.076176,1
309723046,38.6336091000,-0.2669807000,861.9980,0.135424,0,0,0.135424,0,0.600625,-0.0460,0.0170,0.0010,0.033489,0,0,0.033489,0,0.033489,1
309923409,38.6336091000,-0.2669807000,861.9850,0.138384,0,0,0.138384,0,0.614656,0.0220,-0.0620,0.0580,0.063001,0,0,0.063001,0,0.063001,1
310122527,38.6336091000,-0.2669808000,861.9810,0.140625,0,0,0.140625,0,0.627264,0.0100,0.0200,0.0090,0.020164,0,0,0.020164,0,0.020164,1
310320401,38.6336090000,-0.2669806000,861.9830,0.142129,0,0,0.142129,0,0.635209,-0.0930,0.0910,0.0700,0.018225,0,0,0.018225,0,0.018225,1
310519519,38.6336092000,-0.2669806000,861.9110,0.143641,0,0,0.143641,0,0.643204,0.1650,-0.0470,0.1730,0.055696,0,0,0.055696,0,0.055696,1
310721126,38.6336093000,-0.2669808000,861.9480,0.145161,0,0,0.145161,0,0.652864,0.0330,-0.1290,0.0280,0.0324,0,0,0.0324,0,0.0324,1
310921488,38.6336093000,-0.2669808000,861.9510,0.146689,0,0,0.146689,0,0.660969,-0.0690,0.0770,-0.0520,0.047961,0,0,0.047961,0,0.047961,1
311123096,38.6336093000,-0.2669808000,861.9550,0.148996,0,0,0.148996,0,0.667489,0.0030,-0.0100,-0.0380,0.041616,0,0,0.041616,0,0.041616,1
311320969,38.6336093000,-0.2669808000,861.9500,0.149769,0,0,0.149769,0,0.6724,-0.0440,0.0300,-0.0280,0.040804,0,0,0.040804,0,0.040804,1
311521332,38.6336092000,-0.2669807000,861.9790,0.151321,0,0,0.151321,0,0.678976,-0.0350,0.0640,-0.0320,0.039601,0,0,0.039601,0,0.039601,1
311721695,38.6336092000,-0.2669806000,861.9950,0.152881,0,0,0.152881,0,0.685584,0.0430,-0.0010,-0.0110,0.01,0,0,0.01,0,0.01,1
311922057,38.6336093000,-0.2669806000,861.9800,0.154449,0,0,0.154449,0,0.690561,0.0040,-0.0270,-0.0090,0.018496,0,0,0.018496,0,0.018496,1
312122420,38.6336093000,-0.2669806000,862.0020,0.156025,0,0,0.156025,0,0.697225,-0.0070,0.0410,-0.0650,0.046656,0,0,0.046656,0,0.046656,1
312321538,38.6336092000,-0.2669805000,862.0250,0.156816,0,0,0.156816,0,0.703921,-0.1050,0.0540,-0.0770,0.04,0,0,0.04,0,0.04,1
312521901,38.6336091000,-0.2669805000,862.0410,0.158404,0,0,0.158404,0,0.710649,-0.0140,-0.0320,-0.0760,0.035344,0,0,0.035344,0,0.035344,1
312723508,38.6336091000,-0.2669806000,862.0430,0.16,0,0,0.16,0,0.717409,-0.0020,-0.0130,-0.1200,0.041616,0,0,0.041616,0,0.041616,1
312925115,38.6336091000,-0.2669806000,862.0550,0.161604,0,0,0.161604,0,0.724201,0.0140,-0.0010,-0.0550,0.036864,0,0,0.036864,0,0.036864,1
313124233,38.6336091000,-0.2669806000,862.0710,0.163216,0,0,0.163216,0,0.729316,-0.0220,0.0670,-0.0610,0.04,0,0,0.04,0,0.04,1
313324596,38.6336091000,-0.2669805000,862.0640,0.164836,0,0,0.164836,0,0.736164,0.0190,-0.0040,-0.0470,0.031684,0,0,0.031684,0,0.031684,1
313523714,38.6336092000,-0.2669806000,862.0550,0.166464,0,0,0.166464,0,0.741321,-0.0130,0.0100,-0.0380,0.044521,0,0,0.044521,0,0.044521,1
313722832,38.6336091000,-0.2669806000,862.0750,0.167281,0,0,0.167281,0,0.748225,-0.0210,-0.0200,-0.0370,0.0289,0,0,0.0289,0,0.0289,1
313921950,38.6336091000,-0.2669806000,862.0890,0.168921,0,0,0.168921,0,0.755161,-0.0130,0.0340,-0.0850,0.045369,0,0,0.045369,0,0.045369,1
314123558,38.6336091000,-0.2669806000,862.0920,0.170569,0,0,0.170569,0,0.762129,0.0070,-0.0430,0.0160,0.034225,0,0,0.034225,0,0.034225,1
314323920,38.6336091000,-0.2669807000,862.0940,0.173056,0,0,0.173056,0,0.770884,0.0370,-0.0540,-0.0220,0.030625,0,0,0.030625,0,0.030625,1
314521794,38.6336092000,-0.2669807000,862.1090,0.174724,0,0,0.174724,0,0.777924,-0.0460,0.0920,-0.0940,0.047961,0,0,0.047961,0,0.047961,1
314724645,38.6336091000,-0.2669807000,862.1180,0.177241,0,0,0.177241,0,0.786769,-0.0010,-0.0450,0.0090,0.028561,0,0,0.028561,0,0.028561,1
314921275,38.6336091000,-0.2669808000,862.1150,0.178929,0,0,0.178929,0,0.793881,0.0120,-0.0360,0.0500,0.0441,0,0,0.0441,0,0.0441,1
315119148,38.6336091000,-0.2669807000,862.1050,0.180625,0,0,0.180625,0,0.802816,-0.0170,0.0530,0.0430,0.028561,0,0,0.028561,0,0.028561,1
315318267,38.6336091000,-0.2669807000,862.1280,0.182329,0,0,0.182329,0,0.81,0.0060,-0.0140,-0.0160,0.030276,0,0,0.030276,0,0.030276,1
315519874,38.6336091000,-0.2669807000,862.1130,0.184041,0,0,0.184041,0,0.819025,-0.0290,0.0040,-0.0180,0.029929,0,0,0.029929,0,0.029929,1
315725214,38.6336091000,-0.2669807000,862.1060,0.1849,0,0,0.1849,0,0.826281,0.0120,-0.0100,-0.0310,0.034969,0,0,0.034969,0,0.034969,1
315921844,38.6336091000,-0.2669808000,862.1090,0.186624,0,0,0.186624,0,0.835396,0.0190,-0.0160,0.0310,0.045369,0,0,0.045369,0,0.045369,1
316122206,38.6336091000,-0.2669809000,862.1090,0.188356,0,0,0.188356,0,0.840889,0.0110,-0.0370,-0.0750,0.034596,0,0,0.034596,0,0.034596,1
316321324,38.6336092000,-0.2669809000,862.1220,0.189225,0,0,0.189225,0,0.848241,0.0160,0.0330,-0.0140,0.013689,0,0,0.013689,0,0.013689,1
316524176,38.6336092000,-0.2669808000,862.1410,0.190096,0,0,0.190096,0,0.853776,0.0570,-0.0300,-0.0070,0.018496,0,0,0.018496,0,0.018496,1
316724539,38.6336093000,-0.2669810000,862.1100,0.190969,0,0,0.190969,0,0.859329,-0.0140,-0.0980,0.0190,0.017689,0,0,0.017689,0,0.017689,1
316926146,38.6336092000,-0.2669810000,862.1080,0.192721,0,0,0.192721,0,0.8649,-0.0110,0.1000,0.0300,0.018225,0,0,0.018225,0,0.018225,1
317126509,38.6336092000,-0.2669810000,862.1320,0.1936,0,0,0.1936,0,0.870489,0.0350,-0.0590,0.0630,0.041616,0,0,0.041616,0,0.041616,1
317328116,38.6336092000,-0.2669811000,862.0880,0.194481,0,0,0.194481,0,0.876096,-0.1040,0.0650,0.0090,0.022801,0,0,0.022801,0,0.022801,1
317527234,38.6336092000,-0.2669811000,862.0850,0.196249,0,0,0.196249,0,0.881721,0.1280,-0.0520,0.0680,0.033124,0,0,0.033124,0,0.033124,1
317727597,38.6336093000,-0.2669813000,862.0980,0.197136,0,0,0.197136,0,0.889249,0.0780,-0.1390,0.0730,0.038025,0,0,0.038025,0,0.038025,1
317927960,38.6336095000,-0.2669814000,862.0950,0.198916,0,0,0.198916,0,0.900601,0.0920,0.1530,-0.0490,0.015625,0,0,0.015625,0,0.015625,1
318129567,38.6336095000,-0.2669813000,862.1140,0.201601,0,0,0.201601,0,0.912025,-0.0300,-0.0680,0.0040,0.016129,0,0,0.016129,0,0.016129,1
318329930,38.6336095000,-0.2669815000,862.1180,0.206116,0,0,0.206116,0,0.925444,0.0370,-0.0520,0.0010,0.054756,0,0,0.054756,0,0.054756,1
318529048,38.6336096000,-0.2669815000,862.1080,0.210681,0,0,0.210681,0,0.9409,0.0320,0.0280,0.0020,0.026896,0,0,0.026896,0,0.026896,1
318729411,38.6336095000,-0.2669813000,862.1400,0.215296,0,0,0.215296,0,0.958441,-0.0850,0.1200,-0.1840,0.084681,0,0,0.084681,0,0.084681,1
318928529,38.6336095000,-0.2669812000,862.2110,0.219961,0,0,0.219961,0,0.976144,0.1460,-0.0150,-0.5200,0.0576,0,0,0.0576,0,0.0576,1
319125158,38.6336097000,-0.2669812000,862.4520,0.223729,0,0,0.223729,0,0.990025,0.1860,-0.0970,-1.0870,0.059536,0,0,0.059536,0,0.059536,1
319324277,38.6336100000,-0.2669816000,862.7870,0.226576,0,0,0.226576,0,1.00601,0.1680,-0.2920,-1.4830,0.058081,0,0,0.058081,0,0.058081,1
319523395,38.6336103000,-0.2669823000,863.0830,0.228484,0,0,0.228484,0,1.01808,0.1850,-0.2430,-1.8070,0.059536,0,0,0.059536,0,0.059536,1
319723757,38.6336104000,-0.2669830000,863.4380,0.229441,0,0,0.229441,0,1.0201,0.0970,-0.4640,-1.4250,0.0529,0,0,0.0529,0,0.0529,1
319924120,38.6336108000,-0.2669844000,863.6340,0.228484,0,0,0.228484,0,1.02617,0.2940,-0.7570,-0.8200,0.036481,0,0,0.036481,0,0.036481,1
320124483,38.6336112000,-0.2669865000,863.7180,0.227529,0,0,0.227529,0,1.0282,0.2200,-1.0880,-0.2890,0.020164,0,0,0.020164,0,0.020164,1
320324846,38.6336114000,-0.2669891000,863.7310,0.226576,0,0,0.226576,0,1.03429,0.0810,-1.2060,-0.1000,0.021025,0,0,0.021025,0,0.021025,1
320523964,38.6336111000,-0.2669917000,863.7610,0.226576,0,0,0.226576,0,1.0404,-0.3420,-1.0890,-0.1260,0.022201,0,0,0.022201,0,0.022201,1
320721838,38.6336106000,-0.2669937000,863.8470,0.229441,0,0,0.229441,0,1.04858,-0.2470,-0.6750,-0.1470,0.032761,0,0,0.032761,0,0.032761,1
320920956,38.6336106000,-0.2669950000,863.8390,0.233289,0,0,0.233289,0,1.05884,0.2500,-0.4090,-0.1160,0.077841,0,0,0.077841,0,0.077841,1
321120074,38.6336113000,-0.2669961000,863.8260,0.2401,0,0,0.2401,0,1.07744,0.4550,-0.5290,-0.0310,0.110224,0,0,0.110224,0,0.110224,1
321321682,38.6336121000,-0.2669977000,863.8300,0.253009,0,0,0.253009,0,1.1046,0.4600,-0.7900,0.1190,0.139876,0,0,0.139876,0,0.139876,1
321524533,38.6336131000,-0.2669990000,863.8270,0.271441,0,0,0.271441,0,1.14062,0.5810,-0.3950,0.2310,0.092416,0,0,0.092416,0,0.092416,1
321722407,38.6336139000,-0.2669999000,863.8130,0.288369,0,0,0.288369,0,1.1794,0.3350,-0.3240,-0.0010,0.093636,0,0,0.093636,0,0.093636,1
321921525,38.6336143000,-0.2670013000,863.8340,0.305809,0,0,0.305809,0,1.22988,0.1900,-0.8890,-0.1090,0.198916,0,0,0.198916,0,0.198916,1
322120644,38.6336147000,-0.2670028000,863.8790,0.329476,0,0,0.329476,0,1.28369,0.2440,-0.4590,-0.2730,0.148225,0,0,0.148225,0,0.148225,1
322321006,38.6336151000,-0.2670045000,863.9460,0.350464,0,0,0.350464,0,1.3456,0.2410,-0.9280,-0.2010,0.204304,0,0,0.204304,0,0.204304,1
322520125,38.6336156000,-0.2670057000,863.9820,0.374544,0,0,0.374544,0,1.41372,0.2450,-0.1160,-0.3740,0.140625,0,0,0.140625,0,0.140625,1
322720487,38.6336151000,-0.2670055000,864.1520,0.398161,0,0,0.398161,0,1.4884,-0.6420,0.2370,-0.6090,0.207025,0,0,0.207025,0,0.207025,1
322918361,38.6336142000,-0.2670065000,864.2330,0.421201,0,0,0.421201,0,1.55252,-0.3480,-1.0550,-0.2730,0.181476,0,0,0.181476,0,0.181476,1
323117479,38.6336135000,-0.2670086000,864.1820,0.442225,0,0,0.442225,0,1.61798,-0.4270,-0.6760,-0.2640,0.151321,0,0,0.151321,0,0.151321,1
323320331,38.6336130000,-0.2670098000,864.2370,0.461041,0,0,0.461041,0,1.67185,-0.2040,-0.3850,-0.3230,0.133225,0,0,0.133225,0,0.133225,1
323523183,38.6336129000,-0.2670108000,864.0520,0.478864,0,0,0.478864,0,1.72134,-0.1500,-0.3610,0.2100,0.163216,0,0,0.163216,0,0.163216,1
323724790,38.6336124000,-0.2670109000,863.8410,0.497025,0,0,0.497025,0,1.75828,-0.5880,0.3110,0.0480,0.2116,0,0,0.2116,0,0.2116,1
323923908,38.6336114000,-0.2670112000,863.8400,0.512656,0,0,0.512656,0,1.79292,-0.3620,-0.4520,0.1440,0.09,0,0,0.09,0,0.09,1
324121782,38.6336110000,-0.2670118000,863.7090,0.527076,0,0,0.527076,0,1.84145,-0.1680,0.0100,0.2620,0.109561,0,0,0.109561,0,0.109561,1
324322145,38.6336109000,-0.2670120000,863.8060,0.543169,0,0,0.543169,0,1.88513,0.1460,-0.1950,0.1730,0.159201,0,0,0.159201,0,0.159201,1
324520019,38.6336109000,-0.2670125000,863.8260,0.558009,0,0,0.558009,0,1.9321,-0.0550,-0.2190,0.0360,0.131769,0,0,0.131769,0,0.131769,1
324719137,38.6336109000,-0.2670129000,863.8580,0.570025,0,0,0.570025,0,1.96841,0.0690,-0.0850,0.0750,0.133956,0,0,0.133956,0,0.133956,1
324920744,38.6336108000,-0.2670130000,863.8450,0.579121,0,0,0.579121,0,1.99092,-0.1350,0.0110,0.0640,0.079524,0,0,0.079524,0,0.079524,1
325121107,38.6336109000,-0.2670134000,863.8580,0.586756,0,0,0.586756,0,1.99657,0.1430,-0.2030,-0.1050,0.071824,0,0,0.071824,0,0.071824,1
325320225,38.6336110000,-0.2670141000,863.8390,0.5929,0,0,0.5929,0,2.01924,-0.0610,-0.2070,-0.0100,0.072361,0,0,0.072361,0,0.072361,1
325520588,38.6336113000,-0.2670150000,863.8900,0.600625,0,0,0.600625,0,2.05062,0.3390,-0.5710,-0.1610,0.076176,0,0,0.076176,0,0.076176,1
325718462,38.6336118000,-0.2670158000,863.8140,0.6084,0,0,0.6084,0,2.05636,0.2010,-0.1300,-0.1000,0.086436,0,0,0.086436,0,0.086436,1
325918824,38.6336121000,-0.2670168000,863.7500,0.617796,0,0,0.617796,0,2.08225,0.0550,-0.6550,0.0700,0.132496,0,0,0.132496,0,0.132496,1
326117943,38.6336120000,-0.2670175000,863.8670,0.628849,0,0,0.628849,0,2.1054,0.1120,0.1440,0.0750,0.074529,0,0,0.074529,0,0.074529,1
326319550,38.6336121000,-0.2670174000,863.7940,0.635209,0,0,0.635209,0,2.12868,-0.0760,-0.0560,0.2570,0.091204,0,0,0.091204,0,0.091204,1
326519913,38.6336120000,-0.2670176000,863.6950,0.644809,0,0,0.644809,0,2.15796,-0.0160,-0.0110,0.2500,0.110224,0,0,0.110224,0,0.110224,1
326719031,38.6336118000,-0.2670177000,863.7090,0.652864,0,0,0.652864,0,2.18744,0.0800,0.0770,0.0720,0.092416,0,0,0.092416,0,0.092416,1
326919394,38.6336117000,-0.2670177000,863.7250,0.659344,0,0,0.659344,0,2.21414,-0.0600,0.0470,-0.0860,0.120409,0,0,0.120409,0,0.120409,1
327119756,38.6336117000,-0.2670174000,863.6800,0.669124,0,0,0.669124,0,2.244,-0.0400,0.3270,-0.0840,0.158404,0,0,0.158404,0,0.158404,1
327321364,38.6336124000,-0.2670171000,863.4820,0.683929,0,0,0.683929,0,2.27105,0.4220,0.0540,0.3120,0.107584,0,0,0.107584,0,0.107584,1
327522971,38.6336133000,-0.2670164000,863.3010,0.692224,0,0,0.692224,0,2.30129,0.4030,0.6670,0.6250,0.109561,0,0,0.109561,0,0.109561,1
327723334,38.6336133000,-0.2670153000,863.3820,0.7056,0,0,0.7056,0,2.32562,-0.0330,0.3220,0.2050,0.226576,0,0,0.226576,0,0.226576,1
327924941,38.6336130000,-0.2670133000,863.5110,0.734449,0,0,0.734449,0,2.3593,-0.1450,1.3210,-0.4360,0.214369,0,0,0.214369,0,0.214369,1
328126548,38.6336129000,-0.2670113000,863.4620,0.751689,0,0,0.751689,0,2.39321,0.1160,0.6240,0.3890,0.164836,0,0,0.164836,0,0.164836,1
328325666,38.6336134000,-0.2670099000,863.4710,0.769129,0,0,0.769129,0,2.42736,0.5340,0.5220,0.1400,0.085264,0,0,0.085264,0,0.085264,1
328524785,38.6336145000,-0.2670089000,863.4690,0.788544,0,0,0.788544,0,2.46804,0.5910,0.4940,0.0060,0.082944,0,0,0.082944,0,0.082944,1
328725147,38.6336153000,-0.2670082000,863.4610,0.801025,0,0,0.801025,0,2.50272,0.2880,0.0420,0.2720,0.182329,0,0,0.182329,0,0.182329,1
328925510,38.6336159000,-0.2670077000,863.3690,0.820836,0,0,0.820836,0,2.54722,0.3780,0.4730,0.3650,0.156025,0,0,0.156025,0,0.156025,1
329125873,38.6336163000,-0.2670075000,863.3610,0.840889,0,0,0.840889,0,2.5921,0.3170,-0.1680,0.4990,0.208849,0,0,0.208849,0,0.208849,1
329324991,38.6336163000,-0.2670073000,863.4520,0.855625,0,0,0.855625,0,2.61469,-0.0100,0.2540,0.0580,0.180625,0,0,0.180625,0,0.180625,1
329524109,38.6336160000,-0.2670063000,863.5600,0.863041,0,0,0.863041,0,2.63413,-0.0810,0.2460,0.0470,0.147456,0,0,0.147456,0,0.147456,1
329724472,38.6336160000,-0.2670061000,863.5410,0.876096,0,0,0.876096,0,2.66669,0.1100,-0.0070,0.0810,0.147456,0,0,0.147456,0,0.147456,1
329922346,38.6336160000,-0.2670058000,863.6770,0.889249,0,0,0.889249,0,2.69945,-0.0400,0.2190,-0.2510,0.179776,0,0,0.179776,0,0.179776,1
330122708,38.6336159000,-0.2670053000,863.6980,0.906304,0,0,0.906304,0,2.74234,-0.0660,0.2260,-0.0800,0.303601,0,0,0.303601,0,0.303601,1
330321827,38.6336156000,-0.2670047000,863.7210,0.929296,0,0,0.929296,0,2.78556,-0.2240,0.2810,-0.1720,0.322624,0,0,0.322624,0,0.322624,1
330520945,38.6336155000,-0.2670040000,863.6710,0.954529,0,0,0.954529,0,2.83249,-0.0810,0.3800,-0.0490,0.2704,0,0,0.2704,0,0.2704,1
330721308,38.6336151000,-0.2670035000,863.7020,0.978121,0,0,0.978121,0,2.87642,-0.3160,0.0940,-0.0310,0.212521,0,0,0.212521,0,0.212521,1
330919181,38.6336144000,-0.2670032000,863.6850,0.998001,0,0,0.998001,0,2.9241,-0.5670,0.2880,0.0730,0.123201,0,0,0.123201,0,0.123201,1
331119544,38.6336133000,-0.2670023000,863.7020,1.01405,0,0,1.01405,0,2.98598,-0.6090,0.4640,-0.0780,0.224676,0,0,0.224676,0,0.224676,1
331318663,38.6336123000,-0.2670011000,863.6680,1.03022,0,0,1.03022,0,3.04503,-0.4940,0.5170,0.0630,0.1156,0,0,0.1156,0,0.1156,1
331516536,38.6336116000,-0.2670002000,863.6130,1.04244,0,0,1.04244,0,3.09056,-0.5670,0.6240,0.0590,0.171396,0,0,0.171396,0,0.171396,1
331715655,38.6336111000,-0.2669990000,863.6080,1.05678,0,0,1.05678,0,3.15418,-0.0840,0.5610,0.0370,0.164836,0,0,0.164836,0,0.164836,1
331922240,38.6336106000,-0.2669977000,863.6020,1.0733,0,0,1.0733,0,3.22562,-0.5390,0.5220,-0.0060,0.181476,0,0,0.181476,0,0.181476,1
332122602,38.6336095000,-0.2669965000,863.6620,1.08785,0,0,1.08785,0,3.29422,-0.4670,0.4450,-0.1280,0.204304,0,0,0.204304,0,0.204304,1
332325454,38.6336085000,-0.2669951000,863.6900,1.1004,0,0,1.1004,0,3.35256,-0.5220,0.6650,0.0580,0.174724,0,0,0.174724,0,0.174724,1
332522083,38.6336078000,-0.2669939000,863.7680,1.1046,0,0,1.1046,0,3.3709,-0.1990,0.3770,-0.0620,0.141376,0,0,0.141376,0,0.141376,1
332722446,38.6336076000,-0.2669932000,863.7290,1.08785,0,0,1.08785,0,3.33062,-0.1020,0.6130,0.0410,0.099225,0,0,0.099225,0,0.099225,1
332922809,38.6336067000,-0.2669924000,863.7840,1.05884,0,0,1.05884,0,3.2472,-0.5220,0.6700,0.1390,0.056644,0,0,0.056644,0,0.056644,1
333121927,38.6336057000,-0.2669912000,863.7310,1.02414,0,0,1.02414,0,3.18622,-0.4770,0.8430,0.2320,0.046656,0,0,0.046656,0,0.046656,1
333323534,38.6336050000,-0.2669889000,863.7410,0.982081,0,0,0.982081,0,3.14353,-0.1850,0.9110,0.1540,0.033489,0,0,0.033489,0,0.033489,1
333523897,38.6336047000,-0.2669874000,863.8200,0.937024,0,0,0.937024,0,3.0976,0.0550,1.0810,0.1390,0.025921,0,0,0.025921,0,0.025921,1
333724260,38.6336051000,-0.2669854000,864.0090,0.876096,0,0,0.876096,0,3.00676,0.2860,0.8980,-0.0620,0.017956,0,0,0.017956,0,0.017956,1
333924623,38.6336062000,-0.2669837000,864.0160,0.8281,0,0,0.8281,0,2.93437,0.4640,0.7000,0.1270,0.012996,0,0,0.012996,0,0.012996,1
334124985,38.6336071000,-0.2669824000,864.0950,0.781456,0,0,0.781456,0,2.86625,0.3740,0.5200,-0.0310,0.010404,0,0,0.010404,0,0.010404,1
334326593,38.6336080000,-0.2669812000,864.0420,0.748225,0,0,0.748225,0,2.81904,0.6400,0.3130,0.3890,0.028561,0,0,0.028561,0,0.028561,1
334524466,38.6336091000,-0.2669812000,864.0450,0.720801,0,0,0.720801,0,2.7689,0.4540,0.1070,0.2200,0.031684,0,0,0.031684,0,0.031684,1
334726074,38.6336101000,-0.2669812000,863.9380,0.703921,0,0,0.703921,0,2.73903,0.5750,0.0390,0.6910,0.058564,0,0,0.058564,0,0.058564,1
334926437,38.6336109000,-0.2669817000,863.7680,0.6889,0,0,0.6889,0,2.7225,0.2000,-0.1700,1.0730,0.074529,0,0,0.074529,0,0.074529,1
335124310,38.6336110000,-0.2669823000,863.5380,0.683929,0,0,0.683929,0,2.71261,-0.0360,-0.2470,1.2760,0.077284,0,0,0.077284,0,0.077284,1
335320940,38.6336106000,-0.2669831000,863.3380,0.6724,0,0,0.6724,0,2.69616,-0.4700,-0.1870,1.0700,0.061504,0,0,0.061504,0,0.061504,1
335521303,38.6336101000,-0.2669833000,863.2290,0.665856,0,0,0.665856,0,2.68632,-0.1660,-0.1010,0.6850,0.076176,0,0,0.076176,0,0.076176,1
335721665,38.6336099000,-0.2669837000,863.1380,0.659344,0,0,0.659344,0,2.68632,-0.0520,-0.0900,0.6630,0.088804,0,0,0.088804,0,0.088804,1
335922028,38.6336097000,-0.2669839000,863.1610,0.657721,0,0,0.657721,0,2.6896,0.0450,-0.1640,0.1730,0.0841,0,0,0.0841,0,0.0841,1
336119902,38.6336096000,-0.2669840000,863.1950,0.657721,0,0,0.657721,0,2.69945,-0.0300,0.0190,-0.2300,0.095481,0,0,0.095481,0,0.095481,1
336320264,38.6336094000,-0.2669843000,863.2220,0.657721,0,0,0.657721,0,2.70932,-0.0910,-0.1100,0.0740,0.029241,0,0,0.029241,0,0.029241,1
336521872,38.6336091000,-0.2669849000,863.2750,0.6561,0,0,0.6561,0,2.7225,-0.0780,0.0030,-0.0740,0.082944,0,0,0.082944,0,0.082944,1
336724723,38.6336088000,-0.2669851000,863.3260,0.6561,0,0,0.6561,0,2.73572,-0.0010,0.0690,-0.0340,0.050625,0,0,0.050625,0,0.050625,1
336925086,38.6336086000,-0.2669853000,863.3910,0.6561,0,0,0.6561,0,2.74896,-0.0480,0.0130,-0.0990,0.093636,0,0,0.093636,0,0.093636,1
337129182,38.6336083000,-0.2669852000,863.4520,0.657721,0,0,0.657721,0,2.76224,-0.0090,-0.0270,-0.0980,0.071824,0,0,0.071824,0,0.071824,1
337327056,38.6336081000,-0.2669850000,863.4970,0.659344,0,0,0.659344,0,2.77556,-0.0280,-0.0030,-0.0570,0.083521,0,0,0.083521,0,0.083521,1
337527419,38.6336080000,-0.2669851000,863.5610,0.660969,0,0,0.660969,0,2.79224,0.0260,0.0300,-0.1330,0.076176,0,0,0.076176,0,0.076176,1
337729026,38.6336077000,-0.2669846000,863.6650,0.657721,0,0,0.657721,0,2.80228,-0.0410,0.0820,-0.0970,0.070225,0,0,0.070225,0,0.070225,1
337926900,38.6336077000,-0.2669849000,863.6580,0.652864,0,0,0.652864,0,2.80228,0.1180,-0.0950,-0.0520,0.0256,0,0,0.0256,0,0.0256,1
338127262,38.6336077000,-0.2669853000,863.7360,0.648025,0,0,0.648025,0,2.79893,-0.0280,-0.0640,-0.0860,0.0324,0,0,0.0324,0,0.0324,1
338327625,38.6336080000,-0.2669856000,863.7780,0.641601,0,0,0.641601,0,2.7889,0.0220,0.0640,-0.0250,0.017689,0,0,0.017689,0,0.017689,1
338526743,38.6336081000,-0.2669858000,863.8040,0.635209,0,0,0.635209,0,2.78222,-0.0240,0.0190,0.0240,0.017956,0,0,0.017956,0,0.017956,1
338725862,38.6336080000,-0.2669860000,863.8490,0.632025,0,0,0.632025,0,2.77889,0.0430,-0.0510,-0.0440,0.021025,0,0,0.021025,0,0.021025,1
338926224,38.6336083000,-0.2669863000,863.8880,0.627264,0,0,0.627264,0,2.7689,-0.0020,0.0260,-0.0320,0.044521,0,0,0.044521,0,0.044521,1
339125342,38.6336083000,-0.2669866000,863.9590,0.620944,0,0,0.620944,0,2.7556,0.0410,-0.0170,0.0320,0.038809,0,0,0.038809,0,0.038809,1
339326950,38.6336085000,-0.2669869000,864.0210,0.616225,0,0,0.616225,0,2.74896,-0.0500,0.0190,-0.0550,0.042436,0,0,0.042436,0,0.042436,1
339527312,38.6336086000,-0.2669871000,864.0730,0.611524,0,0,0.611524,0,2.74234,-0.0280,0.0620,-0.0590,0.039204,0,0,0.039204,0,0.039204,1
339728919,38.6336087000,-0.2669872000,864.1220,0.606841,0,0,0.606841,0,2.73241,0.0350,-0.0370,0.0380,0.035721,0,0,0.035721,0,0.035721,1
339928038,38.6336086000,-0.2669873000,864.1470,0.602176,0,0,0.602176,0,2.7225,-0.0220,0.0080,-0.0010,0.015129,0,0,0.015129,0,0.015129,1
340127156,38.6336086000,-0.2669874000,864.1850,0.597529,0,0,0.597529,0,2.7159,-0.0340,0.0290,-0.1280,0.042025,0,0,0.042025,0,0.042025,1
340327518,38.6336085000,-0.2669871000,864.2460,0.591361,0,0,0.591361,0,2.70274,-0.0120,0.0340,-0.0080,0.0225,0,0,0.0225,0,0.0225,1
340527881,38.6336083000,-0.2669869000,864.3070,0.585225,0,0,0.585225,0,2.69288,-0.0280,0.0040,-0.0640,0.04,0,0,0.04,0,0.04,1
340730733,38.6336082000,-0.2669869000,864.3470,0.579121,0,0,0.579121,0,2.67977,0.0120,-0.0150,-0.0190,0.018225,0,0,0.018225,0,0.018225,1
340932340,38.6336083000,-0.2669869000,864.3940,0.571536,0,0,0.571536,0,2.66342,-0.0020,0.0250,0.0300,0.021025,0,0,0.021025,0,0.021025,1
341130214,38.6336084000,-0.2669870000,864.4560,0.565504,0,0,0.565504,0,2.65038,0.0060,-0.0260,-0.0520,0.026896,0,0,0.026896,0,0.026896,1
341330576,38.6336084000,-0.2669869000,864.4990,0.559504,0,0,0.559504,0,2.63738,-0.0320,0.0010,-0.0290,0.030976,0,0,0.030976,0,0.030976,1
341533428,38.6336082000,-0.2669868000,864.5690,0.552049,0,0,0.552049,0,2.62116,-0.0010,0.0100,-0.0260,0.039601,0,0,0.039601,0,0.039601,1
341731302,38.6336081000,-0.2669865000,864.6330,0.546121,0,0,0.546121,0,2.60823,-0.0120,0.0070,-0.0110,0.034969,0,0,0.034969,0,0.034969,1
341932909,38.6336079000,-0.2669862000,864.6910,0.541696,0,0,0.541696,0,2.5921,-0.0400,0.0560,-0.0540,0.036864,0,0,0.036864,0,0.036864,1
342133272,38.6336078000,-0.2669862000,864.7340,0.535824,0,0,0.535824,0,2.58245,-0.0030,0.0090,-0.0570,0.041209,0,0,0.041209,0,0.041209,1
342331145,38.6336079000,-0.2669862000,864.7590,0.531441,0,0,0.531441,0,2.56961,0.0250,-0.0170,-0.0380,0.020449,0,0,0.020449,0,0.020449,1
342532753,38.6336079000,-0.2669863000,864.7920,0.528529,0,0,0.528529,0,2.56,0.0120,-0.0020,-0.0180,0.0225,0,0,0.0225,0,0.0225,1
342733115,38.6336079000,-0.2669863000,864.8190,0.525625,0,0,0.525625,0,2.55041,-0.0680,0.0480,-0.1190,0.043681,0,0,0.043681,0,0.043681,1
342932234,38.6336078000,-0.2669862000,864.8640,0.521284,0,0,0.521284,0,2.54084,-0.0020,-0.0050,-0.0840,0.038809,0,0,0.038809,0,0.038809,1
343132596,38.6336078000,-0.2669862000,864.8890,0.516961,0,0,0.516961,0,2.53128,-0.0060,0.0260,-0.0340,0.042025,0,0,0.042025,0,0.042025,1
343330470,38.6336078000,-0.2669862000,864.9000,0.515524,0,0,0.515524,0,2.52174,-0.0090,0.0200,-0.0020,0.026244,0,0,0.026244,0,0.026244,1
343530833,38.6336078000,-0.2669861000,864.9240,0.512656,0,0,0.512656,0,2.51222,-0.0260,0.0240,-0.0470,0.044521,0,0,0.044521,0,0.044521,1
343731196,38.6336078000,-0.2669862000,864.9410,0.509796,0,0,0.509796,0,2.50589,0.0040,-0.0060,0.0350,0.043681,0,0,0.043681,0,0.043681,1
343931558,38.6336078000,-0.2669862000,864.9370,0.508369,0,0,0.508369,0,2.4964,0.0040,-0.0150,0.0040,0.0289,0,0,0.0289,0,0.0289,1
344130677,38.6336077000,-0.2669862000,864.9580,0.505521,0,0,0.505521,0,2.49008,0.0060,0.0250,0.0190,0.017161,0,0,0.017161,0,0.017161,1
344329795,38.6336077000,-0.2669862000,864.9510,0.5041,0,0,0.5041,0,2.48378,0.0110,-0.0030,0.0330,0.042436,0,0,0.042436,0,0.042436,1
344527669,38.6336076000,-0.2669862000,864.9520,0.502681,0,0,0.502681,0,2.48062,0.0230,-0.0370,0.0150,0.035344,0,0,0.035344,0,0.035344,1
344730520,38.6336076000,-0.2669862000,864.9420,0.501264,0,0,0.501264,0,2.47433,0.0220,0.0130,-0.0010,0.006724,0,0,0.006724,0,0.006724,1
344928394,38.6336075000,-0.2669861000,864.9520,0.499849,0,0,0.499849,0,2.46804,-0.0360,0.0320,-0.0280,0.040401,0,0,0.040401,0,0.040401,1
345127512,38.6336072000,-0.2669858000,864.9860,0.498436,0,0,0.498436,0,2.46176,0.0300,-0.0680,0.0280,0.034596,0,0,0.034596,0,0.034596,1
345325386,38.6336072000,-0.2669859000,864.9820,0.497025,0,0,0.497025,0,2.45862,0.0200,-0.0220,-0.0210,0.0256,0,0,0.0256,0,0.0256,1
345524504,38.6336070000,-0.2669856000,865.0160,0.494209,0,0,0.494209,0,2.44922,-0.0090,-0.0010,-0.0570,0.040401,0,0,0.040401,0,0.040401,1
345724867,38.6336069000,-0.2669856000,865.0060,0.492804,0,0,0.492804,0,2.44297,0.0320,-0.0830,0.0910,0.0441,0,0,0.0441,0,0.0441,1
345923986,38.6336069000,-0.2669857000,865.0390,0.491401,0,0,0.491401,0,2.43672,-0.0110,0.0060,-0.0060,0.041616,0,0,0.041616,0,0.041616,1
346125593,38.6336068000,-0.2669858000,865.0410,0.491401,0,0,0.491401,0,2.4336,-0.0200,0.0010,-0.0310,0.042436,0,0,0.042436,0,0.042436,1
346325955,38.6336068000,-0.2669860000,865.0370,0.49,0,0,0.49,0,2.4336,-0.0290,-0.0820,0.0300,0.018496,0,0,0.018496,0,0.018496,1
346525074,38.6336069000,-0.2669862000,865.0180,0.488601,0,0,0.488601,0,2.43048,0.0750,0.0140,0.1000,0.042436,0,0,0.042436,0,0.042436,1
346727925,38.6336067000,-0.2669863000,865.0540,0.487204,0,0,0.487204,0,2.43048,-0.1610,-0.0050,-0.0780,0.043264,0,0,0.043264,0,0.043264,1
346930777,38.6336065000,-0.2669862000,865.1050,0.488601,0,0,0.488601,0,2.43984,0.0410,0.0220,-0.0260,0.024336,0,0,0.024336,0,0.024336,1
347129895,38.6336064000,-0.2669861000,865.1460,0.49,0,0,0.49,0,2.44922,-0.0190,-0.0230,-0.0130,0.027225,0,0,0.027225,0,0.027225,1
347329014,38.6336063000,-0.2669859000,865.2080,0.492804,0,0,0.492804,0,2.46176,0.0450,0.0000,-0.1390,0.052441,0,0,0.052441,0,0.052441,1
347528132,38.6336062000,-0.2669856000,865.2670,0.494209,0,0,0.494209,0,2.47433,-0.0400,0.0930,-0.0580,0.071824,0,0,0.071824,0,0.071824,1
347728495,38.6336060000,-0.2669854000,865.3510,0.497025,0,0,0.497025,0,2.49008,0.0180,-0.0550,-0.0980,0.045796,0,0,0.045796,0,0.045796,1
347928857,38.6336056000,-0.2669853000,865.4630,0.497025,0,0,0.497025,0,2.49956,-0.0450,-0.1890,-0.4830,0.054289,0,0,0.054289,0,0.054289,1
348130464,38.6336056000,-0.2669859000,865.5890,0.495616,0,0,0.495616,0,2.50272,0.0300,-0.2770,-1.0730,0.056169,0,0,0.056169,0,0.056169,1
348329583,38.6336054000,-0.2669861000,865.9060,0.492804,0,0,0.492804,0,2.49956,0.0060,-0.1310,-1.4320,0.061009,0,0,0.061009,0,0.061009,1
348531190,38.6336052000,-0.2669864000,866.2010,0.488601,0,0,0.488601,0,2.49008,-0.0430,-0.4170,-1.3010,0.054289,0,0,0.054289,0,0.054289,1
348729064,38.6336048000,-0.2669875000,866.4890,0.481636,0,0,0.481636,0,2.46804,-0.3000,-0.5410,-1.0290,0.049284,0,0,0.049284,0,0.049284,1
348930671,38.6336039000,-0.2669888000,866.7590,0.471969,0,0,0.471969,0,2.4336,-0.5330,-0.6910,-0.6690,0.037249,0,0,0.037249,0,0.037249,1
349131034,38.6336026000,-0.2669902000,866.8620,0.463761,0,0,0.463761,0,2.41181,-0.7580,-0.6070,-0.2900,0.0196,0,0,0.0196,0,0.0196,1
349330152,38.6336010000,-0.2669912000,866.7310,0.4489,0,0,0.4489,0,2.35622,-1.2650,-0.1250,-0.0020,0.010816,0,0,0.010816,0,0.010816,1
349529270,38.6335989000,-0.2669916000,866.6800,0.431649,0,0,0.431649,0,2.29522,-1.2960,0.0660,-0.0310,0.01,0,0,0.01,0,0.01,1
349728389,38.6335965000,-0.2669916000,866.7880,0.414736,0,0,0.414736,0,2.22905,-1.1720,0.0850,-0.2730,0.014161,0,0,0.014161,0,0.014161,1
349927507,38.6335948000,-0.2669919000,866.8450,0.3969,0,0,0.3969,0,2.15796,-0.6980,-0.3320,-0.1420,0.011881,0,0,0.011881,0,0.011881,1
350127870,38.6335936000,-0.2669930000,866.8670,0.380689,0,0,0.380689,0,2.09381,-0.7240,-0.5140,-0.2670,0.012769,0,0,0.012769,0,0.012769,1
350328232,38.6335922000,-0.2669947000,866.9520,0.366025,0,0,0.366025,0,2.03633,-0.8840,-0.8540,-0.4610,0.012769,0,0,0.012769,0,0.012769,1
350528595,38.6335909000,-0.2669964000,866.9470,0.351649,0,0,0.351649,0,1.98246,-0.6290,-0.5350,-0.1630,0.008464,0,0,0.008464,0,0.008464,1
350728958,38.6335899000,-0.2669977000,866.9060,0.338724,0,0,0.338724,0,1.9321,-0.5310,-0.5440,0.1890,0.005929,0,0,0.005929,0,0.005929,1
350928076,38.6335891000,-0.2669989000,866.7730,0.328329,0,0,0.328329,0,1.88513,-0.5500,-0.4120,0.2890,0.007225,0,0,0.007225,0,0.007225,1
351125950,38.6335883000,-0.2670000000,866.7020,0.318096,0,0,0.318096,0,1.84145,-0.3940,-0.4710,0.2100,0.005625,0,0,0.005625,0,0.005625,1
351325068,38.6335875000,-0.2670010000,866.6210,0.308025,0,0,0.308025,0,1.80365,-0.5420,-0.4180,0.3640,0.006724,0,0,0.006724,0,0.006724,1
351525431,38.6335866000,-0.2670021000,866.5480,0.299209,0,0,0.299209,0,1.76358,-0.5290,-0.4690,0.5050,0.009025,0,0,0.009025,0,0.009025,1
351725794,38.6335859000,-0.2670033000,866.4400,0.2916,0,0,0.2916,0,1.73186,-0.3550,-0.4680,0.2470,0.006889,0,0,0.006889,0,0.006889,1
351926156,38.6335852000,-0.2670044000,866.3970,0.283024,0,0,0.283024,0,1.69781,-0.4400,-0.4170,0.2570,0.006724,0,0,0.006724,0,0.006724,1
352125275,38.6335843000,-0.2670053000,866.3680,0.275625,0,0,0.275625,0,1.66668,-0.5660,-0.4150,0.2130,0.004489,0,0,0.004489,0,0.004489,1
352324393,38.6335833000,-0.2670062000,866.2830,0.2704,0,0,0.2704,0,1.64096,-0.5160,-0.4110,0.3880,0.009025,0,0,0.009025,0,0.009025,1
352524756,38.6335823000,-0.2670072000,866.2290,0.265225,0,0,0.265225,0,1.61798,-0.6090,-0.5150,0.3710,0.007921,0,0,0.007921,0,0.007921,1
352726363,38.6335813000,-0.2670083000,866.1430,0.2601,0,0,0.2601,0,1.59264,-0.4700,-0.5300,0.3920,0.011449,0,0,0.011449,0,0.011449,1
352927970,38.6335805000,-0.2670092000,866.0780,0.256036,0,0,0.256036,0,1.57001,-0.4420,-0.3440,0.2810,0.010404,0,0,0.010404,0,0.010404,1
353125844,38.6335797000,-0.2670099000,865.9920,0.253009,0,0,0.253009,0,1.55501,-0.4500,-0.3740,0.4710,0.016641,0,0,0.016641,0,0.016641,1
353326207,38.6335789000,-0.2670107000,866.0050,0.25,0,0,0.25,0,1.5376,-0.4420,-0.4060,0.1310,0.0064,0,0,0.0064,0,0.0064,1
353527814,38.6335781000,-0.2670116000,866.0300,0.247009,0,0,0.247009,0,1.52029,-0.5330,-0.3720,0.1810,0.006241,0,0,0.006241,0,0.006241,1
353729421,38.6335774000,-0.2670122000,865.8960,0.243049,0,0,0.243049,0,1.49084,-0.5050,-0.3360,0.4220,0.012996,0,0,0.012996,0,0.012996,1
353931029,38.6335768000,-0.2670127000,865.7110,0.2401,0,0,0.2401,0,1.45926,-0.4270,-0.2920,0.2010,0.008649,0,0,0.008649,0,0.008649,1
354128902,38.6335762000,-0.2670133000,865.6750,0.238144,0,0,0.238144,0,1.44721,-0.3840,-0.3180,0.3260,0.015876,0,0,0.015876,0,0.015876,1
354326776,38.6335754000,-0.2670138000,865.5910,0.237169,0,0,0.237169,0,1.43281,-0.5490,-0.1710,0.1400,0.006241,0,0,0.006241,0,0.006241,1
354524650,38.6335745000,-0.2670144000,865.5610,0.236196,0,0,0.236196,0,1.42803,-0.5440,-0.3210,0.0950,0.009216,0,0,0.009216,0,0.009216,1
354723768,38.6335735000,-0.2670152000,865.4970,0.236196,0,0,0.236196,0,1.41848,-0.6510,-0.5620,0.1480,0.011881,0,0,0.011881,0,0.011881,1
354925375,38.6335729000,-0.2670163000,865.1510,0.235225,0,0,0.235225,0,1.39712,-0.4010,-0.2960,0.4490,0.027225,0,0,0.027225,0,0.027225,1
355123249,38.6335721000,-0.2670171000,865.0850,0.236196,0,0,0.236196,0,1.39712,-0.5690,-0.4630,0.3570,0.020164,0,0,0.020164,0,0.020164,1
355322367,38.6335712000,-0.2670180000,865.0090,0.236196,0,0,0.236196,0,1.3924,-0.4510,-0.4160,0.4750,0.030625,0,0,0.030625,0,0.030625,1
355521486,38.6335701000,-0.2670186000,864.9090,0.236196,0,0,0.236196,0,1.38533,-0.8270,-0.1170,0.2090,0.0064,0,0,0.0064,0,0.0064,1
355721848,38.6335683000,-0.2670192000,864.8660,0.236196,0,0,0.236196,0,1.38298,-1.1490,-0.3730,0.2820,0.008464,0,0,0.008464,0,0.008464,1
355924700,38.6335663000,-0.2670198000,864.7280,0.236196,0,0,0.236196,0,1.38063,-1.1310,-0.0520,0.5620,0.0121,0,0,0.0121,0,0.0121,1
356123818,38.6335646000,-0.2670199000,864.6010,0.237169,0,0,0.237169,0,1.37828,-0.8620,-0.0060,0.5230,0.0144,0,0,0.0144,0,0.0144,1
356324181,38.6335628000,-0.2670199000,864.4760,0.238144,0,0,0.238144,0,1.38063,-1.1200,0.0750,0.8160,0.021316,0,0,0.021316,0,0.021316,1
356524544,38.6335609000,-0.2670196000,864.3850,0.2401,0,0,0.2401,0,1.38063,-0.9370,0.0670,0.4670,0.015376,0,0,0.015376,0,0.015376,1
356724906,38.6335594000,-0.2670199000,864.2740,0.241081,0,0,0.241081,0,1.37828,-0.8350,-0.2660,0.6100,0.021025,0,0,0.021025,0,0.021025,1
356926514,38.6335577000,-0.2670204000,864.2910,0.243049,0,0,0.243049,0,1.37593,-0.8700,-0.3590,0.2600,0.010404,0,0,0.010404,0,0.010404,1
357126876,38.6335562000,-0.2670213000,864.2460,0.245025,0,0,0.245025,0,1.37358,-0.7970,-0.3990,0.1330,0.011664,0,0,0.011664,0,0.011664,1
357327239,38.6335547000,-0.2670225000,864.2100,0.247009,0,0,0.247009,0,1.37124,-1.0120,-0.5040,-0.0720,0.017424,0,0,0.017424,0,0.017424,1
357528846,38.6335530000,-0.2670238000,864.1790,0.246016,0,0,0.246016,0,1.3549,-0.9050,-0.5880,0.1170,0.013689,0,0,0.013689,0,0.013689,1
357729209,38.6335517000,-0.2670251000,864.1660,0.246016,0,0,0.246016,0,1.34792,-0.6600,-0.5310,-0.1070,0.015876,0,0,0.015876,0,0.015876,1
357930816,38.6335506000,-0.2670266000,864.1460,0.245025,0,0,0.245025,0,1.33865,-0.6700,-0.6860,0.0490,0.01,0,0,0.01,0,0.01,1
358127445,38.6335495000,-0.2670281000,863.9730,0.242064,0,0,0.242064,0,1.31561,-0.8090,-0.7050,0.4810,0.010201,0,0,0.010201,0,0.010201,1
358329052,38.6335479000,-0.2670299000,863.8880,0.2401,0,0,0.2401,0,1.30188,-1.0990,-0.7010,0.1790,0.007744,0,0,0.007744,0,0.007744,1
358529415,38.6335459000,-0.2670313000,863.8500,0.237169,0,0,0.237169,0,1.28596,-1.3320,-0.4940,-0.1720,0.011025,0,0,0.011025,0,0.011025,1
358731022,38.6335432000,-0.2670323000,863.8240,0.236196,0,0,0.236196,0,1.27464,-1.7060,-0.3750,0.1240,0.007744,0,0,0.007744,0,0.007744,1
358931385,38.6335400000,-0.2670326000,863.7930,0.233289,0,0,0.233289,0,1.25888,-1.7790,0.0970,0.1190,0.006241,0,0,0.006241,0,0.006241,1
359130503,38.6335369000,-0.2670318000,863.7960,0.228484,0,0,0.228484,0,1.23432,-1.6230,0.5390,0.0270,0.0064,0,0,0.0064,0,0.0064,1
359333355,38.6335340000,-0.2670303000,863.7570,0.224676,0,0,0.224676,0,1.21,-1.5990,0.8910,0.0870,0.007569,0,0,0.007569,0,0.007569,1
359533717,38.6335314000,-0.2670283000,863.7510,0.222784,0,0,0.222784,0,1.19465,-1.3580,0.9790,-0.0320,0.008836,0,0,0.008836,0,0.008836,1
359735324,38.6335294000,-0.2670261000,863.7380,0.219961,0,0,0.219961,0,1.1794,-0.9560,1.0310,-0.0250,0.007744,0,0,0.007744,0,0.007744,1
359936932,38.6335276000,-0.2670237000,863.7590,0.217156,0,0,0.217156,0,1.16424,-0.9250,1.0480,0.0410,0.007744,0,0,0.007744,0,0.007744,1
360136050,38.6335261000,-0.2670216000,863.7880,0.214369,0,0,0.214369,0,1.15133,-0.7520,0.8460,-0.5100,0.015625,0,0,0.015625,0,0.015625,1
360336413,38.6335245000,-0.2670195000,863.8560,0.2116,0,0,0.2116,0,1.13636,-0.9740,1.0180,-0.1050,0.009409,0,0,0.009409,0,0.009409,1
360538020,38.6335227000,-0.2670170000,863.8290,0.207936,0,0,0.207936,0,1.11936,-1.0180,1.0430,0.2880,0.006241,0,0,0.006241,0,0.006241,1
360738383,38.6335211000,-0.2670145000,863.7110,0.204304,0,0,0.204304,0,1.09412,-0.9920,1.1240,-0.1210,0.008281,0,0,0.008281,0,0.008281,1
360937501,38.6335195000,-0.2670117000,863.6550,0.201601,0,0,0.201601,0,1.0733,-0.8700,1.2280,-0.2280,0.009025,0,0,0.009025,0,0.009025,1
361136619,38.6335180000,-0.2670089000,863.5640,0.198025,0,0,0.198025,0,1.05062,-0.9920,1.2230,0.0380,0.006241,0,0,0.006241,0,0.006241,1
361339471,38.6335164000,-0.2670062000,863.5970,0.195364,0,0,0.195364,0,1.03632,-0.8140,1.0510,-0.3090,0.008649,0,0,0.008649,0,0.008649,1
361538589,38.6335147000,-0.2670039000,863.6520,0.192721,0,0,0.192721,0,1.02414,-1.0300,0.9760,-0.1400,0.0064,0,0,0.0064,0,0.0064,1
361738952,38.6335130000,-0.2670014000,863.5850,0.189225,0,0,0.189225,0,1.004,-1.0240,1.1080,0.0730,0.006084,0,0,0.006084,0,0.006084,1
361939314,38.6335114000,-0.2669986000,863.4400,0.186624,0,0,0.186624,0,0.986049,-0.9790,1.2590,-0.0690,0.006084,0,0,0.006084,0,0.006084,1
362138433,38.6335097000,-0.2669960000,863.4540,0.1849,0,0,0.1849,0,0.978121,-0.9660,1.0820,-0.1180,0.006084,0,0,0.006084,0,0.006084,1
362337551,38.6335081000,-0.2669935000,863.4100,0.182329,0,0,0.182329,0,0.966289,-0.8930,1.0600,0.1190,0.005625,0,0,0.005625,0,0.005625,1
362536669,38.6335066000,-0.2669912000,863.3970,0.180625,0,0,0.180625,0,0.958441,-0.7380,1.0450,-0.1590,0.006889,0,0,0.006889,0,0.006889,1
362738277,38.6335052000,-0.2669888000,863.3890,0.178929,0,0,0.178929,0,0.950625,-0.8750,1.0670,-0.0460,0.005929,0,0,0.005929,0,0.005929,1
362938639,38.6335036000,-0.2669864000,863.3180,0.1764,0,0,0.1764,0,0.937024,-1.0980,1.1510,0.2090,0.005776,0,0,0.005776,0,0.005776,1
363139002,38.6335019000,-0.2669837000,863.2870,0.174724,0,0,0.174724,0,0.927369,-0.8310,1.1530,-0.1790,0.007225,0,0,0.007225,0,0.007225,1
363336876,38.6335003000,-0.2669810000,863.2850,0.173056,0,0,0.173056,0,0.913936,-0.8800,1.1700,0.0300,0.006561,0,0,0.006561,0,0.006561,1
363538483,38.6334988000,-0.2669785000,863.2280,0.170569,0,0,0.170569,0,0.9025,-0.8990,1.0620,0.2090,0.0064,0,0,0.0064,0,0.0064,1
363737601,38.6334974000,-0.2669760000,863.1590,0.168921,0,0,0.168921,0,0.8836,-0.7090,1.0210,-0.1840,0.007225,0,0,0.007225,0,0.007225,1
363939209,38.6334961000,-0.2669735000,863.1160,0.166464,0,0,0.166464,0,0.861184,-0.9190,1.0680,-0.1230,0.0064,0,0,0.0064,0,0.0064,1
364138327,38.6334944000,-0.2669708000,863.0920,0.164025,0,0,0.164025,0,0.848241,-0.9460,1.2560,0.2700,0.005329,0,0,0.005329,0,0.005329,1
364339934,38.6334927000,-0.2669681000,863.0850,0.162409,0,0,0.162409,0,0.840889,-0.9310,1.2000,-0.1530,0.006241,0,0,0.006241,0,0.006241,1
364540297,38.6334911000,-0.2669652000,863.0910,0.16,0,0,0.16,0,0.820836,-0.9400,1.1730,-0.2790,0.006241,0,0,0.006241,0,0.006241,1
364740660,38.6334896000,-0.2669626000,863.0090,0.157609,0,0,0.157609,0,0.808201,-0.9210,1.0090,0.0340,0.005329,0,0,0.005329,0,0.005329,1
364939778,38.6334882000,-0.2669602000,862.9280,0.156025,0,0,0.156025,0,0.793881,-0.8030,0.9220,-0.2560,0.006889,0,0,0.006889,0,0.006889,1
365133918,38.6334867000,-0.2669578000,862.8650,0.153664,0,0,0.153664,0,0.777924,-0.9510,1.0400,-0.0540,0.005929,0,0,0.005929,0,0.005929,1
365335526,38.6334850000,-0.2669553000,862.7860,0.151321,0,0,0.151321,0,0.760384,-1.0790,1.1240,0.1380,0.004761,0,0,0.004761,0,0.004761,1
365534644,38.6334831000,-0.2669526000,862.7080,0.148225,0,0,0.148225,0,0.743044,-1.0690,1.1210,-0.2890,0.0064,0,0,0.0064,0,0.0064,1
365736251,38.6334813000,-0.2669499000,862.6540,0.145924,0,0,0.145924,0,0.725904,-1.0380,1.1550,-0.0240,0.005041,0,0,0.005041,0,0.005041,1
365936614,38.6334797000,-0.2669472000,862.5840,0.143641,0,0,0.143641,0,0.710649,-0.8780,1.0730,0.1090,0.004624,0,0,0.004624,0,0.004624,1
366136977,38.6334782000,-0.2669448000,862.5260,0.142129,0,0,0.142129,0,0.695556,-0.9180,0.9870,-0.2260,0.005625,0,0,0.005625,0,0.005625,1
366337340,38.6334765000,-0.2669425000,862.4780,0.139876,0,0,0.139876,0,0.683929,-1.0080,0.9000,-0.0870,0.005929,0,0,0.005929,0,0.005929,1
366536458,38.6334746000,-0.2669402000,862.4090,0.138384,0,0,0.138384,0,0.674041,-1.1570,1.0370,0.2180,0.005041,0,0,0.005041,0,0.005041,1
366736821,38.6334728000,-0.2669378000,862.3430,0.1369,0,0,0.1369,0,0.665856,-0.9930,1.0170,-0.2330,0.006724,0,0,0.006724,0,0.006724,1
366935939,38.6334711000,-0.2669354000,862.3000,0.135424,0,0,0.135424,0,0.6561,-0.9220,1.0230,0.0280,0.005184,0,0,0.005184,0,0.005184,1
367136302,38.6334696000,-0.2669331000,862.2490,0.133956,0,0,0.133956,0,0.648025,-0.9170,0.9860,-0.0480,0.005329,0,0,0.005329,0,0.005329,1
367335420,38.6334682000,-0.2669309000,862.2370,0.132496,0,0,0.132496,0,0.636804,-0.7050,0.8700,-0.2850,0.0064,0,0,0.0064,0,0.0064,1
367535783,38.6334669000,-0.2669288000,862.2160,0.130321,0,0,0.130321,0,0.627264,-0.8140,0.9100,-0.1400,0.005625,0,0,0.005625,0,0.005625,1
367734901,38.6334654000,-0.2669266000,862.1790,0.128881,0,0,0.128881,0,0.616225,-0.8540,1.0010,0.1500,0.004489,0,0,0.004489,0,0.004489,1
367936509,38.6334640000,-0.2669244000,862.1460,0.127449,0,0,0.127449,0,0.605284,-0.7680,0.8560,-0.1820,0.006241,0,0,0.006241,0,0.006241,1
368135627,38.6334629000,-0.2669225000,862.1060,0.126025,0,0,0.126025,0,0.597529,-0.5810,0.7880,-0.0020,0.005625,0,0,0.005625,0,0.005625,1
368335990,38.6334621000,-0.2669208000,862.0570,0.124609,0,0,0.124609,0,0.591361,-0.3670,0.7060,-0.0380,0.005184,0,0,0.005184,0,0.005184,1
368536352,38.6334615000,-0.2669191000,862.0740,0.123904,0,0,0.123904,0,0.582169,-0.2730,0.6840,-0.4780,0.011236,0,0,0.011236,0,0.011236,1
368735471,38.6334610000,-0.2669177000,862.1240,0.1225,0,0,0.1225,0,0.573049,-0.4050,0.5680,-0.2340,0.008281,0,0,0.008281,0,0.008281,1
368935833,38.6334601000,-0.2669164000,862.1510,0.121801,0,0,0.121801,0,0.568516,-0.5530,0.5380,-0.1840,0.007744,0,0,0.007744,0,0.007744,1
369136196,38.6334592000,-0.2669153000,862.2000,0.121104,0,0,0.121104,0,0.564001,-0.4150,0.4640,-0.4870,0.013456,0,0,0.013456,0,0.013456,1
369336559,38.6334585000,-0.2669142000,862.2380,0.120409,0,0,0.120409,0,0.556516,-0.4280,0.4540,-0.1090,0.006724,0,0,0.006724,0,0.006724,1
369535677,38.6334577000,-0.2669131000,862.2080,0.119025,0,0,0.119025,0,0.5476,-0.4420,0.5120,-0.0030,0.005184,0,0,0.005184,0,0.005184,1
369736040,38.6334570000,-0.2669118000,862.2490,0.117649,0,0,0.117649,0,0.540225,-0.4070,0.6010,-0.5170,0.010816,0,0,0.010816,0,0.010816,1
369935158,38.6334563000,-0.2669104000,862.3190,0.116281,0,0,0.116281,0,0.531441,-0.4030,0.5660,-0.4950,0.010816,0,0,0.010816,0,0.010816,1
370136766,38.6334553000,-0.2669088000,862.3210,0.1156,0,0,0.1156,0,0.522729,-0.6520,0.8160,0.2770,0.004624,0,0,0.004624,0,0.004624,1
370337128,38.6334540000,-0.2669067000,862.2460,0.114244,0,0,0.114244,0,0.515524,-0.8500,1.0020,0.1350,0.0049,0,0,0.0049,0,0.0049,1
370536247,38.6334524000,-0.2669043000,862.2590,0.112896,0,0,0.112896,0,0.506944,-0.8810,1.1150,-0.2700,0.006889,0,0,0.006889,0,0.006889,1
370735365,38.6334509000,-0.2669018000,862.2530,0.112225,0,0,0.112225,0,0.501264,-0.8530,1.0560,0.0540,0.005476,0,0,0.005476,0,0.005476,1
370938216,38.6334494000,-0.2668994000,862.2270,0.110889,0,0,0.110889,0,0.495616,-0.8150,1.0170,-0.0340,0.005476,0,0,0.005476,0,0.005476,1
371137335,38.6334480000,-0.2668971000,862.2600,0.110224,0,0,0.110224,0,0.488601,-0.7720,0.9760,-0.2870,0.006724,0,0,0.006724,0,0.006724,1
371340186,38.6334466000,-0.2668949000,862.2680,0.1089,0,0,0.1089,0,0.483025,-0.7560,0.9390,0.0310,0.005329,0,0,0.005329,0,0.005329,1
371539305,38.6334452000,-0.2668925000,862.2430,0.108241,0,0,0.108241,0,0.477481,-0.8040,1.1920,0.0960,0.005929,0,0,0.005929,0,0.005929,1
371737178,38.6334438000,-0.2668895000,862.2510,0.107584,0,0,0.107584,0,0.471969,-0.7460,1.4090,-0.2860,0.005776,0,0,0.005776,0,0.005776,1
371938786,38.6334426000,-0.2668862000,862.2590,0.106276,0,0,0.106276,0,0.466489,-0.6050,1.4460,-0.1140,0.004489,0,0,0.004489,0,0.004489,1
372137904,38.6334418000,-0.2668827000,862.2660,0.105625,0,0,0.105625,0,0.461041,-0.3650,1.6140,-0.0010,0.003721,0,0,0.003721,0,0.003721,1
372337022,38.6334415000,-0.2668791000,862.2670,0.104329,0,0,0.104329,0,0.455625,0.0900,1.4990,-0.0650,0.003844,0,0,0.003844,0,0.003844,1
372536140,38.6334420000,-0.2668759000,862.2650,0.103684,0,0,0.103684,0,0.4489,0.3970,1.3250,0.1250,0.003249,0,0,0.003249,0,0.003249,1
372737748,38.6334430000,-0.2668727000,862.2230,0.1024,0,0,0.1024,0,0.442225,0.7400,1.3740,0.3130,0.003721,0,0,0.003721,0,0.003721,1
372938110,38.6334446000,-0.2668700000,862.1810,0.101124,0,0,0.101124,0,0.434281,1.0670,0.9950,0.0920,0.003844,0,0,0.003844,0,0.003844,1
373137229,38.6334464000,-0.2668684000,862.1270,0.099856,0,0,0.099856,0,0.427716,1.0130,0.4350,0.2870,0.005041,0,0,0.005041,0,0.005041,1
373337591,38.6334481000,-0.2668679000,862.1200,0.099225,0,0,0.099225,0,0.423801,0.8840,0.0280,0.0300,0.004761,0,0,0.004761,0,0.004761,1
373536710,38.6334495000,-0.2668681000,862.1280,0.098596,0,0,0.098596,0,0.419904,0.7180,-0.1810,-0.0750,0.005329,0,0,0.005329,0,0.005329,1
373734583,38.6334509000,-0.2668684000,862.1250,0.097344,0,0,0.097344,0,0.414736,0.8110,-0.1320,-0.0200,0.004761,0,0,0.004761,0,0.004761,1
373936191,38.6334522000,-0.2668687000,862.1220,0.096721,0,0,0.096721,0,0.410881,0.6510,-0.0750,0.1190,0.0049,0,0,0.0049,0,0.0049,1
374136553,38.6334533000,-0.2668687000,862.0230,0.0961,0,0,0.0961,0,0.407044,0.6420,0.1050,0.7150,0.012544,0,0,0.012544,0,0.012544,1
374336916,38.6334541000,-0.2668685000,861.8210,0.0961,0,0,0.0961,0,0.404496,0.1860,0.0660,1.1920,0.024336,0,0,0.024336,0,0.024336,1
374537279,38.6334543000,-0.2668684000,861.5570,0.0961,0,0,0.0961,0,0.401956,0.1240,-0.0150,1.3370,0.027889,0,0,0.027889,0,0.027889,1
374740131,38.6334545000,-0.2668685000,861.3250,0.096721,0,0,0.096721,0,0.400689,0.0480,-0.0090,0.9710,0.028561,0,0,0.028561,0,0.028561,1
374939249,38.6334543000,-0.2668686000,861.1320,0.097344,0,0,0.097344,0,0.399424,-0.1170,-0.0730,0.7440,0.0289,0,0,0.0289,0,0.0289,1
375135878,38.6334541000,-0.2668687000,860.9870,0.097969,0,0,0.097969,0,0.398161,-0.0580,-0.0640,0.5770,0.0256,0,0,0.0256,0,0.0256,1
375333752,38.6334541000,-0.2668688000,860.9280,0.099225,0,0,0.099225,0,0.3969,0.0330,-0.0050,0.1060,0.021316,0,0,0.021316,0,0.021316,1
375534115,38.6334542000,-0.2668689000,860.9100,0.099856,0,0,0.099856,0,0.3969,0.0390,-0.0410,0.1080,0.019881,0,0,0.019881,0,0.019881,1
375733233,38.6334543000,-0.2668689000,860.9030,0.101124,0,0,0.101124,0,0.3969,0.0810,0.0010,-0.0600,0.025921,0,0,0.025921,0,0.025921,1
375934840,38.6334544000,-0.2668689000,860.8970,0.1024,0,0,0.1024,0,0.3969,-0.0160,0.0060,0.0430,0.028224,0,0,0.028224,0,0.028224,1
376135203,38.6334544000,-0.2668690000,860.8900,0.103684,0,0,0.103684,0,0.399424,0.0020,-0.0310,0.0240,0.013689,0,0,0.013689,0,0.013689,1
376336810,38.6334543000,-0.2668690000,860.8790,0.104976,0,0,0.104976,0,0.400689,-0.0260,0.0110,0.0100,0.017956,0,0,0.017956,0,0.017956,1
376535928,38.6334543000,-0.2668690000,860.8770,0.106276,0,0,0.106276,0,0.403225,0.0210,-0.0140,0.0270,0.0225,0,0,0.0225,0,0.0225,1
376736291,38.6334543000,-0.2668690000,860.8670,0.107584,0,0,0.107584,0,0.404496,-0.0320,-0.0060,0.0220,0.018496,0,0,0.018496,0,0.018496,1
376936654,38.6334542000,-0.2668690000,860.8820,0.1089,0,0,0.1089,0,0.405769,-0.0300,-0.0050,-0.0660,0.023409,0,0,0.023409,0,0.023409,1
377137017,38.6334543000,-0.2668690000,860.8780,0.1089,0,0,0.1089,0,0.407044,0.0260,-0.0010,0.1030,0.020736,0,0,0.020736,0,0.020736,1
377334890,38.6334544000,-0.2668690000,860.8840,0.108241,0,0,0.108241,0,0.403225,-0.0310,0.0100,-0.0490,0.015129,0,0,0.015129,0,0.015129,1
377535253,38.6334543000,-0.2668689000,860.8670,0.108241,0,0,0.108241,0,0.401956,-0.0090,-0.0370,-0.0060,0.003481,0,0,0.003481,0,0.003481,1
377736860,38.6334543000,-0.2668689000,860.8390,0.107584,0,0,0.107584,0,0.399424,0.0230,0.0030,0.0480,0.014884,0,0,0.014884,0,0.014884,1
377937223,38.6334543000,-0.2668687000,860.8150,0.106929,0,0,0.106929,0,0.398161,0.0130,0.0440,0.0480,0.010201,0,0,0.010201,0,0.010201,1
378137586,38.6334543000,-0.2668686000,860.7910,0.106276,0,0,0.106276,0,0.3969,0.0490,-0.0310,0.0530,0.012544,0,0,0.012544,0,0.012544,1
378339193,38.6334544000,-0.2668686000,860.7690,0.105625,0,0,0.105625,0,0.395641,-0.0060,-0.0260,0.0330,0.012996,0,0,0.012996,0,0.012996,1
378538311,38.6334544000,-0.2668686000,860.7440,0.105625,0,0,0.105625,0,0.395641,0.0440,-0.0370,0.0050,0.005776,0,0,0.005776,0,0.005776,1
378738674,38.6334544000,-0.2668686000,860.7300,0.104976,0,0,0.104976,0,0.395641,0.0230,-0.0040,0.0240,0.013225,0,0,0.013225,0,0.013225,1
378937792,38.6334544000,-0.2668685000,860.7230,0.104976,0,0,0.104976,0,0.394384,-0.0050,0.0070,-0.0170,0.014641,0,0,0.014641,0,0.014641,1
379138155,38.6334544000,-0.2668684000,860.6860,0.104329,0,0,0.104329,0,0.391876,0.0240,0.0110,0.0640,0.016384,0,0,0.016384,0,0.016384,1
379336029,38.6334544000,-0.2668683000,860.6640,0.104329,0,0,0.104329,0,0.391876,-0.0070,-0.0020,-0.0040,0.006561,0,0,0.006561,0,0.006561,1
379536391,38.6334544000,-0.2668682000,860.6560,0.104329,0,0,0.104329,0,0.390625,0.0060,0.0040,0.0010,0.005041,0,0,0.005041,0,0.005041,1
379736754,38.6334544000,-0.2668681000,860.6430,0.104329,0,0,0.104329,0,0.390625,-0.0320,0.0260,-0.0450,0.015129,0,0,0.015129,0,0.015129,1
379937117,38.6334544000,-0.2668681000,860.6340,0.104329,0,0,0.104329,0,0.389376,0.0170,-0.0180,0.0300,0.0144,0,0,0.0144,0,0.0144,1
380137479,38.6334544000,-0.2668680000,860.6160,0.104329,0,0,0.104329,0,0.388129,0.0130,0.0060,-0.0120,0.010201,0,0,0.010201,0,0.010201,1
380336598,38.6334544000,-0.2668679000,860.6080,0.103684,0,0,0.103684,0,0.388129,0.0090,0.0000,-0.0480,0.017161,0,0,0.017161,0,0.017161,1
380536960,38.6334544000,-0.2668679000,860.5810,0.103684,0,0,0.103684,0,0.385641,0.0150,-0.0120,0.0830,0.018496,0,0,0.018496,0,0.018496,1
380737323,38.6334544000,-0.2668678000,860.5640,0.103684,0,0,0.103684,0,0.3844,-0.0100,-0.0180,-0.0360,0.0144,0,0,0.0144,0,0.0144,1
380937686,38.6334543000,-0.2668677000,860.5510,0.103684,0,0,0.103684,0,0.3844,0.0210,0.0050,-0.0400,0.0144,0,0,0.0144,0,0.0144,1
381138049,38.6334543000,-0.2668677000,860.5300,0.103041,0,0,0.103041,0,0.383161,0.0000,-0.0090,0.0470,0.017424,0,0,0.017424,0,0.017424,1
381338412,38.6334543000,-0.2668676000,860.5250,0.103041,0,0,0.103041,0,0.383161,0.0090,-0.0030,-0.0290,0.015625,0,0,0.015625,0,0.015625,1
381537530,38.6334543000,-0.2668675000,860.4940,0.1024,0,0,0.1024,0,0.381924,-0.0160,0.0100,-0.0370,0.016129,0,0,0.016129,0,0.016129,1
381736648,38.6334542000,-0.2668674000,860.4930,0.1024,0,0,0.1024,0,0.380689,0.0170,0.0110,0.0210,0.011664,0,0,0.011664,0,0.011664,1
381937011,38.6334543000,-0.2668673000,860.4830,0.101761,0,0,0.101761,0,0.380689,0.0240,-0.0030,0.0070,0.006561,0,0,0.006561,0,0.006561,1
382138618,38.6334543000,-0.2668673000,860.4510,0.101761,0,0,0.101761,0,0.379456,-0.0070,-0.0140,0.0410,0.015625,0,0,0.015625,0,0.015625,1
382337736,38.6334542000,-0.2668672000,860.4410,0.101124,0,0,0.101124,0,0.379456,0.0030,0.0040,0.0890,0.018769,0,0,0.018769,0,0.018769,1
382536854,38.6334542000,-0.2668671000,860.4250,0.101124,0,0,0.101124,0,0.378225,0.0130,-0.0040,-0.0950,0.019881,0,0,0.019881,0,0.019881,1
382739706,38.6334542000,-0.2668671000,860.4340,0.100489,0,0,0.100489,0,0.378225,0.0050,-0.0050,-0.0110,0.011881,0,0,0.011881,0,0.011881,1
382938824,38.6334542000,-0.2668670000,860.4350,0.100489,0,0,0.100489,0,0.376996,0.0080,0.0240,-0.0230,0.011025,0,0,0.011025,0,0.011025,1
383139187,38.6334542000,-0.2668669000,860.4280,0.099856,0,0,0.099856,0,0.374544,0.0040,-0.0050,0.0210,0.016384,0,0,0.016384,0,0.016384,1
383342039,38.6334542000,-0.2668669000,860.4170,0.099856,0,0,0.099856,0,0.373321,-0.0050,0.0050,0.0230,0.015376,0,0,0.015376,0,0.015376,1
383542402,38.6334541000,-0.2668668000,860.4190,0.099225,0,0,0.099225,0,0.3721,-0.0060,-0.0110,0.0270,0.016384,0,0,0.016384,0,0.016384,1
383741520,38.6334541000,-0.2668668000,860.4140,0.099225,0,0,0.099225,0,0.370881,0.0020,0.0000,0.0420,0.017956,0,0,0.017956,0,0.017956,1
383943127,38.6334541000,-0.2668667000,860.4100,0.098596,0,0,0.098596,0,0.368449,0.0010,-0.0020,0.0050,0.008649,0,0,0.008649,0,0.008649,1
384144734,38.6334540000,-0.2668667000,860.3970,0.098596,0,0,0.098596,0,0.367236,0.0170,-0.0080,0.0020,0.0064,0,0,0.0064,0,0.0064,1
384345097,38.6334540000,-0.2668667000,860.4000,0.097969,0,0,0.097969,0,0.364816,-0.0050,0.0330,-0.0470,0.013924,0,0,0.013924,0,0.013924,1
384544215,38.6334540000,-0.2668666000,860.3940,0.097344,0,0,0.097344,0,0.362404,0.0140,0.0000,0.0110,0.011025,0,0,0.011025,0,0.011025,1
384743334,38.6334540000,-0.2668666000,860.3890,0.097344,0,0,0.097344,0,0.36,-0.0160,0.0080,-0.0220,0.014161,0,0,0.014161,0,0.014161,1
384943696,38.6334540000,-0.2668666000,860.3820,0.096721,0,0,0.096721,0,0.357604,0.0360,-0.0030,-0.0160,0.007225,0,0,0.007225,0,0.007225,1
385142815,38.6334540000,-0.2668666000,860.3750,0.096721,0,0,0.096721,0,0.355216,-0.0070,-0.0080,0.0370,0.016641,0,0,0.016641,0,0.016641,1
385340688,38.6334539000,-0.2668666000,860.3770,0.0961,0,0,0.0961,0,0.352836,-0.0040,0.0070,-0.0150,0.013456,0,0,0.013456,0,0.013456,1
385537318,38.6334539000,-0.2668666000,860.3740,0.0961,0,0,0.0961,0,0.350464,0.0210,0.0030,0.0080,0.007225,0,0,0.007225,0,0.007225,1
385737680,38.6334539000,-0.2668666000,860.3620,0.0961,0,0,0.0961,0,0.349281,0.0050,0.0120,0.0290,0.013689,0,0,0.013689,0,0.013689,1
385939288,38.6334539000,-0.2668665000,860.3450,0.095481,0,0,0.095481,0,0.346921,-0.0100,0.0060,-0.0090,0.010201,0,0,0.010201,0,0.010201,1
386139650,38.6334538000,-0.2668665000,860.3470,0.095481,0,0,0.095481,0,0.345744,-0.0160,-0.0090,-0.0120,0.007744,0,0,0.007744,0,0.007744,1
