# t_us, lat_deg, lon_deg, h_m, cov_pos_ned nn,ne,nd,ee,ed,dd [m^2], vn, ve, vd [m/s], cov_vel_ned nn,ne,nd,ee,ed,dd [(m/s)^2], vel_ok
# Crazyflie stateEstimate position (flow/UWB deck) as position-only fixes
1710467000,49.8728035031,8.6511732787,144.0204,0.0025,0,0,0.0025,0,0.01,0.0000,0.0000,0.0000,0,0,0,0,0,0,0
1710569000,49.8728035119,8.6511732787,144.0197,0.0025,0,0,0.0025,0,0.01,0.0000,0.0000,0.0000,0,0,0,0,0,0,0
1710667000,49.8728035273,8.6511732651,144.0166,0.0025,0,0,0.0025,0,0.01,0.0000,0.0000,0.0000,0,0,0,0,0,0,0
1710767000,49.8728035053,8.6511732787,144.0186,0.0025,0,0,0.0025,0,0.01,0.0000,0.0000,0.0000,0,0,0,0,0,0,0
1710867000,49.8728035053,8.6511732787,144.0188,0.0025,0,0,0.0025,0,0.01,0.0000,0.0000,0.0000,0,0,0,0,0,0,0
1710968000,49.8728035053,8.6511732787,144.0195,0.0025,0,0,0.0025,0,0.01,0.0000,0.0000,0.0000,0,0,0,0,0,0,0
1711067000,49.8728035031,8.6511732787,144.0203,0.0025,0,0,0.0025,0,0.01,0.0000,0.0000,0.0000,0,0,0,0,0,0,0
1711167000,49.8728035031,8.6511732787,144.0211,0.0025,0,0,0.0025,0,0.01,0.0000,0.0000,0.0000,0,0,0,0,0,0,0
1711267000,49.8728035031,8.6511732787,144.0220,0.0025,0,0,0.0025,0,0.01,0.0000,0.0000,0.0000,0,0,0,0,0,0,0
1711367000,49.8728035075,8.6511732787,144.0225,0.0025,0,0,0.0025,0,0.01,0.0000,0.0000,0.0000,0,0,0,0,0,0,0
1711467000,49.8728035097,8.6511732787,144.0232,0.0025,0,0,0.0025,0,0.01,0.0000,0.0000,0.0000,0,0,0,0,0,0,0
1711567000,49.8728035075,8.6511732787,144.0190,0.0025,0,0,0.0025,0,0.01,0.0000,0.0000,0.0000,0,0,0,0,0,0,0
1711667000,49.8728035097,8.6511732787,144.0178,0.0025,0,0,0.0025,0,0.01,0.0000,0.0000,0.0000,0,0,0,0,0,0,0
1711767000,49.8728035163,8.6511732787,144.0178,0.0025,0,0,0.0025,0,0.01,0.0000,0.0000,0.0000,0,0,0,0,0,0,0
1711867000,49.8728035031,8.6511732787,144.0197,0.0025,0,0,0.0025,0,0.01,0.0000,0.0000,0.0000,0,0,0,0,0,0,0
1711969000,49.8728035009,8.6511732787,144.0206,0.0025,0,0,0.0025,0,0.01,0.0000,0.0000,0.0000,0,0,0,0,0,0,0
1712069000,49.8728035053,8.6511732787,144.0199,0.0025,0,0,0.0025,0,0.01,0.0000,0.0000,0.0000,0,0,0,0,0,0,0
1712167000,49.8728035031,8.6511732787,144.0194,0.0025,0,0,0.0025,0,0.01,0.0000,0.0000,0.0000,0,0,0,0,0,0,0
1712268000,49.8728035185,8.6511732787,144.0177,0.0025,0,0,0.0025,0,0.01,0.0000,0.0000,0.0000,0,0,0,0,0,0,0
1712368000,49.8728035053,8.6511732787,144.0182,0.0025,0,0,0.0025,0,0.01,0.0000,0.0000,0.0000,0,0,0,0,0,0,0
1712467000,49.8728035053,8.6511732787,144.0183,0.0025,0,0,0.0025,0,0.01,0.0000,0.0000,0.0000,0,0,0,0,0,0,0
1712567000,49.8728035097,8.6511732787,144.0183,0.0025,0,0,0.0025,0,0.01,0.0000,0.0000,0.0000,0,0,0,0,0,0,0
1712667000,49.8728035075,8.6511732787,144.0190,0.0025,0,0,0.0025,0,0.01,0.0000,0.0000,0.0000,0,0,0,0,0,0,0
1712767000,49.8728035338,8.6511732651,144.0159,0.0025,0,0,0.0025,0,0.01,0.0000,0.0000,0.0000,0,0,0,0,0,0,0
1712867000,49.8728034987,8.6511732787,144.0192,0.0025,0,0,0.0025,0,0.01,0.0000,0.0000,0.0000,0,0,0,0,0,0,0
1712967000,49.8728035163,8.6511732787,144.0181,0.0025,0,0,0.0025,0,0.01,0.0000,0.0000,0.0000,0,0,0,0,0,0,0
1713067000,49.8728035338,8.6511732787,144.0157,0.0025,0,0,0.0025,0,0.01,0.0000,0.0000,0.0000,0,0,0,0,0,0,0
1713167000,49.8728035426,8.6511732923,144.0145,0.0025,0,0,0.0025,0,0.01,0.0000,0.0000,0.0000,0,0,0,0,0,0,0
1713267000,49.8728035536,8.6511733058,144.0135,0.0025,0,0,0.0025,0,0.01,0.0000,0.0000,0.0000,0,0,0,0,0,0,0
1713367000,49.8728035514,8.6511733058,144.0136,0.0025,0,0,0.0025,0,0.01,0.0000,0.0000,0.0000,0,0,0,0,0,0,0
1713467000,49.8728035536,8.6511733194,144.0137,0.0025,0,0,0.0025,0,0.01,0.0000,0.0000,0.0000,0,0,0,0,0,0,0
1713567000,49.8728035536,8.6511733194,144.0141,0.0025,0,0,0.0025,0,0.01,0.0000,0.0000,0.0000,0,0,0,0,0,0,0
1713667000,49.8728035514,8.6511733330,144.0147,0.0025,0,0,0.0025,0,0.01,0.0000,0.0000,0.0000,0,0,0,0,0,0,0
1713767000,49.8728035053,8.6511732787,144.0179,0.0025,0,0,0.0025,0,0.01,0.0000,0.0000,0.0000,0,0,0,0,0,0,0
1713867000,49.8728035119,8.6511732787,144.0188,0.0025,0,0,0.0025,0,0.01,0.0000,0.0000,0.0000,0,0,0,0,0,0,0
1713967000,49.8728034965,8.6511732787,144.0199,0.0025,0,0,0.0025,0,0.01,0.0000,0.0000,0.0000,0,0,0,0,0,0,0
1714067000,49.8728034987,8.6511732787,144.0202,0.0025,0,0,0.0025,0,0.01,0.0000,0.0000,0.0000,0,0,0,0,0,0,0
1714167000,49.8728034965,8.6511732787,144.0207,0.0025,0,0,0.0025,0,0.01,0.0000,0.0000,0.0000,0,0,0,0,0,0,0
1714267000,49.8728034987,8.6511732787,144.0210,0.0025,0,0,0.0025,0,0.01,0.0000,0.0000,0.0000,0,0,0,0,0,0,0
1714367000,49.8728035031,8.6511732787,144.0210,0.0025,0,0,0.0025,0,0.01,0.0000,0.0000,0.0000,0,0,0,0,0,0,0
1714467000,49.8728035031,8.6511732787,144.0203,0.0025,0,0,0.0025,0,0.01,0.0000,0.0000,0.0000,0,0,0,0,0,0,0
1714567000,49.8728035141,8.6511732787,144.0196,0.0025,0,0,0.0025,0,0.01,0.0000,0.0000,0.0000,0,0,0,0,0,0,0
1714667000,49.8728035404,8.6511732787,144.0161,0.0025,0,0,0.0025,0,0.01,0.0000,0.0000,0.0000,0,0,0,0,0,0,0
1714767000,49.8728035031,8.6511732787,144.0198,0.0025,0,0,0.0025,0,0.01,0.0000,0.0000,0.0000,0,0,0,0,0,0,0
1714867000,49.8728034965,8.6511732787,144.0202,0.0025,0,0,0.0025,0,0.01,0.0000,0.0000,0.0000,0,0,0,0,0,0,0
1714967000,49.8728035053,8.6511732787,144.0183,0.0025,0,0,0.0025,0,0.01,0.0000,0.0000,0.0000,0,0,0,0,0,0,0
1715067000,49.8728035053,8.6511732787,144.0183,0.0025,0,0,0.0025,0,0.01,0.0000,0.0000,0.0000,0,0,0,0,0,0,0
1715167000,49.8728035404,8.6511732923,144.0147,0.0025,0,0,0.0025,0,0.01,0.0000,0.0000,0.0000,0,0,0,0,0,0,0
1715268000,49.8728035119,8.6511732787,144.0178,0.0025,0,0,0.0025,0,0.01,0.0000,0.0000,0.0000,0,0,0,0,0,0,0
1715367000,49.8728035251,8.6511732787,144.0165,0.0025,0,0,0.0025,0,0.01,0.0000,0.0000,0.0000,0,0,0,0,0,0,0
1715467000,49.8728035185,8.6511732787,144.0172,0.0025,0,0,0.0025,0,0.01,0.0000,0.0000,0.0000,0,0,0,0,0,0,0
1715567000,49.8728035404,8.6511732787,144.0142,0.0025,0,0,0.0025,0,0.01,0.0000,0.0000,0.0000,0,0,0,0,0,0,0
1715667000,49.8728035426,8.6511732515,144.0065,0.0025,0,0,0.0025,0,0.01,0.0000,0.0000,0.0000,0,0,0,0,0,0,0
1715767000,49.8728034812,8.6511732787,144.0099,0.0025,0,0,0.0025,0,0.01,0.0000,0.0000,0.0000,0,0,0,0,0,0,0
1715867000,49.8728034614,8.6511732923,144.0086,0.0025,0,0,0.0025,0,0.01,0.0000,0.0000,0.0000,0,0,0,0,0,0,0
1715967000,49.8728034965,8.6511732787,144.0186,0.0025,0,0,0.0025,0,0.01,0.0000,0.0000,0.0000,0,0,0,0,0,0,0
1716067000,49.8728034987,8.6511732787,144.0200,0.0025,0,0,0.0025,0,0.01,0.0000,0.0000,0.0000,0,0,0,0,0,0,0
1716167000,49.8728035031,8.6511732787,144.0214,0.0025,0,0,0.0025,0,0.01,0.0000,0.0000,0.0000,0,0,0,0,0,0,0
1716267000,49.8728035053,8.6511732787,144.0208,0.0025,0,0,0.0025,0,0.01,0.0000,0.0000,0.0000,0,0,0,0,0,0,0
1716367000,49.8728035075,8.6511732787,144.0220,0.0025,0,0,0.0025,0,0.01,0.0000,0.0000,0.0000,0,0,0,0,0,0,0
1716467000,49.8728035075,8.6511732787,144.0195,0.0025,0,0,0.0025,0,0.01,0.0000,0.0000,0.0000,0,0,0,0,0,0,0
1716567000,49.8728035053,8.6511732787,144.0191,0.0025,0,0,0.0025,0,0.01,0.0000,0.0000,0.0000,0,0,0,0,0,0,0
1716667000,49.8728035031,8.6511732787,144.0194,0.0025,0,0,0.0025,0,0.01,0.0000,0.0000,0.0000,0,0,0,0,0,0,0
1716767000,49.8728035097,8.6511732787,144.0186,0.0025,0,0,0.0025,0,0.01,0.0000,0.0000,0.0000,0,0,0,0,0,0,0
1716867000,49.8728035075,8.6511732787,144.0186,0.0025,0,0,0.0025,0,0.01,0.0000,0.0000,0.0000,0,0,0,0,0,0,0
1716967000,49.8728035316,8.6511732787,144.0161,0.0025,0,0,0.0025,0,0.01,0.0000,0.0000,0.0000,0,0,0,0,0,0,0
1717067000,49.8728035053,8.6511732787,144.0172,0.0025,0,0,0.0025,0,0.01,0.0000,0.0000,0.0000,0,0,0,0,0,0,0
1717167000,49.8728034965,8.6511732787,144.0180,0.0025,0,0,0.0025,0,0.01,0.0000,0.0000,0.0000,0,0,0,0,0,0,0
1717267000,49.8728035031,8.6511732787,144.0190,0.0025,0,0,0.0025,0,0.01,0.0000,0.0000,0.0000,0,0,0,0,0,0,0
1717367000,49.8728035163,8.6511732787,144.0186,0.0025,0,0,0.0025,0,0.01,0.0000,0.0000,0.0000,0,0,0,0,0,0,0
1717467000,49.8728035031,8.6511732787,144.0201,0.0025,0,0,0.0025,0,0.01,0.0000,0.0000,0.0000,0,0,0,0,0,0,0
1717567000,49.8728035031,8.6511732787,144.0208,0.0025,0,0,0.0025,0,0.01,0.0000,0.0000,0.0000,0,0,0,0,0,0,0
1717667000,49.8728035031,8.6511732787,144.0199,0.0025,0,0,0.0025,0,0.01,0.0000,0.0000,0.0000,0,0,0,0,0,0,0
1717767000,49.8728035075,8.6511732787,144.0196,0.0025,0,0,0.0025,0,0.01,0.0000,0.0000,0.0000,0,0,0,0,0,0,0
1717867000,49.8728035031,8.6511732787,144.0196,0.0025,0,0,0.0025,0,0.01,0.0000,0.0000,0.0000,0,0,0,0,0,0,0
1717967000,49.8728035119,8.6511732787,144.0186,0.0025,0,0,0.0025,0,0.01,0.0000,0.0000,0.0000,0,0,0,0,0,0,0
1718069000,49.8728035141,8.6511732787,144.0182,0.0025,0,0,0.0025,0,0.01,0.0000,0.0000,0.0000,0,0,0,0,0,0,0
1718168000,49.8728035031,8.6511732787,144.0187,0.0025,0,0,0.0025,0,0.01,0.0000,0.0000,0.0000,0,0,0,0,0,0,0
1718267000,49.8728035053,8.6511732787,144.0189,0.0025,0,0,0.0025,0,0.01,0.0000,0.0000,0.0000,0,0,0,0,0,0,0
1718367000,49.8728035119,8.6511732787,144.0187,0.0025,0,0,0.0025,0,0.01,0.0000,0.0000,0.0000,0,0,0,0,0,0,0
1718467000,49.8728035075,8.6511732787,144.0185,0.0025,0,0,0.0025,0,0.01,0.0000,0.0000,0.0000,0,0,0,0,0,0,0
1718567000,49.8728035141,8.6511732787,144.0181,0.0025,0,0,0.0025,0,0.01,0.0000,0.0000,0.0000,0,0,0,0,0,0,0
1718667000,49.8728034987,8.6511732787,144.0188,0.0025,0,0,0.0025,0,0.01,0.0000,0.0000,0.0000,0,0,0,0,0,0,0
1718767000,49.8728034987,8.6511732787,144.0192,0.0025,0,0,0.0025,0,0.01,0.0000,0.0000,0.0000,0,0,0,0,0,0,0
1718867000,49.8728034965,8.6511732787,144.0194,0.0025,0,0,0.0025,0,0.01,0.0000,0.0000,0.0000,0,0,0,0,0,0,0
1718967000,49.8728034965,8.6511732651,144.0207,0.0025,0,0,0.0025,0,0.01,0.0000,0.0000,0.0000,0,0,0,0,0,0,0
1719067000,49.8728035053,8.6511732787,144.0191,0.0025,0,0,0.0025,0,0.01,0.0000,0.0000,0.0000,0,0,0,0,0,0,0
1719167000,49.8728035009,8.6511732787,144.0197,0.0025,0,0,0.0025,0,0.01,0.0000,0.0000,0.0000,0,0,0,0,0,0,0
1719267000,49.8728034812,8.6511732787,144.0089,0.0025,0,0,0.0025,0,0.01,0.0000,0.0000,0.0000,0,0,0,0,0,0,0
1719367000,49.8728035163,8.6511732651,144.0127,0.0025,0,0,0.0025,0,0.01,0.0000,0.0000,0.0000,0,0,0,0,0,0,0
1719467000,49.8728035075,8.6511732651,144.0187,0.0025,0,0,0.0025,0,0.01,0.0000,0.0000,0.0000,0,0,0,0,0,0,0
1719567000,49.8728035031,8.6511732787,144.0212,0.0025,0,0,0.0025,0,0.01,0.0000,0.0000,0.0000,0,0,0,0,0,0,0
1719667000,49.8728035097,8.6511732787,144.0192,0.0025,0,0,0.0025,0,0.01,0.0000,0.0000,0.0000,0,0,0,0,0,0,0
1719767000,49.8728035053,8.6511732787,144.0193,0.0025,0,0,0.0025,0,0.01,0.0000,0.0000,0.0000,0,0,0,0,0,0,0
1719867000,49.8728035338,8.6511732787,144.0172,0.0025,0,0,0.0025,0,0.01,0.0000,0.0000,0.0000,0,0,0,0,0,0,0
1719967000,49.8728035053,8.6511732787,144.0194,0.0025,0,0,0.0025,0,0.01,0.0000,0.0000,0.0000,0,0,0,0,0,0,0
1720067000,49.8728035075,8.6511732787,144.0187,0.0025,0,0,0.0025,0,0.01,0.0000,0.0000,0.0000,0,0,0,0,0,0,0
1720167000,49.8728035075,8.6511732787,144.0185,0.0025,0,0,0.0025,0,0.01,0.0000,0.0000,0.0000,0,0,0,0,0,0,0
1720267000,49.8728035009,8.6511732787,144.0185,0.0025,0,0,0.0025,0,0.01,0.0000,0.0000,0.0000,0,0,0,0,0,0,0
1720367000,49.8728034987,8.6511732787,144.0188,0.0025,0,0,0.0025,0,0.01,0.0000,0.0000,0.0000,0,0,0,0,0,0,0
1720467000,49.8728034746,8.6511732923,144.0079,0.0025,0,0,0.0025,0,0.01,0.0000,0.0000,0.0000,0,0,0,0,0,0,0
1720567000,49.8728034658,8.6511732923,144.0052,0.0025,0,0,0.0025,0,0.01,0.0000,0.0000,0.0000,0,0,0,0,0,0,0
1720667000,49.8728034548,8.6511732923,144.0023,0.0025,0,0,0.0025,0,0.01,0.0000,0.0000,0.0000,0,0,0,0,0,0,0
1720767000,49.8728034460,8.6511733058,143.9994,0.0025,0,0,0.0025,0,0.01,0.0000,0.0000,0.0000,0,0,0,0,0,0,0
1720867000,49.8728034373,8.6511732923,143.9963,0.0025,0,0,0.0025,0,0.01,0.0000,0.0000,0.0000,0,0,0,0,0,0,0
1720967000,49.8728035031,8.6511732787,144.0175,0.0025,0,0,0.0025,0,0.01,0.0000,0.0000,0.0000,0,0,0,0,0,0,0
1721068000,49.8728035075,8.6511732787,144.0193,0.0025,0,0,0.0025,0,0.01,0.0000,0.0000,0.0000,0,0,0,0,0,0,0
1721167000,49.8728035273,8.6511732787,144.0179,0.0025,0,0,0.0025,0,0.01,0.0000,0.0000,0.0000,0,0,0,0,0,0,0
1721267000,49.8728035207,8.6511732651,144.0181,0.0025,0,0,0.0025,0,0.01,0.0000,0.0000,0.0000,0,0,0,0,0,0,0
1721367000,49.8728035075,8.6511732787,144.0197,0.0025,0,0,0.0025,0,0.01,0.0000,0.0000,0.0000,0,0,0,0,0,0,0
1721467000,49.8728035009,8.6511732787,144.0208,0.0025,0,0,0.0025,0,0.01,0.0000,0.0000,0.0000,0,0,0,0,0,0,0
1721571000,49.8728035141,8.6511732787,144.0182,0.0025,0,0,0.0025,0,0.01,0.0000,0.0000,0.0000,0,0,0,0,0,0,0
1721667000,49.8728035119,8.6511732787,144.0187,0.0025,0,0,0.0025,0,0.01,0.0000,0.0000,0.0000,0,0,0,0,0,0,0
1721767000,49.8728035229,8.6511732787,144.0166,0.0025,0,0,0.0025,0,0.01,0.0000,0.0000,0.0000,0,0,0,0,0,0,0
1721867000,49.8728035053,8.6511732787,144.0177,0.0025,0,0,0.0025,0,0.01,0.0000,0.0000,0.0000,0,0,0,0,0,0,0
1721967000,49.8728034965,8.6511732787,144.0180,0.0025,0,0,0.0025,0,0.01,0.0000,0.0000,0.0000,0,0,0,0,0,0,0
1722067000,49.8728035053,8.6511732787,144.0185,0.0025,0,0,0.0025,0,0.01,0.0000,0.0000,0.0000,0,0,0,0,0,0,0
1722167000,49.8728035075,8.6511732787,144.0185,0.0025,0,0,0.0025,0,0.01,0.0000,0.0000,0.0000,0,0,0,0,0,0,0
1722267000,49.8728034790,8.6511732787,144.0204,0.0025,0,0,0.0025,0,0.01,0.0000,0.0000,0.0000,0,0,0,0,0,0,0
1722367000,49.8728035075,8.6511732787,144.0190,0.0025,0,0,0.0025,0,0.01,0.0000,0.0000,0.0000,0,0,0,0,0,0,0
1722467000,49.8728035229,8.6511732787,144.0175,0.0025,0,0,0.0025,0,0.01,0.0000,0.0000,0.0000,0,0,0,0,0,0,0
1722567000,49.8728035119,8.6511732787,144.0179,0.0025,0,0,0.0025,0,0.01,0.0000,0.0000,0.0000,0,0,0,0,0,0,0
1722667000,49.8728035075,8.6511732787,144.0184,0.0025,0,0,0.0025,0,0.01,0.0000,0.0000,0.0000,0,0,0,0,0,0,0
1722767000,49.8728035097,8.6511732787,144.0188,0.0025,0,0,0.0025,0,0.01,0.0000,0.0000,0.0000,0,0,0,0,0,0,0
1722867000,49.8728035492,8.6511732923,144.0136,0.0025,0,0,0.0025,0,0.01,0.0000,0.0000,0.0000,0,0,0,0,0,0,0
1722967000,49.8728035624,8.6511733058,144.0124,0.0025,0,0,0.0025,0,0.01,0.0000,0.0000,0.0000,0,0,0,0,0,0,0
1723067000,49.8728035558,8.6511733058,144.0128,0.0025,0,0,0.0025,0,0.01,0.0000,0.0000,0.0000,0,0,0,0,0,0,0
1723167000,49.8728035360,8.6511732515,144.0068,0.0025,0,0,0.0025,0,0.01,0.0000,0.0000,0.0000,0,0,0,0,0,0,0
1723268000,49.8728035009,8.6511732787,144.0108,0.0025,0,0,0.0025,0,0.01,0.0000,0.0000,0.0000,0,0,0,0,0,0,0
1723367000,49.8728034877,8.6511732787,144.0166,0.0025,0,0,0.0025,0,0.01,0.0000,0.0000,0.0000,0,0,0,0,0,0,0
1723467000,49.8728035009,8.6511732787,144.0191,0.0025,0,0,0.0025,0,0.01,0.0000,0.0000,0.0000,0,0,0,0,0,0,0
1723567000,49.8728034877,8.6511732787,144.0211,0.0025,0,0,0.0025,0,0.01,0.0000,0.0000,0.0000,0,0,0,0,0,0,0
1723667000,49.8728034987,8.6511732787,144.0219,0.0025,0,0,0.0025,0,0.01,0.0000,0.0000,0.0000,0,0,0,0,0,0,0
1723767000,49.8728035075,8.6511732787,144.0214,0.0025,0,0,0.0025,0,0.01,0.0000,0.0000,0.0000,0,0,0,0,0,0,0
1723867000,49.8728035075,8.6511732787,144.0223,0.0025,0,0,0.0025,0,0.01,0.0000,0.0000,0.0000,0,0,0,0,0,0,0
1723969000,49.8728035075,8.6511732787,144.0201,0.0025,0,0,0.0025,0,0.01,0.0000,0.0000,0.0000,0,0,0,0,0,0,0
1724068000,49.8728035075,8.6511732651,144.0198,0.0025,0,0,0.0025,0,0.01,0.0000,0.0000,0.0000,0,0,0,0,0,0,0
1724167000,49.8728035075,8.6511732787,144.0175,0.0025,0,0,0.0025,0,0.01,0.0000,0.0000,0.0000,0,0,0,0,0,0,0
1724268000,49.8728034965,8.6511732787,144.0178,0.0025,0,0,0.0025,0,0.01,0.0000,0.0000,0.0000,0,0,0,0,0,0,0
1724367000,49.8728035251,8.6511732787,144.0164,0.0025,0,0,0.0025,0,0.01,0.0000,0.0000,0.0000,0,0,0,0,0,0,0
1724467000,49.8728035053,8.6511732787,144.0176,0.0025,0,0,0.0025,0,0.01,0.0000,0.0000,0.0000,0,0,0,0,0,0,0
1724567000,49.8728035119,8.6511732787,144.0179,0.0025,0,0,0.0025,0,0.01,0.0000,0.0000,0.0000,0,0,0,0,0,0,0
1724667000,49.8728035053,8.6511732787,144.0192,0.0025,0,0,0.0025,0,0.01,0.0000,0.0000,0.0000,0,0,0,0,0,0,0
1724767000,49.8728035075,8.6511732787,144.0188,0.0025,0,0,0.0025,0,0.01,0.0000,0.0000,0.0000,0,0,0,0,0,0,0
1724867000,49.8728035119,8.6511732787,144.0180,0.0025,0,0,0.0025,0,0.01,0.0000,0.0000,0.0000,0,0,0,0,0,0,0
1724967000,49.8728035053,8.6511732787,144.0183,0.0025,0,0,0.0025,0,0.01,0.0000,0.0000,0.0000,0,0,0,0,0,0,0
1725067000,49.8728034987,8.6511732787,144.0188,0.0025,0,0,0.0025,0,0.01,0.0000,0.0000,0.0000,0,0,0,0,0,0,0
1725167000,49.8728035448,8.6511732651,144.0131,0.0025,0,0,0.0025,0,0.01,0.0000,0.0000,0.0000,0,0,0,0,0,0,0
1725267000,49.8728035624,8.6511732651,144.0117,0.0025,0,0,0.0025,0,0.01,0.0000,0.0000,0.0000,0,0,0,0,0,0,0
1725367000,49.8728035799,8.6511732651,144.0104,0.0025,0,0,0.0025,0,0.01,0.0000,0.0000,0.0000,0,0,0,0,0,0,0
1725467000,49.8728034899,8.6511732787,144.0172,0.0025,0,0,0.0025,0,0.01,0.0000,0.0000,0.0000,0,0,0,0,0,0,0
1725567000,49.8728034856,8.6511732923,144.0178,0.0025,0,0,0.0025,0,0.01,0.0000,0.0000,0.0000,0,0,0,0,0,0,0
1725667000,49.8728035053,8.6511732787,144.0201,0.0025,0,0,0.0025,0,0.01,0.0000,0.0000,0.0000,0,0,0,0,0,0,0
1725767000,49.8728035141,8.6511732651,144.0179,0.0025,0,0,0.0025,0,0.01,0.0000,0.0000,0.0000,0,0,0,0,0,0,0
1725867000,49.8728035031,8.6511732787,144.0183,0.0025,0,0,0.0025,0,0.01,0.0000,0.0000,0.0000,0,0,0,0,0,0,0
1725967000,49.8728034943,8.6511732787,144.0186,0.0025,0,0,0.0025,0,0.01,0.0000,0.0000,0.0000,0,0,0,0,0,0,0
1726067000,49.8728035031,8.6511732787,144.0185,0.0025,0,0,0.0025,0,0.01,0.0000,0.0000,0.0000,0,0,0,0,0,0,0
1726167000,49.8728035185,8.6511732787,144.0173,0.0025,0,0,0.0025,0,0.01,0.0000,0.0000,0.0000,0,0,0,0,0,0,0
1726267000,49.8728035031,8.6511732787,144.0179,0.0025,0,0,0.0025,0,0.01,0.0000,0.0000,0.0000,0,0,0,0,0,0,0
1726367000,49.8728034987,8.6511732787,144.0187,0.0025,0,0,0.0025,0,0.01,0.0000,0.0000,0.0000,0,0,0,0,0,0,0
1726467000,49.8728035295,8.6511732651,144.0162,0.0025,0,0,0.0025,0,0.01,0.0000,0.0000,0.0000,0,0,0,0,0,0,0
1726567000,49.8728035053,8.6511732651,144.0189,0.0025,0,0,0.0025,0,0.01,0.0000,0.0000,0.0000,0,0,0,0,0,0,0
1726667000,49.8728035009,8.6511732787,144.0197,0.0025,0,0,0.0025,0,0.01,0.0000,0.0000,0.0000,0,0,0,0,0,0,0
1726770000,49.8728035053,8.6511732787,144.0194,0.0025,0,0,0.0025,0,0.01,0.0000,0.0000,0.0000,0,0,0,0,0,0,0
1726869000,49.8728035053,8.6511732787,144.0194,0.0025,0,0,0.0025,0,0.01,0.0000,0.0000,0.0000,0,0,0,0,0,0,0
1726967000,49.8728035097,8.6511732787,144.0196,0.0025,0,0,0.0025,0,0.01,0.0000,0.0000,0.0000,0,0,0,0,0,0,0
1727067000,49.8728035075,8.6511732787,144.0191,0.0025,0,0,0.0025,0,0.01,0.0000,0.0000,0.0000,0,0,0,0,0,0,0
1727167000,49.8728035075,8.6511732787,144.0191,0.0025,0,0,0.0025,0,0.01,0.0000,0.0000,0.0000,0,0,0,0,0,0,0
1727267000,49.8728035119,8.6511732787,144.0183,0.0025,0,0,0.0025,0,0.01,0.0000,0.0000,0.0000,0,0,0,0,0,0,0
1727367000,49.8728035075,8.6511732787,144.0184,0.0025,0,0,0.0025,0,0.01,0.0000,0.0000,0.0000,0,0,0,0,0,0,0
1727467000,49.8728035229,8.6511732787,144.0168,0.0025,0,0,0.0025,0,0.01,0.0000,0.0000,0.0000,0,0,0,0,0,0,0
1727567000,49.8728035097,8.6511732787,144.0182,0.0025,0,0,0.0025,0,0.01,0.0000,0.0000,0.0000,0,0,0,0,0,0,0
1727667000,49.8728035009,8.6511732787,144.0188,0.0025,0,0,0.0025,0,0.01,0.0000,0.0000,0.0000,0,0,0,0,0,0,0
1727767000,49.8728035075,8.6511732787,144.0183,0.0025,0,0,0.0025,0,0.01,0.0000,0.0000,0.0000,0,0,0,0,0,0,0
1727867000,49.8728035075,8.6511732787,144.0188,0.0025,0,0,0.0025,0,0.01,0.0000,0.0000,0.0000,0,0,0,0,0,0,0
1727967000,49.8728035031,8.6511732787,144.0190,0.0025,0,0,0.0025,0,0.01,0.0000,0.0000,0.0000,0,0,0,0,0,0,0
1728067000,49.8728035053,8.6511732787,144.0189,0.0025,0,0,0.0025,0,0.01,0.0000,0.0000,0.0000,0,0,0,0,0,0,0
1728167000,49.8728034987,8.6511732787,144.0195,0.0025,0,0,0.0025,0,0.01,0.0000,0.0000,0.0000,0,0,0,0,0,0,0
1728267000,49.8728035097,8.6511732787,144.0188,0.0025,0,0,0.0025,0,0.01,0.0000,0.0000,0.0000,0,0,0,0,0,0,0
1728367000,49.8728035031,8.6511732787,144.0202,0.0025,0,0,0.0025,0,0.01,0.0000,0.0000,0.0000,0,0,0,0,0,0,0
1728467000,49.8728035031,8.6511732787,144.0208,0.0025,0,0,0.0025,0,0.01,0.0000,0.0000,0.0000,0,0,0,0,0,0,0
1728567000,49.8728035031,8.6511732787,144.0208,0.0025,0,0,0.0025,0,0.01,0.0000,0.0000,0.0000,0,0,0,0,0,0,0
1728667000,49.8728035119,8.6511732787,144.0186,0.0025,0,0,0.0025,0,0.01,0.0000,0.0000,0.0000,0,0,0,0,0,0,0
1728767000,49.8728035053,8.6511732787,144.0190,0.0025,0,0,0.0025,0,0.01,0.0000,0.0000,0.0000,0,0,0,0,0,0,0
1728867000,49.8728034987,8.6511732787,144.0190,0.0025,0,0,0.0025,0,0.01,0.0000,0.0000,0.0000,0,0,0,0,0,0,0
1728967000,49.8728034987,8.6511732787,144.0202,0.0025,0,0,0.0025,0,0.01,0.0000,0.0000,0.0000,0,0,0,0,0,0,0
1729067000,49.8728034965,8.6511732787,144.0208,0.0025,0,0,0.0025,0,0.01,0.0000,0.0000,0.0000,0,0,0,0,0,0,0
1729167000,49.8728034899,8.6511732787,144.0216,0.0025,0,0,0.0025,0,0.01,0.0000,0.0000,0.0000,0,0,0,0,0,0,0
1729267000,49.8728034856,8.6511732787,144.0225,0.0025,0,0,0.0025,0,0.01,0.0000,0.0000,0.0000,0,0,0,0,0,0,0
1729367000,49.8728034790,8.6511732923,144.0237,0.0025,0,0,0.0025,0,0.01,0.0000,0.0000,0.0000,0,0,0,0,0,0,0
1729467000,49.8728034724,8.6511732923,144.0249,0.0025,0,0,0.0025,0,0.01,0.0000,0.0000,0.0000,0,0,0,0,0,0,0
1729567000,49.8728034636,8.6511732651,144.0257,0.0025,0,0,0.0025,0,0.01,0.0000,0.0000,0.0000,0,0,0,0,0,0,0
1729667000,49.8728034570,8.6511732651,144.0270,0.0025,0,0,0.0025,0,0.01,0.0000,0.0000,0.0000,0,0,0,0,0,0,0
1729767000,49.8728034482,8.6511732651,144.0284,0.0025,0,0,0.0025,0,0.01,0.0000,0.0000,0.0000,0,0,0,0,0,0,0
1729867000,49.8728035053,8.6511732787,144.0211,0.0025,0,0,0.0025,0,0.01,0.0000,0.0000,0.0000,0,0,0,0,0,0,0
1729967000,49.8728034856,8.6511732923,144.0227,0.0025,0,0,0.0025,0,0.01,0.0000,0.0000,0.0000,0,0,0,0,0,0,0
1730067000,49.8728034680,8.6511733058,144.0253,0.0025,0,0,0.0025,0,0.01,0.0000,0.0000,0.0000,0,0,0,0,0,0,0
1730167000,49.8728034746,8.6511733330,144.0295,0.0025,0,0,0.0025,0,0.01,0.0000,0.0000,0.0000,0,0,0,0,0,0,0
1730267000,49.8728034570,8.6511732379,144.0400,0.0025,0,0,0.0025,0,0.01,0.0000,0.0000,0.0000,0,0,0,0,0,0,0
1730370000,49.8728034109,8.6511731972,144.0753,0.0025,0,0,0.0025,0,0.01,0.0000,0.0000,0.0000,0,0,0,0,0,0,0
1730469000,49.8728033407,8.6511731021,144.1101,0.0025,0,0,0.0025,0,0.01,0.0000,0.0000,0.0000,0,0,0,0,0,0,0
1730568000,49.8728032551,8.6511730070,144.1685,0.0025,0,0,0.0025,0,0.01,0.0000,0.0000,0.0000,0,0,0,0,0,0,0
1730667000,49.8728031388,8.6511728983,144.2313,0.0025,0,0,0.0025,0,0.01,0.0000,0.0000,0.0000,0,0,0,0,0,0,0
1730767000,49.8728029829,8.6511727896,144.3022,0.0025,0,0,0.0025,0,0.01,0.0000,0.0000,0.0000,0,0,0,0,0,0,0
1730867000,49.8728027985,8.6511726266,144.3872,0.0025,0,0,0.0025,0,0.01,0.0000,0.0000,0.0000,0,0,0,0,0,0,0
1730967000,49.8728026295,8.6511725315,144.4778,0.0025,0,0,0.0025,0,0.01,0.0000,0.0000,0.0000,0,0,0,0,0,0,0
1731067000,49.8728024605,8.6511724908,144.5732,0.0025,0,0,0.0025,0,0.01,0.0000,0.0000,0.0000,0,0,0,0,0,0,0
1731167000,49.8728023222,8.6511725315,144.6772,0.0025,0,0,0.0025,0,0.01,0.0000,0.0000,0.0000,0,0,0,0,0,0,0
1731267000,49.8728022696,8.6511725859,144.7939,0.0025,0,0,0.0025,0,0.01,0.0000,0.0000,0.0000,0,0,0,0,0,0,0
1731367000,49.8728022169,8.6511725859,144.9004,0.0025,0,0,0.0025,0,0.01,0.0000,0.0000,0.0000,0,0,0,0,0,0,0
1731467000,49.8728021774,8.6511725994,145.0039,0.0025,0,0,0.0025,0,0.01,0.0000,0.0000,0.0000,0,0,0,0,0,0,0
1731567000,49.8728021291,8.6511726810,145.1006,0.0025,0,0,0.0025,0,0.01,0.0000,0.0000,0.0000,0,0,0,0,0,0,0
1731667000,49.8728021379,8.6511727760,145.1904,0.0025,0,0,0.0025,0,0.01,0.0000,0.0000,0.0000,0,0,0,0,0,0,0
1731767000,49.8728021840,8.6511729119,145.2676,0.0025,0,0,0.0025,0,0.01,0.0000,0.0000,0.0000,0,0,0,0,0,0,0
1731867000,49.8728022377,8.6511731157,145.3418,0.0025,0,0,0.0025,0,0.01,0.0000,0.0000,0.0000,0,0,0,0,0,0,0
1731967000,49.8728023178,8.6511733466,145.4014,0.0025,0,0,0.0025,0,0.01,0.0000,0.0000,0.0000,0,0,0,0,0,0,0
1732067000,49.8728023244,8.6511735775,145.4375,0.0025,0,0,0.0025,0,0.01,0.0000,0.0000,0.0000,0,0,0,0,0,0,0
1732170000,49.8728023332,8.6511738221,145.4697,0.0025,0,0,0.0025,0,0.01,0.0000,0.0000,0.0000,0,0,0,0,0,0,0
1732269000,49.8728022564,8.6511742025,145.4990,0.0025,0,0,0.0025,0,0.01,0.0000,0.0000,0.0000,0,0,0,0,0,0,0
1732368000,49.8728021038,8.6511745285,145.5176,0.0025,0,0,0.0025,0,0.01,0.0000,0.0000,0.0000,0,0,0,0,0,0,0
1732467000,49.8728019063,8.6511748545,145.5254,0.0025,0,0,0.0025,0,0.01,0.0000,0.0000,0.0000,0,0,0,0,0,0,0
1732567000,49.8728016670,8.6511751262,145.5293,0.0025,0,0,0.0025,0,0.01,0.0000,0.0000,0.0000,0,0,0,0,0,0,0
1732667000,49.8728013828,8.6511754251,145.5352,0.0025,0,0,0.0025,0,0.01,0.0000,0.0000,0.0000,0,0,0,0,0,0,0
1732767000,49.8728010640,8.6511757511,145.5332,0.0025,0,0,0.0025,0,0.01,0.0000,0.0000,0.0000,0,0,0,0,0,0,0
1732867000,49.8728007852,8.6511760772,145.5313,0.0025,0,0,0.0025,0,0.01,0.0000,0.0000,0.0000,0,0,0,0,0,0,0
1732967000,49.8728005029,8.6511763760,145.5283,0.0025,0,0,0.0025,0,0.01,0.0000,0.0000,0.0000,0,0,0,0,0,0,0
1733067000,49.8728001982,8.6511765934,145.5225,0.0025,0,0,0.0025,0,0.01,0.0000,0.0000,0.0000,0,0,0,0,0,0,0
1733167000,49.8727998483,8.6511767156,145.5137,0.0025,0,0,0.0025,0,0.01,0.0000,0.0000,0.0000,0,0,0,0,0,0,0
1733267000,49.8727995336,8.6511767292,145.5088,0.0025,0,0,0.0025,0,0.01,0.0000,0.0000,0.0000,0,0,0,0,0,0,0
1733367000,49.8727990567,8.6511766749,145.5029,0.0025,0,0,0.0025,0,0.01,0.0000,0.0000,0.0000,0,0,0,0,0,0,0
1733467000,49.8727985096,8.6511765119,145.4902,0.0025,0,0,0.0025,0,0.01,0.0000,0.0000,0.0000,0,0,0,0,0,0,0
1733567000,49.8727978973,8.6511763217,145.4844,0.0025,0,0,0.0025,0,0.01,0.0000,0.0000,0.0000,0,0,0,0,0,0,0
1733668000,49.8727972278,8.6511760907,145.4795,0.0025,0,0,0.0025,0,0.01,0.0000,0.0000,0.0000,0,0,0,0,0,0,0
1733767000,49.8727966505,8.6511759685,145.4854,0.0025,0,0,0.0025,0,0.01,0.0000,0.0000,0.0000,0,0,0,0,0,0,0
1733867000,49.8727960557,8.6511759141,145.4941,0.0025,0,0,0.0025,0,0.01,0.0000,0.0000,0.0000,0,0,0,0,0,0,0
1733967000,49.8727954258,8.6511758462,145.5049,0.0025,0,0,0.0025,0,0.01,0.0000,0.0000,0.0000,0,0,0,0,0,0,0
1734067000,49.8727949341,8.6511758326,145.5088,0.0025,0,0,0.0025,0,0.01,0.0000,0.0000,0.0000,0,0,0,0,0,0,0
1734167000,49.8727943283,8.6511758734,145.5039,0.0025,0,0,0.0025,0,0.01,0.0000,0.0000,0.0000,0,0,0,0,0,0,0
1734267000,49.8727937796,8.6511759821,145.5000,0.0025,0,0,0.0025,0,0.01,0.0000,0.0000,0.0000,0,0,0,0,0,0,0
1734367000,49.8727931342,8.6511762266,145.4922,0.0025,0,0,0.0025,0,0.01,0.0000,0.0000,0.0000,0,0,0,0,0,0,0
1734467000,49.8727924187,8.6511765934,145.4805,0.0025,0,0,0.0025,0,0.01,0.0000,0.0000,0.0000,0,0,0,0,0,0,0
1734567000,49.8727917778,8.6511770009,145.4883,0.0025,0,0,0.0025,0,0.01,0.0000,0.0000,0.0000,0,0,0,0,0,0,0
1734667000,49.8727911895,8.6511774356,145.4932,0.0025,0,0,0.0025,0,0.01,0.0000,0.0000,0.0000,0,0,0,0,0,0,0
1734767000,49.8727906496,8.6511778975,145.4961,0.0025,0,0,0.0025,0,0.01,0.0000,0.0000,0.0000,0,0,0,0,0,0,0
1734867000,49.8727901404,8.6511784273,145.4980,0.0025,0,0,0.0025,0,0.01,0.0000,0.0000,0.0000,0,0,0,0,0,0,0
1734967000,49.8727897453,8.6511789436,145.4951,0.0025,0,0,0.0025,0,0.01,0.0000,0.0000,0.0000,0,0,0,0,0,0,0
1735067000,49.8727892712,8.6511794326,145.4912,0.0025,0,0,0.0025,0,0.01,0.0000,0.0000,0.0000,0,0,0,0,0,0,0
1735167000,49.8727887707,8.6511799624,145.4834,0.0025,0,0,0.0025,0,0.01,0.0000,0.0000,0.0000,0,0,0,0,0,0,0
1735267000,49.8727882703,8.6511805058,145.4785,0.0025,0,0,0.0025,0,0.01,0.0000,0.0000,0.0000,0,0,0,0,0,0,0
1735367000,49.8727878664,8.6511810764,145.4824,0.0025,0,0,0.0025,0,0.01,0.0000,0.0000,0.0000,0,0,0,0,0,0,0
1735467000,49.8727875240,8.6511815654,145.4951,0.0025,0,0,0.0025,0,0.01,0.0000,0.0000,0.0000,0,0,0,0,0,0,0
1735567000,49.8727872518,8.6511821360,145.5039,0.0025,0,0,0.0025,0,0.01,0.0000,0.0000,0.0000,0,0,0,0,0,0,0
1735667000,49.8727870411,8.6511828016,145.5010,0.0025,0,0,0.0025,0,0.01,0.0000,0.0000,0.0000,0,0,0,0,0,0,0
1735769000,49.8727868128,8.6511836167,145.4893,0.0025,0,0,0.0025,0,0.01,0.0000,0.0000,0.0000,0,0,0,0,0,0,0
1735867000,49.8727866285,8.6511845541,145.4756,0.0025,0,0,0.0025,0,0.01,0.0000,0.0000,0.0000,0,0,0,0,0,0,0
1735967000,49.8727864441,8.6511856544,145.4639,0.0025,0,0,0.0025,0,0.01,0.0000,0.0000,0.0000,0,0,0,0,0,0,0
1736067000,49.8727863212,8.6511868092,145.4717,0.0025,0,0,0.0025,0,0.01,0.0000,0.0000,0.0000,0,0,0,0,0,0,0
1736167000,49.8727861544,8.6511879639,145.4893,0.0025,0,0,0.0025,0,0.01,0.0000,0.0000,0.0000,0,0,0,0,0,0,0
1736267000,49.8727861368,8.6511889963,145.5020,0.0025,0,0,0.0025,0,0.01,0.0000,0.0000,0.0000,0,0,0,0,0,0,0
1736367000,49.8727860402,8.6511899948,145.5098,0.0025,0,0,0.0025,0,0.01,0.0000,0.0000,0.0000,0,0,0,0,0,0,0
1736467000,49.8727859173,8.6511910408,145.5039,0.0025,0,0,0.0025,0,0.01,0.0000,0.0000,0.0000,0,0,0,0,0,0,0
1736567000,49.8727858471,8.6511920936,145.5020,0.0025,0,0,0.0025,0,0.01,0.0000,0.0000,0.0000,0,0,0,0,0,0,0
1736667000,49.8727856715,8.6511932382,145.4980,0.0025,0,0,0.0025,0,0.01,0.0000,0.0000,0.0000,0,0,0,0,0,0,0
1736768000,49.8727854783,8.6511943793,145.5000,0.0025,0,0,0.0025,0,0.01,0.0000,0.0000,0.0000,0,0,0,0,0,0,0
1736867000,49.8727852764,8.6511955883,145.5059,0.0025,0,0,0.0025,0,0.01,0.0000,0.0000,0.0000,0,0,0,0,0,0,0
1736967000,49.8727851359,8.6511966649,145.5166,0.0025,0,0,0.0025,0,0.01,0.0000,0.0000,0.0000,0,0,0,0,0,0,0
1737067000,49.8727850481,8.6511977466,145.5156,0.0025,0,0,0.0025,0,0.01,0.0000,0.0000,0.0000,0,0,0,0,0,0,0
1737167000,49.8727849691,8.6511988054,145.5195,0.0025,0,0,0.0025,0,0.01,0.0000,0.0000,0.0000,0,0,0,0,0,0,0
1737267000,49.8727848637,8.6511998422,145.5176,0.0025,0,0,0.0025,0,0.01,0.0000,0.0000,0.0000,0,0,0,0,0,0,0
1737367000,49.8727848111,8.6512009739,145.5127,0.0025,0,0,0.0025,0,0.01,0.0000,0.0000,0.0000,0,0,0,0,0,0,0
1737467000,49.8727848725,8.6512022500,145.5059,0.0025,0,0,0.0025,0,0.01,0.0000,0.0000,0.0000,0,0,0,0,0,0,0
1737567000,49.8727849515,8.6512036339,145.5010,0.0025,0,0,0.0025,0,0.01,0.0000,0.0000,0.0000,0,0,0,0,0,0,0
1737667000,49.8727849428,8.6512049245,145.5146,0.0025,0,0,0.0025,0,0.01,0.0000,0.0000,0.0000,0,0,0,0,0,0,0
1737767000,49.8727849867,8.6512060317,145.5283,0.0025,0,0,0.0025,0,0.01,0.0000,0.0000,0.0000,0,0,0,0,0,0,0
1737867000,49.8727850042,8.6512072203,145.5283,0.0025,0,0,0.0025,0,0.01,0.0000,0.0000,0.0000,0,0,0,0,0,0,0
1737967000,49.8727849779,8.6512082528,145.5293,0.0025,0,0,0.0025,0,0.01,0.0000,0.0000,0.0000,0,0,0,0,0,0,0
1738067000,49.8727850218,8.6512094211,145.5225,0.0025,0,0,0.0025,0,0.01,0.0000,0.0000,0.0000,0,0,0,0,0,0,0
1738167000,49.8727850393,8.6512106369,145.5195,0.0025,0,0,0.0025,0,0.01,0.0000,0.0000,0.0000,0,0,0,0,0,0,0
1738267000,49.8727849779,8.6512118935,145.5107,0.0025,0,0,0.0025,0,0.01,0.0000,0.0000,0.0000,0,0,0,0,0,0,0
1738368000,49.8727849779,8.6512131433,145.5127,0.0025,0,0,0.0025,0,0.01,0.0000,0.0000,0.0000,0,0,0,0,0,0,0
1738467000,49.8727850218,8.6512143456,145.5186,0.0025,0,0,0.0025,0,0.01,0.0000,0.0000,0.0000,0,0,0,0,0,0,0
1738567000,49.8727852061,8.6512154867,145.5254,0.0025,0,0,0.0025,0,0.01,0.0000,0.0000,0.0000,0,0,0,0,0,0,0
1738667000,49.8727854432,8.6512165463,145.5244,0.0025,0,0,0.0025,0,0.01,0.0000,0.0000,0.0000,0,0,0,0,0,0,0
1738767000,49.8727857066,8.6512176059,145.5166,0.0025,0,0,0.0025,0,0.01,0.0000,0.0000,0.0000,0,0,0,0,0,0,0
1738867000,49.8727860753,8.6512185840,145.5146,0.0025,0,0,0.0025,0,0.01,0.0000,0.0000,0.0000,0,0,0,0,0,0,0
1738967000,49.8727865055,8.6512195621,145.5088,0.0025,0,0,0.0025,0,0.01,0.0000,0.0000,0.0000,0,0,0,0,0,0,0
1739067000,49.8727870148,8.6512205402,145.5059,0.0025,0,0,0.0025,0,0.01,0.0000,0.0000,0.0000,0,0,0,0,0,0,0
1739167000,49.8727875416,8.6512214504,145.5137,0.0025,0,0,0.0025,0,0.01,0.0000,0.0000,0.0000,0,0,0,0,0,0,0
1739267000,49.8727880771,8.6512222655,145.5225,0.0025,0,0,0.0025,0,0.01,0.0000,0.0000,0.0000,0,0,0,0,0,0,0
1739367000,49.8727885863,8.6512229719,145.5322,0.0025,0,0,0.0025,0,0.01,0.0000,0.0000,0.0000,0,0,0,0,0,0,0
1739467000,49.8727891746,8.6512236511,145.5313,0.0025,0,0,0.0025,0,0.01,0.0000,0.0000,0.0000,0,0,0,0,0,0,0
1739567000,49.8727897365,8.6512242489,145.5234,0.0025,0,0,0.0025,0,0.01,0.0000,0.0000,0.0000,0,0,0,0,0,0,0
1739667000,49.8727902984,8.6512248874,145.5137,0.0025,0,0,0.0025,0,0.01,0.0000,0.0000,0.0000,0,0,0,0,0,0,0
1739767000,49.8727909832,8.6512255123,145.5166,0.0025,0,0,0.0025,0,0.01,0.0000,0.0000,0.0000,0,0,0,0,0,0,0
1739869000,49.8727915495,8.6512261915,145.5107,0.0025,0,0,0.0025,0,0.01,0.0000,0.0000,0.0000,0,0,0,0,0,0,0
1739967000,49.8727920236,8.6512265311,145.5215,0.0025,0,0,0.0025,0,0.01,0.0000,0.0000,0.0000,0,0,0,0,0,0,0
1740067000,49.8727926294,8.6512267892,145.5361,0.0025,0,0,0.0025,0,0.01,0.0000,0.0000,0.0000,0,0,0,0,0,0,0
1740168000,49.8727930684,8.6512270202,145.5264,0.0025,0,0,0.0025,0,0.01,0.0000,0.0000,0.0000,0,0,0,0,0,0,0
1740267000,49.8727937093,8.6512272647,145.5156,0.0025,0,0,0.0025,0,0.01,0.0000,0.0000,0.0000,0,0,0,0,0,0,0
1740367000,49.8727944468,8.6512273598,145.5186,0.0025,0,0,0.0025,0,0.01,0.0000,0.0000,0.0000,0,0,0,0,0,0,0
1740467000,49.8727951799,8.6512276587,145.5117,0.0025,0,0,0.0025,0,0.01,0.0000,0.0000,0.0000,0,0,0,0,0,0,0
1740567000,49.8727959767,8.6512279575,145.5137,0.0025,0,0,0.0025,0,0.01,0.0000,0.0000,0.0000,0,0,0,0,0,0,0
1740667000,49.8727967559,8.6512281205,145.5313,0.0025,0,0,0.0025,0,0.01,0.0000,0.0000,0.0000,0,0,0,0,0,0,0
1740770000,49.8727975329,8.6512282836,145.5459,0.0025,0,0,0.0025,0,0.01,0.0000,0.0000,0.0000,0,0,0,0,0,0,0
1740870000,49.8727981826,8.6512284466,145.5508,0.0025,0,0,0.0025,0,0.01,0.0000,0.0000,0.0000,0,0,0,0,0,0,0
1740970000,49.8727988696,8.6512285824,145.5469,0.0025,0,0,0.0025,0,0.01,0.0000,0.0000,0.0000,0,0,0,0,0,0,0
1741070000,49.8727996609,8.6512287455,145.5498,0.0025,0,0,0.0025,0,0.01,0.0000,0.0000,0.0000,0,0,0,0,0,0,0
1741170000,49.8728003844,8.6512288813,145.5342,0.0025,0,0,0.0025,0,0.01,0.0000,0.0000,0.0000,0,0,0,0,0,0,0
1741269000,49.8728012412,8.6512290171,145.5244,0.0025,0,0,0.0025,0,0.01,0.0000,0.0000,0.0000,0,0,0,0,0,0,0
1741367000,49.8728020029,8.6512291258,145.5264,0.0025,0,0,0.0025,0,0.01,0.0000,0.0000,0.0000,0,0,0,0,0,0,0
1741467000,49.8728028183,8.6512290715,145.5400,0.0025,0,0,0.0025,0,0.01,0.0000,0.0000,0.0000,0,0,0,0,0,0,0
1741567000,49.8728035602,8.6512289628,145.5449,0.0025,0,0,0.0025,0,0.01,0.0000,0.0000,0.0000,0,0,0,0,0,0,0
1741667000,49.8728042779,8.6512286911,145.5508,0.0025,0,0,0.0025,0,0.01,0.0000,0.0000,0.0000,0,0,0,0,0,0,0
1741767000,49.8728050659,8.6512282292,145.5498,0.0025,0,0,0.0025,0,0.01,0.0000,0.0000,0.0000,0,0,0,0,0,0,0
1741867000,49.8728057068,8.6512274957,145.5254,0.0025,0,0,0.0025,0,0.01,0.0000,0.0000,0.0000,0,0,0,0,0,0,0
1741967000,49.8728063521,8.6512266126,145.5137,0.0025,0,0,0.0025,0,0.01,0.0000,0.0000,0.0000,0,0,0,0,0,0,0
1742067000,49.8728069360,8.6512256074,145.5195,0.0025,0,0,0.0025,0,0.01,0.0000,0.0000,0.0000,0,0,0,0,0,0,0
1742167000,49.8728074101,8.6512245070,145.5371,0.0025,0,0,0.0025,0,0.01,0.0000,0.0000,0.0000,0,0,0,0,0,0,0
1742267000,49.8728077745,8.6512233659,145.5547,0.0025,0,0,0.0025,0,0.01,0.0000,0.0000,0.0000,0,0,0,0,0,0,0
1742367000,49.8728081300,8.6512222927,145.5400,0.0025,0,0,0.0025,0,0.01,0.0000,0.0000,0.0000,0,0,0,0,0,0,0
1742467000,49.8728083803,8.6512210972,145.5273,0.0025,0,0,0.0025,0,0.01,0.0000,0.0000,0.0000,0,0,0,0,0,0,0
1742567000,49.8728086656,8.6512198338,145.5166,0.0025,0,0,0.0025,0,0.01,0.0000,0.0000,0.0000,0,0,0,0,0,0,0
1742667000,49.8728089729,8.6512185976,145.5098,0.0025,0,0,0.0025,0,0.01,0.0000,0.0000,0.0000,0,0,0,0,0,0,0
1742767000,49.8728092451,8.6512173886,145.5176,0.0025,0,0,0.0025,0,0.01,0.0000,0.0000,0.0000,0,0,0,0,0,0,0
1742867000,49.8728094821,8.6512161659,145.5293,0.0025,0,0,0.0025,0,0.01,0.0000,0.0000,0.0000,0,0,0,0,0,0,0
1742967000,49.8728096314,8.6512149161,145.5342,0.0025,0,0,0.0025,0,0.01,0.0000,0.0000,0.0000,0,0,0,0,0,0,0
1743067000,49.8728097631,8.6512136527,145.5322,0.0025,0,0,0.0025,0,0.01,0.0000,0.0000,0.0000,0,0,0,0,0,0,0
1743167000,49.8728099826,8.6512120361,145.5391,0.0025,0,0,0.0025,0,0.01,0.0000,0.0000,0.0000,0,0,0,0,0,0,0
1743267000,49.8728101406,8.6512105146,145.5332,0.0025,0,0,0.0025,0,0.01,0.0000,0.0000,0.0000,0,0,0,0,0,0,0
1743367000,49.8728102372,8.6512088641,145.5371,0.0025,0,0,0.0025,0,0.01,0.0000,0.0000,0.0000,0,0,0,0,0,0,0
1743472000,49.8728102811,8.6512070573,145.5439,0.0025,0,0,0.0025,0,0.01,0.0000,0.0000,0.0000,0,0,0,0,0,0,0
1743567000,49.8728103864,8.6512055018,145.5527,0.0025,0,0,0.0025,0,0.01,0.0000,0.0000,0.0000,0,0,0,0,0,0,0
1743667000,49.8728104128,8.6512040687,145.5635,0.0025,0,0,0.0025,0,0.01,0.0000,0.0000,0.0000,0,0,0,0,0,0,0
1743767000,49.8728104215,8.6512026711,145.5605,0.0025,0,0,0.0025,0,0.01,0.0000,0.0000,0.0000,0,0,0,0,0,0,0
1743869000,49.8728104391,8.6512011403,145.5518,0.0025,0,0,0.0025,0,0.01,0.0000,0.0000,0.0000,0,0,0,0,0,0,0
1743967000,49.8728104742,8.6511996298,145.5400,0.0025,0,0,0.0025,0,0.01,0.0000,0.0000,0.0000,0,0,0,0,0,0,0
1744067000,49.8728105708,8.6511978010,145.5322,0.0025,0,0,0.0025,0,0.01,0.0000,0.0000,0.0000,0,0,0,0,0,0,0
1744167000,49.8728106147,8.6511961759,145.5459,0.0025,0,0,0.0025,0,0.01,0.0000,0.0000,0.0000,0,0,0,0,0,0,0
1744267000,49.8728105796,8.6511946917,145.5596,0.0025,0,0,0.0025,0,0.01,0.0000,0.0000,0.0000,0,0,0,0,0,0,0
1744367000,49.8728104654,8.6511932178,145.5596,0.0025,0,0,0.0025,0,0.01,0.0000,0.0000,0.0000,0,0,0,0,0,0,0
1744472000,49.8728103513,8.6511917880,145.5527,0.0025,0,0,0.0025,0,0.01,0.0000,0.0000,0.0000,0,0,0,0,0,0,0
1744569000,49.8728101406,8.6511902937,145.5488,0.0025,0,0,0.0025,0,0.01,0.0000,0.0000,0.0000,0,0,0,0,0,0,0
1744668000,49.8728098772,8.6511890574,145.5469,0.0025,0,0,0.0025,0,0.01,0.0000,0.0000,0.0000,0,0,0,0,0,0,0
1744767000,49.8728093855,8.6511876582,145.5547,0.0025,0,0,0.0025,0,0.01,0.0000,0.0000,0.0000,0,0,0,0,0,0,0
1744867000,49.8728089378,8.6511865442,145.5605,0.0025,0,0,0.0025,0,0.01,0.0000,0.0000,0.0000,0,0,0,0,0,0,0
1744967000,49.8728083759,8.6511855729,145.5713,0.0025,0,0,0.0025,0,0.01,0.0000,0.0000,0.0000,0,0,0,0,0,0,0
1745067000,49.8728078359,8.6511848801,145.5586,0.0025,0,0,0.0025,0,0.01,0.0000,0.0000,0.0000,0,0,0,0,0,0,0
1745167000,49.8728072389,8.6511843503,145.5371,0.0025,0,0,0.0025,0,0.01,0.0000,0.0000,0.0000,0,0,0,0,0,0,0
1745267000,49.8728066858,8.6511839563,145.5186,0.0025,0,0,0.0025,0,0.01,0.0000,0.0000,0.0000,0,0,0,0,0,0,0
1745367000,49.8728062336,8.6511837797,145.5088,0.0025,0,0,0.0025,0,0.01,0.0000,0.0000,0.0000,0,0,0,0,0,0,0
1745467000,49.8728057156,8.6511838748,145.4951,0.0025,0,0,0.0025,0,0.01,0.0000,0.0000,0.0000,0,0,0,0,0,0,0
1745567000,49.8728054171,8.6511841194,145.4932,0.0025,0,0,0.0025,0,0.01,0.0000,0.0000,0.0000,0,0,0,0,0,0,0
1745667000,49.8728051581,8.6511845812,145.4863,0.0025,0,0,0.0025,0,0.01,0.0000,0.0000,0.0000,0,0,0,0,0,0,0
1745767000,49.8728049210,8.6511853284,145.4775,0.0025,0,0,0.0025,0,0.01,0.0000,0.0000,0.0000,0,0,0,0,0,0,0
1745867000,49.8728047279,8.6511862182,145.4717,0.0025,0,0,0.0025,0,0.01,0.0000,0.0000,0.0000,0,0,0,0,0,0,0
1745967000,49.8728043372,8.6511870876,145.4629,0.0025,0,0,0.0025,0,0.01,0.0000,0.0000,0.0000,0,0,0,0,0,0,0
1746068000,49.8728039421,8.6511881269,145.4688,0.0025,0,0,0.0025,0,0.01,0.0000,0.0000,0.0000,0,0,0,0,0,0,0
1746168000,49.8728036041,8.6511890031,145.4873,0.0025,0,0,0.0025,0,0.01,0.0000,0.0000,0.0000,0,0,0,0,0,0,0
1746270000,49.8728032726,8.6511898521,145.5010,0.0025,0,0,0.0025,0,0.01,0.0000,0.0000,0.0000,0,0,0,0,0,0,0
1746368000,49.8728028776,8.6511909457,145.5059,0.0025,0,0,0.0025,0,0.01,0.0000,0.0000,0.0000,0,0,0,0,0,0,0
1746467000,49.8728025242,8.6511920053,145.5127,0.0025,0,0,0.0025,0,0.01,0.0000,0.0000,0.0000,0,0,0,0,0,0,0
1746567000,49.8728021664,8.6511930378,145.5146,0.0025,0,0,0.0025,0,0.01,0.0000,0.0000,0.0000,0,0,0,0,0,0,0
1746667000,49.8728017592,8.6511940736,145.5068,0.0025,0,0,0.0025,0,0.01,0.0000,0.0000,0.0000,0,0,0,0,0,0,0
1746767000,49.8728012906,8.6511951808,145.4893,0.0025,0,0,0.0025,0,0.01,0.0000,0.0000,0.0000,0,0,0,0,0,0,0
1746867000,49.8728006914,8.6511964340,145.4834,0.0025,0,0,0.0025,0,0.01,0.0000,0.0000,0.0000,0,0,0,0,0,0,0
1746967000,49.8728001853,8.6511976515,145.4932,0.0025,0,0,0.0025,0,0.01,0.0000,0.0000,0.0000,0,0,0,0,0,0,0
1747067000,49.8727997285,8.6511988691,145.5029,0.0025,0,0,0.0025,0,0.01,0.0000,0.0000,0.0000,0,0,0,0,0,0,0
1747167000,49.8727993278,8.6512001455,145.5088,0.0025,0,0,0.0025,0,0.01,0.0000,0.0000,0.0000,0,0,0,0,0,0,0
1747267000,49.8727989558,8.6512013576,145.5146,0.0025,0,0,0.0025,0,0.01,0.0000,0.0000,0.0000,0,0,0,0,0,0,0
1747367000,49.8727986073,8.6512027305,145.5000,0.0025,0,0,0.0025,0,0.01,0.0000,0.0000,0.0000,0,0,0,0,0,0,0
1747467000,49.8727982441,8.6512041603,145.4824,0.0025,0,0,0.0025,0,0.01,0.0000,0.0000,0.0000,0,0,0,0,0,0,0
1747567000,49.8727978292,8.6512057090,145.4902,0.0025,0,0,0.0025,0,0.01,0.0000,0.0000,0.0000,0,0,0,0,0,0,0
1747667000,49.8727974341,8.6512071796,145.5029,0.0025,0,0,0.0025,0,0.01,0.0000,0.0000,0.0000,0,0,0,0,0,0,0
1747767000,49.8727970544,8.6512085381,145.5205,0.0025,0,0,0.0025,0,0.01,0.0000,0.0000,0.0000,0,0,0,0,0,0,0
1747867000,49.8727966593,8.6512097879,145.5313,0.0025,0,0,0.0025,0,0.01,0.0000,0.0000,0.0000,0,0,0,0,0,0,0
1747967000,49.8727962335,8.6512111124,145.5195,0.0025,0,0,0.0025,0,0.01,0.0000,0.0000,0.0000,0,0,0,0,0,0,0
1748067000,49.8727957945,8.6512123622,145.5098,0.0025,0,0,0.0025,0,0.01,0.0000,0.0000,0.0000,0,0,0,0,0,0,0
1748167000,49.8727953336,8.6512135576,145.5088,0.0025,0,0,0.0025,0,0.01,0.0000,0.0000,0.0000,0,0,0,0,0,0,0
1748267000,49.8727948419,8.6512148618,145.5078,0.0025,0,0,0.0025,0,0.01,0.0000,0.0000,0.0000,0,0,0,0,0,0,0
1748367000,49.8727943590,8.6512161252,145.5176,0.0025,0,0,0.0025,0,0.01,0.0000,0.0000,0.0000,0,0,0,0,0,0,0
1748467000,49.8727938981,8.6512174293,145.5195,0.0025,0,0,0.0025,0,0.01,0.0000,0.0000,0.0000,0,0,0,0,0,0,0
1748567000,49.8727934328,8.6512185704,145.5283,0.0025,0,0,0.0025,0,0.01,0.0000,0.0000,0.0000,0,0,0,0,0,0,0
1748667000,49.8727929323,8.6512197387,145.5264,0.0025,0,0,0.0025,0,0.01,0.0000,0.0000,0.0000,0,0,0,0,0,0,0
1748767000,49.8727923967,8.6512208798,145.5225,0.0025,0,0,0.0025,0,0.01,0.0000,0.0000,0.0000,0,0,0,0,0,0,0
1748867000,49.8727918612,8.6512219259,145.5225,0.0025,0,0,0.0025,0,0.01,0.0000,0.0000,0.0000,0,0,0,0,0,0,0
1748967000,49.8727913212,8.6512228904,145.5283,0.0025,0,0,0.0025,0,0.01,0.0000,0.0000,0.0000,0,0,0,0,0,0,0
1749067000,49.8727906759,8.6512236783,145.5273,0.0025,0,0,0.0025,0,0.01,0.0000,0.0000,0.0000,0,0,0,0,0,0,0
1749167000,49.8727901052,8.6512242760,145.5361,0.0025,0,0,0.0025,0,0.01,0.0000,0.0000,0.0000,0,0,0,0,0,0,0
1749268000,49.8727894994,8.6512245206,145.5264,0.0025,0,0,0.0025,0,0.01,0.0000,0.0000,0.0000,0,0,0,0,0,0,0
1749367000,49.8727888585,8.6512246836,145.5146,0.0025,0,0,0.0025,0,0.01,0.0000,0.0000,0.0000,0,0,0,0,0,0,0
1749467000,49.8727882088,8.6512247108,145.5039,0.0025,0,0,0.0025,0,0.01,0.0000,0.0000,0.0000,0,0,0,0,0,0,0
1749567000,49.8727875240,8.6512246292,145.4961,0.0025,0,0,0.0025,0,0.01,0.0000,0.0000,0.0000,0,0,0,0,0,0,0
1749667000,49.8727868392,8.6512244391,145.4922,0.0025,0,0,0.0025,0,0.01,0.0000,0.0000,0.0000,0,0,0,0,0,0,0
1749767000,49.8727861983,8.6512240315,145.4971,0.0025,0,0,0.0025,0,0.01,0.0000,0.0000,0.0000,0,0,0,0,0,0,0
1749867000,49.8727856627,8.6512233387,145.5107,0.0025,0,0,0.0025,0,0.01,0.0000,0.0000,0.0000,0,0,0,0,0,0,0
1749967000,49.8727851798,8.6512227410,145.5059,0.0025,0,0,0.0025,0,0.01,0.0000,0.0000,0.0000,0,0,0,0,0,0,0
1750067000,49.8727847496,8.6512217764,145.5010,0.0025,0,0,0.0025,0,0.01,0.0000,0.0000,0.0000,0,0,0,0,0,0,0
1750167000,49.8727843896,8.6512207440,145.4932,0.0025,0,0,0.0025,0,0.01,0.0000,0.0000,0.0000,0,0,0,0,0,0,0
1750267000,49.8727841350,8.6512196844,145.4893,0.0025,0,0,0.0025,0,0.01,0.0000,0.0000,0.0000,0,0,0,0,0,0,0
1750367000,49.8727839682,8.6512187199,145.4912,0.0025,0,0,0.0025,0,0.01,0.0000,0.0000,0.0000,0,0,0,0,0,0,0
1750467000,49.8727838541,8.6512176195,145.4922,0.0025,0,0,0.0025,0,0.01,0.0000,0.0000,0.0000,0,0,0,0,0,0,0
1750570000,49.8727838541,8.6512163969,145.4961,0.0025,0,0,0.0025,0,0.01,0.0000,0.0000,0.0000,0,0,0,0,0,0,0
1750670000,49.8727838628,8.6512153644,145.4961,0.0025,0,0,0.0025,0,0.01,0.0000,0.0000,0.0000,0,0,0,0,0,0,0
1750767000,49.8727839155,8.6512141146,145.4844,0.0025,0,0,0.0025,0,0.01,0.0000,0.0000,0.0000,0,0,0,0,0,0,0
1750867000,49.8727839331,8.6512128648,145.4775,0.0025,0,0,0.0025,0,0.01,0.0000,0.0000,0.0000,0,0,0,0,0,0,0
1750967000,49.8727839682,8.6512113976,145.4785,0.0025,0,0,0.0025,0,0.01,0.0000,0.0000,0.0000,0,0,0,0,0,0,0
1751067000,49.8727839155,8.6512099848,145.4854,0.0025,0,0,0.0025,0,0.01,0.0000,0.0000,0.0000,0,0,0,0,0,0,0
1751167000,49.8727840560,8.6512086943,145.5039,0.0025,0,0,0.0025,0,0.01,0.0000,0.0000,0.0000,0,0,0,0,0,0,0
1751267000,49.8727840297,8.6512074852,145.5068,0.0025,0,0,0.0025,0,0.01,0.0000,0.0000,0.0000,0,0,0,0,0,0,0
1751367000,49.8727839594,8.6512060045,145.5068,0.0025,0,0,0.0025,0,0.01,0.0000,0.0000,0.0000,0,0,0,0,0,0,0
1751467000,49.8727839419,8.6512046426,145.5000,0.0025,0,0,0.0025,0,0.01,0.0000,0.0000,0.0000,0,0,0,0,0,0,0
1751567000,49.8727839419,8.6512029921,145.4980,0.0025,0,0,0.0025,0,0.01,0.0000,0.0000,0.0000,0,0,0,0,0,0,0
1751667000,49.8727837926,8.6512014952,145.4941,0.0025,0,0,0.0025,0,0.01,0.0000,0.0000,0.0000,0,0,0,0,0,0,0
1751767000,49.8727839682,8.6512001256,145.5098,0.0025,0,0,0.0025,0,0.01,0.0000,0.0000,0.0000,0,0,0,0,0,0,0
1751867000,49.8727839945,8.6511985694,145.5186,0.0025,0,0,0.0025,0,0.01,0.0000,0.0000,0.0000,0,0,0,0,0,0,0
1751967000,49.8727840033,8.6511971608,145.5283,0.0025,0,0,0.0025,0,0.01,0.0000,0.0000,0.0000,0,0,0,0,0,0,0
1752067000,49.8727839594,8.6511957547,145.5244,0.0025,0,0,0.0025,0,0.01,0.0000,0.0000,0.0000,0,0,0,0,0,0,0
1752167000,49.8727840472,8.6511941517,145.5215,0.0025,0,0,0.0025,0,0.01,0.0000,0.0000,0.0000,0,0,0,0,0,0,0
1752267000,49.8727841175,8.6511927118,145.5137,0.0025,0,0,0.0025,0,0.01,0.0000,0.0000,0.0000,0,0,0,0,0,0,0
1752367000,49.8727842053,8.6511913601,145.5098,0.0025,0,0,0.0025,0,0.01,0.0000,0.0000,0.0000,0,0,0,0,0,0,0
1752467000,49.8727841614,8.6511896823,145.5225,0.0025,0,0,0.0025,0,0.01,0.0000,0.0000,0.0000,0,0,0,0,0,0,0
1752567000,49.8727842579,8.6511883239,145.5420,0.0025,0,0,0.0025,0,0.01,0.0000,0.0000,0.0000,0,0,0,0,0,0,0
1752667000,49.8727842931,8.6511870061,145.5361,0.0025,0,0,0.0025,0,0.01,0.0000,0.0000,0.0000,0,0,0,0,0,0,0
1752767000,49.8727843545,8.6511858311,145.5117,0.0025,0,0,0.0025,0,0.01,0.0000,0.0000,0.0000,0,0,0,0,0,0,0
1752867000,49.8727844247,8.6511843231,145.5137,0.0025,0,0,0.0025,0,0.01,0.0000,0.0000,0.0000,0,0,0,0,0,0,0
1752967000,49.8727845564,8.6511829103,145.5146,0.0025,0,0,0.0025,0,0.01,0.0000,0.0000,0.0000,0,0,0,0,0,0,0
1753067000,49.8727847672,8.6511815518,145.5176,0.0025,0,0,0.0025,0,0.01,0.0000,0.0000,0.0000,0,0,0,0,0,0,0
1753167000,49.8727850920,8.6511803700,145.5244,0.0025,0,0,0.0025,0,0.01,0.0000,0.0000,0.0000,0,0,0,0,0,0,0
1753267000,49.8727854081,8.6511794869,145.5107,0.0025,0,0,0.0025,0,0.01,0.0000,0.0000,0.0000,0,0,0,0,0,0,0
1753367000,49.8727859173,8.6511786583,145.5020,0.0025,0,0,0.0025,0,0.01,0.0000,0.0000,0.0000,0,0,0,0,0,0,0
1753467000,49.8727864968,8.6511777888,145.4805,0.0025,0,0,0.0025,0,0.01,0.0000,0.0000,0.0000,0,0,0,0,0,0,0
1753569000,49.8727872606,8.6511767972,145.4727,0.0025,0,0,0.0025,0,0.01,0.0000,0.0000,0.0000,0,0,0,0,0,0,0
1753667000,49.8727878840,8.6511762673,145.4590,0.0025,0,0,0.0025,0,0.01,0.0000,0.0000,0.0000,0,0,0,0,0,0,0
1753767000,49.8727887268,8.6511760636,145.4619,0.0025,0,0,0.0025,0,0.01,0.0000,0.0000,0.0000,0,0,0,0,0,0,0
1753867000,49.8727895258,8.6511761315,145.4580,0.0025,0,0,0.0025,0,0.01,0.0000,0.0000,0.0000,0,0,0,0,0,0,0
1753967000,49.8727902457,8.6511764304,145.4609,0.0025,0,0,0.0025,0,0.01,0.0000,0.0000,0.0000,0,0,0,0,0,0,0
1754067000,49.8727909920,8.6511770417,145.4453,0.0025,0,0,0.0025,0,0.01,0.0000,0.0000,0.0000,0,0,0,0,0,0,0
1754167000,49.8727917295,8.6511778975,145.4443,0.0025,0,0,0.0025,0,0.01,0.0000,0.0000,0.0000,0,0,0,0,0,0,0
1754267000,49.8727923353,8.6511785768,145.4414,0.0025,0,0,0.0025,0,0.01,0.0000,0.0000,0.0000,0,0,0,0,0,0,0
1754367000,49.8727929060,8.6511793919,145.4404,0.0025,0,0,0.0025,0,0.01,0.0000,0.0000,0.0000,0,0,0,0,0,0,0
1754470000,49.8727933581,8.6511803564,145.4385,0.0025,0,0,0.0025,0,0.01,0.0000,0.0000,0.0000,0,0,0,0,0,0,0
1754567000,49.8727938366,8.6511813073,145.4277,0.0025,0,0,0.0025,0,0.01,0.0000,0.0000,0.0000,0,0,0,0,0,0,0
1754667000,49.8727942317,8.6511823398,145.4346,0.0025,0,0,0.0025,0,0.01,0.0000,0.0000,0.0000,0,0,0,0,0,0,0
1754770000,49.8727946224,8.6511835216,145.4277,0.0025,0,0,0.0025,0,0.01,0.0000,0.0000,0.0000,0,0,0,0,0,0,0
1754869000,49.8727951097,8.6511846763,145.4268,0.0025,0,0,0.0025,0,0.01,0.0000,0.0000,0.0000,0,0,0,0,0,0,0
1754967000,49.8727955311,8.6511860756,145.4189,0.0025,0,0,0.0025,0,0.01,0.0000,0.0000,0.0000,0,0,0,0,0,0,0
1755067000,49.8727960162,8.6511875495,145.4248,0.0025,0,0,0.0025,0,0.01,0.0000,0.0000,0.0000,0,0,0,0,0,0,0
1755167000,49.8727964837,8.6511890303,145.4492,0.0025,0,0,0.0025,0,0.01,0.0000,0.0000,0.0000,0,0,0,0,0,0,0
1755267000,49.8727969315,8.6511904635,145.4648,0.0025,0,0,0.0025,0,0.01,0.0000,0.0000,0.0000,0,0,0,0,0,0,0
1755368000,49.8727973397,8.6511918423,145.4854,0.0025,0,0,0.0025,0,0.01,0.0000,0.0000,0.0000,0,0,0,0,0,0,0
1755467000,49.8727977458,8.6511932382,145.4805,0.0025,0,0,0.0025,0,0.01,0.0000,0.0000,0.0000,0,0,0,0,0,0,0
1755567000,49.8727982331,8.6511948480,145.4736,0.0025,0,0,0.0025,0,0.01,0.0000,0.0000,0.0000,0,0,0,0,0,0,0
1755667000,49.8727986841,8.6511964849,145.4824,0.0025,0,0,0.0025,0,0.01,0.0000,0.0000,0.0000,0,0,0,0,0,0,0
1755767000,49.8727990414,8.6511980540,145.5156,0.0025,0,0,0.0025,0,0.01,0.0000,0.0000,0.0000,0,0,0,0,0,0,0
1755867000,49.8727993860,8.6511998076,145.5488,0.0025,0,0,0.0025,0,0.01,0.0000,0.0000,0.0000,0,0,0,0,0,0,0
1755967000,49.8727997680,8.6512012821,145.5908,0.0025,0,0,0.0025,0,0.01,0.0000,0.0000,0.0000,0,0,0,0,0,0,0
1756067000,49.8728000979,8.6512028545,145.6211,0.0025,0,0,0.0025,0,0.01,0.0000,0.0000,0.0000,0,0,0,0,0,0,0
1756167000,49.8728004478,8.6512045577,145.6445,0.0025,0,0,0.0025,0,0.01,0.0000,0.0000,0.0000,0,0,0,0,0,0,0
1756267000,49.8728007068,8.6512061913,145.6660,0.0025,0,0,0.0025,0,0.01,0.0000,0.0000,0.0000,0,0,0,0,0,0,0
1756367000,49.8728009438,8.6512078248,145.6963,0.0025,0,0,0.0025,0,0.01,0.0000,0.0000,0.0000,0,0,0,0,0,0,0
1756467000,49.8728012961,8.6512093599,145.7324,0.0025,0,0,0.0025,0,0.01,0.0000,0.0000,0.0000,0,0,0,0,0,0,0
1756567000,49.8728015869,8.6512108339,145.7539,0.0025,0,0,0.0025,0,0.01,0.0000,0.0000,0.0000,0,0,0,0,0,0,0
1756667000,49.8728019326,8.6512119886,145.7715,0.0025,0,0,0.0025,0,0.01,0.0000,0.0000,0.0000,0,0,0,0,0,0,0
1756767000,49.8728023135,8.6512132859,145.7842,0.0025,0,0,0.0025,0,0.01,0.0000,0.0000,0.0000,0,0,0,0,0,0,0
1756867000,49.8728026866,8.6512144950,145.7822,0.0025,0,0,0.0025,0,0.01,0.0000,0.0000,0.0000,0,0,0,0,0,0,0
1756967000,49.8728031366,8.6512155410,145.7871,0.0025,0,0,0.0025,0,0.01,0.0000,0.0000,0.0000,0,0,0,0,0,0,0
1757067000,49.8728036151,8.6512166142,145.7910,0.0025,0,0,0.0025,0,0.01,0.0000,0.0000,0.0000,0,0,0,0,0,0,0
1757167000,49.8728040518,8.6512175787,145.8057,0.0025,0,0,0.0025,0,0.01,0.0000,0.0000,0.0000,0,0,0,0,0,0,0
1757267000,49.8728045128,8.6512183123,145.8213,0.0025,0,0,0.0025,0,0.01,0.0000,0.0000,0.0000,0,0,0,0,0,0,0
1757367000,49.8728051098,8.6512190595,145.8350,0.0025,0,0,0.0025,0,0.01,0.0000,0.0000,0.0000,0,0,0,0,0,0,0
1757470000,49.8728056454,8.6512195350,145.8369,0.0025,0,0,0.0025,0,0.01,0.0000,0.0000,0.0000,0,0,0,0,0,0,0
1757570000,49.8728061897,8.6512198882,145.8301,0.0025,0,0,0.0025,0,0.01,0.0000,0.0000,0.0000,0,0,0,0,0,0,0
1757667000,49.8728067297,8.6512203093,145.8262,0.0025,0,0,0.0025,0,0.01,0.0000,0.0000,0.0000,0,0,0,0,0,0,0
1757767000,49.8728073355,8.6512205810,145.8291,0.0025,0,0,0.0025,0,0.01,0.0000,0.0000,0.0000,0,0,0,0,0,0,0
1757867000,49.8728078974,8.6512207032,145.8340,0.0025,0,0,0.0025,0,0.01,0.0000,0.0000,0.0000,0,0,0,0,0,0,0
1757967000,49.8728083276,8.6512206353,145.8301,0.0025,0,0,0.0025,0,0.01,0.0000,0.0000,0.0000,0,0,0,0,0,0,0
1758067000,49.8728088719,8.6512203500,145.8320,0.0025,0,0,0.0025,0,0.01,0.0000,0.0000,0.0000,0,0,0,0,0,0,0
1758167000,49.8728092890,8.6512199289,145.8271,0.0025,0,0,0.0025,0,0.01,0.0000,0.0000,0.0000,0,0,0,0,0,0,0
1758267000,49.8728097894,8.6512193040,145.8164,0.0025,0,0,0.0025,0,0.01,0.0000,0.0000,0.0000,0,0,0,0,0,0,0
1758367000,49.8728101582,8.6512185976,145.8096,0.0025,0,0,0.0025,0,0.01,0.0000,0.0000,0.0000,0,0,0,0,0,0,0
1758467000,49.8728105708,8.6512178504,145.8027,0.0025,0,0,0.0025,0,0.01,0.0000,0.0000,0.0000,0,0,0,0,0,0,0
1758567000,49.8728109044,8.6512171712,145.8115,0.0025,0,0,0.0025,0,0.01,0.0000,0.0000,0.0000,0,0,0,0,0,0,0
1758667000,49.8728110625,8.6512164240,145.8174,0.0025,0,0,0.0025,0,0.01,0.0000,0.0000,0.0000,0,0,0,0,0,0,0
1758767000,49.8728112381,8.6512156497,145.8193,0.0025,0,0,0.0025,0,0.01,0.0000,0.0000,0.0000,0,0,0,0,0,0,0
1758867000,49.8728113434,8.6512147531,145.8125,0.0025,0,0,0.0025,0,0.01,0.0000,0.0000,0.0000,0,0,0,0,0,0,0
1758967000,49.8728113785,8.6512137954,145.7949,0.0025,0,0,0.0025,0,0.01,0.0000,0.0000,0.0000,0,0,0,0,0,0,0
1759070000,49.8728113873,8.6512126882,145.7783,0.0025,0,0,0.0025,0,0.01,0.0000,0.0000,0.0000,0,0,0,0,0,0,0
1759167000,49.8728114927,8.6512117101,145.7666,0.0025,0,0,0.0025,0,0.01,0.0000,0.0000,0.0000,0,0,0,0,0,0,0
1759267000,49.8728115278,8.6512105418,145.7500,0.0025,0,0,0.0025,0,0.01,0.0000,0.0000,0.0000,0,0,0,0,0,0,0
1759367000,49.8728114751,8.6512094143,145.7373,0.0025,0,0,0.0025,0,0.01,0.0000,0.0000,0.0000,0,0,0,0,0,0,0
1759467000,49.8728112205,8.6512081033,145.7041,0.0025,0,0,0.0025,0,0.01,0.0000,0.0000,0.0000,0,0,0,0,0,0,0
1759567000,49.8728109834,8.6512068264,145.6768,0.0025,0,0,0.0025,0,0.01,0.0000,0.0000,0.0000,0,0,0,0,0,0,0
1759667000,49.8728107113,8.6512055086,145.6494,0.0025,0,0,0.0025,0,0.01,0.0000,0.0000,0.0000,0,0,0,0,0,0,0
1759767000,49.8728104479,8.6512041060,145.6230,0.0025,0,0,0.0025,0,0.01,0.0000,0.0000,0.0000,0,0,0,0,0,0,0
1759867000,49.8728104303,8.6512028749,145.5830,0.0025,0,0,0.0025,0,0.01,0.0000,0.0000,0.0000,0,0,0,0,0,0,0
1759967000,49.8728102196,8.6512010834,145.5439,0.0025,0,0,0.0025,0,0.01,0.0000,0.0000,0.0000,0,0,0,0,0,0,0
1760069000,49.8728100528,8.6511996245,145.5186,0.0025,0,0,0.0025,0,0.01,0.0000,0.0000,0.0000,0,0,0,0,0,0,0
1760167000,49.8728099211,8.6511982204,145.4873,0.0025,0,0,0.0025,0,0.01,0.0000,0.0000,0.0000,0,0,0,0,0,0,0
1760267000,49.8728098421,8.6511967498,145.4453,0.0025,0,0,0.0025,0,0.01,0.0000,0.0000,0.0000,0,0,0,0,0,0,0
1760367000,49.8728096665,8.6511952114,145.4004,0.0025,0,0,0.0025,0,0.01,0.0000,0.0000,0.0000,0,0,0,0,0,0,0
1760467000,49.8728095611,8.6511936831,145.3574,0.0025,0,0,0.0025,0,0.01,0.0000,0.0000,0.0000,0,0,0,0,0,0,0
1760567000,49.8728094382,8.6511920868,145.3320,0.0025,0,0,0.0025,0,0.01,0.0000,0.0000,0.0000,0,0,0,0,0,0,0
1760668000,49.8728092714,8.6511905857,145.3037,0.0025,0,0,0.0025,0,0.01,0.0000,0.0000,0.0000,0,0,0,0,0,0,0
1760767000,49.8728090607,8.6511892137,145.2695,0.0025,0,0,0.0025,0,0.01,0.0000,0.0000,0.0000,0,0,0,0,0,0,0
1760867000,49.8728088324,8.6511877737,145.2383,0.0025,0,0,0.0025,0,0.01,0.0000,0.0000,0.0000,0,0,0,0,0,0,0
1760967000,49.8728085076,8.6511862454,145.1943,0.0025,0,0,0.0025,0,0.01,0.0000,0.0000,0.0000,0,0,0,0,0,0,0
1761067000,49.8728081871,8.6511848258,145.1650,0.0025,0,0,0.0025,0,0.01,0.0000,0.0000,0.0000,0,0,0,0,0,0,0
1761167000,49.8728078403,8.6511834401,145.1523,0.0025,0,0,0.0025,0,0.01,0.0000,0.0000,0.0000,0,0,0,0,0,0,0
1761267000,49.8728074935,8.6511820545,145.1543,0.0025,0,0,0.0025,0,0.01,0.0000,0.0000,0.0000,0,0,0,0,0,0,0
1761367000,49.8728071335,8.6511807775,145.1572,0.0025,0,0,0.0025,0,0.01,0.0000,0.0000,0.0000,0,0,0,0,0,0,0
1761467000,49.8728067560,8.6511795413,145.1582,0.0025,0,0,0.0025,0,0.01,0.0000,0.0000,0.0000,0,0,0,0,0,0,0
1761567000,49.8728063214,8.6511782100,145.1484,0.0025,0,0,0.0025,0,0.01,0.0000,0.0000,0.0000,0,0,0,0,0,0,0
1761667000,49.8728059175,8.6511769737,145.1260,0.0025,0,0,0.0025,0,0.01,0.0000,0.0000,0.0000,0,0,0,0,0,0,0
1761767000,49.8728053732,8.6511758598,145.1279,0.0025,0,0,0.0025,0,0.01,0.0000,0.0000,0.0000,0,0,0,0,0,0,0
1761867000,49.8728047498,8.6511748409,145.1563,0.0025,0,0,0.0025,0,0.01,0.0000,0.0000,0.0000,0,0,0,0,0,0,0
1761967000,49.8728040255,8.6511739715,145.2002,0.0025,0,0,0.0025,0,0.01,0.0000,0.0000,0.0000,0,0,0,0,0,0,0
1762067000,49.8728032265,8.6511732379,145.2529,0.0025,0,0,0.0025,0,0.01,0.0000,0.0000,0.0000,0,0,0,0,0,0,0
1762167000,49.8728023639,8.6511726266,145.3047,0.0025,0,0,0.0025,0,0.01,0.0000,0.0000,0.0000,0,0,0,0,0,0,0
1762267000,49.8728014234,8.6511720968,145.3594,0.0025,0,0,0.0025,0,0.01,0.0000,0.0000,0.0000,0,0,0,0,0,0,0
1762367000,49.8728005309,8.6511717708,145.4189,0.0025,0,0,0.0025,0,0.01,0.0000,0.0000,0.0000,0,0,0,0,0,0,0
1762467000,49.8727996795,8.6511715262,145.4844,0.0025,0,0,0.0025,0,0.01,0.0000,0.0000,0.0000,0,0,0,0,0,0,0
1762567000,49.8727988356,8.6511713089,145.5488,0.0025,0,0,0.0025,0,0.01,0.0000,0.0000,0.0000,0,0,0,0,0,0,0
1762667000,49.8727980761,8.6511711730,145.6133,0.0025,0,0,0.0025,0,0.01,0.0000,0.0000,0.0000,0,0,0,0,0,0,0
1762767000,49.8727974275,8.6511710915,145.6758,0.0025,0,0,0.0025,0,0.01,0.0000,0.0000,0.0000,0,0,0,0,0,0,0
1762867000,49.8727967186,8.6511709013,145.7422,0.0025,0,0,0.0025,0,0.01,0.0000,0.0000,0.0000,0,0,0,0,0,0,0
1762967000,49.8727960776,8.6511707112,145.7959,0.0025,0,0,0.0025,0,0.01,0.0000,0.0000,0.0000,0,0,0,0,0,0,0
1763067000,49.8727953906,8.6511704123,145.8389,0.0025,0,0,0.0025,0,0.01,0.0000,0.0000,0.0000,0,0,0,0,0,0,0
1763167000,49.8727946619,8.6511701134,145.8779,0.0025,0,0,0.0025,0,0.01,0.0000,0.0000,0.0000,0,0,0,0,0,0,0
1763269000,49.8727939727,8.6511699232,145.9111,0.0025,0,0,0.0025,0,0.01,0.0000,0.0000,0.0000,0,0,0,0,0,0,0
1763369000,49.8727932923,8.6511697874,145.9326,0.0025,0,0,0.0025,0,0.01,0.0000,0.0000,0.0000,0,0,0,0,0,0,0
1763467000,49.8727925680,8.6511698689,145.9580,0.0025,0,0,0.0025,0,0.01,0.0000,0.0000,0.0000,0,0,0,0,0,0,0
1763567000,49.8727918963,8.6511700319,145.9717,0.0025,0,0,0.0025,0,0.01,0.0000,0.0000,0.0000,0,0,0,0,0,0,0
1763667000,49.8727912510,8.6511703851,145.9795,0.0025,0,0,0.0025,0,0.01,0.0000,0.0000,0.0000,0,0,0,0,0,0,0
1763767000,49.8727905179,8.6511707927,145.9775,0.0025,0,0,0.0025,0,0.01,0.0000,0.0000,0.0000,0,0,0,0,0,0,0
1763869000,49.8727898594,8.6511715534,145.9912,0.0025,0,0,0.0025,0,0.01,0.0000,0.0000,0.0000,0,0,0,0,0,0,0
1763967000,49.8727892448,8.6511723006,145.9990,0.0025,0,0,0.0025,0,0.01,0.0000,0.0000,0.0000,0,0,0,0,0,0,0
1764067000,49.8727886390,8.6511730613,146.0137,0.0025,0,0,0.0025,0,0.01,0.0000,0.0000,0.0000,0,0,0,0,0,0,0
1764167000,49.8727880859,8.6511738900,146.0195,0.0025,0,0,0.0025,0,0.01,0.0000,0.0000,0.0000,0,0,0,0,0,0,0
1764270000,49.8727876118,8.6511748274,146.0215,0.0025,0,0,0.0025,0,0.01,0.0000,0.0000,0.0000,0,0,0,0,0,0,0
1764367000,49.8727871728,8.6511758326,146.0156,0.0025,0,0,0.0025,0,0.01,0.0000,0.0000,0.0000,0,0,0,0,0,0,0
1764467000,49.8727867514,8.6511768107,145.9990,0.0025,0,0,0.0025,0,0.01,0.0000,0.0000,0.0000,0,0,0,0,0,0,0
1764570000,49.8727862597,8.6511779655,145.9922,0.0025,0,0,0.0025,0,0.01,0.0000,0.0000,0.0000,0,0,0,0,0,0,0
1764667000,49.8727857944,8.6511791473,145.9912,0.0025,0,0,0.0025,0,0.01,0.0000,0.0000,0.0000,0,0,0,0,0,0,0
1764767000,49.8727854520,8.6511803564,145.0000,0.0025,0,0,0.0025,0,0.01,0.0000,0.0000,0.0000,0,0,0,0,0,0,0
1764867000,49.8727851798,8.6511815383,145.9922,0.0025,0,0,0.0025,0,0.01,0.0000,0.0000,0.0000,0,0,0,0,0,0,0
1764967000,49.8727849252,8.6511828696,145.9609,0.0025,0,0,0.0025,0,0.01,0.0000,0.0000,0.0000,0,0,0,0,0,0,0
1765067000,49.8727847233,8.6511842824,145.9189,0.0025,0,0,0.0025,0,0.01,0.0000,0.0000,0.0000,0,0,0,0,0,0,0
1765167000,49.8727845301,8.6511857767,145.8760,0.0025,0,0,0.0025,0,0.01,0.0000,0.0000,0.0000,0,0,0,0,0,0,0
1765267000,49.8727843545,8.6511873593,145.8174,0.0025,0,0,0.0025,0,0.01,0.0000,0.0000,0.0000,0,0,0,0,0,0,0
1765367000,49.8727842140,8.6511889080,145.7617,0.0025,0,0,0.0025,0,0.01,0.0000,0.0000,0.0000,0,0,0,0,0,0,0
1765467000,49.8727840823,8.6511903005,145.7031,0.0025,0,0,0.0025,0,0.01,0.0000,0.0000,0.0000,0,0,0,0,0,0,0
1765567000,49.8727840033,8.6511915978,145.6406,0.0025,0,0,0.0025,0,0.01,0.0000,0.0000,0.0000,0,0,0,0,0,0,0
1765667000,49.8727839506,8.6511928068,145.5752,0.0025,0,0,0.0025,0,0.01,0.0000,0.0000,0.0000,0,0,0,0,0,0,0
1765767000,49.8727838980,8.6511940668,145.5020,0.0025,0,0,0.0025,0,0.01,0.0000,0.0000,0.0000,0,0,0,0,0,0,0
1765868000,49.8727838277,8.6511953166,145.4316,0.0025,0,0,0.0025,0,0.01,0.0000,0.0000,0.0000,0,0,0,0,0,0,0
1765967000,49.8727837399,8.6511966938,145.3613,0.0025,0,0,0.0025,0,0.01,0.0000,0.0000,0.0000,0,0,0,0,0,0,0
1766067000,49.8727836873,8.6511978366,145.3066,0.0025,0,0,0.0025,0,0.01,0.0000,0.0000,0.0000,0,0,0,0,0,0,0
1766167000,49.8727835995,8.6511990066,145.2402,0.0025,0,0,0.0025,0,0.01,0.0000,0.0000,0.0000,0,0,0,0,0,0,0
1766267000,49.8727835556,8.6512000906,145.1934,0.0025,0,0,0.0025,0,0.01,0.0000,0.0000,0.0000,0,0,0,0,0,0,0
1766367000,49.8727834941,8.6512013806,145.1328,0.0025,0,0,0.0025,0,0.01,0.0000,0.0000,0.0000,0,0,0,0,0,0,0
1766467000,49.8727834414,8.6512027594,145.0928,0.0025,0,0,0.0025,0,0.01,0.0000,0.0000,0.0000,0,0,0,0,0,0,0
1766567000,49.8727833975,8.6512041502,145.0703,0.0025,0,0,0.0025,0,0.01,0.0000,0.0000,0.0000,0,0,0,0,0,0,0
1766669000,49.8727834590,8.6512056343,145.0654,0.0025,0,0,0.0025,0,0.01,0.0000,0.0000,0.0000,0,0,0,0,0,0,0
1766767000,49.8727834502,8.6512071864,145.0723,0.0025,0,0,0.0025,0,0.01,0.0000,0.0000,0.0000,0,0,0,0,0,0,0
1766867000,49.8727834414,8.6512087147,145.0947,0.0025,0,0,0.0025,0,0.01,0.0000,0.0000,0.0000,0,0,0,0,0,0,0
1766967000,49.8727833712,8.6512103177,145.1299,0.0025,0,0,0.0025,0,0.01,0.0000,0.0000,0.0000,0,0,0,0,0,0,0
1767067000,49.8727832746,8.6512120022,145.1641,0.0025,0,0,0.0025,0,0.01,0.0000,0.0000,0.0000,0,0,0,0,0,0,0
1767167000,49.8727831341,8.6512136867,145.1904,0.0025,0,0,0.0025,0,0.01,0.0000,0.0000,0.0000,0,0,0,0,0,0,0
1767267000,49.8727830200,8.6512154459,145.2510,0.0025,0,0,0.0025,0,0.01,0.0000,0.0000,0.0000,0,0,0,0,0,0,0
1767367000,49.8727829234,8.6512170625,145.3242,0.0025,0,0,0.0025,0,0.01,0.0000,0.0000,0.0000,0,0,0,0,0,0,0
1767467000,49.8727828707,8.6512186112,145.4131,0.0025,0,0,0.0025,0,0.01,0.0000,0.0000,0.0000,0,0,0,0,0,0,0
1767567000,49.8727828181,8.6512199425,145.4941,0.0025,0,0,0.0025,0,0.01,0.0000,0.0000,0.0000,0,0,0,0,0,0,0
1767667000,49.8727829234,8.6512214368,145.5732,0.0025,0,0,0.0025,0,0.01,0.0000,0.0000,0.0000,0,0,0,0,0,0,0
1767767000,49.8727830375,8.6512228225,145.6680,0.0025,0,0,0.0025,0,0.01,0.0000,0.0000,0.0000,0,0,0,0,0,0,0
1767867000,49.8727832658,8.6512240451,145.7412,0.0025,0,0,0.0025,0,0.01,0.0000,0.0000,0.0000,0,0,0,0,0,0,0
1767967000,49.8727836170,8.6512251998,145.8037,0.0025,0,0,0.0025,0,0.01,0.0000,0.0000,0.0000,0,0,0,0,0,0,0
1768067000,49.8727839419,8.6512262323,145.8535,0.0025,0,0,0.0025,0,0.01,0.0000,0.0000,0.0000,0,0,0,0,0,0,0
1768167000,49.8727844072,8.6512271696,145.8936,0.0025,0,0,0.0025,0,0.01,0.0000,0.0000,0.0000,0,0,0,0,0,0,0
1768267000,49.8727849076,8.6512279575,145.9268,0.0025,0,0,0.0025,0,0.01,0.0000,0.0000,0.0000,0,0,0,0,0,0,0
1768367000,49.8727854608,8.6512286368,145.9531,0.0025,0,0,0.0025,0,0.01,0.0000,0.0000,0.0000,0,0,0,0,0,0,0
1768467000,49.8727860929,8.6512292888,145.9717,0.0025,0,0,0.0025,0,0.01,0.0000,0.0000,0.0000,0,0,0,0,0,0,0
1768567000,49.8727867163,8.6512298866,145.9893,0.0025,0,0,0.0025,0,0.01,0.0000,0.0000,0.0000,0,0,0,0,0,0,0
1768667000,49.8727874274,8.6512303484,145.9971,0.0025,0,0,0.0025,0,0.01,0.0000,0.0000,0.0000,0,0,0,0,0,0,0
1768767000,49.8727882088,8.6512307560,145.9980,0.0025,0,0,0.0025,0,0.01,0.0000,0.0000,0.0000,0,0,0,0,0,0,0
1768867000,49.8727889990,8.6512310549,145.9854,0.0025,0,0,0.0025,0,0.01,0.0000,0.0000,0.0000,0,0,0,0,0,0,0
1768967000,49.8727898067,8.6512312450,145.9678,0.0025,0,0,0.0025,0,0.01,0.0000,0.0000,0.0000,0,0,0,0,0,0,0
1769067000,49.8727907023,8.6512314081,145.9531,0.0025,0,0,0.0025,0,0.01,0.0000,0.0000,0.0000,0,0,0,0,0,0,0
1769167000,49.8727916110,8.6512314896,145.9326,0.0025,0,0,0.0025,0,0.01,0.0000,0.0000,0.0000,0,0,0,0,0,0,0
1769270000,49.8727925548,8.6512315167,145.9141,0.0025,0,0,0.0025,0,0.01,0.0000,0.0000,0.0000,0,0,0,0,0,0,0
1769367000,49.8727934942,8.6512314624,145.9043,0.0025,0,0,0.0025,0,0.01,0.0000,0.0000,0.0000,0,0,0,0,0,0,0
1769467000,49.8727943985,8.6512314624,145.8984,0.0025,0,0,0.0025,0,0.01,0.0000,0.0000,0.0000,0,0,0,0,0,0,0
1769568000,49.8727952897,8.6512314081,145.8945,0.0025,0,0,0.0025,0,0.01,0.0000,0.0000,0.0000,0,0,0,0,0,0,0
1769667000,49.8727960118,8.6512312722,145.8906,0.0025,0,0,0.0025,0,0.01,0.0000,0.0000,0.0000,0,0,0,0,0,0,0
1769767000,49.8727968086,8.6512311092,145.8770,0.0025,0,0,0.0025,0,0.01,0.0000,0.0000,0.0000,0,0,0,0,0,0,0
1769867000,49.8727976382,8.6512310005,145.8613,0.0025,0,0,0.0025,0,0.01,0.0000,0.0000,0.0000,0,0,0,0,0,0,0
1769970000,49.8727986161,8.6512308375,145.8525,0.0025,0,0,0.0025,0,0.01,0.0000,0.0000,0.0000,0,0,0,0,0,0,0
1770067000,49.8727993980,8.6512306202,145.8516,0.0025,0,0,0.0025,0,0.01,0.0000,0.0000,0.0000,0,0,0,0,0,0,0
1770168000,49.8728002436,8.6512302669,145.8486,0.0025,0,0,0.0025,0,0.01,0.0000,0.0000,0.0000,0,0,0,0,0,0,0
1770267000,49.8728010508,8.6512298594,145.8467,0.0025,0,0,0.0025,0,0.01,0.0000,0.0000,0.0000,0,0,0,0,0,0,0
1770367000,49.8728019063,8.6512293704,145.8340,0.0025,0,0,0.0025,0,0.01,0.0000,0.0000,0.0000,0,0,0,0,0,0,0
1770467000,49.8728026668,8.6512287998,145.8232,0.0025,0,0,0.0025,0,0.01,0.0000,0.0000,0.0000,0,0,0,0,0,0,0
1770567000,49.8728034834,8.6512280662,145.8203,0.0025,0,0,0.0025,0,0.01,0.0000,0.0000,0.0000,0,0,0,0,0,0,0
1770667000,49.8728041989,8.6512273190,145.8223,0.0025,0,0,0.0025,0,0.01,0.0000,0.0000,0.0000,0,0,0,0,0,0,0
1770767000,49.8728048596,8.6512264496,145.8252,0.0025,0,0,0.0025,0,0.01,0.0000,0.0000,0.0000,0,0,0,0,0,0,0
1770867000,49.8728054083,8.6512255666,145.8281,0.0025,0,0,0.0025,0,0.01,0.0000,0.0000,0.0000,0,0,0,0,0,0,0
1770967000,49.8728059000,8.6512243711,145.8369,0.0025,0,0,0.0025,0,0.01,0.0000,0.0000,0.0000,0,0,0,0,0,0,0
1771067000,49.8728063521,8.6512234474,145.8232,0.0025,0,0,0.0025,0,0.01,0.0000,0.0000,0.0000,0,0,0,0,0,0,0
1771167000,49.8728067999,8.6512222247,145.8125,0.0025,0,0,0.0025,0,0.01,0.0000,0.0000,0.0000,0,0,0,0,0,0,0
1771267000,49.8728071248,8.6512210836,145.8037,0.0025,0,0,0.0025,0,0.01,0.0000,0.0000,0.0000,0,0,0,0,0,0,0
1771367000,49.8728074013,8.6512198474,145.7979,0.0025,0,0,0.0025,0,0.01,0.0000,0.0000,0.0000,0,0,0,0,0,0,0
1771467000,49.8728075594,8.6512187199,145.7930,0.0025,0,0,0.0025,0,0.01,0.0000,0.0000,0.0000,0,0,0,0,0,0,0
1771567000,49.8728076120,8.6512175516,145.7852,0.0025,0,0,0.0025,0,0.01,0.0000,0.0000,0.0000,0,0,0,0,0,0,0
1771667000,49.8728076867,8.6512163697,145.7725,0.0025,0,0,0.0025,0,0.01,0.0000,0.0000,0.0000,0,0,0,0,0,0,0
1771767000,49.8728076779,8.6512151199,145.7568,0.0025,0,0,0.0025,0,0.01,0.0000,0.0000,0.0000,0,0,0,0,0,0,0
1771867000,49.8728076647,8.6512138225,145.7461,0.0025,0,0,0.0025,0,0.01,0.0000,0.0000,0.0000,0,0,0,0,0,0,0
1771967000,49.8728075462,8.6512125048,145.7461,0.0025,0,0,0.0025,0,0.01,0.0000,0.0000,0.0000,0,0,0,0,0,0,0
1772067000,49.8728072740,8.6512111599,145.7500,0.0025,0,0,0.0025,0,0.01,0.0000,0.0000,0.0000,0,0,0,0,0,0,0
1772170000,49.8728069316,8.6512099509,145.7510,0.0025,0,0,0.0025,0,0.01,0.0000,0.0000,0.0000,0,0,0,0,0,0,0
1772267000,49.8728065716,8.6512090543,145.7490,0.0025,0,0,0.0025,0,0.01,0.0000,0.0000,0.0000,0,0,0,0,0,0,0
1772367000,49.8728061370,8.6512081169,145.7412,0.0025,0,0,0.0025,0,0.01,0.0000,0.0000,0.0000,0,0,0,0,0,0,0
1772467000,49.8728057112,8.6512072339,145.7354,0.0025,0,0,0.0025,0,0.01,0.0000,0.0000,0.0000,0,0,0,0,0,0,0
1772568000,49.8728052591,8.6512063203,145.7314,0.0025,0,0,0.0025,0,0.01,0.0000,0.0000,0.0000,0,0,0,0,0,0,0
1772667000,49.8728047718,8.6512054441,145.7256,0.0025,0,0,0.0025,0,0.01,0.0000,0.0000,0.0000,0,0,0,0,0,0,0
1772767000,49.8728042318,8.6512047071,145.7246,0.0025,0,0,0.0025,0,0.01,0.0000,0.0000,0.0000,0,0,0,0,0,0,0
1772867000,49.8728036260,8.6512040856,145.7217,0.0025,0,0,0.0025,0,0.01,0.0000,0.0000,0.0000,0,0,0,0,0,0,0
1772967000,49.8728029939,8.6512035694,145.7197,0.0025,0,0,0.0025,0,0.01,0.0000,0.0000,0.0000,0,0,0,0,0,0,0
1773067000,49.8728023288,8.6512030498,145.7129,0.0025,0,0,0.0025,0,0.01,0.0000,0.0000,0.0000,0,0,0,0,0,0,0
1773167000,49.8728015979,8.6512025522,145.7100,0.0025,0,0,0.0025,0,0.01,0.0000,0.0000,0.0000,0,0,0,0,0,0,0
1773267000,49.8728008659,8.6512020887,145.7139,0.0025,0,0,0.0025,0,0.01,0.0000,0.0000,0.0000,0,0,0,0,0,0,0
1773367000,49.8728001417,8.6512015393,145.7246,0.0025,0,0,0.0025,0,0.01,0.0000,0.0000,0.0000,0,0,0,0,0,0,0
1773467000,49.8727994910,8.6512010155,145.7314,0.0025,0,0,0.0025,0,0.01,0.0000,0.0000,0.0000,0,0,0,0,0,0,0
1773567000,49.8727989420,8.6512006436,145.7363,0.0025,0,0,0.0025,0,0.01,0.0000,0.0000,0.0000,0,0,0,0,0,0,0
1773667000,49.8727984229,8.6512001790,145.7441,0.0025,0,0,0.0025,0,0.01,0.0000,0.0000,0.0000,0,0,0,0,0,0,0
1773767000,49.8727979005,8.6511995791,145.7383,0.0025,0,0,0.0025,0,0.01,0.0000,0.0000,0.0000,0,0,0,0,0,0,0
1773867000,49.8727974649,8.6511989455,145.7334,0.0025,0,0,0.0025,0,0.01,0.0000,0.0000,0.0000,0,0,0,0,0,0,0
1773967000,49.8727971027,8.6511981134,145.7344,0.0025,0,0,0.0025,0,0.01,0.0000,0.0000,0.0000,0,0,0,0,0,0,0
1774067000,49.8727967076,8.6511973696,145.7441,0.0025,0,0,0.0025,0,0.01,0.0000,0.0000,0.0000,0,0,0,0,0,0,0
1774167000,49.8727963103,8.6511966361,145.7539,0.0025,0,0,0.0025,0,0.01,0.0000,0.0000,0.0000,0,0,0,0,0,0,0
1774267000,49.8727959130,8.6511959959,145.7646,0.0025,0,0,0.0025,0,0.01,0.0000,0.0000,0.0000,0,0,0,0,0,0,0
1774370000,49.8727955926,8.6511953608,145.7686,0.0025,0,0,0.0025,0,0.01,0.0000,0.0000,0.0000,0,0,0,0,0,0,0
1774467000,49.8727953380,8.6511946917,145.7607,0.0025,0,0,0.0025,0,0.01,0.0000,0.0000,0.0000,0,0,0,0,0,0,0
1774567000,49.8727951668,8.6511940057,145.7529,0.0025,0,0,0.0025,0,0.01,0.0000,0.0000,0.0000,0,0,0,0,0,0,0
1774667000,49.8727950131,8.6511933333,145.7500,0.0025,0,0,0.0025,0,0.01,0.0000,0.0000,0.0000,0,0,0,0,0,0,0
1774767000,49.8727948595,8.6511927185,145.7441,0.0025,0,0,0.0025,0,0.01,0.0000,0.0000,0.0000,0,0,0,0,0,0,0
1774868000,49.8727947453,8.6511921616,145.7480,0.0025,0,0,0.0025,0,0.01,0.0000,0.0000,0.0000,0,0,0,0,0,0,0
1774967000,49.8727946312,8.6511916521,145.7471,0.0025,0,0,0.0025,0,0.01,0.0000,0.0000,0.0000,0,0,0,0,0,0,0
1775067000,49.8727945522,8.6511912038,145.7344,0.0025,0,0,0.0025,0,0.01,0.0000,0.0000,0.0000,0,0,0,0,0,0,0
1775167000,49.8727945522,8.6511907216,145.7295,0.0025,0,0,0.0025,0,0.01,0.0000,0.0000,0.0000,0,0,0,0,0,0,0
1775267000,49.8727946575,8.6511901918,145.7227,0.0025,0,0,0.0025,0,0.01,0.0000,0.0000,0.0000,0,0,0,0,0,0,0
1775367000,49.8727947804,8.6511895465,145.7109,0.0025,0,0,0.0025,0,0.01,0.0000,0.0000,0.0000,0,0,0,0,0,0,0
1775467000,49.8727949429,8.6511888605,145.6963,0.0025,0,0,0.0025,0,0.01,0.0000,0.0000,0.0000,0,0,0,0,0,0,0
1775567000,49.8727951492,8.6511881473,145.6904,0.0025,0,0,0.0025,0,0.01,0.0000,0.0000,0.0000,0,0,0,0,0,0,0
1775667000,49.8727953731,8.6511874612,145.6934,0.0025,0,0,0.0025,0,0.01,0.0000,0.0000,0.0000,0,0,0,0,0,0,0
1775767000,49.8727955596,8.6511868227,145.7012,0.0025,0,0,0.0025,0,0.01,0.0000,0.0000,0.0000,0,0,0,0,0,0,0
1775867000,49.8727957484,8.6511862386,145.7207,0.0025,0,0,0.0025,0,0.01,0.0000,0.0000,0.0000,0,0,0,0,0,0,0
1775967000,49.8727958165,8.6511857903,145.7236,0.0025,0,0,0.0025,0,0.01,0.0000,0.0000,0.0000,0,0,0,0,0,0,0
1776067000,49.8727958713,8.6511853692,145.7344,0.0025,0,0,0.0025,0,0.01,0.0000,0.0000,0.0000,0,0,0,0,0,0,0
1776167000,49.8727958604,8.6511848665,145.7344,0.0025,0,0,0.0025,0,0.01,0.0000,0.0000,0.0000,0,0,0,0,0,0,0
1776267000,49.8727958538,8.6511843639,145.7402,0.0025,0,0,0.0025,0,0.01,0.0000,0.0000,0.0000,0,0,0,0,0,0,0
1776368000,49.8727958055,8.6511838477,145.7344,0.0025,0,0,0.0025,0,0.01,0.0000,0.0000,0.0000,0,0,0,0,0,0,0
1776468000,49.8727957418,8.6511832635,145.7295,0.0025,0,0,0.0025,0,0.01,0.0000,0.0000,0.0000,0,0,0,0,0,0,0
1776568000,49.8727956979,8.6511827201,145.7334,0.0025,0,0,0.0025,0,0.01,0.0000,0.0000,0.0000,0,0,0,0,0,0,0
1776668000,49.8727956474,8.6511821767,145.7314,0.0025,0,0,0.0025,0,0.01,0.0000,0.0000,0.0000,0,0,0,0,0,0,0
1776767000,49.8727956935,8.6511817284,145.7324,0.0025,0,0,0.0025,0,0.01,0.0000,0.0000,0.0000,0,0,0,0,0,0,0
1776869000,49.8727957089,8.6511813481,145.7305,0.0025,0,0,0.0025,0,0.01,0.0000,0.0000,0.0000,0,0,0,0,0,0,0
1776967000,49.8727959152,8.6511810492,145.7412,0.0025,0,0,0.0025,0,0.01,0.0000,0.0000,0.0000,0,0,0,0,0,0,0
1777067000,49.8727961742,8.6511807775,145.7354,0.0025,0,0,0.0025,0,0.01,0.0000,0.0000,0.0000,0,0,0,0,0,0,0
1777167000,49.8727965847,8.6511805058,145.7275,0.0025,0,0,0.0025,0,0.01,0.0000,0.0000,0.0000,0,0,0,0,0,0,0
1777267000,49.8727971049,8.6511802884,145.7266,0.0025,0,0,0.0025,0,0.01,0.0000,0.0000,0.0000,0,0,0,0,0,0,0
1777367000,49.8727977063,8.6511801390,145.7236,0.0025,0,0,0.0025,0,0.01,0.0000,0.0000,0.0000,0,0,0,0,0,0,0
1777467000,49.8727983757,8.6511800847,145.7217,0.0025,0,0,0.0025,0,0.01,0.0000,0.0000,0.0000,0,0,0,0,0,0,0
1777567000,49.8727990578,8.6511802341,145.7236,0.0025,0,0,0.0025,0,0.01,0.0000,0.0000,0.0000,0,0,0,0,0,0,0
1777667000,49.8727995415,8.6511805330,145.7227,0.0025,0,0,0.0025,0,0.01,0.0000,0.0000,0.0000,0,0,0,0,0,0,0
1777767000,49.8728001506,8.6511810356,145.7158,0.0025,0,0,0.0025,0,0.01,0.0000,0.0000,0.0000,0,0,0,0,0,0,0
1777867000,49.8728006782,8.6511816605,145.7080,0.0025,0,0,0.0025,0,0.01,0.0000,0.0000,0.0000,0,0,0,0,0,0,0
1777967000,49.8728011842,8.6511824484,145.6924,0.0025,0,0,0.0025,0,0.01,0.0000,0.0000,0.0000,0,0,0,0,0,0,0
1778067000,49.8728016528,8.6511830733,145.6846,0.0025,0,0,0.0025,0,0.01,0.0000,0.0000,0.0000,0,0,0,0,0,0,0
1778167000,49.8728019403,8.6511839563,145.6758,0.0025,0,0,0.0025,0,0.01,0.0000,0.0000,0.0000,0,0,0,0,0,0,0
1778267000,49.8728021840,8.6511848122,145.6631,0.0025,0,0,0.0025,0,0.01,0.0000,0.0000,0.0000,0,0,0,0,0,0,0
1778367000,49.8728022443,8.6511857903,145.6475,0.0025,0,0,0.0025,0,0.01,0.0000,0.0000,0.0000,0,0,0,0,0,0,0
1778468000,49.8728022564,8.6511868635,145.6299,0.0025,0,0,0.0025,0,0.01,0.0000,0.0000,0.0000,0,0,0,0,0,0,0
1778568000,49.8728023749,8.6511880861,145.6074,0.0025,0,0,0.0025,0,0.01,0.0000,0.0000,0.0000,0,0,0,0,0,0,0
1778667000,49.8728024210,8.6511896076,145.5889,0.0025,0,0,0.0025,0,0.01,0.0000,0.0000,0.0000,0,0,0,0,0,0,0
1778767000,49.8728025330,8.6511913261,145.5713,0.0025,0,0,0.0025,0,0.01,0.0000,0.0000,0.0000,0,0,0,0,0,0,0
1778867000,49.8728027612,8.6511932042,145.5488,0.0025,0,0,0.0025,0,0.01,0.0000,0.0000,0.0000,0,0,0,0,0,0,0
1778967000,49.8728030268,8.6511951910,145.5391,0.0025,0,0,0.0025,0,0.01,0.0000,0.0000,0.0000,0,0,0,0,0,0,0
1779067000,49.8728030992,8.6511972949,145.5400,0.0025,0,0,0.0025,0,0.01,0.0000,0.0000,0.0000,0,0,0,0,0,0,0
1779167000,49.8728032573,8.6511994617,145.5273,0.0025,0,0,0.0025,0,0.01,0.0000,0.0000,0.0000,0,0,0,0,0,0,0
1779269000,49.8728032529,8.6512017176,145.5313,0.0025,0,0,0.0025,0,0.01,0.0000,0.0000,0.0000,0,0,0,0,0,0,0
1779367000,49.8728032726,8.6512043132,145.5293,0.0025,0,0,0.0025,0,0.01,0.0000,0.0000,0.0000,0,0,0,0,0,0,0
1779467000,49.8728030729,8.6512067516,145.5479,0.0025,0,0,0.0025,0,0.01,0.0000,0.0000,0.0000,0,0,0,0,0,0,0
1779567000,49.8728027459,8.6512091697,145.5537,0.0025,0,0,0.0025,0,0.01,0.0000,0.0000,0.0000,0,0,0,0,0,0,0
1779667000,49.8728022454,8.6512114792,145.5576,0.0025,0,0,0.0025,0,0.01,0.0000,0.0000,0.0000,0,0,0,0,0,0,0
1779767000,49.8728016638,8.6512140195,145.5537,0.0025,0,0,0.0025,0,0.01,0.0000,0.0000,0.0000,0,0,0,0,0,0,0
1779867000,49.8728010146,8.6512161388,145.5625,0.0025,0,0,0.0025,0,0.01,0.0000,0.0000,0.0000,0,0,0,0,0,0,0
1779967000,49.8728001956,8.6512180406,145.5625,0.0025,0,0,0.0025,0,0.01,0.0000,0.0000,0.0000,0,0,0,0,0,0,0
1780067000,49.8727993629,8.6512195214,145.5625,0.0025,0,0,0.0025,0,0.01,0.0000,0.0000,0.0000,0,0,0,0,0,0,0
1780167000,49.8727984164,8.6512208119,145.5625,0.0025,0,0,0.0025,0,0.01,0.0000,0.0000,0.0000,0,0,0,0,0,0,0
1780267000,49.8727973968,8.6512218851,145.5684,0.0025,0,0,0.0025,0,0.01,0.0000,0.0000,0.0000,0,0,0,0,0,0,0
1780367000,49.8727963564,8.6512226866,145.5791,0.0025,0,0,0.0025,0,0.01,0.0000,0.0000,0.0000,0,0,0,0,0,0,0
1780467000,49.8727953819,8.6512235289,145.5723,0.0025,0,0,0.0025,0,0.01,0.0000,0.0000,0.0000,0,0,0,0,0,0,0
1780567000,49.8727944688,8.6512239228,145.5664,0.0025,0,0,0.0025,0,0.01,0.0000,0.0000,0.0000,0,0,0,0,0,0,0
1780667000,49.8727934986,8.6512241266,145.5576,0.0025,0,0,0.0025,0,0.01,0.0000,0.0000,0.0000,0,0,0,0,0,0,0
1780767000,49.8727924714,8.6512241402,145.5596,0.0025,0,0,0.0025,0,0.01,0.0000,0.0000,0.0000,0,0,0,0,0,0,0
1780867000,49.8727914485,8.6512239228,145.5498,0.0025,0,0,0.0025,0,0.01,0.0000,0.0000,0.0000,0,0,0,0,0,0,0
1780970000,49.8727904389,8.6512234338,145.5488,0.0025,0,0,0.0025,0,0.01,0.0000,0.0000,0.0000,0,0,0,0,0,0,0
1781067000,49.8727897628,8.6512227410,145.5439,0.0025,0,0,0.0025,0,0.01,0.0000,0.0000,0.0000,0,0,0,0,0,0,0
1781167000,49.8727891219,8.6512216542,145.5352,0.0025,0,0,0.0025,0,0.01,0.0000,0.0000,0.0000,0,0,0,0,0,0,0
1781267000,49.8727884898,8.6512203093,145.5342,0.0025,0,0,0.0025,0,0.01,0.0000,0.0000,0.0000,0,0,0,0,0,0,0
1781367000,49.8727880508,8.6512190595,145.5303,0.0025,0,0,0.0025,0,0.01,0.0000,0.0000,0.0000,0,0,0,0,0,0,0
1781467000,49.8727877610,8.6512176331,145.5283,0.0025,0,0,0.0025,0,0.01,0.0000,0.0000,0.0000,0,0,0,0,0,0,0
1781567000,49.8727876030,8.6512161795,145.5254,0.0025,0,0,0.0025,0,0.01,0.0000,0.0000,0.0000,0,0,0,0,0,0,0
1781667000,49.8727874977,8.6512145357,145.5107,0.0025,0,0,0.0025,0,0.01,0.0000,0.0000,0.0000,0,0,0,0,0,0,0
1781767000,49.8727876733,8.6512130074,145.4932,0.0025,0,0,0.0025,0,0.01,0.0000,0.0000,0.0000,0,0,0,0,0,0,0
1781867000,49.8727879718,8.6512114520,145.4766,0.0025,0,0,0.0025,0,0.01,0.0000,0.0000,0.0000,0,0,0,0,0,0,0
1781967000,49.8727882878,8.6512096656,145.4639,0.0025,0,0,0.0025,0,0.01,0.0000,0.0000,0.0000,0,0,0,0,0,0,0
1782067000,49.8727886654,8.6512080626,145.4629,0.0025,0,0,0.0025,0,0.01,0.0000,0.0000,0.0000,0,0,0,0,0,0,0
1782169000,49.8727893238,8.6512064256,145.4844,0.0025,0,0,0.0025,0,0.01,0.0000,0.0000,0.0000,0,0,0,0,0,0,0
1782267000,49.8727899121,8.6512050264,145.4922,0.0025,0,0,0.0025,0,0.01,0.0000,0.0000,0.0000,0,0,0,0,0,0,0
1782367000,49.8727905091,8.6512035524,145.4932,0.0025,0,0,0.0025,0,0.01,0.0000,0.0000,0.0000,0,0,0,0,0,0,0
1782467000,49.8727909042,8.6512014689,145.4932,0.0025,0,0,0.0025,0,0.01,0.0000,0.0000,0.0000,0,0,0,0,0,0,0
1782567000,49.8727916417,8.6511993148,145.5332,0.0025,0,0,0.0025,0,0.01,0.0000,0.0000,0.0000,0,0,0,0,0,0,0
1782667000,49.8727922519,8.6511976447,145.5547,0.0025,0,0,0.0025,0,0.01,0.0000,0.0000,0.0000,0,0,0,0,0,0,0
1782767000,49.8727929411,8.6511958227,145.5615,0.0025,0,0,0.0025,0,0.01,0.0000,0.0000,0.0000,0,0,0,0,0,0,0
1782867000,49.8727937444,8.6511941280,145.5771,0.0025,0,0,0.0025,0,0.01,0.0000,0.0000,0.0000,0,0,0,0,0,0,0
1782967000,49.8727946312,8.6511923925,145.5908,0.0025,0,0,0.0025,0,0.01,0.0000,0.0000,0.0000,0,0,0,0,0,0,0
1783069000,49.8727953687,8.6511907080,145.5762,0.0025,0,0,0.0025,0,0.01,0.0000,0.0000,0.0000,0,0,0,0,0,0,0
1783169000,49.8727962840,8.6511889352,145.5762,0.0025,0,0,0.0025,0,0.01,0.0000,0.0000,0.0000,0,0,0,0,0,0,0
1783267000,49.8727969864,8.6511874952,145.5791,0.0025,0,0,0.0025,0,0.01,0.0000,0.0000,0.0000,0,0,0,0,0,0,0
1783367000,49.8727977897,8.6511860620,145.5938,0.0025,0,0,0.0025,0,0.01,0.0000,0.0000,0.0000,0,0,0,0,0,0,0
1783469000,49.8727988833,8.6511844454,145.6221,0.0025,0,0,0.0025,0,0.01,0.0000,0.0000,0.0000,0,0,0,0,0,0,0
1783567000,49.8727998313,8.6511831820,145.6221,0.0025,0,0,0.0025,0,0.01,0.0000,0.0000,0.0000,0,0,0,0,0,0,0
1783669000,49.8728007660,8.6511822447,145.6201,0.0025,0,0,0.0025,0,0.01,0.0000,0.0000,0.0000,0,0,0,0,0,0,0
1783767000,49.8728016923,8.6511815790,145.6133,0.0025,0,0,0.0025,0,0.01,0.0000,0.0000,0.0000,0,0,0,0,0,0,0
1783867000,49.8728025922,8.6511812666,145.6084,0.0025,0,0,0.0025,0,0.01,0.0000,0.0000,0.0000,0,0,0,0,0,0,0
1783967000,49.8728034856,8.6511813616,145.6289,0.0025,0,0,0.0025,0,0.01,0.0000,0.0000,0.0000,0,0,0,0,0,0,0
1784067000,49.8728043986,8.6511815247,145.6416,0.0025,0,0,0.0025,0,0.01,0.0000,0.0000,0.0000,0,0,0,0,0,0,0
1784167000,49.8728052591,8.6511819865,145.6396,0.0025,0,0,0.0025,0,0.01,0.0000,0.0000,0.0000,0,0,0,0,0,0,0
1784267000,49.8728060624,8.6511826794,145.6416,0.0025,0,0,0.0025,0,0.01,0.0000,0.0000,0.0000,0,0,0,0,0,0,0
1784367000,49.8728067648,8.6511836846,145.6475,0.0025,0,0,0.0025,0,0.01,0.0000,0.0000,0.0000,0,0,0,0,0,0,0
1784469000,49.8728073574,8.6511848937,145.6367,0.0025,0,0,0.0025,0,0.01,0.0000,0.0000,0.0000,0,0,0,0,0,0,0
1784567000,49.8728076779,8.6511864492,145.6152,0.0025,0,0,0.0025,0,0.01,0.0000,0.0000,0.0000,0,0,0,0,0,0,0
1784667000,49.8728080466,8.6511879435,145.5986,0.0025,0,0,0.0025,0,0.01,0.0000,0.0000,0.0000,0,0,0,0,0,0,0
1784767000,49.8728082354,8.6511894038,145.5859,0.0025,0,0,0.0025,0,0.01,0.0000,0.0000,0.0000,0,0,0,0,0,0,0
1784867000,49.8728081344,8.6511909865,145.5811,0.0025,0,0,0.0025,0,0.01,0.0000,0.0000,0.0000,0,0,0,0,0,0,0
1784967000,49.8728079237,8.6511927253,145.5537,0.0025,0,0,0.0025,0,0.01,0.0000,0.0000,0.0000,0,0,0,0,0,0,0
1785067000,49.8728075989,8.6511941585,145.5449,0.0025,0,0,0.0025,0,0.01,0.0000,0.0000,0.0000,0,0,0,0,0,0,0
1785167000,49.8728069887,8.6511956359,145.5303,0.0025,0,0,0.0025,0,0.01,0.0000,0.0000,0.0000,0,0,0,0,0,0,0
1785267000,49.8728064224,8.6511971234,145.5107,0.0025,0,0,0.0025,0,0.01,0.0000,0.0000,0.0000,0,0,0,0,0,0,0
1785367000,49.8728058473,8.6511984921,145.5088,0.0025,0,0,0.0025,0,0.01,0.0000,0.0000,0.0000,0,0,0,0,0,0,0
1785467000,49.8728051625,8.6511995946,145.5049,0.0025,0,0,0.0025,0,0.01,0.0000,0.0000,0.0000,0,0,0,0,0,0,0
1785567000,49.8728043482,8.6512004254,145.5176,0.0025,0,0,0.0025,0,0.01,0.0000,0.0000,0.0000,0,0,0,0,0,0,0
1785667000,49.8728035295,8.6512012218,145.5195,0.0025,0,0,0.0025,0,0.01,0.0000,0.0000,0.0000,0,0,0,0,0,0,0
1785767000,49.8728026976,8.6512018985,145.5176,0.0025,0,0,0.0025,0,0.01,0.0000,0.0000,0.0000,0,0,0,0,0,0,0
1785867000,49.8728018317,8.6512026524,145.5176,0.0025,0,0,0.0025,0,0.01,0.0000,0.0000,0.0000,0,0,0,0,0,0,0
1785967000,49.8728010733,8.6512034777,145.5195,0.0025,0,0,0.0025,0,0.01,0.0000,0.0000,0.0000,0,0,0,0,0,0,0
1786067000,49.8728002826,8.6512040754,145.5215,0.0025,0,0,0.0025,0,0.01,0.0000,0.0000,0.0000,0,0,0,0,0,0,0
1786167000,49.8727994707,8.6512047445,145.5264,0.0025,0,0,0.0025,0,0.01,0.0000,0.0000,0.0000,0,0,0,0,0,0,0
1786268000,49.8727987116,8.6512052879,145.5313,0.0025,0,0,0.0025,0,0.01,0.0000,0.0000,0.0000,0,0,0,0,0,0,0
1786367000,49.8727976953,8.6512060758,145.5244,0.0025,0,0,0.0025,0,0.01,0.0000,0.0000,0.0000,0,0,0,0,0,0,0
1786467000,49.8727967734,8.6512068162,145.5303,0.0025,0,0,0.0025,0,0.01,0.0000,0.0000,0.0000,0,0,0,0,0,0,0
1786567000,49.8727957616,8.6512077433,145.5498,0.0025,0,0,0.0025,0,0.01,0.0000,0.0000,0.0000,0,0,0,0,0,0,0
1786667000,49.8727947980,8.6512087350,145.5723,0.0025,0,0,0.0025,0,0.01,0.0000,0.0000,0.0000,0,0,0,0,0,0,0
1786767000,49.8727939288,8.6512097335,145.5859,0.0025,0,0,0.0025,0,0.01,0.0000,0.0000,0.0000,0,0,0,0,0,0,0
1786867000,49.8727931781,8.6512106369,145.5791,0.0025,0,0,0.0025,0,0.01,0.0000,0.0000,0.0000,0,0,0,0,0,0,0
1786967000,49.8727923002,8.6512118867,145.5703,0.0025,0,0,0.0025,0,0.01,0.0000,0.0000,0.0000,0,0,0,0,0,0,0
1787067000,49.8727915583,8.6512131297,145.5664,0.0025,0,0,0.0025,0,0.01,0.0000,0.0000,0.0000,0,0,0,0,0,0,0
1787167000,49.8727909657,8.6512145086,145.5762,0.0025,0,0,0.0025,0,0.01,0.0000,0.0000,0.0000,0,0,0,0,0,0,0
1787267000,49.8727905267,8.6512159214,145.5820,0.0025,0,0,0.0025,0,0.01,0.0000,0.0000,0.0000,0,0,0,0,0,0,0
1787368000,49.8727902896,8.6512174021,145.5830,0.0025,0,0,0.0025,0,0.01,0.0000,0.0000,0.0000,0,0,0,0,0,0,0
1787467000,49.8727902018,8.6512188285,145.5840,0.0025,0,0,0.0025,0,0.01,0.0000,0.0000,0.0000,0,0,0,0,0,0,0
1787567000,49.8727902896,8.6512203772,145.5742,0.0025,0,0,0.0025,0,0.01,0.0000,0.0000,0.0000,0,0,0,0,0,0,0
1787667000,49.8727904125,8.6512216270,145.5654,0.0025,0,0,0.0025,0,0.01,0.0000,0.0000,0.0000,0,0,0,0,0,0,0
1787767000,49.8727906847,8.6512225915,145.5654,0.0025,0,0,0.0025,0,0.01,0.0000,0.0000,0.0000,0,0,0,0,0,0,0
1787870000,49.8727910578,8.6512236240,145.5674,0.0025,0,0,0.0025,0,0.01,0.0000,0.0000,0.0000,0,0,0,0,0,0,0
1787967000,49.8727915319,8.6512244391,145.5752,0.0025,0,0,0.0025,0,0.01,0.0000,0.0000,0.0000,0,0,0,0,0,0,0
1788067000,49.8727920456,8.6512253221,145.5713,0.0025,0,0,0.0025,0,0.01,0.0000,0.0000,0.0000,0,0,0,0,0,0,0
1788168000,49.8727925811,8.6512262866,145.5732,0.0025,0,0,0.0025,0,0.01,0.0000,0.0000,0.0000,0,0,0,0,0,0,0
1788267000,49.8727932703,8.6512271560,145.5820,0.0025,0,0,0.0025,0,0.01,0.0000,0.0000,0.0000,0,0,0,0,0,0,0
1788367000,49.8727940781,8.6512278488,145.6045,0.0025,0,0,0.0025,0,0.01,0.0000,0.0000,0.0000,0,0,0,0,0,0,0
1788467000,49.8727948682,8.6512282564,145.6123,0.0025,0,0,0.0025,0,0.01,0.0000,0.0000,0.0000,0,0,0,0,0,0,0
1788567000,49.8727957726,8.6512283379,145.6152,0.0025,0,0,0.0025,0,0.01,0.0000,0.0000,0.0000,0,0,0,0,0,0,0
1788667000,49.8727967076,8.6512282836,145.6113,0.0025,0,0,0.0025,0,0.01,0.0000,0.0000,0.0000,0,0,0,0,0,0,0
1788767000,49.8727976712,8.6512280934,145.6104,0.0025,0,0,0.0025,0,0.01,0.0000,0.0000,0.0000,0,0,0,0,0,0,0
1788867000,49.8727985393,8.6512279575,145.6074,0.0025,0,0,0.0025,0,0.01,0.0000,0.0000,0.0000,0,0,0,0,0,0,0
1788967000,49.8727993865,8.6512274549,145.6084,0.0025,0,0,0.0025,0,0.01,0.0000,0.0000,0.0000,0,0,0,0,0,0,0
1789067000,49.8728002353,8.6512265583,145.6055,0.0025,0,0,0.0025,0,0.01,0.0000,0.0000,0.0000,0,0,0,0,0,0,0
1789170000,49.8728009466,8.6512256617,145.6094,0.0025,0,0,0.0025,0,0.01,0.0000,0.0000,0.0000,0,0,0,0,0,0,0
1789269000,49.8728016396,8.6512246428,145.5957,0.0025,0,0,0.0025,0,0.01,0.0000,0.0000,0.0000,0,0,0,0,0,0,0
1789367000,49.8728023310,8.6512235561,145.5859,0.0025,0,0,0.0025,0,0.01,0.0000,0.0000,0.0000,0,0,0,0,0,0,0
1789467000,49.8728029456,8.6512222791,145.5928,0.0025,0,0,0.0025,0,0.01,0.0000,0.0000,0.0000,0,0,0,0,0,0,0
1789568000,49.8728033517,8.6512209749,145.5938,0.0025,0,0,0.0025,0,0.01,0.0000,0.0000,0.0000,0,0,0,0,0,0,0
1789667000,49.8728035712,8.6512195893,145.6016,0.0025,0,0,0.0025,0,0.01,0.0000,0.0000,0.0000,0,0,0,0,0,0,0
1789768000,49.8728037029,8.6512181357,145.5947,0.0025,0,0,0.0025,0,0.01,0.0000,0.0000,0.0000,0,0,0,0,0,0,0
1789869000,49.8728037928,8.6512166821,145.5801,0.0025,0,0,0.0025,0,0.01,0.0000,0.0000,0.0000,0,0,0,0,0,0,0
1789967000,49.8728038565,8.6512151471,145.5645,0.0025,0,0,0.0025,0,0.01,0.0000,0.0000,0.0000,0,0,0,0,0,0,0
1790067000,49.8728037950,8.6512136799,145.5537,0.0025,0,0,0.0025,0,0.01,0.0000,0.0000,0.0000,0,0,0,0,0,0,0
1790167000,49.8728035141,8.6512122807,145.5479,0.0025,0,0,0.0025,0,0.01,0.0000,0.0000,0.0000,0,0,0,0,0,0,0
1790268000,49.8728031541,8.6512109154,145.5488,0.0025,0,0,0.0025,0,0.01,0.0000,0.0000,0.0000,0,0,0,0,0,0,0
1790368000,49.8728027349,8.6512095229,145.5479,0.0025,0,0,0.0025,0,0.01,0.0000,0.0000,0.0000,0,0,0,0,0,0,0
1790467000,49.8728022871,8.6512080354,145.5420,0.0025,0,0,0.0025,0,0.01,0.0000,0.0000,0.0000,0,0,0,0,0,0,0
1790567000,49.8728018701,8.6512065309,145.5518,0.0025,0,0,0.0025,0,0.01,0.0000,0.0000,0.0000,0,0,0,0,0,0,0
1790667000,49.8728014640,8.6512050400,145.5684,0.0025,0,0,0.0025,0,0.01,0.0000,0.0000,0.0000,0,0,0,0,0,0,0
1790768000,49.8728010700,8.6512036441,145.5820,0.0025,0,0,0.0025,0,0.01,0.0000,0.0000,0.0000,0,0,0,0,0,0,0
1790867000,49.8728006821,8.6512022602,145.5889,0.0025,0,0,0.0025,0,0.01,0.0000,0.0000,0.0000,0,0,0,0,0,0,0
1790967000,49.8728002974,8.6512008397,145.5938,0.0025,0,0,0.0025,0,0.01,0.0000,0.0000,0.0000,0,0,0,0,0,0,0
1791067000,49.8727998904,8.6511992053,145.5928,0.0025,0,0,0.0025,0,0.01,0.0000,0.0000,0.0000,0,0,0,0,0,0,0
1791167000,49.8727995391,8.6511977025,145.5938,0.0025,0,0,0.0025,0,0.01,0.0000,0.0000,0.0000,0,0,0,0,0,0,0
1791267000,49.8727991764,8.6511963423,145.5850,0.0025,0,0,0.0025,0,0.01,0.0000,0.0000,0.0000,0,0,0,0,0,0,0
1791367000,49.8727988125,8.6511952283,145.5850,0.0025,0,0,0.0025,0,0.01,0.0000,0.0000,0.0000,0,0,0,0,0,0,0
1791467000,49.8727983878,8.6511938393,145.5811,0.0025,0,0,0.0025,0,0.01,0.0000,0.0000,0.0000,0,0,0,0,0,0,0
1791567000,49.8727980224,8.6511925148,145.5635,0.0025,0,0,0.0025,0,0.01,0.0000,0.0000,0.0000,0,0,0,0,0,0,0
1791667000,49.8727977798,8.6511914280,145.5674,0.0025,0,0,0.0025,0,0.01,0.0000,0.0000,0.0000,0,0,0,0,0,0,0
1791767000,49.8727975153,8.6511901714,145.5586,0.0025,0,0,0.0025,0,0.01,0.0000,0.0000,0.0000,0,0,0,0,0,0,0
1791870000,49.8727972827,8.6511892137,145.5518,0.0025,0,0,0.0025,0,0.01,0.0000,0.0000,0.0000,0,0,0,0,0,0,0
1791967000,49.8727971554,8.6511885073,145.5557,0.0025,0,0,0.0025,0,0.01,0.0000,0.0000,0.0000,0,0,0,0,0,0,0
1792069000,49.8727970917,8.6511878416,145.5576,0.0025,0,0,0.0025,0,0.01,0.0000,0.0000,0.0000,0,0,0,0,0,0,0
1792167000,49.8727970368,8.6511873593,145.5488,0.0025,0,0,0.0025,0,0.01,0.0000,0.0000,0.0000,0,0,0,0,0,0,0
1792267000,49.8727969271,8.6511869246,145.5225,0.0025,0,0,0.0025,0,0.01,0.0000,0.0000,0.0000,0,0,0,0,0,0,0
1792367000,49.8727969490,8.6511866665,145.5059,0.0025,0,0,0.0025,0,0.01,0.0000,0.0000,0.0000,0,0,0,0,0,0,0
1792467000,49.8727969468,8.6511865103,145.4893,0.0025,0,0,0.0025,0,0.01,0.0000,0.0000,0.0000,0,0,0,0,0,0,0
1792567000,49.8727968481,8.6511862997,145.4570,0.0025,0,0,0.0025,0,0.01,0.0000,0.0000,0.0000,0,0,0,0,0,0,0
1792667000,49.8727968086,8.6511861435,145.4160,0.0025,0,0,0.0025,0,0.01,0.0000,0.0000,0.0000,0,0,0,0,0,0,0
1792767000,49.8727967164,8.6511859669,145.3691,0.0025,0,0,0.0025,0,0.01,0.0000,0.0000,0.0000,0,0,0,0,0,0,0
1792867000,49.8727966527,8.6511858039,145.3262,0.0025,0,0,0.0025,0,0.01,0.0000,0.0000,0.0000,0,0,0,0,0,0,0
1792967000,49.8727965144,8.6511856409,145.2715,0.0025,0,0,0.0025,0,0.01,0.0000,0.0000,0.0000,0,0,0,0,0,0,0
1793067000,49.8727963520,8.6511854643,145.2139,0.0025,0,0,0.0025,0,0.01,0.0000,0.0000,0.0000,0,0,0,0,0,0,0
1793167000,49.8727961808,8.6511853012,145.1592,0.0025,0,0,0.0025,0,0.01,0.0000,0.0000,0.0000,0,0,0,0,0,0,0
1793267000,49.8727960052,8.6511850839,145.1016,0.0025,0,0,0.0025,0,0.01,0.0000,0.0000,0.0000,0,0,0,0,0,0,0
1793369000,49.8727957901,8.6511849073,145.0088,0.0025,0,0,0.0025,0,0.01,0.0000,0.0000,0.0000,0,0,0,0,0,0,0
1793471000,49.8727955662,8.6511846220,144.9116,0.0025,0,0,0.0025,0,0.01,0.0000,0.0000,0.0000,0,0,0,0,0,0,0
1793567000,49.8727954916,8.6511844454,144.8271,0.0025,0,0,0.0025,0,0.01,0.0000,0.0000,0.0000,0,0,0,0,0,0,0
1793667000,49.8727953292,8.6511842416,144.7124,0.0025,0,0,0.0025,0,0.01,0.0000,0.0000,0.0000,0,0,0,0,0,0,0
1793767000,49.8727952194,8.6511840650,144.6006,0.0025,0,0,0.0025,0,0.01,0.0000,0.0000,0.0000,0,0,0,0,0,0,0
1793868000,49.8727950351,8.6511839020,144.4785,0.0025,0,0,0.0025,0,0.01,0.0000,0.0000,0.0000,0,0,0,0,0,0,0
1793967000,49.8727948243,8.6511838884,144.3606,0.0025,0,0,0.0025,0,0.01,0.0000,0.0000,0.0000,0,0,0,0,0,0,0
1794068000,49.8727946926,8.6511839971,144.2725,0.0025,0,0,0.0025,0,0.01,0.0000,0.0000,0.0000,0,0,0,0,0,0,0
1794167000,49.8727945785,8.6511840922,144.1902,0.0025,0,0,0.0025,0,0.01,0.0000,0.0000,0.0000,0,0,0,0,0,0,0
1794267000,49.8727945566,8.6511840650,144.1261,0.0025,0,0,0.0025,0,0.01,0.0000,0.0000,0.0000,0,0,0,0,0,0,0
1794367000,49.8727945741,8.6511840107,144.0750,0.0025,0,0,0.0025,0,0.01,0.0000,0.0000,0.0000,0,0,0,0,0,0,0
1794467000,49.8727945653,8.6511838748,144.0438,0.0025,0,0,0.0025,0,0.01,0.0000,0.0000,0.0000,0,0,0,0,0,0,0
1794567000,49.8727946092,8.6511838477,144.0331,0.0025,0,0,0.0025,0,0.01,0.0000,0.0000,0.0000,0,0,0,0,0,0,0
1794667000,49.8727946180,8.6511838884,144.0229,0.0025,0,0,0.0025,0,0.01,0.0000,0.0000,0.0000,0,0,0,0,0,0,0
1794768000,49.8727946487,8.6511839428,144.0181,0.0025,0,0,0.0025,0,0.01,0.0000,0.0000,0.0000,0,0,0,0,0,0,0
1794867000,49.8727946444,8.6511839699,144.0168,0.0025,0,0,0.0025,0,0.01,0.0000,0.0000,0.0000,0,0,0,0,0,0,0
1794967000,49.8727946487,8.6511839971,144.0170,0.0025,0,0,0.0025,0,0.01,0.0000,0.0000,0.0000,0,0,0,0,0,0,0
1795067000,49.8727946531,8.6511840243,144.0173,0.0025,0,0,0.0025,0,0.01,0.0000,0.0000,0.0000,0,0,0,0,0,0,0
1795167000,49.8727945610,8.6511840650,143.9997,0.0025,0,0,0.0025,0,0.01,0.0000,0.0000,0.0000,0,0,0,0,0,0,0
1795267000,49.8727945346,8.6511840922,143.9952,0.0025,0,0,0.0025,0,0.01,0.0000,0.0000,0.0000,0,0,0,0,0,0,0
1795367000,49.8727945302,8.6511841058,143.9940,0.0025,0,0,0.0025,0,0.01,0.0000,0.0000,0.0000,0,0,0,0,0,0,0
1795467000,49.8727945434,8.6511840650,143.9943,0.0025,0,0,0.0025,0,0.01,0.0000,0.0000,0.0000,0,0,0,0,0,0,0
1795568000,49.8727945478,8.6511840514,143.9946,0.0025,0,0,0.0025,0,0.01,0.0000,0.0000,0.0000,0,0,0,0,0,0,0
1795667000,49.8727946049,8.6511838477,143.9998,0.0025,0,0,0.0025,0,0.01,0.0000,0.0000,0.0000,0,0,0,0,0,0,0
1795767000,49.8727946005,8.6511838205,144.0063,0.0025,0,0,0.0025,0,0.01,0.0000,0.0000,0.0000,0,0,0,0,0,0,0
1795867000,49.8727946005,8.6511838069,144.0091,0.0025,0,0,0.0025,0,0.01,0.0000,0.0000,0.0000,0,0,0,0,0,0,0
1795967000,49.8727946005,8.6511838205,144.0096,0.0025,0,0,0.0025,0,0.01,0.0000,0.0000,0.0000,0,0,0,0,0,0,0
1796067000,49.8727946049,8.6511838205,144.0122,0.0025,0,0,0.0025,0,0.01,0.0000,0.0000,0.0000,0,0,0,0,0,0,0
1796167000,49.8727945961,8.6511839020,143.9965,0.0025,0,0,0.0025,0,0.01,0.0000,0.0000,0.0000,0,0,0,0,0,0,0
1796267000,49.8727946005,8.6511839020,143.9966,0.0025,0,0,0.0025,0,0.01,0.0000,0.0000,0.0000,0,0,0,0,0,0,0
1796367000,49.8727946049,8.6511838748,144.0042,0.0025,0,0,0.0025,0,0.01,0.0000,0.0000,0.0000,0,0,0,0,0,0,0
1796467000,49.8727946005,8.6511839020,144.0010,0.0025,0,0,0.0025,0,0.01,0.0000,0.0000,0.0000,0,0,0,0,0,0,0
1796567000,49.8727945961,8.6511839020,143.9960,0.0025,0,0,0.0025,0,0.01,0.0000,0.0000,0.0000,0,0,0,0,0,0,0
1796667000,49.8727945961,8.6511839020,143.9962,0.0025,0,0,0.0025,0,0.01,0.0000,0.0000,0.0000,0,0,0,0,0,0,0
1796767000,49.8727945829,8.6511839292,143.9887,0.0025,0,0,0.0025,0,0.01,0.0000,0.0000,0.0000,0,0,0,0,0,0,0
1796867000,49.8727945785,8.6511839428,143.9865,0.0025,0,0,0.0025,0,0.01,0.0000,0.0000,0.0000,0,0,0,0,0,0,0
1796967000,49.8727945741,8.6511839563,143.9854,0.0025,0,0,0.0025,0,0.01,0.0000,0.0000,0.0000,0,0,0,0,0,0,0
1797068000,49.8727945961,8.6511838884,143.9952,0.0025,0,0,0.0025,0,0.01,0.0000,0.0000,0.0000,0,0,0,0,0,0,0
1797167000,49.8727945961,8.6511838884,143.9937,0.0025,0,0,0.0025,0,0.01,0.0000,0.0000,0.0000,0,0,0,0,0,0,0
1797267000,49.8727945961,8.6511838748,143.9974,0.0025,0,0,0.0025,0,0.01,0.0000,0.0000,0.0000,0,0,0,0,0,0,0
1797367000,49.8727946005,8.6511838884,143.9985,0.0025,0,0,0.0025,0,0.01,0.0000,0.0000,0.0000,0,0,0,0,0,0,0
1797467000,49.8727945917,8.6511839020,143.9930,0.0025,0,0,0.0025,0,0.01,0.0000,0.0000,0.0000,0,0,0,0,0,0,0
1797569000,49.8727946005,8.6511838748,143.9988,0.0025,0,0,0.0025,0,0.01,0.0000,0.0000,0.0000,0,0,0,0,0,0,0
1797669000,49.8727946005,8.6511838612,144.0034,0.0025,0,0,0.0025,0,0.01,0.0000,0.0000,0.0000,0,0,0,0,0,0,0
1797767000,49.8727945961,8.6511839020,143.9964,0.0025,0,0,0.0025,0,0.01,0.0000,0.0000,0.0000,0,0,0,0,0,0,0
1797867000,49.8727945917,8.6511839020,143.9928,0.0025,0,0,0.0025,0,0.01,0.0000,0.0000,0.0000,0,0,0,0,0,0,0
1797967000,49.8727945961,8.6511838748,143.9985,0.0025,0,0,0.0025,0,0.01,0.0000,0.0000,0.0000,0,0,0,0,0,0,0
1798067000,49.8727946005,8.6511838477,144.0055,0.0025,0,0,0.0025,0,0.01,0.0000,0.0000,0.0000,0,0,0,0,0,0,0
1798167000,49.8727946005,8.6511838884,144.0004,0.0025,0,0,0.0025,0,0.01,0.0000,0.0000,0.0000,0,0,0,0,0,0,0
1798267000,49.8727946005,8.6511838884,144.0014,0.0025,0,0,0.0025,0,0.01,0.0000,0.0000,0.0000,0,0,0,0,0,0,0
1798367000,49.8727946005,8.6511838748,144.0024,0.0025,0,0,0.0025,0,0.01,0.0000,0.0000,0.0000,0,0,0,0,0,0,0
1798467000,49.8727945961,8.6511839156,143.9957,0.0025,0,0,0.0025,0,0.01,0.0000,0.0000,0.0000,0,0,0,0,0,0,0
1798567000,49.8727945961,8.6511838884,143.9957,0.0025,0,0,0.0025,0,0.01,0.0000,0.0000,0.0000,0,0,0,0,0,0,0
1798667000,49.8727945917,8.6511839020,143.9914,0.0025,0,0,0.0025,0,0.01,0.0000,0.0000,0.0000,0,0,0,0,0,0,0
1798768000,49.8727945961,8.6511838884,143.9955,0.0025,0,0,0.0025,0,0.01,0.0000,0.0000,0.0000,0,0,0,0,0,0,0
1798867000,49.8727945961,8.6511838748,143.9973,0.0025,0,0,0.0025,0,0.01,0.0000,0.0000,0.0000,0,0,0,0,0,0,0
1798967000,49.8727945961,8.6511838884,143.9961,0.0025,0,0,0.0025,0,0.01,0.0000,0.0000,0.0000,0,0,0,0,0,0,0
1799067000,49.8727946487,8.6511839428,144.0046,0.0025,0,0,0.0025,0,0.01,0.0000,0.0000,0.0000,0,0,0,0,0,0,0
1799167000,49.8727946180,8.6511839563,144.0063,0.0025,0,0,0.0025,0,0.01,0.0000,0.0000,0.0000,0,0,0,0,0,0,0
1799267000,49.8727945873,8.6511839563,143.9978,0.0025,0,0,0.0025,0,0.01,0.0000,0.0000,0.0000,0,0,0,0,0,0,0
1799367000,49.8727945917,8.6511839020,143.9966,0.0025,0,0,0.0025,0,0.01,0.0000,0.0000,0.0000,0,0,0,0,0,0,0
1799467000,49.8727945917,8.6511838748,143.9983,0.0025,0,0,0.0025,0,0.01,0.0000,0.0000,0.0000,0,0,0,0,0,0,0
1799567000,49.8727945917,8.6511838748,143.9953,0.0025,0,0,0.0025,0,0.01,0.0000,0.0000,0.0000,0,0,0,0,0,0,0
1799667000,49.8727945961,8.6511838748,143.9954,0.0025,0,0,0.0025,0,0.01,0.0000,0.0000,0.0000,0,0,0,0,0,0,0
1799767000,49.8727945961,8.6511838612,143.9984,0.0025,0,0,0.0025,0,0.01,0.0000,0.0000,0.0000,0,0,0,0,0,0,0
1799867000,49.8727945961,8.6511838748,143.9965,0.0025,0,0,0.0025,0,0.01,0.0000,0.0000,0.0000,0,0,0,0,0,0,0
1799967000,49.8727945873,8.6511839156,143.9885,0.0025,0,0,0.0025,0,0.01,0.0000,0.0000,0.0000,0,0,0,0,0,0,0
1800067000,49.8727945829,8.6511839292,143.9853,0.0025,0,0,0.0025,0,0.01,0.0000,0.0000,0.0000,0,0,0,0,0,0,0
1800167000,49.8727945873,8.6511839020,143.9874,0.0025,0,0,0.0025,0,0.01,0.0000,0.0000,0.0000,0,0,0,0,0,0,0
1800267000,49.8727945873,8.6511838884,143.9904,0.0025,0,0,0.0025,0,0.01,0.0000,0.0000,0.0000,0,0,0,0,0,0,0
1800367000,49.8727945873,8.6511838884,143.9913,0.0025,0,0,0.0025,0,0.01,0.0000,0.0000,0.0000,0,0,0,0,0,0,0
1800467000,49.8727945873,8.6511838205,144.0011,0.0025,0,0,0.0025,0,0.01,0.0000,0.0000,0.0000,0,0,0,0,0,0,0
1800567000,49.8727945917,8.6511839020,143.9939,0.0025,0,0,0.0025,0,0.01,0.0000,0.0000,0.0000,0,0,0,0,0,0,0
1800667000,49.8727946005,8.6511838748,144.0020,0.0025,0,0,0.0025,0,0.01,0.0000,0.0000,0.0000,0,0,0,0,0,0,0
1800767000,49.8727946049,8.6511838612,144.0067,0.0025,0,0,0.0025,0,0.01,0.0000,0.0000,0.0000,0,0,0,0,0,0,0
1800869000,49.8727945961,8.6511839020,143.9955,0.0025,0,0,0.0025,0,0.01,0.0000,0.0000,0.0000,0,0,0,0,0,0,0
1800967000,49.8727945917,8.6511839156,143.9919,0.0025,0,0,0.0025,0,0.01,0.0000,0.0000,0.0000,0,0,0,0,0,0,0
1801067000,49.8727945961,8.6511838884,143.9987,0.0025,0,0,0.0025,0,0.01,0.0000,0.0000,0.0000,0,0,0,0,0,0,0
1801167000,49.8727946005,8.6511838884,143.9990,0.0025,0,0,0.0025,0,0.01,0.0000,0.0000,0.0000,0,0,0,0,0,0,0
1801267000,49.8727945961,8.6511839020,143.9955,0.0025,0,0,0.0025,0,0.01,0.0000,0.0000,0.0000,0,0,0,0,0,0,0
1801367000,49.8727945961,8.6511838884,143.9983,0.0025,0,0,0.0025,0,0.01,0.0000,0.0000,0.0000,0,0,0,0,0,0,0
1801467000,49.8727945961,8.6511839020,143.9940,0.0025,0,0,0.0025,0,0.01,0.0000,0.0000,0.0000,0,0,0,0,0,0,0
1801567000,49.8727945961,8.6511838884,143.9968,0.0025,0,0,0.0025,0,0.01,0.0000,0.0000,0.0000,0,0,0,0,0,0,0
1801667000,49.8727946575,8.6511839563,144.0059,0.0025,0,0,0.0025,0,0.01,0.0000,0.0000,0.0000,0,0,0,0,0,0,0
1801767000,49.8727946531,8.6511839835,144.0137,0.0025,0,0,0.0025,0,0.01,0.0000,0.0000,0.0000,0,0,0,0,0,0,0
1801867000,49.8727946049,8.6511839292,144.0031,0.0025,0,0,0.0025,0,0.01,0.0000,0.0000,0.0000,0,0,0,0,0,0,0
1801967000,49.8727945873,8.6511839156,143.9976,0.0025,0,0,0.0025,0,0.01,0.0000,0.0000,0.0000,0,0,0,0,0,0,0
1802067000,49.8727945873,8.6511838612,144.0008,0.0025,0,0,0.0025,0,0.01,0.0000,0.0000,0.0000,0,0,0,0,0,0,0
1802167000,49.8727945829,8.6511838069,144.0025,0.0025,0,0,0.0025,0,0.01,0.0000,0.0000,0.0000,0,0,0,0,0,0,0
1802267000,49.8727946005,8.6511838477,144.0035,0.0025,0,0,0.0025,0,0.01,0.0000,0.0000,0.0000,0,0,0,0,0,0,0
1802368000,49.8727946005,8.6511838748,143.9987,0.0025,0,0,0.0025,0,0.01,0.0000,0.0000,0.0000,0,0,0,0,0,0,0
1802467000,49.8727945961,8.6511838748,143.9955,0.0025,0,0,0.0025,0,0.01,0.0000,0.0000,0.0000,0,0,0,0,0,0,0
1802567000,49.8727945961,8.6511838884,143.9950,0.0025,0,0,0.0025,0,0.01,0.0000,0.0000,0.0000,0,0,0,0,0,0,0
1802667000,49.8727945961,8.6511838748,143.9986,0.0025,0,0,0.0025,0,0.01,0.0000,0.0000,0.0000,0,0,0,0,0,0,0
1802767000,49.8727945961,8.6511838341,144.0046,0.0025,0,0,0.0025,0,0.01,0.0000,0.0000,0.0000,0,0,0,0,0,0,0
1802867000,49.8727946005,8.6511838884,144.0002,0.0025,0,0,0.0025,0,0.01,0.0000,0.0000,0.0000,0,0,0,0,0,0,0
1802967000,49.8727946005,8.6511838884,143.9994,0.0025,0,0,0.0025,0,0.01,0.0000,0.0000,0.0000,0,0,0,0,0,0,0
1803067000,49.8727945917,8.6511839156,143.9934,0.0025,0,0,0.0025,0,0.01,0.0000,0.0000,0.0000,0,0,0,0,0,0,0
1803167000,49.8727945785,8.6511839428,143.9879,0.0025,0,0,0.0025,0,0.01,0.0000,0.0000,0.0000,0,0,0,0,0,0,0
1803268000,49.8727945917,8.6511838884,143.9927,0.0025,0,0,0.0025,0,0.01,0.0000,0.0000,0.0000,0,0,0,0,0,0,0
1803367000,49.8727945961,8.6511838748,143.9967,0.0025,0,0,0.0025,0,0.01,0.0000,0.0000,0.0000,0,0,0,0,0,0,0
1803469000,49.8727945961,8.6511838748,143.9966,0.0025,0,0,0.0025,0,0.01,0.0000,0.0000,0.0000,0,0,0,0,0,0,0
1803567000,49.8727945961,8.6511838884,143.9976,0.0025,0,0,0.0025,0,0.01,0.0000,0.0000,0.0000,0,0,0,0,0,0,0
1803667000,49.8727945961,8.6511838884,143.9986,0.0025,0,0,0.0025,0,0.01,0.0000,0.0000,0.0000,0,0,0,0,0,0,0
1803767000,49.8727945961,8.6511839020,143.9950,0.0025,0,0,0.0025,0,0.01,0.0000,0.0000,0.0000,0,0,0,0,0,0,0
1803867000,49.8727945961,8.6511838748,143.9993,0.0025,0,0,0.0025,0,0.01,0.0000,0.0000,0.0000,0,0,0,0,0,0,0
1803967000,49.8727945961,8.6511838884,143.9948,0.0025,0,0,0.0025,0,0.01,0.0000,0.0000,0.0000,0,0,0,0,0,0,0
1804067000,49.8727946005,8.6511838612,144.0035,0.0025,0,0,0.0025,0,0.01,0.0000,0.0000,0.0000,0,0,0,0,0,0,0
1804167000,49.8727945961,8.6511839020,143.9968,0.0025,0,0,0.0025,0,0.01,0.0000,0.0000,0.0000,0,0,0,0,0,0,0
1804267000,49.8727945961,8.6511839020,143.9934,0.0025,0,0,0.0025,0,0.01,0.0000,0.0000,0.0000,0,0,0,0,0,0,0
1804367000,49.8727945917,8.6511838884,143.9947,0.0025,0,0,0.0025,0,0.01,0.0000,0.0000,0.0000,0,0,0,0,0,0,0
1804467000,49.8727945961,8.6511838477,144.0031,0.0025,0,0,0.0025,0,0.01,0.0000,0.0000,0.0000,0,0,0,0,0,0,0
1804567000,49.8727946005,8.6511838612,144.0044,0.0025,0,0,0.0025,0,0.01,0.0000,0.0000,0.0000,0,0,0,0,0,0,0
1804667000,49.8727946049,8.6511838748,144.0044,0.0025,0,0,0.0025,0,0.01,0.0000,0.0000,0.0000,0,0,0,0,0,0,0
1804767000,49.8727945961,8.6511839020,143.9969,0.0025,0,0,0.0025,0,0.01,0.0000,0.0000,0.0000,0,0,0,0,0,0,0
1804867000,49.8727945829,8.6511839428,143.9890,0.0025,0,0,0.0025,0,0.01,0.0000,0.0000,0.0000,0,0,0,0,0,0,0
1804967000,49.8727945873,8.6511839156,143.9889,0.0025,0,0,0.0025,0,0.01,0.0000,0.0000,0.0000,0,0,0,0,0,0,0
1805067000,49.8727945829,8.6511839156,143.9860,0.0025,0,0,0.0025,0,0.01,0.0000,0.0000,0.0000,0,0,0,0,0,0,0
1805167000,49.8727945785,8.6511839292,143.9835,0.0025,0,0,0.0025,0,0.01,0.0000,0.0000,0.0000,0,0,0,0,0,0,0
1805267000,49.8727945785,8.6511839292,143.9851,0.0025,0,0,0.0025,0,0.01,0.0000,0.0000,0.0000,0,0,0,0,0,0,0
1805367000,49.8727945961,8.6511838612,143.9998,0.0025,0,0,0.0025,0,0.01,0.0000,0.0000,0.0000,0,0,0,0,0,0,0
1805467000,49.8727946005,8.6511838884,143.9970,0.0025,0,0,0.0025,0,0.01,0.0000,0.0000,0.0000,0,0,0,0,0,0,0
1805567000,49.8727946005,8.6511838884,143.9975,0.0025,0,0,0.0025,0,0.01,0.0000,0.0000,0.0000,0,0,0,0,0,0,0
1805667000,49.8727945961,8.6511838884,143.9952,0.0025,0,0,0.0025,0,0.01,0.0000,0.0000,0.0000,0,0,0,0,0,0,0
1805767000,49.8727945961,8.6511838884,143.9960,0.0025,0,0,0.0025,0,0.01,0.0000,0.0000,0.0000,0,0,0,0,0,0,0
1805867000,49.8727945961,8.6511838884,143.9975,0.0025,0,0,0.0025,0,0.01,0.0000,0.0000,0.0000,0,0,0,0,0,0,0
1805969000,49.8727946005,8.6511838884,143.9994,0.0025,0,0,0.0025,0,0.01,0.0000,0.0000,0.0000,0,0,0,0,0,0,0
1806068000,49.8727946005,8.6511838884,144.0002,0.0025,0,0,0.0025,0,0.01,0.0000,0.0000,0.0000,0,0,0,0,0,0,0
1806167000,49.8727945961,8.6511839020,143.9976,0.0025,0,0,0.0025,0,0.01,0.0000,0.0000,0.0000,0,0,0,0,0,0,0
1806267000,49.8727945917,8.6511839156,143.9926,0.0025,0,0,0.0025,0,0.01,0.0000,0.0000,0.0000,0,0,0,0,0,0,0
1806367000,49.8727945785,8.6511839428,143.9873,0.0025,0,0,0.0025,0,0.01,0.0000,0.0000,0.0000,0,0,0,0,0,0,0
1806467000,49.8727945697,8.6511839563,143.9849,0.0025,0,0,0.0025,0,0.01,0.0000,0.0000,0.0000,0,0,0,0,0,0,0
