# t_us, static pressure [Pa]
3228085237,99253.625000
3228126224,99253.515625
3228166664,99253.984375
3228206447,99254.093750
3228246542,99253.765625
3228286235,99253.187500
3228326890,99253.406250
3228367099,99254.031250
3228408005,99253.453125
3228448816,99253.781250
3228488402,99253.328125
3228528546,99253.500000
3228568952,99253.968750
3228608755,99253.968750
3228648733,99254.375000
3228688637,99254.046875
3228728517,99253.546875
3228768757,99253.437500
3228808493,99254.203125
3228848702,99253.453125
3228888644,99253.296875
3228928410,99253.781250
3228968281,99254.015625
3229008748,99253.187500
3229048470,99253.625000
3229090978,99253.718750
3229130924,99254.203125
3229170638,99253.437500
3229210437,99254.015625
3229250337,99253.750000
3229290674,99254.031250
3229331129,99253.625000
3229372089,99253.875000
3229413107,99253.312500
3229455507,99253.703125
3229495883,99254.218750
3229535279,99254.234375
3229575058,99254.859375
3229615168,99253.515625
3229655439,99253.218750
3229695296,99254.328125
3229735668,99253.734375
3229775124,99253.640625
3229819136,99253.796875
3229860014,99254.031250
3229900196,99254.250000
3229940350,99253.765625
3229980299,99253.531250
3230020891,99253.421875
3230060622,99253.125000
3230100708,99254.156250
3230140526,99253.796875
3230182390,99253.671875
3230222927,99253.609375
3230262892,99253.984375
3230302306,99253.875000
3230342667,99253.718750
3230382696,99253.500000
3230422087,99253.875000
3230462985,99253.890625
3230502752,99253.234375
3230542725,99254.484375
3230582979,99253.250000
3230623052,99253.468750
3230663152,99253.421875
3230703413,99253.343750
3230746648,99253.125000
3230786402,99253.546875
3230826863,99253.453125
3230867168,99253.609375
3230907848,99253.828125
3230947058,99253.718750
3230988022,99254.031250
3231028475,99253.187500
3231068704,99253.265625
3231110936,99253.203125
3231150029,99253.437500
3231190037,99254.140625
3231230584,99253.437500
3231270673,99253.406250
3231310356,99254.359375
3231350037,99253.890625
3231390710,99253.203125
3231430586,99253.437500
3231470318,99254.609375
3231510050,99253.937500
3231550939,99253.625000
3231590928,99253.703125
3231630253,99253.531250
3231672676,99253.890625
3231712796,99253.765625
3231752885,99253.468750
3231792672,99253.515625
3231832244,99253.843750
3231872516,99253.984375
3231912036,99254.390625
3231952617,99254.140625
3231992365,99254.000000
3232035911,99253.546875
3232075040,99253.609375
3232116074,99253.765625
3232156559,99253.968750
3232196342,99253.906250
3232236081,99253.343750
3232276716,99253.000000
3232316833,99254.203125
3232357033,99253.062500
3232397982,99253.687500
3232437747,99254.000000
3232477210,99253.375000
3232517285,99253.937500
3232557970,99253.640625
3232597773,99253.796875
3232637888,99254.546875
3232677571,99254.125000
3232718094,99254.187500
3232758443,99254.093750
3232798401,99253.718750
3232838517,99253.875000
3232878222,99253.828125
3232918433,99253.921875
3232958655,99254.156250
3232998153,99254.515625
3233038202,99254.218750
3233078829,99254.250000
3233118811,99253.968750
3233158120,99253.203125
3233199065,99253.640625
3233240022,99253.984375
3233281292,99253.875000
3233321420,99253.656250
3233361499,99253.593750
3233402707,99253.671875
3233443003,99253.343750
3233484299,99253.546875
3233524462,99253.562500
3233567752,99253.734375
3233607161,99253.171875
3233647731,99254.171875
3233687222,99253.968750
3233727127,99253.796875
3233767412,99253.734375
3233807124,99252.781250
3233847699,99253.796875
3233887420,99253.375000
3233931389,99253.562500
3233971434,99253.812500
3234012037,99254.015625
3234052030,99253.578125
3234095449,99254.328125
3234135203,99253.718750
3234175727,99254.250000
3234215139,99253.500000
3234256185,99253.296875
3234296187,99254.234375
3234337041,99253.765625
3234377026,99254.375000
3234417667,99254.187500
3234461006,99253.687500
3234501000,99253.828125
3234541968,99253.843750
3234581544,99253.593750
3234627422,99253.234375
3234667579,99254.265625
3234707623,99254.796875
3234748160,99253.656250
3234792647,99254.218750
3234832910,99253.515625
3234872014,99253.859375
3234912301,99253.578125
3234953076,99253.968750
3234993093,99254.281250
3235033370,99254.546875
3235074611,99253.921875
3235114572,99254.875000
3235158680,99253.875000
3235198189,99254.125000
3235238912,99254.359375
3235278301,99254.031250
3235318507,99254.000000
3235358270,99253.953125
3235398076,99253.921875
3235438769,99253.375000
3235478693,99253.859375
3235521551,99253.453125
3235561450,99254.281250
3235601245,99253.515625
3235642049,99254.687500
3235682897,99253.968750
3235722053,99254.187500
3235762777,99254.578125
3235802421,99254.078125
3235842363,99253.656250
3235882056,99254.328125
3235922178,99254.250000
3235962430,99254.015625
3236002253,99254.500000
3236043096,99253.968750
3236087218,99253.812500
3236127808,99254.046875
3236167176,99254.156250
3236208092,99253.953125
3236251961,99254.000000
3236291560,99253.531250
3236331042,99253.609375
3236371113,99253.796875
3236412085,99254.734375
3236452692,99254.312500
3236492817,99254.625000
3236532134,99252.828125
3236572920,99254.093750
3236612610,99254.687500
3236652005,99253.828125
3236692846,99253.906250
3236732257,99253.546875
3236772573,99254.312500
3236812401,99253.812500
3236853046,99253.484375
3236893508,99253.093750
3236933089,99254.312500
3236973247,99254.421875
3237013037,99254.078125
3237053585,99254.515625
3237093186,99254.187500
3237133594,99254.265625
3237173199,99254.796875
3237213139,99254.125000
3237253559,99253.843750
3237293376,99253.546875
3237333241,99253.484375
3237373723,99254.171875
3237413763,99254.406250
3237453052,99253.421875
3237493022,99253.437500
3237533478,99253.750000
3237573279,99253.718750
3237613595,99253.500000
3237653919,99253.781250
3237693571,99254.906250
3237734217,99254.171875
3237774193,99253.250000
3237814904,99254.000000
3237855137,99254.265625
3237895173,99253.843750
3237935974,99254.031250
3237975815,99254.125000
3238018561,99253.375000
3238058041,99254.140625
3238098590,99254.843750
3238138401,99254.125000
3238178581,99254.656250
3238218058,99254.453125
3238258116,99254.265625
3238298858,99253.406250
3238338115,99253.781250
3238378034,99254.500000
3238418658,99254.484375
3238458706,99254.671875
3238498533,99254.546875
3238538853,99254.640625
3238579022,99254.437500
3238619913,99254.484375
3238659970,99254.093750
3238699059,99254.281250
3238739152,99254.593750
3238782126,99254.468750
3238822878,99253.812500
3238862196,99254.671875
3238902497,99254.312500
3238942262,99255.015625
3238982196,99255.031250
3239022643,99254.281250
3239062452,99254.218750
3239102746,99253.625000
3239145274,99254.187500
3239186572,99254.687500
3239226001,99254.484375
3239266767,99254.500000
3239308706,99254.296875
3239349119,99254.171875
3239389877,99254.031250
3239429061,99253.921875
3239469836,99254.515625
3239509691,99254.265625
3239549979,99254.546875
3239590113,99254.187500
3239630615,99254.250000
3239670469,99253.984375
3239710493,99253.906250
3239750145,99254.234375
3239790517,99254.546875
3239831143,99255.343750
3239875420,99254.015625
3239915290,99254.437500
3239955258,99253.640625
3239995289,99254.171875
3240035325,99254.078125
3240076593,99253.968750
3240116830,99253.921875
3240156021,99255.109375
3240196351,99254.281250
3240236396,99254.343750
3240277622,99253.750000
3240317229,99254.281250
3240357544,99254.609375
3240397721,99255.093750
3240437953,99255.031250
3240477087,99254.359375
3240517594,99255.687500
3240557351,99254.546875
3240597788,99253.843750
3240638106,99254.515625
3240678491,99254.640625
3240718163,99254.312500
3240759094,99254.062500
3240799307,99253.906250
3240844766,99253.796875
3240884939,99254.734375
3240924369,99254.703125
3240964689,99254.218750
3241008341,99254.265625
3241048090,99254.546875
3241089055,99254.390625
3241129708,99254.640625
3241169974,99254.875000
3241209179,99254.125000
3241250198,99255.218750
3241291096,99254.203125
3241331474,99254.625000
3241373110,99254.906250
3241413422,99254.140625
3241453206,99253.843750
3241494153,99254.687500
3241537203,99255.046875
3241577549,99255.312500
3241617660,99253.796875
3241657889,99254.609375
3241697540,99254.500000
3241737832,99254.703125
3241777887,99254.421875
3241817981,99254.390625
3241857804,99254.875000
3241901409,99254.515625
3241941767,99254.906250
3241981234,99254.046875
3242021906,99254.828125
3242061908,99254.468750
3242101782,99254.375000
3242141351,99254.625000
3242181454,99254.781250
3242221773,99255.156250
3242265743,99254.593750
3242305116,99254.718750
3242345811,99254.171875
3242386141,99254.046875
3242426383,99254.906250
3242466979,99254.062500
3242506299,99254.453125
3242547297,99255.296875
3242587715,99253.953125
3242628045,99254.703125
3242668623,99254.390625
3242708794,99254.281250
3242749724,99254.765625
3242789887,99255.328125
3242830781,99254.109375
3242870014,99254.781250
3242910383,99254.734375
3242950228,99254.843750
3242990456,99254.578125
3243030372,99254.937500
3243070696,99255.640625
3243110321,99254.968750
3243150818,99254.093750
3243190546,99254.656250
3243230500,99254.812500
3243270834,99254.640625
3243310617,99254.656250
3243350540,99254.562500
3243393656,99254.656250
3243434105,99254.718750
3243474663,99254.812500
3243514225,99254.250000
3243554676,99254.828125
3243594535,99253.875000
3243634106,99254.390625
3243674707,99253.718750
3243714726,99254.718750
3243757765,99255.015625
3243797152,99254.593750
3243837646,99254.515625
3243877253,99253.640625
3243917415,99254.281250
3243957840,99254.250000
3243997026,99255.031250
3244037859,99254.625000
3244077489,99254.921875
3244117082,99254.468750
3244157300,99255.468750
3244197854,99254.453125
3244237459,99254.906250
3244277220,99254.375000
3244317827,99254.734375
3244358060,99254.875000
3244398190,99254.515625
3244439055,99253.906250
3244479838,99255.062500
3244521998,99254.921875
3244562075,99254.968750
3244602407,99255.296875
3244642215,99255.421875
3244682977,99254.593750
3244722755,99255.109375
3244762890,99255.203125
3244803086,99254.015625
3244844003,99255.031250
3244884759,99254.406250
3244924013,99254.140625
3244964325,99254.625000
3245004382,99255.031250
3245045046,99255.484375
3245088036,99254.281250
3245128364,99254.890625
3245168134,99254.593750
3245208114,99255.031250
3245248877,99255.078125
3245288845,99254.625000
3245328246,99254.968750
3245368948,99255.562500
3245408974,99254.734375
3245448733,99254.781250
3245488355,99254.359375
3245528313,99254.859375
3245568359,99255.015625
3245608846,99254.796875
3245652426,99254.234375
3245692976,99255.265625
3245732742,99254.328125
3245772423,99254.656250
3245812587,99255.015625
3245852303,99254.421875
3245892963,99254.250000
3245932520,99254.343750
3245973097,99254.671875
3246016918,99254.984375
3246056592,99254.953125
3246096796,99254.578125
3246136380,99255.109375
3246177002,99254.921875
3246217404,99254.937500
3246257086,99254.437500
3246297532,99254.718750
3246337048,99255.171875
3246377448,99254.281250
3246417721,99254.390625
3246457606,99254.796875
3246497813,99254.015625
3246537506,99254.359375
3246580499,99254.437500
3246620889,99254.390625
3246660065,99255.218750
3246700192,99254.500000
3246740774,99255.218750
3246780916,99254.531250
3246821112,99254.578125
3246861132,99254.546875
3246901729,99255.031250
3246941419,99253.906250
3246981590,99254.906250
3247021963,99254.234375
3247061157,99254.968750
3247101742,99254.890625
3247141087,99254.734375
3247182181,99254.609375
3247222484,99253.421875
3247263848,99253.140625
3247303583,99253.953125
3247343931,99253.203125
3247383702,99253.562500
3247423820,99253.765625
3247463419,99253.750000
3247503865,99254.218750
3247543181,99254.187500
3247583635,99254.953125
3247623456,99254.562500
3247664071,99254.312500
3247707686,99254.968750
3247747113,99254.437500
3247787573,99255.296875
3247827942,99254.593750
3247867914,99255.203125
3247907729,99255.140625
3247947119,99254.484375
3247987898,99255.187500
3248027305,99254.625000
3248067059,99254.765625
3248107000,99254.500000
3248147524,99254.890625
3248187490,99255.312500
3248227593,99255.203125
3248270759,99254.625000
3248310018,99254.671875
3248350428,99255.062500
3248391165,99255.468750
3248434771,99254.703125
3248474787,99255.218750
3248514182,99254.984375
3248554611,99254.718750
3248594756,99255.468750
3248635353,99254.781250
3248675261,99254.453125
3248715165,99255.234375
3248755186,99254.921875
3248795175,99255.218750
3248835754,99255.421875
3248875631,99255.375000
3248915256,99255.484375
3248955809,99255.187500
3248995728,99255.140625
3249035151,99254.953125
3249075051,99255.046875
3249115729,99254.500000
3249155390,99254.796875
3249195202,99254.968750
3249235563,99254.671875
3249275447,99255.296875
3249316076,99255.203125
3249356341,99255.031250
3249398042,99255.609375
3249438599,99255.390625
3249478712,99255.296875
3249518019,99254.671875
3249558171,99255.562500
3249598029,99255.421875
3249638460,99255.046875
3249678861,99255.578125
3249718388,99256.125000
3249758568,99254.984375
3249798116,99256.109375
3249838530,99254.625000
3249878429,99255.718750
3249918080,99254.734375
3249960393,99255.046875
3250001166,99255.625000
3250041469,99255.546875
3250083726,99254.609375
3250125894,99254.421875
3250165607,99254.203125
3250205096,99255.000000
3250245206,99255.000000
3250285777,99254.812500
3250325132,99253.640625
3250365440,99254.734375
3250405290,99255.609375
3250445410,99255.421875
3250488529,99255.953125
3250528159,99255.109375
3250569003,99255.656250
3250609308,99255.125000
3250649549,99255.593750
3250689116,99255.656250
3250729725,99255.375000
3250769861,99255.187500
3250809933,99253.875000
3250849055,99253.921875
3250889844,99255.187500
3250929010,99255.437500
3250970259,99255.765625
3251010521,99254.875000
3251050853,99255.343750
3251090760,99255.937500
3251130062,99254.890625
3251170781,99255.593750
3251211058,99254.703125
3251251463,99254.656250
3251291301,99254.515625
3251331730,99255.156250
3251371484,99254.953125
3251411679,99255.546875
3251452135,99255.015625
3251492413,99254.828125
3251532009,99255.234375
3251573874,99255.046875
3251614021,99254.703125
3251654630,99255.312500
3251694461,99255.000000
3251734276,99254.250000
3251774474,99255.015625
3251814632,99255.140625
3251854349,99255.453125
3251895334,99254.812500
3251935586,99255.984375
3251976078,99255.250000
3252016336,99255.578125
3252059901,99255.156250
3252099352,99254.421875
3252139104,99254.828125
3252180168,99255.171875
3252220382,99255.296875
3252261664,99256.203125
3252301502,99254.421875
3252341171,99255.531250
3252381301,99255.250000
3252421795,99255.421875
3252461534,99255.265625
3252502041,99255.031250
3252542443,99255.406250
3252582739,99255.046875
3252622523,99255.328125
3252662629,99255.312500
3252702523,99255.859375
3252742225,99254.937500
3252782348,99254.843750
3252822612,99254.921875
3252863822,99255.000000
3252904003,99255.046875
3252944594,99254.953125
3252984011,99255.140625
3253024249,99255.703125
3253064555,99255.281250
3253104584,99255.390625
3253144246,99255.171875
3253184506,99255.156250
3253224098,99255.218750
3253265027,99255.171875
3253305064,99254.937500
3253345370,99256.125000
3253385034,99255.343750
3253427866,99255.718750
3253467681,99255.812500
3253508040,99254.875000
3253548133,99255.484375
3253588994,99255.859375
3253628511,99255.703125
3253668158,99255.406250
3253708367,99255.500000
3253748463,99254.937500
3253788536,99255.906250
3253828974,99254.484375
3253868691,99254.671875
3253908809,99255.078125
3253948728,99256.015625
3253988907,99255.140625
3254029421,99255.250000
3254069182,99254.781250
3254109334,99255.687500
3254149350,99255.734375
3254192105,99255.046875
3254232369,99254.859375
3254272172,99255.734375
3254312210,99254.875000
3254352905,99255.468750
3254392660,99255.343750
3254433043,99255.531250
3254473994,99255.765625
3254513212,99255.375000
3254556170,99255.500000
3254596555,99255.500000
3254636476,99254.859375
3254676057,99255.656250
3254716180,99256.015625
3254756384,99255.296875
3254796137,99255.750000
3254837008,99254.687500
3254877292,99255.421875
3254917200,99255.140625
3254957886,99255.140625
3254997974,99255.421875
3255037635,99255.390625
3255077234,99256.062500
3255121886,99254.984375
3255161040,99255.125000
3255201488,99254.687500
3255241148,99256.078125
3255282689,99255.296875
3255323477,99254.953125
3255363075,99255.281250
3255404035,99254.750000
3255444323,99256.109375
3255489564,99255.093750
3255529117,99254.921875
3255569786,99255.234375
3255609535,99255.296875
3255649328,99254.953125
3255689874,99255.125000
3255729831,99255.500000
3255769118,99255.531250
3255809763,99255.796875
3255849570,99255.187500
3255890097,99255.437500
3255930024,99255.078125
3255970767,99255.906250
3256011076,99256.437500
3256054185,99254.375000
3256094729,99255.796875
3256135211,99255.812500
3256175209,99255.015625
3256215754,99255.156250
3256255782,99256.031250
3256295102,99255.265625
3256335572,99255.890625
3256375816,99255.000000
3256415396,99255.046875
3256456522,99255.546875
3256496802,99255.484375
3256536469,99255.375000
3256576439,99255.828125
3256616910,99255.375000
3256656947,99255.312500
3256696374,99256.500000
3256737409,99255.921875
3256777225,99255.609375
3256817199,99255.484375
3256857225,99255.031250
3256897662,99255.812500
3256937341,99255.828125
3256977584,99255.625000
3257017174,99254.953125
3257057204,99255.671875
3257097955,99255.328125
3257138197,99254.750000
3257178220,99255.296875
3257220185,99255.671875
3257260210,99255.593750
3257300709,99255.187500
3257340008,99255.171875
3257380415,99255.625000
3257420060,99256.609375
3257460074,99255.781250
3257500289,99255.250000
3257540865,99255.609375
3257583336,99255.359375
3257623288,99255.781250
3257663970,99255.343750
3257703474,99256.000000
3257743108,99255.593750
3257783616,99255.968750
3257823165,99256.031250
3257864173,99256.125000
3257904828,99255.734375
3257949262,99255.343750
3257990294,99255.890625
3258030845,99256.031250
3258070631,99256.000000
3258115124,99256.000000
3258155030,99255.250000
3258195186,99257.296875
3258236038,99256.781250
3258280563,99256.109375
3258320189,99256.859375
3258360468,99257.093750
3258400413,99256.500000
3258445919,99258.265625
3258485105,99249.468750
3258525688,99270.375000
3258565228,99264.609375
3258605296,99262.406250
3258645992,99256.796875
3258685888,99256.265625
3258725357,99256.312500
3258765602,99255.453125
3258805610,99255.968750
3258846328,99255.562500
3258886392,99255.515625
3258926335,99255.265625
3258966228,99255.750000
3259006532,99255.875000
3259046419,99255.609375
3259086782,99255.781250
3259127020,99255.156250
3259167705,99255.531250
3259210329,99255.250000
3259251068,99254.796875
3259291801,99255.109375
3259331729,99255.140625
3259373829,99255.171875
3259413572,99255.328125
3259453489,99255.968750
3259493439,99255.031250
3259533812,99255.609375
3259573060,99256.156250
3259613726,99255.828125
3259653716,99255.296875
3259693958,99255.437500
3259733352,99255.750000
3259773178,99256.171875
3259813804,99255.406250
3259853988,99255.375000
3259893001,99255.453125
3259933990,99255.234375
3259973856,99256.218750
3260013361,99255.218750
3260053434,99255.218750
3260093462,99255.546875
3260136791,99255.984375
3260176652,99255.531250
3260216545,99255.484375
3260256496,99255.265625
3260297510,99255.687500
3260337555,99255.625000
3260377439,99255.812500
3260418003,99256.078125
3260458763,99256.468750
3260502585,99254.406250
3260542230,99256.093750
3260582258,99254.500000
3260622454,99254.828125
3260663127,99256.125000
3260703712,99255.640625
3260743803,99255.093750
3260783832,99256.109375
3260823545,99255.609375
3260863034,99255.562500
3260903402,99256.359375
3260943333,99255.390625
3260983395,99256.031250
3261023049,99255.421875
3261065845,99255.921875
3261106075,99255.890625
3261146536,99255.953125
3261186020,99255.343750
3261226267,99255.500000
3261266058,99255.343750
3261306269,99255.343750
3261346705,99255.359375
3261386818,99256.546875
3261429657,99255.703125
3261469218,99255.843750
3261509246,99256.140625
3261551133,99255.234375
3261592844,99256.484375
3261632031,99256.296875
3261672442,99255.937500
3261713062,99256.031250
3261753903,99255.281250
3261793803,99256.218750
3261834103,99256.515625
3261874563,99256.468750
3261914905,99255.281250
3261954427,99255.765625
3261994314,99255.875000
3262034623,99256.515625
3262075066,99255.984375
3262115198,99255.359375
3262156691,99255.906250
3262196655,99255.796875
3262236886,99255.500000
3262276435,99256.203125
3262316525,99255.625000
3262356841,99255.250000
3262396814,99255.906250
3262436865,99255.812500
3262476153,99256.140625
3262516225,99256.203125
3262556094,99255.625000
3262596339,99255.343750
3262636672,99255.968750
3262676233,99255.890625
3262720452,99255.859375
3262760714,99255.281250
3262800460,99256.171875
3262841135,99255.203125
3262887326,99255.703125
3262928533,99255.484375
3262968395,99255.890625
3263008769,99256.031250
3263048559,99256.046875
3263088836,99255.937500
3263128525,99255.000000
3263168392,99255.703125
3263208505,99255.546875
3263251974,99256.093750
3263291963,99255.843750
3263331506,99255.390625
3263371074,99255.531250
3263411046,99255.890625
3263454049,99255.578125
3263494431,99255.578125
3263534073,99255.406250
3263574362,99255.562500
3263614206,99255.968750
3263654662,99256.187500
3263694909,99255.765625
3263734541,99255.765625
3263774039,99256.171875
3263814577,99255.546875
3263854156,99256.500000
3263894319,99256.578125
3263934095,99255.421875
3263974472,99255.718750
3264014009,99256.000000
3264054647,99256.359375
3264094876,99256.734375
3264134317,99255.468750
3264174732,99255.437500
3264218421,99255.875000
3264258172,99256.156250
3264299031,99255.968750
3264339356,99255.562500
3264379524,99255.937500
3264419911,99255.906250
3264459411,99255.718750
3264499366,99255.296875
3264539872,99255.828125
3264582074,99255.734375
3264622621,99255.703125
3264662471,99256.468750
3264702399,99255.718750
3264742590,99255.593750
3264782746,99256.203125
3264822317,99255.984375
3264862933,99255.515625
3264902863,99255.656250
3264942068,99255.421875
3264982276,99255.984375
3265022725,99255.828125
3265062130,99256.062500
3265102007,99255.937500
3265142378,99255.750000
3265182576,99255.453125
3265222489,99255.843750
3265262239,99256.125000
3265302986,99256.296875
3265342160,99255.828125
3265382867,99255.875000
3265422815,99256.562500
3265462318,99256.609375
3265502280,99255.515625
3265542783,99256.109375
3265582627,99255.828125
3265622336,99256.484375
3265662378,99255.375000
3265702535,99255.671875
3265746326,99255.812500
3265786009,99256.015625
3265826068,99256.437500
3265866595,99255.750000
3265906369,99256.937500
3265946145,99256.000000
3265986461,99255.781250
3266026559,99256.234375
3266066065,99255.703125
3266110218,99256.125000
3266150683,99255.796875
3266190133,99256.281250
3266230287,99255.375000
3266270424,99256.546875
3266310038,99255.765625
3266350643,99256.093750
3266390104,99256.093750
3266430583,99255.921875
3266474412,99254.875000
3266514812,99256.484375
3266554159,99255.671875
3266594320,99256.093750
3266634536,99255.406250
3266674175,99256.062500
3266716029,99256.171875
3266756431,99255.296875
3266796524,99256.671875
3266838977,99255.562500
3266878183,99255.656250
3266919063,99255.687500
3266959979,99256.250000
3266999071,99255.734375
3267039510,99255.578125
3267079907,99255.437500
3267119468,99255.562500
3267159308,99255.968750
3267199467,99255.375000
3267239904,99256.062500
3267279076,99256.156250
3267319738,99255.718750
3267359276,99255.531250
3267399503,99255.984375
3267439665,99255.750000
3267479145,99256.359375
3267519550,99255.765625
3267559458,99255.640625
3267601919,99256.078125
3267641672,99255.703125
3267682951,99255.921875
3267723116,99255.203125
3267763927,99255.421875
3267803023,99255.609375
3267843937,99255.656250
3267883075,99255.453125
3267924085,99255.109375
3267966548,99255.562500
3268006562,99255.312500
3268046288,99255.609375
3268086322,99256.187500
3268126453,99256.031250
3268166079,99255.625000
3268206073,99256.437500
3268246463,99256.218750
3268286696,99255.750000
3268326559,99255.078125
3268366030,99255.515625
3268406533,99255.390625
3268446875,99256.265625
3268487106,99256.093750
3268530644,99255.453125
3268571175,99255.265625
3268611057,99255.359375
3268651312,99255.562500
3268691266,99255.343750
3268731398,99255.484375
3268771163,99256.171875
3268811520,99256.015625
3268851191,99255.421875
3268893850,99255.437500
3268934819,99256.343750
3268974016,99255.437500
3269014790,99256.078125
3269054792,99255.390625
3269094848,99255.875000
3269134214,99256.234375
3269174383,99255.953125
3269214218,99256.078125
3269254623,99255.656250
3269294059,99255.812500
3269334345,99255.625000
3269374396,99256.078125
3269414603,99255.546875
3269454965,99255.671875
3269494415,99255.984375
3269534919,99254.906250
3269575030,99255.921875
3269615241,99255.250000
3269655059,99255.546875
3269695375,99255.453125
3269735926,99255.703125
3269775996,99256.031250
3269815586,99255.515625
3269858558,99256.093750
3269898501,99255.843750
3269938381,99255.453125
3269978182,99256.375000
3270018015,99255.984375
3270058931,99256.843750
3270098675,99255.828125
3270138200,99257.078125
3270178674,99255.578125
3270221243,99256.937500
3270261284,99256.875000
3270301417,99255.718750
3270341718,99256.343750
3270381484,99255.687500
3270421494,99255.750000
3270461537,99256.031250
3270501476,99255.906250
3270541987,99256.234375
3270581023,99255.843750
3270621166,99256.046875
3270661170,99255.734375
3270701186,99255.765625
3270741151,99255.109375
3270783773,99255.390625
3270823514,99255.750000
3270863576,99255.671875
3270903433,99255.718750
3270943264,99255.625000
3270983012,99256.109375
3271023476,99255.859375
3271063522,99256.015625
3271103646,99256.531250
3271144012,99256.156250
3271184055,99255.812500
3271224780,99255.437500
3271264849,99255.890625
3271304897,99256.390625
3271347582,99255.906250
3271387830,99256.250000
3271428839,99255.546875
3271468639,99255.921875
3271508396,99255.468750
3271549461,99256.218750
3271589407,99254.984375
3271629536,99256.343750
3271669822,99256.156250
3271709800,99255.093750
3271749831,99255.796875
3271789147,99255.453125
3271830162,99256.046875
3271870187,99255.640625
3271910911,99256.093750
3271950696,99255.609375
3271990613,99256.093750
3272030751,99256.468750
3272071090,99255.109375
3272111687,99255.750000
3272151413,99255.203125
3272191380,99256.109375
3272231522,99255.921875
3272271577,99255.375000
3272312107,99256.171875
3272353055,99255.000000
3272393373,99255.921875
3272433996,99255.921875
3272473191,99256.296875
3272513766,99255.687500
3272553744,99255.437500
3272593152,99256.000000
3272634717,99255.609375
3272674221,99256.281250
3272714363,99255.765625
3272754174,99255.812500
3272794161,99255.390625
3272834248,99255.562500
3272874797,99255.703125
3272914774,99256.109375
3272954184,99255.609375
3272994688,99254.875000
3273035964,99255.968750
3273075452,99255.578125
3273115110,99255.500000
3273155829,99256.140625
3273195571,99255.859375
3273236314,99256.046875
3273276168,99256.046875
3273317067,99255.062500
3273357746,99255.359375
3273397568,99255.750000
3273438005,99255.437500
3273479097,99255.328125
3273520803,99255.781250
3273560536,99256.093750
3273600674,99256.140625
3273641155,99256.062500
3273687960,99255.906250
3273727539,99256.296875
3273767131,99255.625000
3273807374,99256.125000
3273847859,99255.406250
3273887876,99256.078125
3273927676,99255.406250
3273968052,99255.750000
3274008055,99255.187500
3274052368,99255.812500
3274092449,99255.750000
3274132405,99256.796875
3274172019,99255.984375
3274212070,99256.531250
3274252229,99255.703125
3274292085,99256.125000
3274332380,99255.921875
3274372843,99255.703125
3274412580,99256.453125
3274452782,99256.281250
3274492580,99255.859375
3274533035,99255.750000
3274573530,99255.890625
3274613323,99255.421875
3274653773,99255.625000
3274693564,99256.125000
3274733580,99256.296875
3274773864,99256.500000
3274813816,99255.703125
3274853928,99255.765625
3274893762,99255.640625
3274933170,99256.218750
3274973631,99255.078125
3275013590,99256.109375
3275053712,99255.453125
3275093462,99255.187500
3275133730,99256.296875
3275173522,99255.921875
3275213224,99255.578125
3275253915,99255.593750
3275293638,99255.546875
3275333888,99255.859375
3275373365,99255.625000
3275413435,99255.421875
3275453763,99255.750000
3275493665,99255.843750
3275533985,99255.593750
3275573591,99255.968750
3275613874,99255.578125
3275653141,99256.218750
3275693230,99255.812500
3275733901,99255.875000
3275773255,99255.578125
3275813208,99255.578125
3275853962,99255.765625
3275893731,99255.984375
3275933356,99256.015625
3275973849,99255.796875
3276013793,99256.328125
3276054207,99256.265625
3276094043,99255.515625
3276134227,99255.890625
3276174689,99256.000000
3276216071,99256.093750
3276256314,99255.937500
3276296114,99255.562500
3276336294,99255.109375
3276377005,99256.343750
3276417278,99255.421875
3276457616,99255.031250
3276497555,99254.765625
3276537766,99255.328125
3276577560,99255.234375
3276617860,99255.796875
3276657297,99256.375000
3276697587,99255.218750
3276737146,99255.984375
3276777591,99255.703125
3276817523,99256.468750
3276857814,99255.765625
3276897645,99256.140625
3276937260,99255.640625
3276977787,99255.781250
3277017834,99255.812500
3277057375,99255.406250
3277097557,99255.812500
3277137851,99255.843750
3277177239,99255.906250
3277217541,99256.062500
3277257641,99255.859375
3277297504,99255.984375
3277337780,99254.906250
3277377452,99256.937500
3277417737,99255.906250
3277457269,99255.953125
3277497433,99255.812500
3277537857,99255.296875
3277579792,99256.625000
3277619608,99256.062500
3277660214,99255.796875
3277700427,99256.593750
3277744163,99255.875000
3277784979,99256.109375
3277824414,99254.812500
3277864637,99256.000000
3277904597,99255.656250
3277944685,99256.187500
3277984285,99255.875000
3278024561,99255.984375
3278064282,99256.031250
3278107869,99255.921875
3278148618,99256.093750
3278188488,99255.968750
3278228015,99255.500000
3278268002,99256.375000
3278308243,99255.359375
3278349004,99256.765625
3278389452,99255.937500
3278429027,99256.328125
3278471217,99256.296875
3278512050,99256.406250
3278552616,99256.234375
3278592538,99256.718750
3278634937,99256.187500
3278674606,99255.640625
3278714883,99255.843750
3278754259,99255.937500
3278794136,99255.640625
3278836531,99256.218750
3278876570,99255.968750
3278916146,99255.515625
3278956755,99256.125000
3278996199,99255.671875
3279037195,99257.234375
3279077241,99256.796875
3279117662,99255.875000
3279157395,99255.453125
3279197157,99256.640625
3279238140,99257.437500
3279278194,99256.203125
3279318571,99256.375000
3279358270,99256.968750
3279398856,99256.187500
3279438733,99256.828125
3279478762,99256.281250
3279518453,99256.000000
3279558944,99255.765625
3279598684,99256.171875
3279638797,99256.421875
3279678007,99256.015625
3279719101,99256.500000
3279759929,99256.968750
3279799314,99256.500000
3279839458,99255.875000
3279879546,99257.171875
3279919189,99256.000000
3279959843,99256.546875
3279999318,99256.031250
3280040354,99256.343750
3280080414,99256.453125
3280120720,99256.625000
3280160421,99256.015625
3280200470,99256.515625
3280240572,99256.234375
3280282409,99256.453125
3280322021,99256.921875
3280363016,99256.078125
3280403135,99256.953125
3280443179,99256.890625
3280483465,99256.453125
3280523061,99257.140625
3280563377,99256.328125
3280603448,99256.484375
3280643140,99256.015625
3280683213,99256.906250
3280723580,99256.921875
3280763925,99256.718750
3280803382,99256.656250
3280843623,99256.875000
3280884560,99256.453125
3280924466,99255.890625
3280964646,99257.171875
3281004822,99256.703125
3281044592,99256.671875
3281084853,99256.546875
3281124509,99255.812500
3281165065,99256.500000
3281209565,99257.250000
3281249841,99255.687500
3281289540,99257.531250
3281330023,99256.656250
3281370270,99256.703125
3281410429,99256.343750
3281450417,99256.859375
3281490161,99256.421875
3281530824,99256.468750
3281573833,99256.671875
3281613714,99256.468750
3281653594,99257.000000
3281693452,99256.765625
3281733063,99256.500000
3281773765,99256.828125
3281813117,99256.984375
3281853193,99256.718750
3281894751,99256.234375
3281936766,99256.250000
3281976323,99257.125000
3282016003,99256.765625
3282056490,99257.156250
3282096784,99256.437500
3282136451,99256.578125
3282176154,99257.078125
3282216370,99256.765625
3282256270,99256.890625
3282296066,99255.812500
3282336813,99256.593750
3282376190,99256.046875
3282416103,99255.718750
3282456067,99256.281250
3282496852,99257.421875
3282536671,99257.250000
3282577126,99256.656250
3282617001,99256.500000
3282657874,99255.937500
3282699757,99256.718750
3282739560,99256.531250
3282779314,99256.718750
3282819635,99256.265625
3282859551,99256.718750
3282899094,99257.031250
3282939142,99257.156250
3282979889,99257.421875
3283019268,99256.453125
3283059221,99257.140625
3283099760,99257.187500
3283139169,99257.656250
3283180054,99256.671875
3283220677,99256.531250
3283264275,99256.625000
3283304543,99257.359375
3283344766,99256.468750
3283384194,99256.031250
3283427307,99256.390625
3283467856,99257.062500
3283508052,99255.828125
3283548776,99256.781250
3283588161,99256.218750
3283628125,99256.500000
3283668640,99256.671875
3283708420,99256.500000
3283748058,99256.875000
3283792192,99256.484375
3283832107,99255.781250
3283872807,99256.625000
3283913067,99256.953125
3283956789,99256.921875
3283996445,99256.953125
3284036841,99256.921875
3284076859,99256.765625
3284117124,99256.500000
3284157965,99255.968750
3284197585,99256.640625
3284237132,99256.531250
3284277840,99256.875000
3284317245,99256.828125
3284357837,99256.875000
3284397471,99256.984375
3284437031,99256.312500
3284478019,99256.953125
3284521694,99255.906250
3284561047,99256.890625
3284601828,99256.437500
3284641251,99256.671875
3284681287,99256.796875
3284721720,99256.406250
3284761553,99257.125000
3284801370,99256.468750
3284841331,99257.421875
3284881692,99256.578125
3284922679,99257.406250
3284962796,99256.843750
3285002123,99256.906250
3285042072,99257.390625
3285082984,99256.546875
3285124522,99257.359375
3285164793,99256.750000
3285204736,99256.343750
3285244532,99257.937500
3285285739,99255.921875
3285325913,99256.953125
3285365726,99257.406250
3285405350,99256.937500
3285445463,99257.156250
3285486361,99256.640625
3285526459,99257.171875
3285566426,99256.671875
3285606033,99256.609375
3285646197,99256.375000
3285690432,99257.625000
3285730703,99256.093750
3285770477,99256.687500
3285810962,99257.140625
3285850358,99256.546875
3285890902,99256.437500
3285931058,99256.781250
3285972463,99257.296875
3286012397,99256.109375
3286054847,99255.921875
3286094431,99256.046875
3286134083,99255.421875
3286174559,99256.390625
3286214692,99256.375000
3286254224,99256.187500
3286294077,99256.359375
3286334859,99256.421875
3286374182,99256.718750
3286414084,99255.281250
3286454787,99255.937500
3286494665,99255.578125
3286534403,99256.437500
3286574867,99256.828125
3286614707,99256.125000
3286654545,99256.125000
3286694653,99255.437500
3286734770,99256.062500
3286775226,99256.734375
3286815046,99256.187500
3286855716,99255.203125
3286895661,99255.593750
3286935628,99255.625000
3286975210,99257.203125
3287015074,99256.484375
3287055213,99255.765625
3287095463,99253.968750
3287135456,99256.828125
3287175985,99256.937500
3287215033,99254.968750
3287255624,99255.203125
3287295775,99255.281250
3287335404,99256.234375
3287375272,99255.343750
3287415774,99256.250000
3287455259,99256.328125
3287495458,99256.109375
3287535502,99255.578125
3287575165,99257.859375
3287619209,99256.421875
3287659823,99255.984375
3287699550,99257.140625
3287739762,99256.890625
3287779201,99256.062500
3287819238,99257.468750
3287859513,99257.562500
3287899857,99255.937500
3287939503,99255.156250
3287980062,99254.718750
3288020371,99255.531250
3288060122,99257.171875
3288100388,99257.046875
3288140047,99255.843750
3288184049,99255.218750
3288224243,99256.421875
3288264306,99256.312500
3288304969,99256.687500
3288344359,99256.187500
3288384278,99256.250000
3288424314,99256.437500
3288464429,99256.093750
3288504515,99256.171875
3288544412,99256.218750
3288584025,99255.890625
3288624039,99256.093750
3288664664,99256.250000
3288704839,99255.515625
3288745086,99256.156250
3288785638,99255.812500
3288825605,99256.281250
3288865302,99255.828125
3288905508,99256.390625
3288945992,99256.609375
3288985909,99255.906250
3289025856,99255.718750
3289065025,99256.125000
3289105112,99256.187500
3289145520,99256.515625
3289185378,99256.640625
3289225725,99256.687500
3289265479,99256.187500
3289305052,99255.906250
3289345898,99256.171875
3289385760,99256.562500
3289425691,99257.281250
3289465401,99256.296875
3289505193,99256.921875
3289545056,99255.656250
3289585799,99256.218750
3289625002,99256.109375
3289665633,99256.265625
3289705983,99256.468750
3289747409,99255.593750
3289787053,99256.828125
3289828098,99256.781250
3289868489,99256.687500
3289908082,99255.359375
3289948902,99255.328125
3289988562,99256.875000
3290028607,99256.578125
3290068681,99257.218750
3290112425,99256.296875
3290153051,99257.703125
3290193838,99257.343750
3290233215,99256.828125
3290273198,99256.187500
3290314024,99256.000000
3290354155,99256.484375
3290394258,99257.031250
3290434027,99255.921875
3290475042,99256.703125
3290515665,99256.687500
3290555284,99256.000000
3290595556,99256.062500
3290635231,99254.484375
3290675089,99254.625000
3290715826,99255.078125
3290755676,99255.875000
3290795954,99257.484375
3290838409,99256.437500
3290878882,99256.437500
3290918814,99256.390625
3290958028,99257.062500
3290998573,99256.937500
3291038705,99255.015625
3291078270,99255.984375
3291118478,99256.421875
3291158842,99256.609375
3291198240,99257.140625
3291238865,99256.156250
3291278456,99255.421875
3291318953,99253.500000
3291358207,99255.734375
3291398818,99256.359375
3291438610,99255.859375
3291478210,99255.625000
3291518218,99256.078125
3291558776,99256.593750
3291598209,99255.140625
3291638200,99255.656250
3291678613,99255.687500
3291718152,99255.687500
3291758740,99255.109375
3291801463,99254.828125
3291841653,99253.828125
3291881862,99254.953125
3291921058,99256.468750
3291961634,99255.359375
3292003260,99256.390625
3292043721,99254.750000
3292084075,99255.625000
3292124110,99253.593750
3292168067,99255.750000
3292208798,99254.390625
3292248390,99256.500000
3292289356,99255.125000
3292329600,99255.046875
3292369357,99254.265625
3292409826,99254.937500
3292449763,99254.015625
3292490417,99253.234375
3292531707,99252.859375
3292571246,99252.593750
3292611120,99252.859375
3292651154,99253.296875
3292692326,99254.281250
3292732264,99253.687500
3292773028,99253.140625
3292813645,99252.593750
3292853417,99253.515625
3292896037,99253.703125
3292936227,99252.953125
3292976564,99253.359375
3293016491,99252.656250
3293056171,99253.656250
3293096909,99253.640625
3293136677,99252.390625
3293176904,99251.281250
3293216826,99249.671875
3293256214,99250.859375
3293296170,99251.968750
3293336319,99252.265625
3293377063,99250.671875
3293417635,99251.484375
3293457323,99251.234375
3293498096,99252.765625
3293538097,99251.656250
3293578378,99251.734375
3293618268,99252.281250
3293660691,99252.234375
3293701093,99252.734375
3293741287,99252.171875
3293781956,99251.843750
3293821530,99252.203125
3293862086,99251.328125
3293902735,99250.828125
3293943545,99250.140625
3293984028,99249.953125
3294024738,99251.046875
3294064232,99252.187500
3294104857,99250.265625
3294144151,99250.468750
3294184654,99251.281250
3294227805,99251.859375
3294267402,99253.156250
3294307483,99251.421875
3294347394,99251.875000
3294387793,99251.578125
3294427936,99250.796875
3294467153,99252.671875
3294507850,99252.546875
3294547865,99251.421875
3294587161,99252.890625
3294627247,99251.437500
3294667013,99250.953125
3294707568,99251.203125
3294747016,99251.562500
3294789797,99250.250000
3294829490,99252.093750
3294869002,99251.437500
3294909788,99252.625000
3294949889,99251.250000
3294990533,99250.765625
3295030512,99251.109375
3295070123,99251.078125
3295110794,99250.515625
3295150930,99250.921875
3295190529,99250.984375
3295230500,99251.359375
3295270614,99251.703125
3295310592,99251.156250
3295350769,99252.546875
3295390340,99251.078125
3295430045,99251.093750
3295470701,99251.000000
3295510479,99251.562500
3295554246,99250.968750
3295594180,99251.765625
3295634357,99249.484375
3295674324,99250.765625
3295714764,99251.453125
3295754589,99249.593750
3295794655,99250.703125
3295834747,99251.015625
3295874343,99251.500000
3295914924,99251.375000
3295954185,99250.687500
3295994658,99251.609375
3296034728,99249.187500
3296074072,99251.015625
3296114285,99251.390625
3296154666,99250.796875
3296195116,99249.890625
3296235224,99249.562500
3296275474,99250.015625
3296315153,99250.703125
3296355583,99250.171875
3296396067,99249.656250
3296436168,99249.750000
3296476437,99249.578125
3296520283,99249.125000
3296560786,99249.593750
3296601847,99250.265625
3296642020,99251.562500
3296686588,99252.203125
3296726130,99251.062500
3296766729,99250.890625
3296806215,99250.343750
3296847018,99249.687500
3296887295,99248.500000
3296927240,99249.000000
3296967666,99248.531250
3297007446,99248.234375
3297052648,99249.453125
3297092043,99250.765625
3297132838,99250.312500
3297172154,99247.781250
3297212376,99250.218750
3297252968,99252.484375
3297292369,99251.093750
3297332620,99250.546875
3297372281,99249.343750
3297416039,99248.812500
3297456579,99248.765625
3297496424,99248.937500
3297536441,99249.609375
3297576865,99248.125000
3297616591,99247.484375
3297656325,99247.703125
3297696257,99247.593750
3297737046,99249.140625
3297779930,99248.531250
3297819633,99248.375000
3297859961,99247.234375
3297899366,99247.421875
3297939302,99247.578125
3297979175,99248.453125
3298019567,99251.203125
3298059734,99248.921875
3298099616,99247.046875
3298143474,99245.312500
3298183990,99246.015625
3298223961,99245.671875
3298263513,99246.250000
3298303586,99248.281250
3298343250,99246.890625
3298383931,99245.000000
3298423465,99245.109375
3298463179,99245.765625
3298503296,99246.562500
3298545171,99245.281250
3298585910,99243.687500
3298625535,99244.984375
3298665402,99246.468750
3298705053,99247.921875
3298745563,99245.234375
3298785065,99245.125000
3298825819,99243.281250
3298865302,99244.218750
3298905363,99245.343750
3298946059,99244.203125
3298986850,99244.062500
3299026473,99243.906250
3299066579,99244.062500
3299111897,99246.921875
3299151798,99244.296875
3299191374,99243.921875
3299231357,99243.140625
3299274528,99243.515625
3299314589,99243.828125
3299354755,99243.828125
3299394390,99242.718750
3299434500,99242.046875
3299474693,99242.218750
3299514752,99242.187500
3299554776,99242.781250
3299594083,99243.390625
3299637709,99241.640625
3299677700,99241.609375
3299717688,99240.359375
3299757937,99241.187500
3299797231,99241.234375
3299837535,99241.750000
3299877063,99239.843750
3299917363,99239.125000
3299957823,99239.843750
3299997357,99239.609375
3300037709,99240.156250
3300077040,99240.015625
3300118162,99238.687500
3300158946,99239.468750
3300199581,99238.656250
3300239688,99239.171875
3300279683,99239.968750
3300319483,99238.984375
3300359660,99239.078125
3300399215,99240.140625
3300439355,99239.031250
3300479027,99240.703125
3300519352,99238.125000
3300559159,99236.843750
3300599863,99236.281250
3300639347,99237.671875
3300679708,99237.609375
3300719614,99236.703125
3300759664,99235.890625
3300799550,99235.937500
3300839940,99236.171875
3300879439,99236.828125
3300920013,99236.593750
3300965302,99234.515625
3301005561,99233.687500
3301045278,99234.062500
3301085401,99235.546875
3301125060,99234.906250
3301165940,99234.937500
3301205112,99234.531250
3301245972,99234.171875
3301285101,99234.359375
3301328460,99235.171875
3301368530,99234.453125
3301408987,99233.281250
3301448166,99232.046875
3301488402,99231.609375
3301528536,99233.984375
3301568256,99233.531250
3301608684,99232.593750
3301649033,99229.921875
3301692520,99229.375000
3301732346,99230.593750
3301772051,99230.656250
3301812521,99230.781250
3301852932,99229.468750
3301892302,99227.171875
3301932622,99228.453125
3301972817,99230.140625
3302012073,99230.265625
3302056049,99229.015625
3302096551,99227.843750
3302136154,99225.953125
3302176606,99229.000000
3302221844,99229.859375
3302261854,99228.984375
3302301779,99226.406250
3302341537,99225.093750
3302381815,99227.203125
3302421548,99227.718750
3302461817,99226.875000
3302501144,99226.953125
3302541154,99224.640625
3302581696,99224.796875
3302622685,99226.140625
3302662640,99227.312500
3302702154,99226.296875
3302743117,99223.875000
3302783345,99222.796875
3302823368,99226.609375
3302863300,99227.453125
3302903527,99226.328125
3302943627,99224.015625
3302984092,99222.671875
3303024108,99221.328125
3303064139,99222.671875
3303104009,99224.937500
3303144131,99224.250000
3303188232,99220.375000
3303228287,99220.546875
3303268236,99223.765625
3303308443,99225.375000
3303348661,99224.593750
3303388520,99222.546875
3303428574,99218.984375
3303468491,99221.671875
3303508721,99221.125000
3303548825,99222.500000
3303588462,99220.359375
3303628841,99219.312500
3303668464,99219.390625
3303708184,99221.156250
3303748558,99222.640625
3303788400,99221.531250
3303828378,99219.703125
3303868320,99219.171875
3303908429,99220.375000
3303951605,99221.656250
3303991191,99220.843750
3304031327,99218.484375
3304072938,99218.218750
3304112446,99218.843750
3304153028,99218.312500
3304193405,99219.078125
3304233628,99218.750000
3304273265,99216.250000
3304314780,99218.421875
3304354932,99218.625000
3304394265,99217.859375
3304435192,99218.187500
3304475843,99216.015625
3304515449,99218.390625
3304555539,99215.390625
3304595964,99217.015625
3304635739,99216.000000
3304675458,99214.937500
3304715070,99214.328125
3304755890,99213.546875
3304795238,99213.453125
3304835281,99214.343750
3304875113,99210.656250
3304915208,99212.921875
3304955943,99210.375000
3304995570,99210.968750
3305035097,99213.265625
3305078659,99212.484375
3305118655,99213.250000
3305158775,99212.109375
3305198431,99210.859375
3305238001,99209.546875
3305279280,99208.281250
3305319212,99211.937500
3305359632,99209.140625
3305399234,99210.843750
3305439203,99209.500000
3305480491,99210.250000
3305520845,99211.375000
3305560878,99208.734375
3305600177,99206.578125
3305640108,99207.328125
3305680241,99207.546875
3305720761,99208.531250
3305760252,99207.296875
3305800731,99207.093750
3305840707,99206.640625
3305880818,99204.312500
3305921186,99205.906250
3305961066,99204.953125
3306001382,99204.734375
3306041835,99204.734375
3306081435,99205.437500
3306121192,99204.484375
3306161715,99203.953125
3306201340,99206.031250
3306245044,99203.968750
3306285791,99205.328125
3306325453,99206.437500
3306365150,99204.343750
3306405947,99203.937500
3306445427,99204.484375
3306485040,99205.015625
3306525417,99204.765625
3306565238,99203.109375
3306609128,99205.250000
3306649490,99204.218750
3306689062,99204.046875
3306731022,99203.843750
3306771194,99202.906250
3306811010,99202.312500
3306851473,99200.531250
3306891009,99200.250000
3306931910,99200.484375
3306973720,99198.750000
3307013065,99198.828125
3307053507,99201.468750
3307093865,99200.500000
3307133689,99199.562500
3307174130,99199.343750
3307214579,99197.734375
3307255115,99195.390625
3307295823,99196.953125
3307338399,99197.406250
3307378420,99196.531250
3307418874,99196.906250
3307458856,99195.812500
3307498201,99196.718750
3307538567,99194.828125
3307578310,99193.859375
3307618784,99195.921875
3307658676,99196.625000
3307698449,99197.140625
3307738036,99196.687500
3307778331,99193.578125
3307818783,99193.765625
3307858777,99192.843750
3307898143,99195.859375
3307938465,99194.921875
3307978206,99192.156250
3308018994,99192.593750
3308058632,99191.093750
3308098320,99193.390625
3308138515,99192.640625
3308178395,99193.296875
3308218872,99191.046875
3308258729,99190.671875
3308298133,99192.265625
3308339231,99192.656250
3308379564,99191.953125
3308419194,99189.890625
3308459137,99190.000000
3308499467,99190.421875
3308540075,99192.515625
3308581124,99191.109375
3308622019,99191.234375
3308662687,99190.203125
3308705024,99190.359375
3308745197,99191.984375
3308786716,99191.546875
3308826456,99191.796875
3308867088,99190.046875
3308907058,99190.265625
3308947467,99189.781250
3308987983,99191.859375
3309027482,99190.437500
3309070802,99188.875000
3309110121,99188.671875
3309150653,99190.609375
3309190893,99191.046875
3309230465,99189.015625
3309270488,99187.968750
3309310736,99185.968750
3309350797,99186.937500
3309390134,99188.875000
3309434385,99187.046875
3309474765,99186.578125
3309514856,99186.625000
3309554331,99188.171875
3309594616,99187.328125
3309634294,99185.531250
3309674053,99185.734375
3309714348,99184.312500
3309754153,99182.031250
3309798308,99182.062500
3309839839,99183.890625
3309879692,99183.250000
3309919855,99182.390625
3309963321,99180.625000
3310003751,99178.546875
3310044078,99180.203125
3310084445,99179.703125
3310127684,99179.578125
3310167076,99178.687500
3310207857,99178.421875
3310247662,99177.953125
3310288667,99179.687500
3310328600,99179.640625
3310368641,99180.203125
3310409136,99180.437500
3310449235,99179.718750
3310493061,99178.953125
3310534117,99178.453125
3310574075,99178.359375
3310614575,99178.828125
3310658881,99177.937500
3310698076,99177.140625
3310738519,99178.187500
3310778536,99177.750000
3310819073,99177.937500
3310859920,99175.203125
3310899786,99175.406250
3310939367,99176.484375
3310979190,99177.531250
3311019784,99176.796875
3311059746,99176.390625
3311099314,99177.531250
3311139513,99175.687500
3311179022,99175.453125
3311219820,99176.296875
3311259534,99175.640625
3311299077,99174.140625
3311339348,99174.781250
3311379421,99174.578125
3311419073,99173.578125
3311459920,99174.750000
3311499461,99173.968750
3311539308,99172.656250
3311579988,99172.015625
3311619617,99171.828125
3311659309,99172.156250
3311699793,99170.750000
3311739807,99171.046875
3311779895,99170.921875
3311819291,99170.406250
3311859183,99169.359375
3311899537,99172.171875
3311939411,99171.328125
3311979218,99171.359375
3312019734,99171.984375
3312059494,99172.406250
3312099783,99171.703125
3312139673,99171.890625
3312179145,99170.453125
3312219893,99170.796875
3312259326,99171.453125
3312299001,99172.109375
3312339449,99171.640625
3312379559,99169.000000
3312419220,99170.062500
3312459763,99167.921875
3312499426,99170.000000
3312539458,99169.843750
3312579006,99165.625000
3312619830,99163.812500
3312659182,99164.765625
3312699527,99164.328125
3312740069,99162.718750
3312780908,99162.781250
3312824179,99162.156250
3312864741,99162.890625
3312904753,99163.281250
3312944901,99163.125000
3312984728,99162.984375
3313024758,99163.203125
3313064143,99162.953125
3313104116,99163.156250
3313144350,99162.390625
3313184208,99164.453125
3313225409,99163.812500
3313265657,99163.156250
3313305657,99162.859375
3313345793,99163.515625
3313385735,99160.703125
3313425305,99159.234375
3313465707,99159.406250
3313505361,99159.375000
3313545731,99158.781250
3313588440,99157.750000
3313628062,99155.984375
3313668712,99155.921875
3313708490,99159.093750
3313748404,99158.531250
3313788420,99158.906250
3313828938,99161.000000
3313868347,99160.484375
3313908760,99158.671875
3313948868,99160.046875
3313988684,99158.140625
3314028060,99158.609375
3314068673,99157.609375
3314108146,99156.578125
3314148287,99155.453125
3314189269,99155.843750
3314229787,99155.968750
3314269110,99155.718750
3314309116,99155.062500
3314349795,99154.250000
3314389900,99153.906250
3314429294,99154.453125
3314469716,99152.593750
3314509072,99151.687500
3314549572,99152.609375
3314590522,99151.671875
3314631116,99151.718750
3314671061,99150.468750
3314711339,99150.515625
3314751077,99151.468750
3314792341,99153.718750
3314832956,99150.421875
3314872621,99152.296875
3314912624,99151.578125
3314952011,99152.968750
3314992991,99151.531250
3315032496,99150.187500
3315072162,99149.203125
3315112080,99150.921875
3315152445,99150.140625
3315192467,99151.593750
3315232212,99149.703125
3315272514,99148.546875
3315312462,99147.812500
3315352844,99146.640625
3315392017,99148.515625
3315432947,99147.296875
3315472407,99148.515625
3315512292,99145.609375
3315552123,99145.984375
3315592742,99145.250000
3315632512,99144.687500
3315672222,99144.406250
3315712876,99145.421875
3315752084,99148.468750
3315793229,99145.062500
3315833968,99145.265625
3315873301,99147.062500
3315913239,99147.562500
3315953023,99145.468750
3315993637,99146.531250
3316033480,99147.453125
3316073674,99148.203125
3316113080,99148.109375
3316159448,99146.984375
3316199072,99146.109375
3316239000,99145.640625
3316279390,99146.218750
3316323437,99145.515625
3316364141,99143.921875
3316404895,99145.890625
3316444963,99145.828125
3316484281,99144.531250
3316524340,99142.203125
3316564021,99142.093750
3316604507,99142.218750
3316644518,99140.265625
3316686636,99142.625000
3316726706,99143.203125
3316766645,99141.031250
3316806418,99139.906250
3316846471,99139.281250
3316886003,99141.375000
3316926398,99141.812500
3316967254,99143.687500
3317007774,99142.343750
3317050282,99138.843750
3317090076,99142.453125
3317130416,99141.984375
3317170643,99139.609375
3317210530,99138.828125
3317250926,99138.171875
3317290123,99137.359375
3317330724,99139.265625
3317370964,99139.281250
3317414518,99138.703125
3317454514,99137.500000
3317494041,99137.734375
3317534606,99136.937500
3317574144,99137.296875
3317614519,99134.437500
3317654799,99136.703125
3317694667,99134.703125
3317734951,99135.437500
3317774594,99136.046875
3317814901,99134.937500
3317855112,99135.062500
3317895015,99134.406250
3317935814,99134.125000
3317978549,99134.671875
3318018722,99136.500000
3318058689,99135.781250
3318098219,99134.031250
3318138188,99135.687500
3318178857,99136.125000
3318219008,99136.593750
3318259037,99135.234375
3318299208,99131.921875
3318341890,99133.468750
3318381078,99132.031250
3318421757,99133.953125
3318461124,99132.078125
3318501222,99130.234375
3318541985,99129.156250
3318581265,99130.109375
3318621660,99130.562500
3318661277,99130.531250
3318701194,99128.750000
3318741021,99127.546875
3318781383,99130.140625
3318822041,99129.390625
3318862846,99129.750000
3318904729,99129.078125
3318944764,99128.812500
3318984375,99129.328125
3319024846,99128.281250
3319065802,99130.421875
3319105047,99129.187500
3319145085,99129.781250
3319185520,99129.218750
3319225085,99129.843750
3319270608,99129.937500
3319310613,99131.109375
3319350816,99129.953125
3319390444,99130.906250
3319431013,99130.640625
3319471813,99130.203125
3319511256,99130.062500
3319551085,99131.031250
3319591590,99131.187500
3319631342,99130.093750
3319671233,99131.218750
3319711455,99131.921875
3319751116,99130.906250
3319791035,99130.984375
3319831920,99130.718750
3319871846,99129.296875
3319911572,99129.859375
3319951193,99129.484375
3319991701,99130.750000
3320035007,99130.687500
3320075148,99130.453125
3320115165,99128.921875
3320155627,99129.359375
3320195231,99130.296875
3320235333,99128.968750
3320275503,99128.734375
3320315592,99128.390625
3320355189,99128.296875
3320398371,99128.171875
3320438018,99127.875000
3320479147,99129.234375
3320519770,99127.859375
3320562837,99127.046875
3320602126,99127.687500
3320642027,99128.250000
3320683677,99127.875000
3320723091,99128.921875
3320763614,99128.578125
3320803514,99128.953125
3320843511,99127.859375
3320884252,99127.750000
3320927529,99127.968750
3320967482,99128.656250
3321007942,99127.984375
3321048054,99128.218750
3321088141,99128.046875
3321128902,99128.687500
3321168645,99127.250000
3321208198,99126.843750
3321248283,99127.937500
3321290949,99128.718750
3321330779,99127.781250
3321370546,99127.375000
3321410099,99128.062500
3321450212,99128.546875
3321491121,99127.250000
3321531306,99127.765625
3321571249,99127.562500
3321612000,99128.125000
3321652130,99126.640625
3321692456,99127.375000
3321732022,99127.156250
3321774122,99126.921875
3321814919,99126.625000
3321854227,99127.046875
3321894224,99126.781250
3321934498,99125.843750
3321974273,99127.906250
3322014516,99128.000000
3322054760,99126.031250
3322094642,99126.890625
3322134161,99126.406250
3322175082,99124.781250
3322215334,99125.312500
3322255528,99126.031250
3322295427,99125.500000
3322336078,99124.906250
3322377392,99125.640625
3322417248,99124.843750
3322459226,99125.796875
3322499840,99125.250000
3322539462,99124.984375
3322579958,99125.359375
3322619704,99125.203125
3322659114,99125.218750
3322699142,99125.281250
3322739028,99125.375000
3322779506,99123.312500
3322819509,99124.171875
3322859266,99124.140625
3322899265,99123.468750
3322940067,99123.484375
3322980789,99122.734375
3323023836,99122.015625
3323063012,99121.531250
3323103547,99123.562500
3323143185,99123.421875
3323184400,99122.937500
3323224709,99122.718750
3323264121,99121.546875
3323304334,99122.937500
3323344489,99122.890625
3323385249,99123.000000
3323426114,99122.125000
3323466441,99121.734375
3323506496,99122.265625
3323546331,99122.515625
3323588973,99122.046875
3323629193,99121.187500
3323669460,99121.234375
3323709317,99120.593750
3323749910,99120.968750
3323789485,99119.859375
3323830039,99121.281250
3323870371,99120.718750
3323910086,99120.031250
3323952813,99119.921875
3323992302,99119.812500
3324032508,99119.593750
3324072769,99118.328125
3324112712,99119.343750
3324153013,99117.875000
3324193150,99118.203125
3324233306,99118.421875
3324273573,99117.265625
3324315158,99117.484375
3324356096,99116.312500
3324396495,99114.265625
3324437014,99115.578125
3324481216,99117.406250
3324521377,99118.515625
3324562094,99116.265625
3324602565,99116.359375
3324646088,99115.406250
3324686444,99117.093750
3324726235,99116.390625
3324766426,99117.593750
3324806295,99117.109375
3324846616,99116.546875
3324886048,99116.375000
3324926404,99115.484375
3324966044,99114.796875
3325010415,99114.000000
3325050543,99114.187500
3325090525,99113.984375
3325130617,99114.203125
3325170745,99114.500000
3325210320,99114.656250
3325250463,99116.140625
3325290049,99114.578125
3325330190,99114.515625
3325370886,99114.375000
3325410720,99115.156250
3325450868,99115.125000
3325490501,99114.687500
3325530775,99113.062500
3325573878,99113.859375
3325613611,99114.890625
3325653737,99114.437500
3325693416,99113.640625
3325734994,99113.656250
3325774559,99113.671875
3325814615,99115.203125
3325854837,99115.218750
3325894700,99113.843750
3325939303,99111.015625
3325979527,99111.781250
3326019873,99112.093750
3326060135,99113.140625
3326102890,99113.390625
3326142347,99112.046875
3326183076,99112.468750
3326223938,99112.000000
3326263092,99111.843750
3326303048,99113.000000
3326343519,99112.453125
3326383254,99112.046875
3326423840,99111.828125
3326463249,99111.968750
3326503476,99112.687500
3326543731,99111.937500
3326583633,99110.593750
3326624121,99109.750000
3326666940,99110.171875
3326706844,99110.421875
3326747030,99111.062500
3326787994,99110.593750
3326828052,99110.078125
3326868652,99110.578125
3326908713,99109.328125
3326948843,99110.953125
3326988643,99109.687500
3327031667,99108.750000
3327071911,99109.062500
3327111869,99107.750000
3327151643,99108.484375
3327192020,99107.234375
3327232364,99107.484375
3327272622,99107.546875
3327312530,99108.390625
3327352327,99107.531250
3327396384,99107.781250
3327436342,99106.859375
3327476666,99106.734375
3327516771,99106.765625
3327556044,99107.000000
3327597013,99106.156250
3327637016,99105.703125
3327677279,99106.515625
3327717231,99106.046875
3327761175,99105.390625
3327802031,99105.140625
3327842471,99104.421875
3327884552,99104.890625
3327925858,99105.859375
3327965699,99105.234375
3328006088,99106.281250
3328047111,99105.046875
3328087871,99103.968750
3328127506,99103.343750
3328167060,99102.609375
3328207463,99103.359375
3328247051,99102.937500
3328287871,99103.656250
3328327736,99102.953125
3328367842,99102.093750
3328407114,99100.109375
3328448154,99099.468750
3328491456,99099.015625
3328531256,99101.593750
3328571762,99100.312500
3328611270,99100.359375
3328651441,99098.984375
3328691122,99099.343750
3328731067,99100.968750
3328771109,99101.359375
3328811900,99100.593750
3328855622,99098.703125
3328896399,99099.968750
3328936600,99100.765625
3328977101,99099.984375
3329017528,99099.140625
3329057217,99098.968750
3329097685,99098.718750
3329137406,99099.546875
3329177300,99097.328125
3329217678,99099.093750
3329257027,99099.578125
3329297550,99099.859375
3329337303,99099.234375
3329378091,99098.812500
3329418502,99098.578125
3329459057,99096.625000
3329499569,99098.046875
3329539735,99098.921875
3329579681,99096.734375
3329619121,99095.921875
3329659959,99094.812500
3329699306,99094.781250
3329739334,99095.265625
3329779224,99095.546875
3329819127,99095.312500
3329859666,99094.125000
3329899255,99094.765625
3329939008,99093.187500
3329979747,99094.625000
3330022549,99094.906250
3330062823,99093.921875
3330102079,99092.687500
3330142097,99092.406250
3330182266,99092.984375
3330222184,99091.875000
3330262501,99092.500000
3330302045,99092.453125
3330342323,99090.406250
3330382322,99090.468750
3330422485,99091.562500
3330462810,99089.750000
3330502400,99090.500000
3330542814,99089.984375
3330586413,99088.250000
3330626476,99089.781250
3330666828,99088.765625
3330706468,99090.156250
3330746210,99090.656250
3330786576,99088.078125
3330826593,99088.140625
3330866024,99087.203125
3330906664,99088.156250
3330946167,99088.265625
3330987151,99087.625000
3331028083,99086.140625
3331068362,99086.140625
3331108372,99088.390625
3331148470,99088.578125
3331188214,99087.750000
3331228821,99085.687500
3331268256,99084.078125
3331308481,99083.984375
3331348610,99086.578125
3331388135,99087.703125
3331429089,99084.703125
3331469412,99084.718750
3331509418,99083.031250
3331549067,99083.843750
3331589402,99086.562500
3331629624,99084.640625
3331669884,99084.625000
3331709728,99081.343750
3331749230,99083.750000
3331789876,99085.187500
3331830032,99085.953125
3331870316,99083.953125
3331910532,99083.046875
3331950678,99081.562500
3331990480,99081.421875
3332030069,99084.562500
3332070670,99084.000000
3332110803,99081.875000
3332150044,99079.250000
3332190464,99080.203125
3332230318,99083.312500
3332270679,99082.718750
3332310245,99083.000000
3332350398,99079.765625
3332390516,99077.500000
3332430361,99080.421875
3332470625,99082.484375
3332510958,99081.546875
3332554325,99080.515625
3332594760,99077.906250
3332634117,99078.359375
3332674441,99079.031250
3332714355,99078.125000
3332755358,99077.406250
3332795749,99075.781250
3332835274,99076.093750
3332875574,99075.484375
3332918388,99077.125000
3332958250,99076.765625
3332998492,99075.437500
3333038517,99074.875000
3333078848,99075.281250
3333118573,99074.453125
3333159043,99075.906250
3333199281,99075.750000
3333239293,99075.250000
3333279552,99073.546875
3333319252,99073.984375
3333359116,99073.468750
3333399368,99075.750000
3333439159,99072.968750
3333479772,99073.000000
3333519219,99072.671875
3333560112,99071.843750
3333600399,99072.265625
3333640843,99071.843750
3333685713,99072.437500
3333725666,99072.000000
3333766073,99072.328125
3333808095,99070.500000
3333848870,99071.203125
3333888826,99070.625000
3333928022,99070.140625
3333969039,99069.453125
3334014069,99069.046875
3334054982,99069.640625
3334094729,99068.000000
3334134407,99069.531250
3334174170,99067.890625
3334214804,99068.625000
3334254587,99067.078125
3334294614,99067.656250
3334334579,99069.203125
3334374109,99067.453125
3334415052,99066.906250
3334455769,99066.000000
3334495768,99067.078125
3334535468,99066.906250
3334575703,99067.187500
3334615461,99065.859375
3334655610,99066.078125
3334695710,99066.031250
3334735181,99066.765625
3334775509,99067.312500
3334815303,99068.203125
3334855381,99067.406250
3334895441,99065.625000
3334935208,99063.781250
3334975359,99064.093750
3335015966,99064.734375
3335055761,99064.703125
3335095826,99062.625000
3335135157,99064.453125
3335175282,99066.890625
3335216205,99068.718750
3335256039,99070.609375
3335296968,99070.140625
3335336312,99068.187500
3335376485,99067.312500
3335417157,99067.937500
3335458116,99069.390625
3335498147,99069.796875
3335538285,99068.531250
3335578121,99065.906250
3335618833,99068.031250
3335658936,99071.078125
3335699027,99070.906250
3335739346,99068.921875
3335782729,99066.750000
3335822522,99066.656250
3335862073,99068.203125
3335902261,99069.343750
3335942097,99068.953125
3335982118,99064.796875
3336023074,99065.906250
3336064690,99068.093750
3336104607,99066.515625
3336147331,99066.421875
3336187530,99066.984375
3336227914,99065.531250
3336267935,99065.906250
3336307731,99067.546875
3336347281,99066.546875
3336387473,99065.875000
3336428104,99062.906250
3336468123,99064.171875
3336511105,99063.406250
3336551508,99064.312500
3336591668,99063.828125
3336631261,99062.828125
3336671293,99062.203125
3336711464,99062.578125
3336751856,99063.671875
3336792008,99061.125000
3336833046,99061.468750
3336874785,99061.093750
3336914458,99060.765625
3336954209,99062.656250
3336994022,99061.937500
3337038647,99061.921875
3337078680,99062.171875
3337119430,99059.953125
3337159273,99061.328125
3337199595,99062.390625
3337239901,99062.296875
3337279101,99061.859375
3337319216,99060.062500
3337359627,99060.203125
3337399945,99061.437500
3337439183,99061.828125
3337479493,99059.687500
3337519639,99057.953125
3337559339,99056.531250
3337599419,99057.375000
3337639724,99058.125000
3337680015,99057.546875
3337721084,99057.375000
3337761455,99055.625000
3337801107,99055.640625
3337841758,99057.484375
3337882059,99056.921875
3337922530,99056.218750
3337962053,99055.625000
3338004076,99056.468750
3338044461,99056.484375
3338085374,99056.703125
3338125601,99058.156250
3338168259,99057.359375
3338208693,99054.328125
3338249029,99054.640625
3338289030,99056.281250
3338329454,99056.859375
3338369271,99056.296875
3338409978,99054.671875
3338449025,99053.015625
3338490099,99052.703125
3338530800,99052.843750
3338571649,99053.859375
3338612086,99053.359375
3338652391,99051.828125
3338692656,99051.718750
3338732499,99052.156250
3338772337,99051.687500
3338812801,99051.453125
3338852724,99052.765625
3338892645,99052.265625
3338932283,99050.812500
3338972999,99050.171875
3339012362,99051.046875
3339052065,99050.703125
3339095659,99052.593750
3339135167,99052.328125
3339176008,99051.718750
3339216318,99051.000000
3339256764,99051.093750
3339296179,99050.390625
3339336450,99050.484375
3339376397,99050.140625
3339416712,99049.281250
3339460686,99049.859375
3339500888,99049.046875
3339540027,99048.468750
3339580571,99048.015625
3339620327,99048.421875
3339660444,99050.531250
3339700492,99050.640625
3339740133,99049.750000
3339780098,99049.093750
3339825964,99048.375000
3339865959,99047.625000
3339905874,99049.187500
3339945765,99048.296875
3339985472,99048.156250
3340025964,99048.031250
3340065347,99047.406250
3340105234,99048.359375
3340145367,99049.156250
3340185958,99047.734375
3340226407,99047.468750
3340266958,99047.828125
3340306775,99048.781250
3340346385,99047.515625
3340386328,99049.187500
3340427646,99047.843750
3340467250,99047.546875
3340507945,99046.984375
3340547730,99047.703125
3340590250,99048.828125
3340631077,99048.078125
3340671975,99046.281250
3340711247,99045.921875
3340751307,99046.828125
3340792013,99046.593750
3340832777,99047.750000
3340872773,99047.625000
3340912634,99048.093750
3340952666,99044.187500
3340992888,99045.843750
3341032848,99045.515625
3341072350,99046.906250
3341112230,99046.578125
3341152267,99046.203125
3341192206,99045.343750
3341232191,99044.046875
3341272799,99046.015625
3341312722,99048.093750
3341352177,99049.062500
3341392683,99049.093750
3341432695,99048.968750
3341472163,99047.765625
3341512163,99048.875000
3341552844,99049.437500
3341592430,99049.921875
3341632274,99049.187500
3341672107,99048.890625
3341712748,99049.062500
3341752452,99049.296875
3341792934,99049.203125
3341832782,99049.203125
3341872919,99048.171875
3341912585,99047.203125
3341952258,99048.125000
3341992461,99050.656250
3342033499,99051.343750
3342073357,99050.906250
3342117231,99048.406250
3342157287,99049.921875
3342197104,99051.718750
3342238026,99051.421875
3342285430,99050.734375
3342325030,99048.578125
3342365387,99049.015625
3342405729,99051.781250
3342447032,99052.203125
3342487046,99050.968750
3342527323,99050.015625
3342567544,99049.906250
3342607443,99050.296875
3342647617,99053.109375
3342687662,99053.828125
3342727531,99052.109375
3342767195,99049.546875
3342807985,99050.953125
3342847552,99055.906250
3342887364,99056.046875
3342928089,99054.703125
3342968161,99053.515625
3343011231,99053.234375
3343051561,99051.984375
3343092135,99057.265625
3343132538,99055.875000
3343172397,99054.671875
3343212691,99052.609375
3343252768,99053.015625
3343292473,99053.593750
3343332858,99055.656250
3343374432,99053.281250
3343414815,99052.984375
3343454176,99053.531250
3343494876,99053.859375
3343536023,99054.906250
3343576366,99055.156250
3343616181,99056.234375
3343656542,99056.531250
3343696303,99056.765625
3343736892,99055.875000
3343776187,99055.593750
3343816848,99057.343750
3343856617,99058.156250
3343896388,99055.750000
3343941068,99054.546875
3343981602,99056.156250
3344021095,99055.234375
3344061689,99058.093750
3344101326,99054.687500
3344141406,99055.484375
3344181052,99054.781250
3344221051,99057.093750
3344261790,99056.875000
3344301437,99058.187500
3344341705,99057.359375
3344381294,99055.000000
3344421315,99057.765625
3344461756,99059.171875
3344501427,99060.828125
3344542675,99057.703125
3344582328,99056.171875
3344622416,99060.156250
3344662154,99061.671875
3344702014,99061.390625
3344743048,99058.093750
3344783332,99056.015625
3344823541,99056.078125
3344863356,99060.875000
3344903284,99064.187500
3344943648,99063.828125
3344983324,99059.875000
3345023427,99055.703125
3345063006,99057.390625
3345103830,99059.609375
3345143280,99062.500000
3345183184,99059.656250
3345223901,99059.281250
3345263525,99058.000000
3345306779,99061.734375
3345346508,99063.187500
3345386622,99062.812500
3345426487,99060.125000
3345466041,99058.234375
3345506183,99060.296875
3345546235,99062.703125
3345586365,99063.328125
3345627119,99062.953125
3345670206,99062.640625
3345710104,99061.656250
3345750347,99065.171875
3345790511,99066.015625
3345830372,99066.281250
3345870798,99067.390625
3345910941,99063.812500
3345950089,99065.296875
3345990583,99066.000000
3346034569,99065.734375
3346074062,99064.578125
3346114925,99062.343750
3346154418,99063.390625
3346195011,99063.062500
3346235128,99062.609375
3346275612,99062.390625
3346315471,99063.375000
3346355836,99062.687500
3346399152,99062.500000
3346439733,99066.187500
3346479493,99066.640625
3346519966,99066.875000
3346559678,99066.718750
3346599780,99065.796875
3346639362,99068.031250
3346680052,99070.546875
3346720885,99069.281250
3346763270,99066.046875
3346803708,99065.484375
3346843188,99065.531250
3346883366,99067.718750
3346923296,99067.328125
3346963376,99064.671875
3347003191,99063.921875
3347043795,99064.937500
3347083118,99066.828125
3347123874,99065.265625
3347163427,99065.734375
3347203510,99064.968750
3347243032,99067.875000
3347283598,99066.468750
3347326409,99068.437500
3347366337,99067.015625
3347406317,99067.875000
3347447896,99065.859375
3347491590,99067.703125
3347531160,99067.875000
3347571680,99068.093750
3347612106,99066.875000
3347652491,99066.515625
3347692142,99064.671875
3347732160,99064.640625
3347772460,99068.906250
3347812020,99068.125000
3347852368,99066.343750
3347892825,99066.093750
3347932543,99068.312500
3347972118,99067.703125
3348012551,99067.093750
3348052946,99068.015625
3348092556,99068.093750
3348132154,99068.828125
3348172569,99067.765625
3348212727,99067.984375
3348252237,99067.234375
3348292888,99069.000000
3348332449,99067.984375
3348372006,99066.468750
3348412756,99067.171875
3348452096,99068.812500
3348492949,99068.656250
3348532259,99068.765625
3348572510,99067.796875
3348612343,99068.078125
3348652598,99067.750000
3348692342,99067.640625
3348732286,99068.531250
3348772602,99069.062500
3348812466,99068.968750
3348857193,99070.015625
3348897419,99068.515625
3348938014,99070.718750
3348978466,99070.343750
3349018802,99067.765625
3349058598,99069.000000
3349098943,99071.531250
3349138286,99073.765625
3349178796,99074.703125
3349219135,99070.515625
3349260179,99071.218750
3349300466,99071.265625
3349340639,99072.328125
3349380597,99073.187500
3349420430,99069.765625
3349460157,99069.203125
3349500497,99069.343750
3349540925,99069.968750
3349580133,99071.218750
3349620499,99069.562500
3349660301,99070.265625
3349700905,99071.578125
3349740689,99071.578125
3349780520,99072.546875
3349824416,99070.843750
3349864176,99071.109375
3349904375,99073.312500
3349944428,99075.718750
3349984037,99077.000000
3350026176,99071.093750
3350066288,99068.500000
3350107095,99072.765625
3350148124,99074.046875
3350190840,99074.140625
3350230635,99069.796875
3350271032,99068.328125
3350311922,99070.765625
3350351358,99070.453125
3350391949,99071.671875
3350431531,99072.609375
3350472019,99071.828125
3350512888,99070.546875
3350552741,99071.531250
3350592450,99074.000000
3350633152,99073.031250
3350673607,99069.593750
3350713754,99070.890625
3350753591,99074.906250
3350793275,99077.390625
3350833158,99076.234375
3350873585,99072.093750
3350913844,99070.062500
3350953098,99071.203125
3350993779,99075.421875
3351033360,99075.062500
3351073764,99072.984375
3351113541,99071.906250
3351153214,99071.609375
3351194170,99072.640625
3351235018,99073.687500
3351275505,99073.656250
3351315227,99073.218750
3351356072,99071.718750
3351396165,99071.953125
3351436660,99073.375000
3351476028,99074.500000
3351516885,99075.000000
3351556774,99074.437500
3351596863,99073.046875
3351636190,99070.843750
3351676715,99071.093750
3351716554,99073.515625
3351756629,99074.406250
3351796503,99073.796875
3351836767,99073.703125
3351876406,99074.328125
3351916689,99073.203125
3351962253,99074.359375
3352002778,99074.078125
3352043023,99073.031250
3352083516,99073.265625
3352123110,99074.125000
3352163475,99074.218750
3352203337,99074.609375
3352243588,99074.000000
3352284021,99072.906250
3352326876,99072.140625
3352366640,99072.921875
3352406717,99071.328125
3352447001,99072.500000
3352487542,99072.843750
3352527402,99073.328125
3352567319,99075.921875
3352607409,99074.500000
3352647722,99074.062500
3352687502,99074.609375
3352727662,99072.625000
3352768205,99074.953125
3352808819,99073.437500
3352848195,99076.015625
3352893469,99075.468750
3352933249,99074.562500
3352973106,99072.328125
3353013593,99073.140625
3353053350,99073.843750
3353093491,99073.296875
3353133089,99074.218750
3353173670,99074.453125
3353214105,99072.828125
3353257057,99073.375000
3353297536,99073.921875
3353337489,99073.093750
3353377028,99073.843750
3353418084,99073.937500
3353458603,99075.093750
3353498877,99076.687500
3353539013,99077.328125
3353579046,99076.109375
3353621378,99076.468750
3353661374,99075.562500
3353701816,99073.968750
3353741124,99073.578125
3353781270,99074.437500
3353822085,99074.656250
3353863117,99074.296875
3353903703,99076.500000
3353944023,99077.609375
3353984316,99076.156250
3354024714,99074.578125
3354064531,99075.843750
3354104816,99076.125000
3354144148,99076.843750
3354184086,99076.593750
3354224000,99074.812500
3354264916,99075.109375
3354304136,99076.765625
3354344538,99077.531250
3354384140,99076.765625
3354424263,99077.437500
3354464005,99074.437500
3354504253,99075.265625
3354548066,99074.656250
3354588398,99078.406250
3354628270,99078.671875
3354668051,99078.593750
3354708204,99076.750000
3354748933,99075.625000
3354788617,99075.406250
3354829056,99075.984375
3354870597,99076.453125
3354910470,99077.500000
3354950754,99077.500000
3354990572,99075.796875
3355030711,99077.078125
3355071120,99076.953125
3355111835,99078.156250
3355152020,99076.484375
3355192417,99076.218750
3355232663,99074.734375
3355274505,99075.515625
3355314826,99072.484375
3355355077,99071.796875
3355395218,99073.062500
3355435411,99074.593750
3355476085,99075.296875
3355516127,99076.968750
3355556771,99075.515625
3355596359,99071.906250
3355640349,99070.593750
3355680015,99074.390625
3355721533,99079.328125
3355761730,99078.984375
3355801357,99077.687500
3355841802,99074.234375
3355881537,99073.562500
3355921807,99074.156250
3355961821,99076.921875
3356004463,99077.921875
3356044598,99078.484375
3356084758,99076.671875
3356124003,99076.875000
3356165051,99078.750000
3356205368,99080.375000
3356245547,99077.968750
3356286085,99077.640625
3356326110,99077.750000
3356369523,99078.531250
3356409580,99079.640625
3356450100,99080.468750
3356491087,99078.453125
3356535259,99078.546875
3356575817,99078.140625
3356615435,99078.515625
3356655089,99078.421875
3356695191,99077.718750
3356735648,99077.906250
3356775987,99078.531250
3356815800,99078.593750
3356855991,99079.937500
3356895362,99080.890625
3356935135,99081.171875
3356976405,99081.000000
3357016595,99080.046875
3357056181,99079.687500
3357098417,99080.421875
3357138045,99080.578125
3357178855,99078.953125
3357218484,99076.593750
3357258400,99077.562500
3357298579,99078.750000
3357338157,99080.000000
3357378304,99078.453125
3357418767,99077.546875
3357458663,99077.406250
3357498506,99078.765625
3357538096,99078.437500
3357578671,99077.265625
3357618310,99078.000000
3357662317,99078.000000
3357702338,99079.109375
3357742127,99077.687500
3357782602,99076.203125
3357822180,99077.421875
3357864096,99079.718750
3357904476,99078.453125
3357944099,99077.109375
3357985030,99076.406250
3358025109,99077.687500
3358065524,99077.656250
3358105403,99077.609375
3358145725,99078.046875
3358185701,99078.625000
3358225187,99079.437500
3358265845,99079.000000
3358305768,99078.593750
3358345121,99078.078125
3358385151,99078.265625
3358425505,99076.578125
3358465061,99078.125000
3358505855,99077.859375
3358545620,99076.156250
3358585704,99079.390625
3358625507,99080.156250
3358665671,99079.625000
3358705542,99076.765625
3358745033,99077.343750
3358785067,99079.859375
3358825350,99080.093750
3358865493,99079.765625
3358905676,99079.921875
3358945424,99080.000000
3358986666,99081.250000
3359027053,99081.015625
3359067165,99080.000000
3359107051,99080.453125
3359147366,99081.218750
3359187343,99079.562500
3359227423,99081.609375
3359267044,99079.406250
3359308048,99079.703125
3359348343,99077.953125
3359390893,99079.453125
3359431964,99079.343750
3359471793,99078.593750
3359511476,99079.218750
3359552113,99079.078125
3359592428,99077.906250
3359632571,99080.062500
3359672374,99079.250000
3359712065,99079.187500
3359752712,99078.437500
3359792141,99079.218750
3359833146,99079.875000
3359873638,99079.843750
3359913911,99079.156250
3359955804,99077.734375
3359995824,99080.453125
3360035023,99079.687500
3360075362,99078.515625
3360115282,99078.203125
3360157872,99078.000000
3360197670,99077.875000
3360237693,99079.968750
3360277975,99079.593750
3360317342,99078.546875
3360358138,99080.140625
3360398570,99080.718750
3360438576,99080.375000
3360478893,99080.593750
3360518568,99081.125000
3360558084,99082.156250
3360598142,99081.968750
3360639082,99081.750000
3360679392,99080.312500
3360719237,99081.578125
3360759912,99081.453125
3360799696,99082.750000
3360839737,99080.312500
3360880004,99080.078125
3360922450,99079.609375
3360962652,99080.453125
3361002360,99080.421875
3361042524,99080.078125
3361082208,99081.343750
3361122155,99082.000000
3361162428,99080.500000
3361202412,99082.062500
3361242829,99082.578125
3361283600,99081.421875
3361323530,99083.578125
3361363747,99081.656250
3361403147,99082.046875
3361443612,99082.984375
3361488913,99080.875000
3361528361,99079.953125
3361569109,99078.156250
3361609176,99078.265625
3361653231,99081.734375
3361693292,99082.156250
3361733612,99079.265625
3361773882,99078.937500
3361813707,99080.453125
3361853940,99082.875000
3361893933,99081.906250
3361934113,99082.984375
3361974391,99081.234375
3362015754,99082.546875
3362055396,99082.781250
3362095298,99082.187500
3362136038,99082.437500
3362176338,99080.609375
3362216586,99081.734375
3362256290,99082.250000
3362296287,99081.703125
3362336168,99080.421875
3362379625,99079.593750
3362419264,99080.546875
3362459597,99080.218750
3362499427,99081.171875
3362540557,99081.171875
3362580122,99081.671875
3362620408,99081.078125
3362660938,99081.546875
3362700693,99081.937500
3362745010,99084.765625
3362785228,99083.953125
3362825418,99082.093750
3362865307,99082.906250
3362905267,99083.062500
3362945740,99084.187500
3362985843,99084.734375
3363025795,99082.343750
3363065464,99081.593750
3363108892,99082.046875
3363148060,99082.609375
3363188065,99082.140625
3363228345,99081.031250
3363268129,99081.156250
3363309227,99082.531250
3363349722,99083.234375
3363389517,99080.968750
3363429625,99078.765625
3363469462,99078.968750
3363509303,99080.609375
3363549550,99082.125000
3363589788,99081.875000
3363629239,99083.937500
3363673183,99083.859375
3363713130,99084.593750
3363753164,99083.296875
3363794033,99082.968750
3363834265,99083.546875
3363874524,99084.296875
3363914639,99085.796875
3363954015,99084.921875
3363994713,99083.953125
3364036454,99084.375000
3364076764,99086.078125
3364116709,99083.734375
3364156753,99082.343750
3364196882,99081.968750
3364236749,99081.890625
3364277014,99083.593750
3364317599,99082.453125
3364357772,99083.218750
3364399657,99082.421875
3364439060,99081.031250
3364480085,99082.187500
3364520538,99082.718750
3364560073,99084.921875
3364600847,99084.578125
3364640320,99084.359375
3364680454,99085.453125
3364720251,99086.093750
3364760899,99085.828125
3364800036,99085.187500
3364840491,99085.218750
3364881008,99084.390625
3364922053,99086.187500
3364963906,99085.453125
3365003088,99084.062500
3365043621,99083.109375
3365083499,99084.078125
3365123242,99084.328125
3365163708,99083.531250
3365203182,99082.968750
3365243309,99082.031250
3365283781,99081.750000
3365326571,99083.953125
3365366783,99083.937500
3365406385,99083.125000
3365446421,99082.984375
3365486030,99083.515625
3365526145,99086.281250
3365566367,99087.156250
3365606774,99084.968750
3365646498,99084.125000
3365686375,99086.062500
3365726817,99085.968750
3365766322,99086.125000
3365806525,99084.187500
3365846546,99083.609375
3365890094,99083.593750
3365930256,99083.953125
3365970546,99083.812500
3366010733,99082.453125
3366050757,99082.218750
3366090215,99083.953125
3366131029,99082.421875
3366171306,99082.859375
3366211171,99083.515625
3366255060,99084.062500
3366296033,99084.046875
3366336563,99083.031250
3366376843,99084.203125
3366416051,99084.703125
3366456980,99086.109375
3366496108,99083.734375
3366536646,99082.781250
3366576483,99082.812500
3366619219,99083.718750
3366659798,99085.046875
3366699989,99085.750000
3366739727,99084.828125
3366779594,99084.796875
3366819470,99085.343750
3366859010,99086.281250
3366899963,99085.609375
3366939861,99083.296875
3366982613,99082.812500
3367022667,99082.062500
3367063154,99085.531250
3367103922,99085.640625
3367143288,99084.718750
3367183198,99084.203125
3367223584,99083.625000
3367264023,99084.687500
3367304800,99085.500000
3367348108,99084.015625
3367388347,99083.406250
3367428517,99084.187500
3367468517,99084.546875
3367508940,99085.593750
3367548111,99083.890625
3367588423,99082.875000
3367628892,99083.625000
3367668410,99083.625000
3367712507,99084.453125
3367752551,99084.734375
3367792181,99083.828125
3367832014,99083.953125
3367872810,99083.406250
3367912291,99084.109375
3367952361,99085.078125
3367992792,99085.781250
3368032719,99085.109375
3368075915,99085.234375
3368115692,99085.546875
3368156822,99087.500000
3368196157,99087.625000
3368236388,99086.156250
3368276464,99084.468750
3368316312,99084.781250
3368357498,99086.640625
3368397978,99086.656250
3368437423,99085.531250
3368477569,99084.375000
3368517126,99083.953125
3368557761,99087.140625
3368598053,99086.046875
3368638375,99085.343750
3368678790,99085.109375
3368719060,99084.984375
3368759385,99085.968750
3368799874,99086.265625
3368839039,99085.687500
3368879406,99086.187500
3368919288,99084.328125
3368959733,99085.828125
3368999064,99086.953125
3369039125,99085.218750
3369079278,99086.265625
3369119907,99087.187500
3369159927,99087.296875
3369199270,99085.578125
3369239813,99085.968750
3369279974,99087.921875
3369319437,99087.234375
3369360574,99086.515625
3369400179,99086.546875
3369440483,99087.890625
3369480580,99088.484375
3369520014,99088.921875
3369560625,99088.640625
3369600941,99087.171875
3369640436,99087.109375
3369680555,99086.703125
3369720563,99087.156250
3369761275,99086.718750
3369801597,99087.109375
3369841069,99087.250000
3369881251,99086.062500
3369921186,99086.609375
3369961912,99086.062500
3370001064,99087.421875
3370041396,99085.984375
3370081514,99085.937500
3370122055,99085.968750
3370162344,99087.125000
3370202854,99088.171875
3370242101,99088.671875
3370282186,99087.890625
3370323003,99087.578125
3370363005,99088.984375
3370403451,99088.250000
3370443822,99086.640625
3370485788,99085.546875
3370525612,99088.921875
3370566008,99087.375000
3370606458,99087.343750
3370646415,99087.312500
3370686483,99087.484375
3370726714,99087.734375
3370766286,99088.468750
3370808844,99088.218750
3370848522,99088.156250
3370888548,99087.562500
3370928667,99088.296875
3370969146,99088.343750
3371009373,99087.140625
3371049030,99088.375000
3371090113,99089.281250
3371130078,99088.078125
3371173991,99088.609375
3371213075,99089.375000
3371253260,99088.671875
3371293349,99086.593750
3371333264,99088.390625
3371373957,99088.203125
3371413934,99089.140625
3371453014,99089.718750
3371493984,99088.468750
3371533900,99087.984375
3371573618,99091.046875
3371613567,99090.640625
3371653128,99088.171875
3371693605,99087.218750
3371733777,99087.500000
3371773137,99087.671875
3371813530,99091.093750
3371853536,99089.687500
3371894029,99090.546875
3371937953,99089.968750
3371977310,99088.781250
3372017591,99089.546875
3372057176,99089.593750
3372098093,99089.484375
3372138548,99088.390625
3372179034,99088.406250
3372219779,99088.750000
3372259307,99089.015625
3372302054,99089.687500
3372342773,99089.125000
3372382140,99089.281250
3372422446,99088.343750
3372462768,99088.140625
3372503069,99088.562500
3372543529,99089.500000
3372583290,99089.359375
3372623306,99089.062500
3372663840,99089.796875
3372703041,99088.281250
3372744118,99088.265625
3372784871,99089.406250
3372824626,99089.593750
3372864209,99088.859375
3372904401,99090.046875
3372944375,99090.484375
3372984864,99090.296875
3373024324,99090.781250
3373064849,99090.859375
3373104025,99091.281250
3373144011,99091.437500
3373184488,99090.703125
3373227867,99090.781250
3373267721,99091.281250
3373307336,99089.718750
3373348078,99090.281250
3373388353,99091.000000
3373428526,99090.437500
3373468402,99089.515625
3373508334,99089.234375
3373548316,99091.390625
3373588547,99091.437500
3373628699,99090.265625
3373668285,99089.750000
3373708323,99089.968750
3373748313,99090.546875
3373789121,99089.515625
3373829336,99090.062500
3373869796,99091.093750
3373909815,99091.359375
3373949982,99090.453125
3373989596,99090.906250
3374029450,99090.500000
3374069472,99090.406250
3374109264,99089.328125
3374149283,99091.796875
3374189747,99090.750000
3374229826,99090.390625
3374269174,99090.437500
3374309525,99090.468750
3374350012,99091.281250
3374393954,99089.359375
3374433888,99090.171875
3374474910,99089.296875
3374514094,99092.171875
3374555067,99091.765625
3374595711,99089.875000
3374636076,99088.593750
3374677111,99090.218750
3374717599,99090.031250
3374757410,99091.156250
3374797162,99091.671875
3374837561,99091.593750
3374877657,99091.828125
3374917680,99093.250000
3374959937,99092.046875
3374999250,99091.765625
3375039365,99091.250000
3375079115,99090.718750
3375119665,99091.359375
3375159349,99092.328125
3375199626,99092.906250
3375239808,99092.109375
3375279571,99091.546875
3375320036,99092.031250
3375361113,99091.062500
3375401564,99090.859375
3375441780,99090.796875
3375481163,99091.640625
3375523027,99092.843750
3375563731,99093.468750
3375603274,99092.125000
3375643306,99092.156250
3375684259,99092.468750
3375725046,99092.515625
3375765033,99093.156250
3375805492,99092.328125
3375845318,99092.640625
3375890277,99091.312500
3375931374,99093.328125
3375971869,99093.125000
3376011215,99092.937500
3376053462,99091.281250
3376093040,99092.843750
3376133865,99092.421875
3376174125,99092.500000
3376214867,99093.812500
3376254531,99092.281250
3376294101,99093.156250
3376334215,99094.531250
3376374018,99094.718750
3376418189,99094.281250
3376458021,99093.093750
3376498612,99093.765625
3376538652,99091.875000
3376578564,99094.062500
3376618409,99092.281250
3376658780,99092.578125
3376698384,99093.406250
3376738640,99094.453125
3376778374,99093.359375
3376818389,99092.125000
3376858094,99091.515625
3376899099,99092.625000
3376940027,99093.312500
3376981988,99092.625000
3377021439,99090.250000
3377061186,99091.562500
3377101328,99096.718750
3377142110,99099.093750
3377182426,99097.687500
3377222100,99093.828125
3377262151,99090.718750
3377302268,99091.328125
3377343069,99095.000000
3377386793,99098.468750
3377426329,99097.500000
3377466240,99095.500000
3377506248,99095.640625
3377547126,99094.671875
3377587589,99096.812500
3377627082,99096.796875
3377667044,99095.546875
3377707624,99094.625000
3377747510,99095.437500
3377787891,99096.703125
3377827468,99098.500000
3377867459,99097.968750
3377908080,99096.859375
3377948868,99096.406250
3377988483,99096.140625
3378028018,99096.687500
3378068027,99098.406250
3378108552,99098.765625
3378148215,99096.968750
3378188988,99096.312500
3378228532,99097.750000
3378268391,99098.671875
3378308342,99098.531250
3378349129,99096.562500
3378389621,99095.890625
3378429231,99096.468750
3378469132,99097.671875
3378509542,99098.390625
3378549062,99098.453125
3378589528,99097.953125
3378629358,99097.265625
3378669276,99096.875000
3378709344,99097.906250
3378752829,99096.296875
3378792923,99098.359375
3378832494,99098.312500
3378872701,99097.984375
3378912859,99098.343750
3378953001,99097.703125
3378993324,99098.515625
3379034127,99099.781250
3379074637,99098.250000
3379117693,99097.343750
3379157701,99098.234375
3379197287,99098.046875
3379238624,99099.515625
3379278088,99098.578125
3379318948,99099.156250
3379358295,99097.921875
3379399010,99101.078125
3379439159,99100.500000
3379481240,99099.500000
3379521125,99099.500000
3379562068,99099.406250
3379602501,99098.937500
3379642266,99098.781250
3379682678,99100.171875
3379722988,99100.281250
3379762039,99097.968750
3379802570,99100.796875
3379844911,99100.796875
3379884390,99102.296875
3379924867,99097.703125
3379964765,99095.328125
3380004347,99097.796875
3380044354,99102.109375
3380084701,99103.890625
3380125095,99102.796875
3380165134,99099.765625
3380209031,99094.781250
3380249104,99096.703125
3380290739,99104.203125
3380330603,99106.828125
3380373532,99101.093750
3380413125,99098.203125
3380453538,99096.109375
3380494118,99098.937500
3380538727,99100.171875
3380578621,99101.578125
3380619053,99099.234375
3380659114,99099.234375
3380699111,99098.656250
3380739522,99098.656250
3380779133,99100.734375
3380819657,99101.859375
3380859828,99099.890625
3380903247,99097.984375
3380943626,99099.546875
3380983586,99101.906250
3381024150,99103.750000
3381066698,99100.875000
3381106859,99099.859375
3381146718,99097.453125
3381186865,99099.625000
3381226631,99103.765625
3381266139,99102.562500
3381306571,99100.750000
3381346107,99100.406250
3381386749,99102.843750
3381426495,99104.281250
3381466027,99102.203125
3381506570,99101.250000
3381547392,99100.281250
3381587061,99099.281250
3381631760,99102.921875
3381671614,99103.062500
3381711120,99103.703125
3381751179,99101.593750
3381791186,99101.953125
3381831322,99100.875000
3381871421,99103.125000
3381911148,99103.328125
3381951601,99100.984375
3381996321,99102.140625
3382036043,99102.015625
3382076160,99103.937500
3382116156,99102.765625
3382160465,99104.062500
3382200674,99102.687500
3382240760,99102.375000
3382280370,99101.625000
3382320203,99101.734375
3382360057,99104.171875
3382400070,99103.984375
3382440152,99103.984375
3382480282,99103.421875
3382524334,99103.640625
3382565057,99104.359375
3382605505,99103.890625
3382645872,99103.125000
3382690321,99104.468750
3382730966,99104.546875
3382770544,99105.765625
3382810053,99104.265625
3382853504,99103.703125
3382893448,99104.468750
3382933061,99104.828125
3382973138,99104.796875
3383013340,99104.453125
3383053865,99103.125000
3383093434,99105.203125
3383133912,99101.703125
3383173899,99105.515625
3383213193,99104.125000
3383253660,99106.375000
3383293471,99105.890625
3383333441,99106.218750
3383373269,99104.703125
3383417093,99104.250000
3383457444,99106.750000
3383497011,99106.203125
3383537731,99106.312500
3383577532,99106.125000
3383617318,99105.953125
3383657001,99105.859375
3383697477,99107.828125
3383737758,99107.125000
3383777176,99104.562500
3383818047,99103.812500
3383858041,99105.953125
3383898116,99105.937500
3383938906,99106.437500
3383980201,99106.312500
3384020880,99103.562500
3384060562,99103.812500
3384100215,99106.140625
3384140499,99106.046875
3384180351,99106.265625
3384220764,99105.343750
3384260102,99105.062500
3384300559,99105.421875
3384343191,99109.078125
3384383721,99110.500000
3384423366,99106.937500
3384463538,99104.328125
3384503935,99105.000000
3384543716,99105.390625
3384583772,99109.312500
3384623133,99108.953125
3384663025,99108.515625
3384708266,99104.546875
3384748787,99104.312500
3384788345,99105.890625
3384828974,99107.093750
3384868386,99107.718750
3384908699,99105.640625
3384949012,99105.640625
3384990070,99108.296875
3385030474,99110.218750
3385070417,99110.234375
3385110268,99111.015625
3385150053,99108.468750
3385190848,99106.312500
3385230615,99107.062500
3385270008,99107.312500
3385310767,99107.593750
3385350532,99107.437500
3385390374,99105.531250
3385430188,99105.953125
3385470181,99106.187500
3385510431,99108.843750
3385550781,99108.187500
3385590445,99107.671875
3385631133,99104.453125
3385671146,99104.343750
3385712129,99106.093750
3385752548,99109.078125
3385792390,99108.359375
3385832879,99108.406250
3385873074,99106.203125
3385913367,99109.875000
3385954116,99110.281250
3385994075,99110.531250
3386034807,99109.140625
3386074479,99107.859375
3386114380,99108.546875
3386155116,99110.015625
3386195849,99110.171875
3386238971,99109.750000
3386278796,99108.546875
3386318017,99108.281250
3386358936,99109.500000
3386398331,99109.109375
3386438539,99109.328125
3386478044,99108.140625
3386518774,99107.218750
3386559820,99107.359375
3386602642,99108.109375
3386642701,99107.796875
3386682827,99108.578125
3386722646,99109.265625
3386762188,99107.953125
3386802637,99109.625000
3386842340,99108.937500
3386882100,99111.437500
3386922046,99110.750000
3386962237,99111.593750
3387002698,99111.187500
3387042710,99111.078125
3387082509,99110.562500
3387122371,99110.968750
3387165071,99111.343750
3387205027,99111.718750
3387245147,99112.609375
3387285449,99112.859375
3387325574,99112.906250
3387366231,99110.390625
3387406077,99109.031250
3387446234,99110.046875
3387486218,99109.671875
3387526550,99111.734375
3387566478,99111.562500
3387606374,99111.921875
3387646532,99111.734375
3387686528,99110.875000
3387727123,99112.046875
3387767225,99112.546875
3387807127,99110.484375
3387847269,99111.031250
3387889036,99112.062500
3387933515,99113.812500
3387973662,99112.468750
3388014076,99115.218750
3388054351,99111.500000
3388094005,99112.796875
3388134733,99111.359375
3388174065,99115.156250
3388214170,99114.281250
3388254477,99113.968750
3388294518,99113.234375
3388335013,99112.343750
3388375168,99112.453125
3388415311,99113.156250
3388455625,99113.265625
3388496324,99113.546875
3388537014,99113.031250
3388577642,99110.640625
3388617621,99110.984375
3388657938,99112.875000
3388697203,99115.203125
3388737667,99114.968750
3388777242,99115.281250
3388817474,99114.562500
3388861438,99113.312500
3388901266,99112.312500
3388941555,99114.390625
3388981162,99113.937500
3389021406,99113.000000
3389061999,99112.171875
3389102494,99112.593750
3389142006,99113.421875
3389182490,99112.781250
3389226509,99111.609375
3389267583,99110.968750
3389307793,99112.828125
3389347742,99111.968750
3389391409,99113.906250
3389431884,99113.375000
3389471317,99112.328125
3389511052,99111.484375
3389551078,99113.375000
3389591041,99112.812500
3389631705,99112.953125
3389671208,99113.218750
3389711447,99112.218750
3389755005,99112.812500
3389795462,99115.265625
3389835327,99114.125000
3389875652,99114.968750
3389915492,99114.218750
3389957571,99112.921875
3389997450,99114.453125
3390037295,99114.531250
3390077475,99114.937500
3390117245,99113.687500
3390157885,99113.968750
3390197551,99113.718750
3390237479,99112.656250
3390277592,99115.640625
3390317043,99116.234375
3390359478,99115.296875
3390399644,99113.859375
3390439632,99115.296875
3390479481,99114.562500
3390520869,99116.546875
3390560582,99115.515625
3390600425,99115.796875
3390640410,99116.125000
3390680239,99116.843750
3390725063,99115.812500
3390765248,99116.500000
3390805750,99114.750000
3390845819,99116.296875
3390885758,99116.812500
3390926248,99117.281250
3390966558,99117.156250
3391006425,99115.640625
3391046561,99115.406250
3391087996,99114.828125
3391127694,99115.500000
3391167838,99117.687500
3391207723,99115.562500
3391247916,99115.687500
3391291635,99115.484375
3391331287,99114.968750
3391371126,99115.296875
3391411088,99116.406250
3391451333,99114.875000
3391492059,99116.421875
3391532294,99117.062500
3391573692,99115.718750
3391613053,99114.328125
3391653318,99116.812500
3391693748,99117.437500
3391734066,99118.140625
3391774354,99117.406250
3391814896,99117.093750
3391855145,99116.000000
3391895291,99116.359375
3391935513,99114.671875
3391975291,99114.593750
3392015232,99116.187500
3392055532,99119.156250
3392095688,99118.406250
3392135322,99118.671875
3392175434,99113.687500
3392215935,99115.031250
3392255134,99116.937500
3392295487,99118.875000
3392335386,99117.343750
3392376382,99117.953125
3392416398,99116.734375
3392456725,99117.500000
3392496839,99120.593750
3392536961,99120.421875
3392576945,99118.609375
3392616348,99116.265625
3392660170,99117.531250
3392700198,99119.546875
3392740563,99122.343750
3392780107,99121.890625
3392820781,99120.703125
3392860472,99118.187500
3392900264,99119.531250
3392940927,99120.937500
3392980527,99121.687500
3393023848,99119.484375
3393063493,99119.531250
3393103283,99118.609375
3393143872,99119.671875
3393183525,99122.734375
3393223652,99120.015625
3393263986,99119.828125
3393303441,99118.000000
3393343130,99119.531250
3393383899,99121.734375
3393424409,99121.531250
3393464708,99119.296875
3393504436,99119.453125
3393545016,99117.781250
3393589928,99119.984375
3393630279,99122.156250
3393670643,99119.828125
3393710375,99119.562500
3393750287,99119.671875
3393790875,99121.171875
3393830358,99120.625000
3393870722,99119.437500
3393910672,99120.625000
3393950832,99120.718750
3393991246,99120.781250
3394031016,99121.093750
3394071331,99120.437500
3394111201,99121.000000
3394154651,99119.703125
3394194087,99119.546875
3394234650,99121.234375
3394274672,99121.046875
3394314528,99122.609375
3394354304,99120.484375
3394394809,99121.546875
3394434363,99122.250000
3394474175,99123.984375
3394514228,99124.593750
3394555017,99121.828125
3394595182,99121.109375
3394635404,99125.312500
3394675680,99123.750000
3394717199,99121.515625
3394757236,99120.437500
3394797597,99123.109375
3394838104,99123.734375
3394878402,99122.156250
3394918815,99119.640625
3394958976,99119.531250
3394998518,99121.296875
3395038131,99121.750000
3395081677,99123.312500
3395121604,99123.156250
3395161710,99123.078125
3395201060,99123.062500
3395241917,99120.718750
3395281112,99121.796875
3395321188,99123.437500
3395361822,99124.187500
3395401818,99124.250000
3395441836,99122.843750
3395481848,99122.843750
3395521378,99121.484375
3395561889,99122.843750
3395601149,99124.140625
3395645854,99123.546875
3395685159,99123.328125
3395725168,99124.703125
3395765078,99122.828125
3395805522,99123.484375
3395845860,99123.859375
3395885365,99125.453125
3395925153,99122.765625
3395965245,99124.109375
3396005037,99123.640625
3396045317,99125.156250
3396085921,99123.703125
3396125746,99122.203125
3396165892,99122.828125
3396208824,99124.265625
3396248948,99128.312500
3396288346,99123.078125
3396328129,99124.125000
3396368143,99122.546875
3396408292,99124.625000
3396448437,99124.281250
3396489050,99125.687500
3396529700,99125.125000
3396573569,99125.968750
3396613983,99124.812500
3396653366,99125.265625
3396693700,99123.687500
3396733751,99123.015625
3396773727,99126.625000
3396814083,99128.328125
3396854314,99128.500000
3396894348,99123.781250
3396935915,99124.203125
3396976049,99125.890625
3397017051,99127.265625
3397057399,99125.968750
3397097469,99127.031250
3397137479,99126.859375
3397177914,99127.750000
3397217592,99128.359375
3397257925,99127.359375
3397300782,99127.968750
3397340543,99128.687500
3397381021,99128.093750
3397421018,99127.109375
3397461366,99125.296875
3397501551,99127.734375
3397541310,99127.546875
3397581118,99128.859375
3397621648,99128.546875
3397664539,99126.265625
3397704124,99127.625000
3397744248,99125.765625
3397784563,99127.781250
3397824267,99127.796875
3397864797,99127.015625
3397904818,99127.625000
3397944646,99127.125000
3397984901,99128.921875
3398024909,99129.328125
3398064335,99128.625000
3398104008,99127.140625
3398144152,99128.234375
3398184429,99127.078125
3398224135,99128.421875
3398264691,99127.812500
3398304857,99128.562500
3398344419,99129.078125
3398384644,99128.437500
3398424397,99127.468750
3398464063,99129.515625
3398504448,99129.218750
3398544167,99128.109375
3398584742,99128.734375
3398624462,99126.640625
3398664328,99127.328125
3398704410,99129.562500
3398744429,99130.500000
3398784796,99130.718750
3398827889,99131.343750
3398867300,99132.687500
3398907354,99131.187500
3398947390,99133.234375
3398987807,99130.703125
3399027211,99129.984375
3399067951,99129.437500
3399107306,99129.734375
3399147066,99131.015625
3399190984,99128.328125
3399230008,99129.250000
3399270476,99129.796875
3399310157,99129.281250
3399350992,99131.109375
3399390553,99132.703125
3399430843,99129.484375
3399470393,99130.218750
3399510365,99128.343750
3399554462,99130.078125
3399594633,99132.406250
3399634700,99129.890625
3399674018,99131.187500
3399714068,99129.828125
3399754806,99130.656250
3399794989,99129.843750
3399835114,99130.687500
3399875572,99131.312500
3399915606,99130.328125
3399955463,99132.437500
3399995648,99131.687500
3400036061,99132.140625
3400076486,99133.171875
3400116356,99132.437500
3400156699,99130.765625
3400196625,99130.593750
3400236670,99129.265625
3400279683,99131.375000
3400319086,99132.968750
3400359350,99132.265625
3400399269,99130.296875
3400439729,99128.437500
3400479551,99131.140625
3400519794,99131.421875
3400559060,99134.234375
3400600064,99132.375000
3400643674,99130.296875
3400684139,99128.750000
3400724518,99131.156250
3400764514,99133.328125
3400804288,99134.109375
3400844115,99132.656250
3400884546,99129.640625
3400924672,99131.343750
3400964045,99133.453125
3401004938,99132.953125
3401045026,99132.640625
3401085439,99132.328125
3401125266,99129.828125
3401165793,99133.656250
3401209094,99132.609375
3401249552,99133.750000
3401289933,99134.125000
3401329525,99132.296875
3401369372,99134.000000
3401409491,99133.703125
3401449097,99132.750000
3401489423,99133.171875
3401529209,99133.609375
3401569117,99133.859375
3401609066,99134.312500
3401649468,99136.312500
3401689807,99134.390625
3401729234,99134.234375
3401773137,99135.171875
3401814120,99133.640625
3401854678,99133.828125
3401894670,99133.078125
3401934035,99133.593750
3401975130,99135.843750
3402015313,99134.203125
3402055736,99135.000000
3402095749,99133.437500
3402135415,99134.640625
3402175664,99134.796875
3402215849,99136.093750
3402255987,99137.468750
3402295930,99137.437500
3402335213,99138.640625
3402375171,99136.953125
3402415777,99137.671875
3402456121,99135.125000
3402496146,99136.000000
3402536638,99136.656250
3402577101,99135.812500
3402617389,99135.593750
3402657827,99137.953125
3402697824,99136.734375
3402737525,99136.531250
3402777199,99135.953125
3402817486,99135.937500
3402857585,99137.296875
3402897758,99140.562500
3402937001,99139.125000
3402978104,99140.281250
3403018701,99138.093750
3403058012,99137.421875
3403098138,99140.937500
3403138402,99142.265625
3403178679,99141.531250
3403218954,99139.515625
3403259131,99138.140625
3403299218,99137.906250
3403339162,99140.656250
3403379663,99140.265625
3403419506,99141.281250
3403459747,99140.375000
3403499857,99141.390625
3403539839,99139.406250
3403579688,99140.562500
3403620042,99140.453125
3403660231,99140.812500
3403700466,99139.968750
3403740156,99139.968750
3403780504,99140.921875
3403820800,99141.390625
3403860935,99141.609375
3403900976,99141.359375
3403940093,99141.406250
3403980690,99144.218750
3404021360,99144.046875
3404061840,99141.531250
3404101586,99141.453125
3404141574,99142.640625
3404181254,99143.203125
3404221600,99144.406250
3404261797,99142.625000
3404301806,99143.437500
3404341714,99141.937500
3404382072,99142.046875
3404422857,99143.062500
3404462187,99143.421875
3404502272,99142.437500
3404542522,99142.750000
3404582347,99144.046875
3404622744,99144.375000
3404662908,99142.765625
3404703103,99145.484375
3404743294,99143.468750
3404783724,99144.750000
3404823248,99144.109375
3404863455,99144.156250
3404903484,99143.093750
3404946035,99144.546875
3404986635,99142.812500
3405026503,99144.343750
3405066930,99145.281250
3405106755,99144.312500
3405146474,99144.578125
3405187078,99144.390625
3405227778,99145.390625
3405267907,99146.531250
3405311086,99146.609375
3405351002,99143.968750
3405391152,99144.218750
3405431169,99144.796875
3405471831,99145.484375
3405511333,99145.671875
3405551646,99147.515625
3405591790,99145.906250
3405631396,99146.468750
3405675291,99145.718750
3405716377,99146.953125
3405756527,99146.484375
3405796251,99144.406250
3405839824,99145.468750
3405879216,99145.687500
3405919457,99147.046875
3405959006,99147.078125
3405999045,99146.515625
3406039825,99146.328125
3406079287,99147.421875
3406119369,99145.734375
3406159753,99147.343750
3406199803,99146.906250
3406239205,99147.468750
3406279930,99147.734375
3406319184,99147.640625
3406359068,99146.578125
3406399127,99148.781250
3406439923,99146.921875
3406479489,99146.875000
3406519301,99148.765625
3406559300,99149.796875
3406599966,99150.937500
3406639285,99149.609375
3406679962,99150.437500
3406719148,99147.796875
3406759362,99148.171875
3406799316,99148.046875
3406839719,99150.687500
3406879301,99150.343750
3406919459,99149.125000
3406959475,99149.109375
3407003300,99148.312500
3407043770,99148.656250
3407083553,99150.687500
3407124146,99151.828125
3407168499,99150.781250
3407209029,99150.484375
3407249442,99150.031250
3407289768,99152.265625
3407329278,99151.687500
3407369509,99152.421875
3407409237,99152.546875
3407449309,99151.734375
3407489475,99152.156250
3407531137,99151.687500
3407571085,99152.953125
3407611472,99151.437500
3407651906,99152.671875
3407691216,99153.890625
3407731059,99153.437500
3407771725,99152.156250
3407812134,99154.218750
3407852513,99153.140625
3407896474,99149.921875
3407936115,99152.046875
3407976732,99153.031250
3408016490,99154.796875
3408056648,99152.734375
3408097019,99153.390625
3408137142,99155.203125
3408177787,99154.234375
3408217888,99154.406250
3408261037,99151.296875
3408301149,99152.093750
3408341421,99153.718750
3408381469,99153.250000
3408422589,99154.406250
3408462893,99156.265625
3408502959,99153.125000
3408542101,99155.515625
3408582865,99154.328125
3408622843,99154.765625
3408662789,99155.125000
3408702990,99154.312500
3408742432,99152.656250
3408782458,99152.953125
3408823609,99154.750000
3408863527,99154.375000
3408903532,99155.171875
3408943238,99153.390625
3408983312,99153.171875
3409028660,99153.906250
3409069104,99153.453125
3409109840,99156.406250
3409149443,99155.000000
3409189411,99155.359375
3409229277,99154.812500
3409269232,99155.390625
3409309149,99154.218750
3409349461,99155.203125
3409389404,99154.781250
3409429515,99156.718750
3409469790,99156.031250
3409509047,99157.250000
3409549575,99155.531250
3409591725,99154.140625
3409631390,99154.562500
3409671333,99154.125000
3409711369,99155.656250
3409751147,99155.093750
3409791260,99157.562500
3409831151,99155.484375
3409871980,99155.187500
3409911843,99156.484375
3409951045,99157.750000
3409991192,99157.015625
3410031090,99157.203125
3410071239,99155.546875
3410111123,99154.609375
3410151567,99155.281250
3410191784,99157.546875
3410231767,99158.546875
3410271704,99158.390625
3410311482,99156.640625
3410351034,99157.046875
3410391848,99157.000000
3410431798,99158.437500
3410472093,99157.468750
3410512097,99159.812500
3410554773,99158.015625
3410594087,99158.953125
3410634080,99158.328125
3410675117,99157.703125
3410715149,99158.343750
3410755401,99159.078125
3410795822,99159.437500
3410835910,99159.234375
3410875767,99159.140625
3410915555,99159.234375
3410955703,99158.906250
3410995845,99158.890625
3411035865,99159.718750
3411076028,99159.843750
3411120157,99161.312500
3411160127,99160.406250
3411200542,99161.062500
3411241131,99161.328125
3411285294,99161.953125
3411325669,99163.000000
3411365730,99161.109375
3411406012,99160.406250
3411450113,99159.609375
3411490222,99161.703125
3411531608,99162.578125
3411571123,99163.031250
3411611873,99161.578125
3411651737,99160.234375
3411691730,99161.671875
3411732297,99160.281250
3411772379,99162.359375
3411812490,99162.609375
3411852313,99162.078125
3411892308,99161.500000
3411932786,99162.390625
3411972761,99163.578125
3412012923,99162.562500
3412052699,99163.140625
3412092927,99162.343750
3412133257,99163.703125
3412173387,99161.875000
3412213516,99162.609375
3412253343,99165.421875
3412293314,99163.953125
3412333618,99164.171875
3412373674,99163.609375
3412413582,99165.281250
3412453717,99163.625000
3412493769,99163.718750
3412534069,99164.812500
3412574456,99165.203125
3412614614,99164.531250
3412654171,99163.156250
3412694403,99163.625000
3412734687,99164.562500
3412774279,99164.750000
3412814105,99166.390625
3412854130,99166.156250
3412895046,99165.296875
3412935571,99164.968750
3412975532,99165.359375
3413015682,99164.312500
3413055587,99166.265625
3413095713,99165.671875
3413136029,99167.265625
3413176076,99166.187500
3413218722,99165.578125
3413258064,99165.531250
3413299124,99166.343750
3413339635,99164.656250
3413379238,99168.187500
3413419604,99167.468750
3413459615,99166.593750
3413499630,99166.390625
3413539449,99166.500000
3413579427,99167.296875
3413619706,99165.703125
3413659067,99166.562500
3413699011,99166.359375
3413739092,99168.125000
3413782175,99168.078125
3413822876,99166.859375
3413862746,99166.859375
3413902285,99167.546875
3413942563,99167.000000
3413982357,99167.406250
3414022757,99167.156250
3414062830,99166.921875
3414102585,99167.156250
3414142770,99168.796875
3414182616,99167.000000
3414222771,99166.250000
3414262280,99167.812500
3414302054,99167.812500
3414345453,99169.171875
3414385492,99167.187500
3414425590,99169.531250
3414465285,99166.468750
3414505392,99169.328125
3414545300,99170.484375
3414585550,99170.343750
3414625596,99168.500000
3414665239,99168.625000
3414705232,99168.437500
3414745682,99167.953125
3414785726,99169.609375
3414825559,99170.812500
3414865100,99171.171875
3414905839,99167.484375
3414945674,99168.421875
3414985276,99170.171875
3415025704,99170.250000
3415065757,99170.625000
3415105648,99168.406250
3415145721,99168.609375
3415185294,99168.187500
3415225493,99170.437500
3415266128,99171.781250
3415306797,99171.015625
3415346613,99169.453125
3415386186,99170.796875
3415426357,99170.843750
3415466469,99172.187500
3415506048,99172.703125
3415546556,99172.859375
3415586467,99172.453125
3415626720,99170.750000
3415666199,99169.328125
3415706282,99171.328125
3415746073,99171.625000
3415786490,99171.046875
3415826620,99168.875000
3415866246,99171.250000
3415910630,99170.812500
3415950151,99171.171875
3415990161,99172.750000
3416030374,99172.890625
3416070274,99173.421875
3416110498,99174.625000
3416150854,99172.765625
3416190823,99172.109375
3416230993,99173.359375
3416270331,99173.687500
3416310557,99174.343750
3416350279,99174.812500
3416390354,99175.562500
3416430298,99172.906250
3416472774,99172.718750
3416512357,99173.921875
3416552399,99173.000000
3416592002,99172.812500
3416632174,99171.718750
3416672058,99171.656250
3416712265,99174.906250
3416752315,99173.500000
3416792046,99174.125000
3416835711,99174.375000
3416875428,99174.203125
3416915990,99177.718750
3416955416,99176.125000
3416996763,99176.671875
3417036057,99174.531250
3417077050,99174.953125
3417117452,99175.828125
3417157440,99176.828125
3417201170,99177.796875
3417241159,99177.515625
3417281575,99176.421875
3417321950,99175.218750
3417361759,99175.687500
3417401627,99175.546875
3417441257,99177.437500
3417481164,99177.625000
3417521537,99176.625000
3417561157,99175.437500
3417601325,99176.546875
3417641274,99177.250000
3417681722,99179.156250
3417721624,99178.890625
3417763078,99177.640625
3417803851,99176.031250
3417843618,99177.843750
3417883182,99180.296875
3417923799,99179.312500
3417963793,99180.406250
3418003372,99178.843750
3418043118,99178.890625
3418084129,99179.156250
3418128077,99178.890625
3418168322,99179.578125
3418208618,99177.046875
3418248159,99178.875000
3418288565,99178.937500
3418328407,99179.312500
3418368604,99177.671875
3418408867,99177.109375
3418448471,99176.015625
3418491461,99177.875000
3418531895,99180.343750
3418571774,99179.171875
3418611970,99178.687500
3418651617,99177.312500
3418691973,99178.765625
3418731098,99179.453125
3418771288,99178.750000
3418811227,99178.109375
3418852035,99179.171875
3418892360,99178.031250
3418933035,99181.000000
3418973619,99180.890625
3419014046,99181.765625
3419057926,99179.906250
3419097521,99180.671875
3419138005,99181.765625
3419178146,99182.187500
3419218853,99182.343750
3419258652,99181.453125
3419299030,99181.078125
3419339195,99179.828125
3419379047,99182.328125
3419422676,99181.140625
3419462433,99182.578125
3419504243,99180.750000
3419544199,99181.718750
3419584624,99183.140625
3419624715,99182.703125
3419664417,99180.750000
3419704793,99180.453125
3419744058,99179.281250
3419784809,99182.093750
3419824411,99182.296875
3419864539,99184.078125
3419905589,99184.500000
3419945570,99182.328125
3419988396,99182.000000
3420028226,99181.625000
3420068723,99181.640625
3420108373,99184.406250
3420148540,99184.031250
3420188491,99183.468750
3420228872,99183.812500
3420269033,99182.890625
3420309830,99183.046875
3420352057,99184.703125
3420392706,99184.531250
3420432323,99184.578125
3420472035,99183.343750
3420512935,99182.203125
3420552120,99184.078125
3420592104,99185.250000
3420632310,99184.171875
3420672461,99184.656250
3420716136,99182.671875
3420757423,99184.843750
3420797285,99184.781250
3420837771,99183.781250
3420880847,99184.609375
3420920143,99185.250000
3420960514,99184.234375
3421000069,99183.937500
3421040223,99185.687500
3421080426,99186.265625
3421120211,99185.359375
3421160355,99185.484375
3421200226,99184.750000
3421240156,99184.640625
3421280819,99185.437500
3421320562,99186.312500
3421360031,99186.046875
3421400233,99186.156250
3421441027,99187.859375
3421482077,99187.234375
3421522691,99187.500000
3421562038,99188.109375
3421602817,99186.906250
3421645644,99184.593750
3421685418,99186.562500
3421726046,99187.234375
3421766911,99184.718750
3421806007,99185.734375
3421846447,99186.250000
3421886143,99187.562500
3421926469,99189.046875
3421966158,99188.484375
3422006261,99188.640625
3422048014,99186.062500
3422089765,99186.578125
3422129325,99187.890625
3422169274,99189.781250
3422209486,99191.406250
3422249927,99191.546875
3422289232,99189.562500
3422329768,99189.421875
3422369691,99187.453125
3422409032,99186.562500
3422449249,99187.796875
3422490035,99191.000000
3422530482,99189.343750
3422570578,99190.234375
3422610779,99190.828125
3422650449,99189.546875
3422690927,99189.890625
3422731066,99188.750000
3422771563,99190.906250
3422811140,99189.625000
3422851701,99192.625000
3422891710,99191.375000
3422931362,99191.515625
3422971343,99191.453125
3423011528,99190.203125
3423051849,99191.500000
3423091246,99192.343750
3423131961,99192.406250
3423171063,99191.390625
3423215007,99191.531250
3423255428,99189.515625
3423295903,99190.656250
3423335148,99188.953125
3423375170,99189.828125
3423415274,99191.328125
3423455704,99193.328125
3423495397,99192.500000
3423535846,99194.906250
3423577119,99195.765625
3423617388,99194.234375
3423657631,99191.000000
3423698040,99192.484375
3423738693,99196.671875
3423778251,99197.968750
3423819082,99194.421875
3423859346,99193.140625
3423899747,99193.484375
3423941302,99195.359375
3423981092,99195.046875
3424021888,99195.234375
3424062119,99194.890625
3424102471,99194.765625
3424142856,99193.812500
3424182358,99195.218750
3424222257,99196.390625
3424262601,99198.468750
3424302688,99199.375000
3424343097,99196.796875
3424383347,99194.156250
3424424039,99195.671875
3424464858,99196.921875
3424506782,99197.328125
3424546119,99197.765625
3424586553,99198.203125
3424627097,99197.906250
3424673343,99198.093750
3424713189,99199.031250
3424753469,99198.375000
3424793217,99197.734375
3424833133,99197.218750
3424873755,99198.156250
3424913286,99197.718750
3424953370,99198.593750
3424993712,99198.859375
3425033577,99199.468750
3425074250,99198.015625
3425114010,99197.500000
3425154020,99197.750000
3425194352,99199.078125
3425234272,99199.484375
3425274891,99200.390625
3425314274,99200.531250
3425355094,99200.656250
3425395211,99200.468750
3425435183,99201.046875
3425475843,99200.609375
3425515558,99198.921875
3425555064,99200.296875
3425595456,99200.015625
3425639121,99200.859375
3425679724,99203.609375
3425719713,99202.156250
3425760081,99201.546875
3425800020,99200.937500
3425840843,99200.093750
3425880456,99201.578125
3425920184,99202.046875
3425960381,99202.343750
3426002014,99201.578125
3426043081,99202.453125
3426083270,99202.328125
3426123832,99202.859375
3426163780,99203.484375
3426203403,99204.265625
3426243663,99203.359375
3426283824,99204.546875
3426323870,99204.890625
3426367474,99203.796875
3426407469,99204.843750
3426447708,99204.562500
3426489029,99204.937500
3426529853,99204.906250
3426569129,99205.687500
3426609736,99204.281250
3426649749,99205.406250
3426689906,99204.828125
3426733289,99205.328125
3426773010,99205.500000
3426813740,99205.718750
3426853121,99205.546875
3426893060,99205.906250
3426933255,99205.468750
3426975246,99206.265625
3427015770,99205.984375
3427055785,99207.500000
3427096292,99206.187500
3427136094,99208.046875
3427176809,99209.546875
3427216397,99209.234375
3427256408,99208.906250
3427296517,99209.187500
3427336330,99207.968750
3427376799,99208.671875
3427416714,99209.437500
3427459298,99210.296875
3427499238,99210.734375
3427539991,99208.421875
3427579498,99208.421875
3427619106,99210.187500
3427660151,99210.968750
3427701005,99210.468750
3427742023,99209.546875
3427783358,99208.656250
3427823365,99208.812500
3427863012,99211.218750
3427903836,99212.203125
3427943446,99212.296875
3427984295,99212.578125
3428024584,99211.203125
3428064140,99212.171875
3428104367,99213.484375
3428145025,99212.968750
3428185635,99211.921875
3428225639,99213.625000
3428265747,99213.890625
3428305652,99214.296875
3428345826,99214.515625
3428385806,99214.953125
3428425783,99214.765625
3428465346,99213.406250
3428505561,99213.546875
3428545062,99214.296875
3428585435,99214.750000
3428625564,99214.609375
3428665239,99214.421875
3428705198,99214.859375
3428746097,99216.156250
3428788854,99214.828125
3428828681,99216.500000
3428869063,99216.843750
3428909893,99215.671875
3428949189,99216.359375
3428989987,99216.921875
3429029557,99216.703125
3429069039,99217.250000
3429109126,99217.484375
3429149365,99217.484375
3429189555,99218.984375
3429229389,99219.500000
3429269787,99217.828125
3429309377,99217.687500
3429349834,99218.625000
3429389037,99220.593750
3429429367,99219.609375
3429469458,99220.781250
3429509501,99220.546875
3429549249,99219.687500
3429589578,99219.156250
3429629308,99220.875000
3429670066,99220.968750
3429710856,99220.906250
3429750446,99222.234375
3429790163,99222.703125
3429830493,99222.671875
3429870540,99224.890625
3429910306,99222.109375
3429950582,99223.187500
3429990297,99222.515625
3430030682,99223.875000
3430070804,99225.328125
3430110747,99224.046875
3430150001,99224.484375
3430190271,99223.765625
3430230055,99225.343750
3430270541,99226.203125
3430310311,99226.390625
3430354236,99225.359375
3430394831,99225.171875
3430435293,99225.453125
3430475760,99225.921875
3430519425,99226.781250
3430559768,99226.968750
3430599558,99225.937500
3430639567,99225.515625
3430679827,99226.328125
3430719286,99227.796875
3430759901,99228.781250
3430799112,99228.328125
3430840127,99227.703125
3430883658,99226.968750
3430923593,99228.406250
3430963858,99230.140625
3431003546,99229.171875
3431043159,99228.921875
3431083416,99228.937500
3431123465,99229.984375
3431163724,99230.921875
3431203685,99231.578125
3431243918,99231.062500
3431284957,99230.531250
3431324670,99229.718750
3431364953,99231.328125
3431404608,99230.703125
3431447914,99229.140625
3431487448,99230.125000
3431527497,99231.812500
3431567917,99232.218750
3431607864,99231.968750
3431647627,99232.265625
3431687138,99231.734375
3431727197,99232.187500
3431767288,99231.937500
3431810418,99233.093750
3431850455,99234.187500
3431891120,99236.015625
3431931675,99235.468750
3431971119,99233.890625
3432011496,99234.796875
3432052115,99233.750000
3432093289,99233.859375
3432133487,99236.078125
3432174028,99237.125000
3432214359,99235.953125
3432254774,99236.718750
3432294981,99236.031250
3432334752,99236.328125
3432374184,99237.093750
3432414876,99237.250000
3432454109,99237.468750
3432494267,99238.546875
3432534530,99237.343750
3432574358,99239.406250
3432614231,99238.625000
3432654347,99238.156250
3432694506,99239.250000
3432738124,99239.296875
3432778374,99239.328125
3432818598,99239.156250
3432858066,99239.921875
3432898224,99240.687500
3432938106,99240.062500
3432978371,99241.187500
3433018866,99241.875000
3433058038,99242.203125
3433100679,99240.578125
3433140609,99241.750000
3433180969,99241.828125
3433220106,99243.015625
3433260974,99242.937500
3433300101,99241.328125
3433340671,99241.734375
3433380136,99243.781250
3433420391,99243.703125
3433460147,99243.859375
3433500388,99243.703125
3433540475,99243.781250
3433580916,99242.953125
3433620305,99244.453125
3433660911,99244.593750
3433700139,99243.968750
3433740112,99246.296875
3433780472,99245.265625
3433820408,99246.156250
3433860473,99246.421875
3433900695,99246.250000
3433940452,99246.812500
3433980727,99246.593750
3434020643,99246.031250
3434060705,99245.984375
3434100008,99245.500000
3434140933,99247.062500
3434180070,99247.390625
3434220205,99247.359375
3434263727,99247.531250
3434303767,99247.328125
3434343157,99248.609375
3434383464,99249.406250
3434423499,99249.515625
3434464627,99249.609375
3434504640,99248.390625
3434544647,99249.203125
3434585064,99250.093750
3434627855,99251.031250
3434667540,99251.625000
3434707090,99252.906250
3434747650,99252.953125
3434787728,99252.750000
3434827495,99251.687500
3434868015,99249.625000
3434908186,99251.562500
3434948522,99250.796875
3434988781,99252.125000
3435028636,99250.437500
3435069109,99251.437500
3435109258,99253.250000
3435150011,99253.250000
3435192317,99252.375000
3435232867,99252.375000
3435272414,99254.171875
3435312530,99253.375000
3435352927,99255.812500
3435392333,99254.437500
3435432116,99253.500000
3435472573,99254.640625
3435512795,99255.125000
3435556091,99254.609375
3435596325,99254.687500
3435636034,99255.296875
3435676732,99255.500000
3435716473,99255.796875
3435756688,99255.406250
3435796963,99256.140625
3435836036,99255.390625
3435876196,99257.062500
3435920439,99257.828125
3435960640,99257.109375
3436001323,99256.609375
3436041764,99258.015625
3436087215,99259.328125
3436127203,99260.343750
3436167480,99257.890625
3436207550,99257.359375
3436248959,99258.640625
3436288708,99258.812500
3436328569,99259.578125
3436368648,99258.875000
3436408719,99258.750000
3436448267,99259.234375
3436488908,99259.734375
3436528010,99260.812500
3436568391,99259.906250
3436608447,99257.609375
3436648424,99258.828125
3436688836,99259.890625
3436728944,99262.343750
3436768470,99262.046875
3436811537,99260.250000
3436851130,99260.093750
3436892027,99261.359375
3436932794,99262.953125
3436976523,99262.375000
3437016811,99261.281250
3437056790,99261.000000
3437096558,99262.859375
3437136485,99263.812500
3437177075,99263.093750
3437217309,99263.500000
3437257303,99262.484375
3437297037,99261.906250
3437337599,99263.453125
3437378087,99262.796875
3437418112,99263.140625
3437458077,99262.218750
3437498103,99262.828125
3437542355,99264.390625
3437582811,99264.750000
3437622605,99265.578125
3437662473,99264.718750
3437708348,99263.968750
3437748247,99265.781250
3437788794,99266.500000
3437828604,99265.968750
3437872140,99266.203125
3437912055,99265.218750
3437952568,99265.640625
3437992015,99265.453125
3438032213,99266.562500
3438072534,99268.125000
3438112317,99265.046875
3438152020,99265.156250
3438192568,99266.906250
3438235363,99268.234375
3438275348,99268.328125
3438315237,99268.328125
3438355757,99268.171875
3438395855,99268.156250
3438435739,99268.234375
3438475138,99270.265625
3438516057,99269.500000
3438556168,99269.562500
3438599555,99269.359375
3438639390,99269.765625
3438679336,99269.578125
3438719765,99271.953125
3438759063,99270.640625
3438799578,99270.593750
3438839417,99270.671875
3438879977,99271.171875
3438919115,99270.703125
3438963764,99271.937500
3439003848,99271.765625
3439043292,99271.328125
3439083096,99271.281250
3439123519,99272.484375
3439163930,99272.953125
3439203060,99272.250000
3439243036,99272.171875
3439283465,99272.031250
3439323876,99271.468750
3439363850,99272.250000
3439403903,99272.640625
3439443814,99272.859375
3439483048,99273.171875
3439523787,99272.890625
3439563040,99272.765625
3439603302,99273.750000
3439643029,99274.187500
3439683199,99273.984375
3439727660,99274.500000
3439767591,99273.187500
3439807545,99273.968750
3439847723,99273.234375
3439887862,99274.109375
3439927967,99274.796875
3439967528,99274.718750
3440007772,99274.562500
3440047888,99273.125000
3440091151,99273.140625
3440131195,99274.859375
3440171468,99274.093750
3440211206,99274.390625
3440251522,99273.890625
3440291741,99274.531250
3440331385,99276.625000
3440371632,99277.390625
3440411387,99275.281250
3440452878,99274.703125
3440493043,99276.156250
3440533916,99277.328125
3440573473,99276.453125
3440614779,99275.109375
3440654518,99275.531250
3440695071,99275.046875
3440735200,99275.843750
3440775412,99276.468750
3440819359,99275.328125
3440859215,99274.000000
3440899162,99274.828125
3440939432,99275.515625
3440979670,99276.703125
3441019324,99276.453125
3441059508,99276.921875
3441099199,99276.609375
3441140026,99276.781250
3441180324,99278.640625
3441220000,99279.078125
3441260089,99278.625000
3441300886,99276.812500
3441340345,99277.265625
3441380650,99275.921875
3441421223,99276.734375
3441461008,99276.968750
3441501121,99277.062500
3441541776,99274.125000
3441581377,99274.500000
3441621081,99274.171875
3441661153,99275.984375
3441701902,99276.109375
3441741682,99275.578125
3441781996,99276.250000
3441821739,99275.218750
3441861821,99277.140625
3441901351,99276.328125
3441942022,99277.250000
3441982209,99276.500000
3442022784,99275.953125
3442062578,99276.312500
3442102123,99277.000000
3442142949,99276.718750
3442182073,99277.000000
3442222923,99277.453125
3442262123,99275.984375
3442302601,99276.984375
3442342025,99277.265625
3442382261,99275.796875
3442423135,99274.640625
3442463817,99274.734375
3442503634,99275.359375
3442543175,99275.843750
3442583842,99275.125000
3442623836,99275.765625
3442663023,99277.515625
3442703636,99278.656250
3442743546,99277.781250
3442787272,99278.312500
3442827616,99278.093750
3442867293,99277.156250
3442907659,99276.562500
3442947369,99276.703125
3442987676,99276.265625
3443027083,99275.828125
3443067709,99275.781250
3443107023,99276.890625
3443147923,99276.453125
3443187342,99276.718750
3443227108,99276.390625
3443267470,99276.000000
3443307748,99276.453125
3443349291,99277.968750
3443389895,99276.781250
3443429158,99277.953125
3443469400,99278.328125
3443509051,99280.140625
3443549607,99280.875000
3443589198,99279.859375
3443629621,99280.859375
3443669670,99278.781250
3443712563,99278.343750
3443752238,99276.890625
3443792499,99278.593750
3443832884,99279.906250
3443873861,99279.281250
3443913107,99281.328125
3443953431,99279.890625
3443993743,99281.578125
3444033291,99279.828125
3444078197,99279.750000
3444118620,99278.828125
3444158463,99279.984375
3444198768,99280.375000
3444238857,99279.562500
3444278963,99281.968750
3444318207,99283.000000
3444358568,99282.468750
3444398046,99281.390625
3444438328,99281.421875
3444478157,99281.890625
3444518480,99281.687500
3444558968,99280.078125
3444598378,99282.843750
3444641099,99281.875000
3444681252,99282.828125
3444721946,99282.937500
3444761387,99282.796875
3444801674,99283.437500
3444841763,99283.265625
3444881850,99282.671875
3444921056,99283.203125
3444961505,99284.140625
3445005211,99283.234375
3445045160,99283.187500
3445087528,99283.062500
3445127779,99283.296875
3445170783,99284.125000
3445210289,99283.546875
3445250723,99284.281250
3445290491,99284.328125
3445330177,99285.421875
3445370534,99286.484375
3445410654,99286.250000
3445450278,99286.500000
3445490930,99284.765625
3445534111,99284.593750
3445574141,99285.953125
3445614523,99286.359375
3445654003,99288.359375
3445694619,99287.250000
3445734903,99287.875000
3445774646,99287.640625
3445814959,99289.296875
3445854825,99289.421875
3445894190,99289.031250
3445934206,99287.531250
3445975126,99287.328125
3446015494,99289.203125
3446055365,99291.250000
3446095891,99291.390625
3446135837,99290.031250
3446175916,99287.687500
3446215110,99290.140625
3446255240,99291.734375
3446299693,99292.062500
3446339583,99290.406250
3446381081,99290.546875
3446421514,99289.593750
3446461588,99291.375000
3446501143,99292.250000
3446541470,99294.031250
3446581757,99293.156250
3446621035,99292.125000
3446664547,99290.609375
3446704508,99292.515625
3446744353,99295.421875
3446784558,99293.390625
3446825041,99294.906250
3446865614,99292.843750
3446905914,99292.546875
3446945210,99293.296875
3446985338,99295.859375
3447028244,99296.593750
3447068037,99295.828125
3447108552,99292.187500
3447148334,99292.250000
3447188252,99295.531250
3447229063,99296.343750
3447269736,99296.046875
3447309284,99292.875000
3447349670,99290.640625
3447391354,99294.515625
3447431713,99295.437500
3447471626,99294.015625
3447511938,99294.750000
3447551352,99294.500000
3447591955,99295.046875
3447631217,99297.828125
3447671030,99299.359375
3447711212,99301.000000
3447754241,99298.484375
3447794565,99298.765625
3447835433,99296.640625
3447875615,99298.437500
3447915902,99300.171875
3447955962,99304.453125
3447995176,99300.671875
3448036107,99293.000000
3448076284,99296.171875
3448116020,99297.421875
3448156150,99296.859375
3448196498,99297.312500
3448236246,99296.562500
3448276451,99294.718750
3448320499,99298.281250
3448360908,99300.062500
3448400100,99301.578125
3448440709,99300.046875
3448481771,99297.843750
3448521568,99297.406250
3448561498,99299.625000
3448601044,99303.843750
3448641758,99305.390625
3448685092,99304.718750
3448725884,99301.187500
3448765546,99299.984375
3448806023,99303.281250
3448846782,99304.609375
3448886436,99303.578125
3448926090,99302.156250
3448966523,99301.859375
3449006001,99299.968750
3449046398,99302.000000
3449086094,99304.031250
3449126415,99303.812500
3449166075,99303.093750
3449206684,99301.812500
3449246306,99303.265625
3449286298,99305.015625
3449326357,99305.234375
3449366011,99305.125000
3449406353,99303.796875
3449446279,99305.031250
3449486055,99305.234375
3449527002,99306.734375
3449567929,99306.687500
3449607099,99306.859375
3449650540,99304.937500
3449690432,99305.125000
3449731000,99306.078125
3449772067,99306.593750
3449812443,99307.046875
3449852466,99305.531250
3449892242,99305.140625
3449932418,99306.406250
3449972929,99307.453125
3450012171,99306.343750
3450052229,99306.546875
3450092778,99307.843750
3450133016,99309.109375
3450173809,99309.765625
3450215847,99309.156250
3450255880,99310.265625
3450295848,99311.062500
3450336041,99311.421875
3450376446,99311.859375
3450416829,99311.203125
3450456771,99310.031250
3450496698,99310.062500
3450536815,99311.031250
3450579719,99311.625000
3450620137,99312.187500
3450660150,99311.234375
3450700558,99310.296875
3450740516,99311.656250
3450780657,99313.187500
3450820209,99314.328125
3450860532,99312.875000
3450900921,99310.968750
3450945251,99310.937500
3450985647,99314.468750
3451026132,99314.828125
3451066328,99314.609375
3451108635,99313.125000
3451149084,99315.687500
3451189147,99316.734375
3451230037,99317.500000
3451270266,99315.734375
3451310408,99314.296875
3451350849,99314.609375
3451390660,99317.062500
3451430450,99317.921875
3451473364,99317.859375
3451513786,99316.250000
3451553079,99316.875000
3451593046,99318.093750
3451633964,99317.578125
3451673835,99317.406250
3451713811,99318.921875
3451753683,99317.156250
3451793116,99317.859375
3451833773,99317.437500
3451873379,99318.296875
3451913770,99319.859375
3451953394,99321.328125
3451993773,99319.359375
3452037375,99318.656250
3452077814,99317.984375
3452117414,99320.234375
3452157629,99321.703125
3452197939,99321.890625
3452238083,99320.125000
3452278559,99320.578125
3452318057,99320.531250
3452358262,99321.968750
3452401787,99322.875000
3452441554,99322.687500
3452481574,99322.078125
3452521393,99323.390625
3452561114,99325.156250
3452602440,99324.171875
3452642176,99323.046875
3452682474,99324.234375
3452722448,99324.578125
3452762847,99326.453125
3452802104,99324.015625
3452842198,99323.390625
3452882470,99324.000000
3452922700,99326.234375
3452962146,99324.359375
3453002270,99324.359375
3453042019,99324.734375
3453082553,99326.125000
3453122933,99326.796875
3453165003,99326.531250
3453205063,99326.796875
3453245975,99327.375000
3453285329,99326.859375
3453325149,99327.187500
3453365890,99327.843750
3453406019,99327.828125
3453446956,99329.359375
3453486615,99329.421875
3453529196,99329.906250
3453569856,99329.812500
3453609055,99330.000000
3453649464,99331.046875
3453689552,99330.468750
3453729906,99330.546875
3453769319,99330.140625
3453809654,99331.437500
3453849125,99330.984375
3453892153,99331.156250
3453933098,99330.515625
3453973617,99331.531250
3454013159,99331.875000
3454054591,99332.000000
3454094478,99332.109375
3454134716,99332.734375
3454174619,99332.609375
3454214900,99332.093750
3454257192,99332.359375
3454297458,99334.796875
3454337135,99334.234375
3454377872,99334.062500
3454417092,99332.437500
3454457552,99334.125000
3454497552,99334.078125
3454537445,99335.609375
3454577208,99334.453125
3454617608,99333.171875
3454658180,99335.187500
3454698599,99335.890625
3454738793,99337.312500
3454778394,99336.781250
3454818902,99337.718750
3454858217,99337.828125
3454898153,99338.890625
3454938102,99337.265625
3454978606,99337.703125
3455022533,99337.859375
3455062230,99339.453125
3455102538,99339.546875
3455142634,99340.187500
3455182588,99340.140625
3455222171,99341.031250
3455262022,99339.765625
3455302407,99339.312500
3455342541,99338.265625
3455385636,99339.500000
3455426140,99341.718750
3455466285,99341.718750
3455507032,99341.343750
3455550461,99341.281250
3455590471,99341.609375
3455630251,99340.734375
3455670173,99342.531250
3455711093,99342.156250
3455751540,99341.546875
3455791004,99340.515625
3455831454,99342.953125
3455871115,99343.828125
3455911586,99343.828125
3455951587,99344.640625
3455991167,99344.500000
3456031795,99342.968750
3456071453,99345.093750
3456111582,99345.765625
3456151888,99346.781250
3456191862,99343.875000
3456231387,99341.890625
3456271306,99344.390625
3456311758,99343.718750
3456352106,99345.109375
3456392544,99345.703125
3456432373,99344.203125
3456472728,99344.421875
3456512210,99344.031250
3456552673,99346.875000
3456593105,99345.921875
3456634102,99347.593750
3456674189,99344.828125
3456714682,99344.046875
3456754008,99346.156250
3456794732,99349.062500
3456834335,99349.140625
3456874460,99346.312500
3456915065,99346.453125
3456955271,99346.968750
3456995744,99349.015625
3457035710,99349.671875
3457077053,99348.812500
3457117370,99347.812500
3457157048,99348.593750
3457197797,99349.078125
3457237740,99350.843750
3457277262,99351.156250
3457317175,99350.578125
3457358106,99349.953125
3457398851,99350.265625
3457442027,99350.656250
3457482795,99352.234375
3457522439,99353.093750
3457563390,99352.000000
3457607298,99351.890625
3457647434,99351.968750
3457687575,99352.312500
3457727263,99352.062500
3457767723,99352.125000
3457807555,99353.140625
3457847705,99353.156250
3457887264,99352.750000
3457927368,99353.093750
3457970508,99354.312500
3458011076,99353.984375
3458051284,99354.734375
3458091470,99355.578125
3458131822,99356.000000
3458172233,99355.765625
3458212783,99355.125000
3458252045,99356.546875
3458292178,99356.390625
3458336172,99357.062500
3458376692,99355.375000
3458416819,99355.656250
3458456485,99357.109375
3458496481,99357.765625
3458536108,99357.000000
3458576433,99356.890625
3458616546,99356.562500
3458656477,99356.234375
3458699299,99356.750000
3458739363,99358.703125
3458779798,99358.234375
3458819931,99359.390625
3458859605,99360.031250
3458899462,99358.265625
3458939138,99359.031250
3458979624,99360.296875
3459019788,99359.671875
3459059466,99360.515625
3459099033,99359.781250
3459139586,99359.828125
3459179435,99359.968750
3459219429,99360.437500
3459259109,99361.515625
3459299320,99362.125000
3459340117,99362.531250
3459380626,99360.609375
3459420808,99361.250000
3459462963,99361.468750
3459502808,99362.546875
3459542947,99364.625000
3459582465,99364.703125
3459622739,99363.906250
3459662198,99364.015625
3459702184,99363.750000
3459742287,99364.625000
3459782815,99363.062500
3459826871,99363.656250
3459866440,99362.843750
3459906473,99365.562500
3459946849,99364.968750
3459986513,99364.937500
3460027328,99366.015625
3460067839,99365.718750
3460107987,99367.609375
3460147147,99366.406250
3460187919,99366.687500
3460227895,99368.625000
3460267306,99368.828125
3460307278,99367.375000
3460347585,99366.718750
3460391582,99365.703125
3460431156,99367.468750
3460471705,99367.671875
3460511517,99368.625000
3460551829,99367.984375
3460591824,99368.375000
3460631394,99369.078125
3460671997,99371.187500
3460711247,99370.843750
3460751729,99370.281250
3460791755,99368.984375
3460831634,99371.031250
3460872875,99370.515625
3460912816,99370.531250
3460955671,99368.671875
3460995345,99369.781250
3461036058,99372.937500
3461076061,99374.359375
3461116256,99373.671875
3461157066,99373.031250
3461197869,99371.343750
3461237833,99372.703125
3461277482,99374.265625
3461317840,99373.906250
3461357322,99376.531250
3461398124,99376.734375
3461438130,99375.890625
3461478681,99375.406250
3461521865,99376.609375
3461561262,99376.625000
3461601099,99375.812500
3461641135,99380.000000
3461681414,99377.968750
3461721418,99378.234375
3461761639,99376.734375
3461801540,99376.734375
3461841633,99374.687500
3461881350,99375.656250
3461921297,99376.656250
3461961435,99376.750000
3462001275,99378.359375
3462041329,99378.765625
3462081606,99379.375000
3462121548,99380.781250
3462161781,99377.953125
3462201968,99378.203125
3462242045,99380.187500
3462287062,99383.359375
3462327880,99383.218750
3462368036,99382.093750
3462408589,99379.656250
3462452515,99381.109375
3462492186,99382.750000
3462532089,99383.531250
3462572432,99382.859375
3462612038,99381.656250
3462652861,99381.078125
3462692338,99382.593750
3462732296,99383.046875
3462772222,99384.984375
3462815533,99385.562500
3462855135,99384.593750
3462895874,99384.937500
3462935424,99385.890625
3462975328,99386.093750
3463015324,99385.625000
3463055237,99384.640625
3463095456,99383.625000
3463136063,99382.906250
3463182330,99383.390625
3463222974,99386.421875
3463262227,99386.781250
3463302263,99383.296875
3463344706,99385.312500
3463384075,99386.328125
3463425144,99388.250000
3463465005,99388.921875
3463509673,99387.500000
3463549088,99388.515625
3463589542,99386.859375
3463630264,99389.125000
3463670054,99389.234375
3463710934,99390.593750
3463750421,99387.656250
3463790973,99385.890625
3463831289,99386.109375
3463873961,99388.000000
3463913370,99387.734375
3463953992,99386.203125
3463993191,99385.250000
3464034009,99386.609375
3464074717,99388.953125
3464114327,99388.218750
3464154654,99387.437500
3464194410,99387.937500
3464234993,99388.546875
3464274844,99389.843750
3464315077,99389.390625
3464355405,99391.484375
3464396059,99391.328125
3464437942,99390.781250
3464477866,99390.734375
3464517991,99390.234375
3464557369,99392.390625
3464597946,99392.796875
3464637925,99392.015625
3464677495,99390.562500
3464717898,99390.171875
3464758133,99389.718750
3464798620,99389.687500
3464838632,99389.843750
3464878503,99390.375000
3464918490,99390.421875
3464958826,99391.531250
3465001624,99392.265625
3465041670,99392.031250
3465081408,99390.468750
3465121462,99389.296875
3465161756,99390.812500
3465201037,99392.156250
3465242076,99393.796875
3465284459,99393.593750
3465324155,99392.687500
3465364781,99393.109375
3465404478,99391.671875
3465444613,99392.890625
3465485327,99393.031250
3465525262,99392.062500
3465565192,99390.734375
3465605808,99391.359375
3465645911,99392.703125
3465685684,99393.281250
3465727264,99392.765625
3465767978,99392.328125
3465807364,99392.562500
3465847613,99394.125000
3465888175,99393.734375
3465928631,99394.312500
3465968963,99393.125000
3466008605,99393.765625
3466048881,99393.562500
3466092454,99394.734375
3466132935,99396.359375
3466172176,99396.015625
3466212312,99396.156250
3466252903,99395.656250
3466292338,99394.312500
3466332608,99394.203125
3466372130,99396.500000
3466412642,99396.671875
3466454181,99396.203125
3466494175,99395.718750
3466534091,99396.843750
3466574712,99396.750000
3466614356,99396.796875
3466654672,99398.515625
3466694181,99398.687500
3466735032,99397.562500
3466775810,99398.281250
3466815208,99399.359375
3466855285,99399.250000
3466895543,99397.671875
3466935308,99396.656250
3466975626,99396.984375
3467015292,99398.406250
3467055425,99399.500000
3467095339,99398.562500
3467135782,99399.109375
3467175036,99399.046875
3467216120,99401.062500
3467256025,99401.156250
3467296277,99400.234375
3467336393,99400.125000
3467376831,99400.140625
3467416580,99400.453125
3467456532,99400.859375
3467496829,99401.406250
3467536036,99400.593750
3467576848,99401.953125
3467619810,99401.203125
3467659534,99401.671875
3467699860,99400.125000
3467739166,99399.437500
3467779787,99398.203125
3467819481,99400.765625
3467859144,99399.765625
3467899455,99400.343750
3467939251,99400.484375
3467979677,99401.265625
3468019617,99401.171875
3468059031,99401.515625
3468099596,99401.843750
3468139769,99401.093750
3468182526,99400.437500
3468222883,99400.890625
3468262448,99401.421875
3468302208,99401.000000
3468343942,99400.265625
3468383295,99398.671875
3468423292,99397.984375
3468463420,99398.328125
3468503374,99399.265625
3468548691,99399.093750
3468588989,99398.140625
3468628848,99397.593750
3468668179,99399.281250
3468708820,99398.937500
3468748959,99397.890625
3468788190,99399.656250
3468828026,99399.281250
3468868603,99399.796875
3468912021,99399.093750
3468953152,99399.296875
3468993318,99400.421875
3469033052,99400.359375
3469073092,99398.703125
3469113073,99399.328125
3469153369,99399.109375
3469193228,99399.375000
3469233541,99399.046875
3469273618,99397.359375
3469313764,99398.984375
3469354093,99398.609375
3469394919,99399.687500
3469434014,99399.125000
3469476476,99400.187500
3469516167,99399.078125
3469556461,99400.468750
3469597471,99400.468750
3469637629,99400.609375
3469677731,99400.312500
3469718084,99399.859375
3469758537,99400.781250
3469798436,99400.437500
3469842090,99401.218750
3469884107,99400.781250
3469924140,99400.343750
3469964494,99402.593750
3470006631,99402.375000
3470047078,99401.843750
3470087331,99399.218750
3470127352,99399.984375
3470167986,99400.562500
3470207354,99400.984375
3470247666,99400.156250
3470287216,99399.265625
3470327193,99399.421875
3470371010,99400.140625
3470411212,99401.156250
3470451274,99402.687500
3470491829,99403.750000
3470531113,99404.031250
3470572102,99402.421875
3470612328,99403.515625
3470652743,99404.390625
3470692256,99402.812500
3470732373,99402.281250
3470772721,99403.046875
3470812364,99403.468750
3470852453,99403.937500
3470892730,99403.609375
3470936386,99404.906250
3470976797,99405.828125
3471016254,99405.625000
3471056860,99404.109375
3471096407,99403.109375
3471136936,99403.656250
3471176192,99404.796875
3471216971,99404.890625
3471256408,99406.390625
3471297940,99404.531250
3471337151,99403.828125
3471377826,99402.359375
3471417192,99403.484375
3471457250,99404.656250
3471497317,99405.062500
3471537731,99404.593750
3471577432,99405.484375
3471617957,99405.468750
3471657175,99405.390625
3471697271,99404.281250
3471737661,99404.046875
3471777017,99403.281250
3471817595,99404.000000
3471859786,99404.468750
3471899619,99403.953125
3471939848,99403.953125
3471979437,99402.984375
3472019015,99402.453125
3472059936,99400.265625
3472099316,99402.968750
3472139037,99401.953125
3472179229,99402.531250
3472219136,99402.640625
3472259426,99401.859375
3472299193,99403.687500
3472339495,99402.828125
3472379683,99401.531250
3472419314,99403.281250
3472459576,99402.218750
3472499063,99402.406250
3472539094,99402.140625
3472579936,99406.640625
3472619437,99405.843750
3472659108,99405.906250
3472699013,99407.500000
3472739101,99406.125000
3472779538,99406.359375
3472823641,99403.796875
3472863326,99404.390625
3472903306,99405.453125
3472943779,99406.984375
3472983023,99405.281250
3473023059,99401.515625
3473063952,99402.734375
3473103082,99405.718750
3473144068,99410.296875
3473186992,99410.000000
3473226897,99404.546875
3473266070,99403.234375
3473306551,99401.953125
3473346275,99405.250000
3473386026,99408.953125
3473426765,99410.281250
3473466260,99408.015625
3473506728,99404.859375
3473549608,99408.468750
3473589329,99408.109375
3473629562,99411.281250
3473669149,99405.484375
3473709368,99407.796875
3473749668,99405.421875
3473789865,99407.281250
3473830004,99407.109375
3473870176,99405.421875
3473914715,99402.625000
3473954028,99401.187500
3473994408,99402.468750
3474034439,99404.234375
3474074072,99404.812500
3474116301,99405.750000
3474156226,99404.359375
3474196424,99404.562500
3474236127,99404.078125
3474276122,99404.125000
3474316850,99403.937500
3474356780,99404.718750
3474396357,99404.140625
3474436503,99404.437500
3474476459,99405.718750
3474518385,99405.093750
3474558275,99404.859375
3474598688,99403.546875
3474638169,99404.296875
3474678776,99404.312500
3474719107,99405.421875
3474759936,99405.515625
3474799159,99405.296875
3474839373,99404.046875
3474882126,99405.000000
3474922744,99405.109375
3474962891,99403.500000
3475002175,99404.468750
3475042471,99404.296875
3475082016,99404.531250
3475122340,99405.609375
3475164064,99405.046875
3475204338,99406.421875
3475244324,99407.125000
3475284478,99406.328125
3475324228,99407.265625
3475365115,99405.843750
3475406060,99406.093750
3475447996,99406.156250
3475487390,99405.156250
3475527217,99406.734375
3475567243,99407.062500
3475607504,99405.734375
3475648030,99406.859375
3475688347,99406.218750
3475728868,99407.375000
3475768906,99407.953125
3475808000,99407.531250
3475848472,99406.781250
3475888142,99406.906250
3475928365,99406.890625
3475968240,99408.656250
3476011026,99407.812500
3476051355,99408.296875
3476091089,99408.390625
3476131804,99409.000000
3476175504,99408.859375
3476216439,99408.531250
3476256015,99408.968750
3476296800,99408.453125
3476340729,99407.937500
3476380825,99408.828125
3476420163,99409.296875
3476461131,99409.734375
3476501272,99410.718750
3476541424,99412.343750
3476581696,99410.812500
3476621050,99408.937500
3476662047,99410.750000
3476704398,99410.500000
3476744554,99412.750000
3476784879,99410.140625
3476824707,99411.812500
3476864138,99411.312500
3476904080,99411.218750
3476944880,99411.093750
3476984036,99411.234375
3477025072,99412.187500
3477065661,99412.671875
3477105478,99411.656250
3477145927,99412.343750
3477185081,99412.921875
3477226077,99412.531250
3477270528,99413.656250
3477310347,99412.640625
3477350475,99412.125000
3477390748,99412.640625
3477430286,99413.156250
3477470370,99412.609375
3477510501,99412.671875
3477550385,99411.015625
3477590810,99411.109375
3477633823,99411.312500
3477673436,99412.375000
3477713337,99411.515625
3477753012,99411.312500
3477793644,99410.312500
3477833281,99411.656250
3477873100,99411.734375
3477913064,99411.296875
3477954071,99411.906250
3477996683,99411.343750
3478036603,99411.687500
3478076310,99412.390625
3478116093,99412.781250
3478156383,99411.734375
3478196096,99411.515625
3478237013,99411.703125
3478277906,99412.609375
3478317586,99414.984375
3478361577,99413.968750
3478401915,99410.718750
3478441802,99410.781250
3478481162,99411.515625
3478527407,99414.218750
3478567435,99414.781250
3478607762,99412.562500
3478647199,99412.421875
3478690244,99413.968750
3478730134,99414.093750
3478770445,99415.609375
3478810704,99414.859375
3478851062,99413.062500
3478891732,99413.343750
3478931141,99414.734375
3478972129,99415.515625
3479012485,99415.671875
3479054249,99414.015625
3479094088,99413.953125
3479134957,99414.125000
3479175048,99416.687500
3479215154,99415.781250
3479255370,99414.359375
3479295540,99412.531250
3479335545,99413.015625
3479375569,99414.109375
3479418221,99414.156250
3479458741,99414.515625
3479498000,99413.828125
3479538714,99413.390625
3479578744,99414.500000
3479618228,99413.859375
3479658081,99414.609375
3479698592,99414.906250
3479739039,99413.390625
3479781461,99414.531250
3479821893,99414.500000
3479861267,99414.531250
3479901213,99412.140625
3479942009,99412.375000
3479982339,99411.046875
3480022780,99410.937500
3480062117,99410.968750
3480102858,99411.312500
3480142458,99411.734375
3480182821,99412.140625
3480222138,99411.687500
3480262041,99411.890625
3480302182,99411.109375
3480342123,99411.765625
3480382425,99411.890625
3480422895,99412.484375
3480462500,99413.218750
3480502578,99413.375000
3480545041,99412.156250
3480585740,99412.937500
3480625584,99411.093750
3480665149,99411.828125
3480705703,99412.859375
3480745271,99412.984375
3480785525,99411.109375
3480825403,99411.390625
3480865232,99411.609375
3480907095,99411.828125
3480947788,99412.593750
3480987230,99412.687500
3481027096,99411.453125
3481068062,99410.015625
3481108141,99412.281250
3481148786,99412.718750
3481188922,99412.843750
3481228981,99412.078125
3481271387,99410.109375
3481311147,99411.265625
3481351582,99411.250000
3481391908,99413.375000
3481432069,99415.015625
3481473096,99413.203125
3481513153,99411.156250
3481553261,99410.859375
3481593694,99412.015625
3481636912,99412.484375
3481676776,99412.093750
3481716367,99411.906250
3481756493,99411.984375
3481796604,99412.828125
3481836886,99411.906250
3481876768,99413.421875
3481916217,99411.984375
3481956838,99411.984375
3481996006,99411.500000
3482037176,99412.265625
3482077049,99411.828125
3482117310,99413.062500
3482157282,99413.484375
3482197425,99413.453125
3482237160,99411.671875
3482277911,99411.812500
3482317177,99412.328125
3482357959,99413.156250
3482397113,99412.531250
3482437687,99413.328125
3482477201,99413.390625
3482517468,99412.578125
3482557277,99412.093750
3482599841,99412.796875
3482639856,99414.718750
3482679443,99413.890625
3482719033,99412.468750
3482759603,99413.125000
3482800392,99413.515625
3482840496,99415.125000
3482880111,99414.906250
3482920101,99414.390625
3482960418,99412.031250
3483000090,99412.171875
3483040171,99413.015625
3483080090,99412.781250
3483120290,99412.375000
3483162861,99412.531250
3483202048,99412.718750
3483242156,99413.843750
3483282951,99413.500000
3483322511,99413.437500
3483362480,99412.859375
3483402825,99412.781250
3483442139,99413.296875
3483483485,99413.953125
3483525707,99413.656250
3483565585,99414.375000
3483605913,99413.203125
3483645446,99413.343750
3483685691,99414.187500
3483725135,99414.109375
3483765290,99412.671875
3483805863,99411.625000
3483846179,99411.296875
3483886524,99413.046875
3483926189,99413.250000
3483966768,99413.031250
3484006293,99412.640625
3484046665,99411.843750
3484091538,99411.156250
3484131838,99410.125000
3484171443,99410.781250
3484212033,99410.687500
3484256848,99410.750000
3484296009,99410.375000
3484336598,99409.312500
3484376160,99410.593750
3484416462,99410.359375
3484457209,99409.812500
3484497842,99409.609375
3484537375,99409.437500
3484577001,99410.828125
3484617339,99408.171875
3484658101,99408.718750
3484698214,99408.656250
3484738702,99408.562500
3484778146,99408.843750
3484822009,99408.984375
3484862770,99409.078125
3484902182,99408.875000
3484943419,99408.625000
3484983537,99408.203125
3485023407,99409.093750
3485063880,99408.343750
3485103486,99407.796875
3485144315,99407.515625
3485186704,99408.187500
3485226394,99408.203125
3485266005,99407.421875
3485306745,99407.515625
3485346879,99408.718750
3485387051,99407.843750
3485427950,99408.906250
3485467265,99408.500000
3485507585,99408.406250
3485550256,99408.031250
3485590039,99408.437500
3485631007,99408.015625
3485671529,99408.062500
3485713797,99408.078125
3485753066,99407.703125
3485793823,99407.937500
3485833366,99408.218750
3485874138,99407.406250
3485914661,99406.968750
3485954887,99406.375000
3485994914,99407.312500
3486034786,99405.828125
3486074123,99406.000000
3486114214,99408.796875
3486154193,99406.328125
3486195007,99407.609375
3486235749,99409.093750
3486279222,99406.546875
3486319313,99407.000000
3486359298,99408.140625
3486399404,99407.156250
3486439071,99408.671875
3486480048,99408.875000
3486520461,99406.656250
3486560069,99409.390625
3486600488,99408.703125
3486642782,99407.015625
3486682085,99408.921875
3486722857,99408.406250
3486762486,99408.593750
3486802638,99408.906250
3486842475,99408.312500
3486882074,99407.609375
3486922185,99410.078125
3486962920,99408.812500
3487006613,99408.968750
3487048187,99409.468750
3487089995,99409.171875
3487129195,99409.218750
3487172456,99409.468750
3487213071,99408.640625
3487253528,99408.875000
3487293484,99408.484375
3487333360,99408.906250
3487373897,99409.171875
3487413040,99409.578125
3487453764,99409.343750
3487493135,99408.515625
3487536440,99410.109375
3487576768,99411.078125
3487617083,99410.875000
3487657274,99410.218750
3487697060,99409.812500
3487737075,99410.921875
3487777330,99410.703125
3487817669,99410.687500
3487857823,99411.187500
3487897475,99411.234375
3487937629,99411.531250
3487977841,99410.968750
3488018130,99410.718750
3488058629,99410.484375
3488102159,99412.468750
3488142213,99412.281250
3488182685,99411.765625
3488222255,99412.031250
3488266378,99411.203125
3488306469,99411.296875
3488346689,99410.687500
3488386559,99411.656250
3488427063,99412.453125
3488467767,99412.812500
3488507557,99411.875000
3488547281,99411.390625
3488587222,99411.250000
3488630349,99413.406250
3488670879,99414.343750
3488710568,99413.812500
3488750304,99411.968750
3488790800,99411.234375
3488830765,99413.265625
3488870141,99413.546875
3488910696,99414.640625
3488950805,99414.000000
3488993677,99411.750000
3489033538,99413.296875
3489073362,99414.093750
3489113868,99415.484375
3489153648,99415.750000
3489193889,99413.593750
3489233438,99412.703125
3489274114,99413.937500
3489314498,99415.796875
3489358715,99416.703125
3489398566,99415.453125
3489438453,99414.546875
3489478877,99414.593750
3489518728,99416.718750
3489559247,99417.250000
3489599099,99417.765625
3489639034,99416.109375
3489679400,99416.203125
3489719446,99417.328125
3489759957,99418.265625
3489799828,99418.828125
3489839773,99418.015625
3489879365,99417.312500
3489922262,99417.328125
3489962371,99418.109375
3490002848,99418.812500
3490042900,99418.656250
3490083040,99416.312500
3490123113,99416.218750
3490163220,99417.484375
3490204031,99418.015625
3490244935,99418.671875
3490290177,99418.031250
3490330874,99416.671875
3490370000,99418.421875
3490411043,99420.000000
3490454778,99419.500000
3490494989,99419.890625
3490534337,99419.093750
3490574390,99421.109375
3490614673,99420.156250
3490654531,99421.359375
3490695091,99421.046875
3490735789,99420.593750
3490775377,99421.515625
3490819166,99422.781250
3490860778,99422.015625
3490900300,99420.234375
3490940192,99422.828125
3490983447,99423.437500
3491023069,99422.500000
3491063528,99423.234375
3491103510,99423.156250
3491143371,99422.703125
3491183676,99422.406250
3491223291,99423.031250
3491263727,99423.718750
3491303710,99425.578125
3491346182,99425.234375
3491386756,99424.812500
3491426434,99424.187500
3491467051,99424.625000
3491507289,99425.390625
3491547448,99425.234375
3491588072,99426.109375
3491628660,99426.062500
3491668513,99426.078125
3491708749,99426.218750
3491748023,99426.312500
3491789074,99426.234375
3491829961,99426.546875
3491869447,99426.312500
3491909593,99426.859375
3491949505,99427.156250
3491989724,99427.250000
3492029481,99427.625000
3492070797,99427.843750
3492110370,99426.890625
3492150293,99428.406250
3492191098,99429.265625
3492231571,99428.531250
3492272004,99428.078125
3492316109,99429.562500
3492356753,99428.687500
3492397108,99428.984375
3492437051,99428.484375
3492480791,99429.187500
3492520188,99428.703125
3492560784,99428.671875
3492601081,99429.406250
3492641115,99430.609375
3492681903,99430.015625
3492721524,99431.343750
3492761717,99429.453125
3492801133,99430.984375
3492844680,99430.625000
3492884164,99431.828125
3492924446,99431.515625
3492964910,99431.093750
3493004990,99432.609375
3493044207,99431.859375
3493084977,99433.515625
3493124552,99433.781250
3493165295,99432.546875
3493207649,99431.718750
3493247848,99432.625000
3493288276,99432.812500
3493328172,99432.093750
3493368800,99434.062500
3493408834,99434.031250
3493449033,99433.437500
3493489538,99433.625000
3493529835,99434.531250
3493569189,99434.078125
3493609155,99433.906250
3493649328,99433.937500
3493689447,99433.515625
3493729582,99434.265625
3493769106,99434.265625
3493809430,99434.531250
3493849622,99434.156250
3493889699,99435.531250
3493929339,99435.687500
3493973370,99435.343750
3494013181,99436.406250
3494053475,99435.718750
3494093910,99436.468750
3494133515,99436.765625
3494173634,99436.921875
3494213460,99437.796875
3494253731,99437.625000
3494293029,99436.734375
3494333810,99437.468750
3494373991,99438.109375
3494413845,99438.203125
3494454155,99438.625000
3494494294,99437.875000
3494537143,99438.968750
3494577080,99439.468750
3494619136,99439.421875
3494659520,99439.296875
3494703289,99439.515625
3494743436,99440.843750
3494783458,99440.375000
3494823700,99441.203125
3494864102,99440.906250
3494904746,99440.937500
3494944172,99440.281250
3494984753,99439.468750
3495025078,99441.000000
3495067540,99442.578125
3495108104,99442.296875
3495148386,99442.203125
3495188060,99440.296875
3495228943,99441.703125
3495268933,99442.109375
3495308277,99442.640625
3495348025,99443.343750
3495388597,99442.406250
3495431633,99442.656250
3495471737,99443.828125
3495511851,99444.718750
3495551100,99444.531250
3495592084,99443.281250
3495633059,99443.687500
3495674737,99443.906250
3495714208,99444.859375
3495754197,99445.546875
3495795953,99445.296875
3495835843,99443.703125
3495875188,99443.625000
3495915685,99445.578125
3495955021,99446.281250
3495995884,99445.671875
3496035511,99446.281250
3496075088,99447.484375
3496115585,99445.937500
3496155409,99447.734375
3496195177,99447.343750
3496235970,99447.765625
3496276461,99448.140625
3496316031,99447.140625
3496356730,99448.343750
3496396446,99449.312500
3496436343,99448.218750
3496476780,99448.640625
3496516069,99448.500000
3496556052,99450.375000
3496596457,99450.515625
3496636099,99450.656250
3496676897,99449.578125
3496716614,99449.328125
3496756034,99450.343750
3496796829,99451.734375
3496836523,99452.453125
3496876370,99450.656250
3496916374,99451.140625
3496956423,99452.031250
3496996595,99452.140625
3497036503,99452.640625
3497076336,99451.406250
3497116686,99451.890625
3497156834,99450.812500
3497197000,99452.906250
3497237820,99453.531250
3497278591,99452.843750
3497318839,99453.921875
3497358911,99453.265625
3497398494,99453.906250
3497438146,99454.562500
3497478031,99454.468750
3497518963,99454.937500
3497558312,99455.156250
3497598265,99453.375000
3497638276,99455.812500
3497678164,99456.015625
3497718329,99457.078125
3497758759,99456.156250
3497798749,99455.734375
3497838686,99455.875000
3497878539,99456.453125
3497918747,99456.640625
3497958297,99457.625000
3497999060,99457.156250
3498039905,99457.015625
3498079760,99458.718750
3498123505,99457.640625
3498163441,99458.312500
3498203465,99457.750000
3498243544,99457.562500
3498289561,99459.437500
3498330020,99459.562500
3498370100,99458.828125
3498410064,99459.250000
3498452853,99459.078125
3498492606,99459.859375
3498532056,99460.781250
3498572433,99460.968750
3498612387,99460.828125
3498654069,99461.062500
3498694789,99461.828125
3498734571,99462.171875
3498774412,99463.296875
3498814537,99461.781250
3498854293,99462.125000
3498894112,99461.812500
3498934884,99461.578125
3498974739,99462.312500
3499014835,99462.453125
3499054566,99463.281250
3499094685,99463.500000
3499134319,99464.578125
3499174257,99466.031250
3499214133,99465.343750
3499255010,99464.328125
3499296068,99464.937500
3499336680,99465.062500
3499376597,99464.796875
3499419377,99467.484375
3499459757,99465.218750
3499499729,99466.437500
3499539061,99465.812500
3499579061,99466.125000
3499620386,99467.093750
3499660766,99466.546875
3499700912,99467.312500
3499740798,99467.718750
3499780445,99469.453125
3499820939,99468.843750
3499860498,99469.187500
3499900492,99468.703125
3499941049,99466.390625
3499981240,99468.078125
3500021006,99468.578125
3500061335,99469.546875
3500101221,99470.359375
3500141820,99470.109375
3500181455,99470.578125
3500221926,99470.968750
3500261174,99469.359375
3500301266,99471.515625
3500341084,99470.906250
3500382658,99470.796875
3500422315,99472.906250
3500462697,99472.234375
3500502521,99472.156250
3500542861,99473.250000
3500582871,99472.640625
3500623057,99472.656250
3500663414,99472.953125
3500703606,99473.015625
3500743656,99473.312500
3500783492,99474.140625
3500824017,99472.796875
3500864666,99473.156250
3500904569,99473.687500
3500946592,99472.890625
3500987374,99474.000000
3501027602,99475.171875
3501067958,99475.453125
3501107799,99476.265625
3501147551,99476.375000
3501188309,99476.234375
3501228553,99476.609375
3501268950,99476.546875
3501311487,99476.250000
3501351154,99476.843750
3501391777,99477.203125
3501431982,99477.968750
3501471496,99478.687500
3501511295,99478.703125
3501551823,99478.906250
3501591982,99478.953125
3501631996,99480.421875
3501671220,99478.828125
3501711474,99478.609375
3501751106,99480.953125
3501791415,99479.750000
3501831395,99480.937500
3501871790,99480.515625
3501912086,99480.281250
3501952059,99481.046875
3501992980,99481.062500
3502032980,99481.734375
3502072232,99483.703125
3502112653,99482.968750
3502152052,99484.921875
3502192422,99482.937500
3502232352,99482.906250
3502276437,99484.015625
3502316365,99482.828125
3502356395,99483.609375
3502397019,99483.546875
3502441920,99483.687500
3502481120,99484.203125
3502521059,99484.312500
3502561119,99484.656250
3502601637,99485.140625
3502642817,99483.656250
3502682335,99484.046875
3502722629,99482.968750
3502762662,99483.984375
3502804759,99485.515625
3502844648,99485.031250
3502884169,99484.000000
3502925027,99484.484375
3502965193,99485.031250
3503005285,99486.109375
3503045175,99486.312500
3503085556,99484.937500
3503125463,99486.578125
3503165032,99485.953125
3503205661,99486.609375
3503245616,99485.359375
3503285987,99488.015625
3503325835,99486.390625
3503367123,99487.468750
3503407177,99487.437500
3503447189,99488.968750
3503487357,99488.984375
3503528015,99489.359375
3503568111,99490.328125
3503608150,99489.812500
3503648432,99488.968750
3503688338,99489.531250
3503728492,99489.765625
3503768095,99491.437500
3503809041,99491.687500
3503849024,99490.343750
3503890001,99491.312500
3503933566,99490.828125
3503973009,99491.984375
3504013537,99492.765625
3504053840,99491.500000
3504093595,99491.343750
3504133677,99491.968750
3504173445,99493.984375
3504214017,99494.390625
3504254353,99495.515625
3504294125,99495.156250
3504334156,99494.343750
3504374825,99495.140625
3504414556,99496.296875
3504454895,99497.109375
3504498260,99494.515625
3504538457,99496.500000
3504578216,99495.531250
3504618211,99496.156250
3504662345,99496.171875
3504702605,99498.312500
3504742721,99498.250000
3504782061,99498.546875
3504822302,99497.921875
3504862901,99499.000000
3504902885,99498.281250
3504942884,99499.265625
3504982052,99499.921875
3505022328,99497.687500
3505062028,99499.000000
3505103081,99499.968750
3505143442,99500.546875
3505183509,99501.062500
3505226431,99501.015625
3505266819,99500.656250
3505307065,99500.796875
3505348090,99501.953125
3505391465,99501.953125
3505431488,99501.984375
3505471819,99502.984375
3505511398,99503.328125
3505551627,99504.390625
3505591365,99504.375000
3505631070,99503.828125
3505671431,99503.687500
3505711725,99504.093750
3505754748,99505.218750
3505794582,99504.796875
3505834502,99506.000000
3505874871,99502.875000
3505914837,99504.671875
3505954869,99503.859375
3505994763,99505.781250
3506034447,99505.640625
3506074849,99503.890625
3506114940,99504.750000
3506155950,99506.140625
3506195291,99506.687500
3506235032,99506.828125
3506275431,99506.140625
3506315445,99506.671875
3506356471,99506.328125
3506396685,99507.156250
3506436397,99507.843750
3506477075,99506.937500
3506517776,99507.109375
3506557659,99507.328125
3506597537,99507.875000
3506637535,99509.140625
3506677877,99508.437500
3506717868,99508.593750
3506757593,99508.515625
3506797490,99509.156250
3506837513,99510.468750
3506877004,99510.109375
3506917643,99510.125000
3506957698,99511.140625
3506997590,99511.609375
3507037371,99511.781250
3507077770,99510.312500
3507117786,99510.000000
3507158789,99511.671875
3507198090,99512.218750
3507238777,99512.828125
3507278285,99514.906250
3507318257,99512.703125
3507359243,99514.140625
3507399151,99513.750000
3507440072,99512.671875
3507480452,99514.062500
3507520256,99514.296875
3507560197,99514.968750
3507600390,99515.312500
3507640425,99515.500000
3507680811,99514.625000
3507720439,99516.203125
3507760813,99515.437500
3507800139,99516.578125
3507839999,99516.265625
3507880390,99517.078125
3507920098,99516.687500
3507961175,99517.093750
3508001391,99517.312500
3508041517,99518.875000
3508081894,99518.468750
3508121577,99518.312500
3508161743,99517.406250
3508201011,99517.546875
3508241966,99519.406250
3508281177,99520.703125
3508321058,99520.734375
3508362084,99519.875000
3508402870,99520.687500
3508443028,99521.609375
3508483436,99523.921875
3508523852,99523.140625
3508563880,99521.968750
3508603183,99520.859375
3508643361,99521.171875
3508683751,99521.390625
3508723864,99523.187500
3508763172,99522.984375
3508803270,99522.750000
3508843695,99523.359375
3508884048,99523.203125
3508924740,99525.109375
3508964574,99523.859375
3509004484,99524.531250
3509044625,99522.953125
3509086800,99524.625000
3509126961,99525.562500
3509166583,99525.500000
3509206468,99525.515625
3509246331,99526.031250
3509287393,99525.437500
3509330867,99526.515625
3509370515,99527.281250
3509411936,99527.265625
3509451873,99526.781250
3509491892,99526.750000
3509531598,99528.265625
3509571416,99528.671875
3509612254,99528.187500
3509653054,99529.171875
3509693266,99528.890625
3509733299,99528.218750
3509773248,99527.656250
3509813202,99529.968750
3509853171,99530.062500
3509897034,99529.656250
3509937461,99531.328125
3509977316,99531.406250
3510017408,99531.562500
3510057306,99532.250000
3510097840,99531.812500
3510137656,99531.906250
3510177746,99532.093750
3510218151,99533.906250
3510260530,99534.343750
3510300509,99532.671875
3510340058,99534.625000
3510380198,99533.296875
3510420299,99534.531250
3510460427,99534.078125
3510500405,99534.421875
3510540706,99534.156250
3510580343,99535.421875
3510624077,99536.218750
3510665751,99537.031250
3510705665,99538.234375
3510745015,99536.531250
3510788399,99537.437500
3510828717,99537.500000
3510869110,99539.156250
3510909727,99541.500000
3510949044,99539.546875
3510989049,99538.156250
3511029367,99540.375000
3511069780,99540.703125
3511109152,99541.109375
3511149064,99541.640625
3511189270,99539.218750
3511230141,99540.765625
3511270457,99540.484375
3511310983,99542.203125
3511354009,99542.484375
3511394416,99542.203125
3511434741,99542.562500
3511475033,99541.984375
3511515299,99542.421875
3511556114,99543.906250
3511596860,99542.453125
3511636612,99544.156250
3511676064,99543.562500
3511721533,99544.390625
3511761468,99545.328125
3511801131,99545.687500
3511841532,99543.140625
3511887063,99546.296875
3511927262,99547.031250
3511968943,99547.140625
3512008571,99546.015625
3512052134,99546.593750
3512092007,99547.203125
3512132008,99547.187500
3512172823,99548.390625
3512212690,99548.828125
3512252410,99546.078125
3512292296,99548.765625
3512332948,99549.343750
3512372142,99549.765625
3512414022,99549.578125
3512454411,99549.687500
3512494271,99550.531250
3512534866,99550.046875
3512574612,99551.156250
3512614737,99550.984375
3512655069,99550.656250
3512695247,99550.984375
3512735787,99551.156250
3512778197,99552.578125
3512818474,99552.781250
3512859036,99554.062500
3512899109,99552.125000
3512939461,99552.625000
3512979400,99553.125000
3513019708,99553.796875
3513059098,99553.031250
3513099174,99556.078125
3513142426,99556.156250
3513182390,99555.765625
3513222398,99554.890625
3513262124,99555.812500
3513303095,99555.281250
3513343152,99556.093750
3513383149,99556.968750
3513423200,99558.656250
3513463253,99556.812500
3513503917,99557.718750
3513543635,99557.406250
3513583780,99558.125000
3513623850,99558.156250
3513663880,99558.828125
3513703461,99556.890625
3513744425,99557.203125
3513784394,99557.937500
3513824440,99558.375000
3513864476,99559.281250
3513904006,99560.359375
3513944875,99559.578125
3513984861,99559.515625
3514024960,99560.750000
3514064986,99560.671875
3514104474,99562.843750
3514144667,99561.281250
3514184264,99561.171875
3514225833,99562.671875
3514265799,99563.093750
3514305235,99563.625000
3514345308,99563.750000
3514385470,99562.968750
3514425855,99563.281250
3514465565,99564.203125
3514505271,99565.265625
3514545125,99565.578125
3514585554,99563.953125
3514626587,99564.171875
3514666645,99565.125000
3514708805,99566.046875
3514748402,99566.437500
3514788746,99566.656250
3514828761,99567.296875
3514868603,99566.875000
3514908590,99567.546875
3514949018,99567.203125
3514989357,99568.453125
3515029998,99568.312500
3515069231,99568.500000
3515109981,99568.765625
3515149870,99569.093750
3515189599,99570.968750
3515230213,99569.656250
3515271536,99569.468750
3515311322,99570.781250
3515351132,99570.312500
3515391796,99570.984375
3515432093,99570.312500
3515472223,99570.015625
3515512906,99571.359375
3515552385,99573.703125
3515592330,99572.468750
3515636451,99572.406250
3515676305,99573.171875
3515716802,99572.890625
3515756355,99573.468750
3515796211,99574.781250
3515837067,99574.828125
3515877806,99575.000000
3515917186,99575.250000
3515957909,99575.265625
3515999227,99575.578125
3516039692,99576.109375
3516082377,99576.781250
3516122817,99576.609375
3516162719,99577.281250
3516202323,99576.281250
3516242820,99577.031250
3516283019,99577.781250
3516323401,99577.468750
3516363294,99578.218750
3516403530,99578.968750
3516443484,99579.375000
3516483662,99580.343750
3516523204,99579.609375
3516563843,99579.156250
3516603476,99578.843750
3516643983,99579.906250
3516684190,99579.234375
3516725091,99580.046875
3516768964,99580.281250
3516808452,99580.609375
3516848333,99580.656250
3516888241,99582.078125
3516928710,99582.500000
3516968497,99582.640625
3517008494,99581.921875
3517048329,99581.609375
3517088868,99584.640625
3517128173,99585.312500
3517168307,99584.218750
3517208332,99584.156250
3517249077,99582.953125
3517289849,99583.140625
3517330571,99585.312500
3517370142,99585.703125
3517410750,99585.187500
3517450878,99583.906250
3517490529,99586.015625
3517530057,99586.140625
3517570642,99587.343750
3517610358,99586.500000
3517650207,99587.046875
3517693696,99586.953125
3517733115,99587.875000
3517773588,99587.671875
3517813422,99587.890625
3517853186,99588.234375
3517893191,99588.593750
3517933191,99589.671875
3517973868,99590.093750
3518013417,99591.046875
3518057156,99589.593750
3518097114,99591.187500
3518138667,99591.500000
3518178492,99590.890625
3518218180,99592.500000
3518258023,99591.531250
3518298859,99592.796875
3518338618,99593.921875
3518378786,99593.890625
3518421386,99594.218750
3518461689,99593.812500
3518501288,99592.937500
3518541860,99594.421875
3518581912,99593.937500
3518621158,99594.875000
3518661171,99594.156250
3518702019,99594.484375
3518742761,99593.765625
3518786070,99594.062500
3518826050,99596.265625
3518866293,99596.468750
3518906891,99597.375000
3518946598,99597.625000
3518986532,99598.484375
3519026259,99597.500000
3519066741,99598.796875
3519106192,99598.640625
3519150653,99600.156250
3519190078,99601.296875
3519230604,99598.734375
3519270586,99599.218750
3519310363,99597.578125
3519352411,99599.640625
3519392383,99600.328125
3519432883,99600.593750
3519472381,99601.593750
3519512127,99602.218750
3519552485,99601.843750
3519592830,99601.140625
3519632426,99602.890625
3519672923,99602.062500
3519712760,99602.859375
3519752332,99602.312500
3519792462,99603.906250
3519832171,99604.234375
3519872383,99603.375000
3519912171,99603.984375
3519952089,99603.968750
3519992609,99602.359375
3520032565,99603.406250
3520072745,99603.671875
3520112507,99605.671875
3520152445,99606.078125
3520193023,99606.984375
3520233001,99607.828125
3520273543,99608.671875
3520316707,99608.281250
3520356884,99607.531250
3520396160,99607.078125
3520436462,99606.984375
3520477100,99608.953125
3520517593,99610.609375
3520557071,99611.296875
3520597529,99610.328125
3520637839,99610.296875
3520677034,99611.406250
3520717270,99610.671875
3520757783,99612.156250
3520797680,99611.890625
3520837493,99611.671875
3520877576,99613.343750
3520917390,99613.312500
3520957539,99613.656250
3520997663,99613.984375
3521037110,99613.859375
3521083359,99614.468750
3521124048,99613.484375
3521164491,99615.812500
3521204454,99615.656250
3521250387,99615.000000
3521290434,99614.375000
3521330900,99615.515625
3521370511,99617.625000
3521410277,99617.171875
3521450965,99617.625000
3521490629,99617.734375
3521530811,99618.046875
3521570568,99618.046875
3521610308,99619.921875
3521652672,99617.437500
3521692307,99618.734375
3521732756,99618.968750
3521772376,99620.296875
3521812478,99621.218750
3521852247,99622.203125
3521893044,99621.765625
3521933319,99622.109375
3521974038,99621.953125
3522015623,99622.421875
3522055168,99624.328125
3522095826,99623.312500
3522136045,99623.453125
3522176479,99622.875000
3522216701,99623.625000
3522256625,99623.671875
3522296454,99624.812500
3522336668,99624.187500
3522376544,99624.000000
3522417025,99623.937500
3522457001,99624.609375
3522497355,99624.765625
3522537391,99626.984375
3522577320,99625.546875
3522617518,99626.484375
3522657470,99627.375000
3522697876,99628.109375
3522737410,99628.218750
3522777855,99628.453125
3522817204,99627.812500
3522857006,99628.656250
3522897267,99628.937500
3522937441,99629.921875
3522980457,99629.375000
3523020777,99628.140625
3523060686,99629.625000
3523100691,99630.750000
3523140618,99630.515625
3523180493,99630.406250
3523220187,99632.218750
3523260475,99631.625000
3523301279,99631.859375
3523344675,99632.109375
3523384560,99632.500000
3523424487,99634.453125
3523464749,99635.000000
3523504205,99634.781250
3523544698,99633.468750
3523584108,99635.328125
3523624034,99635.750000
3523664101,99635.187500
3523708542,99635.468750
3523748477,99636.093750
3523788039,99637.312500
3523828049,99635.937500
3523868034,99636.109375
3523908887,99638.531250
3523948723,99637.109375
3523989115,99638.843750
3524029825,99637.140625
3524073607,99638.937500
3524113231,99638.218750
3524153988,99640.187500
3524193310,99641.453125
3524233234,99639.125000
3524273278,99642.328125
3524313786,99642.328125
3524354493,99642.421875
3524394142,99641.781250
3524436748,99641.906250
3524477661,99641.484375
3524517497,99641.796875
3524558060,99642.765625
3524602234,99642.390625
3524642771,99642.656250
3524682314,99642.328125
3524722026,99644.218750
3524762924,99645.625000
3524802557,99643.109375
3524842284,99645.125000
3524882751,99644.468750
3524922312,99646.046875
3524962804,99645.734375
3525002837,99647.421875
3525042335,99647.515625
3525082716,99647.203125
3525122315,99647.359375
3525166643,99647.062500
3525207190,99647.390625
3525247470,99649.078125
3525287707,99650.015625
3525330496,99650.750000
3525371091,99651.687500
3525411217,99652.515625
3525451880,99649.984375
3525491038,99650.203125
3525531797,99651.000000
3525571327,99650.937500
3525611823,99653.703125
3525651872,99654.906250
3525691628,99653.796875
3525731390,99653.781250
3525771886,99654.546875
3525811464,99654.984375
3525851478,99653.437500
3525892090,99656.890625
3525932841,99655.437500
3525972974,99657.921875
3526012324,99658.218750
3526052381,99659.765625
3526093002,99658.250000
3526133757,99658.234375
3526173088,99657.984375
3526213551,99658.781250
3526253622,99661.484375
3526293670,99661.062500
3526333268,99661.875000
3526373995,99659.703125
3526413551,99660.015625
3526453615,99661.750000
3526496720,99660.781250
3526536026,99662.437500
3526576697,99662.625000
3526616424,99661.875000
3526656494,99664.343750
3526698366,99662.937500
3526738970,99663.562500
3526778680,99664.125000
3526818446,99664.312500
3526858340,99667.093750
3526898512,99668.656250
3526938678,99667.359375
3526978218,99662.937500
3527018805,99664.765625
3527058701,99667.359375
3527098923,99669.359375
3527138080,99670.296875
3527178598,99666.984375
3527218190,99664.984375
3527260364,99666.765625
3527300687,99669.234375
3527340970,99670.765625
3527380901,99671.062500
3527420381,99668.890625
3527460793,99669.328125
3527500476,99669.671875
3527540526,99670.578125
3527580544,99670.953125
3527622963,99671.984375
3527664003,99670.390625
3527704289,99672.656250
3527744686,99672.890625
3527784310,99675.296875
3527824443,99674.437500
3527864590,99673.578125
3527904895,99673.562500
3527944038,99673.812500
3527987945,99677.609375
3528027407,99677.843750
3528067698,99676.968750
3528107688,99675.796875
3528147768,99675.781250
3528187538,99675.953125
3528227613,99678.421875
3528268120,99679.046875
3528308376,99677.937500
3528348476,99677.468750
3528388762,99678.500000
3528428882,99679.703125
3528469156,99679.125000
3528509084,99679.015625
3528552894,99679.328125
3528592410,99680.015625
3528632029,99681.093750
3528672252,99682.406250
3528712242,99681.171875
3528752822,99681.984375
3528792443,99680.546875
3528832666,99681.468750
3528872904,99681.593750
3528912722,99682.640625
3528952126,99682.968750
3528992906,99682.203125
3529032313,99683.671875
3529072264,99683.312500
3529115645,99683.875000
3529155773,99683.062500
3529195296,99686.640625
3529235067,99685.515625
3529281624,99687.171875
3529321294,99686.468750
3529361658,99687.375000
3529401602,99686.437500
3529441012,99685.828125
3529481885,99686.765625
3529521581,99687.125000
3529562082,99690.578125
3529602595,99690.609375
3529642081,99691.671875
3529682101,99690.875000
3529722085,99690.890625
3529762486,99692.125000
3529802935,99692.765625
3529842131,99693.109375
3529882992,99691.203125
3529922670,99691.578125
3529962995,99692.593750
3530002342,99692.046875
3530044757,99693.750000
3530084670,99693.468750
3530124327,99692.390625
3530164202,99694.078125
3530204065,99694.812500
3530244465,99695.312500
3530284438,99693.781250
3530324171,99695.187500
3530364537,99696.406250
3530404445,99696.359375
3530444390,99697.500000
3530484183,99696.546875
3530524245,99696.203125
3530564710,99697.109375
3530604076,99698.078125
3530644071,99697.562500
3530684791,99698.328125
3530724986,99697.687500
3530764150,99698.390625
3530804641,99698.890625
3530844675,99698.078125
3530884239,99699.437500
3530924313,99700.843750
3530964649,99700.578125
3531004036,99701.125000
3531044309,99701.875000
3531084789,99702.468750
3531124822,99702.093750
3531164840,99701.578125
3531204501,99701.734375
3531244165,99701.750000
3531284093,99703.140625
3531324494,99704.453125
3531364841,99702.562500
3531404771,99704.765625
3531444387,99705.375000
3531484623,99704.437500
3531525569,99704.375000
3531565217,99705.625000
3531608255,99705.125000
3531648508,99706.390625
3531688588,99705.125000
3531728245,99705.109375
3531768509,99706.500000
3531808578,99707.078125
3531848806,99707.765625
3531888371,99707.062500
3531928997,99707.812500
3531971707,99708.250000
3532011343,99709.750000
3532051072,99708.265625
3532091728,99710.265625
3532131254,99710.734375
3532171868,99711.265625
3532211250,99710.625000
3532251207,99712.500000
3532291734,99711.906250
3532331151,99712.828125
3532371496,99713.671875
3532411450,99716.375000
3532451674,99715.437500
3532491862,99716.687500
3532533736,99716.000000
3532573846,99716.328125
3532613500,99717.468750
3532653277,99717.812500
3532693593,99719.046875
3532733492,99719.359375
3532773925,99718.703125
3532813294,99719.406250
3532853302,99719.984375
3532893849,99719.515625
3532933616,99720.203125
3532973714,99722.187500
3533013355,99719.937500
3533053384,99720.546875
3533093921,99719.250000
3533133318,99717.500000
3533173653,99718.218750
3533214099,99718.171875
3533254496,99718.109375
3533294739,99719.328125
3533334106,99720.953125
3533374494,99723.671875
3533414379,99725.921875
3533454414,99724.015625
3533494342,99725.343750
3533534657,99722.203125
3533574038,99720.640625
3533614847,99722.062500
3533654413,99721.953125
3533694555,99723.734375
3533735066,99725.765625
3533775452,99727.609375
3533815967,99726.625000
3533855490,99728.250000
3533895258,99726.750000
3533935548,99727.281250
3533975849,99729.250000
3534015260,99730.312500
3534055060,99731.250000
3534095712,99729.625000
3534135991,99730.687500
3534175192,99730.468750
3534215698,99731.031250
3534255496,99731.281250
3534295529,99731.750000
3534336775,99732.593750
3534376002,99734.281250
3534417116,99733.359375
3534457543,99733.781250
3534497226,99733.765625
3534537468,99734.359375
3534577956,99736.015625
3534617681,99736.687500
3534657211,99737.000000
3534697909,99736.375000
3534738293,99735.531250
3534778609,99735.375000
3534818306,99737.234375
3534858722,99736.828125
3534898445,99736.843750
3534938777,99737.765625
3534978008,99737.437500
3535018877,99738.093750
3535058455,99739.281250
3535098498,99737.562500
3535138755,99738.453125
3535178849,99739.187500
3535218481,99739.390625
3535258267,99739.984375
3535298869,99741.765625
3535339221,99741.937500
3535379256,99741.859375
3535419256,99742.859375
3535459300,99743.406250
3535499916,99743.328125
3535539118,99741.359375
3535579629,99739.968750
3535619410,99743.031250
3535659533,99745.187500
3535699894,99747.375000
3535739514,99747.593750
3535779720,99746.171875
3535819179,99745.921875
3535859519,99748.515625
3535903489,99748.218750
3535943746,99747.921875
3535983547,99747.906250
3536023658,99748.359375
3536063621,99747.812500
3536103132,99748.906250
3536143699,99746.750000
3536183673,99745.406250
3536223596,99745.718750
3536266433,99748.187500
3536306975,99749.015625
3536346102,99751.500000
3536386904,99753.375000
3536427098,99752.984375
3536467543,99754.234375
3536507686,99753.406250
3536547804,99753.484375
3536587800,99756.000000
3536630322,99754.171875
3536670032,99753.578125
3536710104,99753.359375
3536750482,99754.203125
3536790401,99756.453125
3536830643,99757.062500
3536870315,99758.765625
3536910873,99757.515625
3536950039,99757.421875
3536995068,99758.109375
3537035429,99759.000000
3537077571,99757.796875
3537117769,99755.750000
3537161572,99756.218750
3537201819,99757.156250
3537241439,99759.359375
3537281712,99758.953125
3537321854,99758.703125
3537361338,99760.968750
3537401994,99760.031250
3537442055,99759.328125
3537482310,99760.046875
3537522154,99760.328125
3537562900,99760.531250
3537602320,99760.843750
3537642813,99761.687500
3537682102,99763.937500
3537724621,99764.406250
3537764218,99763.671875
3537804433,99764.296875
3537844753,99765.109375
3537884579,99766.609375
3537924118,99766.140625
3537964870,99767.125000
3538005089,99767.390625
3538045357,99766.875000
3538087800,99765.843750
3538127012,99765.281250
3538167381,99765.843750
3538207849,99765.765625
3538247463,99766.421875
3538287493,99768.250000
3538327075,99769.156250
3538367441,99770.968750
3538407123,99768.906250
3538447483,99769.625000
3538487555,99769.578125
3538527085,99771.140625
3538567919,99771.890625
3538607384,99773.421875
3538650480,99774.484375
3538690056,99774.890625
3538730171,99774.500000
3538770794,99774.281250
3538810417,99774.375000
3538850318,99775.343750
3538890099,99774.593750
3538930531,99776.859375
3538970128,99777.328125
3539010324,99777.546875
3539050537,99778.515625
3539090076,99778.718750
3539130785,99778.421875
3539170090,99778.187500
3539210690,99778.171875
3539250006,99780.062500
3539290413,99780.390625
3539330074,99781.296875
3539370492,99781.171875
3539410213,99779.468750
3539450998,99780.203125
3539490820,99780.781250
3539531010,99782.718750
3539571890,99782.203125
3539611320,99783.140625
3539651602,99784.500000
3539691473,99784.781250
3539731686,99784.437500
3539771277,99785.015625
3539811912,99784.656250
3539852176,99785.250000
3539892839,99784.890625
3539932125,99786.453125
3539972883,99786.656250
3540012083,99787.656250
3540052630,99788.328125
3540092469,99788.390625
3540132616,99787.984375
3540173022,99788.828125
3540213539,99788.281250
3540253806,99789.390625
3540293235,99790.046875
3540333978,99791.546875
3540373222,99790.718750
3540414054,99791.640625
3540454631,99791.562500
3540494039,99791.281250
3540534764,99791.015625
3540574221,99791.703125
3540614807,99792.812500
3540654250,99791.437500
3540694597,99793.734375
3540734331,99793.265625
3540774799,99793.093750
3540814188,99793.140625
3540854790,99793.890625
3540894550,99794.031250
3540934761,99794.484375
3540974084,99795.250000
3541014704,99794.859375
3541055256,99796.343750
3541095568,99796.593750
3541135751,99797.296875
3541175322,99796.812500
3541215886,99798.531250
3541256244,99798.218750
3541296835,99797.234375
3541336435,99798.234375
3541376011,99799.578125
3541416891,99800.234375
3541456636,99800.140625
3541496405,99799.984375
3541536601,99799.437500
3541576354,99799.796875
3541616644,99800.593750
3541657280,99800.562500
3541697124,99800.312500
3541737620,99801.593750
3541777200,99801.109375
3541817820,99802.406250
3541857551,99802.281250
3541897323,99801.640625
3541938105,99801.875000
3541978845,99802.703125
3542018361,99802.031250
3542058075,99803.500000
3542098443,99804.328125
3542138602,99804.437500
3542178246,99804.500000
3542219007,99804.390625
3542259728,99804.234375
3542299142,99804.156250
3542339815,99804.656250
3542379136,99804.796875
3542420027,99804.343750
3542460636,99804.734375
3542500283,99806.328125
3542540652,99806.156250
3542580066,99805.406250
3542620696,99806.000000
3542660122,99805.703125
3542700804,99806.312500
3542740245,99807.109375
3542780625,99807.171875
3542823680,99808.671875
3542863239,99807.375000
3542903355,99807.593750
3542943479,99808.828125
3542983048,99808.406250
3543024001,99808.140625
3543064651,99807.906250
3543104525,99807.531250
3543144673,99808.140625
3543188590,99807.921875
3543228762,99809.875000
3543268118,99808.453125
3543309070,99809.984375
3543349489,99809.734375
3543389372,99809.671875
3543429704,99810.015625
3543469627,99810.578125
3543509743,99810.984375
3543552135,99811.437500
3543592731,99811.296875
3543632758,99811.156250
3543672662,99812.140625
3543712857,99811.703125
3543752121,99811.515625
3543792856,99811.984375
3543832892,99811.750000
3543872524,99811.953125
3543916029,99811.546875
3543956873,99813.265625
3543996188,99811.859375
3544036619,99813.343750
3544076341,99813.609375
3544117712,99813.671875
3544157394,99813.765625
3544197820,99814.171875
3544237081,99814.625000
3544277352,99814.218750
3544317462,99814.625000
3544357952,99813.921875
3544397223,99814.687500
3544437647,99815.218750
3544477609,99814.968750
3544517729,99815.187500
3544557689,99815.578125
3544597380,99816.703125
3544637528,99816.656250
3544677302,99817.390625
3544718698,99815.562500
3544758547,99816.531250
3544798155,99816.765625
3544838363,99816.578125
3544878343,99815.015625
3544919220,99816.625000
3544959035,99816.906250
3544999266,99816.921875
3545039600,99817.000000
3545079301,99817.734375
3545119429,99817.156250
3545159372,99817.984375
3545199596,99818.656250
3545239913,99819.718750
3545279624,99818.921875
3545320304,99820.578125
3545360830,99819.812500
3545400122,99819.625000
3545440562,99820.546875
3545484509,99820.359375
3545525044,99820.000000
3545565761,99820.296875
3545605265,99821.593750
3545645558,99821.828125
3545685466,99821.046875
3545726071,99821.406250
3545766201,99820.421875
3545806367,99819.468750
3545846199,99820.171875
3545886411,99822.203125
3545926580,99823.828125
3545966801,99821.546875
3546006088,99821.828125
3546046751,99819.859375
3546086017,99821.140625
3546126509,99822.359375
3546166944,99822.421875
3546206241,99822.531250
3546246563,99821.937500
3546286376,99821.125000
3546327225,99823.390625
3546367715,99823.531250
3546408133,99822.984375
3546449070,99823.062500
3546489194,99822.546875
3546529610,99823.000000
3546569118,99823.578125
3546609069,99824.296875
3546653487,99824.296875
3546693521,99823.578125
3546733514,99824.578125
3546774106,99825.031250
3546818728,99826.437500
3546858105,99826.375000
3546898451,99824.750000
3546938239,99824.203125
3546978604,99825.484375
3547019979,99825.734375
3547059677,99825.578125
3547099719,99824.140625
3547139690,99825.421875
3547183584,99825.796875
3547223124,99824.640625
3547263024,99825.625000
3547303591,99824.875000
3547343164,99824.984375
3547383785,99825.656250
3547423557,99826.046875
3547463746,99826.578125
3547503785,99826.484375
3547546711,99825.578125
3547586341,99826.734375
3547626312,99827.312500
3547666202,99828.265625
3547706639,99827.937500
3547747669,99827.421875
3547788118,99826.046875
3547828116,99827.281250
3547868863,99827.156250
3547908597,99828.187500
3547948857,99828.234375
3547988464,99828.593750
3548028541,99827.421875
3548068139,99828.328125
3548110104,99827.921875
3548150401,99830.000000
3548190782,99828.328125
3548230150,99828.578125
3548270712,99830.359375
3548310091,99830.421875
3548350745,99831.078125
3548391114,99830.546875
3548431768,99829.390625
3548471306,99832.000000
3548511156,99830.984375
3548551432,99832.687500
3548591924,99832.218750
3548631274,99831.718750
3548671780,99831.500000
3548711341,99831.312500
3548751920,99831.906250
3548791153,99833.109375
3548831614,99833.750000
3548871825,99832.734375
3548911394,99831.906250
3548951440,99832.281250
3548991745,99833.109375
3549032276,99834.218750
3549075775,99834.250000
3549115014,99834.656250
3549156094,99835.218750
3549196443,99835.203125
3549239913,99834.984375
3549279092,99835.484375
3549319349,99835.265625
3549359185,99836.140625
3549399559,99836.843750
3549439911,99836.281250
3549481306,99836.562500
3549521590,99835.984375
3549561284,99835.750000
3549601413,99836.437500
3549642019,99835.109375
3549682824,99834.875000
3549722477,99835.000000
3549762416,99836.187500
3549804111,99836.375000
3549844056,99836.609375
3549884993,99837.812500
3549924471,99838.468750
3549964754,99838.093750
3550004473,99837.828125
3550044463,99837.656250
3550084277,99837.500000
3550124840,99837.484375
3550167646,99837.750000
3550207751,99837.046875
3550247023,99838.703125
3550287046,99838.515625
3550327099,99838.015625
3550367699,99838.859375
3550407992,99839.843750
3550447098,99838.625000
3550487095,99839.328125
3550527451,99838.921875
3550567561,99838.625000
3550607850,99838.250000
3550648079,99838.375000
3550688424,99837.328125
3550729858,99838.234375
3550770096,99836.828125
3550810177,99838.968750
3550850433,99838.171875
3550890422,99838.578125
3550930868,99839.406250
3550971062,99839.421875
3551011169,99841.109375
3551051704,99840.140625
3551091421,99840.546875
3551135582,99840.093750
3551175462,99840.093750
3551215785,99838.453125
3551255331,99839.687500
3551295593,99839.343750
3551335429,99839.312500
3551375930,99838.500000
3551415138,99838.890625
3551455009,99839.796875
3551497794,99840.265625
3551537549,99840.468750
3551577578,99842.531250
3551617740,99843.281250
3551657239,99842.578125
3551698404,99842.640625
3551738260,99843.593750
3551778098,99844.375000
3551818231,99844.406250
3551858873,99845.062500
3551898401,99845.906250
3551938818,99846.078125
3551978728,99845.750000
3552018907,99846.328125
3552058410,99847.828125
3552098542,99846.609375
3552138069,99846.765625
3552178801,99847.625000
3552218294,99847.515625
3552261138,99848.406250
3552301268,99847.843750
3552341386,99847.765625
3552381242,99848.421875
3552421649,99847.750000
3552461988,99847.937500
3552501601,99849.312500
3552541824,99849.125000
3552581521,99848.984375
3552625638,99846.968750
3552665025,99846.687500
3552705331,99848.343750
3552745120,99849.406250
3552786332,99850.156250
3552826246,99848.843750
3552866635,99848.968750
3552906690,99849.531250
3552946732,99851.312500
3552990229,99851.953125
3553030807,99852.187500
3553070109,99851.968750
3553110805,99852.203125
3553150238,99852.781250
3553190563,99853.500000
3553230031,99853.453125
3553270453,99853.250000
3553310273,99852.812500
3553352839,99852.046875
3553392064,99854.187500
3553432401,99853.796875
3553472310,99853.546875
3553512025,99855.546875
3553552769,99855.046875
3553592996,99855.656250
3553632472,99857.265625
3553672982,99855.625000
3553712740,99855.984375
3553752558,99855.171875
3553792634,99857.468750
3553832084,99859.640625
3553872821,99858.953125
3553912333,99859.921875
3553952830,99858.031250
3553992876,99856.812500
3554032359,99857.062500
3554072778,99856.906250
3554112462,99856.046875
3554152580,99856.921875
3554192495,99858.046875
3554232064,99859.218750
3554272884,99859.250000
3554312840,99857.687500
3554352267,99859.265625
3554392671,99858.578125
3554432054,99859.468750
3554472076,99860.312500
3554514169,99861.328125
3554554126,99860.109375
3554594425,99859.531250
3554634038,99861.218750
3554674507,99861.000000
3554714469,99860.843750
3554754513,99860.171875
3554794704,99859.937500
3554834309,99861.640625
3554874792,99861.453125
3554914166,99862.062500
3554955022,99862.234375
3554996075,99862.671875
3555036847,99862.640625
3555078943,99863.421875
3555118322,99865.093750
3555158469,99864.593750
3555198696,99863.984375
3555238184,99864.187500
3555281875,99863.250000
3555321565,99864.343750
3555362048,99864.328125
3555402415,99865.250000
3555448098,99867.015625
3555488296,99866.843750
3555528134,99867.015625
3555568366,99865.531250
3555608946,99864.156250
3555648273,99863.906250
3555688988,99863.343750
3555728150,99862.843750
3555768204,99862.937500
3555808307,99864.937500
3555848837,99865.140625
3555888463,99867.468750
3555928744,99869.281250
3555968423,99869.515625
3556008533,99871.500000
3556049283,99871.062500
3556090033,99869.734375
3556130450,99870.375000
3556170182,99871.671875
3556210755,99872.093750
3556250198,99873.468750
3556290957,99874.484375
3556330545,99875.375000
3556370238,99877.312500
3556410338,99878.625000
3556450902,99879.203125
3556491042,99880.328125
3556531728,99879.625000
3556571005,99880.718750
3556611277,99882.359375
3556651795,99882.062500
3556691667,99880.593750
3556731188,99881.140625
3556771448,99879.875000
3556813214,99880.546875
3556853919,99881.031250
3556893268,99882.343750
3556933533,99882.125000
3556973205,99882.796875
3557013706,99882.546875
3557053184,99882.015625
3557093609,99883.515625
3557133687,99883.656250
3557173959,99883.546875
3557213670,99884.937500
3557254037,99885.406250
3557294477,99887.234375
3557334002,99887.265625
3557378297,99888.046875
3557418516,99887.218750
3557458436,99889.031250
3557499967,99889.031250
3557542272,99889.953125
3557582531,99890.281250
3557622947,99887.828125
3557663370,99890.125000
3557703392,99891.500000
3557743816,99893.843750
3557783043,99893.031250
3557823548,99892.640625
3557863952,99894.265625
3557904972,99894.421875
3557944753,99894.812500
3557984012,99895.015625
3558024744,99893.984375
3558064887,99894.437500
3558105237,99895.609375
3558145596,99895.812500
3558185481,99898.296875
3558225324,99896.312500
3558265625,99897.546875
3558305189,99896.328125
3558345115,99898.468750
3558385934,99898.328125
3558425749,99899.843750
3558465033,99901.421875
3558506212,99900.484375
3558546422,99900.937500
3558587042,99902.250000
3558627811,99903.046875
3558667505,99903.390625
3558707167,99902.546875
3558747204,99902.781250
3558787049,99904.968750
3558827542,99905.484375
3558870671,99906.937500
3558910158,99906.906250
3558950465,99907.687500
3558990017,99906.609375
3559030754,99908.671875
3559070387,99908.531250
3559110915,99908.687500
3559150692,99910.453125
3559190056,99909.312500
3559234642,99908.453125
3559274186,99909.453125
3559314159,99909.781250
3559355010,99911.359375
3559395439,99911.046875
3559435679,99910.546875
3559477081,99911.609375
3559517214,99912.406250
3559557591,99912.281250
3559599287,99912.453125
3559639377,99913.890625
3559679645,99913.468750
3559719652,99914.140625
3559763594,99915.265625
3559803103,99914.703125
3559843259,99916.312500
3559883898,99915.703125
3559923432,99915.000000
3559964299,99916.359375
3560004076,99916.156250
3560044152,99915.765625
3560084509,99916.390625
3560124370,99918.765625
3560164052,99918.531250
3560204871,99918.265625
3560245071,99919.812500
3560285353,99920.265625
3560327796,99921.750000
3560367602,99920.875000
3560407724,99922.031250
3560447988,99922.515625
3560487265,99923.015625
3560527086,99923.703125
3560567377,99924.390625
3560608272,99925.031250
3560648487,99924.218750
3560688647,99924.015625
3560728631,99924.359375
3560768993,99925.734375
3560809535,99926.750000
3560849778,99926.875000
3560890039,99928.140625
3560930800,99928.203125
3560971198,99928.812500
3561011675,99929.171875
3561051474,99930.281250
3561091866,99930.296875
3561131432,99932.000000
3561171936,99933.890625
3561211223,99934.546875
3561251537,99934.296875
3561291478,99933.453125
3561331605,99935.171875
3561372437,99935.578125
3561412891,99935.359375
3561452005,99936.187500
3561492181,99936.078125
3561532287,99936.890625
3561572906,99937.578125
3561612214,99939.500000
3561652544,99938.296875
3561694993,99939.015625
3561734277,99939.171875
3561774513,99941.453125
3561814442,99941.187500
3561854766,99944.640625
3561894211,99944.093750
3561934160,99945.093750
3561975094,99944.078125
3562015367,99944.515625
3562059291,99943.765625
3562099365,99945.750000
3562139150,99946.984375
3562179771,99947.281250
3562223720,99946.656250
3562263672,99948.312500
3562303589,99948.875000
3562343753,99948.796875
3562383030,99947.140625
3562424118,99947.656250
3562464059,99949.234375
3562504490,99952.500000
3562544153,99953.156250
3562586855,99951.875000
3562626372,99951.734375
3562666034,99951.000000
3562706403,99952.906250
3562746413,99952.656250
3562786253,99954.578125
3562826880,99952.718750
3562866544,99952.968750
3562906734,99951.859375
3562946657,99954.343750
3562986560,99953.890625
3563026087,99956.187500
3563067795,99956.656250
3563107011,99956.250000
3563147551,99954.843750
3563187417,99956.468750
3563228129,99958.875000
3563268961,99960.265625
3563308990,99960.671875
3563348927,99960.578125
3563388002,99961.140625
3563428934,99963.062500
3563468345,99963.203125
3563508653,99963.453125
3563548225,99963.843750
3563588622,99963.015625
3563628429,99965.125000
3563668886,99965.031250
3563708988,99965.671875
3563748653,99965.281250
3563788904,99965.890625
3563828424,99965.437500
3563868294,99966.703125
3563908183,99964.593750
3563948022,99964.015625
3563988616,99963.625000
3564028473,99964.906250
3564068391,99964.765625
3564108477,99965.609375
3564148109,99965.968750
3564188961,99968.765625
3564228839,99967.640625
3564268728,99968.578125
3564308506,99968.687500
3564348383,99970.031250
3564388065,99971.250000
3564428862,99974.250000
3564469934,99976.484375
3564513555,99978.203125
3564553009,99979.109375
3564593610,99980.031250
3564633544,99980.031250
3564674200,99980.484375
3564714437,99980.312500
3564754450,99980.328125
3564794624,99980.515625
3564834551,99979.546875
3564874135,99981.312500
3564914641,99980.906250
3564954730,99981.437500
3564994807,99981.890625
3565034794,99983.078125
3565074163,99983.375000
3565114322,99984.578125
3565154592,99987.093750
3565194430,99986.937500
3565234324,99987.703125
3565280134,99987.437500
3565320118,99987.437500
3565360785,99988.265625
3565401100,99988.812500
3565444751,99988.140625
3565484056,99988.312500
3565524518,99989.375000
3565564073,99990.062500
3565604543,99991.703125
3565645240,99991.500000
3565685895,99993.171875
3565725501,99994.718750
3565765750,99994.890625
3565805691,99996.187500
3565846108,99996.937500
3565886676,99999.078125
3565926120,99999.500000
3565966269,100000.000000
3566010506,100000.312500
3566050778,100000.546875
3566090606,100001.421875
3566130986,100002.625000
3566170635,100003.859375
3566210922,100003.875000
3566250020,100005.234375
3566291001,100004.750000
3566331380,100006.234375
3566371031,100006.531250
3566411351,100007.203125
3566451591,100005.593750
3566492090,100005.625000
3566532731,100006.093750
3566572248,100007.906250
3566613129,100006.593750
3566653495,100007.531250
3566693319,100007.390625
3566733647,100008.046875
3566774155,100008.859375
3566815000,100009.218750
3566855313,100009.796875
3566895935,100010.953125
3566935510,100010.203125
3566976530,100010.812500
3567016334,100011.140625
3567056960,100011.578125
3567096385,100010.875000
3567139126,100011.046875
3567180592,100011.265625
3567220596,100012.875000
3567260039,100013.171875
3567300985,100015.171875
3567340342,100015.796875
3567380926,100016.265625
3567420907,100016.921875
3567460391,100017.578125
3567500817,100018.937500
3567540738,100017.234375
3567581420,100019.218750
3567621442,100018.625000
3567661747,100021.250000
3567703930,100020.125000
3567743728,100020.515625
3567783050,100020.593750
3567823107,100021.625000
3567863464,100021.921875
3567903620,100022.875000
3567943328,100024.062500
3567983583,100024.906250
3568023629,100027.062500
3568063941,100026.875000
3568103046,100029.921875
3568143675,100029.187500
3568183356,100029.625000
3568223425,100030.375000
3568267329,100032.921875
3568307227,100034.125000
3568347604,100034.578125
3568387279,100034.734375
3568427046,100033.812500
3568467642,100034.890625
3568507115,100035.484375
3568547374,100036.343750
3568587770,100036.906250
3568627542,100036.171875
3568668116,100035.062500
3568708232,100037.531250
3568748084,100040.453125
3568788375,100039.984375
3568828138,100041.093750
3568868732,100041.765625
3568908712,100042.250000
3568948506,100042.281250
3568988749,100043.171875
3569028240,100043.437500
3569068117,100041.765625
3569108999,100041.765625
3569149376,100042.453125
3569189607,100043.468750
3569230819,100044.578125
3569271128,100044.812500
3569312061,100045.750000
3569352548,100045.875000
3569396660,100047.953125
3569436368,100047.515625
3569476533,100048.093750
3569516886,100047.968750
3569556816,100048.062500
3569597232,100048.515625
3569637839,100048.625000
3569677016,100049.062500
3569717696,100049.828125
3569757424,100051.453125
3569797701,100053.734375
3569837382,100053.312500
3569877532,100053.984375
3569917108,100052.921875
3569959688,100054.625000
3569999171,100055.078125
3570040078,100056.125000
3570081027,100057.468750
3570121962,100057.515625
3570161056,100056.546875
3570201900,100059.437500
3570241874,100061.328125
3570281465,100061.500000
3570321271,100061.281250
3570361517,100061.984375
3570401235,100062.828125
3570441029,100064.312500
3570481977,100064.593750
3570521707,100064.156250
3570561135,100063.468750
3570601919,100063.000000
3570641719,100064.375000
3570681444,100065.343750
3570724938,100064.765625
3570764127,100065.046875
3570804611,100066.750000
3570844683,100066.718750
3570884183,100067.250000
3570924254,100067.468750
3570964586,100067.765625
3571005088,100068.937500
3571045198,100069.593750
3571089238,100071.187500
3571129855,100071.921875
3571169462,100072.140625
3571209578,100072.484375
3571253275,100072.734375
3571293539,100074.265625
3571333282,100073.484375
3571373596,100075.296875
3571413611,100075.171875
3571453439,100076.875000
3571493477,100077.031250
3571533853,100077.781250
3571573115,100078.015625
3571616570,100077.421875
3571656901,100078.515625
3571696026,100079.703125
3571736811,100079.687500
3571776802,100081.187500
3571817083,100082.156250
3571857404,100082.031250
3571897463,100083.187500
3571937145,100082.890625
3571977083,100085.781250
3572017962,100082.406250
3572057337,100084.796875
3572097629,100083.656250
3572137961,100084.984375
3572177105,100088.468750
3572217108,100084.875000
3572257430,100083.906250
3572297644,100088.093750
3572337195,100086.093750
3572377478,100086.593750
3572417477,100086.796875
3572457755,100086.250000
3572497957,100088.203125
3572537500,100087.984375
3572579082,100088.578125
3572619726,100088.500000
3572659206,100088.671875
3572699501,100090.125000
3572739953,100090.687500
3572779607,100092.687500
3572819092,100092.296875
3572859685,100092.203125
3572899888,100091.390625
3572939149,100092.890625
3572979623,100092.750000
3573019383,100094.484375
3573059732,100095.000000
3573099061,100094.937500
3573139509,100096.093750
3573179397,100095.875000
3573219802,100095.671875
3573259008,100096.718750
3573299476,100096.500000
3573339856,100096.593750
3573379469,100097.593750
3573419649,100097.500000
3573459291,100099.546875
3573499302,100098.781250
3573539653,100100.375000
3573579411,100100.859375
3573619525,100100.593750
3573659802,100101.203125
3573699884,100101.031250
3573739745,100099.609375
3573779070,100100.171875
3573820050,100101.203125
3573860331,100102.062500
3573900334,100103.093750
3573943190,100104.187500
3573983175,100102.734375
3574023333,100103.515625
3574063641,100104.296875
3574103909,100105.328125
3574143421,100107.875000
3574183113,100108.734375
3574224158,100108.968750
3574264969,100109.875000
3574307672,100111.421875
3574348313,100112.406250
3574388381,100111.093750
3574428153,100113.562500
3574468630,100112.359375
3574508300,100113.156250
3574548730,100114.531250
3574588571,100114.968750
3574628961,100116.171875
3574668778,100115.437500
3574708554,100115.437500
3574749234,100116.125000
3574789556,100118.187500
3574829338,100119.062500
3574872381,100118.390625
3574912797,100118.750000
3574952602,100119.343750
3574992020,100119.234375
3575032321,100119.484375
3575073046,100120.437500
3575113250,100121.109375
3575153606,100121.140625
3575193019,100123.718750
3575237135,100122.296875
3575277836,100121.640625
3575317470,100122.125000
3575357479,100122.609375
3575397319,100122.859375
3575437650,100123.828125
3575477262,100123.859375
3575517222,100125.203125
3575557999,100126.390625
3575597102,100127.046875
3575638310,100126.187500
3575679703,100126.046875
3575719918,100125.703125
3575759680,100127.031250
3575799447,100128.484375
3575840011,100127.953125
3575880251,100127.750000
3575920320,100128.312500
3575960125,100128.484375
3576000511,100131.609375
3576040256,100132.562500
3576080587,100132.468750
3576120458,100131.062500
3576160495,100131.843750
3576200862,100131.515625
3576240570,100133.015625
3576280808,100133.843750
3576320321,100132.890625
3576360327,100131.390625
3576400078,100134.562500
3576440506,100135.578125
3576480811,100135.734375
3576521092,100137.000000
3576561660,100136.375000
3576601612,100137.359375
3576641992,100138.328125
3576681139,100138.265625
3576721230,100139.093750
3576761495,100139.109375
3576805032,100138.328125
3576846037,100139.796875
3576886186,100140.515625
3576926870,100141.203125
3576969283,100141.171875
3577009671,100141.500000
3577049466,100141.078125
3577089638,100142.500000
3577129487,100144.578125
3577169621,100143.921875
3577209963,100145.281250
3577249744,100144.890625
3577289842,100145.359375
3577332779,100145.406250
3577372690,100146.968750
3577412957,100146.625000
3577452841,100147.750000
3577492905,100146.625000
3577533048,100148.875000
3577573432,100150.093750
3577613750,100149.781250
3577654021,100151.046875
3577696712,100150.906250
3577736406,100150.765625
3577776209,100151.546875
3577816376,100152.250000
3577861716,100151.578125
3577901806,100151.421875
3577941174,100153.187500
3577981860,100153.515625
3578021183,100154.140625
3578061882,100154.031250
3578101450,100155.109375
3578141123,100154.359375
3578181223,100156.453125
3578221459,100157.921875
3578262872,100158.156250
3578302900,100158.531250
3578342212,100157.343750
3578382037,100158.187500
3578422351,100159.250000
3578463120,100160.156250
3578503783,100160.093750
3578543586,100160.937500
3578583536,100160.421875
3578623276,100161.312500
3578663971,100163.109375
3578703961,100161.546875
3578743365,100161.093750
3578783497,100161.375000
3578823263,100163.609375
3578864750,100163.343750
3578904752,100162.750000
3578944110,100162.781250
3578984862,100162.359375
3579024715,100163.765625
3579065235,100165.015625
3579105198,100166.812500
3579145720,100164.953125
3579185328,100165.281250
3579225767,100166.281250
3579265525,100167.890625
3579305058,100168.000000
3579345883,100167.031250
3579385800,100167.125000
3579425287,100167.609375
3579466021,100169.203125
3579506627,100169.906250
3579546496,100169.796875
3579586500,100169.125000
3579626727,100169.593750
3579666475,100170.062500
3579706066,100171.562500
3579746916,100171.921875
3579786484,100171.984375
3579826251,100170.859375
3579867667,100171.578125
3579907587,100172.500000
3579948091,100174.000000
3579988310,100174.781250
3580028730,100174.140625
3580068035,100173.890625
3580108661,100174.390625
3580148433,100175.671875
3580188631,100175.015625
3580228473,100174.781250
3580268281,100175.921875
3580308882,100175.812500
3580348239,100175.187500
3580388071,100178.046875
3580428775,100177.625000
3580468231,100175.437500
3580509039,100177.281250
3580549748,100178.031250
3580589508,100178.015625
3580629800,100177.984375
3580669573,100178.562500
3580709156,100180.218750
3580749925,100179.656250
3580789476,100179.343750
3580829285,100180.187500
3580869946,100179.968750
3580909419,100180.687500
3580949863,100181.328125
3580989680,100181.781250
3581029535,100181.484375
3581069890,100181.015625
3581109554,100183.843750
3581150024,100183.109375
3581190423,100183.484375
3581233752,100183.140625
3581273230,100183.546875
3581313336,100183.875000
3581354126,100183.984375
3581394071,100185.437500
3581434219,100185.234375
3581474932,100184.828125
3581514825,100184.390625
3581554817,100186.171875
3581597444,100185.921875
3581637610,100187.640625
3581677152,100186.015625
3581718635,100186.328125
3581758111,100186.187500
3581798352,100187.562500
3581838213,100188.625000
3581878947,100188.671875
3581919987,100186.750000
3581961638,100186.437500
3582001602,100188.718750
3582041791,100188.656250
3582082017,100190.109375
3582122974,100190.796875
3582163092,100188.265625
3582203442,100189.343750
3582243332,100189.750000
3582283437,100190.796875
3582325772,100192.140625
3582365704,100191.890625
3582405272,100192.750000
3582445442,100192.218750
3582485495,100191.390625
3582525537,100192.687500
3582565005,100193.859375
3582605321,100192.953125
3582645268,100193.421875
3582685356,100193.437500
3582725898,100193.375000
3582765731,100194.343750
3582805208,100193.343750
3582845089,100195.125000
3582885125,100194.890625
3582925219,100195.953125
3582965081,100196.546875
3583005391,100195.937500
3583045955,100196.718750
3583089646,100195.625000
3583129444,100196.296875
3583169137,100195.468750
3583209518,100196.687500
3583249480,100197.312500
3583289909,100197.078125
3583329720,100197.875000
3583369122,100198.765625
3583409500,100198.468750
3583453205,100197.781250
3583493060,100198.453125
3583533323,100197.734375
3583574321,100199.953125
3583614252,100200.687500
3583654453,100199.453125
3583694391,100197.953125
3583734635,100198.968750
3583775250,100200.859375
3583817816,100200.765625
3583857986,100201.203125
3583897050,100198.390625
3583937047,100199.593750
3583977440,100199.734375
3584017063,100201.171875
3584057026,100202.015625
3584097002,100200.546875
3584137240,100200.953125
3584177322,100201.171875
3584217183,100201.812500
3584257724,100203.453125
3584297650,100203.109375
3584337900,100202.281250
3584377022,100202.250000
3584417890,100203.671875
3584457240,100203.562500
3584497140,100202.203125
3584537320,100201.812500
3584577235,100202.031250
3584617472,100205.281250
3584657388,100203.703125
3584697248,100202.000000
3584737382,100201.984375
3584777935,100203.421875
3584817245,100204.437500
3584857781,100204.656250
3584897453,100204.703125
3584937474,100204.343750
3584981253,100204.015625
3585021362,100204.609375
3585061456,100204.937500
3585101422,100205.421875
3585141915,100205.015625
3585182031,100204.625000
3585222095,100205.093750
3585262715,100204.343750
3585302332,100205.203125
3585342782,100205.500000
3585382675,100206.343750
3585422158,100206.250000
3585462382,100206.890625
3585502227,100207.796875
3585542913,100209.000000
3585582376,100208.015625
3585622767,100206.078125
3585662865,100208.109375
3585702798,100209.656250
3585746318,100209.968750
3585786864,100208.406250
3585826803,100207.187500
3585866900,100208.125000
3585906667,100209.421875
3585946500,100209.812500
3585986508,100206.593750
3586026063,100205.906250
3586066778,100204.812500
3586109638,100204.859375
3586149378,100205.468750
3586189108,100205.109375
3586229680,100204.968750
3586269436,100204.921875
3586310199,100205.281250
3586350025,100206.078125
3586390375,100206.062500
3586430405,100206.218750
3586470215,100205.375000
3586510246,100204.593750
3586550949,100205.625000
3586590199,100205.453125
3586630812,100206.312500
3586670567,100205.468750
3586710815,100206.515625
3586750812,100205.546875
3586790256,100206.031250
3586830249,100205.875000
3586874290,100205.531250
3586915037,100206.343750
3586955502,100205.046875
3586995623,100205.187500
3587035795,100205.562500
3587075330,100205.671875
3587115626,100205.968750
3587156033,100206.390625
3587196109,100205.500000
3587240653,100205.671875
3587281516,100205.421875
3587321090,100207.156250
3587361543,100206.671875
3587404009,100205.796875
3587444681,100206.046875
3587484278,100205.781250
3587524636,100205.750000
3587564851,100206.000000
3587604470,100205.218750
3587644047,100205.265625
3587684495,100205.125000
3587724346,100206.281250
3587764393,100206.843750
3587805116,100206.281250
3587845859,100206.140625
3587885391,100206.453125
3587925807,100207.812500
3587965575,100207.437500
3588005757,100208.156250
3588045345,100208.281250
3588086033,100207.531250
3588126318,100207.453125
3588166086,100208.031250
3588206252,100207.312500
3588246952,100207.531250
3588286416,100207.968750
3588326706,100208.390625
3588366201,100209.140625
3588406644,100208.859375
3588446203,100209.062500
3588486753,100208.796875
3588526065,100209.609375
3588566129,100209.390625
3588606528,100210.031250
3588646393,100208.671875
3588686955,100207.593750
3588726473,100209.687500
3588766128,100210.687500
3588806826,100210.843750
3588846160,100210.406250
3588886528,100210.171875
3588926102,100209.468750
3588970002,100208.484375
3589010234,100210.093750
3589050077,100211.140625
3589090372,100209.812500
3589130576,100208.687500
3589170404,100208.000000
3589210615,100208.984375
3589250448,100212.156250
3589290814,100213.515625
3589334466,100208.875000
3589374905,100207.890625
3589414045,100207.734375
3589454608,100211.734375
3589494550,100212.875000
3589534571,100211.562500
3589575119,100210.406250
3589615193,100210.375000
3589655523,100212.953125
3589695572,100213.546875
3589735539,100212.843750
3589775212,100210.640625
3589815799,100209.781250
3589855147,100209.453125
3589899726,100212.843750
3589939445,100213.500000
3589980083,100212.765625
3590020016,100209.609375
3590064651,100209.062500
3590104396,100211.890625
3590144752,100212.796875
3590184588,100211.890625
3590224401,100210.609375
3590265043,100211.234375
3590305965,100211.812500
3590345158,100212.421875
3590386101,100212.875000
3590428999,100211.781250
3590468354,100212.265625
3590509122,100213.562500
3590549557,100213.109375
3590589609,100213.593750
3590629848,100212.843750
3590669572,100211.953125
3590709701,100210.453125
3590749058,100211.406250
3590789204,100213.078125
3590829440,100212.875000
3590869053,100212.734375
3590909552,100213.078125
3590949852,100211.906250
3590991976,100212.828125
3591031219,100211.921875
3591071012,100212.812500
3591111942,100212.093750
3591151176,100212.703125
3591191056,100211.890625
3591231064,100213.234375
3591271426,100214.015625
3591312004,100213.765625
3591355071,100213.468750
3591396770,100213.281250
3591436839,100212.000000
3591476082,100211.843750
3591519876,100213.421875
3591559583,100213.500000
3591599405,100213.546875
3591639184,100213.546875
3591681910,100212.765625
3591721938,100213.812500
3591761824,100213.734375
3591801714,100214.312500
3591841543,100213.703125
3591885946,100212.671875
3591925694,100213.453125
3591965182,100213.921875
3592005745,100214.140625
3592045109,100214.296875
3592086454,100214.718750
3592126872,100212.500000
3592166393,100213.031250
3592206583,100214.265625
3592246875,100213.328125
3592287394,100213.937500
3592328097,100213.281250
3592368503,100213.187500
3592408403,100214.062500
3592454399,100214.484375
3592495100,100214.656250
3592535289,100213.328125
3592575326,100211.562500
3592618082,100212.312500
3592658005,100211.781250
3592698620,100213.500000
3592738395,100213.609375
3592778406,100212.843750
3592818378,100211.953125
3592858925,100212.593750
3592898450,100213.312500
3592938838,100214.390625
3592978055,100213.875000
3593021187,100213.703125
3593061685,100212.906250
3593101682,100212.562500
3593141851,100214.750000
3593181134,100215.015625
3593221074,100215.343750
3593261357,100214.796875
3593301825,100213.953125
3593341533,100214.390625
3593381150,100214.671875
3593421434,100213.687500
3593461699,100213.875000
3593502873,100213.140625
3593543036,100214.156250
3593584396,100212.718750
3593624533,100213.125000
3593664074,100213.468750
3593704090,100212.515625
3593744508,100213.015625
3593784636,100212.781250
3593824758,100213.359375
3593865303,100211.968750
3593906056,100212.312500
3593948319,100212.734375
3593989086,100212.515625
3594029157,100211.765625
3594069140,100213.015625
3594109858,100213.125000
3594149930,100211.750000
3594189538,100212.265625
3594229625,100212.468750
3594269579,100211.843750
3594309183,100212.578125
3594349150,100211.312500
3594389587,100211.625000
3594429598,100211.171875
3594469279,100213.578125
3594512542,100212.843750
3594552284,100213.453125
3594592317,100214.968750
3594632183,100212.031250
3594672960,100213.390625
3594713008,100211.343750
3594753945,100211.468750
3594793847,100209.703125
3594833167,100212.906250
3594877451,100211.937500
3594917118,100212.203125
3594958430,100208.984375
3594998165,100209.890625
3595038300,100213.687500
3595078893,100211.328125
3595118023,100214.281250
3595159506,100206.750000
3595199293,100207.859375
3595239198,100210.625000
3595279794,100213.265625
3595319165,100216.531250
3595359547,100213.156250
3595399407,100212.953125
3595442188,100209.781250
3595483029,100210.515625
3595523717,100210.453125
3595564104,100210.281250
3595604111,100209.750000
3595644402,100209.890625
3595684913,100208.031250
3595725099,100208.968750
3595765528,100209.437500
3595809238,100208.234375
3595849200,100210.859375
3595889747,100210.500000
3595929057,100211.281250
3595972581,100212.062500
3596012397,100211.562500
3596052400,100210.734375
3596092683,100208.046875
3596133070,100207.265625
3596173724,100205.890625
3596213226,100203.609375
3596253256,100205.578125
3596294011,100208.703125
3596336887,100209.609375
3596376963,100209.218750
3596416466,100207.828125
3596456543,100205.593750
3596497075,100207.140625
3596537801,100208.484375
3596577562,100211.984375
3596617310,100212.968750
3596657350,100210.640625
3596699692,100210.187500
3596739425,100210.890625
3596779296,100210.890625
3596819871,100210.578125
3596859741,100209.453125
3596899152,100208.031250
3596939190,100209.171875
3596979572,100211.796875
3597019215,100213.046875
3597059093,100210.953125
3597100106,100211.234375
3597140035,100209.906250
3597180719,100209.062500
3597220118,100209.187500
3597261721,100209.703125
3597301888,100209.937500
3597341151,100210.734375
3597381535,100210.562500
3597421220,100211.484375
3597461007,100210.828125
3597501096,100210.015625
3597541003,100208.562500
3597581213,100208.781250
3597621890,100209.250000
3597661108,100208.296875
3597701287,100209.437500
3597741515,100209.421875
3597781586,100209.828125
3597821351,100207.656250
3597861444,100207.703125
3597902084,100209.125000
3597942246,100207.781250
3597982006,100207.781250
3598024424,100208.875000
3598066024,100211.000000
3598106284,100209.765625
3598146524,100209.968750
3598189307,100209.421875
3598229309,100209.796875
3598269480,100208.578125
3598309546,100210.968750
3598349754,100209.906250
3598389617,100209.234375
3598429596,100208.734375
3598469801,100208.359375
3598509840,100208.953125
3598553588,100209.390625
3598593585,100208.562500
3598633497,100208.781250
3598673950,100207.218750
3598713048,100207.828125
3598754056,100207.312500
3598794090,100209.265625
3598834476,100206.484375
3598874498,100207.218750
3598914656,100206.921875
3598954397,100207.984375
3598994853,100208.109375
3599034106,100206.312500
3599074429,100206.468750
3599118950,100206.890625
3599158179,100207.921875
3599199016,100207.234375
3599239241,100205.734375
3599284961,100204.906250
3599324848,100205.812500
3599364816,100206.359375
3599404541,100206.000000
3599447092,100206.656250
3599487548,100205.671875
3599527169,100206.562500
3599567490,100206.921875
3599607482,100207.093750
3599647772,100206.500000
3599687082,100205.812500
3599727263,100206.328125
3599767130,100206.093750
3599807135,100206.656250
3599847076,100206.250000
3599887951,100205.750000
3599927988,100205.609375
3599967863,100204.890625
3600010071,100205.046875
3600050525,100204.515625
3600090581,100204.453125
3600130545,100205.968750
3600176496,100204.781250
3600216250,100206.125000
3600256264,100206.625000
3600296914,100205.031250
3600336544,100205.906250
3600376439,100205.093750
3600416403,100206.046875
3600456501,100205.281250
3600496034,100204.343750
3600536839,100204.687500
3600576894,100205.046875
3600617107,100203.468750
3600657162,100204.078125
3600697821,100204.093750
3600737759,100203.812500
3600777616,100203.156250
3600817943,100203.531250
3600857376,100204.546875
3600897383,100205.671875
3600937046,100204.015625
3600978114,100204.640625
3601018172,100203.765625
3601058294,100205.265625
3601098892,100205.750000
3601142036,100204.281250
3601183025,100205.843750
3601224974,100205.343750
3601264093,100204.953125
3601306977,100204.703125
3601346400,100205.468750
3601386636,100203.421875
3601426226,100204.593750
3601466733,100203.187500
3601506901,100204.718750
3601546327,100205.125000
3601587042,100204.359375
3601627458,100206.500000
3601669122,100205.734375
3601709180,100205.828125
3601749912,100205.593750
3601789366,100206.546875
3601829605,100206.890625
3601869450,100206.437500
3601909940,100207.312500
3601949374,100207.296875
3601989543,100204.968750
3602032457,100206.171875
3602072037,100205.484375
3602112976,100205.156250
3602152410,100205.468750
3602192870,100206.453125
3602232692,100204.484375
3602272844,100203.906250
3602313041,100203.625000
3602353301,100205.453125
3602393853,100206.125000
3602433401,100207.140625
3602473555,100207.437500
3602513781,100206.546875
3602554077,100206.921875
3602598487,100207.875000
3602638178,100206.968750
3602678662,100206.250000
3602719073,100206.796875
3602759382,100206.828125
3602799645,100207.406250
3602839291,100206.234375
3602879479,100204.796875
3602919575,100206.171875
3602959846,100205.781250
3602999758,100205.875000
3603039111,100206.093750
3603080186,100207.656250
3603120223,100205.953125
3603160548,100204.625000
3603200543,100205.890625
3603240889,100206.234375
3603280519,100206.421875
3603320305,100205.687500
3603360910,100206.046875
3603400545,100204.593750
3603440284,100205.546875
3603481473,100206.703125
3603521507,100206.171875
3603565325,100206.906250
3603605405,100205.734375
3603645278,100207.265625
3603685810,100205.375000
3603725794,100205.562500
3603765654,100205.109375
3603805365,100205.531250
3603845226,100205.390625
3603885591,100205.828125
3603925355,100204.921875
3603965041,100204.953125
3604005623,100205.421875
3604045468,100206.468750
3604085741,100205.328125
3604127930,100205.250000
3604167090,100205.343750
3604207622,100204.968750
3604247556,100204.796875
3604288087,100207.218750
3604328645,100206.000000
3604369040,100203.765625
3604409639,100204.265625
3604449413,100205.687500
3604489904,100204.390625
3604529896,100206.500000
3604569569,100204.265625
3604609538,100205.437500
3604649045,100205.109375
3604692942,100205.343750
3604732941,100205.156250
3604772424,100204.609375
3604812553,100202.906250
3604852708,100204.640625
3604892218,100204.031250
3604932990,100206.328125
3604972206,100204.921875
3605012950,100204.359375
3605052515,100204.125000
3605092296,100205.218750
3605132722,100205.984375
3605172228,100204.765625
3605212652,100205.421875
3605252498,100204.109375
3605292234,100203.437500
3605332913,100204.046875
3605372196,100205.281250
3605412097,100204.312500
3605452340,100204.578125
3605492411,100205.125000
3605532179,100204.406250
3605572524,100205.171875
3605612671,100204.125000
3605652862,100203.890625
3605692915,100204.265625
3605732892,100202.578125
3605772108,100205.312500
3605812818,100203.656250
3605852063,100204.843750
3605892507,100205.718750
3605932718,100203.234375
3605972205,100202.500000
3606012667,100201.546875
3606052474,100203.687500
3606094015,100203.406250
3606134477,100202.265625
3606175133,100203.953125
3606215603,100204.515625
3606258149,100203.406250
3606299106,100202.328125
3606339565,100201.734375
3606379640,100202.578125
3606419556,100202.656250
3606459615,100203.859375
3606499661,100204.734375
3606540184,100202.734375
3606580509,100202.859375
3606620720,100203.781250
3606660772,100204.343750
3606700308,100203.781250
3606740937,100203.312500
3606780142,100204.312500
3606820924,100205.078125
3606860055,100204.328125
3606900552,100204.453125
3606941046,100205.546875
3606981406,100204.718750
3607025539,100203.906250
3607065355,100204.843750
3607105341,100205.156250
3607145323,100204.187500
3607185651,100204.031250
3607225734,100204.125000
3607265885,100203.531250
3607305800,100205.359375
3607345821,100205.562500
3607389295,100203.312500
3607429163,100202.234375
3607469330,100203.015625
3607509659,100203.203125
3607549878,100203.312500
3607589206,100203.593750
3607629389,100203.781250
3607669517,100202.875000
3607709105,100204.781250
3607749251,100204.015625
3607789353,100204.046875
3607829184,100205.781250
3607869303,100206.375000
3607909000,100207.078125
3607953829,100207.531250
3607994580,100207.171875
3608034535,100208.140625
3608074801,100206.015625
3608114774,100207.093750
3608154089,100203.484375
3608194992,100200.546875
3608234997,100202.921875
3608274090,100204.562500
3608317443,100205.937500
3608357629,100205.671875
3608397985,100207.203125
3608437192,100205.562500
3608477329,100206.921875
3608517407,100206.203125
3608557620,100207.609375
3608598183,100207.390625
3608638814,100206.515625
3608678011,100205.000000
3608718762,100203.781250
3608759061,100203.984375
3608799242,100202.218750
3608839306,100204.593750
3608882427,100204.843750
3608922264,100205.906250
3608962483,100205.562500
3609002094,100204.531250
3609042218,100205.000000
3609082940,100206.375000
3609122641,100204.812500
3609162890,100206.015625
3609202490,100206.359375
3609242088,100205.593750
3609283013,100206.500000
3609323450,100207.437500
3609363686,100206.781250
3609403261,100206.734375
3609443599,100205.359375
3609484584,100204.109375
3609524714,100203.421875
3609564808,100204.203125
3609604285,100203.140625
3609644265,100202.593750
3609685234,100203.203125
3609725613,100203.093750
3609765971,100205.234375
3609806023,100205.328125
3609846136,100205.812500
3609886116,100204.968750
3609926180,100204.812500
3609966428,100205.328125
3610006463,100207.593750
3610046591,100206.015625
3610086569,100207.421875
3610127079,100206.703125
3610167310,100206.890625
3610207321,100205.953125
3610251309,100206.703125
3610291925,100205.765625
3610331109,100206.187500
3610371366,100205.609375
3610411758,100205.171875
3610451085,100203.968750
3610491514,100203.859375
3610531847,100203.687500
3610571404,100205.187500
3610615422,100206.078125
3610655838,100205.781250
3610695872,100206.218750
3610735697,100205.171875
3610775969,100206.656250
3610815477,100206.828125
3610855012,100206.578125
3610895446,100205.000000
3610935335,100205.656250
3610979021,100206.015625
3611019477,100205.734375
3611059630,100205.828125
3611099334,100205.125000
3611139650,100202.359375
3611179023,100201.562500
3611219425,100205.000000
3611259130,100204.625000
3611299877,100206.015625
3611342529,100206.828125
3611382769,100207.890625
3611422309,100207.718750
3611462800,100207.171875
3611508416,100209.890625
3611548794,100207.859375
3611588373,100207.640625
3611628518,100208.921875
3611668252,100209.281250
3611709122,100209.640625
3611750111,100209.953125
3611790328,100208.453125
3611830192,100210.796875
3611870635,100209.218750
3611910439,100210.484375
3611950555,100207.015625
3611990763,100214.031250
3612030639,100210.703125
3612070185,100210.343750
3612111029,100208.343750
3612151652,100208.156250
3612191651,100206.609375
3612231763,100208.250000
3612271712,100208.906250
3612311932,100209.562500
3612351718,100212.531250
3612391752,100211.781250
3612431826,100211.953125
3612471458,100209.515625
3612512019,100207.406250
3612552407,100207.890625
3612592826,100210.156250
3612632416,100213.703125
3612674115,100213.281250
3612715003,100215.828125
3612755429,100215.187500
3612795662,100213.437500
3612835653,100216.734375
3612875847,100215.187500
3612915320,100213.593750
3612955995,100213.250000
3612995080,100213.765625
3613038594,100213.359375
3613079440,100213.328125
3613119139,100212.203125
3613160089,100214.250000
3613203498,100214.562500
3613243169,100215.250000
3613283582,100214.937500
3613323537,100214.718750
3613363311,100214.671875
3613403610,100214.171875
3613443043,100214.906250
3613483724,100217.578125
3613523415,100216.296875
3613563406,100214.515625
3613603835,100212.812500
3613643491,100214.015625
3613683282,100215.718750
3613724077,100216.062500
3613767793,100216.125000
3613807483,100214.562500
3613847065,100215.562500
3613887381,100216.890625
3613927644,100217.453125
3613968096,100217.437500
3614008780,100217.281250
3614048037,100217.984375
3614088301,100218.703125
3614131058,100220.281250
3614171304,100217.906250
3614212137,100217.546875
3614252544,100214.687500
3614292158,100218.890625
3614332608,100219.062500
3614372836,100220.343750
3614412557,100218.343750
3614452141,100221.437500
3614492647,100221.031250
3614533112,100218.812500
3614573473,100219.484375
3614613192,100219.671875
3614653309,100220.046875
3614693212,100221.765625
3614733878,100220.703125
3614774082,100220.312500
3614815339,100220.343750
3614855486,100223.031250
3614895542,100224.187500
3614935864,100222.640625
3614975472,100221.156250
3615016051,100220.171875
3615056785,100222.390625
3615100742,100224.359375
3615140118,100225.578125
3615180814,100224.593750
3615220427,100222.968750
3615260342,100221.406250
3615300049,100222.218750
3615340612,100222.796875
3615380210,100220.343750
3615420983,100222.250000
3615460854,100225.031250
3615500772,100226.453125
3615540117,100224.937500
3615580922,100225.218750
3615620487,100224.953125
3615662700,100225.593750
3615702487,100225.093750
3615742519,100226.781250
3615782775,100227.156250
3615822192,100227.156250
3615862851,100225.078125
3615902547,100228.375000
3615942495,100228.171875
3615982080,100229.062500
3616022851,100228.453125
3616062105,100230.250000
3616102403,100229.343750
3616142904,100232.203125
3616182473,100231.906250
3616222112,100230.906250
3616262170,100232.625000
3616303005,100231.062500
3616343471,100230.265625
3616383007,100230.453125
3616425261,100231.906250
3616465757,100229.468750
3616505195,100233.171875
3616545627,100232.515625
3616585258,100232.406250
3616625543,100229.265625
3616665518,100227.125000
3616705506,100228.046875
3616745476,100229.593750
3616789469,100232.062500
3616830095,100231.656250
3616870439,100234.078125
3616910048,100235.140625
3616950072,100236.234375
3616991026,100236.406250
3617031696,100234.671875
3617071284,100235.437500
3617111378,100235.437500
3617151853,100236.640625
3617191675,100239.015625
3617231203,100239.203125
3617271607,100238.031250
3617311362,100237.265625
3617352075,100236.734375
3617392525,100237.906250
3617432138,100238.828125
3617472286,100238.296875
3617512137,100239.812500
3617552910,100239.203125
3617592898,100238.156250
3617632695,100239.781250
3617672118,100238.500000
3617712374,100240.312500
3617752284,100239.625000
3617792088,100239.921875
3617832692,100239.562500
3617872485,100239.156250
3617912668,100240.453125
3617952875,100240.812500
3617992677,100242.359375
3618032168,100243.687500
3618073150,100243.718750
3618113452,100242.875000
3618153138,100241.109375
3618193746,100242.125000
3618233554,100242.640625
3618273351,100241.734375
3618313657,100239.984375
3618355664,100241.140625
3618395234,100240.531250
3618435095,100239.359375
3618477120,100240.359375
3618517262,100243.421875
3618557409,100244.437500
3618597096,100245.265625
3618637341,100247.343750
3618678189,100245.859375
3618721203,100242.234375
3618761756,100242.078125
3618801308,100243.296875
3618841652,100243.187500
3618881817,100245.609375
3618921724,100245.484375
3618961810,100246.234375
3619001077,100245.156250
3619041428,100248.546875
3619084616,100247.984375
3619124060,100247.218750
3619164936,100248.218750
3619204244,100245.656250
3619244105,100247.609375
3619284071,100251.562500
3619324684,100249.250000
3619364409,100249.765625
3619404767,100248.109375
3619447006,100249.765625
3619487517,100250.718750
3619527123,100251.468750
3619567826,100248.921875
3619607350,100250.375000
3619647617,100249.906250
3619687262,100251.109375
3619728279,100250.140625
3619768604,100252.687500
3619808072,100252.000000
3619848021,100250.609375
3619888419,100252.312500
3619928357,100252.593750
3619968340,100253.484375
3620008523,100252.984375
3620048532,100254.656250
3620088118,100252.734375
3620128879,100253.000000
3620168272,100253.859375
3620208450,100254.000000
3620248494,100255.593750
3620288309,100254.484375
3620330013,100254.406250
3620370791,100254.937500
3620413530,100255.453125
3620453550,100255.218750
3620493602,100255.921875
3620534043,100255.875000
3620574140,100256.625000
3620614558,100258.312500
3620654249,100257.656250
3620694607,100256.125000
3620735097,100256.625000
3620780703,100255.718750
3620820948,100255.937500
3620860857,100255.828125
3620901093,100258.812500
3620944000,100260.062500
3620984443,100260.656250
3621024736,100261.234375
3621064484,100259.593750
3621104831,100259.796875
3621144379,100260.156250
3621184547,100260.562500
3621224937,100261.734375
3621264531,100261.953125
3621308088,100260.234375
3621348570,100260.375000
3621388013,100261.062500
3621428224,100262.359375
3621468288,100263.812500
3621508106,100264.953125
3621548572,100264.343750
3621589001,100263.453125
3621629544,100264.875000
3621669859,100264.875000
3621709764,100264.390625
3621749087,100265.156250
3621789370,100264.093750
3621829867,100264.875000
3621870512,100266.109375
3621910549,100266.593750
3621950243,100265.046875
3621990840,100265.765625
3622030797,100265.375000
3622070771,100266.234375
3622110721,100266.875000
3622151134,100268.796875
3622191454,100267.578125
3622231422,100266.312500
3622271717,100268.625000
3622311912,100268.359375
3622351211,100267.968750
3622391473,100270.031250
3622431773,100267.484375
3622471158,100268.046875
3622511332,100268.046875
3622551750,100268.171875
3622591942,100268.828125
3622631297,100270.625000
3622671250,100270.265625
3622711774,100271.359375
3622751124,100270.390625
3622791207,100269.546875
3622831639,100271.093750
3622871016,100272.343750
3622911029,100270.390625
3622951803,100271.218750
3622991929,100268.921875
3623031257,100270.875000
3623071177,100271.921875
3623111140,100273.734375
3623151201,100272.875000
3623191285,100269.859375
3623235430,100268.562500
3623275333,100269.140625
3623315628,100269.843750
3623356006,100270.796875
3623399742,100271.312500
3623439951,100271.812500
3623479836,100274.234375
3623519998,100275.296875
3623559335,100276.078125
3623599157,100275.421875
3623640482,100275.671875
3623680616,100276.515625
3623720392,100274.875000
3623763382,100275.437500
3623803471,100273.984375
3623843252,100273.421875
3623883773,100271.843750
3623923715,100273.859375
3623964101,100274.265625
3624004211,100274.453125
3624044312,100274.593750
3624084522,100276.062500
3624127157,100276.609375
3624167896,100278.296875
3624207033,100278.531250
3624247480,100279.171875
3624287089,100278.500000
3624327111,100279.000000
3624367601,100278.171875
3624407873,100278.031250
3624447783,100276.906250
3624487076,100276.343750
3624527102,100275.343750
3624567807,100275.625000
3624607069,100275.921875
3624647711,100276.265625
3624688785,100276.375000
3624728244,100277.015625
3624768700,100279.078125
3624808981,100279.281250
3624848873,100278.640625
3624889225,100278.984375
3624929300,100277.890625
3624969211,100277.562500
3625009439,100278.921875
3625049929,100278.546875
3625089641,100279.390625
3625129716,100278.343750
3625169073,100278.640625
3625209637,100278.312500
3625252227,100281.031250
3625294007,100279.125000
3625334400,100279.687500
3625374068,100278.015625
3625418108,100279.250000
3625458064,100279.437500
3625499102,100279.421875
3625539993,100281.234375
3625583404,100280.562500
3625623883,100281.406250
3625663625,100281.125000
3625703960,100282.140625
3625749070,100282.281250
3625790074,100281.531250
3625830457,100283.640625
3625870577,100283.484375
3625910424,100283.218750
3625951031,100281.796875
3625991244,100281.343750
3626031022,100280.484375
3626071217,100282.640625
3626111325,100282.937500
3626151088,100282.968750
3626191628,100282.640625
3626231424,100282.218750
3626271568,100281.921875
3626311132,100282.265625
3626352003,100281.875000
3626392560,100281.687500
3626432381,100283.625000
3626472533,100283.734375
3626512597,100282.843750
3626552361,100283.906250
3626592381,100282.546875
3626632850,100283.390625
3626672649,100283.390625
3626712752,100284.281250
3626752360,100284.703125
3626792151,100283.531250
3626833096,100284.437500
3626873366,100283.828125
3626913222,100283.437500
3626953834,100284.140625
3626994007,100284.046875
3627034853,100284.640625
3627074163,100285.062500
3627117617,100283.468750
3627157335,100284.984375
3627198928,100285.203125
3627238594,100284.953125
3627278671,100284.375000
3627318483,100286.078125
3627358190,100284.843750
3627399758,100287.515625
3627439744,100285.828125
3627483206,100285.750000
3627523357,100284.562500
3627563786,100285.546875
3627603996,100286.093750
3627644070,100286.484375
3627684825,100286.125000
3627724794,100286.265625
3627764261,100284.359375
3627804338,100285.453125
3627844129,100286.375000
3627884556,100287.921875
3627924130,100287.500000
3627964878,100288.546875
3628004962,100287.281250
3628044729,100288.328125
3628084496,100287.562500
3628124639,100288.546875
3628164159,100284.015625
3628204006,100280.578125
3628244877,100280.093750
3628284624,100282.750000
3628324382,100286.828125
3628364780,100287.453125
3628404614,100287.500000
3628444370,100288.468750
3628484523,100288.734375
3628524798,100288.640625
3628564202,100287.546875
3628604559,100287.812500
3628647156,100286.859375
3628687179,100286.984375
3628727615,100287.203125
3628767037,100287.671875
3628807343,100287.093750
3628847854,100286.562500
3628887224,100286.703125
3628927046,100288.406250
3628967630,100287.671875
3629010486,100289.125000
3629050667,100286.875000
3629090687,100288.953125
3629131126,100287.046875
3629175170,100290.093750
3629215547,100288.250000
3629256523,100287.390625
3629296308,100286.390625
3629336630,100286.468750
3629376624,100288.375000
3629417153,100288.390625
3629457858,100290.093750
3629497372,100289.312500
3629537674,100288.843750
3629577836,100288.671875
3629617426,100287.937500
3629658050,100288.718750
3629698154,100290.640625
3629741431,100288.640625
3629781974,100288.500000
3629821612,100288.328125
3629861838,100287.906250
3629901756,100289.000000
3629941470,100288.078125
3629981130,100288.859375
3630021629,100289.015625
3630061734,100288.078125
3630103938,100289.593750
3630144128,100289.796875
3630184729,100288.390625
3630224498,100288.796875
3630264677,100289.562500
3630304277,100291.140625
3630344263,100292.343750
3630384845,100291.234375
3630424619,100291.062500
3630467713,100290.078125
3630508683,100290.296875
3630548070,100292.156250
3630588080,100292.406250
3630628911,100292.593750
3630668104,100292.156250
3630708940,100290.968750
3630748332,100292.140625
3630788208,100291.765625
3630828732,100290.375000
3630868766,100288.515625
3630909716,100287.609375
3630949080,100289.562500
3630989531,100290.453125
3631033037,100291.078125
3631073168,100293.734375
3631113722,100291.796875
3631154083,100291.296875
3631194610,100292.156250
3631234751,100292.031250
3631274871,100290.953125
3631314492,100289.968750
3631354813,100289.687500
3631397626,100292.156250
3631437603,100292.703125
3631477115,100292.296875
3631517504,100292.328125
3631557350,100291.046875
3631597367,100291.296875
3631637353,100291.796875
3631677602,100293.609375
3631717092,100292.343750
3631757291,100292.765625
3631797415,100292.593750
3631837357,100293.515625
3631877109,100293.281250
3631917378,100292.546875
3631960901,100292.921875
3632000565,100293.921875
3632040641,100293.203125
3632080505,100291.734375
3632120269,100293.468750
3632160361,100294.859375
3632200016,100295.171875
3632240079,100293.828125
3632280476,100295.046875
3632320535,100294.640625
3632360658,100296.000000
3632400288,100298.375000
3632440344,100297.703125
3632482522,100296.718750
3632523877,100295.718750
3632564856,100296.703125
3632604620,100293.546875
3632644776,100293.406250
3632684892,100293.953125
3632724637,100296.656250
3632765625,100296.375000
3632805358,100296.718750
3632845526,100295.750000
3632887291,100297.093750
3632927164,100296.546875
3632967508,100294.203125
3633007466,100295.078125
3633047714,100297.765625
3633087287,100298.953125
3633127693,100298.796875
3633167984,100300.078125
3633207913,100300.671875
3633248142,100299.687500
3633288588,100298.671875
3633328407,100298.796875
3633368687,100299.281250
3633408569,100298.234375
3633448770,100297.343750
3633488579,100297.062500
3633528948,100297.656250
3633569220,100296.531250
3633609342,100298.921875
3633649651,100299.906250
3633689156,100299.203125
3633729848,100299.640625
3633769476,100299.234375
3633809260,100300.640625
3633849553,100301.218750
3633889560,100301.593750
3633930124,100301.500000
3633970401,100302.406250
3634010336,100302.234375
3634050638,100302.625000
3634090175,100303.796875
3634130590,100304.109375
3634170943,100302.890625
3634210877,100304.078125
3634250006,100304.671875
3634290026,100304.750000
3634330213,100305.046875
3634370074,100304.734375
3634410367,100304.609375
3634450013,100304.609375
3634490189,100304.656250
3634530977,100305.203125
3634570821,100304.343750
3634610634,100305.937500
3634654472,100306.500000
3634694604,100307.843750
3634734450,100308.359375
3634774996,100309.562500
3634814828,100309.734375
3634854279,100311.328125
3634894035,100310.437500
3634934329,100308.468750
3634974026,100309.750000
3635018161,100307.359375
3635058513,100307.984375
3635098292,100309.312500
3635138575,100310.609375
3635178653,100310.171875
3635218951,100310.250000
3635258393,100309.953125
3635298688,100311.046875
3635338959,100311.812500
3635382597,100311.671875
3635422822,100312.421875
3635463105,100311.453125
3635503481,100311.906250
3635543141,100312.921875
3635583689,100313.656250
3635623104,100313.609375
3635663452,100315.312500
3635703850,100312.140625
3635746116,100312.265625
3635786273,100313.671875
3635826389,100316.312500
3635866699,100316.781250
3635906716,100314.968750
3635946166,100314.921875
3635986560,100317.437500
3636026659,100318.750000
3636066953,100316.859375
3636106368,100316.593750
3636146780,100316.781250
3636186067,100316.343750
3636226402,100317.843750
3636266469,100318.781250
3636309229,100319.343750
3636349701,100319.859375
3636389043,100318.515625
3636429382,100317.968750
3636469631,100318.265625
3636509457,100319.031250
3636549923,100320.546875
3636589366,100320.828125
3636629714,100319.421875
3636669960,100321.484375
3636709401,100322.781250
3636749016,100322.890625
3636789130,100321.265625
3636829276,100321.250000
3636873252,100324.296875
3636913099,100325.171875
3636953474,100323.906250
3636993890,100323.765625
3637033379,100323.234375
3637073762,100324.078125
3637113735,100325.375000
3637154098,100326.203125
3637194511,100325.906250
3637238757,100324.812500
3637278049,100326.734375
3637318367,100327.109375
3637358150,100327.171875
3637398608,100327.953125
3637438803,100328.187500
3637478370,100328.359375
3637518678,100327.937500
3637558144,100327.687500
3637602643,100328.906250
3637642363,100331.140625
3637682604,100330.000000
3637722544,100330.265625
3637762579,100329.515625
3637802628,100330.109375
3637842616,100330.968750
3637882826,100330.734375
3637922219,100330.406250
3637966196,100329.890625
3638006684,100332.000000
3638046747,100334.484375
3638086343,100334.687500
3638126259,100333.218750
3638166650,100332.828125
3638207113,100334.906250
3638247172,100335.218750
3638288063,100334.953125
3638328020,100335.781250
3638368130,100334.875000
3638408821,100335.468750
3638448930,100336.453125
3638488763,100336.968750
3638528108,100337.281250
3638568253,100338.328125
3638608042,100337.703125
3638648201,100337.437500
3638691696,100338.421875
3638732280,100338.000000
3638772689,100338.125000
3638812265,100337.843750
3638852497,100339.062500
3638892486,100339.406250
3638932512,100339.484375
3638972956,100339.437500
3639012305,100340.343750
3639056249,100340.812500
3639096319,100340.812500
3639136669,100340.546875
3639176680,100341.437500
3639216346,100341.437500
3639256873,100342.703125
3639296605,100341.921875
3639336386,100343.187500
3639376659,100342.015625
3639420654,100342.187500
3639460965,100344.250000
3639500666,100343.218750
3639540683,100344.734375
3639580908,100345.937500
3639620835,100346.546875
3639660163,100346.421875
3639700489,100346.390625
3639740996,100345.578125
3639780802,100346.312500
3639820692,100345.875000
3639860290,100346.203125
3639900410,100348.281250
3639940129,100345.906250
3639981059,100349.453125
3640022102,100350.125000
3640062370,100350.046875
3640102282,100349.312500
3640142274,100349.437500
3640186784,100349.187500
3640226624,100349.984375
3640266908,100349.109375
3640306800,100349.671875
3640346937,100349.171875
3640386991,100350.640625
3640426538,100350.921875
3640467068,100350.562500
3640507555,100350.359375
3640550000,100351.640625
3640590584,100351.171875
3640630692,100352.046875
3640670096,100353.187500
3640710770,100354.500000
3640751238,100355.390625
3640792422,100356.000000
3640832078,100357.937500
3640872352,100357.859375
3640912084,100359.609375
3640952422,100360.921875
3640992839,100358.609375
3641032929,100361.265625
3641072041,100359.953125
3641112238,100359.390625
3641152818,100361.718750
3641192102,100361.343750
3641232153,100362.062500
3641272426,100363.468750
3641312239,100362.625000
3641352311,100362.062500
3641392729,100361.734375
3641432794,100361.843750
3641473062,100361.906250
3641516346,100362.015625
3641556062,100362.015625
3641597361,100362.203125
3641637971,100364.390625
3641677068,100362.203125
3641717541,100363.359375
3641757821,100363.093750
3641797427,100364.796875
3641837367,100364.093750
3641877771,100366.234375
3641917405,100366.171875
3641957673,100367.937500
3641997512,100367.234375
3642037939,100368.187500
3642077239,100368.296875
3642117512,100367.406250
3642157728,100367.828125
3642197473,100368.421875
3642237850,100368.609375
3642277423,100368.140625
3642317383,100368.796875
3642357075,100369.312500
3642398007,100372.140625
3642438366,100371.234375
3642484305,100371.765625
3642524576,100371.171875
3642564696,100372.250000
3642604324,100371.500000
3642644323,100371.328125
3642684401,100371.218750
3642724269,100370.765625
3642764073,100372.000000
3642804672,100372.859375
3642844410,100372.906250
3642884976,100372.546875
3642924056,100372.421875
3642964524,100375.312500
3643004781,100375.046875
3643048331,100375.281250
3643088580,100376.531250
3643128754,100375.140625
3643168548,100376.796875
3643208130,100376.203125
3643248152,100377.062500
3643288394,100377.046875
3643328194,100376.750000
3643368599,100376.828125
3643410500,100378.828125
3643450602,100379.234375
3643490765,100379.578125
3643530863,100378.984375
3643570122,100379.015625
3643611098,100377.546875
3643651239,100378.859375
3643691395,100381.171875
3643731513,100379.484375
3643774384,100381.453125
3643814940,100382.640625
3643854236,100381.937500
3643894935,100381.296875
3643934046,100383.531250
3643974770,100384.953125
3644014207,100383.453125
3644054631,100384.281250
3644094188,100383.859375
3644136701,100384.531250
3644176414,100385.796875
3644216973,100386.578125
3644256410,100384.578125
3644298119,100384.875000
3644338391,100385.218750
3644378357,100386.265625
3644419007,100386.703125
3644459440,100386.968750
3644502589,100386.734375
3644542584,100387.062500
3644582905,100387.421875
3644622956,100387.421875
3644662233,100388.453125
3644704173,100389.250000
3644744552,100388.250000
3644784049,100389.625000
3644825074,100389.687500
3644865515,100389.906250
3644905179,100390.906250
3644945417,100391.843750
3644985204,100392.546875
3645025069,100392.812500
3645065487,100392.015625
3645105904,100392.609375
3645145013,100391.125000
3645185625,100390.921875
3645225314,100391.265625
3645265089,100391.093750
3645305616,100390.484375
3645345363,100391.609375
3645386079,100393.093750
3645426935,100391.390625
3645466473,100392.625000
3645506001,100391.953125
3645546549,100393.359375
3645587035,100393.187500
3645627065,100392.953125
3645670057,100394.062500
3645711175,100396.515625
3645752555,100395.718750
3645792305,100395.890625
3645835836,100396.703125
3645875368,100396.015625
3645915315,100396.843750
3645955342,100396.468750
3645995718,100396.218750
3646036098,100397.343750
3646078606,100397.843750
3646118215,100397.843750
3646158192,100397.765625
3646198667,100398.296875
3646239073,100399.265625
3646280420,100397.593750
3646320001,100399.562500
3646363896,100401.281250
3646404047,100399.296875
3646444302,100399.234375
3646484356,100399.359375
3646524583,100401.812500
3646564018,100403.156250
3646605198,100402.359375
3646645471,100402.671875
3646685724,100401.984375
3646726735,100403.281250
3646766868,100402.625000
3646807311,100403.375000
3646847039,100403.343750
3646887458,100403.890625
3646927351,100404.468750
3646967354,100403.781250
3647007704,100403.218750
3647047508,100406.078125
3647087928,100405.359375
3647127428,100405.593750
3647168037,100405.828125
3647208361,100404.156250
3647248079,100403.437500
3647288475,100403.015625
3647328241,100403.625000
3647368851,100405.609375
3647408532,100406.968750
3647448326,100407.437500
3647488358,100409.531250
3647528567,100409.046875
3647568033,100410.015625
3647608064,100409.812500
3647648512,100410.875000
3647688700,100412.453125
3647728515,100410.843750
3647768840,100411.531250
3647808745,100412.296875
3647848305,100413.421875
3647891893,100414.093750
3647931070,100413.906250
3647971130,100413.640625
3648011699,100412.703125
3648051438,100413.203125
3648092001,100414.671875
3648132179,100413.781250
3648172478,100414.765625
3648212181,100413.812500
3648256387,100412.125000
3648296473,100412.578125
3648336077,100413.859375
3648376503,100415.875000
3648416696,100416.921875
3648456298,100416.609375
3648496294,100414.468750
3648536753,100416.484375
3648576155,100416.406250
3648621080,100416.921875
3648661531,100418.265625
3648701050,100417.609375
3648741191,100417.562500
3648782079,100418.359375
3648822705,100418.687500
3648862800,100418.562500
3648902569,100418.375000
3648942581,100416.296875
3648982323,100418.875000
3649022028,100418.625000
3649062164,100420.984375
3649103059,100421.781250
3649143447,100420.921875
3649184855,100421.578125
3649224110,100422.187500
3649264504,100421.125000
3649305086,100419.562500
3649345436,100419.640625
3649385379,100420.750000
3649425792,100420.843750
3649465092,100421.875000
3649505629,100422.859375
3649545091,100422.640625
3649586018,100423.656250
3649626535,100424.750000
3649666910,100424.812500
3649706453,100424.265625
3649749273,100423.406250
3649790031,100424.890625
3649830901,100425.437500
3649871218,100425.578125
3649911097,100426.484375
3649951180,100425.218750
3649991038,100427.328125
3650031901,100425.437500
3650071393,100424.687500
3650111266,100425.968750
3650151391,100426.625000
3650191241,100426.234375
3650232102,100427.187500
3650272399,100424.890625
3650312202,100425.515625
3650352308,100427.187500
3650392212,100429.687500
3650433123,100428.750000
3650473760,100429.109375
3650516077,100428.625000
3650556057,100429.796875
3650596082,100429.921875
3650636217,100428.781250
3650680860,100431.078125
3650720376,100430.734375
3650760514,100432.500000
3650800610,100430.703125
3650840962,100432.062500
3650880072,100433.875000
3650920463,100432.468750
3650960129,100433.328125
3651000122,100431.078125
3651040280,100428.937500
3651080247,100432.078125
3651120851,100432.796875
3651160198,100433.171875
3651200767,100433.546875
3651240990,100431.609375
3651280127,100431.265625
3651320701,100431.078125
3651360335,100432.015625
3651400016,100433.343750
3651440202,100434.781250
3651480192,100433.734375
3651520184,100433.156250
3651560060,100433.781250
3651600519,100434.312500
3651643266,100434.656250
3651683018,100435.468750
3651723794,100436.656250
3651763633,100436.156250
3651803943,100435.250000
3651843772,100436.359375
3651883439,100433.906250
3651923076,100434.078125
3651963188,100433.078125
3652006614,100433.437500
3652046910,100433.375000
3652086972,100433.984375
3652126580,100435.125000
3652166343,100436.937500
3652206552,100437.359375
3652246023,100435.625000
3652286953,100436.984375
3652326531,100436.125000
3652366265,100437.140625
3652406221,100438.859375
3652446498,100436.031250
3652486279,100438.093750
3652526215,100436.625000
3652569351,100437.218750
3652609982,100438.015625
3652649503,100439.250000
3652689328,100439.078125
3652730061,100440.062500
3652770591,100439.234375
3652810258,100437.906250
3652850702,100438.015625
3652890460,100437.859375
3652933290,100438.203125
3652973191,100438.656250
3653013682,100439.484375
3653053530,100439.000000
3653093274,100438.828125
3653133544,100437.609375
3653173454,100438.453125
3653213936,100437.984375
3653253785,100438.796875
3653296901,100439.703125
3653336018,100439.250000
3653376854,100440.468750
3653416009,100440.015625
3653456850,100441.421875
3653496956,100441.468750
3653536435,100439.953125
3653576313,100438.437500
3653616683,100439.703125
3653656330,100439.656250
3653696419,100439.093750
3653736345,100440.937500
3653776638,100440.453125
3653816986,100438.765625
3653856651,100438.828125
3653896711,100439.281250
3653936517,100440.171875
3653977150,100438.968750
3654017515,100440.093750
3654057198,100441.718750
3654097297,100442.968750
3654137685,100443.593750
3654178041,100442.296875
3654218430,100442.140625
3654260641,100442.265625
3654300166,100443.765625
3654340186,100442.890625
3654380667,100443.687500
3654420002,100441.265625
3654461051,100442.468750
3654501741,100439.015625
3654541499,100441.687500
3654581263,100441.265625
3654624102,100443.250000
3654664638,100444.062500
3654704558,100442.437500
3654744295,100440.171875
3654788647,100441.515625
3654828743,100443.578125
3654868394,100443.546875
3654908932,100443.500000
3654948695,100443.359375
3654988039,100443.109375
3655029302,100442.078125
3655070103,100443.656250
3655110553,100445.578125
3655152073,100444.640625
3655192057,100443.203125
3655233116,100443.671875
3655273894,100445.031250
3655313357,100443.843750
3655353072,100444.750000
3655393570,100445.375000
3655433252,100444.125000
3655473114,100444.734375
3655513484,100445.078125
3655553514,100445.656250
3655593031,100443.750000
3655633862,100444.734375
3655673692,100444.531250
3655717051,100446.031250
3655757410,100443.812500
3655797754,100444.734375
3655838084,100445.609375
3655878621,100445.250000
3655918961,100445.203125
3655958459,100446.078125
3655998448,100443.437500
3656039612,100445.562500
3656083933,100444.593750
3656123601,100445.656250
3656163486,100444.468750
3656203651,100445.687500
3656243797,100443.781250
3656283913,100444.734375
3656323325,100444.640625
3656363127,100445.750000
3656403018,100446.359375
3656446798,100446.640625
3656486550,100446.859375
3656526003,100445.281250
3656566876,100445.187500
3656606004,100443.875000
3656647519,100445.234375
3656687604,100444.343750
3656727741,100445.218750
3656767615,100444.312500
3656807744,100445.750000
3656847223,100445.328125
3656887329,100444.562500
3656927923,100445.015625
3656967289,100445.437500
3657010183,100445.312500
3657050734,100446.328125
3657090639,100446.937500
3657131010,100448.046875
3657171293,100446.203125
3657211469,100445.531250
3657251716,100444.703125
3657291839,100445.687500
3657332006,100446.125000
3657374884,100447.000000
3657414598,100446.015625
3657454172,100443.453125
3657494269,100443.218750
3657534052,100444.796875
3657574340,100444.515625
3657614110,100446.140625
3657654661,100446.218750
3657694462,100445.453125
3657734752,100446.343750
3657774189,100447.765625
3657814481,100448.359375
3657854000,100448.156250
3657894213,100447.125000
3657934115,100445.390625
3657974015,100445.671875
3658014019,100445.312500
3658054645,100446.281250
3658094692,100444.859375
3658139736,100445.859375
3658179507,100446.343750
3658219179,100447.062500
3658259777,100447.625000
3658303336,100444.765625
3658343092,100445.750000
3658383704,100445.031250
3658423689,100445.703125
3658463257,100445.859375
3658503357,100446.359375
3658543379,100446.281250
3658583250,100444.109375
3658624096,100446.062500
3658667223,100446.484375
3658707150,100445.921875
3658747396,100447.687500
3658787470,100445.937500
3658827395,100446.859375
3658868495,100445.312500
3658909101,100447.078125
3658949014,100447.171875
3658989960,100446.265625
3659032353,100446.562500
3659072035,100447.906250
3659112993,100446.250000
3659152063,100446.828125
3659193003,100445.187500
3659234100,100446.515625
3659274984,100446.171875
3659314249,100445.859375
3659354414,100445.515625
3659396376,100446.500000
3659436399,100447.546875
3659476992,100447.843750
3659516151,100447.359375
3659556080,100446.906250
3659596750,100445.453125
3659636478,100446.156250
3659676142,100445.281250
3659716781,100447.093750
3659759161,100446.406250
3659799429,100446.265625
3659839026,100447.171875
3659879522,100448.343750
3659919294,100446.984375
3659959663,100447.031250
3659999915,100445.859375
3660039567,100445.609375
3660080065,100447.531250
3660124049,100448.312500
3660164281,100447.390625
3660204109,100446.609375
3660245587,100446.906250
3660288680,100447.281250
3660328114,100448.875000
3660368077,100448.265625
3660408685,100447.765625
3660448267,100447.687500
3660488116,100448.078125
3660528473,100447.515625
3660568384,100448.890625
3660609108,100447.390625
3660653590,100448.562500
3660695269,100447.890625
3660735652,100448.625000
3660775182,100447.203125
3660818244,100446.843750
3660858513,100446.843750
3660898224,100447.015625
3660938618,100448.953125
3660978491,100448.281250
3661018570,100448.203125
3661058826,100448.390625
3661098562,100447.578125
3661138846,100449.187500
3661178230,100447.218750
3661218029,100446.687500
3661258292,100445.765625
3661298025,100447.187500
3661338290,100448.640625
3661381062,100447.234375
3661421010,100446.687500
3661461425,100448.265625
3661501086,100447.687500
3661541388,100449.031250
3661582885,100449.609375
3661622274,100447.859375
3661662835,100446.546875
3661702887,100446.812500
3661742307,100445.906250
3661783984,100448.671875
3661823877,100450.515625
3661863275,100446.781250
3661903157,100446.500000
3661944124,100446.656250
3661985105,100448.031250
3662025033,100451.031250
3662065310,100450.593750
3662105236,100448.890625
3662146106,100447.156250
3662186275,100447.671875
3662226449,100450.265625
3662266989,100450.343750
3662306667,100450.031250
3662346477,100449.609375
3662386309,100447.156250
3662426247,100448.375000
3662466521,100450.406250
3662506341,100450.640625
3662547095,100449.750000
3662587180,100448.531250
3662627438,100449.015625
3662668009,100451.046875
3662709071,100450.343750
3662753994,100449.000000
3662793655,100449.171875
3662833883,100446.156250
3662873290,100448.296875
3662913080,100449.328125
3662953586,100448.515625
3662993538,100449.484375
3663033728,100449.109375
3663073459,100450.343750
3663116396,100450.750000
3663156423,100451.593750
3663196394,100451.078125
3663236369,100450.796875
3663276238,100450.500000
3663316768,100450.640625
3663356806,100451.484375
3663396127,100450.109375
3663436939,100450.500000
3663482043,100450.765625
3663522558,100450.750000
3663562074,100449.984375
3663603655,100451.140625
3663643022,100449.890625
3663683667,100450.171875
3663723188,100450.406250
3663763269,100450.625000
3663804028,100449.937500
3663848033,100450.656250
3663888192,100449.718750
3663928707,100449.703125
3663968602,100451.000000
3664008240,100451.343750
3664048728,100452.046875
3664088027,100453.078125
3664128048,100453.156250
3664168811,100452.671875
3664208436,100452.593750
3664248917,100451.625000
3664288922,100452.734375
3664328238,100452.171875
3664368393,100454.640625
3664408358,100454.468750
3664448772,100454.265625
3664488113,100453.015625
3664528594,100451.781250
3664568838,100450.765625
3664609040,100453.140625
3664649490,100455.015625
3664689968,100455.546875
3664729068,100455.343750
3664769288,100453.390625
3664809394,100452.281250
3664849851,100454.421875
3664889104,100454.187500
3664929713,100454.984375
3664969034,100454.531250
3665009908,100454.843750
3665049237,100453.171875
3665089680,100455.531250
3665129012,100454.703125
3665169206,100454.750000
3665209496,100454.046875
3665249977,100456.062500
3665289243,100455.078125
3665329688,100456.234375
3665369294,100455.125000
3665413539,100454.500000
3665453873,100454.640625
3665494077,100451.968750
3665534290,100454.343750
3665574564,100455.046875
3665614267,100455.781250
3665654573,100456.015625
3665694645,100455.140625
3665734008,100454.390625
3665774181,100455.500000
3665814567,100455.843750
3665854928,100457.000000
3665894981,100457.468750
3665934082,100454.968750
3665976594,100453.453125
3666016208,100452.890625
3666056054,100453.062500
3666096306,100454.390625
3666136789,100453.734375
3666176450,100453.875000
3666216927,100454.000000
3666256020,100455.203125
3666296133,100456.859375
3666336290,100455.718750
3666376736,100454.531250
3666417179,100454.265625
3666457032,100453.468750
3666497265,100454.500000
3666539792,100454.609375
3666579623,100456.312500
3666620079,100454.171875
3666662201,100455.296875
3666705967,100454.968750
3666745317,100457.000000
3666785524,100458.078125
3666825110,100456.546875
3666865589,100457.265625
3666905237,100456.187500
3666945477,100456.562500
3666985054,100456.640625
3667025144,100456.687500
3667069085,100456.328125
3667109042,100455.437500
3667149234,100456.125000
3667189491,100457.468750
3667229038,100457.734375
3667269688,100456.140625
3667309666,100453.875000
3667349027,100452.953125
3667389128,100454.171875
3667429356,100456.515625
3667470069,100456.203125
3667510086,100456.250000
3667550323,100454.281250
3667590425,100453.078125
3667633546,100455.265625
3667673248,100455.687500
3667713213,100456.593750
3667753909,100455.156250
3667793453,100455.984375
3667833269,100455.890625
3667873014,100456.109375
3667913685,100455.984375
3667953914,100455.640625
3667996462,100455.484375
3668036661,100455.046875
3668076893,100454.078125
3668116320,100454.093750
3668156359,100454.906250
3668196547,100456.281250
3668236232,100456.406250
3668276701,100455.468750
3668317024,100455.953125
3668360686,100455.531250
3668400746,100454.515625
3668440066,100456.296875
3668480237,100457.796875
3668520573,100457.734375
3668560823,100456.906250
3668600481,100455.953125
3668640657,100454.140625
3668682630,100454.921875
3668724307,100455.015625
3668765049,100454.625000
3668805713,100454.843750
3668845341,100456.343750
3668888894,100457.156250
3668928842,100457.859375
3668968704,100457.578125
3669008337,100457.203125
3669048023,100455.937500
3669088259,100456.843750
3669128048,100456.890625
3669169632,100459.281250
3669209529,100458.296875
3669253747,100456.578125
3669294067,100455.812500
3669334725,100453.906250
3669374395,100457.296875
3669414001,100456.875000
3669454540,100456.687500
3669494680,100455.265625
3669534261,100453.890625
3669575022,100455.890625
3669615510,100456.453125
3669655198,100457.515625
3669695305,100457.000000
3669735114,100456.015625
3669775223,100455.906250
3669816840,100457.390625
3669856760,100456.562500
3669896894,100457.796875
3669936617,100456.375000
3669976056,100458.828125
3670016807,100458.718750
3670056181,100457.937500
3670096266,100457.890625
3670136662,100455.421875
3670176408,100455.734375
3670216271,100457.062500
3670256474,100458.609375
3670296440,100458.593750
3670337087,100458.734375
3670380474,100457.906250
3670420836,100457.125000
3670460419,100457.218750
3670500485,100457.109375
3670540761,100458.296875
3670580234,100457.734375
3670620569,100459.828125
3670661041,100459.562500
3670701271,100459.359375
3670743259,100459.453125
3670783834,100457.203125
3670824042,100456.859375
3670864538,100457.156250
3670904682,100457.484375
3670944418,100458.515625
3670984496,100457.218750
3671024520,100458.984375
3671064065,100456.625000
3671107657,100457.046875
3671147645,100455.828125
3671187737,100456.531250
3671227941,100457.500000
3671267037,100457.406250
3671307785,100455.937500
3671347052,100457.921875
3671387419,100459.218750
3671427055,100458.515625
3671471325,100457.375000
3671511347,100458.546875
3671551780,100460.609375
3671591703,100459.734375
3671631543,100459.812500
3671671416,100458.875000
3671711326,100458.187500
3671751107,100458.171875
3671791103,100460.546875
3671835601,100459.734375
3671876996,100458.843750
3671916616,100459.359375
3671956159,100457.359375
3671996627,100458.812500
3672036431,100458.093750
3672077837,100460.046875
3672117643,100458.781250
3672158004,100457.015625
3672198379,100460.109375
3672238231,100458.484375
3672278434,100458.984375
3672318217,100455.640625
3672358571,100457.484375
3672398704,100461.937500
3672438556,100461.671875
3672478829,100463.265625
3672518412,100461.359375
3672559112,100460.390625
3672599105,100460.093750
3672640034,100460.593750
3672683590,100461.968750
3672723477,100461.437500
3672763872,100461.640625
3672803468,100460.656250
3672843864,100461.140625
3672884100,100459.656250
3672924515,100458.281250
3672964305,100457.984375
3673004253,100457.984375
3673044712,100459.812500
3673084023,100459.500000
3673127608,100459.390625
3673167176,100458.906250
3673207172,100458.953125
3673247527,100459.953125
3673287819,100459.343750
3673328088,100459.625000
3673368455,100459.703125
3673408007,100461.140625
3673448982,100460.046875
3673491644,100460.265625
3673531837,100459.531250
3673571026,100458.234375
3673611336,100456.671875
3673655809,100458.593750
3673695430,100458.765625
3673735645,100459.015625
3673775793,100457.921875
3673815430,100457.734375
3673855698,100457.921875
3673895208,100459.046875
3673935051,100459.125000
3673975497,100457.156250
3674015183,100457.328125
3674055234,100458.265625
3674095007,100459.796875
3674135678,100459.906250
3674175000,100459.296875
3674215213,100459.015625
3674255872,100458.156250
3674295616,100456.906250
3674335088,100458.765625
3674375517,100460.125000
3674418204,100459.453125
3674458317,100458.250000
3674498203,100457.796875
3674538871,100457.796875
3674578036,100459.812500
3674618045,100458.031250
3674658097,100457.234375
3674698103,100456.734375
3674738267,100458.437500
3674778326,100459.796875
3674819218,100461.312500
3674859861,100459.375000
3674899793,100458.250000
3674939363,100458.796875
3674979753,100459.625000
3675019733,100461.296875
3675059481,100459.656250
3675099169,100458.796875
3675139784,100459.156250
3675179104,100459.890625
3675219299,100458.578125
3675259946,100459.859375
3675299559,100459.046875
3675339056,100459.406250
3675379516,100457.250000
3675419312,100458.921875
3675459136,100462.000000
3675500046,100462.062500
3675540745,100461.296875
3675582261,100460.125000
3675622063,100460.000000
3675662209,100461.234375
3675702365,100461.171875
3675743011,100461.093750
3675783501,100459.453125
3675823510,100459.484375
3675863858,100460.984375
3675904045,100460.718750
3675945840,100460.125000
3675985791,100459.703125
3676025162,100458.468750
3676066017,100458.578125
3676110758,100460.078125
3676150042,100458.687500
3676191273,100457.718750
3676231151,100457.031250
3676271018,100458.093750
3676311214,100458.765625
3676351478,100458.640625
3676391800,100459.390625
3676431441,100459.093750
3676471938,100458.421875
3676512127,100459.125000
3676552293,100459.000000
3676592146,100458.656250
3676632034,100457.281250
3676672526,100458.062500
3676713014,100456.421875
3676753627,100458.546875
3676793193,100458.468750
3676833658,100456.359375
3676873263,100457.015625
3676913539,100456.859375
3676953029,100459.078125
3676994252,100459.640625
3677034786,100459.484375
3677079023,100459.125000
3677119000,100458.734375
3677159177,100459.562500
3677199230,100458.843750
3677242696,100458.796875
3677282312,100458.531250
3677323038,100459.140625
3677363489,100459.593750
3677405820,100459.750000
3677445439,100461.171875
3677485484,100459.375000
3677525242,100459.609375
3677565752,100457.312500
3677605859,100458.812500
3677646062,100459.921875
3677686029,100459.187500
3677726792,100458.015625
3677769720,100457.156250
3677809559,100457.687500
3677849155,100457.703125
3677889346,100457.593750
3677929882,100456.500000
3677969704,100455.421875
3678009145,100457.703125
3678049592,100456.546875
3678089767,100458.984375
3678129051,100457.031250
3678170074,100456.781250
3678210426,100456.687500
3678251190,100458.453125
3678292069,100456.875000
3678333780,100457.515625
3678373388,100456.000000
3678413587,100456.734375
3678453175,100458.140625
3678493813,100459.375000
3678533840,100458.078125
3678573088,100457.796875
3678613153,100457.203125
3678653624,100456.531250
3678693319,100457.500000
3678733226,100457.000000
3678773627,100459.171875
3678813289,100458.390625
3678853231,100457.484375
3678899269,100458.125000
3678939096,100457.468750
3678979479,100458.109375
3679019526,100456.734375
3679063325,100457.187500
3679103317,100457.343750
3679143138,100458.390625
3679183537,100457.203125
3679223089,100458.281250
3679263559,100457.921875
3679303486,100458.046875
3679343042,100457.093750
3679383686,100457.781250
3679425325,100457.906250
3679465153,100459.140625
3679505098,100458.734375
3679545696,100458.500000
3679585326,100459.343750
3679625501,100458.453125
3679665939,100458.765625
3679706439,100458.062500
3679747008,100459.625000
3679787298,100458.937500
3679827566,100458.500000
3679867652,100458.328125
3679908041,100457.718750
3679948128,100457.593750
3679990766,100457.921875
3680030578,100458.484375
3680070070,100457.718750
3680110863,100460.000000
3680150777,100459.515625
3680190237,100458.546875
3680230336,100457.890625
3680270710,100457.375000
3680310293,100458.265625
3680354974,100458.078125
3680394210,100459.812500
3680434574,100458.406250
3680474514,100457.984375
3680515047,100456.953125
3680555398,100457.593750
3680595725,100458.562500
3680635429,100456.656250
3680675368,100460.093750
3680719572,100455.328125
3680759880,100458.031250
3680799712,100456.500000
3680839298,100455.968750
3680880121,100455.468750
3680920185,100455.500000
3680960508,100456.906250
3681000653,100456.078125
3681040036,100454.343750
3681084224,100456.421875
3681124161,100457.453125
3681164278,100456.921875
3681205327,100457.093750
3681248015,100457.390625
3681288048,100456.875000
3681328680,100457.421875
3681368201,100456.640625
3681408639,100456.421875
3681448411,100457.187500
3681488218,100455.968750
3681528874,100458.125000
3681568102,100456.734375
3681608359,100457.156250
3681648331,100457.765625
3681688440,100455.015625
3681728276,100455.640625
3681768610,100456.796875
3681808632,100456.546875
3681848382,100456.000000
3681889091,100455.890625
3681929827,100456.437500
3681969041,100457.515625
3682012693,100456.703125
3682052414,100457.390625
3682092028,100456.968750
3682132660,100457.296875
3682172815,100457.703125
3682212268,100455.140625
3682252028,100459.265625
3682292490,100459.500000
3682332791,100456.765625
3682372272,100458.375000
3682412719,100457.734375
3682452278,100458.765625
3682492548,100458.718750
3682532906,100457.234375
3682572082,100457.781250
3682612296,100455.281250
3682652148,100458.031250
3682692462,100456.890625
3682732486,100455.921875
3682772030,100456.953125
3682812050,100458.218750
3682852455,100460.953125
3682892463,100460.796875
3682932976,100458.390625
3682972167,100453.921875
3683012377,100453.734375
3683052222,100453.968750
3683092996,100457.281250
3683132288,100458.625000
3683172588,100458.500000
3683213334,100458.218750
3683253465,100456.203125
3683293429,100455.312500
3683333847,100456.593750
3683373017,100457.343750
3683413051,100460.062500
3683453877,100459.984375
3683493643,100459.515625
3683533223,100457.109375
3683573559,100456.546875
3683613077,100456.078125
3683653258,100457.890625
3683693639,100458.390625
3683733489,100458.750000
3683773802,100459.484375
3683813116,100460.468750
3683853889,100458.375000
3683893056,100460.265625
3683933460,100458.093750
3683977421,100459.000000
3684017042,100459.187500
3684057494,100457.562500
3684097839,100460.781250
3684137324,100461.250000
3684177897,100460.765625
3684217571,100461.437500
3684257410,100459.046875
3684297541,100460.234375
3684340196,100458.687500
3684380513,100459.875000
3684420735,100460.437500
3684460686,100461.078125
3684500698,100458.671875
3684540226,100460.640625
3684580971,100460.390625
3684620582,100461.671875
3684660476,100461.484375
3684704042,100459.078125
3684744621,100458.718750
3684784090,100461.562500
3684824487,100460.328125
3684864618,100459.093750
3684905081,100458.984375
3684945758,100460.906250
3684986115,100460.140625
3685026017,100461.062500
3685069744,100455.375000
3685109146,100453.875000
3685149528,100452.140625
3685190097,100453.984375
3685230427,100457.484375
3685270813,100457.765625
3685310453,100458.859375
3685350835,100459.453125
3685390010,100458.953125
3685430368,100459.343750
3685471041,100458.156250
3685511600,100461.843750
3685551155,100459.984375
3685591674,100458.796875
3685633244,100459.734375
3685673650,100461.140625
3685713240,100460.406250
3685753003,100461.156250
3685793336,100459.046875
3685833434,100460.625000
3685873292,100459.546875
3685913769,100459.796875
3685954101,100459.921875
3685997869,100459.406250
3686037076,100459.437500
3686077362,100458.671875
3686118366,100459.312500
3686158816,100459.468750
3686198525,100459.609375
3686238621,100458.453125
3686279151,100458.750000
3686320725,100459.171875
3686361665,100459.937500
3686401074,100462.843750
3686441202,100462.921875
3686483208,100462.031250
3686526770,100461.593750
3686566095,100460.843750
3686606699,100463.125000
3686646447,100461.421875
3686686280,100460.781250
3686727084,100459.640625
3686767810,100459.968750
3686807323,100460.562500
3686847812,100460.296875
3686890082,100459.406250
3686930434,100459.796875
3686970506,100457.125000
3687010812,100457.421875
3687050821,100458.562500
3687090675,100458.859375
3687130049,100458.765625
3687171070,100459.390625
3687211438,100461.218750
3687251431,100462.140625
3687291221,100460.875000
3687331547,100461.625000
3687371617,100460.859375
3687411927,100461.875000
3687453403,100463.203125
3687493107,100460.703125
3687533376,100462.312500
3687573503,100461.046875
3687613328,100461.078125
3687653788,100462.265625
3687693671,100461.656250
3687733622,100462.781250
3687773940,100462.812500
3687813272,100463.546875
3687853558,100463.187500
3687893220,100461.406250
3687933144,100460.328125
3687973175,100461.218750
3688016157,100458.156250
3688056034,100460.265625
3688096074,100457.546875
3688136860,100457.125000
3688177072,100454.359375
3688217670,100454.515625
3688257246,100459.484375
3688297815,100460.187500
3688337453,100459.609375
3688380115,100462.328125
3688420262,100464.718750
3688460813,100464.000000
3688500128,100463.296875
3688540572,100458.453125
3688580020,100459.046875
3688620571,100461.656250
3688660611,100463.000000
3688700188,100462.734375
3688740068,100461.843750
3688780487,100460.062500
3688820894,100460.125000
3688860749,100461.125000
3688900626,100462.312500
3688940247,100460.890625
3688980720,100460.046875
3689021148,100459.609375
3689061344,100459.750000
3689101216,100460.015625
3689144262,100459.843750
3689184699,100459.921875
3689224893,100460.093750
3689264373,100461.640625
3689304067,100460.187500
3689345028,100460.562500
3689385436,100462.078125
3689425422,100461.312500
3689465131,100461.203125
3689507635,100461.078125
3689548031,100461.109375
3689588410,100460.609375
3689629262,100461.656250
3689670744,100460.843750
3689711118,100461.000000
3689752101,100461.437500
3689792591,100461.484375
3689832009,100460.750000
3689872802,100461.171875
3689912862,100461.890625
3689952579,100460.375000
3689992971,100460.968750
3690035487,100460.703125
3690075339,100462.531250
3690115492,100462.640625
3690155100,100461.203125
3690195376,100461.906250
3690235096,100460.593750
3690275627,100460.500000
3690315124,100461.093750
3690355678,100461.937500
3690395186,100462.171875
3690435607,100462.296875
3690475235,100462.484375
3690515943,100464.156250
3690555668,100463.531250
3690595102,100462.187500
3690635623,100461.875000
3690675883,100462.421875
3690715081,100462.500000
3690755739,100461.375000
3690795231,100464.203125
3690835779,100464.312500
3690875480,100463.468750
3690915983,100463.875000
3690955670,100464.593750
3690996117,100463.484375
3691036637,100461.921875
3691076010,100460.453125
3691116445,100461.640625
3691156158,100463.281250
3691196577,100461.484375
3691236214,100461.640625
3691276486,100462.812500
3691316861,100462.468750
3691356527,100463.906250
3691396959,100460.593750
3691436633,100461.937500
3691476356,100460.937500
3691517009,100463.390625
3691557550,100464.578125
3691597244,100462.734375
3691637483,100462.578125
3691677760,100460.843750
3691717866,100460.531250
3691757658,100462.859375
3691797986,100463.828125
3691837628,100464.453125
3691877372,100464.765625
3691917805,100463.593750
3691957536,100465.234375
3691997097,100463.968750
3692038637,100464.656250
3692078069,100463.640625
3692118990,100463.078125
3692158467,100463.968750
3692198037,100463.937500
3692239266,100464.203125
3692279589,100464.453125
3692319551,100464.437500
3692359025,100466.203125
3692399689,100465.859375
3692439808,100465.343750
3692479843,100465.171875
3692519547,100463.546875
3692559251,100465.031250
3692603313,100465.546875
3692643151,100465.968750
3692683867,100465.718750
3692723718,100465.312500
3692763304,100465.546875
3692803971,100464.984375
3692843428,100465.750000
3692883774,100466.781250
3692924108,100467.656250
3692968135,100467.453125
3693008795,100465.875000
3693048049,100467.515625
3693088158,100466.968750
3693128646,100466.546875
3693168646,100467.531250
3693208195,100466.437500
3693248565,100468.156250
3693288606,100467.890625
3693332724,100467.125000
3693372440,100468.500000
3693412809,100467.968750
3693452633,100467.578125
3693492898,100467.671875
3693532308,100467.546875
3693573087,100468.156250
3693613695,100470.796875
3693653094,100469.000000
3693693362,100470.156250
3693734129,100467.562500
3693774060,100467.828125
3693814490,100468.375000
3693854172,100467.203125
3693896299,100466.968750
3693936511,100466.843750
3693977102,100467.296875
3694017553,100467.750000
3694060554,100468.359375
3694100032,100466.828125
3694140935,100467.671875
3694180416,100465.687500
3694220081,100466.000000
3694260583,100469.218750
3694301020,100468.968750
3694341971,100470.015625
3694381730,100468.078125
3694424666,100469.421875
3694464657,100468.500000
3694504321,100470.312500
3694544826,100469.000000
3694584780,100470.625000
3694624838,100470.078125
3694664220,100468.359375
3694704093,100467.859375
3694744753,100467.765625
3694784544,100468.656250
3694824498,100470.578125
3694864084,100470.578125
3694904342,100469.968750
3694944731,100469.625000
3694988300,100471.000000
3695028789,100471.140625
3695068484,100471.515625
3695108544,100473.328125
3695152622,100472.015625
3695192058,100471.515625
3695233094,100471.140625
3695273242,100471.484375
3695313659,100470.984375
3695353214,100470.968750
3695394549,100471.500000
3695434541,100470.703125
3695474782,100471.421875
3695516754,100472.312500
3695556142,100472.562500
3695596474,100473.171875
3695636341,100472.218750
3695676762,100469.312500
3695717732,100472.390625
3695758102,100471.500000
3695798075,100470.828125
3695838081,100470.406250
3695878496,100470.453125
3695918458,100471.953125
3695958718,100472.109375
3695998729,100472.671875
3696038783,100470.937500
3696083570,100471.265625
3696123903,100471.500000
3696163308,100471.546875
3696203724,100473.421875
3696243163,100472.046875
3696283479,100472.515625
3696323550,100471.234375
3696364004,100470.718750
3696404339,100471.203125
3696449142,100472.109375
3696489483,100472.859375
3696529097,100473.656250
3696569557,100474.781250
3696612423,100473.015625
3696652490,100471.734375
3696692023,100470.656250
3696732194,100470.812500
3696772616,100471.687500
3696812349,100474.515625
3696852681,100474.546875
3696892786,100473.171875
3696933102,100470.828125
3696977111,100470.203125
3697017298,100471.156250
3697057083,100471.171875
3697097191,100472.718750
3697137541,100473.125000
3697177453,100470.671875
3697217841,100471.703125
3697257710,100472.984375
3697297725,100471.812500
3697341542,100472.750000
3697382002,100470.531250
3697422763,100470.796875
3697462744,100470.031250
3697502959,100471.515625
3697542309,100471.109375
3697582133,100470.375000
3697622650,100470.531250
3697662530,100472.109375
3697702168,100472.421875
3697742979,100472.656250
3697782596,100473.937500
3697823054,100474.031250
3697863165,100470.937500
3697905693,100474.500000
3697946021,100471.406250
3697986826,100470.968750
3698026266,100472.453125
3698066242,100470.687500
3698106268,100469.953125
3698146538,100471.828125
3698186153,100473.343750
3698226722,100473.500000
3698267821,100472.640625
3698307221,100471.312500
3698347027,100470.453125
3698387531,100471.640625
3698427277,100472.890625
3698467145,100472.046875
3698508068,100473.718750
3698548985,100473.640625
3698588756,100472.312500
3698628239,100472.015625
3698668369,100473.875000
3698708468,100472.875000
3698748566,100472.875000
3698788373,100474.406250
3698828139,100472.937500
3698868068,100473.578125
3698909027,100474.562500
3698949953,100475.718750
3698989612,100474.328125
3699030477,100474.531250
3699070128,100472.953125
3699110707,100472.812500
3699150431,100473.500000
3699190929,100474.218750
3699230977,100474.250000
3699270623,100473.281250
3699310641,100473.953125
3699350742,100474.000000
3699390191,100472.937500
3699430264,100473.093750
3699470602,100473.546875
3699510838,100474.062500
3699550642,100475.515625
3699592929,100474.968750
3699632811,100475.000000
3699672208,100473.734375
3699712835,100474.625000
3699753074,100474.703125
3699793736,100475.421875
3699833619,100476.062500
3699873568,100474.703125
3699913323,100475.062500
3699953209,100474.296875
3699993090,100475.421875
3700034099,100476.312500
3700074390,100476.625000
3700115095,100476.453125
3700156221,100476.593750
3700196963,100476.171875
3700236602,100476.328125
3700276329,100474.343750
3700316597,100476.109375
3700356581,100476.375000
3700396173,100476.468750
3700436949,100475.671875
3700476427,100478.656250
3700516163,100472.468750
3700556146,100477.000000
3700596971,100475.859375
3700636858,100476.734375
3700676609,100476.125000
3700720431,100475.781250
3700760387,100476.718750
3700800058,100475.578125
3700840007,100476.968750
3700880445,100476.406250
3700920957,100477.015625
3700960654,100476.937500
3701000010,100477.218750
3701040038,100477.984375
3701080236,100475.609375
3701120245,100476.812500
3701161183,100477.437500
3701201513,100478.406250
3701241586,100478.203125
3701286257,100478.109375
3701327124,100475.562500
3701368343,100474.890625
3701408380,100476.890625
3701452309,100477.656250
3701492144,100476.750000
3701532361,100476.578125
3701572594,100474.890625
3701612014,100475.109375
3701652525,100476.328125
3701692839,100477.265625
3701732832,100478.640625
3701773022,100477.015625
3701816627,100477.140625
3701856920,100480.015625
3701896255,100480.281250
3701936017,100479.640625
3701976517,100479.531250
3702016876,100480.125000
3702056032,100478.953125
3702096215,100479.031250
3702136346,100480.937500
3702176596,100479.281250
3702216791,100477.468750
3702257129,100478.078125
3702297343,100478.234375
3702337517,100479.406250
3702380486,100477.515625
3702420852,100478.968750
3702461067,100476.046875
3702501356,100478.968750
3702541112,100476.234375
3702582023,100476.875000
3702622485,100477.750000
3702662087,100477.281250
3702702028,100477.484375
3702744245,100479.031250
3702784747,100477.937500
3702824150,100478.703125
3702865758,100476.875000
3702905492,100477.984375
3702945431,100478.906250
3702985034,100478.734375
3703025584,100479.656250
3703066652,100477.531250
3703107805,100478.062500
3703148036,100478.390625
3703188498,100478.515625
3703228252,100478.125000
3703268513,100478.437500
3703308758,100478.375000
3703349082,100478.609375
3703389865,100479.296875
3703429367,100478.593750
3703471980,100478.093750
3703511338,100478.484375
3703551039,100478.187500
3703591002,100478.281250
3703631787,100480.671875
3703671973,100481.156250
3703711355,100480.781250
3703751453,100481.953125
3703791028,100481.453125
3703831645,100479.515625
3703872218,100481.265625
3703912163,100478.109375
3703952101,100479.656250
3703992874,100478.343750
3704032428,100479.390625
3704072926,100479.500000
3704112559,100478.890625
3704152448,100479.750000
3704192021,100478.328125
3704232690,100478.812500
3704273260,100478.765625
3704313776,100480.187500
3704353727,100479.406250
3704393174,100482.218750
3704433000,100479.562500
3704474192,100480.062500
3704514453,100480.046875
3704554465,100479.625000
3704594410,100480.968750
3704634945,100480.218750
3704674578,100484.203125
3704714050,100481.265625
3704754078,100479.218750
3704794468,100482.953125
3704834312,100477.828125
3704874854,100481.140625
3704914152,100478.562500
3704954631,100478.109375
3704995106,100480.640625
3705037394,100480.937500
3705077490,100480.296875
3705117405,100483.593750
3705157911,100481.500000
3705197554,100481.359375
3705237746,100482.484375
3705277847,100483.281250
3705317808,100480.750000
3705358021,100478.265625
3705402099,100479.296875
3705442077,100479.812500
3705483205,100480.343750
3705523443,100486.359375
3705567519,100480.234375
3705608104,100481.203125
3705648228,100476.953125
3705688512,100478.312500
3705732553,100481.546875
3705773978,100484.875000
3705813571,100483.421875
3705853235,100483.125000
3705895934,100486.062500
3705935058,100484.828125
3705975074,100484.484375
3706015559,100485.171875
3706055284,100483.906250
3706095395,100482.562500
3706135718,100482.000000
3706175673,100483.375000
3706215457,100483.609375
3706255921,100485.484375
3706295091,100482.515625
3706335115,100479.687500
3706376199,100476.984375
3706416671,100477.062500
3706456476,100477.890625
3706496281,100484.296875
3706536065,100485.468750
3706576284,100484.296875
3706617137,100484.781250
3706657874,100484.281250
3706697224,100485.937500
3706737637,100483.468750
3706777532,100484.578125
3706817348,100483.796875
3706857807,100485.843750
3706897261,100489.625000
3706937249,100488.718750
3706977405,100483.515625
3707018093,100481.828125
3707058577,100481.828125
3707098518,100485.515625
3707138853,100484.984375
3707179705,100487.390625
3707219680,100484.875000
3707259199,100485.359375
3707299198,100486.750000
3707339554,100486.265625
3707380342,100484.171875
3707420246,100484.359375
3707464422,100485.734375
3707504148,100486.609375
3707544920,100490.234375
3707584826,100489.421875
3707624942,100487.750000
3707664762,100485.609375
3707704751,100486.375000
3707744967,100489.265625
3707784395,100488.500000
3707824567,100489.578125
3707864404,100491.406250
3707904303,100491.781250
3707944015,100492.937500
3707984599,100491.125000
3708024708,100489.421875
3708064520,100489.875000
3708104746,100486.718750
3708144130,100486.125000
3708184968,100491.687500
3708228616,100491.953125
3708269039,100494.750000
3708309482,100488.468750
3708349356,100487.640625
3708389712,100489.234375
3708429585,100488.109375
3708469952,100492.046875
3708509473,100496.171875
3708549035,100491.625000
3708592905,100491.984375
3708632654,100493.875000
3708673137,100490.671875
3708713146,100488.062500
3708753287,100489.484375
3708794117,100490.671875
3708835056,100490.937500
3708875036,100493.953125
3708915800,100492.187500
3708955773,100491.531250
3708996053,100490.906250
3709036827,100493.515625
3709076078,100494.187500
3709116197,100494.390625
3709156799,100493.437500
3709196407,100491.968750
3709236189,100492.500000
3709276237,100493.062500
3709316287,100495.156250
3709357096,100493.640625
3709397446,100492.812500
3709437285,100492.750000
3709477525,100494.171875
3709519013,100496.109375
3709559013,100496.234375
3709599750,100494.078125
3709639695,100493.984375
3709679634,100493.343750
3709719236,100493.750000
3709759959,100495.000000
3709799380,100495.828125
3709839213,100494.984375
3709883841,100492.984375
3709923741,100494.687500
3709963957,100494.687500
3710003673,100494.093750
3710043616,100494.703125
3710083473,100494.671875
3710123227,100494.578125
3710163205,100497.000000
3710203842,100496.531250
3710247503,100496.531250
3710288133,100495.328125
3710328014,100495.531250
3710368164,100498.234375
3710412534,100499.312500
3710452906,100500.359375
3710492624,100495.625000
3710532792,100493.281250
3710572241,100493.671875
3710612341,100496.171875
3710652052,100499.359375
3710692544,100499.468750
3710732100,100499.734375
3710772213,100497.609375
3710812352,100498.578125
3710852744,100499.984375
3710892195,100499.140625
3710932707,100498.421875
3710975344,100497.468750
3711015925,100498.296875
3711055471,100498.875000
3711095844,100500.140625
3711135018,100500.187500
3711175295,100500.312500
3711216123,100499.343750
3711256509,100499.281250
3711296630,100499.078125
3711337839,100501.359375
3711377272,100500.687500
3711417098,100503.484375
3711457853,100502.546875
3711497851,100503.281250
3711537183,100503.671875
3711577522,100502.250000
3711617518,100503.015625
3711657935,100503.812500
3711697912,100502.000000
3711737527,100504.046875
3711777676,100504.140625
3711817132,100502.265625
3711857843,100502.703125
3711897744,100503.687500
3711937460,100501.968750
3711977475,100502.093750
3712017244,100502.156250
3712057698,100503.437500
3712097839,100502.859375
3712137270,100502.203125
3712177698,100504.625000
3712217144,100502.109375
3712257862,100504.265625
3712300846,100502.703125
3712340497,100503.656250
3712381078,100503.312500
3712422135,100504.562500
3712466092,100504.109375
3712506254,100504.968750
3712546287,100503.312500
3712586858,100504.656250
3712626810,100505.265625
3712666603,100504.218750
3712706427,100503.921875
3712746731,100504.109375
3712786167,100504.812500
3712826132,100505.562500
3712867099,100507.187500
3712907561,100506.671875
3712947006,100504.000000
3712987427,100504.437500
3713029952,100505.140625
3713069220,100506.390625
3713109346,100508.531250
3713149001,100507.156250
3713189430,100508.203125
3713229693,100509.078125
3713270085,100508.109375
3713310110,100507.468750
3713350897,100506.468750
3713393690,100506.968750
3713433803,100505.875000
3713473053,100507.187500
3713513077,100506.343750
3713553218,100506.625000
3713593533,100504.484375
3713633588,100505.343750
3713673074,100507.500000
3713713604,100507.765625
3713757531,100507.484375
3713797430,100507.171875
3713837578,100508.625000
3713877951,100508.718750
3713917508,100509.609375
3713958036,100510.421875
3713999469,100509.093750
3714039108,100508.453125
3714080372,100509.140625
3714121068,100509.109375
3714161117,100509.531250
3714202022,100510.484375
3714242507,100509.593750
3714282627,100510.843750
3714322350,100509.875000
3714362697,100510.859375
3714402149,100509.921875
3714442931,100508.937500
3714482100,100510.437500
3714522112,100510.046875
3714562163,100508.953125
3714602031,100508.156250
3714642527,100507.140625
3714686328,100506.640625
3714726185,100509.859375
3714766346,100511.515625
3714806597,100512.421875
3714846666,100510.187500
3714886943,100510.296875
3714926780,100510.078125
3714966080,100512.656250
3715007452,100513.828125
3715051092,100511.984375
3715091238,100509.859375
3715131443,100508.984375
3715171191,100509.859375
3715211452,100511.968750
3715251822,100512.984375
3715291966,100512.296875
3715331660,100510.687500
3715371212,100511.203125
3715411803,100512.750000
3715452171,100513.828125
3715492364,100513.062500
3715532330,100510.578125
3715572165,100511.328125
3715612633,100511.812500
3715653033,100512.578125
3715693306,100513.156250
3715733328,100512.937500
3715773063,100511.390625
3715815853,100511.578125
3715855973,100513.968750
3715895995,100515.000000
3715935105,100515.437500
3715975444,100514.421875
3716016312,100512.421875
3716056501,100510.937500
3716096510,100512.265625
3716136224,100513.109375
3716176587,100513.656250
3716216497,100513.593750
3716256662,100512.250000
3716296721,100512.921875
3716336138,100513.109375
3716379895,100513.468750
3716419410,100513.953125
3716459570,100513.828125
3716499206,100513.265625
3716539475,100513.281250
3716579105,100510.859375
3716619898,100509.265625
3716660077,100508.937500
3716700024,100511.203125
3716740772,100512.500000
3716780090,100514.609375
3716820718,100517.437500
3716860783,100516.765625
3716900333,100516.796875
3716940038,100517.250000
3716980271,100516.671875
3717020964,100516.765625
3717061024,100514.906250
3717101706,100516.187500
3717142279,100515.828125
3717182506,100517.015625
3717222067,100519.687500
3717262631,100518.937500
3717302897,100518.703125
3717342211,100518.812500
3717383072,100519.109375
3717423834,100519.015625
3717463218,100520.671875
3717506007,100519.984375
3717546142,100519.953125
3717586788,100519.343750
3717626941,100518.484375
3717666973,100519.078125
3717706590,100520.765625
3717746567,100519.937500
3717786051,100519.656250
3717826761,100521.000000
3717870631,100521.046875
3717910506,100520.828125
3717950175,100521.375000
3717990312,100521.109375
3718031144,100521.718750
3718072037,100520.312500
3718112472,100521.312500
3718152229,100520.890625
3718192803,100521.656250
3718236351,100522.437500
3718276680,100521.968750
3718316027,100521.031250
3718356511,100516.687500
3718396449,100516.093750
3718436780,100517.515625
3718477091,100519.937500
3718517650,100522.062500
3718557259,100522.531250
3718601043,100522.921875
3718641324,100520.937500
3718682765,100521.343750
3718722552,100519.546875
3718766662,100518.937500
3718806761,100521.343750
3718846102,100524.671875
3718886085,100523.671875
3718926750,100523.875000
3718966819,100522.625000
3719006033,100522.546875
3719046288,100523.093750
3719086263,100522.734375
3719126177,100521.093750
3719166608,100521.421875
3719206993,100522.609375
3719246506,100523.187500
3719286486,100524.421875
3719326710,100523.265625
3719367175,100521.531250
3719407525,100521.171875
3719447117,100523.734375
3719487071,100523.234375
3719527678,100524.656250
3719567564,100525.750000
3719608041,100526.531250
3719648422,100526.843750
3719688595,100527.031250
3719728002,100527.390625
3719768405,100528.187500
3719808743,100528.968750
3719848247,100528.562500
3719888091,100531.078125
3719928698,100529.765625
3719968543,100529.093750
3720008879,100527.500000
3720048144,100528.015625
3720088246,100527.828125
3720128243,100528.296875
3720168987,100528.578125
3720208157,100528.812500
3720248519,100529.812500
3720288339,100528.968750
3720328553,100530.562500
3720369895,100530.578125
3720409052,100530.609375
3720449519,100530.750000
3720489619,100530.765625
3720529343,100531.515625
3720570702,100531.265625
3720610345,100529.484375
3720650790,100528.703125
3720690627,100531.328125
3720730677,100530.718750
3720771081,100531.468750
3720811377,100531.734375
3720851854,100530.546875
3720891821,100530.578125
3720932112,100530.671875
3720972221,100531.218750
3721012072,100531.859375
3721053049,100532.515625
3721093017,100533.234375
3721133334,100534.515625
3721173211,100534.062500
3721213348,100535.515625
3721254037,100533.484375
3721297402,100534.671875
3721337472,100534.500000
3721378057,100535.046875
3721419089,100535.609375
3721463130,100535.734375
3721503715,100534.265625
3721543473,100534.640625
3721584077,100536.406250
3721628702,100538.359375
3721669505,100537.312500
3721709052,100537.968750
3721749115,100536.734375
3721789488,100538.109375
3721829385,100537.156250
3721870681,100537.265625
3721910313,100536.171875
3721950062,100537.500000
3721993201,100539.296875
3722033795,100538.718750
3722073066,100538.890625
3722113430,100539.515625
3722153861,100540.281250
3722193753,100539.671875
3722233203,100538.796875
3722273566,100539.046875
3722313917,100538.953125
3722353405,100539.093750
3722393024,100539.640625
3722433646,100540.609375
3722473747,100539.859375
3722513275,100539.468750
3722553607,100538.640625
3722593988,100539.890625
3722633716,100540.453125
3722673791,100540.312500
3722713443,100539.718750
3722753102,100540.812500
3722793054,100541.453125
3722833624,100542.390625
3722873716,100542.000000
3722913306,100541.625000
3722953793,100543.031250
3722993796,100542.656250
3723033285,100542.843750
3723073659,100543.578125
3723114004,100543.812500
3723154269,100543.875000
3723194237,100542.359375
3723234821,100542.546875
3723274892,100543.015625
3723314312,100545.250000
3723354521,100545.078125
3723395118,100544.734375
3723436083,100544.828125
3723477965,100543.140625
3723517520,100543.859375
3723559298,100543.140625
3723599385,100544.812500
3723639289,100544.968750
3723679293,100543.937500
3723719806,100545.343750
3723759406,100546.281250
3723799964,100545.640625
3723839781,100545.875000
3723879468,100546.375000
3723922624,100545.937500
3723962454,100546.171875
3724002877,100545.796875
3724043071,100545.531250
3724083753,100546.671875
3724123149,100546.687500
3724163208,100548.625000
3724203640,100548.546875
3724243887,100547.500000
3724283350,100548.109375
3724324044,100547.750000
3724364174,100548.578125
3724404024,100548.265625
3724444337,100548.593750
3724488688,100547.843750
3724529352,100548.062500
3724569589,100546.640625
3724609241,100547.015625
3724649664,100547.796875
3724689634,100546.218750
3724730086,100546.187500
3724770038,100545.546875
3724810433,100546.109375
3724853402,100546.703125
3724893117,100546.703125
3724933491,100548.343750
3724973307,100547.343750
3725013551,100549.125000
3725053510,100548.312500
3725093138,100548.640625
3725133016,100547.875000
3725173491,100548.046875
3725213542,100547.031250
3725253283,100547.640625
3725294117,100548.984375
3725334310,100549.781250
3725374499,100549.125000
3725416262,100548.390625
3725456974,100548.437500
3725496781,100547.828125
3725536687,100549.515625
3725576386,100548.796875
3725617129,100548.453125
3725658022,100548.593750
3725698086,100548.468750
3725738255,100548.125000
3725779000,100549.015625
3725819614,100549.156250
3725859267,100549.562500
3725899919,100549.968750
3725939011,100549.375000
3725979737,100550.062500
3726019152,100550.968750
3726059922,100550.656250
3726099403,100549.656250
3726139303,100548.046875
3726179176,100549.500000
3726219501,100549.546875
3726259135,100549.062500
3726299787,100547.328125
3726341418,100546.828125
3726381041,100547.375000
3726421929,100547.515625
3726461311,100548.453125
3726501061,100547.781250
3726541170,100547.265625
3726581401,100547.109375
3726621384,100547.718750
3726661559,100550.265625
3726705241,100549.968750
3726745665,100549.218750
3726785694,100548.421875
3726825287,100547.343750
3726865275,100548.390625
3726905307,100550.000000
3726945216,100551.875000
3726985994,100550.312500
3727025600,100550.781250
3727065568,100552.250000
3727105623,100552.968750
3727145740,100552.640625
3727185761,100552.453125
3727225860,100552.203125
3727265817,100552.671875
3727305862,100551.484375
3727345396,100552.140625
3727386280,100552.359375
3727426314,100551.500000
3727466259,100551.031250
3727506299,100550.875000
3727546736,100550.171875
3727586764,100549.906250
3727626011,100551.375000
3727669645,100550.890625
3727709761,100551.781250
3727749788,100551.687500
3727789925,100551.718750
3727829828,100552.734375
3727869869,100553.062500
3727909471,100551.734375
3727949055,100552.593750
3727990070,100552.109375
3728033271,100551.921875
3728073170,100551.578125
3728113568,100551.140625
3728153337,100552.031250
3728193380,100553.046875
3728233597,100552.359375
3728273039,100553.546875
3728313721,100553.843750
3728353713,100554.312500
3728393778,100554.437500
3728434036,100555.375000
3728476457,100555.390625
3728516139,100555.218750
3728556245,100553.843750
3728596867,100555.093750
3728636400,100554.906250
3728676368,100555.906250
3728716477,100556.890625
3728756206,100556.640625
3728796098,100556.421875
3728836763,100555.750000
3728876032,100558.234375
3728916817,100557.734375
3728958892,100559.453125
3728998256,100558.437500
3729038986,100559.234375
3729078529,100554.921875
3729119054,100557.484375
3729159185,100555.656250
3729199676,100557.109375
3729239225,100558.156250
3729279680,100558.796875
3729319357,100557.500000
3729359424,100556.046875
3729399876,100555.796875
3729439464,100556.312500
3729479922,100555.843750
3729522777,100556.093750
3729562602,100552.718750
3729602009,100552.500000
3729642793,100552.875000
3729682475,100552.703125
3729722673,100550.781250
3729762235,100549.234375
3729802307,100550.078125
3729843063,100549.265625
3729887114,100549.625000
3729927287,100548.125000
3729967525,100546.703125
3730007217,100548.765625
3730047673,100548.015625
3730087713,100547.640625
3730127753,100549.171875
3730167305,100547.296875
3730207922,100546.218750
3730251006,100545.875000
3730291326,100547.265625
3730331893,100547.562500
3730371385,100548.265625
3730411237,100547.406250
3730452080,100547.843750
3730492623,100550.093750
3730532974,100550.078125
3730572163,100551.421875
3730614500,100550.703125
3730654169,100550.937500
3730695481,100551.984375
3730735897,100551.875000
3730775839,100551.875000
3730815902,100551.000000
3730855092,100553.140625
3730896189,100554.203125
3730936421,100554.812500
3730976408,100555.484375
3731016491,100556.234375
3731056761,100554.031250
3731096572,100554.437500
3731136389,100554.218750
3731176081,100556.234375
3731217064,100554.875000
3731257331,100556.875000
3731297163,100557.046875
3731338098,100557.234375
3731379235,100556.984375
3731419623,100556.703125
3731459041,100558.062500
3731499853,100556.640625
3731539888,100558.046875
3731579443,100558.687500
3731619860,100557.718750
3731659401,100558.265625
3731699549,100558.875000
3731739887,100558.781250
3731779088,100559.281250
3731819061,100558.984375
3731859287,100559.640625
3731899073,100559.140625
3731939252,100559.140625
3731979529,100558.250000
3732019483,100557.296875
3732059709,100558.640625
3732099574,100557.140625
3732139674,100556.921875
3732179715,100556.046875
3732219124,100556.703125
3732259364,100554.406250
3732300266,100555.687500
3732340399,100555.421875
3732380383,100555.078125
3732420987,100555.937500
3732460084,100555.484375
3732500982,100556.703125
3732544780,100556.281250
3732584140,100556.140625
3732624251,100556.671875
3732664149,100557.640625
3732704866,100556.062500
3732744415,100555.265625
3732784286,100555.609375
3732824262,100555.859375
3732864587,100556.312500
3732904129,100557.234375
3732944660,100554.734375
3732984787,100555.421875
3733024746,100554.968750
3733065025,100555.031250
3733108336,100555.453125
3733148035,100555.843750
3733188493,100556.515625
3733228432,100557.046875
3733268984,100556.859375
3733308885,100558.296875
3733348557,100555.109375
3733388391,100555.500000
3733429027,100554.718750
3733473331,100557.000000
3733513955,100557.109375
3733553843,100556.453125
3733593166,100554.765625
3733633179,100555.421875
3733675481,100556.296875
3733715693,100556.765625
3733756235,100557.562500
3733796279,100556.906250
3733837039,100559.109375
3733878127,100557.046875
3733918921,100558.109375
3733958102,100557.218750
3733998822,100557.359375
3734039036,100557.890625
3734080050,100557.125000
3734120839,100556.218750
3734161224,100557.687500
3734202165,100558.093750
3734242206,100557.500000
3734282480,100558.281250
3734322129,100557.468750
3734362855,100557.359375
3734402839,100556.875000
3734442876,100557.140625
3734483118,100556.718750
3734523493,100556.765625
3734565570,100557.109375
3734606570,100557.359375
3734646035,100557.437500
3734686469,100556.218750
3734726475,100555.750000
3734766493,100555.656250
3734807357,100557.078125
3734847785,100558.796875
3734887028,100557.578125
3734928961,100555.312500
3734968211,100553.718750
3735009100,100554.703125
3735049325,100556.515625
3735089419,100556.828125
3735129053,100557.031250
3735169807,100555.109375
3735209617,100553.593750
3735249938,100554.656250
3735290004,100554.984375
3735330793,100553.828125
3735370437,100554.843750
3735410178,100556.718750
3735450468,100555.859375
3735493967,100555.781250
3735533386,100554.015625
3735573301,100557.093750
3735613191,100557.656250
3735653599,100558.531250
3735693398,100558.312500
3735733107,100559.796875
3735773378,100558.375000
3735813923,100558.718750
3735853140,100554.968750
3735893781,100554.921875
3735933249,100555.546875
3735973162,100555.140625
3736013202,100556.703125
3736057129,100557.906250
3736097349,100556.734375
3736137638,100556.953125
3736177630,100555.359375
3736217381,100556.234375
3736257829,100557.562500
3736297955,100559.265625
3736337116,100560.109375
3736377404,100558.656250
3736420574,100556.890625
3736461853,100557.187500
3736501442,100559.734375
3736541714,100560.187500
3736581192,100558.921875
3736621256,100558.125000
3736662579,100557.625000
3736702209,100556.968750
3736742169,100554.937500
3736783830,100554.593750
3736823159,100557.703125
3736863170,100558.015625
3736903865,100557.109375
3736943430,100556.953125
3736983082,100555.968750
3737023286,100552.109375
3737064212,100554.328125
3737105099,100558.031250
3737145380,100558.703125
3737185771,100556.328125
3737225402,100557.859375
3737266077,100555.687500
3737307124,100554.281250
3737350835,100554.078125
3737390442,100556.515625
3737430104,100555.984375
3737470592,100555.937500
3737510359,100556.375000
3737551998,100556.281250
3737591800,100558.843750
3737631695,100559.546875
3737671034,100560.781250
3737711250,100557.968750
3737753235,100554.828125
3737793372,100552.343750
3737833562,100553.734375
3737875168,100550.656250
3737919458,100555.796875
3737959474,100558.609375
3737999186,100558.234375
3738039330,100557.062500
3738080031,100555.515625
3738120741,100554.234375
3738160829,100553.437500
3738200785,100552.703125
3738240037,100551.375000
3738284121,100549.593750
3738325097,100548.515625
3738365773,100548.656250
3738405353,100554.031250
3738449038,100555.656250
3738489778,100553.515625
3738529320,100552.328125
3738569477,100554.046875
3738609471,100551.703125
3738649948,100552.421875
3738690093,100553.421875
3738730265,100555.843750
3738770432,100554.125000
3738811998,100553.281250
3738852130,100553.578125
3738893074,100552.796875
3738933524,100551.984375
3738973299,100551.437500
3739013342,100552.156250
3739053563,100552.109375
3739093025,100551.171875
3739133688,100552.125000
3739173415,100550.296875
3739213211,100550.265625
3739253404,100548.843750
3739293109,100547.000000
3739333544,100547.421875
3739376152,100548.171875
3739416228,100547.625000
3739456113,100549.078125
3739497095,100550.546875
3739537327,100552.046875
3739577595,100550.734375
3739617298,100549.000000
3739658111,100548.687500
3739698531,100548.812500
3739740831,100549.328125
3739780709,100546.171875
3739822006,100548.109375
3739862507,100547.625000
3739902555,100548.890625
3739942133,100549.781250
3739982222,100551.281250
3740022605,100552.359375
3740062398,100550.421875
3740103104,100550.187500
3740143821,100550.765625
3740183323,100553.937500
3740224086,100549.921875
3740264351,100549.609375
3740307479,100551.421875
3740347729,100551.375000
3740387305,100551.656250
3740427149,100552.265625
3740467473,100550.687500
3740507316,100547.531250
3740547585,100546.812500
3740587592,100545.015625
3740627449,100543.625000
3740667435,100542.890625
3740707099,100541.328125
3740747480,100544.515625
3740787509,100542.968750
3740827117,100542.875000
3740870000,100542.625000
3740910471,100542.265625
3740950686,100543.437500
3740990372,100543.796875
3741034890,100542.640625
3741075791,100542.625000
3741115273,100544.312500
3741155516,100543.984375
3741195847,100542.984375
3741235639,100543.546875
3741275194,100544.406250
3741316005,100544.531250
3741356193,100544.750000
3741398205,100543.968750
3741438572,100545.515625
3741478053,100544.812500
3741518595,100544.453125
3741558003,100546.218750
3741598406,100547.078125
3741638789,100546.953125
3741679148,100546.296875
3741719727,100545.953125
3741763495,100543.890625
3741803009,100545.171875
3741843980,100544.781250
3741884037,100543.671875
3741925123,100543.265625
3741965616,100542.375000
3742005779,100542.843750
3742045578,100543.718750
3742085598,100542.109375
3742125185,100543.984375
3742165901,100544.000000
3742205507,100543.265625
3742246142,100542.171875
3742286228,100544.859375
3742326933,100544.312500
3742366615,100543.921875
3742406517,100544.625000
3742447013,100545.859375
3742487041,100545.062500
3742532629,100544.328125
3742572609,100543.187500
3742612254,100544.453125
3742652687,100545.656250
3742692677,100545.015625
3742732677,100542.703125
3742772900,100543.093750
3742812677,100544.468750
3742853120,100547.156250
3742897155,100546.890625
3742937772,100544.750000
3742977547,100544.156250
3743017177,100544.187500
3743057870,100543.328125
3743097749,100540.000000
3743137000,100538.875000
3743178000,100541.312500
3743218865,100541.484375
3743261031,100543.312500
3743301880,100545.578125
3743341222,100542.968750
3743381907,100543.531250
3743421093,100543.093750
3743461151,100544.937500
3743501980,100543.359375
3743541299,100540.484375
3743582639,100539.765625
3743623172,100544.187500
3743663246,100544.343750
3743703646,100542.812500
3743743235,100540.562500
3743783932,100542.609375
3743823360,100542.203125
3743863395,100541.203125
3743903088,100541.984375
3743943593,100540.375000
3743983798,100540.328125
3744023774,100539.468750
3744063256,100543.281250
3744103195,100542.078125
3744143379,100541.125000
3744187581,100540.062500
3744227405,100540.578125
3744267378,100540.046875
3744307081,100537.671875
3744347307,100538.906250
3744388290,100539.875000
3744428193,100539.250000
3744468673,100540.515625
3744508023,100539.437500
3744548260,100539.218750
3744589174,100539.875000
3744629351,100541.468750
3744669508,100541.421875
3744709549,100540.515625
3744749959,100541.515625
3744789213,100539.750000
3744829064,100537.203125
3744870150,100537.578125
3744910654,100538.546875
3744953209,100540.828125
3744993328,100543.609375
3745033448,100542.046875
3745075374,100543.250000
3745118676,100543.375000
3745158752,100540.296875
3745198296,100538.187500
3745238487,100537.093750
3745278630,100538.531250
3745318593,100538.812500
3745358852,100540.281250
3745398141,100542.375000
3745439244,100541.015625
3745482734,100539.828125
3745522164,100539.640625
3745562405,100540.468750
3745602091,100539.218750
3745642278,100539.406250
3745682382,100542.203125
3745722305,100542.703125
3745762369,100540.671875
3745802448,100538.343750
3745842624,100537.234375
3745882649,100538.109375
3745922169,100538.281250
3745962406,100540.859375
3746002439,100541.421875
3746042355,100543.156250
3746082676,100541.234375
3746122273,100540.250000
3746162339,100540.781250
3746202374,100541.875000
3746245452,100542.312500
3746285524,100541.687500
3746325890,100538.812500
3746365014,100540.328125
3746405106,100538.390625
3746445529,100540.296875
3746485279,100540.671875
3746525780,100538.906250
3746566003,100540.937500
3746608730,100540.687500
3746648646,100539.078125
3746688377,100540.062500
3746728899,100540.187500
3746768047,100539.734375
3746808234,100539.375000
3746849017,100537.546875
3746889488,100537.031250
3746929858,100538.781250
3746970122,100539.453125
3747010094,100539.578125
3747050577,100540.062500
3747090736,100539.406250
3747130132,100539.625000
3747172848,100538.343750
3747212874,100538.562500
3747252737,100538.703125
3747293087,100537.734375
3747333368,100537.515625
3747373851,100537.843750
3747413018,100536.984375
3747453178,100536.875000
3747493610,100538.515625
3747537065,100537.875000
3747577540,100537.375000
3747617203,100537.093750
3747657024,100535.250000
3747697405,100535.953125
3747737314,100538.671875
3747777787,100539.468750
3747817265,100541.593750
3747857659,100540.921875
3747900181,100539.515625
3747940257,100540.562500
3747980683,100539.484375
3748020610,100538.843750
3748060286,100539.468750
3748100475,100538.328125
3748140427,100534.312500
3748180854,100533.812500
3748220157,100532.078125
3748260143,100535.593750
3748300496,100536.250000
3748340239,100536.015625
3748380669,100537.515625
3748420465,100537.156250
3748460519,100538.953125
3748500850,100538.312500
3748540592,100538.000000
3748581014,100536.687500
3748621900,100537.750000
3748661030,100538.109375
3748701554,100540.203125
3748741070,100538.765625
3748781488,100540.109375
3748821676,100539.093750
3748861677,100539.515625
3748902063,100538.468750
3748943041,100535.437500
3748983541,100535.531250
3749023556,100535.203125
3749063254,100536.234375
3749103370,100538.828125
3749143367,100538.906250
3749183790,100537.703125
3749223159,100537.500000
3749263687,100535.406250
3749303521,100535.859375
3749343491,100533.781250
3749383074,100534.062500
3749423596,100533.703125
3749463609,100532.687500
3749503859,100531.187500
3749543554,100532.296875
3749583994,100536.156250
3749623098,100539.046875
3749664024,100539.953125
3749704434,100541.484375
3749744070,100540.640625
3749784326,100540.562500
3749824485,100537.093750
3749864482,100535.484375
3749904775,100535.312500
3749944517,100535.500000
3749984907,100535.968750
3750024163,100536.812500
3750068787,100537.140625
3750108671,100538.468750
3750148155,100538.328125
3750188844,100541.421875
3750228375,100541.484375
3750269042,100540.437500
3750310425,100539.453125
3750351640,100540.250000
3750392083,100539.109375
3750432360,100539.109375
3750474041,100541.828125
3750514773,100541.625000
3750554982,100541.203125
3750597920,100538.093750
3750637835,100536.468750
3750678052,100537.640625
3750718273,100538.718750
3750758871,100537.406250
3750798053,100538.625000
3750838194,100536.062500
3750878374,100534.906250
3750919028,100535.000000
3750961749,100535.671875
3751001676,100535.343750
3751041746,100536.906250
3751082059,100537.765625
3751122867,100538.437500
3751162391,100539.625000
3751202325,100539.328125
3751242104,100539.328125
3751282392,100536.453125
3751326322,100537.109375
3751366723,100536.937500
3751406166,100536.703125
3751446326,100538.156250
3751486449,100538.859375
3751526476,100538.515625
3751566715,100536.421875
3751607131,100534.421875
3751647337,100535.546875
3751687751,100535.453125
3751727775,100535.390625
3751767342,100535.828125
3751807716,100536.812500
3751847315,100537.343750
3751890849,100537.312500
3751930468,100537.421875
3751970850,100537.281250
3752010702,100535.984375
3752050002,100536.109375
3752090496,100539.281250
3752130977,100539.234375
3752170258,100538.843750
3752210367,100536.921875
3752252896,100537.406250
3752292693,100537.250000
3752332071,100538.140625
3752372765,100538.703125
3752412112,100537.937500
3752452289,100538.265625
3752492426,100538.218750
3752532099,100540.203125
3752572507,100539.515625
3752612566,100539.796875
3752652091,100536.968750
3752693018,100538.500000
3752733576,100539.468750
3752773977,100540.359375
3752814111,100542.218750
3752854596,100540.937500
3752894317,100539.734375
3752934889,100538.750000
3752974417,100540.609375
3753014827,100540.562500
3753054164,100541.718750
3753094240,100540.687500
3753135048,100538.500000
3753175511,100535.390625
3753215433,100533.281250
3753255441,100534.453125
3753295742,100538.203125
3753335380,100540.984375
3753375793,100541.125000
3753415390,100541.125000
3753455745,100541.359375
3753496097,100540.046875
3753536651,100542.125000
3753576209,100542.078125
3753616918,100541.562500
3753656325,100540.656250
3753696681,100541.343750
3753737010,100540.093750
3753780890,100541.500000
3753820822,100539.656250
3753861922,100540.703125
3753901022,100541.484375
3753941569,100542.062500
3753982496,100541.875000
3754022624,100540.656250
3754062578,100542.406250
3754102607,100542.562500
3754142044,100541.281250
3754182984,100541.046875
3754222219,100540.093750
3754263406,100541.765625
3754303498,100540.718750
3754343971,100541.359375
3754383732,100541.421875
3754423032,100541.062500
3754463553,100539.859375
3754503328,100539.843750
3754547558,100537.671875
3754587968,100537.312500
3754627245,100537.546875
3754667023,100538.281250
3754707153,100540.140625
3754747064,100541.328125
3754787460,100542.859375
3754827459,100543.406250
3754867230,100543.140625
3754911484,100543.281250
3754951208,100543.890625
3754991593,100544.593750
3755031495,100542.640625
3755075706,100544.218750
3755116041,100546.093750
3755156845,100543.843750
3755196127,100543.140625
3755236196,100541.265625
3755276447,100541.796875
3755317044,100541.000000
3755357648,100541.093750
3755398070,100539.390625
3755441532,100538.734375
3755481070,100538.187500
3755522088,100537.656250
3755563091,100540.062500
3755607076,100539.062500
3755647288,100540.781250
3755687384,100541.390625
3755727697,100541.843750
3755767676,100540.718750
3755807474,100538.968750
3755847072,100540.953125
3755887213,100539.718750
3755928006,100539.187500
3755972776,100540.750000
3756012668,100542.687500
3756052474,100542.593750
3756092044,100543.781250
3756132803,100544.250000
3756172146,100543.359375
3756212390,100542.765625
3756252852,100543.718750
3756292396,100543.359375
3756332859,100543.093750
3756372163,100543.562500
3756412323,100541.265625
3756452197,100541.312500
3756492600,100542.796875
3756536491,100541.500000
3756576922,100539.593750
3756616182,100540.234375
3756656486,100542.203125
3756697014,100541.234375
3756737576,100544.484375
3756777092,100546.015625
3756817083,100545.859375
3756857450,100546.921875
3756900720,100547.843750
3756940219,100545.640625
3756980874,100546.734375
3757020731,100543.625000
3757060432,100543.171875
3757100062,100543.125000
3757140615,100543.046875
3757180997,100544.000000
3757221772,100546.843750
3757263229,100547.546875
3757303148,100549.718750
3757343721,100549.406250
3757383275,100549.046875
3757423458,100548.515625
3757463359,100546.171875
3757504060,100546.468750
3757544545,100546.718750
3757584108,100548.015625
3757627213,100548.953125
3757667291,100547.718750
3757707791,100548.109375
3757748032,100548.062500
3757788395,100547.437500
3757828536,100547.109375
3757870337,100546.218750
3757910491,100545.203125
3757950155,100545.609375
3757993030,100544.937500
3758033092,100545.984375
3758074994,100543.093750
3758114538,100544.671875
3758154415,100545.312500
3758194783,100546.984375
3758234789,100548.015625
3758275506,100547.062500
3758315060,100547.875000
3758355923,100545.718750
3758395458,100544.234375
3758435534,100545.281250
3758475598,100546.406250
3758515224,100545.031250
3758555799,100544.343750
3758595719,100545.015625
3758635772,100543.593750
3758676482,100544.765625
3758716421,100544.203125
3758756597,100542.671875
3758796324,100543.281250
3758836481,100542.953125
3758876071,100541.468750
3758916614,100544.750000
3758956011,100542.687500
3758996831,100544.500000
3759036852,100544.390625
3759076844,100545.125000
3759116069,100545.687500
3759156637,100544.031250
3759197288,100544.906250
3759237350,100545.687500
3759277367,100547.937500
3759317752,100551.437500
3759357171,100550.562500
3759397985,100551.125000
3759437753,100548.015625
3759478328,100545.265625
3759518721,100545.593750
3759562066,100544.531250
3759602531,100545.140625
3759642252,100544.390625
3759682455,100544.906250
3759726490,100545.500000
3759766575,100549.109375
3759806869,100549.890625
3759846798,100549.062500
3759887012,100548.031250
3759927080,100546.750000
3759967581,100545.890625
3760007067,100546.531250
3760047042,100548.125000
3760090329,100548.812500
3760130084,100547.781250
3760170352,100546.218750
3760210621,100545.734375
3760250369,100546.828125
3760290047,100547.406250
3760330929,100546.484375
3760370505,100548.421875
3760410621,100549.500000
3760453283,100549.125000
3760493472,100549.000000
3760533916,100548.062500
3760573717,100550.781250
3760613009,100550.703125
3760653380,100552.343750
3760693631,100551.328125
3760733529,100553.218750
3760773683,100555.015625
3760813173,100556.000000
3760853455,100555.859375
3760893634,100554.421875
3760934055,100553.500000
3760975106,100553.171875
3761019014,100552.796875
3761059233,100551.453125
3761099724,100552.890625
3761139366,100554.640625
3761179841,100555.531250
3761219712,100555.531250
3761259621,100554.828125
3761300103,100553.453125
3761340099,100551.125000
3761384858,100550.281250
3761424075,100550.250000
3761464413,100550.250000
3761504347,100551.593750
3761544750,100551.828125
3761585122,100551.875000
3761625692,100553.796875
3761665775,100554.578125
3761705042,100555.218750
3761749267,100555.015625
3761789364,100554.656250
3761830014,100555.656250
3761870570,100557.437500
3761913708,100557.031250
3761953163,100555.437500
3761993282,100553.953125
3762033602,100550.343750
3762073319,100552.000000
3762113270,100551.312500
3762153727,100551.781250
3762193995,100553.046875
3762233504,100553.906250
3762273535,100554.796875
3762313186,100552.828125
3762353896,100552.765625
3762393048,100553.000000
3762433439,100554.937500
3762474923,100554.937500
3762514618,100555.015625
3762554027,100556.812500
3762594761,100557.406250
3762634012,100557.906250
3762674584,100556.984375
3762714780,100554.312500
3762754609,100555.421875
3762794080,100555.765625
3762834480,100554.171875
3762875026,100554.312500
3762915897,100554.578125
3762955260,100554.453125
3762995813,100555.718750
3763035702,100555.750000
3763075628,100556.203125
3763115862,100554.656250
3763155227,100555.171875
3763195517,100555.703125
3763235390,100555.828125
3763275873,100555.703125
3763315785,100556.421875
3763355175,100557.015625
3763395800,100557.328125
3763435666,100558.093750
3763475283,100558.234375
3763515214,100558.671875
3763555687,100558.984375
3763596094,100559.765625
3763636121,100560.531250
3763676588,100560.859375
3763716340,100560.484375
3763756140,100560.203125
3763796402,100559.250000
3763836684,100558.937500
3763876269,100559.953125
3763916552,100559.000000
3763957028,100560.234375
3763997565,100560.578125
3764037579,100561.406250
3764077749,100560.437500
3764117572,100560.921875
3764157679,100560.500000
3764197040,100560.296875
3764237102,100560.578125
3764277045,100561.031250
3764317491,100564.406250
3764357901,100564.171875
3764397962,100564.859375
3764437399,100566.734375
3764477911,100562.218750
3764517745,100562.171875
3764557042,100560.187500
3764597272,100560.203125
3764637783,100562.000000
3764678215,100563.578125
3764718480,100562.312500
3764758326,100563.750000
3764798664,100563.843750
3764838729,100561.765625
3764878135,100565.312500
3764918581,100564.359375
3764958107,100564.328125
3764999188,100562.921875
3765040780,100562.140625
3765080608,100562.281250
3765120984,100562.859375
3765160634,100563.062500
3765200564,100563.140625
3765240624,100566.718750
3765280776,100566.859375
3765320347,100567.781250
3765361073,100566.031250
3765404564,100566.187500
3765445075,100564.671875
3765485366,100564.703125
3765525572,100564.437500
3765569644,100564.203125
3765609220,100566.843750
3765649728,100566.062500
3765689046,100567.593750
3765729708,100566.640625
3765769038,100566.921875
3765809312,100566.375000
3765849858,100567.828125
3765889481,100567.500000
3765933215,100567.937500
3765973662,100567.625000
3766013092,100567.468750
3766053449,100567.796875
3766093429,100566.375000
3766133894,100567.281250
3766173500,100568.343750
3766213758,100568.093750
3766253839,100568.937500
3766293309,100569.656250
3766335014,100570.218750
3766375366,100569.609375
3766415734,100568.859375
3766455588,100568.500000
3766495625,100568.359375
3766535048,100567.531250
3766575797,100567.359375
3766615207,100565.781250
3766655279,100566.359375
3766695491,100565.109375
3766735618,100566.609375
3766775810,100567.109375
3766815305,100569.406250
3766855149,100570.359375
3766900354,100568.671875
3766940602,100566.218750
3766980134,100566.671875
3767020723,100567.781250
3767063030,100566.062500
3767103509,100565.734375
3767143777,100565.843750
3767183093,100566.734375
3767223883,100568.890625
3767263341,100569.171875
3767303836,100569.156250
3767343006,100568.781250
3767383422,100568.875000
3767423963,100566.375000
3767463566,100570.000000
3767503149,100568.765625
3767543157,100568.796875
3767583916,100569.250000
3767623780,100569.015625
3767663180,100570.937500
3767703760,100570.281250
3767743126,100570.515625
3767783045,100573.656250
3767827110,100572.250000
3767867458,100574.156250
3767907550,100574.562500
3767947557,100575.234375
3767991466,100575.781250
3768031338,100575.765625
3768073256,100576.343750
3768113512,100576.703125
3768157579,100576.437500
3768197197,100574.125000
3768237292,100574.718750
3768277538,100573.343750
3768317421,100570.937500
3768359075,100572.890625
3768399992,100572.203125
3768439081,100570.875000
3768479303,100569.921875
3768519510,100568.312500
3768559316,100568.703125
3768599296,100571.015625
3768639582,100573.437500
3768679231,100573.921875
3768719767,100574.640625
3768759521,100573.625000
3768799675,100574.984375
3768839034,100573.390625
3768879254,100573.265625
3768923118,100573.000000
3768963815,100573.500000
3769003132,100573.234375
3769043293,100573.640625
3769083087,100575.484375
3769123748,100575.421875
3769163514,100575.812500
3769203841,100577.359375
3769243373,100577.812500
3769285143,100577.625000
3769325587,100578.812500
3769365218,100577.953125
3769406251,100577.328125
3769446793,100575.328125
3769487085,100575.937500
3769527309,100574.062500
3769567790,100574.234375
3769608046,100575.578125
3769649887,100578.500000
3769689796,100579.906250
3769729368,100579.421875
3769769098,100578.265625
3769809186,100577.156250
3769850449,100579.625000
3769890543,100580.500000
3769930662,100580.500000
3769970218,100578.906250
3770010112,100577.796875
3770050737,100578.109375
3770090231,100577.625000
3770130285,100578.937500
3770170761,100578.765625
3770214592,100577.906250
3770254241,100579.109375
3770294508,100579.593750
3770334790,100579.203125
3770374074,100580.703125
3770414395,100580.828125
3770454406,100581.140625
3770494663,100580.609375
3770534965,100579.671875
3770574313,100580.734375
3770614804,100580.187500
3770654885,100582.125000
3770694404,100581.843750
3770734822,100581.812500
3770774552,100581.687500
3770814010,100580.578125
3770854360,100581.656250
3770894729,100582.343750
3770935057,100583.109375
3770975571,100582.796875
3771015740,100584.046875
3771055444,100583.546875
3771095557,100583.546875
3771135611,100582.296875
3771175162,100584.453125
3771215338,100583.562500
3771255016,100584.890625
3771295714,100586.390625
3771335786,100585.312500
3771375367,100584.203125
3771415579,100583.437500
3771455314,100584.578125
3771496051,100585.234375
3771536981,100586.343750
3771576300,100584.703125
3771616819,100584.218750
3771656542,100585.062500
3771696261,100586.187500
3771737084,100585.265625
3771780481,100587.000000
3771820855,100584.890625
3771860522,100585.296875
3771901050,100585.671875
3771944480,100584.968750
3771984130,100584.515625
3772024665,100585.593750
3772064353,100585.546875
3772104700,100585.968750
3772144350,100585.812500
3772184914,100584.656250
3772224644,100585.250000
3772264409,100584.640625
3772308546,100584.796875
3772348833,100586.578125
3772388242,100585.046875
3772428039,100585.843750
3772468798,100586.218750
3772509760,100586.140625
3772549217,100586.062500
3772589696,100588.734375
3772629667,100588.484375
3772669267,100587.765625
3772710150,100588.234375
3772751084,100586.812500
3772791125,100587.859375
3772831830,100588.781250
3772875739,100588.843750
3772916496,100589.281250
3772956789,100589.937500
3772996137,100590.906250
3773036839,100590.234375
3773076873,100591.031250
3773117662,100589.796875
3773157791,100589.171875
3773197349,100589.156250
3773240139,100590.343750
3773280342,100590.906250
3773320009,100590.843750
3773360294,100592.031250
3773400699,100591.156250
3773440998,100590.000000
3773480332,100590.343750
3773520200,100590.328125
3773560197,100591.937500
3773601053,100591.046875
3773641332,100591.765625
3773681487,100591.578125
3773721817,100592.640625
3773761866,100593.734375
3773801809,100591.671875
3773841207,100592.296875
3773881355,100592.156250
3773921843,100593.812500
3773961055,100594.218750
3774001492,100594.765625
3774041196,100594.359375
3774081415,100596.265625
3774122125,100595.656250
3774163091,100594.906250
3774207149,100594.171875
3774247172,100593.187500
3774287280,100594.781250
3774327556,100592.968750
3774367348,100594.000000
3774407151,100593.890625
3774447454,100593.953125
3774487507,100593.109375
3774527712,100593.921875
3774567509,100594.312500
3774608347,100595.984375
3774648414,100595.796875
3774688087,100595.203125
3774728602,100596.109375
3774768259,100595.734375
3774809531,100598.078125
3774849553,100597.359375
3774889196,100595.875000
3774929503,100594.390625
3774969098,100593.953125
3775010058,100596.078125
3775050449,100595.984375
3775090858,100595.687500
3775130888,100596.109375
3775170721,100596.953125
3775210526,100596.218750
3775250022,100596.421875
3775290191,100597.937500
3775330166,100599.625000
3775371117,100598.234375
3775411767,100598.578125
3775451642,100599.406250
3775492035,100599.140625
3775532224,100597.656250
3775577234,100596.015625
3775617348,100595.937500
3775657479,100596.421875
3775698099,100596.906250
3775742125,100596.171875
3775783815,100597.250000
3775825270,100597.734375
3775865287,100598.421875
3775907147,100598.859375
3775947696,100598.421875
3775987836,100598.031250
3776027324,100597.718750
3776067052,100599.234375
3776107637,100599.531250
3776147096,100599.750000
3776187265,100601.203125
3776227940,100602.187500
3776268794,100602.171875
3776308193,100602.359375
3776348696,100601.328125
3776388876,100602.296875
3776428120,100603.046875
3776468088,100602.796875
3776508413,100603.921875
3776548686,100602.218750
3776589115,100604.671875
3776629672,100605.171875
3776669127,100604.484375
3776709191,100604.750000
3776749859,100603.250000
3776789236,100603.109375
3776833594,100602.500000
3776873188,100604.250000
3776913589,100603.031250
3776953001,100605.984375
3776993419,100604.140625
3777033825,100603.593750
3777073154,100601.750000
3777114008,100603.359375
3777154267,100602.281250
3777198182,100602.078125
3777238295,100604.937500
3777279066,100606.687500
3777319261,100605.296875
3777359509,100606.937500
3777399389,100605.656250
3777439889,100605.125000
3777479807,100605.093750
3777519206,100606.140625
3777562973,100607.546875
3777602911,100608.328125
3777642733,100607.359375
3777682637,100608.328125
3777722080,100607.734375
3777762021,100605.875000
3777803114,100606.484375
3777843156,100605.484375
3777883035,100606.187500
3777925803,100606.796875
3777966106,100607.281250
3778006577,100607.203125
3778046514,100607.515625
3778087434,100607.031250
3778127986,100606.656250
3778167148,100608.812500
3778207900,100607.453125
3778247574,100607.562500
3778291573,100607.671875
3778332202,100607.750000
3778372504,100608.843750
3778412130,100608.703125
3778452566,100608.531250
3778492335,100610.093750
3778532975,100611.046875
3778572138,100611.656250
3778613049,100610.781250
3778655528,100609.562500
3778695046,100608.750000
3778735375,100608.515625
3778775650,100608.593750
3778815405,100609.671875
3778855605,100608.234375
3778896119,100608.906250
3778936292,100607.531250
3778976366,100607.546875
3779016877,100607.734375
3779056698,100609.125000
3779096647,100609.562500
3779136660,100609.312500
3779176469,100609.625000
3779216279,100611.171875
3779256175,100613.062500
3779296814,100615.062500
3779337008,100615.546875
3779377058,100613.515625
3779417083,100614.921875
3779457190,100614.312500
3779497031,100612.140625
3779537183,100611.312500
3779577495,100611.921875
3779617621,100612.406250
3779657086,100613.343750
3779697639,100614.078125
3779737015,100610.578125
3779777503,100605.453125
3779820066,100604.250000
3779860479,100606.734375
3779900105,100608.937500
3779940341,100612.640625
3779980788,100612.906250
3780020950,100613.937500
3780060209,100613.921875
3780101014,100616.312500
3780142109,100615.890625
3780183919,100615.671875
3780223876,100614.671875
3780263204,100614.750000
3780303641,100614.218750
3780343858,100616.437500
3780383357,100616.468750
3780423280,100615.687500
3780463541,100616.453125
3780503942,100615.953125
3780543003,100615.468750
3780583727,100615.734375
3780623762,100615.703125
3780663113,100615.359375
3780703341,100617.312500
3780747414,100619.609375
3780788807,100620.656250
3780828057,100621.421875
3780868342,100619.015625
3780912297,100612.437500
3780952689,100609.359375
3780992375,100613.468750
3781032510,100617.500000
3781072163,100620.203125
3781112691,100621.078125
3781153107,100620.406250
3781193403,100620.890625
3781234010,100620.890625
3781275916,100619.640625
3781315429,100618.968750
3781355895,100615.890625
3781395687,100616.531250
3781436027,100615.484375
3781476254,100614.750000
3781516569,100612.109375
3781556194,100613.000000
3781597011,100614.734375
3781637733,100614.593750
3781677359,100615.234375
3781717459,100615.468750
3781757131,100615.796875
3781798029,100615.062500
3781842372,100616.968750
3781882592,100616.562500
3781922891,100620.109375
3781962512,100621.125000
3782006453,100621.125000
3782046351,100620.375000
3782086713,100619.875000
3782126530,100619.734375
3782166947,100620.453125
3782206629,100620.609375
3782246531,100621.312500
3782286261,100619.093750
3782326367,100618.187500
3782366867,100615.500000
3782406551,100616.421875
3782446720,100617.015625
3782486507,100617.062500
3782526090,100618.468750
3782566811,100619.125000
3782606646,100619.546875
3782646171,100618.750000
3782686078,100619.687500
3782727038,100618.875000
3782767430,100620.781250
3782808261,100618.828125
3782848200,100616.750000
3782888041,100617.531250
3782928896,100618.171875
3782968215,100619.812500
3783009079,100621.171875
3783049254,100622.359375
3783089560,100621.718750
3783129034,100622.812500
3783170895,100623.171875
3783210490,100624.031250
3783250152,100621.796875
3783290417,100621.437500
3783330156,100620.625000
3783370645,100618.125000
3783410268,100617.421875
3783450855,100616.406250
3783490498,100616.781250
3783530919,100619.125000
3783570799,100620.453125
3783610203,100622.765625
3783650499,100622.609375
3783690216,100623.687500
3783730608,100625.468750
3783770668,100624.625000
3783810128,100622.718750
3783850661,100622.281250
3783890373,100622.281250
3783930688,100622.875000
3783970202,100624.125000
3784010817,100624.328125
3784050463,100624.046875
3784090133,100623.031250
3784134293,100620.843750
3784175046,100620.343750
3784215714,100617.765625
3784255420,100619.031250
3784295388,100618.843750
3784335755,100619.875000
3784375108,100619.437500
3784416050,100619.984375
3784456368,100621.015625
3784499447,100622.328125
3784539186,100623.625000
3784579460,100622.906250
3784619949,100623.812500
3784659214,100623.765625
3784700098,100624.484375
3784740304,100624.078125
3784780663,100624.640625
3784820772,100625.656250
3784862055,100627.890625
3784902643,100628.109375
3784942217,100629.015625
3784982704,100626.765625
3785022598,100625.531250
3785062015,100624.062500
3785103394,100624.031250
3785143896,100623.734375
3785183214,100623.171875
3785225724,100622.687500
3785265037,100622.718750
3785305210,100622.234375
3785345052,100621.906250
3785385544,100621.953125
3785426104,100621.281250
3785466318,100622.718750
3785506702,100622.828125
3785546541,100624.765625
3785590451,100624.750000
3785630741,100626.078125
3785670986,100627.906250
3785710999,100628.984375
3785755818,100631.390625
3785795151,100630.859375
3785835369,100631.343750
3785875141,100630.968750
3785915394,100630.578125
3785956104,100632.406250
3785996367,100631.703125
3786036650,100633.703125
3786076848,100632.296875
3786118330,100631.281250
3786158817,100630.765625
3786199003,100628.687500
3786239578,100627.359375
3786282329,100624.562500
3786323100,100625.750000
3786363356,100627.750000
3786403291,100630.140625
3786443947,100629.593750
3786483143,100630.484375
3786523945,100631.062500
3786563544,100633.812500
3786603457,100634.031250
3786647594,100633.875000
3786687416,100632.812500
3786727939,100633.937500
3786767582,100631.578125
3786811605,100630.093750
3786851541,100629.687500
3786891086,100630.187500
3786931880,100630.453125
3786971184,100631.359375
3787013410,100632.765625
3787053372,100633.390625
3787093477,100632.718750
3787133510,100633.812500
3787173876,100635.093750
3787213817,100635.359375
3787253822,100635.468750
3787293136,100634.125000
3787333633,100634.671875
3787373290,100634.875000
3787413245,100633.656250
3787453324,100633.640625
3787493177,100632.265625
3787533357,100633.312500
3787573797,100634.390625
3787613932,100634.593750
3787653943,100633.000000
3787693011,100634.062500
3787733316,100634.000000
3787777690,100634.828125
3787817407,100633.875000
3787857271,100634.390625
3787897154,100633.890625
3787937278,100634.718750
3787977161,100636.765625
3788017057,100635.734375
3788057795,100637.171875
3788097043,100635.859375
3788141403,100636.515625
3788181878,100637.671875
3788221117,100637.531250
3788261515,100636.734375
3788301833,100637.968750
3788341507,100637.890625
3788381093,100637.890625
3788421458,100638.406250
3788461892,100637.484375
3788501279,100638.062500
3788541784,100638.859375
3788581399,100637.406250
3788621664,100636.906250
3788661401,100637.000000
3788701091,100637.718750
3788741817,100638.640625
3788781144,100639.875000
3788821948,100640.250000
3788862145,100640.562500
3788903813,100640.781250
3788943885,100641.171875
3788983181,100641.187500
3789023952,100641.015625
3789063014,100641.750000
3789103560,100642.890625
3789143328,100641.953125
3789183809,100644.093750
3789223565,100643.656250
3789263119,100643.156250
3789303771,100643.328125
3789344085,100641.875000
3789384476,100641.968750
3789424086,100643.171875
3789466941,100642.656250
3789506750,100641.906250
3789546914,100643.296875
3789586217,100643.671875
3789626086,100641.890625
3789666344,100641.546875
3789706334,100642.421875
3789746524,100643.062500
3789786133,100642.765625
3789826655,100643.218750
3789866866,100642.921875
3789906806,100644.500000
3789946577,100644.812500
3789987001,100643.531250
3790030803,100645.328125
3790070257,100645.750000
3790110648,100646.734375
3790150796,100646.671875
3790190105,100646.281250
3790230133,100645.843750
3790270724,100646.390625
3790310244,100645.906250
3790350745,100645.375000
3790393509,100646.500000
3790433636,100647.625000
3790473391,100648.140625
3790513375,100647.562500
3790553857,100648.593750
3790593697,100648.796875
3790633719,100647.921875
3790673820,100647.781250
3790713815,100649.265625
3790753050,100648.218750
3790794032,100649.515625
3790835092,100648.656250
3790875229,100648.890625
3790915096,100649.156250
3790957158,100651.468750
3790997650,100649.046875
3791037127,100649.843750
3791077839,100649.250000
3791118655,100648.328125
3791158060,100646.718750
3791198771,100646.609375
3791238764,100647.546875
3791278338,100647.687500
3791323579,100648.531250
3791363515,100646.546875
3791403153,100647.250000
3791443644,100646.234375
3791483486,100646.718750
3791524046,100646.171875
3791564048,100647.250000
3791604933,100648.218750
3791644236,100647.625000
3791684080,100647.171875
3791725024,100647.453125
3791765026,100648.390625
3791805781,100651.078125
3791845019,100649.968750
3791885347,100652.546875
3791925328,100651.265625
3791965352,100652.500000
3792006096,100651.546875
3792046880,100652.578125
3792088110,100653.968750
3792128460,100652.171875
3792168435,100653.281250
3792208068,100651.796875
3792248746,100652.000000
3792288130,100651.953125
3792328454,100652.296875
3792368956,100651.843750
3792408543,100651.328125
3792451569,100652.484375
3792491325,100653.187500
3792531944,100653.468750
3792571027,100653.359375
3792611924,100653.750000
3792651837,100653.281250
3792691827,100653.453125
3792731549,100652.671875
3792773200,100653.796875
3792816060,100654.296875
3792856616,100653.500000
3792896271,100653.734375
3792936502,100654.625000
3792976544,100654.953125
3793016506,100654.281250
3793056777,100653.109375
3793096233,100653.296875
3793136430,100653.437500
3793180421,100654.468750
3793221005,100654.640625
3793261599,100653.656250
3793301586,100653.390625
3793341071,100653.750000
3793382053,100655.859375
3793423124,100653.109375
3793463091,100653.640625
3793503395,100653.765625
3793546002,100653.296875
3793586493,100653.734375
3793626075,100653.718750
3793668807,100653.781250
3793708451,100652.312500
3793748946,100653.718750
3793788206,100653.046875
3793828206,100654.500000
3793869923,100656.093750
3793909566,100656.578125
3793949659,100655.859375
3793989247,100655.296875
3794030148,100655.890625
3794071274,100656.937500
3794114114,100658.109375
3794154775,100657.890625
3794194091,100656.546875
3794234356,100659.312500
3794274954,100659.203125
3794314565,100661.046875
3794354729,100660.921875
3794394278,100659.750000
3794434489,100660.250000
3794474755,100659.750000
3794514694,100659.140625
3794554612,100659.812500
3794595109,100659.500000
3794635550,100658.484375
3794680919,100657.750000
3794720307,100658.671875
3794760991,100659.296875
3794800585,100660.125000
3794840607,100659.265625
3794880772,100660.250000
3794920763,100662.406250
3794960229,100661.750000
3795000940,100662.953125
3795040119,100660.968750
3795081399,100661.359375
3795121321,100661.359375
3795161397,100661.890625
3795201825,100660.468750
3795243245,100660.734375
3795283174,100661.203125
3795323355,100662.859375
3795363629,100662.375000
3795404083,100662.500000
3795444716,100664.046875
3795484371,100663.437500
3795524289,100664.281250
3795564535,100663.171875
3795607721,100661.656250
3795647006,100660.625000
3795687463,100660.140625
3795727604,100664.281250
3795767033,100661.890625
3795807746,100663.296875
3795847219,100664.015625
3795887689,100664.375000
3795927601,100662.234375
3795967566,100666.750000
3796007133,100665.203125
3796048120,100667.546875
3796088381,100668.578125
3796128161,100664.812500
3796170934,100662.187500
3796210256,100662.078125
3796250741,100666.562500
3796290499,100665.656250
3796330227,100667.890625
3796370099,100665.765625
3796410604,100662.796875
3796451137,100662.781250
3796491726,100666.515625
3796531224,100668.015625
3796571141,100666.765625
3796612096,100666.078125
3796652677,100666.078125
3796692435,100667.125000
3796732638,100668.531250
3796772892,100668.359375
3796812591,100667.890625
3796852048,100667.578125
3796892856,100668.953125
3796932833,100669.578125
3796973000,100671.187500
3797013536,100669.156250
3797053340,100670.359375
3797093288,100669.328125
3797133652,100668.968750
3797174014,100669.640625
3797214816,100669.375000
3797254058,100669.359375
3797294591,100669.093750
3797334365,100669.968750
3797374501,100669.906250
3797414122,100670.140625
3797454513,100671.640625
3797494458,100670.765625
3797534827,100671.125000
3797574940,100670.750000
3797614798,100670.312500
3797654047,100670.250000
3797694276,100671.609375
3797734277,100673.500000
3797775114,100673.140625
3797815506,100674.656250
3797856015,100669.234375
3797896797,100669.453125
3797940841,100671.406250
3797980117,100669.781250
3798020880,100672.250000
3798060590,100669.906250
3798100335,100670.687500
3798140243,100671.500000
3798180085,100672.156250
3798220514,100674.843750
3798260035,100670.406250
3798300690,100670.906250
3798340632,100669.421875
3798381052,100674.000000
3798421600,100673.953125
3798461229,100676.031250
3798502696,100675.765625
3798542649,100674.062500
3798583095,100672.468750
3798624072,100674.718750
3798664573,100674.531250
3798704109,100677.062500
3798745016,100675.453125
3798785472,100675.453125
3798825877,100675.078125
3798867810,100676.531250
3798907508,100678.171875
3798947656,100677.187500
3798987353,100675.953125
3799028000,100674.093750
3799068994,100675.390625
3799108100,100677.765625
3799148278,100675.640625
3799188235,100676.015625
3799230589,100676.171875
3799270974,100675.359375
3799310194,100675.328125
3799351150,100674.828125
3799392829,100676.921875
3799432961,100676.890625
3799472001,100677.078125
3799512870,100676.812500
3799552543,100678.062500
3799593030,100678.593750
3799633352,100676.812500
3799673517,100677.640625
3799713499,100678.171875
3799753414,100677.093750
3799797379,100676.859375
3799837408,100673.859375
3799877621,100679.421875
3799917043,100677.515625
3799957388,100680.140625
3799997742,100677.968750
3800037526,100676.406250
3800077229,100675.093750
3800117072,100676.500000
3800157137,100678.593750
3800198614,100682.703125
3800238611,100679.734375
3800279108,100677.281250
3800319057,100676.203125
3800359625,100676.500000
3800399952,100682.218750
3800439735,100682.703125
3800479043,100681.546875
3800519282,100676.125000
3800559350,100675.046875
3800599843,100676.125000
3800639952,100679.718750
3800679248,100681.750000
3800719281,100680.671875
3800759726,100679.093750
3800800101,100679.531250
3800840181,100678.500000
3800880216,100679.156250
3800920529,100680.234375
3800963123,100680.750000
3801003735,100681.218750
3801043399,100680.343750
3801083943,100680.437500
3801123604,100679.765625
3801163332,100681.031250
3801204203,100677.687500
3801244561,100679.343750
3801284778,100680.375000
3801325863,100682.359375
3801366045,100683.390625
3801406207,100682.234375
3801448176,100680.640625
3801492660,100681.109375
3801532344,100682.828125
3801572354,100682.984375
3801612633,100679.578125
3801652097,100680.093750
3801692803,100680.656250
3801732118,100682.343750
3801773133,100685.265625
3801813239,100680.125000
3801857486,100682.312500
3801897400,100684.203125
3801937161,100686.250000
3801977378,100685.296875
3802017842,100680.781250
3802057761,100681.250000
3802098057,100680.406250
3802138402,100678.875000
3802178273,100679.531250
3802222270,100681.968750
3802262045,100683.750000
3802302935,100682.281250
3802342156,100682.937500
3802382591,100681.531250
3802422510,100680.843750
3802462269,100685.093750
3802502222,100686.031250
3802542147,100687.421875
3802582307,100684.937500
3802622426,100683.171875
3802662207,100683.765625
3802702326,100683.265625
3802742288,100685.125000
3802782527,100681.984375
3802822466,100681.328125
3802862254,100682.640625
3802902210,100684.640625
3802942764,100685.734375
3802982719,100682.328125
3803022666,100681.546875
3803062283,100682.312500
3803103500,100680.656250
3803143328,100683.734375
3803183575,100684.921875
3803223579,100684.593750
3803263535,100686.875000
3803303310,100686.578125
3803343140,100686.281250
3803383076,100684.796875
3803424134,100682.734375
3803465091,100682.531250
3803505598,100683.093750
3803545711,100684.421875
3803588700,100683.875000
3803628684,100683.031250
3803669511,100682.484375
3803709845,100683.265625
3803749747,100685.625000
3803789887,100684.812500
3803829465,100684.921875
3803869570,100683.531250
3803909417,100683.484375
3803951902,100683.015625
3803991141,100684.796875
3804031021,100685.437500
3804071499,100684.125000
3804111203,100684.500000
3804151207,100682.531250
3804191365,100682.421875
3804231275,100683.390625
3804271404,100684.921875
3804311968,100683.875000
3804351102,100684.562500
3804391808,100684.125000
3804431728,100684.234375
3804471592,100684.000000
3804514509,100682.390625
3804554775,100683.890625
3804594252,100682.156250
3804634437,100683.046875
3804674566,100682.078125
3804714512,100682.390625
3804754176,100681.046875
3804794513,100681.843750
3804834466,100683.125000
3804874610,100682.750000
3804914388,100680.000000
3804954687,100681.390625
3804994729,100679.203125
3805034692,100681.203125
3805078289,100680.843750
3805118114,100680.265625
3805158910,100682.046875
3805198107,100681.875000
3805238119,100683.140625
3805279308,100681.828125
3805319712,100682.968750
3805359636,100681.968750
3805399597,100683.093750
3805439673,100681.187500
3805479715,100682.500000
3805519265,100684.562500
3805560063,100682.687500
3805600055,100682.953125
3805640267,100681.906250
3805680292,100680.359375
3805720567,100680.156250
3805760549,100679.812500
3805800604,100680.562500
3805840705,100681.718750
3805880673,100680.984375
3805920312,100681.687500
3805961132,100684.140625
3806001739,100683.625000
3806041898,100682.734375
3806081546,100682.640625
3806121091,100681.390625
3806161881,100681.296875
3806201012,100681.609375
3806241164,100681.718750
3806282218,100683.015625
3806322635,100681.125000
3806362528,100680.390625
3806402476,100680.593750
3806442663,100681.328125
3806482539,100682.031250
3806522119,100681.171875
3806562922,100682.718750
3806603096,100683.953125
3806643280,100683.000000
3806683228,100683.937500
3806723395,100684.156250
3806763418,100683.546875
3806803117,100683.140625
3806843578,100685.234375
3806884562,100686.671875
3806924493,100686.140625
3806965740,100686.171875
3807005669,100685.359375
3807045890,100685.484375
3807085427,100685.218750
3807125280,100684.625000
3807166492,100685.140625
3807206623,100685.500000
3807246849,100686.031250
3807287026,100685.937500
3807327497,100684.562500
3807368057,100683.468750
3807409080,100683.437500
3807451785,100683.640625
3807491610,100683.375000
3807531339,100684.531250
3807571244,100685.046875
3807611111,100688.000000
3807652626,100685.921875
3807692527,100685.250000
3807732870,100685.062500
3807772042,100683.796875
3807812744,100685.625000
3807853312,100686.296875
3807893195,100686.562500
3807933239,100685.750000
3807973466,100685.359375
3808013861,100685.390625
3808053616,100687.640625
3808093794,100686.656250
3808133785,100685.812500
3808173982,100686.406250
3808213745,100687.296875
3808254341,100688.203125
3808294080,100688.156250
3808334091,100685.906250
3808374892,100686.093750
3808414452,100685.734375
3808454988,100686.406250
3808494731,100685.546875
3808534707,100685.062500
3808574322,100684.437500
3808614249,100685.328125
3808655760,100686.484375
3808695736,100685.531250
3808735741,100685.968750
3808776041,100687.062500
3808816782,100687.203125
3808856216,100687.625000
3808897027,100687.546875
3808937057,100687.171875
3808977471,100687.953125
3809018079,100689.828125
3809058954,100689.484375
3809099004,100689.500000
3809139153,100688.531250
3809179656,100689.500000
3809223885,100689.453125
3809263070,100689.234375
3809303806,100690.531250
3809343431,100689.703125
3809383400,100690.671875
3809424970,100690.218750
3809464135,100687.718750
3809505097,100688.796875
3809545113,100688.781250
3809585196,100689.687500
3809625097,100689.015625
3809665405,100688.781250
3809705015,100687.953125
3809745695,100687.906250
3809785765,100686.703125
3809825221,100687.546875
3809865495,100688.890625
3809905243,100689.187500
3809945491,100688.531250
3809988873,100687.343750
3810028451,100687.234375
3810070223,100688.531250
3810111062,100689.250000
3810154325,100688.375000
3810194503,100689.687500
3810234687,100687.640625
3810274982,100688.703125
3810314464,100694.250000
3810354201,100689.593750
3810395126,100689.515625
3810435902,100688.953125
3810475313,100691.531250
3810515866,100692.984375
3810555719,100693.375000
3810595742,100688.921875
3810635851,100689.890625
3810676145,100687.968750
3810719783,100688.812500
3810759183,100691.187500
3810799252,100689.125000
3810839244,100687.328125
3810879361,100684.625000
3810919615,100683.656250
3810959294,100685.656250
3810999335,100686.140625
3811039056,100687.421875
3811079000,100686.187500
3811119139,100686.843750
3811159046,100685.750000
3811199435,100692.046875
3811239418,100688.906250
3811282908,100689.718750
3811322692,100688.890625
3811362006,100688.750000
3811402328,100688.281250
3811442488,100688.921875
3811482122,100689.421875
3811522250,100691.234375
3811562103,100688.546875
3811602500,100687.171875
3811642780,100688.328125
3811682430,100687.312500
3811723016,100687.437500
3811763119,100688.062500
3811803560,100686.421875
3811847540,100688.140625
3811887907,100688.890625
3811928755,100690.750000
3811968727,100690.281250
3812012715,100690.156250
3812052324,100688.843750
3812092961,100686.484375
3812132851,100687.453125
3812172851,100685.593750
3812212691,100687.687500
3812252011,100688.625000
3812292937,100688.953125
3812332830,100689.812500
3812372194,100690.109375
3812412632,100691.359375
3812452203,100690.781250
3812492780,100691.234375
3812532026,100689.250000
3812572032,100692.093750
3812612709,100693.390625
3812652042,100693.312500
3812692128,100694.390625
3812732812,100694.531250
3812773947,100692.812500
3812813576,100697.984375
3812854032,100695.250000
3812894823,100695.390625
3812934783,100694.750000
3812974084,100696.687500
3813014352,100697.109375
3813054798,100699.625000
3813094612,100700.328125
3813137304,100699.656250
3813177122,100701.593750
3813217019,100706.203125
3813257452,100709.109375
3813298012,100709.046875
3813338782,100708.687500
3813378543,100708.625000
3813418823,100707.984375
3813458885,100703.703125
3813502176,100705.828125
3813542171,100704.140625
3813583120,100702.312500
3813623589,100699.750000
3813663836,100701.343750
3813703683,100697.828125
3813743817,100695.953125
3813783855,100693.781250
3813823042,100690.828125
3813863297,100690.515625
3813904311,100690.531250
3813944393,100691.671875
3813984396,100691.625000
3814024733,100692.281250
3814064921,100693.140625
3814104816,100693.921875
3814144844,100692.718750
3814184862,100692.156250
3814224324,100692.328125
3814264443,100691.078125
3814304690,100690.578125
3814344352,100692.953125
3814385197,100692.515625
3814425523,100690.953125
3814465417,100693.296875
3814505535,100692.828125
3814545304,100691.968750
3814586207,100690.265625
3814626776,100688.421875
3814666887,100690.468750
3814706779,100690.984375
3814746208,100690.125000
3814786240,100687.937500
3814826583,100685.953125
3814866366,100686.625000
3814906151,100687.250000
3814946164,100686.734375
3814987057,100686.062500
3815027459,100685.984375
3815067479,100687.390625
3815107349,100687.906250
3815147371,100689.718750
3815187923,100689.187500
3815227722,100689.468750
3815269736,100687.609375
3815309680,100687.171875
3815349414,100688.687500
3815389792,100690.125000
3815429897,100691.640625
3815470109,100691.687500
3815510907,100690.609375
3815550196,100690.203125
3815590124,100689.156250
3815633969,100689.875000
3815673356,100689.984375
3815714101,100690.140625
3815754279,100691.687500
3815794938,100691.375000
3815835149,100692.421875
3815876076,100693.734375
3815916641,100694.421875
3815956274,100693.640625
3816000119,100696.484375
3816040068,100693.703125
3816080275,100694.328125
3816120578,100693.500000
3816160512,100691.265625
3816200599,100690.750000
3816241113,100689.953125
3816281146,100688.734375
3816321234,100686.640625
3816363778,100684.906250
3816403591,100683.843750
3816443567,100684.562500
3816483793,100686.921875
3816523036,100690.343750
3816563475,100692.046875
3816603035,100692.343750
3816643337,100693.953125
3816683336,100693.515625
3816723726,100697.312500
3816763556,100699.453125
3816803688,100700.250000
3816843835,100703.062500
3816883869,100703.062500
3816923106,100704.765625
3816964059,100703.421875
3817004237,100702.609375
3817044364,100700.625000
3817084369,100698.375000
3817124736,100699.343750
3817164636,100699.046875
3817204783,100697.671875
3817244063,100696.031250
3817284089,100694.750000
3817324125,100693.796875
3817364306,100692.812500
3817404259,100693.906250
3817444362,100693.000000
3817484356,100696.031250
3817524701,100695.000000
3817564789,100695.218750
3817604862,100695.265625
3817644960,100693.953125
3817684024,100695.906250
3817727807,100693.703125
3817767745,100694.078125
3817807536,100695.578125
3817847427,100695.281250
3817887328,100696.546875
3817929327,100697.250000
3817969568,100698.062500
3818009877,100698.015625
3818049970,100698.343750
3818089884,100696.859375
3818129325,100697.859375
3818169808,100699.281250
3818209877,100699.812500
3818249887,100698.531250
3818289770,100698.484375
3818329847,100698.453125
3818369138,100697.343750
3818409034,100697.937500
3818450032,100696.671875
3818493453,100695.515625
3818533794,100695.828125
3818573576,100693.515625
3818614099,100691.968750
3818654402,100691.093750
3818694161,100690.265625
3818734493,100689.468750
3818774248,100689.484375
3818814631,100689.843750
3818854900,100690.078125
3818894624,100689.718750
3818934934,100688.781250
3818974660,100691.343750
3819014454,100692.328125
3819054514,100692.234375
3819094508,100693.125000
3819134206,100692.281250
3819174273,100693.203125
3819214011,100694.187500
3819254063,100694.109375
3819294482,100695.453125
3819334348,100695.250000
3819374593,100694.578125
3819414107,100694.421875
3819457791,100695.296875
3819497476,100693.593750
3819537810,100692.593750
3819577046,100693.140625
3819617428,100692.578125
3819657911,100691.609375
3819697435,100689.953125
3819738066,100690.828125
3819778408,100690.765625
3819821313,100690.328125
3819861587,100692.781250
3819901337,100691.484375
3819941575,100692.625000
3819981725,100693.171875
3820021649,100693.500000
3820061930,100693.031250
3820101596,100692.765625
3820141853,100692.937500
3820181093,100693.078125
3820221650,100694.671875
3820261033,100696.406250
3820302659,100693.796875
3820342440,100697.812500
3820382862,100698.046875
3820422799,100698.140625
3820463036,100699.671875
3820504461,100702.906250
3820544780,100704.203125
3820584843,100700.390625
3820624918,100698.671875
3820664020,100698.328125
3820705389,100700.406250
3820745993,100702.390625
3820785132,100701.156250
3820825027,100697.953125
3820865189,100697.078125
3820906121,100697.859375
3820946940,100697.359375
3820986808,100699.828125
3821027023,100698.500000
3821067286,100698.781250
3821107378,100699.109375
3821150467,100701.937500
3821190113,100700.593750
3821230570,100700.265625
3821270785,100698.203125
3821310274,100697.031250
3821350504,100698.750000
3821390421,100700.968750
3821430628,100700.953125
3821470835,100699.140625
3821514730,100699.218750
3821554053,100699.609375
3821594238,100700.234375
3821635021,100701.906250
3821675035,100701.156250
3821716042,100700.468750
3821756503,100700.703125
3821796400,100698.109375
3821837016,100701.062500
3821877439,100701.453125
3821918524,100701.984375
3821958053,100702.484375
3821998562,100703.531250
3822038908,100701.031250
3822078494,100700.984375
3822118480,100702.609375
3822158303,100701.609375
3822198817,100701.640625
3822238010,100700.437500
3822278444,100701.140625
3822318888,100699.687500
3822358325,100698.875000
3822398232,100699.187500
3822438862,100699.765625
3822478421,100699.250000
3822518150,100699.515625
3822558472,100699.296875
3822598071,100696.609375
3822638921,100697.828125
3822679350,100699.609375
3822719405,100702.296875
3822759445,100704.656250
3822799330,100705.109375
3822839999,100705.406250
3822880426,100703.171875
3822920742,100705.734375
3822960527,100705.609375
3823000131,100704.187500
3823040759,100704.546875
3823080309,100703.281250
3823120356,100704.796875
3823160342,100704.828125
3823200765,100702.015625
3823240752,100702.078125
3823281088,100702.718750
3823321444,100707.281250
3823361682,100706.468750
3823401246,100708.203125
3823441836,100706.031250
3823481322,100705.109375
3823521385,100705.609375
3823561426,100706.687500
3823601841,100706.093750
3823641390,100703.984375
3823682005,100700.593750
3823722026,100699.265625
3823762847,100697.296875
3823802408,100698.296875
3823842954,100696.453125
3823882447,100695.984375
3823922422,100694.093750
3823962985,100694.109375
3824002789,100692.765625
3824042276,100692.468750
3824082618,100692.375000
3824122847,100690.671875
3824163369,100689.078125
3824203770,100690.953125
3824244274,100690.656250
3824284358,100692.343750
3824324915,100692.250000
3824364665,100692.562500
3824404201,100693.906250
3824444490,100694.875000
3824484610,100696.953125
3824524523,100695.703125
3824564262,100696.656250
3824607389,100697.031250
3824647282,100698.562500
3824687420,100699.859375
3824727455,100699.953125
3824767522,100699.968750
3824807010,100701.859375
3824847721,100701.578125
3824887870,100702.718750
3824927910,100705.562500
3824967136,100705.796875
3825007513,100706.343750
3825047675,100708.156250
3825087791,100709.250000
3825128032,100709.843750
3825169172,100712.031250
3825209289,100712.046875
3825249466,100711.562500
3825289499,100711.468750
3825330029,100713.703125
3825370077,100713.750000
3825410504,100714.140625
3825450687,100713.703125
3825490318,100714.078125
3825530546,100711.796875
3825570559,100713.937500
3825610246,100713.093750
3825650143,100715.828125
3825690239,100717.421875
3825733618,100715.296875
3825773551,100713.281250
3825813521,100710.609375
3825853218,100711.578125
3825893035,100712.765625
3825933148,100713.640625
3825973012,100713.265625
3826013009,100709.078125
3826053094,100707.843750
3826092999,100706.828125
3826133006,100708.609375
3826172999,100709.328125
3826213001,100707.312500
3826253159,100706.500000
3826293012,100705.546875
3826333043,100706.140625
3826373158,100706.843750
3826413021,100707.234375
3826453013,100706.968750
3826493021,100706.156250
3826533025,100708.187500
3826573023,100707.046875
3826613013,100707.453125
3826653080,100706.859375
3826693028,100708.515625
3826733016,100710.734375
3826773062,100710.250000
3826813183,100711.546875
3826853481,100708.734375
3826893009,100710.609375
3826933009,100710.390625
3826973009,100710.218750
3827013018,100711.046875
3827053114,100709.406250
3827093014,100708.062500
3827133010,100708.625000
3827173011,100707.718750
3827213072,100709.031250
3827253202,100709.406250
3827293017,100707.140625
3827333016,100707.296875
3827373004,100707.500000
3827413339,100707.281250
3827453035,100706.812500
3827493020,100706.250000
3827533023,100707.093750
3827573016,100707.562500
3827613005,100710.437500
3827653166,100711.406250
3827693016,100712.046875
3827733009,100710.984375
3827773010,100710.046875
3827813004,100710.671875
3827853138,100708.265625
3827893012,100709.718750
3827933022,100709.343750
3827973016,100709.796875
3828013008,100711.312500
3828053070,100708.468750
3828093084,100711.859375
3828133006,100710.187500
3828173019,100710.718750
3828213020,100712.671875
3828253170,100712.812500
3828293025,100713.312500
3828333026,100713.328125
3828373011,100711.468750
3828413000,100711.156250
3828453065,100711.437500
3828493022,100714.859375
3828533106,100715.921875
3828573018,100716.437500
3828613011,100714.937500
3828653144,100715.312500
3828693018,100715.687500
3828733355,100717.984375
3828773028,100721.187500
3828813019,100723.031250
3828853174,100721.484375
3828893006,100720.875000
3828933054,100721.593750
3828973112,100723.734375
3829013018,100723.390625
3829053068,100722.687500
3829093018,100719.968750
3829133008,100718.703125
3829173028,100718.062500
3829213013,100719.812500
3829253137,100720.812500
3829293002,100719.921875
3829333005,100719.890625
3829373009,100718.359375
3829413118,100716.703125
3829453253,100716.203125
3829493023,100714.781250
3829533026,100717.656250
3829573017,100717.906250
3829613020,100720.359375
3829653068,100718.921875
3829693003,100718.765625
3829733028,100719.968750
3829773012,100719.046875
3829813014,100717.859375
3829853157,100718.437500
3829893001,100718.750000
3829933019,100718.656250
3829973007,100717.625000
3830013003,100717.968750
3830054231,100716.140625
3830094007,100716.093750
3830134027,100716.062500
3830174039,100718.031250
3830214166,100717.046875
3830254098,100718.781250
3830294022,100716.812500
3830334012,100715.859375
3830374025,100714.296875
3830414015,100713.750000
3830454164,100714.562500
3830494001,100712.031250
3830534006,100712.796875
3830574017,100714.468750
3830614404,100709.437500
3830654238,100710.875000
3830694028,100707.171875
3830734015,100707.250000
3830774018,100704.812500
3830814013,100707.906250
3830854254,100709.812500
3830894027,100710.421875
3830934023,100707.031250
3830974001,100704.328125
3831014016,100706.031250
3831054162,100708.921875
3831094007,100712.859375
3831134014,100712.890625
3831174023,100712.109375
3831214012,100711.656250
3831254017,100712.578125
3831294026,100714.343750
3831334012,100716.000000
3831374006,100716.078125
3831414019,100716.171875
3831454194,100716.125000
3831494092,100715.718750
3831534184,100716.171875
3831574012,100715.375000
3831614027,100714.875000
3831654000,100713.046875
3831694007,100711.812500
3831734022,100713.609375
3831774017,100713.109375
3831814001,100712.000000
3831854147,100711.031250
3831894019,100710.781250
3831934443,100712.437500
3831974024,100712.968750
3832014024,100715.125000
3832054086,100714.765625
3832094003,100715.734375
3832134020,100715.609375
3832174020,100715.171875
3832214016,100714.500000
3832254240,100715.234375
3832294016,100714.140625
3832334013,100714.265625
3832374113,100714.703125
3832414032,100714.250000
3832454440,100715.781250
3832494014,100716.593750
3832534016,100717.468750
3832574023,100717.734375
3832614013,100717.968750
3832654182,100718.625000
3832694017,100716.531250
3832734013,100713.578125
3832774026,100715.453125
3832814125,100716.234375
3832854427,100716.281250
3832894007,100714.859375
3832934022,100714.187500
3832974024,100714.000000
3833014008,100712.593750
3833054200,100713.703125
3833094000,100713.140625
3833134027,100713.531250
3833174027,100712.765625
3833214002,100712.187500
3833255396,100714.859375
3833295016,100713.968750
3833335025,100717.296875
3833375017,100717.968750
3833415026,100717.328125
3833455028,100720.609375
3833495001,100720.484375
3833535023,100722.078125
3833575041,100720.937500
3833615168,100723.000000
3833655280,100725.515625
3833695020,100725.250000
3833735012,100722.640625
3833775009,100719.875000
3833815335,100722.125000
3833855282,100722.953125
3833895015,100723.062500
3833935015,100723.562500
3833975003,100722.609375
3834015056,100720.546875
3834055362,100720.500000
3834095028,100720.531250
3834135008,100718.609375
3834175025,100718.640625
3834215017,100719.140625
3834255096,100719.359375
3834295005,100720.015625
3834335011,100717.375000
3834375025,100716.265625
3834415006,100716.250000
3834455294,100717.625000
3834495007,100719.062500
3834535017,100717.593750
3834575020,100716.843750
3834615001,100716.984375
3834655176,100716.187500
3834695022,100713.406250
3834735019,100714.468750
3834775022,100713.359375
3834815003,100712.234375
3834855023,100712.828125
3834895090,100713.484375
3834935011,100713.500000
3834975010,100710.718750
3835015009,100710.265625
3835055163,100709.812500
3835095012,100710.140625
3835135342,100710.937500
3835175007,100713.890625
3835215013,100714.796875
3835255088,100714.203125
3835295027,100714.546875
3835335074,100714.640625
3835375017,100714.765625
3835415018,100714.359375
3835455138,100714.640625
3835495006,100716.828125
3835535008,100717.390625
3835575027,100716.921875
3835615016,100718.265625
3835655277,100718.468750
3835695005,100718.500000
3835735016,100717.265625
3835775090,100716.406250
3835815026,100714.937500
3835855330,100714.937500
3835895008,100714.062500
3835935027,100713.078125
3835975006,100712.218750
3836015027,100711.843750
3836055068,100712.656250
3836095018,100713.250000
3836135008,100714.515625
3836175003,100715.421875
3836215110,100716.187500
3836255012,100712.437500
3836295003,100711.875000
3836335002,100712.781250
3836375025,100714.265625
3836415014,100714.890625
3836456342,100716.937500
3836496023,100715.468750
3836536027,100714.609375
3836576144,100713.984375
3836616000,100715.203125
3836656064,100715.625000
3836696024,100716.625000
3836736007,100716.750000
3836776009,100718.031250
3836816024,100717.953125
3836856233,100719.718750
3836895999,100719.593750
3836936019,100717.593750
3836976039,100718.218750
3837016484,100719.515625
3837056021,100722.281250
3837096018,100722.718750
3837136005,100722.640625
3837176027,100724.390625
3837216010,100724.421875
3837256268,100725.375000
3837296001,100724.015625
3837336009,100723.640625
3837376017,100724.078125
3837416061,100721.593750
3837456215,100724.531250
3837496000,100726.562500
3837536002,100727.062500
3837576000,100727.687500
3837615999,100726.453125
3837656018,100727.453125
3837696022,100728.281250
3837736014,100729.921875
3837776006,100730.312500
3837816026,100730.734375
3837856054,100730.953125
3837896165,100730.140625
3837936011,100729.000000
3837976016,100728.390625
3838016011,100728.046875
3838056012,100725.687500
3838096018,100726.953125
3838136007,100727.812500
3838176021,100729.437500
3838216014,100728.343750
3838256036,100728.593750
3838296073,100726.046875
3838336512,100723.640625
3838376009,100724.250000
3838416022,100724.687500
3838456001,100726.187500
3838496003,100728.078125
3838536020,100722.781250
3838575999,100724.562500
3838616017,100722.875000
3838656007,100723.140625
3838696024,100724.953125
3838736091,100728.187500
3838776017,100729.531250
3838816008,100729.390625
3838856012,100727.406250
3838895999,100726.343750
3838936002,100728.406250
3838976013,100729.453125
3839016018,100731.062500
3839056029,100730.203125
3839096012,100727.812500
3839136015,100729.156250
3839176102,100730.125000
3839216000,100729.593750
3839256101,100731.109375
3839295999,100730.046875
3839336027,100728.468750
3839376027,100728.500000
3839416027,100731.140625
3839456006,100730.796875
3839496025,100729.953125
3839536009,100729.359375
3839576009,100731.281250
3839616108,100731.625000
3839656523,100733.328125
3839696004,100734.656250
3839736000,100733.281250
3839776023,100732.625000
3839816004,100733.187500
3839856023,100733.062500
3839896007,100734.390625
3839936011,100733.515625
3839976022,100733.875000
3840016009,100733.953125
3840056228,100733.015625
3840096020,100733.265625
3840136001,100732.609375
3840176018,100732.000000
3840216002,100731.515625
3840256141,100730.515625
3840296008,100733.437500
3840336020,100733.656250
3840376008,100732.640625
3840416026,100732.937500
3840456035,100732.078125
3840496124,100733.437500
3840536020,100733.234375
3840576012,100733.890625
3840616018,100732.406250
3840656007,100733.203125
3840696012,100735.140625
3840736021,100735.218750
3840776025,100735.546875
3840816024,100734.187500
3840856010,100732.875000
3840896013,100731.984375
3840936146,100731.375000
3840976507,100734.515625
3841016017,100733.765625
3841056019,100733.890625
3841096024,100731.000000
3841136028,100733.015625
3841176004,100732.593750
3841216022,100734.281250
3841256042,100735.312500
3841296026,100737.578125
3841336027,100739.937500
3841376150,100739.468750
3841416006,100739.937500
3841456009,100739.484375
3841496015,100740.421875
3841536007,100745.875000
3841576016,100747.343750
3841616024,100746.875000
3841656141,100745.734375
3841696003,100744.703125
3841736027,100745.937500
3841776043,100748.703125
3841816169,100748.750000
3841856050,100750.265625
3841896022,100749.437500
3841936013,100749.375000
3841976024,100751.562500
3842016026,100752.515625
3842056043,100750.390625
3842096016,100747.500000
3842136028,100746.640625
3842176014,100746.703125
3842216068,100745.906250
3842256182,100745.000000
3842296505,100741.250000
3842336014,100742.921875
3842376008,100741.593750
3842416005,100740.890625
3842456039,100740.453125
3842496016,100739.468750
3842536001,100739.843750
3842576006,100739.953125
3842616005,100740.281250
3842656200,100740.421875
3842696180,100740.078125
3842736004,100740.828125
3842776023,100739.750000
3842816006,100741.218750
3842856084,100740.859375
3842896023,100740.031250
3842936028,100739.281250
3842976003,100736.500000
3843016001,100735.968750
3843056359,100736.843750
3843096083,100736.500000
3843136186,100737.375000
3843176000,100735.906250
3843216023,100736.937500
3843256051,100737.359375
3843296007,100738.296875
3843336021,100738.281250
3843376022,100737.140625
3843416022,100736.640625
3843456132,100738.312500
3843496025,100738.968750
3843536088,100740.140625
3843576017,100738.937500
3843616499,100737.875000
3843656045,100739.625000
3843696008,100735.875000
3843736021,100738.343750
3843776003,100737.546875
3843816012,100739.156250
3843856131,100739.125000
3843896000,100741.109375
3843936013,100739.953125
3843976164,100738.765625
3844016000,100737.734375
3844056038,100738.046875
3844096005,100735.562500
3844136007,100738.640625
3844176001,100737.812500
3844216010,100739.234375
3844256111,100740.296875
3844296000,100740.359375
3844336028,100741.015625
3844376030,100741.171875
3844416104,100740.656250
3844456212,100741.453125
3844496015,100744.250000
3844536003,100744.140625
3844576006,100742.625000
3844616024,100740.031250
3844656077,100737.609375
3844696008,100737.015625
3844736029,100737.390625
3844776009,100737.859375
3844816011,100738.062500
3844856164,100738.671875
3844896008,100739.968750
3844936515,100739.859375
3844976007,100740.812500
3845016013,100739.906250
3845056060,100738.468750
3845096014,100739.296875
3845136003,100740.500000
3845176005,100740.203125
3845216007,100739.828125
3845256217,100740.562500
3845296130,100739.015625
3845336020,100738.718750
3845376017,100740.218750
3845416000,100739.453125
3845456040,100739.312500
3845496028,100737.500000
3845536004,100737.093750
3845576008,100733.546875
3845616022,100728.187500
3845656170,100717.593750
3845696042,100704.281250
3845736148,100695.953125
3845776006,100692.421875
3845816021,100694.562500
3845856078,100700.921875
3845896016,100709.906250
3845936027,100715.218750
3845976022,100720.890625
3846016019,100722.734375
3846056121,100721.515625
3846096012,100725.140625
3846136050,100724.281250
3846176160,100727.000000
3846216018,100723.937500
3846256927,100723.578125
3846296010,100723.562500
3846336026,100723.781250
3846376019,100727.281250
3846416019,100729.828125
3846456119,100731.250000
3846496008,100731.781250
3846536020,100730.625000
3846576067,100729.062500
3846616172,100730.078125
3846656358,100732.046875
3846696010,100735.875000
3846736015,100736.000000
3846776023,100735.140625
3846816026,100735.421875
3846856038,100735.156250
3846896007,100737.546875
3846936027,100739.687500
3846976005,100738.875000
3847016067,100737.046875
3847056226,100734.531250
3847096022,100734.718750
3847135999,100735.015625
3847176023,100734.093750
3847216027,100732.062500
3847256067,100731.500000
3847296011,100729.531250
3847336023,100728.265625
3847376000,100730.718750
3847416028,100728.937500
3847456135,100730.218750
3847496174,100730.046875
3847536008,100731.234375
3847576512,100731.078125
3847616015,100733.968750
3847656028,100733.609375
3847696005,100731.734375
3847735999,100731.578125
3847776014,100733.000000
3847816026,100734.234375
3847856175,100733.718750
3847896087,100734.156250
3847936009,100733.828125
3847976019,100733.140625
3848016002,100731.421875
3848056057,100728.250000
3848096001,100728.546875
3848136007,100728.921875
3848176025,100729.859375
3848216013,100733.656250
3848256260,100734.500000
3848296003,100734.562500
3848336080,100733.953125
3848376006,100733.000000
3848416008,100730.109375
3848456054,100731.250000
3848496026,100733.156250
3848536020,100733.265625
3848576012,100731.718750
3848616020,100728.828125
3848656139,100727.515625
3848696028,100728.968750
3848736023,100731.359375
3848776115,100732.765625
3848816029,100734.125000
3848856043,100733.828125
3848896500,100734.375000
3848936026,100731.046875
3848976002,100731.109375
3849016003,100733.234375
3849056042,100735.140625
3849096007,100733.531250
3849136014,100730.687500
3849176026,100729.093750
3849216102,100727.328125
3849256231,100731.875000
3849296018,100731.859375
3849336013,100731.078125
3849376025,100729.609375
3849416009,100728.328125
3849456073,100728.109375
3849496001,100728.046875
3849535999,100730.781250
3849576014,100728.937500
3849616011,100727.031250
3849656375,100725.750000
3849696028,100727.718750
3849736028,100729.265625
3849776028,100726.484375
3849816023,100726.156250
3849856177,100727.468750
3849896014,100728.750000
3849936000,100731.078125
3849976015,100734.390625
3850016009,100736.406250
3850056127,100737.546875
3850096126,100741.203125
3850136023,100740.281250
3850176028,100741.421875
3850216496,100741.062500
3850256094,100740.828125
3850296007,100741.734375
3850336023,100739.484375
3850376004,100738.250000
3850416017,100736.500000
3850456116,100737.406250
3850496037,100738.500000
3850536162,100736.156250
3850576006,100738.875000
3850616007,100737.015625
3850656063,100737.171875
3850696009,100738.125000
3850736011,100738.765625
3850776007,100736.437500
3850816023,100737.156250
3850856146,100736.437500
3850896023,100736.406250
3850936042,100733.421875
3850976162,100733.593750
3851016027,100734.250000
3851056028,100734.046875
3851096025,100734.171875
3851136006,100734.203125
3851176020,100736.093750
3851216009,100735.390625
3851256210,100736.250000
3851296023,100738.562500
3851336018,100740.062500
3851376050,100740.234375
3851416163,100739.656250
3851456076,100739.765625
3851496014,100740.000000
3851536502,100737.859375
3851576020,100738.281250
3851616004,100740.906250
3851656004,100741.328125
3851696027,100742.203125
3851736028,100737.515625
3851776022,100737.812500
3851816072,100735.500000
3851856215,100737.953125
3851896014,100739.000000
3851936025,100738.234375
3851976006,100735.765625
3852016001,100736.859375
3852056025,100738.875000
3852096001,100736.156250
3852136002,100738.296875
3852176003,100738.031250
3852216005,100738.031250
3852256311,100737.078125
3852296001,100739.062500
3852336003,100737.375000
3852376019,100736.515625
3852416009,100736.734375
3852456006,100738.375000
3852496023,100739.250000
3852536007,100739.390625
3852576002,100738.171875
3852616008,100739.234375
3852656139,100738.546875
3852696102,100739.890625
3852736007,100738.015625
3852776003,100735.312500
3852816024,100733.546875
3852856362,100733.859375
3852896001,100735.875000
3852936005,100735.187500
3852976028,100735.906250
3853016025,100734.703125
3853056077,100734.734375
3853096021,100736.515625
3853136086,100738.046875
3853176007,100739.171875
3853216012,100740.984375
3853256238,100739.328125
3853296020,100739.921875
3853336005,100738.890625
3853376011,100740.156250
3853416008,100741.078125
3853456136,100741.796875
3853496012,100740.796875
3853536022,100741.437500
3853576111,100744.328125
3853616015,100742.859375
3853656077,100745.093750
3853696017,100743.859375
3853736000,100747.171875
3853776028,100746.140625
3853816023,100745.531250
3853856087,100746.656250
3853896029,100746.000000
3853936020,100746.953125
3853976013,100747.718750
3854016106,100748.937500
3854056030,100749.890625
3854096028,100749.296875
3854136025,100749.906250
3854176359,100747.859375
3854216006,100749.281250
3854256080,100746.093750
3854296024,100744.687500
3854336020,100744.671875
3854376003,100747.390625
3854416016,100748.000000
3854456201,100745.484375
3854496006,100743.921875
3854536015,100742.890625
3854576010,100743.015625
3854616006,100746.375000
3854656010,100745.656250
3854696000,100743.953125
3854736011,100743.390625
3854776025,100744.000000
3854816019,100743.625000
3854856196,100747.171875
3854896140,100745.640625
3854936017,100743.265625
3854976001,100744.484375
3855016004,100744.484375
3855056010,100745.000000
3855096003,100745.703125
3855136018,100743.359375
3855176016,100743.031250
3855216002,100742.453125
3855256085,100744.468750
3855296039,100743.656250
3855336145,100742.468750
3855376016,100739.703125
3855416005,100735.703125
3855456017,100732.609375
3855496339,100729.562500
3855536015,100730.890625
3855576024,100734.703125
3855616027,100734.921875
3855656013,100738.921875
3855696013,100739.234375
3855736049,100739.250000
3855776175,100737.375000
3855816009,100736.687500
3855856014,100738.234375
3855896007,100739.187500
3855936010,100740.578125
3855976008,100738.531250
3856016025,100737.515625
3856056026,100736.375000
3856096018,100737.687500
3856136022,100737.671875
3856176059,100738.859375
3856216167,100738.968750
3856256498,100739.421875
3856296007,100741.328125
3856336010,100743.000000
3856376026,100744.796875
3856416013,100747.546875
3856456029,100748.875000
3856496004,100750.859375
3856536023,100750.937500
3856576021,100750.078125
3856616066,100752.609375
3856656198,100751.437500
3856696019,100750.890625
3856736015,100749.093750
3856776023,100750.578125
3856816345,100750.375000
3856856017,100749.812500
3856896009,100747.000000
3856936024,100745.062500
3856976022,100745.156250
3857016004,100741.500000
3857056095,100740.406250
3857096010,100739.796875
3857136008,100740.125000
3857176021,100742.015625
3857216000,100744.921875
3857256173,100744.734375
3857296023,100744.328125
3857336022,100743.828125
3857376008,100745.296875
3857416019,100745.031250
3857456076,100746.265625
3857496089,100747.843750
3857535999,100748.437500
3857576021,100751.546875
3857616022,100752.750000
3857656023,100752.328125
3857696017,100751.484375
3857735999,100752.375000
3857776019,100754.734375
3857816004,100755.343750
3857856015,100755.203125
3857896015,100755.375000
3857936106,100753.765625
3857976013,100755.546875
3858016015,100756.656250
3858056017,100757.687500
3858096021,100757.968750
3858136341,100755.890625
3858176003,100753.343750
3858216002,100751.687500
3858256111,100750.703125
3858296010,100750.609375
3858336029,100749.203125
3858376118,100747.593750
3858416007,100747.312500
3858456000,100748.437500
3858496010,100749.703125
3858536027,100747.109375
3858576026,100744.500000
3858616007,100743.984375
3858656019,100745.625000
3858696027,100745.312500
3858736027,100745.484375
3858776018,100746.687500
3858816121,100745.812500
3858856013,100747.453125
3858896003,100746.500000
3858936007,100747.531250
3858976010,100746.687500
3859016007,100745.906250
3859056003,100751.343750
3859096000,100749.562500
3859136004,100753.031250
3859176019,100749.984375
3859216021,100753.390625
3859256376,100751.187500
3859296028,100751.734375
3859336019,100750.515625
3859376015,100752.640625
3859416003,100753.500000
3859456360,100752.796875
3859496000,100749.437500
3859536015,100745.640625
3859576001,100745.890625
3859616023,100748.968750
3859656226,100751.250000
3859696137,100750.531250
3859736018,100750.156250
3859776012,100749.359375
3859816023,100748.062500
3859856156,100750.687500
3859896003,100749.906250
3859936023,100747.828125
3859976004,100747.187500
3860016018,100747.734375
3860056027,100750.171875
3860096048,100749.515625
3860136150,100750.031250
3860176016,100748.953125
3860216000,100747.578125
3860256002,100750.140625
3860296016,100750.031250
3860336019,100751.171875
3860376026,100751.343750
3860416027,100749.515625
3860456053,100747.687500
3860496017,100748.609375
3860536061,100749.062500
3860576179,100747.796875
3860616021,100747.359375
3860656000,100745.671875
3860696018,100745.406250
3860736016,100745.937500
3860776361,100744.250000
3860816022,100745.453125
3860856064,100745.687500
3860896000,100745.296875
3860936011,100744.984375
3860976057,100745.890625
3861016000,100746.890625
3861056026,100746.125000
3861096017,100745.609375
3861136022,100745.437500
3861176014,100745.109375
3861216020,100747.546875
3861256000,100749.140625
3861296022,100749.671875
3861336017,100749.328125
3861376151,100748.312500
3861416080,100748.015625
3861456234,100747.109375
3861496024,100748.125000
3861536013,100747.953125
3861576006,100748.671875
3861616023,100751.140625
3861656017,100750.625000
3861696008,100752.718750
3861736017,100745.656250
3861776013,100748.234375
3861816023,100747.171875
3861856077,100749.156250
3861896004,100746.421875
3861936011,100747.609375
3861976014,100749.187500
3862016010,100748.015625
3862056021,100745.453125
3862096339,100743.468750
3862136019,100746.125000
3862176025,100749.734375
3862216019,100752.015625
3862256067,100750.953125
3862296105,100750.718750
3862336000,100751.515625
3862376007,100752.812500
3862416000,100753.546875
3862456027,100753.656250
3862496007,100750.437500
3862536005,100750.578125
3862576014,100749.234375
3862616024,100750.078125
3862656087,100750.828125
3862696002,100748.781250
3862736103,100747.968750
3862776029,100745.953125
3862816018,100746.562500
3862856269,100746.984375
3862896016,100748.968750
3862936024,100747.906250
3862976019,100746.734375
3863016018,100748.234375
3863056266,100747.234375
3863096026,100746.515625
3863136006,100745.421875
3863176126,100745.234375
3863216023,100745.671875
3863256370,100746.343750
3863296012,100745.843750
3863336016,100746.687500
3863376007,100746.703125
3863416334,100746.812500
3863456036,100749.640625
3863496012,100750.140625
3863536024,100749.187500
3863576026,100748.093750
3863616136,100747.625000
3863656033,100747.593750
3863696010,100748.781250
3863736018,100749.015625
3863776023,100748.687500
3863816012,100746.625000
3863856084,100745.171875
3863896012,100744.906250
3863936001,100746.031250
3863976009,100746.390625
3864016017,100744.046875
3864056180,100743.953125
3864096025,100743.765625
3864136023,100745.062500
3864176023,100745.093750
3864216000,100745.984375
3864256266,100748.093750
3864296003,100749.953125
3864336003,100749.968750
3864376011,100751.171875
3864416010,100752.703125
3864456074,100750.750000
3864496150,100752.343750
3864536015,100751.390625
3864576025,100751.984375
3864615999,100752.062500
3864656027,100753.984375
3864696009,100756.093750
3864736355,100757.468750
3864776002,100755.703125
3864816026,100756.765625
3864856070,100757.140625
3864896040,100758.015625
3864936249,100759.265625
3864976025,100756.968750
3865016015,100755.687500
3865056019,100755.453125
3865096013,100755.156250
3865136017,100755.656250
3865176016,100755.343750
3865216021,100753.859375
3865256141,100753.015625
3865296005,100751.640625
3865336117,100751.890625
3865376182,100750.687500
3865416006,100749.937500
3865456017,100749.421875
3865496020,100751.156250
3865536002,100752.328125
3865576009,100753.437500
3865616023,100751.906250
3865656074,100752.156250
3865696009,100755.000000
3865736014,100754.906250
3865776070,100757.687500
3865816175,100755.812500
3865856018,100754.765625
3865896004,100752.843750
3865936006,100752.828125
3865976001,100756.234375
3866016026,100757.171875
3866056381,100756.906250
3866096021,100755.328125
3866136013,100754.156250
3866176009,100755.015625
3866216085,100754.984375
3866256189,100758.515625
3866296021,100756.843750
3866336027,100758.171875
3866376002,100757.437500
3866416006,100756.109375
3866456120,100757.078125
3866496021,100758.140625
3866536020,100757.593750
3866576025,100757.625000
3866616013,100759.734375
3866656126,100762.015625
3866696006,100761.984375
3866736009,100761.890625
3866776009,100760.203125
3866816001,100759.765625
3866856003,100760.781250
3866896020,100764.359375
3866936007,100761.109375
3866976005,100762.093750
3867016018,100757.937500
3867056137,100757.265625
3867096100,100757.500000
3867136015,100758.640625
3867176010,100759.921875
3867216013,100758.093750
3867256047,100755.000000
3867296008,100755.171875
3867336001,100758.359375
3867376346,100763.453125
3867416020,100764.031250
3867456030,100761.781250
3867496012,100759.968750
3867536128,100758.968750
3867576008,100759.906250
3867616012,100762.640625
3867656025,100762.203125
3867696003,100760.937500
3867736024,100758.578125
3867776008,100758.890625
3867816024,100756.671875
3867856062,100755.687500
3867896002,100755.265625
3867936015,100753.859375
3867976137,100754.531250
3868016022,100756.703125
3868056022,100757.062500
3868096000,100757.375000
3868136007,100755.796875
3868176012,100756.046875
3868216007,100757.437500
3868256033,100756.890625
3868296015,100757.734375
3868336027,100758.468750
3868376031,100758.546875
3868416148,100758.390625
3868455999,100756.656250
3868496012,100753.750000
3868536016,100748.546875
3868576016,100746.921875
3868616020,100748.765625
3868656024,100752.406250
3868696338,100755.234375
3868736015,100758.093750
3868776015,100756.515625
3868816049,100756.812500
3868856176,100756.687500
3868896023,100758.843750
3868936008,100761.250000
3868976015,100764.750000
3869016008,100762.265625
3869056007,100760.515625
3869096020,100762.546875
3869136000,100761.640625
3869176020,100761.187500
3869216000,100763.031250
3869256125,100764.656250
3869296164,100765.062500
3869336028,100767.421875
3869376010,100766.578125
3869416005,100768.625000
3869456290,100767.250000
3869496016,100768.578125
3869536016,100768.109375
3869576005,100766.718750
3869616001,100767.703125
3869656047,100767.609375
3869696044,100768.593750
3869736177,100768.109375
3869776006,100765.281250
3869816013,100765.343750
3869856082,100764.859375
3869896024,100767.562500
3869936030,100768.296875
3869976001,100767.062500
3870016361,100766.109375
3870056041,100763.906250
3870096020,100765.437500
3870136068,100764.890625
3870176182,100766.687500
3870216021,100766.812500
3870256402,100765.546875
3870296002,100765.890625
3870336004,100764.593750
3870376023,100764.796875
3870416025,100761.312500
3870456087,100760.218750
3870496009,100760.640625
3870536008,100761.468750
3870576088,100764.015625
3870616187,100763.593750
3870656029,100763.140625
3870696007,100764.062500
3870736017,100762.515625
3870776002,100763.609375
3870816002,100761.875000
3870856021,100761.812500
3870896020,100760.921875
3870936013,100761.984375
3870976015,100763.171875
3871016103,100763.828125
3871056007,100763.953125
3871096004,100761.968750
3871136017,100761.109375
3871176002,100760.718750
3871216005,100763.250000
3871256001,100764.265625
3871296019,100764.500000
3871336359,100763.984375
3871376014,100763.281250
3871416006,100763.593750
3871456114,100764.500000
3871496021,100765.031250
3871536008,100765.765625
3871576001,100764.984375
3871616000,100764.718750
3871656001,100764.968750
3871696000,100765.359375
3871736021,100766.625000
3871776013,100765.359375
3871816017,100765.921875
3871856076,100763.656250
3871896116,100764.890625
3871935999,100764.765625
3871976013,100764.843750
3872016016,100766.593750
3872056013,100764.968750
3872096010,100765.078125
3872136006,100763.812500
3872176020,100767.515625
3872216017,100766.859375
3872256046,100764.109375
3872296006,100762.859375
3872336134,100762.640625
3872376013,100764.953125
3872416004,100767.140625
3872456028,100765.687500
3872496004,100764.562500
3872536022,100766.937500
3872576020,100765.984375
3872616002,100769.843750
3872656420,100770.468750
3872696024,100768.640625
3872736021,100768.375000
3872776123,100766.765625
3872816003,100768.156250
3872856091,100768.703125
3872896028,100768.937500
3872936012,100769.875000
3872976014,100768.343750
3873016028,100767.937500
3873056084,100768.625000
3873096016,100767.531250
3873136017,100768.281250
3873176018,100767.375000
3873216149,100765.781250
3873256304,100764.453125
3873296001,100762.296875
3873336015,100764.828125
3873376022,100764.515625
3873416013,100764.640625
3873456004,100765.671875
3873496015,100762.750000
3873536022,100763.187500
3873576019,100761.578125
3873616049,100762.640625
3873656171,100761.921875
3873696020,100761.421875
3873736025,100762.187500
3873776012,100761.312500
3873816010,100762.984375
3873856021,100763.421875
3873896017,100763.453125
3873936002,100763.375000
3873976351,100763.250000
3874016026,100765.671875
3874056051,100765.546875
3874096162,100765.250000
3874136014,100764.593750
3874176007,100761.406250
3874216019,100759.703125
3874256139,100760.750000
3874296027,100761.078125
3874336022,100764.375000
3874376018,100763.281250
3874416003,100765.421875
3874456018,100764.203125
3874496060,100766.296875
3874536011,100763.156250
3874575999,100763.718750
3874616017,100761.312500
3874656010,100760.968750
3874696025,100765.031250
3874736019,100766.218750
3874776014,100764.218750
3874816019,100763.000000
3874856020,100762.468750
3874896016,100764.265625
3874936086,100765.015625
3874976002,100762.062500
3875016011,100762.890625
3875056024,100761.078125
3875096011,100763.328125
3875136013,100764.875000
3875176010,100764.859375
3875216008,100766.171875
3875256078,100765.968750
3875296337,100769.093750
3875336005,100769.281250
3875376088,100768.218750
3875416025,100768.625000
3875456019,100765.593750
3875496013,100767.968750
3875536026,100769.671875
3875576014,100767.703125
3875616010,100769.578125
3875656004,100768.343750
3875696019,100767.265625
3875736007,100770.078125
3875776003,100770.421875
3875816139,100768.937500
3875856004,100769.734375
3875896024,100769.390625
3875936026,100770.609375
3875976013,100770.015625
3876016014,100770.171875
3876056293,100767.265625
3876096009,100766.156250
3876136008,100764.375000
3876176006,100765.171875
3876216011,100765.937500
3876256159,100764.609375
3876296032,100765.656250
3876336024,100763.921875
3876376015,100765.796875
3876416009,100764.593750
3876456221,100765.343750
3876496014,100767.171875
3876536099,100768.234375
3876576014,100767.609375
3876616355,100768.078125
3876656183,100768.390625
3876696115,100767.953125
3876736023,100770.250000
3876776023,100773.515625
3876816018,100773.281250
3876856089,100774.078125
3876896022,100773.781250
3876936008,100771.718750
3876976012,100772.546875
3877016020,100770.125000
3877056101,100770.656250
3877096015,100771.859375
3877136183,100774.843750
3877176015,100774.593750
3877216006,100772.578125
3877256026,100767.375000
3877296028,100768.140625
3877336018,100770.437500
3877376001,100776.312500
3877416027,100775.640625
3877456092,100774.968750
3877496014,100775.828125
3877536016,100775.265625
3877576151,100777.062500
3877616012,100778.781250
3877656014,100778.484375
3877696021,100777.671875
3877736004,100775.812500
3877776023,100775.500000
3877816010,100777.453125
3877856099,100776.531250
3877896003,100775.953125
3877936359,100776.890625
3877976049,100778.234375
3878016141,100780.625000
3878056089,100781.250000
3878096026,100779.796875
3878136027,100779.406250
3878176000,100778.562500
3878216021,100780.500000
3878256094,100779.109375
3878296001,100781.093750
3878336001,100780.531250
3878376007,100780.531250
3878416060,100781.062500
3878456168,100780.203125
3878496027,100782.640625
3878536025,100781.968750
3878576027,100783.078125
3878616000,100783.859375
3878656068,100783.500000
3878696019,100784.781250
3878736014,100784.140625
3878776025,100783.843750
3878816010,100784.421875
3878856239,100783.437500
3878896171,100786.890625
3878936027,100786.796875
3878976015,100787.718750
3879016006,100787.593750
3879056063,100784.468750
3879096026,100784.125000
3879136020,100784.203125
3879176022,100785.750000
3879216000,100788.906250
3879256865,100789.046875
3879296058,100790.000000
3879336013,100791.375000
3879376028,100789.828125
3879416008,100790.203125
3879456254,100789.250000
3879496005,100789.359375
3879536007,100788.203125
3879576022,100789.765625
3879616018,100787.906250
3879656182,100788.421875
3879696022,100786.796875
3879736095,100787.421875
3879776003,100788.546875
3879816017,100791.359375
3879856017,100793.281250
3879896014,100790.015625
3879936012,100790.015625
3879976017,100789.359375
3880016017,100792.468750
3880056103,100797.937500
3880096021,100797.515625
3880136015,100797.187500
3880176107,100795.953125
3880216001,100795.203125
3880256042,100796.421875
3880296002,100796.109375
3880336025,100796.390625
3880376010,100794.859375
3880416016,100792.718750
3880456027,100792.843750
3880496023,100788.671875
3880536015,100783.750000
3880576357,100777.953125
3880616115,100774.546875
3880656052,100774.109375
3880696017,100776.656250
3880736007,100780.875000
3880776000,100781.703125
3880816025,100783.109375
3880856015,100783.171875
3880896026,100780.781250
3880936022,100781.718750
3880976019,100782.562500
3881016022,100783.453125
3881056170,100783.250000
3881096003,100781.687500
3881136027,100783.046875
3881176017,100784.109375
3881216012,100783.640625
3881256097,100785.156250
3881296000,100784.000000
3881336006,100786.234375
3881376009,100787.343750
3881416020,100784.515625
3881456230,100786.390625
3881496128,100787.593750
3881536018,100790.093750
3881576026,100788.218750
3881616015,100792.734375
3881656064,100790.781250
3881696027,100790.515625
3881736024,100791.593750
3881776005,100791.093750
3881816004,100792.625000
3881856114,100793.390625
3881896364,100792.218750
3881936140,100786.187500
3881976013,100786.734375
3882016020,100788.093750
3882056085,100787.562500
3882096025,100789.703125
3882136005,100786.703125
3882176004,100782.718750
3882216020,100786.125000
3882256033,100787.734375
3882296008,100790.156250
3882336114,100792.125000
3882376156,100793.453125
3882416009,100795.187500
3882456022,100796.703125
3882496012,100801.609375
3882536013,100804.656250
3882576025,100805.984375
3882616020,100806.453125
3882656328,100805.859375
3882695999,100808.593750
3882736067,100808.937500
3882776046,100806.562500
3882816150,100807.046875
3882856318,100807.234375
3882896007,100809.484375
3882936024,100809.140625
3882976009,100809.375000
3883016002,100809.218750
3883056267,100809.484375
3883096009,100810.359375
3883136011,100812.343750
3883176003,100814.375000
3883216381,100815.359375
3883256266,100814.953125
3883296011,100813.343750
3883336011,100813.343750
3883376027,100812.843750
3883416004,100810.875000
3883456035,100809.734375
3883496027,100806.812500
3883536006,100803.406250
3883576000,100800.140625
3883616024,100794.109375
3883656130,100791.359375
3883696176,100791.562500
3883736027,100794.140625
3883776000,100799.140625
3883816019,100799.609375
3883856064,100802.453125
3883896006,100802.593750
3883936004,100804.156250
3883976005,100802.531250
3884016004,100800.718750
3884056133,100802.687500
3884096091,100803.390625
3884136010,100805.328125
3884176007,100804.406250
3884216021,100804.765625
3884256013,100804.187500
3884296013,100801.906250
3884336015,100803.500000
3884376002,100802.843750
3884416027,100804.921875
3884456227,100808.062500
3884496002,100806.687500
3884536421,100810.046875
3884576008,100806.531250
3884616024,100807.468750
3884656013,100806.671875
3884696027,100805.796875
3884736026,100805.656250
3884776003,100803.671875
3884816009,100803.046875
3884856158,100802.937500
3884896026,100802.015625
3884936018,100802.828125
3884976114,100804.578125
3885016028,100805.718750
3885056056,100807.140625
3885096026,100806.296875
3885136004,100804.375000
3885176012,100804.781250
3885216011,100806.031250
3885256220,100806.484375
3885296003,100804.890625
3885336014,100802.156250
3885376003,100801.515625
3885416123,100799.078125
3885456032,100797.890625
3885496009,100796.640625
3885536002,100795.265625
3885576019,100793.125000
3885616028,100790.906250
3885656058,100791.359375
3885696017,100791.718750
3885736014,100790.281250
3885776023,100791.343750
3885816009,100790.359375
3885856526,100788.093750
3885896024,100786.484375
3885936010,100785.593750
3885976025,100784.609375
3886016022,100782.375000
3886056210,100783.421875
3886096020,100782.468750
3886136016,100785.093750
3886176002,100785.031250
3886216024,100785.734375
3886256249,100786.375000
3886296196,100788.046875
3886336021,100788.468750
3886376009,100788.562500
3886416006,100791.265625
3886456018,100792.640625
3886496028,100791.875000
3886536007,100794.515625
3886576014,100795.593750
3886616015,100799.625000
3886656160,100800.031250
3886696019,100798.578125
3886736142,100797.671875
3886776017,100798.109375
3886816021,100796.875000
3886856050,100797.562500
3886896000,100797.734375
3886936022,100794.312500
3886976027,100797.859375
3887016001,100796.421875
3887056158,100797.187500
3887096003,100793.765625
3887136031,100792.609375
3887176500,100792.781250
3887216016,100791.890625
3887256135,100790.093750
3887296018,100790.984375
3887336024,100792.359375
3887376014,100794.078125
3887416012,100792.296875
3887456100,100791.125000
3887496021,100791.000000
3887536009,100791.093750
3887576056,100794.296875
3887616179,100793.875000
3887656095,100792.250000
3887696022,100790.046875
3887736018,100791.515625
3887776028,100792.546875
3887816028,100791.875000
3887856047,100790.859375
3887896019,100791.375000
3887936003,100792.890625
3887976014,100794.968750
3888016070,100794.781250
3888056231,100793.843750
3888096003,100791.093750
3888136017,100790.640625
3888176027,100789.953125
3888216007,100789.687500
3888256196,100789.906250
3888296023,100788.765625
3888336021,100789.687500
3888376012,100789.312500
3888416013,100789.437500
3888456155,100789.203125
3888496504,100789.375000
3888536023,100791.328125
3888576002,100792.171875
3888616005,100788.859375
3888656052,100790.468750
3888696029,100790.343750
3888736015,100792.296875
3888776009,100792.203125
3888816001,100793.171875
3888856161,100794.328125
3888896089,100794.437500
3888936002,100792.218750
3888976003,100792.703125
3889016020,100793.046875
3889056088,100792.281250
3889096016,100793.109375
3889136000,100791.609375
3889176010,100791.031250
3889216024,100790.687500
3889256496,100791.531250
3889296027,100793.171875
3889336094,100793.406250
3889376016,100794.750000
3889416025,100794.546875
3889456031,100794.140625
3889496027,100794.953125
3889536014,100794.109375
3889576010,100793.062500
3889616000,100789.093750
3889656198,100789.343750
3889696004,100787.062500
3889736007,100788.171875
3889776123,100789.312500
3889816502,100790.609375
3889856002,100791.812500
3889896026,100791.125000
3889936006,100791.078125
3889976006,100790.453125
3890016021,100793.140625
3890056000,100792.812500
3890096005,100792.046875
3890136008,100790.765625
3890176020,100787.250000
3890216134,100783.609375
3890256281,100781.765625
3890296023,100784.093750
3890336023,100787.484375
3890376015,100790.265625
3890416018,100790.609375
3890456022,100792.250000
3890496001,100794.281250
3890536011,100795.500000
3890576015,100796.109375
3890616019,100797.703125
3890656128,100795.859375
3890696024,100797.156250
3890736007,100798.812500
3890776023,100801.218750
3890816022,100800.656250
3890856010,100801.125000
3890896016,100802.031250
3890936025,100802.765625
3890976015,100804.359375
3891016010,100804.937500
3891056028,100806.484375
3891096145,100804.781250
3891136507,100805.031250
3891176006,100805.062500
3891215999,100806.609375
3891256138,100806.781250
3891296007,100805.984375
3891336003,100805.734375
3891376019,100804.906250
3891416015,100803.703125
3891456023,100803.500000
3891496030,100801.562500
3891536162,100799.421875
3891576020,100799.515625
3891616028,100799.046875
3891656016,100796.890625
3891696021,100793.984375
3891736029,100794.062500
3891776025,100792.234375
3891816019,100792.812500
3891856002,100792.703125
3891896026,100792.140625
3891936054,100792.218750
3891976155,100792.171875
3892016021,100792.500000
3892056014,100792.953125
3892096020,100792.250000
3892136026,100790.359375
3892176010,100792.812500
3892216005,100794.718750
3892256228,100796.750000
3892296013,100797.125000
3892336018,100798.484375
3892376067,100793.078125
3892416183,100793.859375
3892456512,100792.078125
3892496020,100794.687500
3892536019,100795.625000
3892576004,100798.000000
3892616012,100797.437500
3892656054,100801.921875
3892696012,100799.625000
3892736011,100800.250000
3892776005,100800.437500
3892816155,100801.718750
3892856195,100802.203125
3892896006,100800.312500
3892936005,100797.093750
3892976009,100795.218750
3893016001,100791.703125
3893056027,100791.750000
3893096008,100789.218750
3893136022,100787.890625
3893176000,100784.875000
3893216004,100786.453125
3893256094,100790.468750
3893295999,100789.593750
3893335999,100789.781250
3893376001,100787.578125
3893416028,100788.625000
3893456014,100790.218750
3893496020,100790.015625
3893536002,100791.343750
3893576017,100791.062500
3893616010,100792.890625
3893656059,100792.765625
3893696085,100794.265625
3893736017,100794.890625
3893776493,100796.562500
3893816003,100797.203125
3893856008,100798.187500
3893896015,100798.765625
3893936027,100798.218750
3893976020,100798.687500
3894016010,100800.296875
3894056051,100802.718750
3894096022,100803.093750
3894136120,100805.312500
3894176012,100803.531250
3894216000,100803.296875
3894256080,100803.453125
3894296003,100800.921875
3894335999,100801.531250
3894376005,100802.796875
3894416012,100800.906250
3894456102,100799.937500
3894496013,100796.281250
3894536017,100795.796875
3894576107,100797.500000
3894616013,100801.750000
3894656026,100804.546875
3894696008,100807.484375
3894736018,100810.437500
3894776006,100809.968750
3894816012,100810.453125
3894856029,100812.234375
3894896004,100810.812500
3894936013,100811.187500
3894976024,100810.671875
3895016144,100810.843750
3895056022,100810.046875
3895096516,100810.703125
3895136022,100812.234375
3895176017,100812.375000
3895216006,100810.187500
3895256259,100807.250000
3895296006,100805.421875
3895336014,100808.593750
3895376011,100809.359375
3895416031,100809.468750
3895456164,100808.578125
3895496019,100808.046875
3895536001,100808.156250
3895576024,100806.984375
3895616018,100807.625000
3895656027,100807.109375
3895696003,100807.312500
3895736028,100806.906250
3895776019,100804.062500
3895816027,100802.359375
3895856280,100799.125000
3895896164,100796.296875
3895936012,100793.578125
3895976001,100797.500000
3896016000,100800.890625
3896056103,100802.875000
3896096020,100803.593750
3896136008,100801.328125
3896176004,100802.828125
3896216004,100800.937500
3896256058,100800.109375
3896296043,100796.218750
3896336179,100791.296875
3896376019,100784.609375
3896416498,100783.343750
3896456003,100784.578125
3896496028,100788.703125
3896536022,100789.312500
3896576026,100789.250000
3896616010,100788.562500
3896656077,100788.531250
3896696014,100787.265625
3896736063,100788.078125
3896776322,100785.953125
3896816016,100783.046875
3896856042,100783.625000
3896896000,100784.875000
3896936022,100784.750000
3896976007,100782.890625
3897016007,100782.390625
3897056071,100784.203125
3897096009,100784.312500
3897136016,100784.328125
3897176074,100781.109375
3897216012,100780.437500
3897256431,100783.656250
3897296000,100784.546875
3897336002,100786.187500
3897376020,100788.609375
3897416013,100786.015625
3897456022,100787.750000
3897496017,100787.031250
3897536017,100790.687500
3897576007,100789.234375
3897616091,100785.187500
3897656018,100784.421875
3897696005,100786.703125
3897736512,100789.578125
3897776017,100791.156250
3897816013,100790.078125
3897856004,100787.953125
3897896005,100786.656250
3897936006,100786.828125
3897976005,100788.000000
3898016000,100784.421875
3898056082,100780.953125
3898096014,100783.437500
3898136015,100789.171875
3898176027,100790.218750
3898216028,100791.640625
3898256165,100789.015625
3898296019,100787.968750
3898336022,100785.578125
3898376016,100786.015625
3898416006,100785.218750
3898456057,100787.093750
3898496104,100784.906250
3898536032,100783.015625
3898576010,100782.125000
3898616022,100780.765625
3898656022,100781.281250
3898696010,100782.375000
3898736003,100788.765625
3898776004,100795.062500
3898816001,100797.640625
3898856055,100796.937500
3898896006,100797.375000
3898936108,100792.875000
3898976018,100792.328125
3899016009,100790.218750
3899056489,100788.875000
3899096027,100787.781250
3899136026,100786.125000
3899176013,100783.859375
3899216019,100782.000000
3899256094,100782.968750
3899296024,100784.078125
3899336019,100786.390625
3899376120,100787.437500
3899416009,100786.750000
3899456107,100788.109375
3899496009,100789.515625
3899536026,100787.203125
3899576017,100784.984375
3899616019,100785.921875
3899656034,100787.578125
3899696013,100788.093750
3899736022,100790.656250
3899776018,100788.406250
3899816126,100790.421875
3899856015,100790.484375
3899896027,100787.671875
3899936008,100786.218750
3899976019,100782.718750
3900016019,100782.609375
3900056005,100782.062500
3900096018,100781.984375
3900136000,100784.734375
3900176025,100784.718750
3900216047,100787.062500
3900256165,100784.359375
3900296017,100784.546875
3900336010,100781.500000
3900376495,100781.062500
3900416007,100777.375000
3900456006,100774.468750
3900496003,100778.671875
3900536003,100781.046875
3900576019,100782.234375
3900615999,100783.093750
3900656073,100783.953125
3900696157,100783.562500
3900736008,100786.578125
3900776024,100786.328125
3900816025,100785.718750
3900856026,100788.031250
3900896020,100789.218750
3900936014,100791.046875
3900976023,100792.656250
3901016017,100794.984375
3901056004,100795.250000
3901096066,100795.171875
3901136186,100792.203125
3901176024,100794.031250
3901216024,100790.312500
3901256251,100790.984375
3901296009,100791.453125
3901336021,100792.843750
3901376007,100795.218750
3901416021,100796.453125
3901456056,100797.765625
3901496022,100798.687500
3901536059,100797.140625
3901576003,100799.796875
3901616022,100799.906250
3901656022,100801.546875
3901696340,100800.437500
3901736005,100798.812500
3901776029,100799.265625
3901816002,100796.000000
3901856062,100795.656250
3901896017,100799.765625
3901936010,100800.859375
3901976082,100803.187500
3902016004,100804.125000
3902056026,100806.203125
3902096021,100809.593750
3902136007,100811.062500
3902175999,100809.671875
3902216023,100809.234375
3902256035,100808.593750
3902296012,100809.562500
3902336010,100806.250000
3902376028,100806.062500
3902416111,100806.000000
3902456305,100808.109375
3902496016,100808.984375
3902536015,100805.984375
3902576026,100802.937500
3902616005,100799.500000
3902656132,100802.578125
3902696007,100803.671875
3902736029,100805.265625
3902776018,100804.046875
3902816014,100803.390625
3902856317,100804.640625
3902896025,100807.156250
3902936005,100808.906250
3902976007,100806.828125
3903016354,100806.187500
3903056000,100806.187500
3903096009,100804.093750
3903136007,100806.703125
3903176026,100806.281250
3903216025,100805.015625
3903256208,100804.500000
3903296310,100801.890625
3903336026,100804.000000
3903376010,100803.140625
3903416007,100801.750000
3903456012,100801.609375
3903496016,100801.125000
3903536001,100802.093750
3903576015,100801.531250
3903616002,100801.296875
3903656040,100801.640625
3903696054,100800.890625
3903736122,100802.187500
3903776014,100802.156250
3903816017,100802.328125
3903856019,100801.046875
3903896013,100800.031250
3903936010,100800.609375
3903976006,100801.062500
3904016006,100802.250000
3904056002,100800.515625
3904096000,100802.781250
3904136034,100802.390625
3904176151,100800.734375
3904216002,100802.078125
3904256408,100802.671875
3904296008,100801.859375
3904336335,100800.265625
3904376005,100801.734375
3904416019,100802.687500
3904456021,100803.718750
3904496008,100800.687500
3904536014,100798.875000
3904576032,100799.109375
3904616151,100799.734375
3904656005,100801.734375
3904696010,100801.546875
3904736012,100804.328125
3904776018,100803.343750
3904816007,100804.718750
3904856019,100805.015625
3904896009,100805.156250
3904936024,100806.093750
3904976008,100805.906250
3905016037,100807.578125
3905056167,100807.140625
3905096010,100808.859375
3905136003,100810.109375
3905176014,100809.843750
3905216000,100808.312500
3905256253,100807.750000
3905296023,100806.609375
3905336011,100807.515625
3905376010,100808.875000
3905416024,100808.390625
3905456059,100807.171875
3905496182,100805.218750
3905536001,100807.734375
3905576005,100808.000000
3905616026,100808.218750
3905656359,100806.937500
3905696021,100807.484375
3905736004,100808.687500
3905776017,100810.812500
3905816017,100812.468750
3905856283,100811.718750
3905896079,100811.546875
3905936172,100811.875000
3905976015,100812.906250
3906016025,100815.312500
3906056163,100817.250000
3906096008,100817.687500
3906136001,100816.546875
3906176000,100813.078125
3906216028,100813.453125
3906256121,100815.046875
3906296015,100818.593750
3906336092,100817.078125
3906376021,100816.343750
3906416002,100815.375000
3906456009,100816.640625
3906496005,100817.031250
3906536016,100817.031250
3906576026,100816.359375
3906616025,100814.609375
3906656024,100813.750000
3906696002,100815.312500
3906736021,100816.984375
3906776102,100818.656250
3906816016,100818.875000
3906856021,100818.312500
3906896006,100821.562500
3906936008,100822.281250
3906976349,100820.875000
3907016024,100819.640625
3907056010,100819.578125
3907096027,100822.265625
3907136016,100825.375000
3907176010,100825.906250
3907216103,100825.843750
3907256281,100824.203125
3907296021,100823.875000
3907336025,100825.187500
3907376011,100825.937500
3907416028,100825.234375
3907456004,100823.000000
3907496026,100823.921875
3907536003,100823.015625
3907576016,100824.390625
3907616007,100821.890625
3907656115,100822.218750
3907696020,100820.625000
3907736008,100822.687500
3907776016,100825.031250
3907816007,100823.625000
3907856006,100821.625000
3907896021,100821.296875
3907936025,100819.718750
3907976020,100822.921875
3908016001,100825.515625
3908056027,100826.125000
3908096116,100825.890625
3908136029,100824.140625
3908176003,100823.390625
3908216006,100824.437500
3908256088,100824.468750
3908296354,100827.843750
3908336009,100826.140625
3908376015,100827.281250
3908416016,100826.640625
3908456018,100826.343750
3908496017,100825.625000
3908536145,100826.156250
3908576017,100828.000000
3908616024,100827.015625
3908656018,100828.046875
3908696006,100828.796875
3908736020,100828.421875
3908776004,100830.500000
3908816014,100829.609375
3908856014,100828.437500
3908896011,100829.078125
3908936029,100829.156250
3908976156,100829.625000
3909016017,100830.312500
3909056100,100831.156250
3909096004,100828.968750
3909136026,100828.687500
3909176015,100829.312500
3909216017,100829.578125
3909256210,100832.453125
3909296004,100830.671875
3909336012,100829.406250
3909376041,100831.109375
3909416162,100831.093750
3909456007,100832.390625
3909496002,100832.484375
3909536017,100832.734375
3909576028,100834.031250
3909616359,100834.484375
3909656019,100836.031250
3909695999,100835.156250
3909736003,100830.656250
3909776009,100828.531250
3909816071,100827.968750
3909856184,100829.578125
3909896019,100832.453125
3909936021,100831.250000
3909976024,100831.953125
3910016023,100830.125000
3910056012,100831.453125
3910096009,100833.531250
3910136014,100832.671875
3910176024,100834.000000
3910216021,100836.828125
3910256276,100836.546875
3910296000,100835.296875
3910336005,100831.656250
3910376011,100830.390625
3910416013,100833.734375
3910456006,100836.046875
3910496014,100838.109375
3910536022,100834.953125
3910576007,100834.328125
3910616006,100835.171875
3910656017,100834.187500
3910696078,100835.609375
3910736186,100837.328125
3910776007,100838.375000
3910816019,100836.812500
3910856014,100835.906250
3910896013,100836.250000
3910936340,100835.281250
3910976005,100835.906250
3911016010,100837.140625
3911056058,100837.562500
3911096000,100837.578125
3911136095,100838.890625
3911176026,100840.515625
3911216018,100839.093750
3911256215,100836.921875
3911296005,100837.078125
3911336007,100837.093750
3911376000,100838.140625
3911416028,100838.328125
3911456190,100837.968750
3911496024,100838.187500
3911536018,100837.578125
3911576112,100839.312500
3911616017,100839.109375
3911656070,100838.812500
3911696018,100841.718750
3911735999,100841.687500
3911776001,100842.078125
3911816026,100842.500000
3911856086,100841.250000
3911896014,100843.218750
3911936011,100842.906250
3911976022,100842.406250
3912016127,100843.031250
3912056245,100841.187500
3912096027,100842.609375
3912136027,100841.343750
3912176028,100838.796875
3912216024,100838.671875
3912256833,100837.125000
3912296021,100835.640625
3912336020,100839.609375
3912376011,100840.953125
3912416011,100844.703125
3912456314,100845.890625
3912496032,100844.562500
3912536019,100843.015625
3912576008,100838.953125
3912616007,100838.906250
3912656203,100842.656250
3912696004,100844.484375
3912736014,100844.218750
3912776000,100837.656250
3912816009,100832.734375
3912856177,100832.312500
3912896140,100835.343750
3912936011,100844.250000
3912976008,100845.312500
3913016005,100844.265625
3913056061,100840.593750
3913096003,100841.093750
3913136000,100846.265625
3913176027,100846.000000
3913216027,100849.031250
3913256234,100847.671875
3913296025,100847.968750
3913336148,100852.406250
3913376015,100853.578125
3913416018,100855.343750
3913456033,100853.812500
3913496025,100851.968750
3913536012,100853.812500
3913576335,100856.843750
3913616014,100857.265625
3913656266,100855.843750
3913696025,100856.906250
3913736002,100857.484375
3913776216,100858.640625
3913816030,100860.328125
3913856047,100859.671875
3913896017,100860.546875
3913936026,100858.453125
3913976020,100859.578125
3914016010,100860.468750
3914056148,100861.359375
3914096008,100862.390625
3914136025,100863.437500
3914176079,100863.500000
3914216154,100863.937500
3914256285,100864.203125
3914296026,100866.171875
3914336018,100866.140625
3914376029,100865.375000
3914416030,100866.437500
3914456067,100866.593750
3914496019,100866.640625
3914536024,100867.031250
3914576008,100868.171875
3914616036,100868.953125
3914656834,100869.625000
3914696007,100870.515625
3914736008,100870.609375
3914776018,100871.921875
3914816006,100872.953125
3914856207,100873.281250
3914896341,100872.968750
3914936003,100873.656250
3914976026,100873.375000
3915016021,100875.140625
3915056302,100875.531250
3915096022,100875.125000
3915136004,100876.500000
3915176017,100876.125000
3915216006,100876.671875
3915256270,100878.750000
3915296022,100877.578125
3915336002,100879.343750
3915376012,100879.093750
3915416012,100878.781250
3915456041,100880.921875
3915496063,100879.328125
3915536011,100880.500000
3915576009,100881.015625
3915616006,100882.093750
3915656521,100882.640625
3915696008,100883.453125
3915736009,100882.531250
3915775999,100884.609375
3915816025,100883.171875
3915856275,100883.812500
3915896020,100885.453125
3915936059,100886.046875
3915976004,100887.187500
3916016028,100887.031250
3916056098,100887.484375
3916096029,100887.937500
3916136022,100888.625000
3916176025,100887.906250
3916216377,100887.593750
3916256027,100888.765625
3916296006,100889.687500
3916336001,100889.000000
3916376080,100891.031250
3916416032,100890.203125
3916456004,100891.125000
3916496004,100891.625000
3916536021,100890.984375
3916576002,100891.828125
3916616008,100890.343750
3916656178,100890.375000
3916696030,100889.812500
3916736014,100889.000000
3916776010,100888.875000
3916816087,100886.984375
3916856385,100886.312500
3916896000,100886.375000
3916936007,100886.656250
3916976019,100887.625000
3917016012,100887.859375
3917056140,100889.296875
3917096020,100890.671875
3917136002,100891.125000
3917176005,100893.062500
3917216029,100891.937500
3917256370,100890.828125
3917296030,100892.734375
3917336006,100891.640625
3917376001,100892.937500
3917416014,100893.078125
3917456185,100893.921875
3917496019,100895.250000
3917536346,100895.781250
3917576026,100895.718750
3917616007,100896.984375
3917656070,100895.828125
3917696118,100897.578125
3917736021,100896.890625
3917776015,100899.015625
3917816012,100900.640625
3917856132,100900.156250
3917896001,100900.468750
3917936003,100902.000000
3917976030,100902.156250
3918016015,100903.093750
3918056260,100902.609375
3918096030,100901.390625
3918136128,100900.953125
3918176021,100900.781250
3918216009,100901.187500
3918256238,100900.562500
3918296025,100901.406250
3918336000,100901.906250
3918376012,100902.562500
3918416028,100904.609375
3918456047,100907.593750
3918496012,100904.187500
3918536034,100902.468750
3918576130,100899.937500
3918616016,100902.140625
3918656198,100904.296875
3918696025,100908.562500
3918736028,100909.328125
3918775999,100912.015625
3918816012,100907.578125
3918856688,100904.281250
3918896015,100905.671875
3918936014,100911.453125
3918976040,100915.093750
3919016157,100913.343750
3919056027,100910.109375
3919096029,100906.140625
3919136024,100908.796875
3919176009,100910.281250
3919216032,100912.375000
3919256250,100911.921875
3919296028,100909.328125
3919336012,100909.531250
3919376023,100910.671875
3919416035,100913.687500
3919456288,100914.421875
3919496006,100912.203125
3919536018,100909.718750
3919575999,100911.468750
3919616003,100913.828125
3919656095,100917.609375
3919696003,100918.203125
3919736016,100915.953125
3919776015,100914.062500
3919816012,100912.421875
3919856228,100915.156250
3919896018,100917.906250
3919936015,100917.937500
3919976028,100917.843750
3920016031,100915.218750
3920056123,100915.531250
3920096028,100916.109375
3920136029,100919.921875
3920176358,100919.515625
3920216030,100918.671875
3920256039,100918.375000
3920296084,100919.671875
3920336018,100919.781250
3920376026,100920.312500
3920416029,100921.484375
3920456194,100921.109375
3920496002,100921.671875
3920536032,100922.203125
3920576016,100923.359375
3920616003,100923.109375
3920656013,100921.312500
3920696047,100922.031250
3920736089,100923.234375
3920776026,100924.984375
3920816031,100923.062500
3920856162,100923.703125
3920896018,100924.531250
3920936012,100925.171875
3920976028,100924.671875
3921016011,100923.515625
3921055999,100924.578125
3921096021,100925.828125
3921136007,100926.593750
3921176087,100926.765625
3921216028,100925.734375
3921256394,100924.312500
3921296002,100926.390625
3921336020,100925.703125
3921376014,100928.671875
3921416019,100929.343750
3921456265,100928.671875
3921496359,100929.750000
3921536001,100929.015625
3921576002,100928.140625
3921616119,100929.125000
3921656263,100928.984375
3921696029,100927.796875
3921736002,100926.218750
3921776013,100927.218750
3921816023,100927.921875
3921856138,100929.843750
3921896023,100927.140625
3921936029,100930.781250
3921976006,100932.109375
3922016016,100932.765625
3922056209,100933.187500
3922096007,100934.203125
3922136016,100933.781250
3922176027,100933.531250
3922216017,100933.046875
3922256203,100934.921875
3922296012,100935.953125
3922336011,100936.500000
3922376027,100935.156250
3922416000,100934.953125
3922456201,100934.187500
3922496117,100935.093750
3922536024,100936.015625
3922576014,100936.625000
3922616021,100935.046875
3922656050,100932.328125
3922696011,100932.890625
3922736032,100932.140625
3922776865,100934.546875
3922816392,100937.015625
3922856074,100937.515625
3922896166,100937.750000
3922936261,100938.296875
3922976023,100939.312500
3923016029,100940.468750
3923056217,100940.000000
3923096016,100938.937500
3923136024,100940.484375
3923176010,100941.640625
3923216017,100939.453125
3923256017,100940.203125
3923296045,100939.328125
3923336170,100938.093750
3923376266,100939.750000
3923416034,100940.234375
3923456224,100941.906250
3923496000,100940.281250
3923536022,100941.578125
3923576021,100941.312500
3923616005,100943.265625
3923656081,100942.343750
3923696010,100940.859375
3923736058,100941.171875
3923776190,100939.953125
3923816271,100940.453125
3923856492,100940.671875
3923896030,100939.453125
3923936029,100941.296875
3923976003,100943.390625
3924016016,100946.156250
3924056165,100945.437500
3924096009,100945.984375
3924136008,100949.265625
3924176052,100949.796875
3924216644,100948.890625
3924256780,100949.046875
3924296341,100950.765625
3924339686,100949.718750
3924379384,100950.281250
3924419935,100949.718750
3924459815,100949.296875
3924499121,100949.109375
3924539216,100948.125000
3924579804,100945.281250
3924619913,100946.406250
3924659502,100945.734375
3924699195,100947.828125
3924739361,100948.281250
3924779361,100947.859375
3924819996,100949.921875
3924859936,100950.031250
3924902727,100949.546875
3924942696,100950.656250
3924983591,100950.500000
3925023006,100948.734375
3925063076,100950.656250
3925103907,100952.343750
3925143887,100951.109375
3925184255,100949.984375
3925224942,100948.625000
3925264505,100948.312500
3925304940,100949.140625
3925344965,100948.906250
3925384566,100947.875000
3925424232,100948.781250
3925467739,100950.406250
3925507865,100954.390625
3925547905,100953.328125
3925587738,100951.375000
3925627366,100952.562500
3925667929,100949.656250
3925707363,100950.562500
3925747419,100951.328125
3925787704,100954.390625
3925827467,100956.468750
3925867663,100957.187500
3925907827,100956.734375
3925947811,100959.046875
3925987393,100958.015625
3926027997,100956.546875
3926067113,100957.140625
3926107491,100956.156250
3926147415,100956.390625
3926187872,100957.921875
3926231191,100957.343750
3926271629,100960.390625
3926311763,100962.609375
3926351714,100962.281250
3926391299,100961.078125
3926431305,100961.234375
3926471432,100960.078125
3926511627,100961.984375
3926551342,100958.718750
3926593463,100961.406250
3926633292,100964.187500
3926673244,100963.234375
3926713676,100960.968750
3926754288,100961.843750
3926794850,100961.906250
3926834011,100965.390625
3926874408,100968.781250
3926914698,100968.546875
3926954997,100967.578125
3926994435,100968.234375
3927034410,100965.718750
3927074418,100967.187500
3927114658,100967.125000
3927154921,100966.562500
3927194049,100968.828125
3927234050,100970.781250
3927274323,100972.593750
3927314507,100971.187500
3927354853,100969.265625
3927394250,100969.328125
3927434237,100968.890625
3927475034,100968.453125
3927515245,100968.703125
3927559073,100969.703125
3927599238,100969.515625
3927639388,100971.171875
3927681163,100971.609375
3927724329,100971.765625
3927764286,100972.296875
3927804028,100972.625000
3927844299,100973.062500
3927884445,100973.609375
3927924830,100974.750000
3927964575,100978.359375
3928004067,100978.437500
3928044578,100977.156250
3928084067,100978.046875
3928124452,100977.203125
3928164224,100974.828125
3928204580,100975.390625
3928244253,100973.015625
3928286643,100973.031250
3928326452,100977.593750
3928366130,100976.406250
3928406126,100977.437500
3928446304,100975.687500
3928486137,100979.140625
3928526222,100977.859375
3928566773,100980.125000
3928606518,100984.328125
3928646234,100987.484375
3928686890,100984.671875
3928726292,100981.328125
3928767126,100981.453125
3928807438,100982.625000
3928849701,100987.140625
3928889577,100988.421875
3928929365,100985.765625
3928969133,100985.843750
3929009490,100985.734375
3929049326,100985.953125
3929089833,100986.140625
3929129609,100985.140625
3929169351,100984.375000
3929209645,100985.406250
3929249449,100987.046875
3929289369,100987.937500
3929329134,100988.687500
3929369411,100985.796875
3929409124,100987.906250
3929449812,100991.015625
3929489381,100991.375000
3929529177,100991.109375
3929569564,100989.093750
3929610603,100988.484375
3929650218,100990.156250
3929690742,100989.812500
3929730827,100993.718750
3929770208,100992.734375
3929810191,100991.281250
3929850906,100992.015625
3929890624,100990.546875
3929930460,100989.531250
3929970681,100990.453125
3930010681,100989.062500
3930050569,100990.203125
3930091088,100993.656250
3930131994,100995.125000
3930171718,100996.859375
3930211417,100994.125000
3930251551,100992.234375
3930291303,100993.625000
3930331921,100994.906250
3930371378,100995.953125
3930411668,100997.203125
3930451793,100997.078125
3930491119,100995.421875
3930532071,100996.078125
3930572104,100995.328125
3930612641,100995.828125
3930652156,100997.937500
3930692648,100996.171875
3930736150,100996.765625
3930776757,100997.953125
3930816072,100997.968750
3930856969,100999.750000
3930896225,101000.687500
3930936306,101002.406250
3930976337,101000.484375
3931016516,101000.328125
3931056501,100998.593750
3931101327,101001.359375
3931141779,101002.093750
3931181711,101001.406250
3931221754,101002.109375
3931265446,101001.812500
3931305378,101000.234375
3931346017,100998.734375
3931386419,100996.203125
3931430016,100995.765625
3931470582,101000.281250
3931511102,101001.562500
3931552506,101002.812500
3931593775,101004.187500
3931633217,101004.062500
3931674080,101005.296875
3931714626,101004.421875
3931754300,101001.703125
3931794442,101004.062500
3931834805,101004.296875
3931874870,101003.296875
3931915122,101003.437500
3931959301,101004.250000
3931999282,101004.312500
3932040026,101007.812500
3932080388,101010.812500
3932124009,101010.968750
3932164802,101013.296875
3932204314,101014.250000
3932245011,101012.109375
3932289719,101013.406250
3932329167,101012.796875
3932369891,101011.656250
3932409382,101012.984375
3932449887,101012.109375
3932489727,101012.703125
3932529410,101014.671875
3932569821,101014.328125
3932609128,101015.093750
3932649934,101014.687500
3932689069,101015.796875
3932729418,101014.468750
3932769968,101014.593750
3932809820,101013.390625
3932852708,101015.375000
3932892908,101015.203125
3932932775,101014.515625
3932972277,101017.609375
3933012037,101017.796875
3933052853,101017.859375
3933092385,101018.515625
3933132174,101016.156250
3933172574,101017.640625
3933212327,101019.906250
3933252135,101019.859375
3933292912,101019.437500
3933332750,101020.328125
3933372584,101019.875000
3933414088,101023.015625
3933454842,101022.312500
3933494612,101020.562500
3933534421,101022.250000
3933574356,101022.968750
3933614551,101023.437500
3933654107,101024.921875
3933695011,101022.828125
3933735174,101023.062500
3933775111,101024.468750
3933815169,101024.453125
3933855326,101025.406250
3933895486,101025.843750
3933935334,101024.968750
3933975778,101027.265625
3934015831,101027.125000
3934055069,101027.062500
3934095794,101027.890625
3934135249,101028.187500
3934177672,101028.937500
3934217599,101029.031250
3934257656,101029.328125
3934297191,101028.843750
3934337009,101028.640625
3934379198,101028.375000
3934419524,101030.046875
3934461163,101030.953125
3934501476,101030.859375
3934541295,101030.437500
3934581471,101028.656250
3934621281,101028.156250
3934661821,101028.359375
3934701657,101028.812500
3934741952,101031.531250
3934781572,101031.718750
3934821854,101030.296875
3934862361,101033.046875
3934902686,101032.375000
3934945096,101032.703125
3934985299,101033.375000
3935025219,101033.765625
3935066016,101032.953125
3935106209,101035.328125
3935146291,101034.453125
3935186465,101035.875000
3935227284,101034.656250
3935267540,101035.109375
3935309317,101035.015625
3935349962,101037.500000
3935389558,101036.765625
3935430133,101037.390625
3935470376,101038.812500
3935510428,101038.187500
3935550251,101039.250000
3935590408,101039.484375
3935630639,101038.828125
3935674607,101040.531250
3935714440,101040.265625
3935754491,101040.171875
3935794428,101041.953125
3935834988,101040.015625
3935874312,101041.359375
3935915126,101041.781250
3935955770,101043.140625
3935995577,101043.421875
3936037912,101043.781250
3936077504,101043.250000
3936117073,101043.765625
3936157107,101044.500000
3936197439,101044.109375
3936237685,101044.968750
3936277234,101045.953125
3936317477,101045.921875
3936357502,101045.421875
3936397819,101046.093750
3936438001,101046.296875
3936478839,101046.828125
3936518318,101045.984375
3936558200,101048.484375
3936598415,101048.109375
3936638188,101049.578125
3936679092,101049.265625
3936719296,101049.156250
3936759060,101050.265625
3936799222,101049.781250
3936839094,101051.218750
3936880010,101054.078125
3936920803,101052.734375
3936960545,101054.281250
3937002244,101053.671875
3937042548,101053.109375
3937083353,101054.062500
3937123098,101054.437500
3937163839,101051.609375
3937203763,101051.359375
3937243220,101051.390625
3937284084,101052.453125
3937324297,101053.703125
3937367210,101053.453125
3937407879,101052.171875
3937448157,101051.765625
3937488518,101051.437500
3937528267,101051.765625
3937569456,101052.984375
3937609220,101055.234375
3937649894,101054.250000
3937689304,101053.765625
3937732657,101054.843750
3937772853,101055.718750
3937812135,101054.187500
3937852438,101056.703125
3937892935,101055.875000
3937932587,101057.562500
3937972665,101058.906250
3938012404,101058.750000
3938052523,101060.593750
3938095740,101059.109375
3938135673,101058.078125
3938175488,101058.437500
3938215524,101060.750000
3938255809,101060.234375
3938295663,101059.828125
3938336012,101062.390625
3938376382,101061.953125
3938416409,101063.343750
3938460201,101062.296875
3938500777,101062.953125
3938540606,101063.328125
3938580302,101063.250000
3938620526,101065.578125
3938660961,101067.312500
3938701138,101065.609375
3938741288,101066.718750
3938781346,101067.640625
3938821542,101065.625000
3938861035,101067.484375
3938901742,101064.625000
3938941622,101062.812500
3938981508,101064.593750
3939021751,101064.515625
3939061292,101067.328125
3939102022,101067.765625
3939142767,101067.234375
3939182553,101069.078125
3939222171,101068.453125
3939262601,101068.453125
3939302393,101070.140625
3939342448,101069.546875
3939382636,101069.328125
3939422007,101069.453125
3939462448,101068.781250
3939503073,101070.578125
3939543578,101069.703125
3939583076,101068.281250
3939623441,101068.546875
3939663013,101067.796875
3939703694,101069.265625
3939743780,101069.812500
3939783852,101070.765625
3939823473,101070.078125
3939863615,101070.765625
3939903436,101071.593750
3939943503,101072.640625
3939983059,101072.156250
3940023358,101072.750000
3940063602,101071.671875
3940103102,101070.812500
3940143245,101072.906250
3940183692,101072.546875
3940223344,101073.671875
3940264162,101074.312500
3940305077,101073.906250
3940345174,101075.828125
3940385412,101073.859375
3940425765,101073.078125
3940465338,101074.031250
3940505946,101074.234375
3940545806,101077.328125
3940585124,101075.421875
3940625878,101076.828125
3940665135,101076.171875
3940706119,101075.250000
3940746519,101076.125000
3940786679,101077.312500
3940826446,101076.171875
3940866953,101077.718750
3940906535,101075.640625
3940946737,101075.765625
3940986367,101077.796875
3941026067,101077.015625
3941066219,101076.890625
3941106842,101077.156250
3941146641,101076.453125
3941186180,101080.390625
3941226483,101079.953125
3941267259,101078.906250
3941307269,101079.031250
3941347080,101078.187500
3941387455,101079.125000
3941427150,101079.343750
3941467289,101078.296875
3941507884,101078.500000
3941547702,101077.781250
3941587838,101079.546875
3941627711,101079.968750
3941667862,101079.593750
3941707368,101078.093750
3941747419,101078.406250
3941787268,101079.609375
3941829757,101080.765625
3941869948,101080.281250
3941909484,101079.781250
3941949622,101079.953125
3941989252,101080.187500
3942029321,101079.984375
3942069255,101080.171875
3942109763,101081.875000
3942149638,101079.953125
3942189172,101082.578125
3942229174,101082.515625
3942269719,101083.031250
3942309366,101081.765625
3942349493,101083.234375
3942389032,101082.109375
3942429009,101083.750000
3942469293,101084.656250
3942509800,101086.609375
3942549613,101084.843750
3942590712,101084.468750
3942630477,101084.531250
3942670979,101083.765625
3942710663,101087.640625
3942750896,101085.406250
3942790215,101083.468750
3942830398,101083.781250
3942870050,101081.593750
3942910619,101082.359375
3942950442,101083.593750
3942990541,101084.031250
3943030544,101085.687500
3943070817,101086.937500
3943110107,101086.718750
3943154586,101087.000000
3943194981,101086.406250
3943235996,101085.968750
3943275259,101085.828125
3943315639,101083.921875
3943355733,101084.218750
3943395582,101085.375000
3943436566,101084.906250
3943476942,101085.234375
3943520464,101085.343750
3943560049,101086.046875
3943600169,101086.406250
