# t_us, static pressure [Pa]
1337925289,92502.578125
1337965108,92503.156250
1338005001,92501.500000
1338046850,92502.703125
1338086001,92502.281250
1338126001,92502.015625
1338166001,92502.796875
1338205999,92502.609375
1338246406,92502.796875
1338286139,92501.500000
1338326001,92502.890625
1338365999,92502.484375
1338406000,92502.609375
1338446000,92502.843750
1338486002,92502.859375
1338526296,92503.000000
1338566113,92502.875000
1338606001,92502.406250
1338646000,92502.750000
1338686000,92502.390625
1338726002,92502.984375
1338766447,92503.062500
1338806263,92503.296875
1338846299,92502.062500
1338886002,92502.875000
1338926002,92503.109375
1338966000,92502.531250
1339006001,92502.296875
1339046413,92502.578125
1339086232,92502.515625
1339126049,92503.078125
1339166000,92502.468750
1339206002,92502.703125
1339245999,92502.453125
1339286000,92502.796875
1339326383,92502.828125
1339366198,92502.078125
1339406019,92502.359375
1339446002,92502.671875
1339486003,92502.000000
1339525999,92502.843750
1339566000,92502.218750
1339606352,92502.671875
1339646305,92502.437500
1339686001,92501.781250
1339726000,92501.890625
1339766002,92502.468750
1339806002,92502.281250
1339846001,92502.828125
1339888428,92502.640625
1339928002,92501.953125
1339968444,92502.500000
1340008264,92502.828125
1340048079,92502.453125
1340088034,92501.562500
1340128001,92503.140625
1340168001,92501.953125
1340208001,92502.765625
1340248415,92502.765625
1340288230,92502.156250
1340328049,92501.765625
1340368000,92502.046875
1340408000,92503.203125
1340448000,92501.531250
1340488002,92502.328125
1340528380,92502.250000
1340568199,92501.531250
1340608023,92501.921875
1340648000,92502.156250
1340687999,92501.937500
1340728000,92501.703125
1340768003,92502.234375
1340808353,92501.625000
1340848169,92501.296875
1340888000,92502.140625
1340928003,92502.218750
1340968004,92501.328125
1341008000,92502.453125
1341048001,92501.906250
1341088321,92502.203125
1341128139,92501.921875
1341168000,92502.468750
1341208002,92501.812500
1341248000,92502.859375
1341288001,92502.187500
1341328469,92502.296875
1341368290,92501.218750
1341408259,92502.125000
1341447999,92501.421875
1341488000,92502.171875
1341528001,92501.640625
1341568001,92502.734375
1341608590,92501.359375
1341648256,92501.437500
1341688078,92501.906250
1341730002,92501.281250
1341770200,92502.281250
1341810016,92502.437500
1341849999,92502.296875
1341889999,92501.796875
1341930002,92502.500000
1341970002,92501.750000
1342010351,92502.687500
1342050215,92502.312500
1342090000,92502.156250
1342129999,92502.328125
1342170000,92502.546875
1342210000,92501.984375
1342250001,92502.015625
1342290322,92501.906250
1342330361,92502.328125
1342370023,92501.218750
1342410000,92500.656250
1342450000,92501.593750
1342490001,92500.906250
1342530003,92501.609375
1342570291,92500.968750
1342610258,92502.031250
1342650000,92502.500000
1342690002,92501.421875
1342730002,92502.343750
1342770002,92502.093750
1342810591,92502.078125
1342850262,92501.750000
1342890077,92501.546875
1342930000,92502.187500
1342970000,92501.921875
1343010001,92501.656250
1343050000,92501.234375
1343090412,92501.468750
1343130363,92501.328125
1343170047,92501.296875
1343210000,92501.140625
1343250001,92501.250000
1343290000,92501.000000
1343330004,92501.562500
1343372486,92501.546875
1343412002,92501.750000
1343452002,92501.484375
1343492323,92501.843750
1343532140,92501.546875
1343572134,92502.156250
1343611999,92501.187500
1343652002,92501.296875
1343691999,92500.843750
1343732004,92501.265625
1343772293,92501.453125
1343812262,92500.781250
1343852000,92501.015625
1343892001,92500.921875
1343931999,92501.484375
1343972002,92501.218750
1344012640,92501.531250
1344052258,92501.171875
1344092078,92501.609375
1344132001,92501.234375
1344172000,92500.671875
1344212002,92501.640625
1344252002,92500.703125
1344292413,92500.875000
1344332277,92500.968750
1344372047,92501.468750
1344412000,92501.593750
1344452002,92501.812500
1344492002,92501.171875
1344532002,92501.203125
1344572384,92501.421875
1344612197,92501.671875
1344652062,92501.906250
1344692002,92501.453125
1344732002,92502.296875
1344772001,92501.843750
1344812001,92501.812500
1344852352,92501.296875
1344892170,92501.718750
1344932008,92502.265625
1344972011,92500.906250
1345012001,92501.890625
1345052000,92502.000000
1345092000,92501.296875
1345132322,92501.921875
1345172141,92501.593750
1345214065,92501.562500
1345254263,92501.187500
1345294081,92501.140625
1345334000,92501.718750
1345374001,92501.156250
1345414000,92502.765625
1345454000,92501.593750
1345494415,92502.750000
1345534231,92501.156250
1345574050,92501.109375
1345613999,92501.562500
1345654001,92501.890625
1345694000,92500.468750
1345734001,92502.390625
1345774382,92501.531250
1345814423,92501.359375
1345854020,92501.609375
1345894001,92501.500000
1345934003,92500.937500
1345974000,92502.328125
1346013999,92501.984375
1346054354,92501.562500
1346094171,92501.015625
1346134012,92501.875000
1346173999,92500.968750
1346214001,92501.468750
1346254003,92501.640625
1346294002,92502.875000
1346334321,92500.828125
1346374141,92501.531250
1346414001,92500.796875
1346453999,92501.500000
1346494002,92500.953125
1346534002,92501.031250
1346574000,92501.593750
1346614468,92500.781250
1346654110,92501.843750
1346694002,92501.359375
1346734002,92500.421875
1346774000,92502.000000
1346814000,92501.281250
1346856551,92501.656250
1346896001,92501.421875
1346936002,92500.656250
1346976386,92501.937500
1347016203,92501.296875
1347056109,92501.234375
1347096000,92500.937500
1347136001,92501.531250
1347176001,92502.031250
1347216000,92501.531250
1347256356,92500.593750
1347296173,92501.093750
1347336016,92501.312500
1347376002,92501.562500
1347416002,92500.828125
1347456001,92500.937500
1347496000,92501.234375
1347536322,92501.328125
1347576143,92502.109375
1347616002,92501.250000
1347656001,92501.562500
1347696002,92502.171875
1347736002,92501.843750
1347776001,92500.687500
1347816295,92501.875000
1347856115,92501.578125
1347896001,92501.078125
1347936000,92501.406250
1347976000,92501.250000
1348016000,92501.062500
1348056444,92501.859375
1348096265,92502.343750
1348136080,92501.500000
1348176004,92501.343750
1348216002,92502.421875
1348256002,92501.125000
1348296001,92501.359375
1348336413,92501.906250
1348376232,92500.609375
1348416051,92502.109375
1348456003,92502.156250
1348496002,92501.328125
1348536000,92501.937500
1348576002,92501.218750
1348616387,92501.609375
1348656202,92501.765625
1348698128,92501.484375
1348738329,92501.265625
1348778147,92501.812500
1348818000,92501.343750
1348857999,92501.250000
1348898002,92502.250000
1348938002,92501.015625
1348978001,92502.187500
1349018297,92501.125000
1349058115,92501.296875
1349098000,92501.687500
1349138004,92501.828125
1349178002,92502.906250
1349218002,92501.250000
1349258450,92501.015625
1349298489,92501.312500
1349338084,92501.234375
1349378002,92501.671875
1349418000,92501.953125
1349457999,92502.078125
1349498002,92502.093750
1349538417,92502.015625
1349578235,92501.125000
1349618054,92501.421875
1349658002,92502.468750
1349698001,92501.046875
1349738000,92501.609375
1349778004,92502.062500
1349818389,92501.750000
1349858204,92502.421875
1349898024,92502.250000
1349938000,92502.234375
1349978002,92501.234375
1350018002,92502.031250
1350058001,92501.968750
1350098491,92500.421875
1350138174,92501.906250
1350178015,92501.765625
1350218002,92501.875000
1350258002,92501.734375
1350298002,92502.234375
1350338003,92501.312500
1350378326,92502.046875
1350418145,92501.921875
1350458000,92502.484375
1350498002,92500.687500
1350539703,92501.859375
1350579000,92502.250000
1350619000,92501.781250
1350659002,92501.515625
1350699360,92501.484375
1350739353,92501.937500
1350779018,92502.140625
1350818999,92502.312500
1350858999,92501.781250
1350899001,92502.328125
1350939000,92501.562500
1350979327,92501.156250
1351019150,92502.000000
1351059002,92501.937500
1351099002,92501.500000
1351139000,92502.093750
1351179002,92501.468750
1351219000,92501.890625
1351259300,92501.937500
1351299117,92501.250000
1351339159,92502.578125
1351379001,92502.187500
1351419001,92500.593750
1351459000,92501.421875
1351499496,92501.359375
1351539270,92501.203125
1351579089,92502.203125
1351619000,92501.343750
1351659001,92501.406250
1351699001,92501.812500
1351739002,92502.609375
1351779420,92502.093750
1351819281,92502.750000
1351859055,92502.203125
1351899000,92502.234375
1351939000,92502.187500
1351979001,92501.218750
1352018999,92501.781250
1352059392,92501.125000
1352099207,92501.625000
1352139204,92500.734375
1352179002,92502.453125
1352219002,92501.828125
1352259000,92500.953125
1352298999,92501.390625
1352339361,92501.203125
1352381285,92501.750000
1352421003,92502.750000
1352461301,92501.234375
1352501118,92502.281250
1352541002,92501.312500
1352581000,92500.734375
1352621000,92501.562500
1352660999,92502.296875
1352701455,92501.359375
1352741275,92501.593750
1352781093,92500.656250
1352821003,92502.343750
1352861002,92501.250000
1352901000,92502.171875
1352941000,92501.515625
1352981644,92500.656250
1353021247,92501.375000
1353061061,92501.734375
1353101002,92502.296875
1353141000,92501.562500
1353182130,92501.515625
1353222001,92501.703125
1353262001,92501.640625
1353302535,92501.078125
1353342277,92501.281250
1353382341,92501.500000
1353422001,92500.593750
1353462001,92501.953125
1353502000,92502.312500
1353542000,92501.218750
1353582213,92501.875000
1353622243,92502.031250
1353662063,92501.203125
1353702000,92502.093750
1353742000,92501.562500
1353782002,92502.062500
1353822000,92501.875000
1353862395,92501.593750
1353902225,92502.265625
1353942034,92501.093750
1353982002,92501.156250
1354023777,92501.906250
1354062999,92502.109375
1354103000,92501.328125
1354143000,92501.328125
1354183214,92501.453125
1354223331,92501.468750
1354263065,92501.515625
1354303002,92501.906250
1354343000,92501.531250
1354383546,92501.109375
1354423001,92501.906250
1354463399,92501.171875
1354503215,92501.703125
1354543034,92501.890625
1354583106,92501.875000
1354623000,92501.812500
1354663001,92501.812500
1354703000,92501.859375
1354743366,92501.640625
1354783313,92501.062500
1354823223,92500.953125
1354863002,92501.546875
1354903000,92500.718750
1354943000,92500.031250
1354983002,92501.671875
1355023340,92501.593750
1355063154,92501.406250
1355103000,92501.125000
1355143002,92501.000000
1355183100,92501.250000
1355223000,92501.531250
1355263002,92501.515625
1355303308,92501.562500
1355343125,92501.500000
1355383000,92501.484375
1355423000,92501.984375
1355463001,92501.437500
1355503002,92500.968750
1355543458,92502.062500
1355583277,92501.515625
1355623231,92501.093750
1355663002,92501.875000
1355703002,92501.734375
1355743001,92501.890625
1355783000,92501.875000
1355823431,92500.468750
1355865355,92501.171875
1355905002,92501.046875
1355945373,92501.500000
1355985192,92501.562500
1356025012,92500.953125
1356065002,92500.765625
1356105002,92501.671875
1356145001,92501.703125
1356185001,92501.218750
1356225342,92500.640625
1356265160,92500.437500
1356305000,92501.140625
1356345000,92501.312500
1356385000,92502.078125
1356425000,92501.765625
1356465005,92501.015625
1356505314,92501.187500
1356545129,92501.468750
1356585002,92501.218750
1356625001,92500.359375
1356665000,92501.250000
1356705001,92501.343750
1356745464,92500.687500
1356785281,92501.718750
1356825104,92500.562500
1356865002,92501.421875
1356904999,92501.250000
1356945000,92500.890625
1356985002,92501.171875
1357025435,92501.765625
1357065252,92500.843750
1357105072,92501.156250
1357145002,92501.250000
1357185001,92501.265625
1357225000,92501.093750
1357265002,92500.828125
1357305407,92500.843750
1357345223,92501.156250
1357385043,92500.984375
1357425000,92501.359375
1357465000,92501.000000
1357505003,92500.515625
1357545002,92500.937500
1357585374,92501.234375
1357625195,92502.062500
1357665012,92501.687500
1357706936,92500.765625
1357746002,92500.484375
1357786001,92500.281250
1357826001,92501.328125
1357866000,92501.375000
1357906027,92501.031250
1357946229,92501.250000
1357986049,92500.828125
1358026002,92500.828125
1358066002,92501.156250
1358106001,92500.484375
1358146004,92500.937500
1358186376,92500.968750
1358226196,92501.500000
1358266014,92501.500000
1358306002,92501.062500
1358346002,92501.281250
1358386000,92501.125000
1358426001,92500.453125
1358466349,92501.234375
1358506389,92501.453125
1358546009,92500.750000
1358586002,92501.546875
1358626002,92501.312500
1358666002,92500.843750
1358706001,92500.531250
1358746318,92501.359375
1358786136,92501.031250
1358826001,92500.562500
1358866002,92501.468750
1358906002,92501.937500
1358945999,92500.578125
1358986006,92501.203125
1359026290,92501.765625
1359066107,92501.421875
1359106000,92501.328125
1359146001,92501.078125
1359186002,92500.937500
1359226002,92501.781250
1359266441,92501.484375
1359306435,92500.718750
1359346078,92500.093750
1359386002,92500.812500
1359426002,92500.421875
1359466000,92502.031250
1359506001,92502.031250
1359548517,92500.718750
1359588000,92501.375000
1359628001,92501.421875
1359668355,92500.843750
1359708171,92501.531250
1359748165,92500.625000
1359788002,92500.953125
1359828002,92501.281250
1359868000,92501.125000
1359908000,92500.687500
1359948324,92501.265625
1359988142,92501.437500
1360028002,92501.000000
1360068001,92501.296875
1360108000,92500.890625
1360148000,92501.140625
1360188000,92501.250000
1360228294,92501.531250
1360268111,92500.640625
1360308000,92500.640625
1360348000,92501.218750
1360388001,92500.859375
1360428000,92500.921875
1360468447,92500.609375
1360508265,92501.218750
1360548083,92501.718750
1360588001,92500.843750
1360628002,92500.859375
1360668000,92501.593750
1360708000,92500.421875
1360748416,92500.625000
1360788240,92500.437500
1360828058,92501.468750
1360868002,92500.718750
1360908001,92500.562500
1360948001,92500.593750
1360988005,92500.859375
1361028388,92501.437500
1361068206,92500.953125
1361108024,92501.312500
1361148004,92501.281250
1361188251,92501.062500
1361228001,92500.390625
1361267999,92501.562500
1361308357,92500.796875
1361348175,92500.281250
1361390105,92500.625000
1361430302,92501.031250
1361470120,92500.281250
1361510001,92501.234375
1361550004,92501.687500
1361590002,92501.125000
1361630002,92501.000000
1361670453,92501.281250
1361710268,92501.000000
1361750089,92501.125000
1361790245,92501.031250
1361830002,92501.046875
1361870001,92501.187500
1361910001,92501.093750
1361950422,92501.109375
1361990462,92500.062500
1362030060,92501.703125
1362070001,92500.781250
1362110000,92501.296875
1362150003,92500.359375
1362190003,92500.125000
1362230391,92500.656250
1362270214,92499.625000
1362310030,92500.796875
1362350000,92501.015625
1362390002,92501.171875
1362430001,92500.640625
1362470003,92500.390625
1362510365,92499.562500
1362550182,92501.000000
1362590002,92501.468750
1362630000,92501.437500
1362670002,92501.078125
1362709999,92501.171875
1362750003,92501.281250
1362790467,92500.421875
1362830150,92500.906250
1362870000,92500.687500
1362910000,92500.656250
1362949999,92500.375000
1362990000,92501.125000
1363030002,92500.218750
1363070307,92501.406250
1363110124,92501.156250
1363150001,92501.046875
1363190002,92500.562500
1363231687,92500.656250
1363271000,92500.921875
1363311002,92501.156250
1363351001,92501.156250
1363391336,92500.359375
1363431249,92500.515625
1363471002,92500.531250
1363511002,92500.906250
1363551001,92501.078125
1363590999,92502.703125
1363631001,92500.468750
1363671310,92501.109375
1363711128,92500.484375
1363751002,92501.640625
1363791002,92501.203125
1363831000,92500.828125
1363871000,92501.015625
1363911462,92500.109375
1363951280,92500.625000
1363991095,92501.421875
1364031136,92500.625000
1364070999,92500.906250
1364111000,92500.859375
1364151000,92500.718750
1364191474,92500.406250
1364231253,92500.015625
1364271069,92501.109375
1364311001,92500.671875
1364350999,92500.890625
1364391000,92501.062500
1364431000,92500.406250
1364471400,92500.796875
1364511266,92501.296875
1364551040,92500.234375
1364591002,92501.093750
1364631002,92501.140625
1364671003,92501.187500
1364710999,92501.578125
1364751373,92500.640625
1364791190,92500.500000
1364831188,92500.828125
1364871002,92501.218750
1364911001,92500.437500
1364950999,92500.515625
1364991001,92500.625000
1365031342,92501.046875
1365073269,92501.125000
1365113466,92500.875000
1365153287,92501.343750
1365193105,92501.468750
1365233000,92500.453125
1365273000,92501.500000
1365313002,92501.609375
1365353005,92500.812500
1365393441,92500.406250
1365433259,92501.187500
1365473074,92500.734375
1365513001,92501.171875
1365552999,92500.703125
1365593000,92501.250000
1365633000,92500.437500
1365673632,92500.875000
1365713229,92500.859375
1365753045,92501.312500
1365793000,92501.734375
1365833000,92500.953125
1365873001,92501.156250
1365913000,92501.531250
1365953380,92501.125000
1365993198,92501.343750
1366033016,92500.687500
1366073001,92500.703125
1366113001,92501.453125
1366153001,92501.453125
1366193001,92501.125000
1366233354,92501.296875
1366273168,92502.046875
1366313001,92500.984375
1366353000,92501.484375
1366393002,92501.281250
1366433002,92501.796875
1366473000,92500.921875
1366513324,92502.093750
1366553267,92500.687500
1366592999,92501.109375
1366633000,92500.625000
1366673002,92500.671875
1366713000,92501.750000
1366752999,92501.609375
1366793338,92500.968750
1366833111,92501.031250
1366873001,92500.078125
1366914856,92502.015625
1366954002,92501.234375
1366994001,92501.750000
1367034002,92501.500000
1367074002,92501.890625
1367114463,92501.250000
1367154272,92501.500000
1367194002,92501.750000
1367234002,92502.265625
1367273999,92501.390625
1367314000,92500.859375
1367354002,92501.218750
1367394298,92501.203125
1367434161,92501.859375
1367474002,92501.531250
1367514000,92502.015625
1367554000,92500.937500
1367594002,92500.562500
1367634451,92500.765625
1367674266,92500.953125
1367714309,92501.515625
1367754002,92501.468750
1367794001,92501.515625
1367834000,92501.328125
1367874000,92500.750000
1367914423,92501.015625
1367954243,92500.640625
1367994059,92501.468750
1368033999,92502.437500
1368074000,92500.703125
1368114002,92500.921875
1368154002,92501.390625
1368194392,92501.921875
1368234211,92501.718750
1368274030,92501.187500
1368314001,92501.562500
1368354000,92501.750000
1368394001,92501.312500
1368434000,92502.296875
1368474364,92501.203125
1368514316,92500.921875
1368554002,92501.562500
1368594001,92501.109375
1368634002,92501.390625
1368674000,92501.156250
1368714000,92501.625000
1368756440,92502.062500
1368796002,92500.906250
1368836460,92501.578125
1368876279,92501.312500
1368916094,92500.906250
1368956089,92502.000000
1368996001,92502.203125
1369036001,92500.687500
1369076002,92500.875000
1369116431,92501.906250
1369156247,92501.000000
1369196065,92502.250000
1369236002,92501.031250
1369276002,92501.453125
1369316002,92501.796875
1369356002,92501.625000
1369396444,92501.031250
1369436221,92502.078125
1369476036,92501.531250
1369516000,92501.265625
1369556002,92501.109375
1369596002,92501.406250
1369636002,92501.375000
1369676373,92501.093750
1369716236,92501.593750
1369756008,92501.453125
1369796003,92501.578125
1369836001,92501.328125
1369876000,92501.625000
1369916000,92501.765625
1369956343,92501.859375
1369996163,92500.421875
1370036026,92501.046875
1370076001,92501.625000
1370116001,92500.359375
1370156003,92500.515625
1370196005,92501.921875
1370236314,92500.750000
1370276134,92501.562500
1370316002,92501.531250
1370355999,92502.078125
1370396000,92501.312500
1370435999,92501.328125
1370476468,92501.437500
1370516287,92501.078125
1370556105,92502.062500
1370598031,92500.937500
1370638230,92500.796875
1370678048,92500.968750
1370717999,92501.734375
1370758002,92501.671875
1370798002,92500.359375
1370838000,92501.109375
1370878383,92501.265625
1370918201,92501.703125
1370958018,92501.921875
1370998002,92502.437500
1371038003,92500.578125
1371078002,92501.203125
1371118002,92501.578125
1371158352,92500.703125
1371198394,92501.703125
1371238001,92501.250000
1371277999,92501.000000
1371318000,92500.687500
1371357999,92502.140625
1371398000,92501.015625
1371438326,92501.390625
1371478140,92501.515625
1371518001,92500.984375
1371558000,92501.140625
1371598000,92501.218750
1371637999,92501.062500
1371678003,92501.937500
1371718300,92501.406250
1371758112,92502.078125
1371798002,92501.046875
1371838000,92502.046875
1371878000,92501.515625
1371918001,92501.156250
1371958448,92500.906250
1371998445,92501.484375
1372038085,92501.906250
1372078001,92501.875000
1372118001,92500.671875
1372158002,92501.828125
1372198002,92501.625000
1372240527,92500.921875
1372280002,92501.234375
1372320000,92502.640625
1372360362,92501.796875
1372400182,92501.296875
1372440084,92500.859375
1372480002,92502.187500
1372520001,92501.671875
1372559999,92501.421875
1372600001,92501.625000
1372640333,92501.890625
1372680154,92501.656250
1372720001,92501.921875
1372760000,92502.640625
1372799999,92501.890625
1372840000,92501.187500
1372880002,92502.140625
1372920307,92501.359375
1372960124,92502.156250
1373000002,92501.406250
1373040002,92500.875000
1373080000,92502.593750
1373120002,92502.656250
1373160458,92501.406250
1373200278,92501.156250
1373240096,92501.984375
1373280001,92501.109375
1373320000,92501.546875
1373360000,92502.500000
1373400000,92501.968750
1373440432,92501.921875
1373480250,92500.906250
1373520068,92502.312500
1373560000,92501.062500
1373600002,92501.078125
1373640001,92501.828125
1373680001,92500.937500
1373720403,92501.453125
1373760223,92501.640625
1373800039,92502.000000
1373840000,92501.546875
1373880000,92501.375000
1373920001,92502.062500
1373960000,92501.718750
1374000375,92502.203125
1374040192,92502.484375
1374082118,92501.843750
1374122318,92502.187500
1374162136,92501.000000
1374202002,92501.875000
1374242002,92501.781250
1374282000,92502.265625
1374322002,92501.890625
1374362470,92501.015625
1374402287,92502.203125
1374442108,92502.125000
1374482002,92502.062500
1374522002,92500.953125
1374562003,92501.734375
1374602002,92501.468750
1374642439,92501.828125
1374682482,92501.781250
1374722079,92501.859375
1374762000,92501.734375
1374801999,92501.453125
1374842002,92501.609375
1374882001,92501.906250
1374922411,92502.062500
1374962230,92502.187500
1375002049,92502.718750
1375042000,92501.656250
1375082001,92501.906250
1375122000,92501.187500
1375162000,92501.656250
1375202389,92501.953125
1375242204,92502.187500
1375282021,92501.828125
1375322001,92502.109375
1375361999,92502.093750
1375402001,92501.796875
1375442002,92502.109375
1375482489,92502.921875
1375522175,92501.453125
1375562015,92502.343750
1375601999,92502.187500
1375642001,92502.000000
1375682002,92501.625000
1375722000,92502.078125
1375762328,92502.671875
1375802144,92502.000000
1375842002,92503.125000
1375882001,92502.406250
1375923708,92503.015625
1375963003,92501.984375
1376003001,92503.109375
1376043002,92502.468750
1376083362,92501.937500
1376123304,92502.781250
1376163021,92502.703125
1376203001,92502.109375
1376242999,92502.531250
1376283001,92503.078125
1376322999,92502.546875
1376363336,92503.031250
1376403156,92502.546875
1376443001,92502.890625
1376483002,92502.609375
1376523005,92503.031250
1376563000,92501.609375
1376602999,92503.187500
1376643307,92503.437500
1376683124,92503.265625
1376723160,92502.687500
1376763002,92502.281250
1376803000,92502.437500
1376843002,92503.093750
1376883504,92503.187500
1376923274,92502.390625
1376963097,92502.687500
1377003000,92502.437500
1377043000,92502.734375
1377083001,92502.140625
1377123001,92502.937500
1377163428,92502.656250
1377203292,92502.703125
1377243068,92503.343750
1377283002,92504.234375
1377323002,92502.875000
1377363000,92503.671875
1377403002,92502.859375
1377443403,92503.046875
1377483221,92502.906250
1377523220,92503.812500
1377562999,92503.265625
1377603000,92504.187500
1377643001,92503.187500
1377683001,92504.140625
1377723371,92503.328125
1377765301,92502.984375
1377805001,92503.140625
1377845316,92502.859375
1377885136,92503.359375
1377925000,92504.093750
1377965001,92504.093750
1378005002,92504.140625
1378045000,92503.203125
1378085468,92503.187500
1378125287,92504.921875
1378165110,92502.953125
1378205001,92503.109375
1378245002,92504.171875
1378285000,92504.765625
1378325003,92503.515625
1378365664,92503.421875
1378405261,92503.609375
1378445080,92503.796875
1378485002,92503.828125
1378525004,92504.328125
1378565002,92504.000000
1378605000,92503.609375
1378645416,92503.921875
1378685234,92504.734375
1378725050,92504.000000
1378765002,92504.234375
1378804999,92503.375000
1378845002,92503.406250
1378885001,92504.078125
1378925384,92504.703125
1378965205,92503.968750
1379005020,92504.015625
1379045001,92503.937500
1379085001,92504.812500
1379125003,92504.078125
1379165002,92504.765625
1379205359,92504.281250
1379245177,92504.453125
1379285002,92504.828125
1379324999,92503.640625
1379365000,92504.343750
1379405000,92504.328125
1379445002,92504.453125
1379485376,92504.359375
1379525149,92503.875000
1379565002,92504.218750
1379606891,92504.515625
1379646000,92504.562500
1379686001,92504.765625
1379726004,92504.500000
1379766003,92504.593750
1379806534,92503.828125
1379846184,92504.546875
1379886002,92505.750000
1379926002,92505.000000
1379966002,92504.421875
1380006000,92504.750000
1380046002,92504.265625
1380086338,92503.906250
1380126202,92504.625000
1380166002,92504.546875
1380206000,92504.937500
1380246001,92505.593750
1380286002,92505.156250
1380326000,92504.890625
1380366309,92505.031250
1380406349,92504.609375
1380446001,92505.078125
1380486003,92504.921875
1380526000,92504.296875
1380566000,92505.093750
1380606462,92505.109375
1380646282,92504.703125
1380686101,92504.828125
1380726002,92505.531250
1380766001,92505.421875
1380806001,92505.296875
1380845999,92503.843750
1380886436,92504.203125
1380926252,92505.234375
1380966071,92504.500000
1381006001,92504.484375
1381046003,92504.859375
1381086002,92505.500000
1381126000,92504.656250
1381166405,92505.187500
1381206361,92505.593750
1381246044,92504.828125
1381285999,92505.671875
1381326000,92505.859375
1381366001,92504.765625
1381406001,92506.156250
1381448487,92505.421875
1381488002,92505.968750
1381528000,92504.796875
1381568322,92505.109375
1381608148,92505.546875
1381648043,92504.921875
1381688000,92505.531250
1381728000,92506.406250
1381768000,92504.484375
1381808006,92506.000000
1381848303,92505.562500
1381888114,92505.906250
1381927999,92505.093750
1381968004,92506.156250
1382008002,92505.734375
1382048000,92505.171875
1382088493,92504.671875
1382128265,92506.000000
1382168084,92505.250000
1382208002,92505.609375
1382248001,92506.203125
1382288001,92505.843750
1382328000,92506.453125
1382368419,92505.843750
1382408291,92505.437500
1382448057,92505.281250
1382487999,92505.468750
1382528003,92506.234375
1382568002,92505.500000
1382608001,92505.984375
1382648394,92506.125000
1382688210,92506.234375
1382728073,92505.250000
1382768002,92505.656250
1382808001,92505.218750
1382848001,92505.484375
1382888000,92505.921875
1382928362,92505.562500
1382968179,92504.703125
1383008005,92505.484375
1383048004,92505.937500
1383088003,92505.328125
1383128001,92505.421875
1383168002,92505.656250
1383208407,92505.125000
1383248153,92505.718750
1383290080,92505.453125
1383330279,92506.671875
1383370101,92505.609375
1383410000,92505.296875
1383450001,92505.437500
1383490001,92505.906250
1383530002,92505.562500
1383570436,92505.593750
1383610252,92504.796875
1383650070,92505.656250
1383690000,92505.687500
1383730002,92504.046875
1383770000,92506.062500
1383810000,92504.406250
1383850404,92505.125000
1383890905,92504.968750
1383930046,92505.468750
1383970003,92504.968750
1384010001,92504.656250
1384050005,92505.562500
1384090002,92505.625000
1384130383,92505.187500
1384170201,92504.687500
1384210017,92504.687500
1384250001,92505.109375
1384290001,92505.562500
1384330000,92504.250000
1384370001,92505.453125
1384410351,92505.734375
1384450171,92505.687500
1384490002,92505.000000
1384530001,92505.421875
1384570001,92505.156250
1384610001,92504.906250
1384650000,92505.062500
1384690501,92504.687500
1384730143,92505.406250
1384770000,92505.203125
1384810001,92504.906250
1384849999,92505.000000
1384890003,92505.593750
1384930001,92504.703125
1384970295,92504.421875
1385010160,92505.312500
1385050002,92505.203125
1385090002,92504.718750
1385131677,92504.734375
1385171000,92504.781250
1385211002,92505.000000
1385251002,92505.484375
1385291333,92505.109375
1385331377,92505.984375
1385371001,92504.718750
1385411001,92504.421875
1385450999,92505.312500
1385491001,92504.390625
1385531002,92504.515625
1385571307,92505.484375
1385611121,92504.312500
1385651000,92504.703125
1385691002,92505.343750
1385731000,92504.484375
1385771004,92504.500000
1385811461,92504.984375
1385851278,92505.062500
1385891556,92504.765625
1385931133,92504.218750
1385971002,92504.406250
1386011001,92505.046875
1386051002,92505.250000
1386091432,92505.437500
1386131249,92504.328125
1386171068,92505.171875
1386211000,92504.140625
1386251000,92505.046875
1386291001,92504.671875
1386331001,92504.203125
1386371402,92504.796875
1386411221,92505.234375
1386451041,92504.093750
1386491010,92504.750000
1386531001,92504.859375
1386571002,92504.562500
1386611000,92505.390625
1386651377,92505.640625
1386691347,92505.421875
1386731145,92503.828125
1386771001,92504.812500
1386811002,92504.375000
1386851002,92505.156250
1386891001,92504.781250
1386931350,92505.375000
1386973273,92504.718750
1387013004,92504.937500
1387053293,92504.343750
1387093112,92504.531250
1387133002,92504.875000
1387173002,92504.718750
1387213001,92504.250000
1387253002,92504.687500
1387293492,92505.062500
1387333263,92505.109375
1387373081,92505.531250
1387413000,92504.625000
1387453000,92505.046875
1387493002,92504.828125
1387533002,92504.828125
1387573640,92505.093750
1387613287,92504.968750
1387653057,92504.562500
1387693024,92504.671875
1387733002,92504.906250
1387772999,92505.359375
1387813000,92505.000000
1387853391,92504.625000
1387893365,92505.515625
1387933076,92505.828125
1387973001,92504.890625
1388013002,92505.187500
1388053000,92504.671875
1388093001,92504.187500
1388133364,92505.515625
1388173183,92504.906250
1388213000,92505.593750
1388253001,92504.687500
1388293000,92504.562500
1388332999,92504.031250
1388373000,92505.250000
1388413338,92504.859375
1388453158,92504.750000
1388493002,92504.796875
1388533001,92504.593750
1388573003,92505.515625
1388613002,92505.703125
1388653001,92504.531250
1388693309,92505.640625
1388733129,92504.890625
1388773001,92504.390625
1388814875,92504.562500
1388854001,92504.265625
1388894002,92505.218750
1388934002,92504.859375
1388974000,92504.390625
1389014470,92504.625000
1389054165,92503.859375
1389094000,92504.703125
1389134003,92505.046875
1389174002,92504.625000
1389213999,92505.140625
1389254001,92504.312500
1389294318,92504.593750
1389334135,92505.000000
1389374000,92504.296875
1389414002,92505.453125
1389453999,92504.234375
1389494001,92504.359375
1389534000,92505.843750
1389574290,92505.281250
1389614336,92504.953125
1389653999,92503.828125
1389694002,92504.656250
1389734002,92505.093750
1389774002,92505.046875
1389814444,92503.781250
1389854263,92504.484375
1389894086,92505.015625
1389934000,92504.500000
1389974001,92504.281250
1390014000,92504.140625
1390054001,92505.078125
1390094417,92504.531250
1390134235,92504.125000
1390174058,92504.578125
1390213999,92504.593750
1390254001,92504.656250
1390294002,92505.031250
1390333999,92504.687500
1390374394,92504.671875
1390414345,92504.531250
1390454029,92505.359375
1390494001,92504.734375
1390534001,92504.546875
1390574000,92503.531250
1390614000,92504.656250
1390656471,92504.828125
1390696002,92504.781250
1390736003,92503.796875
1390776308,92503.640625
1390816132,92504.968750
1390856146,92505.140625
1390896001,92504.062500
1390936002,92503.906250
1390976000,92505.140625
1391016462,92504.265625
1391056283,92503.781250
1391096101,92503.312500
1391136002,92504.203125
1391176002,92503.406250
1391215999,92504.281250
1391256001,92503.343750
1391296437,92503.375000
1391336253,92503.625000
1391376072,92503.703125
1391416001,92504.328125
1391455999,92504.328125
1391496001,92503.562500
1391536000,92503.187500
1391576407,92503.437500
1391616226,92504.265625
1391656046,92503.859375
1391696002,92503.937500
1391736000,92503.578125
1391776001,92503.265625
1391816003,92504.640625
1391856382,92503.671875
1391896200,92503.828125
1391936019,92504.359375
1391976002,92503.750000
1392016002,92502.828125
1392055999,92503.953125
1392096002,92503.703125
1392136358,92503.468750
1392176176,92503.968750
1392216001,92504.000000
1392256001,92503.468750
1392296000,92503.859375
1392336002,92504.406250
1392376001,92503.906250
1392416329,92503.875000
1392456145,92503.703125
1392498073,92503.984375
1392538272,92504.531250
1392578091,92504.718750
1392618000,92504.234375
1392658000,92504.484375
1392698002,92503.875000
1392738002,92503.468750
1392778428,92504.125000
1392818291,92503.093750
1392858064,92504.796875
1392897999,92504.468750
1392938003,92504.000000
1392977999,92504.687500
1393018000,92504.671875
1393058401,92504.093750
1393098442,92503.828125
1393138081,92504.468750
1393178001,92503.562500
1393218000,92504.156250
1393258002,92504.703125
1393298001,92505.031250
1393338375,92504.531250
1393378189,92503.875000
1393418012,92504.765625
1393458000,92504.359375
1393498002,92504.156250
1393538001,92504.890625
1393578002,92504.718750
1393618347,92503.734375
1393658167,92504.671875
1393698000,92504.468750
1393738003,92504.156250
1393778002,92504.765625
1393818000,92504.453125
1393858001,92504.843750
1393898456,92504.187500
1393938136,92504.359375
1393978000,92504.359375
1394017999,92504.593750
1394057999,92504.968750
1394098001,92504.625000
1394138003,92504.984375
1394178296,92503.921875
1394218111,92505.046875
1394258001,92503.968750
1394298002,92504.703125
1394339674,92504.281250
1394379001,92505.062500
1394419000,92504.937500
1394459002,92505.000000
1394499331,92505.453125
1394539327,92504.500000
1394579002,92504.078125
1394619001,92504.390625
1394659001,92504.312500
1394699000,92505.328125
1394738999,92505.031250
1394779301,92503.687500
1394819121,92504.078125
1394859001,92504.234375
1394899000,92505.250000
1394939000,92505.296875
1394978999,92504.312500
1395019458,92503.937500
1395059277,92504.250000
1395099094,92504.921875
1395139132,92505.625000
1395179001,92504.453125
1395219000,92503.750000
1395259000,92504.921875
1395299432,92504.281250
1395339250,92504.437500
1395379066,92505.000000
1395418999,92503.875000
1395459000,92504.546875
1395499000,92504.671875
1395539003,92504.625000
1395579402,92504.390625
1395619221,92504.781250
1395659042,92504.671875
1395699000,92504.515625
1395739002,92504.890625
1395779002,92503.812500
1395819000,92504.093750
1395859380,92504.625000
1395899197,92504.796875
1395939148,92504.609375
1395979000,92505.078125
1396019002,92504.343750
1396058999,92504.296875
1396099001,92504.390625
1396139355,92504.921875
1396181276,92504.390625
1396221002,92505.703125
1396261296,92505.171875
1396301111,92504.906250
1396341002,92505.203125
1396381004,92504.468750
1396421000,92504.562500
1396461000,92504.343750
1396501451,92504.093750
1396541267,92504.515625
1396581088,92504.625000
1396621001,92504.703125
1396661000,92504.593750
1396701002,92504.312500
1396741004,92504.671875
1396781645,92504.968750
1396821242,92504.265625
1396861061,92504.593750
1396901000,92504.015625
1396941001,92504.671875
1396981000,92504.468750
1397021002,92504.546875
1397061396,92503.609375
1397101217,92504.312500
1397141035,92504.921875
1397181001,92503.906250
1397221000,92504.078125
1397260999,92504.625000
1397301000,92504.484375
1397341370,92504.812500
1397381191,92503.890625
1397421007,92504.281250
1397461002,92504.453125
1397501000,92505.250000
1397541001,92504.421875
1397580999,92504.781250
1397621345,92503.906250
1397661164,92504.015625
1397701002,92504.000000
1397741000,92503.953125
1397781001,92504.656250
1397821002,92503.250000
1397861002,92504.140625
1397901317,92503.843750
1397941136,92503.796875
1397981001,92504.171875
1398022886,92504.796875
1398062002,92504.062500
1398102000,92503.906250
1398142002,92503.625000
1398182003,92504.140625
1398222441,92504.546875
1398262174,92504.296875
1398302001,92504.609375
1398342002,92503.718750
1398382000,92504.515625
1398422002,92504.234375
1398462001,92505.031250
1398502326,92504.187500
1398542147,92504.203125
1398582001,92504.609375
1398622001,92503.906250
1398662001,92503.312500
1398702001,92504.125000
1398742001,92503.453125
1398782300,92504.265625
1398822341,92504.937500
1398862000,92504.531250
1398902000,92504.421875
1398942000,92503.906250
1398982000,92504.265625
1399022458,92504.312500
1399062276,92504.328125
1399102093,92504.265625
1399142000,92503.765625
1399182000,92504.093750
1399222002,92503.968750
1399262000,92504.406250
1399302477,92504.390625
1399342249,92503.609375
1399382071,92504.093750
1399422002,92503.750000
1399462000,92504.578125
1399502001,92503.687500
1399542001,92503.796875
1399582403,92504.234375
1399622403,92503.656250
1399662042,92504.953125
1399702001,92503.171875
1399742001,92504.765625
1399782002,92504.781250
1399822001,92504.765625
1399864486,92504.125000
1399904002,92503.828125
1399944000,92502.812500
1399985354,92504.437500
1400025392,92503.984375
1400065205,92503.953125
1400105023,92504.937500
1400145002,92503.968750
1400185001,92503.453125
1400225002,92504.375000
1400265000,92504.125000
1400305405,92503.734375
1400345176,92503.593750
1400385016,92504.437500
1400425000,92503.078125
1400465000,92503.921875
1400505002,92503.937500
1400545001,92503.671875
1400585335,92504.265625
1400625197,92503.375000
1400665001,92504.625000
1400705000,92504.218750
1400745002,92503.437500
1400785000,92505.218750
1400825001,92504.390625
1400865309,92503.609375
1400905128,92504.281250
1400945014,92504.046875
1400985001,92503.375000
1401025001,92504.421875
1401065000,92504.343750
1401105465,92503.734375
1401145282,92504.046875
1401185099,92502.890625
1401225002,92502.875000
1401265001,92503.171875
1401305001,92504.390625
1401345002,92503.875000
1401386514,92503.187500
1401426002,92504.046875
1401466316,92503.781250
1401507001,92503.281250
1401547200,92503.062500
1401587272,92504.281250
1401627001,92503.796875
1401667001,92504.562500
1401707000,92504.015625
1401747002,92503.578125
1401787481,92503.343750
1401827178,92504.046875
1401867000,92503.046875
1401907001,92503.296875
1401946999,92503.937500
1401987479,92504.484375
1402027002,92503.578125
1402067331,92504.093750
1402107370,92503.671875
1402147001,92503.546875
1402187815,92504.218750
1402227002,92503.875000
1402267000,92503.859375
1402307001,92504.062500
1402347305,92504.234375
1402387373,92503.718750
1402427000,92503.953125
1402467002,92503.593750
1402507000,92503.609375
1402547002,92503.859375
1402587503,92503.531250
1402627276,92504.500000
1402667098,92504.109375
1402707002,92504.234375
1402747002,92503.984375
1402787002,92504.000000
1402827001,92503.859375
1402867431,92504.171875
1402907431,92503.109375
1402947068,92503.328125
1402987001,92503.593750
1403027001,92503.875000
1403067001,92503.656250
1403107002,92503.281250
1403149515,92504.187500
1403189000,92503.765625
1403229000,92504.218750
1403269353,92503.937500
1403309172,92504.062500
1403349167,92503.656250
1403389000,92504.000000
1403429001,92504.093750
1403469001,92503.953125
1403509002,92503.562500
1403549329,92503.968750
1403590174,92504.421875
1403630209,92503.671875
1403670027,92503.343750
1403710002,92503.218750
1403750000,92503.843750
1403790001,92504.312500
1403830001,92504.312500
1403870364,92504.406250
1403910227,92503.546875
1403950003,92503.984375
1403990000,92502.984375
1404030000,92503.015625
1404070000,92503.562500
1404110000,92504.406250
1404150335,92503.250000
1404190157,92503.187500
1404230018,92503.375000
1404270001,92504.359375
1404310002,92504.062500
1404350001,92503.156250
1404390004,92502.984375
1404430311,92504.468750
1404470131,92503.500000
1404510000,92504.343750
1404550001,92503.609375
1404590000,92503.937500
1404630002,92503.796875
1404670469,92503.531250
1404710287,92502.625000
1404750107,92504.234375
1404792031,92503.843750
1404832230,92503.609375
1404872050,92503.593750
1404912002,92502.843750
1404952002,92503.218750
1404992001,92503.593750
1405032001,92503.906250
1405072387,92503.015625
1405112218,92503.328125
1405152025,92503.812500
1405192000,92503.343750
1405232002,92503.546875
1405272000,92503.750000
1405312002,92503.468750
1405352361,92503.828125
1405392401,92503.562500
1405432005,92503.062500
1405472002,92503.500000
1405512000,92503.578125
1405551999,92503.406250
1405592000,92504.265625
1405632335,92503.171875
1405672155,92503.765625
1405712001,92503.203125
1405752001,92503.140625
1405792000,92503.609375
1405832002,92503.500000
1405872000,92503.125000
1405912386,92503.250000
1405952127,92503.640625
1405992002,92502.875000
1406032002,92502.796875
1406072002,92501.953125
1406112001,92503.812500
1406152466,92503.468750
1406192463,92502.343750
1406232108,92503.250000
1406271999,92504.203125
1406312001,92503.437500
1406352005,92503.515625
1406392000,92503.234375
1406434547,92502.953125
1406474001,92503.140625
1406513999,92503.250000
1406554386,92503.609375
1406594204,92502.765625
1406634117,92503.500000
1406674001,92503.953125
1406714001,92503.781250
1406754005,92503.343750
1406794001,92503.046875
1406834361,92504.625000
1406874180,92502.875000
1406914004,92503.234375
1406954001,92503.500000
1406994002,92504.015625
1407034002,92503.078125
1407073999,92503.968750
1407114335,92503.093750
1407154156,92504.328125
1407194000,92503.859375
1407234017,92504.500000
1407274000,92503.000000
1407314002,92503.406250
1407353999,92504.546875
1407394307,92503.531250
1407434128,92503.765625
1407474000,92503.453125
1407514002,92503.015625
1407554001,92504.234375
1407594000,92503.906250
1407634465,92503.609375
1407674283,92503.421875
1407714102,92504.000000
1407754002,92504.625000
1407794000,92504.296875
1407834000,92504.078125
1407874001,92503.828125
1407914437,92504.421875
1407954261,92503.765625
1407994077,92503.546875
1408034030,92504.062500
1408074002,92504.234375
1408114000,92504.218750
1408154000,92504.000000
1408194414,92503.718750
1408234229,92503.609375
1408276155,92503.937500
1408316355,92504.312500
1408356173,92504.203125
1408396003,92504.218750
1408435999,92504.421875
1408476003,92503.640625
1408516000,92505.390625
1408556000,92504.671875
1408596333,92503.390625
1408636148,92504.031250
1408676001,92503.484375
1408716001,92504.968750
1408756001,92503.437500
1408796001,92503.796875
1408836003,92503.531250
1408876527,92503.703125
1408916124,92504.531250
1408956001,92503.906250
1408996000,92503.796875
1409036002,92504.453125
1409076002,92503.625000
1409116419,92504.171875
1409156238,92504.250000
1409196060,92504.000000
1409236001,92504.281250
1409276002,92504.109375
1409316001,92503.953125
1409356001,92504.406250
1409396396,92503.375000
1409436213,92503.312500
1409476032,92503.390625
1409516002,92503.796875
1409556002,92504.093750
1409596001,92503.453125
1409636000,92503.281250
1409676370,92503.187500
1409716188,92503.640625
1409756008,92503.687500
1409796001,92503.609375
1409836000,92503.234375
1409876003,92503.171875
1409916001,92502.890625
1409956343,92502.046875
1409996164,92502.031250
1410036000,92502.359375
1410076002,92502.218750
1410117726,92502.000000
1410157001,92500.953125
1410196999,92500.859375
1410237000,92501.000000
1410277382,92499.671875
1410317246,92499.734375
1410357019,92498.750000
1410397001,92497.828125
1410437002,92496.625000
1410477000,92495.890625
1410517002,92495.156250
1410557358,92493.656250
1410597178,92494.000000
1410637003,92493.093750
1410677002,92491.062500
1410716999,92491.812500
1410757003,92491.906250
1410797000,92489.796875
1410837340,92489.500000
1410877153,92488.343750
1410917189,92489.218750
1410957001,92488.296875
1410996999,92488.484375
1411037002,92487.531250
1411077001,92487.359375
1411117310,92487.515625
1411157126,92487.375000
1411196999,92487.796875
1411237002,92488.812500
1411277001,92487.437500
1411317001,92488.765625
1411357002,92487.843750
1411397328,92487.656250
1411437103,92487.640625
1411477002,92488.468750
1411517000,92488.000000
1411557002,92488.343750
1411596999,92488.296875
1411637000,92486.796875
1411677257,92486.640625
1411717120,92487.656250
1411756999,92486.906250
1411797002,92487.531250
1411837002,92487.796875
1411877001,92488.031250
1411917417,92488.203125
1411959340,92488.609375
1411999000,92488.031250
1412039361,92488.203125
1412079180,92488.359375
1412118999,92487.906250
1412159001,92487.625000
1412199000,92488.140625
1412239001,92488.203125
1412279002,92487.656250
1412319334,92487.609375
1412359157,92487.000000
1412399001,92486.421875
1412438999,92487.437500
1412479000,92488.343750
1412519001,92487.562500
1412559001,92488.500000
1412599315,92488.671875
1412639131,92488.718750
1412679002,92488.156250
1412719003,92488.765625
1412759001,92488.718750
1412799001,92488.781250
1412839000,92487.796875
1412879289,92488.296875
1412919108,92488.421875
1412959000,92488.625000
1412999001,92488.390625
1413039001,92488.609375
1413079002,92489.265625
1413119002,92488.296875
1413159266,92488.640625
1413199084,92488.734375
1413239029,92489.546875
1413279001,92489.734375
1413319000,92490.031250
1413359000,92489.484375
1413399420,92488.875000
1413439367,92489.468750
1413479059,92488.500000
1413519000,92489.062500
1413559003,92489.062500
1413599002,92488.937500
1413639001,92489.000000
1413679441,92489.359375
1413719212,92489.187500
1413759032,92488.953125
1413800957,92489.546875
1413840041,92488.312500
1413879999,92488.531250
1413920001,92489.484375
1413960003,92489.687500
1414000060,92489.546875
1414040378,92490.328125
1414080073,92489.156250
1414120001,92489.140625
1414160000,92490.203125
1414200001,92489.671875
1414240002,92490.218750
1414280411,92490.625000
1414320274,92489.921875
1414360046,92488.140625
1414400001,92489.828125
1414440000,92489.156250
1414480001,92489.343750
1414520000,92490.187500
1414560386,92489.656250
1414600426,92489.546875
1414640065,92490.296875
1414680002,92489.375000
1414719999,92489.140625
1414759999,92489.953125
1414799999,92489.921875
1414840360,92490.703125
1414880181,92489.453125
1414920003,92489.953125
1414960004,92488.843750
1415000002,92489.406250
1415040002,92488.734375
1415080000,92488.406250
1415120337,92488.546875
1415160157,92488.281250
1415200001,92489.281250
1415240002,92489.781250
1415280002,92489.593750
1415320001,92488.656250
1415360000,92490.031250
1415400310,92488.078125
1415440133,92489.625000
1415480000,92488.296875
1415520002,92488.046875
1415560004,92487.562500
1415600000,92488.562500
1415640002,92488.234375
1415680288,92488.093750
1415720105,92488.640625
1415760000,92488.750000
1415800002,92489.015625
1415841676,92489.296875
1415881002,92488.921875
1415921001,92489.515625
1415961001,92488.703125
1416001328,92490.046875
1416041187,92490.406250
1416080999,92490.953125
1416121000,92491.000000
1416161002,92490.781250
1416201001,92490.968750
1416241002,92489.453125
1416281300,92490.765625
1416321121,92490.984375
1416361000,92491.234375
1416401000,92492.015625
1416441000,92491.890625
1416481002,92492.875000
1416521002,92492.281250
1416561281,92493.203125
1416601099,92493.703125
1416641139,92494.312500
1416681000,92493.828125
1416721001,92493.718750
1416760999,92492.937500
1416801002,92494.234375
1416841256,92494.906250
1416881072,92494.921875
1416920999,92494.906250
1416961003,92495.093750
1417001002,92494.656250
1417041000,92495.406250
1417081413,92494.437500
1417121231,92495.000000
1417161047,92494.218750
1417200999,92494.656250
1417241002,92493.468750
1417281002,92494.562500
1417321002,92494.015625
1417361386,92494.125000
1417401207,92493.921875
1417441025,92493.750000
1417481001,92493.234375
1417521000,92492.750000
1417561004,92492.390625
1417601002,92492.125000
1417641364,92493.437500
1417683287,92493.296875
1417723002,92493.156250
1417763306,92492.656250
1417803128,92493.359375
1417843002,92492.984375
1417883001,92492.765625
1417923002,92492.218750
1417962999,92492.218750
1418003001,92492.593750
1418043284,92492.859375
1418083104,92492.312500
1418123002,92492.906250
1418163000,92492.796875
1418203000,92493.156250
1418242999,92493.343750
1418283002,92492.031250
1418323259,92493.984375
1418363079,92493.046875
1418403001,92492.781250
1418443002,92493.718750
1418483002,92492.968750
1418523002,92492.953125
1418563416,92492.765625
1418603235,92493.031250
1418643056,92492.906250
1418683000,92493.406250
1418723001,92493.281250
1418763000,92492.765625
1418802999,92493.859375
1418843394,92493.812500
1418883213,92493.234375
1418923032,92493.796875
1418963002,92493.562500
1419003002,92493.656250
1419042999,92492.890625
1419083001,92493.234375
1419123371,92492.593750
1419163190,92493.875000
1419203005,92493.312500
1419243000,92493.140625
1419283000,92494.328125
1419322999,92493.750000
1419363001,92493.765625
1419403345,92493.343750
1419443164,92494.187500
1419483002,92494.531250
1419524910,92494.828125
1419564000,92493.640625
1419604002,92493.609375
1419644001,92493.796875
1419684000,92492.281250
1419724003,92492.859375
1419764204,92493.484375
1419804024,92493.750000
1419844000,92492.546875
1419884000,92493.000000
1419924001,92493.171875
1419964003,92493.156250
1420004361,92492.671875
1420044181,92493.171875
1420084002,92493.500000
1420124001,92493.734375
1420164000,92493.281250
1420204002,92492.859375
1420243999,92492.703125
1420284338,92492.546875
1420324375,92492.218750
1420364004,92491.828125
1420404001,92491.796875
1420444001,92492.531250
1420484001,92492.562500
1420524000,92492.468750
1420564314,92493.031250
1420604130,92492.000000
1420644000,92492.218750
1420684001,92492.921875
1420724000,92494.109375
1420764002,92493.203125
1420804004,92492.781250
1420844290,92492.984375
1420884106,92493.250000
1420924002,92492.781250
1420964000,92493.265625
1421004002,92493.187500
1421044002,92492.734375
1421084000,92492.875000
1421124309,92493.078125
1421164084,92493.296875
1421204001,92492.921875
1421244000,92493.453125
1421284002,92493.359375
1421324001,92494.593750
1421366530,92493.640625
1421406002,92494.500000
1421446002,92493.468750
1421486367,92493.390625
1421526185,92492.843750
1421566136,92494.640625
1421606000,92493.609375
1421646001,92493.328125
1421686002,92493.796875
1421726004,92493.703125
1421766342,92493.718750
1421806163,92494.796875
1421846001,92493.562500
1421886001,92494.265625
1421926002,92494.296875
1421966003,92493.656250
1422006002,92493.421875
1422046324,92494.546875
1422086137,92493.093750
1422126000,92493.359375
1422166026,92493.515625
1422206002,92493.906250
1422246002,92494.171875
1422286000,92493.937500
1422326295,92494.328125
1422366115,92493.562500
1422406002,92493.750000
1422446002,92494.359375
1422486000,92493.765625
1422526000,92494.109375
1422566000,92494.562500
1422606271,92494.156250
1422646090,92494.421875
1422686002,92493.203125
1422726002,92493.578125
1422765999,92494.546875
1422806000,92493.515625
1422846004,92494.390625
1422886251,92494.843750
1422926068,92494.750000
1422966000,92494.375000
1423006001,92494.390625
1423046001,92495.281250
1423086002,92494.656250
1423126405,92494.406250
1423166225,92493.765625
1423208153,92494.187500
1423248352,92494.421875
1423288172,92493.015625
1423328013,92494.656250
1423368000,92494.500000
1423408001,92494.281250
1423448000,92493.640625
1423488001,92494.031250
1423528326,92494.562500
1423568147,92495.218750
1423607999,92494.625000
1423648002,92496.000000
1423687999,92495.484375
1423728002,92494.765625
1423768005,92495.062500
1423808526,92495.265625
1423848126,92494.234375
1423888001,92496.062500
1423928001,92494.171875
1423968000,92495.062500
1424008001,92494.718750
1424048001,92494.390625
1424088283,92494.921875
1424128102,92494.375000
1424168001,92494.218750
1424208000,92494.812500
1424248002,92494.375000
1424288002,92494.578125
1424328001,92494.953125
1424368261,92495.031250
1424408078,92494.812500
1424448001,92495.359375
1424488002,92495.281250
1424528000,92494.968750
1424568005,92495.046875
1424608416,92494.531250
1424648236,92495.750000
1424688054,92496.859375
1424728002,92497.046875
1424768000,92496.281250
1424808002,92496.890625
1424848002,92496.718750
1424888391,92495.656250
1424928211,92496.875000
1424968031,92496.218750
1425008000,92495.531250
1425049777,92495.687500
1425089001,92496.312500
1425129002,92497.296875
1425168999,92496.437500
1425209000,92497.031250
1425249296,92496.593750
1425289071,92496.140625
1425329000,92496.515625
1425369001,92497.562500
1425409001,92497.125000
1425449000,92496.953125
1425489409,92495.984375
1425529227,92496.171875
1425569048,92496.406250
1425609001,92497.203125
1425649000,92496.937500
1425689000,92495.640625
1425729002,92496.937500
1425769388,92496.546875
1425809204,92497.125000
1425849245,92496.406250
1425889001,92497.343750
1425929001,92495.875000
1425969000,92496.625000
1426009000,92496.296875
1426049363,92496.578125
1426089183,92496.031250
1426129003,92496.437500
1426169000,92495.515625
1426209001,92495.734375
1426249001,92497.156250
1426289000,92496.796875
1426329388,92497.093750
1426369162,92496.375000
1426409002,92496.484375
1426449002,92496.312500
1426489002,92496.468750
1426529003,92496.703125
1426569000,92495.984375
1426609317,92496.281250
1426649179,92496.296875
1426689000,92495.937500
1426729002,92495.671875
1426768999,92495.875000
1426809002,92496.187500
1426849001,92495.671875
1426891401,92495.671875
1426931002,92496.203125
1426971420,92496.203125
1427011238,92496.062500
1427051058,92495.281250
1427091004,92496.468750
1427131001,92495.984375
1427171001,92496.312500
1427211001,92496.171875
1427251397,92496.062500
1427291218,92495.656250
1427331038,92495.468750
1427371002,92495.296875
1427411000,92495.890625
1427451002,92495.500000
1427491001,92495.671875
1427531376,92494.406250
1427571191,92495.140625
1427611010,92494.593750
1427651002,92494.390625
1427691000,92493.953125
1427731001,92493.468750
1427771001,92494.312500
1427811353,92493.203125
1427851172,92492.906250
1427890999,92493.171875
1427931000,92493.265625
1427971000,92492.703125
1428011002,92491.515625
1428051002,92491.937500
1428091326,92492.765625
1428131149,92491.578125
1428171000,92492.296875
1428210999,92492.250000
1428251002,92491.593750
1428291001,92492.062500
1428331000,92491.984375
1428371304,92491.968750
1428411131,92491.468750
1428451000,92492.500000
1428491001,92490.671875
1428531000,92492.468750
1428571000,92490.921875
1428611002,92490.734375
1428651280,92490.156250
1428691102,92490.718750
1428733025,92491.062500
1428773229,92490.453125
1428813046,92490.484375
1428853000,92490.500000
1428893001,92489.703125
1428933001,92489.609375
1428973004,92488.765625
1429013393,92489.203125
1429053206,92488.671875
1429093023,92488.484375
1429133001,92487.796875
1429173002,92488.000000
1429213000,92489.031250
1429253002,92487.953125
1429293361,92488.656250
1429333402,92488.328125
1429373020,92488.046875
1429413001,92488.109375
1429453002,92488.406250
1429493000,92488.031250
1429533000,92487.281250
1429573338,92487.875000
1429613157,92487.359375
1429653000,92486.500000
1429693002,92487.484375
1429732999,92486.843750
1429773002,92486.203125
1429813002,92485.796875
1429853315,92487.125000
1429893135,92487.015625
1429933000,92486.265625
1429973001,92486.046875
1430013001,92485.656250
1430053002,92486.593750
1430093001,92486.000000
1430133295,92486.406250
1430173111,92485.343750
1430213002,92486.421875
1430253001,92485.406250
1430293002,92484.468750
1430333002,92484.656250
1430373005,92484.234375
1430413272,92483.906250
1430453088,92483.593750
1430493000,92484.234375
1430533000,92483.843750
1430574651,92483.765625
1430614002,92482.906250
1430654000,92483.578125
1430694002,92483.765625
1430734310,92483.031250
1430774419,92482.953125
1430814001,92482.437500
1430854002,92483.500000
1430894000,92482.828125
1430933999,92482.265625
1430974001,92482.312500
1431014288,92482.281250
1431054107,92481.609375
1431094000,92481.890625
1431134000,92481.734375
1431174001,92481.984375
1431214001,92482.296875
1431254002,92480.937500
1431294266,92480.765625
1431334087,92481.359375
1431374277,92482.453125
1431414002,92481.718750
1431454000,92481.828125
1431494000,92481.406250
1431534470,92482.171875
1431574395,92481.265625
1431614061,92480.890625
1431654002,92480.578125
1431694000,92480.359375
1431734002,92481.000000
1431774001,92480.500000
1431814400,92481.343750
1431854264,92480.562500
1431894041,92481.031250
1431934000,92481.234375
1431974002,92480.265625
1432014000,92480.640625
1432054002,92479.734375
1432094381,92480.171875
1432134202,92479.640625
1432174063,92479.906250
1432214002,92479.468750
1432254000,92479.203125
1432294002,92478.968750
1432334001,92479.218750
1432374356,92478.968750
1432416285,92479.000000
1432456001,92478.968750
1432496303,92479.281250
1432536125,92478.937500
1432576090,92480.015625
1432616000,92478.390625
1432656001,92478.578125
1432696000,92478.625000
1432736005,92477.750000
1432776430,92478.328125
1432816098,92478.375000
1432856002,92477.828125
1432896002,92477.421875
1432936002,92477.453125
1432976002,92477.265625
1433015999,92476.875000
1433056256,92477.046875
1433096078,92477.000000
1433136002,92476.765625
1433176000,92475.984375
1433216002,92477.062500
1433256002,92476.078125
1433296415,92476.781250
1433336233,92475.843750
1433376051,92476.359375
1433416001,92476.437500
1433456002,92476.843750
1433495999,92476.250000
1433536000,92475.546875
1433576393,92475.625000
1433616214,92475.875000
1433656031,92475.937500
1433695999,92475.640625
1433736000,92474.921875
1433776002,92474.890625
1433816000,92474.500000
1433856373,92475.546875
1433896191,92475.343750
1433936007,92475.687500
1433976002,92475.109375
1434015999,92476.125000
1434056002,92474.750000
1434096002,92475.234375
1434136393,92476.031250
1434176166,92475.296875
1434216000,92475.609375
1434257912,92473.812500
1434297002,92474.671875
1434336999,92474.468750
1434377005,92474.562500
1434417000,92473.578125
1434457006,92473.765625
1434497209,92473.453125
1434537029,92472.812500
1434577002,92473.609375
1434617000,92473.875000
1434657002,92473.156250
1434697001,92472.515625
1434737366,92472.781250
1434777228,92473.578125
1434817008,92473.375000
1434856999,92472.828125
1434897000,92472.781250
1434937002,92473.843750
1434977000,92474.125000
1435017345,92473.765625
1435057385,92473.234375
1435097027,92473.687500
1435137001,92473.593750
1435177001,92472.890625
1435217002,92473.046875
1435257000,92473.109375
1435297319,92472.546875
1435337143,92471.312500
1435377000,92473.281250
1435417001,92472.031250
1435457000,92472.796875
1435497002,92473.078125
1435537001,92471.953125
1435577300,92472.453125
1435617124,92472.375000
1435657002,92472.875000
1435696999,92472.718750
1435737000,92472.718750
1435777002,92472.234375
1435817002,92472.953125
1435857283,92471.453125
1435897096,92472.125000
1435936999,92471.031250
1435977004,92471.687500
1436017001,92472.296875
1436056999,92471.078125
1436097002,92471.765625
1436137255,92472.078125
1436177075,92472.156250
1436217001,92471.218750
1436257002,92472.203125
1436298638,92471.937500
1436337999,92472.156250
1436378001,92471.421875
1436418001,92471.906250
1436458295,92471.140625
1436498159,92472.109375
1436538004,92470.953125
1436578000,92471.781250
1436618002,92471.328125
1436658001,92472.078125
1436698002,92471.625000
1436738276,92471.640625
1436778095,92472.078125
1436818002,92470.421875
1436858003,92471.703125
1436898001,92470.562500
1436938000,92470.937500
1436978061,92471.812500
1437018327,92471.109375
1437058070,92471.093750
1437098111,92471.000000
1437138002,92470.921875
1437178012,92471.250000
1437218001,92470.609375
1437258409,92470.937500
1437298228,92470.375000
1437338047,92470.859375
1437377999,92470.312500
1437418000,92471.968750
1437458001,92471.421875
1437498001,92471.843750
1437538390,92472.203125
1437578207,92472.062500
1437618038,92471.531250
1437658001,92472.609375
1437698000,92472.609375
1437738002,92472.640625
1437778078,92472.171875
1437818439,92472.187500
1437858186,92472.609375
1437898008,92472.484375
1437938000,92471.109375
1437977999,92471.984375
1438018002,92473.093750
1438058000,92472.015625
1438098346,92472.343750
1438140268,92471.734375
1438180001,92473.031250
1438220291,92472.203125
1438260107,92471.796875
1438300002,92472.000000
1438340000,92471.437500
1438380001,92472.343750
1438419999,92471.343750
1438460002,92471.046875
1438500269,92471.578125
1438540088,92471.671875
1438580000,92470.968750
1438620002,92471.109375
1438660000,92471.484375
1438700002,92471.062500
1438740649,92470.953125
1438780244,92471.171875
1438820067,92471.531250
1438860000,92472.328125
1438900002,92471.234375
1438940005,92471.359375
1438980001,92471.093750
1439020405,92470.156250
1439060222,92470.906250
1439100041,92470.171875
1439140002,92469.953125
1439180000,92470.390625
1439220000,92470.781250
1439260002,92469.875000
1439300382,92471.343750
1439340202,92470.921875
1439380021,92470.859375
1439420000,92472.078125
1439460001,92470.375000
1439500000,92471.859375
1439539999,92470.953125
1439580364,92471.875000
1439620181,92471.484375
1439660000,92471.281250
1439700000,92471.437500
1439740003,92471.171875
1439780487,92471.468750
1439820001,92471.203125
1439860340,92471.562500
1439900157,92471.578125
1439939999,92471.890625
1439981903,92471.625000
1440021001,92470.187500
1440061001,92470.921875
1440101000,92471.125000
1440140999,92472.375000
1440181000,92472.234375
1440221202,92472.953125
1440261021,92471.890625
1440301000,92471.593750
1440341000,92473.046875
1440381003,92471.671875
1440421001,92472.375000
1440461358,92471.937500
1440501181,92471.812500
1440541001,92471.734375
1440581001,92471.375000
1440621001,92472.421875
1440661002,92472.312500
1440701000,92471.437500
1440741338,92471.687500
1440781380,92472.734375
1440821001,92472.203125
1440861002,92471.890625
1440901002,92471.328125
1440941003,92470.968750
1440981001,92471.031250
1441021315,92471.593750
1441061134,92472.234375
1441101002,92471.265625
1441141004,92471.171875
1441181001,92471.187500
1441221002,92471.109375
1441261000,92471.890625
1441301293,92471.937500
1441341113,92471.406250
1441381075,92471.031250
1441421000,92471.781250
1441461000,92471.546875
1441501000,92471.281250
1441541005,92472.343750
1441581320,92471.171875
1441621092,92471.046875
1441661001,92471.359375
1441700999,92471.812500
1441741001,92472.046875
1441781002,92471.625000
1441820999,92471.156250
1441861250,92472.031250
1441901112,92471.953125
1441941000,92471.593750
1441981000,92471.718750
1442022636,92471.781250
1442061999,92472.437500
1442102002,92472.531250
1442142000,92472.125000
1442182295,92472.218750
1442222203,92472.375000
1442261999,92472.453125
1442302000,92471.875000
1442342001,92473.343750
1442381999,92471.796875
1442422007,92471.937500
1442462272,92472.187500
1442502093,92473.390625
1442542000,92473.109375
1442582000,92472.687500
1442622002,92473.593750
1442661999,92473.640625
1442701999,92473.578125
1442742252,92474.265625
1442782072,92473.968750
1442822111,92473.562500
1442862002,92473.828125
1442902002,92473.171875
1442942002,92474.390625
1442982410,92474.031250
1443022230,92473.640625
1443062048,92473.515625
1443102002,92473.796875
1443142002,92473.687500
1443182002,92473.656250
1443222000,92473.406250
1443262389,92473.093750
1443302205,92473.187500
1443342025,92474.140625
1443382001,92472.875000
1443421999,92474.609375
1443461999,92474.484375
1443502002,92472.906250
1443542365,92473.625000
1443582184,92473.656250
1443622003,92473.687500
1443661999,92473.390625
1443702001,92474.375000
1443742004,92475.109375
1443782002,92473.812500
1443822346,92473.421875
1443864272,92473.671875
1443904001,92473.093750
1443944290,92473.484375
1443984114,92472.703125
1444024002,92473.296875
1444064002,92473.750000
1444104001,92473.625000
1444144001,92473.937500
1444184006,92472.578125
1444224271,92473.656250
1444264088,92473.390625
1444304002,92473.625000
1444344000,92474.140625
1444384000,92473.156250
1444424002,92474.218750
1444464001,92473.515625
1444504294,92473.765625
1444544067,92472.781250
1444584000,92473.671875
1444624002,92473.000000
1444664002,92473.546875
1444704000,92473.453125
1444744408,92474.000000
1444784228,92473.390625
1444824091,92473.953125
1444864000,92474.093750
1444904001,92472.640625
1444944001,92473.859375
1444984000,92472.453125
1445024393,92472.031250
1445064207,92471.203125
1445104027,92472.359375
1445144001,92471.390625
1445184003,92472.609375
1445224003,92473.156250
1445264002,92472.921875
1445304366,92472.750000
1445344184,92471.421875
1445384003,92472.671875
1445424002,92471.328125
1445464001,92471.203125
1445504002,92472.015625
1445544000,92472.031250
1445584344,92471.437500
1445624160,92472.640625
1445664000,92473.359375
1445705909,92472.312500
1445745003,92471.921875
1445785002,92472.281250
1445825001,92472.437500
1445865000,92473.062500
1445905002,92472.250000
1445945205,92471.781250
1445985023,92472.156250
1446025001,92472.890625
1446065002,92472.078125
1446105002,92472.734375
1446145002,92472.843750
1446185363,92473.250000
1446225183,92473.078125
1446265001,92473.281250
1446304999,92473.156250
1446345002,92472.921875
1446385001,92473.187500
1446424999,92473.328125
1446465345,92472.687500
1446505384,92472.390625
1446545005,92472.484375
1446585000,92473.218750
1446625000,92471.484375
1446665000,92471.937500
1446705000,92472.500000
1446745321,92471.281250
1446785141,92472.062500
1446825000,92472.078125
1446865000,92473.171875
1446905000,92471.828125
1446945001,92472.953125
1446985002,92472.484375
1447025301,92471.921875
1447065119,92472.984375
1447105001,92471.562500
1447145003,92472.203125
1447185000,92471.625000
1447225001,92472.734375
1447265000,92472.296875
1447305282,92471.812500
1447345099,92471.906250
1447385002,92472.625000
1447425001,92471.562500
1447465002,92472.968750
1447505000,92471.921875
1447545000,92472.625000
1447585262,92472.359375
1447625079,92472.156250
1447665003,92472.468750
1447705001,92471.234375
1447746646,92472.671875
1447786002,92472.171875
1447826001,92472.843750
1447866000,92472.312500
1447906303,92472.046875
1447946257,92471.953125
1447986002,92472.250000
1448026000,92472.218750
1448066002,92472.390625
1448106000,92472.796875
1448146002,92472.437500
1448186281,92472.375000
1448226099,92472.265625
1448266001,92472.640625
1448306001,92472.593750
1448346002,92471.609375
1448386001,92472.546875
1448426000,92472.437500
1448466262,92471.359375
1448506080,92472.265625
1448546120,92472.171875
1448586747,92473.796875
1448626002,92472.765625
1448666002,92473.015625
1448706465,92472.687500
1448746240,92472.687500
1448786060,92473.250000
1448826000,92472.500000
1448866000,92472.984375
1448906002,92473.421875
1448946000,92473.515625
1448986403,92474.046875
1449026263,92473.328125
1449066039,92473.125000
1449106002,92474.078125
1449146001,92473.687500
1449186000,92474.093750
1449225999,92474.406250
1449266380,92474.500000
1449306326,92473.359375
1449346060,92474.187500
1449386000,92474.734375
1449426002,92474.703125
1449466001,92475.281250
1449505999,92475.140625
1449546357,92475.171875
1449588290,92475.812500
1449628001,92476.000000
1449668305,92475.484375
1449708123,92476.390625
1449748000,92476.781250
1449789064,92475.953125
1449829001,92477.046875
1449869000,92477.187500
1449909001,92477.750000
1449949003,92477.968750
1449989131,92477.265625
1450029211,92478.218750
1450069000,92478.562500
1450109002,92478.593750
1450149000,92479.109375
1450189002,92478.843750
1450229002,92480.250000
1450269328,92479.968750
1450309147,92480.546875
1450349011,92480.343750
1450389131,92480.390625
1450429002,92481.093750
1450469000,92481.593750
1450509001,92482.093750
1450549307,92483.671875
1450589124,92483.140625
1450629000,92483.796875
1450669001,92483.046875
1450709000,92483.546875
1450749002,92484.500000
1450789000,92484.796875
1450829284,92484.968750
1450869103,92485.015625
1450909050,92485.093750
1450949001,92484.984375
1450989000,92485.343750
1451029000,92485.609375
1451069003,92485.796875
1451109391,92485.500000
1451149084,92485.578125
1451189001,92484.062500
1451230829,92486.062500
1451270000,92486.484375
1451310002,92485.796875
1451350000,92485.343750
1451390000,92485.375000
1451430348,92485.781250
1451470125,92484.921875
1451510071,92485.406250
1451550000,92486.359375
1451590002,92485.843750
1451630002,92485.609375
1451670000,92485.250000
1451710412,92485.578125
1451750107,92485.062500
1451790000,92485.062500
1451830000,92485.781250
1451870000,92486.515625
1451910002,92485.687500
1451950003,92485.140625
1451990268,92485.828125
1452030307,92486.500000
1452070000,92485.656250
1452110000,92486.046875
1452150002,92486.203125
1452190000,92485.546875
1452230424,92485.453125
1452270245,92486.921875
1452310067,92485.625000
1452350003,92487.000000
1452390001,92486.296875
1452430002,92486.171875
1452470002,92485.593750
1452510405,92485.984375
1452550225,92486.859375
1452590047,92486.312500
1452630000,92485.671875
1452669999,92485.390625
1452710000,92485.484375
1452750002,92486.578125
1452790386,92486.218750
1452830206,92484.343750
1452870023,92485.734375
1452910002,92485.640625
1452950001,92485.093750
1452990001,92486.109375
1453030002,92486.046875
1453072471,92484.750000
1453112000,92486.171875
1453152000,92485.656250
1453192310,92485.703125
1453232134,92485.796875
1453272037,92486.531250
1453312004,92484.828125
1453352001,92486.140625
1453392001,92486.718750
1453432001,92486.187500
1453472294,92485.921875
1453512113,92486.140625
1453552003,92486.625000
1453592000,92486.140625
1453632002,92486.781250
1453672000,92485.203125
1453712006,92485.796875
1453752312,92486.250000
1453792128,92486.062500
1453831999,92485.687500
1453872002,92485.812500
1453912001,92485.328125
1453952001,92486.171875
1453992001,92486.468750
1454032427,92486.531250
1454072113,92485.687500
1454112001,92486.531250
1454152000,92486.000000
1454192099,92485.687500
1454232002,92485.968750
1454272455,92486.296875
1454312275,92486.093750
1454352093,92486.171875
1454392002,92485.312500
1454432000,92486.625000
1454472000,92486.703125
1454512002,92485.453125
1454552433,92485.218750
1454592254,92485.859375
1454632074,92485.968750
1454672000,92487.296875
1454712001,92486.437500
1454752002,92486.031250
1454792002,92485.781250
1454832421,92486.343750
1454872233,92486.312500
1454914159,92486.031250
1454954361,92486.078125
1454994179,92485.390625
1455034002,92485.500000
1455074000,92485.515625
1455114002,92485.718750
1455154001,92486.234375
1455194000,92485.812500
1455234387,92486.046875
1455274162,92486.281250
1455314000,92486.515625
1455354000,92486.140625
1455394000,92485.593750
1455434002,92485.703125
1455473999,92485.984375
1455514544,92486.656250
1455554185,92486.859375
1455593999,92487.203125
1455634002,92486.890625
1455674000,92486.265625
1455714001,92485.968750
1455754000,92486.250000
1455794301,92485.671875
1455834121,92487.046875
1455874117,92486.500000
1455914000,92485.703125
1455954004,92485.796875
1455994001,92486.343750
1456034464,92486.484375
1456074280,92485.656250
1456114101,92486.203125
1456154005,92486.578125
1456194000,92486.015625
1456234002,92486.875000
1456274002,92485.953125
1456314443,92485.859375
1456354259,92485.890625
1456394081,92486.781250
1456434000,92486.687500
1456474001,92485.937500
1456514000,92486.281250
1456554001,92485.437500
1456594421,92485.187500
1456634242,92485.640625
1456674061,92485.406250
1456714000,92486.000000
1456755805,92486.359375
1456795000,92486.046875
1456835000,92486.515625
1456875000,92485.750000
1456915464,92486.015625
1456955460,92486.046875
1456995104,92486.187500
1457035000,92486.609375
1457075000,92485.781250
1457115000,92486.562500
1457155000,92486.125000
1457195443,92485.968750
1457235263,92486.750000
1457275085,92486.140625
1457315001,92485.843750
1457355001,92485.953125
1457395001,92485.640625
1457434999,92486.718750
1457475426,92486.203125
1457515245,92486.250000
1457555288,92486.218750
1457595000,92485.390625
1457635001,92487.781250
1457675002,92486.234375
1457714999,92486.359375
1457755404,92485.906250
1457795226,92486.359375
1457835044,92485.578125
1457875000,92486.296875
1457915001,92486.875000
1457955000,92485.421875
1457995000,92485.984375
1458035385,92485.687500
1458075203,92486.734375
1458115025,92486.203125
1458155001,92486.828125
1458195000,92487.109375
1458235002,92486.140625
1458275000,92485.562500
1458315364,92486.718750
1458355182,92486.703125
1458395003,92487.187500
1458435000,92486.156250
1458475000,92486.296875
1458514999,92486.703125
1458555002,92486.609375
1458597458,92486.140625
1458637001,92486.000000
1458677470,92486.140625
1458717293,92485.781250
1458757109,92486.296875
1458797064,92486.062500
1458837002,92485.515625
1458877002,92485.343750
1458917002,92487.078125
1458957451,92486.046875
1458997274,92486.062500
1459037092,92486.781250
1459077002,92485.453125
1459117002,92485.765625
1459157002,92486.593750
1459197001,92485.968750
1459237433,92486.500000
1459277253,92486.296875
1459317072,92486.953125
1459357002,92485.703125
1459397001,92486.390625
1459437003,92486.843750
1459477000,92486.656250
1459517414,92486.734375
1459557366,92486.921875
1459597053,92486.171875
1459637001,92487.296875
1459677002,92486.718750
1459717002,92486.453125
1459757001,92486.484375
1459797394,92485.875000
1459837217,92486.781250
1459877033,92487.312500
1459917002,92486.062500
1459957003,92487.125000
1459997001,92486.468750
1460037001,92486.406250
1460077372,92486.375000
1460117193,92486.093750
1460157012,92486.609375
1460197000,92487.187500
1460237002,92486.453125
1460277000,92486.687500
1460317000,92486.125000
1460357354,92486.390625
1460397173,92485.562500
1460439100,92486.015625
1460479300,92486.796875
1460519117,92486.687500
1460559000,92486.046875
1460599000,92485.656250
1460639001,92487.328125
1460679002,92486.250000
1460719461,92486.125000
1460759328,92486.250000
1460799099,92487.265625
1460838999,92486.937500
1460879001,92486.437500
1460918999,92487.093750
1460959002,92486.906250
1460999439,92486.921875
1461039481,92486.796875
1461079121,92486.906250
1461119000,92486.203125
1461159002,92485.625000
1461199002,92486.562500
1461239000,92486.781250
1461279422,92485.593750
1461319242,92486.546875
1461359059,92486.484375
1461399059,92486.453125
1461439001,92486.968750
1461478999,92487.218750
1461519000,92485.921875
1461559401,92486.406250
1461599221,92485.750000
1461639039,92487.015625
1461679001,92487.250000
1461719000,92486.734375
1461759003,92486.093750
1461799002,92485.140625
1461839383,92486.593750
1461879202,92486.609375
1461919029,92486.031250
1461959000,92487.000000
1461999001,92486.718750
1462039002,92486.218750
1462079001,92486.578125
1462119364,92486.171875
1462159180,92486.218750
1462199001,92486.375000
1462239002,92486.328125
1462280748,92486.125000
1462320000,92487.031250
1462360002,92486.921875
1462400001,92487.140625
1462440408,92486.109375
1462480313,92486.640625
1462520047,92485.859375
1462560000,92486.703125
1462600001,92486.218750
1462640002,92486.625000
1462680002,92486.500000
1462720389,92486.703125
1462760209,92486.968750
1462800032,92486.531250
1462840000,92486.859375
1462880001,92486.671875
1462920001,92486.265625
1462960000,92486.468750
1463000373,92486.390625
1463040190,92487.093750
1463080230,92486.765625
1463120000,92486.921875
1463160001,92486.609375
1463200000,92486.906250
1463240000,92486.500000
1463280349,92485.500000
1463320167,92486.656250
1463360010,92486.312500
1463400002,92486.687500
1463440000,92486.828125
1463480002,92486.843750
1463520001,92487.296875
1463560327,92486.390625
1463600148,92486.046875
1463640000,92487.546875
1463680000,92486.328125
1463720001,92486.765625
1463760001,92487.296875
1463800001,92486.640625
1463840311,92486.828125
1463880130,92486.937500
1463920002,92486.765625
1463960000,92486.453125
1464000000,92487.671875
1464040001,92486.656250
1464080470,92486.515625
1464122397,92487.296875
1464162000,92486.828125
1464202419,92487.453125
1464242239,92486.906250
1464282056,92486.562500
1464322012,92487.812500
1464362000,92486.843750
1464402000,92487.937500
1464442000,92487.390625
1464482398,92487.203125
1464522220,92487.328125
1464562037,92486.859375
1464602001,92486.734375
1464642000,92486.546875
1464682001,92486.953125
1464722001,92487.093750
1464762378,92487.281250
1464802205,92487.921875
1464842018,92488.187500
1464882001,92487.500000
1464922000,92487.453125
1464962000,92486.781250
1465002001,92487.437500
1465042362,92487.921875
1465082315,92487.390625
1465121999,92487.093750
1465162002,92486.890625
1465202000,92487.625000
1465242001,92486.718750
1465282000,92486.671875
1465322340,92487.156250
1465362157,92487.921875
1465402002,92487.250000
1465442002,92486.593750
1465482002,92487.078125
1465522002,92486.953125
1465562002,92487.140625
1465602322,92486.703125
1465642142,92487.578125
1465682002,92487.500000
1465722000,92487.109375
1465762003,92487.406250
1465802002,92487.765625
1465842000,92486.515625
1465882302,92487.593750
1465922123,92486.609375
1465964048,92486.828125
1466004247,92487.593750
1466044070,92487.015625
1466084002,92487.406250
1466124002,92486.234375
1466164000,92487.468750
1466204000,92486.703125
1466244412,92487.328125
1466284273,92487.343750
1466324060,92486.375000
1466364002,92487.343750
1466404000,92486.765625
1466444000,92487.843750
1466484002,92486.750000
1466524467,92487.671875
1466564431,92487.484375
1466604076,92487.171875
1466644001,92487.203125
1466684002,92487.500000
1466724002,92487.171875
1466764002,92487.093750
1466804372,92487.640625
1466844192,92487.734375
1466884013,92487.859375
1466924022,92487.984375
1466964000,92486.937500
1467004001,92487.093750
1467044002,92487.578125
1467084354,92487.421875
1467124184,92486.734375
1467164015,92487.578125
1467204001,92487.531250
1467244002,92487.953125
1467283999,92487.578125
1467324002,92486.390625
1467364333,92487.765625
1467404160,92487.171875
1467444001,92487.687500
1467483999,92487.625000
1467524001,92486.890625
1467564005,92486.890625
1467604005,92487.640625
1467644314,92486.500000
1467684134,92487.359375
1467724002,92487.093750
1467764004,92487.859375
1467805703,92486.984375
1467845000,92487.421875
1467885002,92487.484375
1467925001,92487.953125
1467965361,92487.718750
1468005266,92487.375000
1468045000,92487.656250
1468085002,92487.421875
1468125001,92486.984375
1468165001,92487.875000
1468205000,92487.437500
1468245338,92487.578125
1468285158,92486.593750
1468325002,92486.343750
1468365003,92487.593750
1468405002,92486.718750
1468445000,92487.000000
1468485001,92487.250000
1468525321,92487.656250
1468565141,92488.125000
1468605183,92487.000000
1468645001,92487.375000
1468685001,92488.000000
1468724999,92487.140625
1468765001,92486.796875
1468805302,92486.906250
1468845124,92487.265625
1468885000,92487.546875
1468925001,92487.265625
1468965002,92487.250000
1469005000,92486.968750
1469045466,92487.156250
1469085285,92487.531250
1469125104,92487.546875
1469165004,92487.484375
1469205002,92488.562500
1469245001,92486.781250
1469285000,92487.203125
1469325444,92488.125000
1469365265,92487.656250
1469405086,92487.437500
1469445002,92487.453125
1469485002,92486.609375
1469525002,92486.937500
1469564999,92487.265625
1469605429,92487.828125
1469647355,92487.453125
1469687002,92487.359375
1469727372,92488.359375
1469767197,92487.046875
1469807011,92487.609375
1469847130,92488.156250
1469887000,92488.687500
1469927002,92487.593750
1469967003,92487.296875
1470007361,92487.953125
1470047176,92486.656250
1470087002,92487.343750
1470127000,92488.484375
1470167001,92488.062500
1470206999,92487.984375
1470247001,92488.250000
1470287336,92487.718750
1470327157,92488.406250
1470367003,92488.421875
1470407002,92487.687500
1470447002,92488.000000
1470487001,92487.703125
1470527007,92487.687500
1470567315,92488.906250
1470607272,92488.343750
1470647108,92487.843750
1470687002,92488.578125
1470727000,92487.843750
1470767001,92488.062500
1470807001,92487.984375
1470847454,92487.953125
1470887120,92487.812500
1470927002,92488.968750
1470967002,92488.562500
1471007001,92487.828125
1471047002,92488.500000
1471087459,92487.546875
1471127280,92488.437500
1471167097,92487.125000
1471207001,92487.609375
1471247002,92488.468750
1471287000,92489.250000
1471327002,92488.328125
1471367444,92488.046875
1471407261,92488.203125
1471447078,92487.906250
1471489008,92487.937500
1471529208,92487.218750
1471569029,92487.828125
1471609001,92487.781250
1471648999,92488.703125
1471689000,92488.093750
1471729000,92489.328125
1471769372,92488.968750
1471809233,92487.578125
1471849160,92488.359375
1471889002,92488.125000
1471929001,92487.765625
1471969002,92488.875000
1472009000,92488.437500
1472049502,92488.750000
1472089394,92487.828125
1472129036,92488.078125
1472169000,92487.656250
1472209002,92488.296875
1472249000,92488.468750
1472289000,92488.453125
1472329330,92487.718750
1472369152,92488.500000
1472409000,92488.828125
1472449001,92488.812500
1472488999,92487.968750
1472529001,92488.109375
1472569007,92488.531250
1472609315,92488.859375
1472649133,92489.078125
1472689001,92488.578125
1472729002,92489.578125
1472769002,92489.062500
1472809001,92488.421875
1472848999,92489.062500
1472889297,92488.640625
1472929114,92487.937500
1472969002,92489.781250
1473009002,92488.250000
1473049002,92488.937500
1473088999,92488.984375
1473131569,92488.562500
1473171004,92488.765625
1473211002,92489.078125
1473251556,92487.703125
1473291226,92488.406250
1473331211,92488.093750
1473371000,92488.250000
1473411001,92489.125000
1473451002,92488.906250
1473491000,92488.984375
1473531383,92487.937500
1473571207,92487.546875
1473611027,92488.734375
1473650999,92488.531250
1473691001,92488.218750
1473731003,92488.031250
1473771003,92488.406250
1473811326,92488.609375
1473851148,92488.468750
1473891000,92488.375000
1473931005,92488.375000
1473971002,92488.734375
1474011002,92488.484375
1474051001,92489.484375
1474091351,92488.515625
1474131129,92488.921875
1474171001,92487.968750
1474211002,92487.890625
1474251002,92488.375000
1474291001,92488.343750
1474331000,92488.640625
1474371294,92489.140625
1474411160,92488.562500
1474451000,92488.953125
1474490999,92488.718750
1474531002,92488.937500
1474571001,92488.781250
1474611003,92488.375000
1474651274,92488.812500
1474691094,92489.437500
1474731002,92489.171875
1474771002,92487.921875
1474811000,92488.843750
1474851002,92488.390625
1474891001,92489.187500
1474931251,92488.125000
1474973179,92489.406250
1475013380,92488.671875
1475053197,92488.890625
1475093020,92488.781250
1475133000,92489.531250
1475173001,92489.031250
1475213000,92488.765625
1475253002,92488.437500
1475293358,92487.843750
1475333180,92488.921875
1475372999,92489.265625
1475413000,92488.031250
1475453001,92488.187500
1475492999,92488.218750
1475533001,92488.156250
1475573562,92488.062500
1475613164,92487.890625
1475653000,92487.578125
1475693001,92487.781250
1475733001,92487.937500
1475773003,92486.750000
1475813001,92487.031250
1475853321,92486.156250
1475893145,92486.484375
1475932999,92485.390625
1475973003,92486.031250
1476012999,92484.625000
1476053000,92484.125000
1476093001,92483.421875
1476133308,92482.562500
1476173125,92481.828125
1476213000,92480.312500
1476253000,92481.359375
1476293002,92479.734375
1476333002,92479.312500
1476373002,92478.546875
1476413286,92477.343750
1476453109,92477.671875
1476493001,92477.125000
1476533002,92475.718750
1476573001,92475.218750
1476613000,92474.843750
1476653003,92474.968750
1476693312,92474.328125
1476733091,92473.296875
1476773004,92473.468750
1476814831,92472.156250
1476854002,92472.812500
1476894000,92474.093750
1476934002,92473.406250
1476974002,92472.578125
1477014406,92472.406250
1477054132,92472.640625
1477094003,92472.906250
1477134000,92471.500000
1477174001,92472.265625
1477214002,92472.328125
1477254000,92471.656250
1477294298,92471.265625
1477334162,92471.765625
1477374002,92472.343750
1477414002,92471.609375
1477454000,92471.640625
1477494002,92471.812500
1477534004,92471.125000
1477574282,92472.859375
1477614321,92471.875000
1477654000,92472.250000
1477694001,92471.031250
1477734002,92472.937500
1477774005,92472.953125
1477813999,92472.531250
1477854264,92472.890625
1477894082,92473.531250
1477934001,92473.062500
1477974002,92472.671875
1478014002,92473.781250
1478054000,92472.312500
1478094421,92473.062500
1478134244,92472.984375
1478174066,92472.812500
1478214002,92473.171875
1478254000,92473.343750
1478294001,92473.937500
1478334001,92473.546875
1478374405,92472.375000
1478414224,92473.875000
1478454045,92473.109375
1478494000,92473.375000
1478534000,92473.843750
1478574004,92473.234375
1478614001,92474.000000
1478656496,92474.453125
1478696000,92473.421875
1478736002,92474.156250
1478776333,92473.375000
1478816156,92473.296875
1478856016,92473.734375
1478896001,92474.296875
1478936001,92474.265625
1478976002,92474.031250
1479016000,92473.328125
1479056319,92473.265625
1479096135,92475.015625
1479136002,92473.546875
1479176000,92474.046875
1479216002,92474.203125
1479256002,92472.937500
1479296000,92474.140625
1479336297,92473.750000
1479376120,92475.609375
1479416001,92474.703125
1479456001,92475.390625
1479496001,92474.781250
1479536002,92475.437500
1479576001,92475.109375
1479616325,92474.687500
1479656103,92475.093750
1479696002,92475.328125
1479736000,92475.125000
1479776001,92474.484375
1479816000,92475.593750
1479856001,92474.875000
1479896265,92475.906250
1479936130,92475.203125
1479976005,92475.500000
1480016001,92475.500000
1480056002,92475.687500
1480096001,92475.890625
1480136005,92474.453125
1480176246,92474.968750
1480216068,92474.937500
1480256000,92474.781250
1480296000,92475.656250
1480336001,92475.140625
1480376001,92476.203125
1480416406,92474.984375
1480456229,92474.640625
1480498155,92474.890625
1480538355,92474.984375
1480578173,92475.828125
1480618000,92474.437500
1480658002,92475.015625
1480698000,92475.015625
1480738001,92474.921875
1480778002,92476.125000
1480818340,92474.750000
1480858157,92475.500000
1480898003,92474.468750
1480938003,92474.828125
1480978003,92475.046875
1481017999,92474.812500
1481058002,92473.984375
1481098541,92474.734375
1481138141,92474.078125
1481178002,92474.296875
1481218001,92474.921875
1481258000,92474.265625
1481298000,92474.375000
1481338001,92474.609375
1481378306,92475.140625
1481418124,92475.250000
1481458000,92475.218750
1481498001,92474.468750
1481538004,92474.937500
1481578001,92475.671875
1481618000,92474.171875
1481658285,92475.484375
1481698103,92475.718750
1481738001,92474.828125
1481778001,92475.781250
1481818000,92474.062500
1481857999,92475.203125
1481898003,92474.828125
1481938270,92475.265625
1481978086,92475.281250
1482018002,92474.828125
1482058002,92475.484375
1482098001,92475.156250
1482138002,92475.890625
1482178000,92475.328125
1482218295,92476.015625
1482258068,92474.734375
1482298000,92475.437500
1482339816,92475.250000
1482379003,92475.625000
1482418999,92475.593750
1482459002,92475.296875
1482499002,92475.921875
1482539475,92475.781250
1482579115,92475.828125
1482619001,92475.312500
1482659001,92475.546875
1482699001,92475.250000
1482739000,92475.437500
1482779002,92476.562500
1482819280,92475.109375
1482859144,92475.671875
1482899002,92476.453125
1482939002,92476.500000
1482979000,92474.937500
1483019001,92476.468750
1483059002,92476.453125
1483099262,92476.031250
1483139300,92476.625000
1483179035,92476.250000
1483219001,92475.781250
1483259000,92476.500000
1483299000,92476.421875
1483339424,92476.468750
1483379245,92476.296875
1483419061,92476.046875
1483459000,92476.156250
1483499000,92475.515625
1483539005,92476.421875
1483579000,92476.546875
1483619407,92476.437500
1483659225,92475.484375
1483699045,92476.062500
1483739001,92475.875000
1483779002,92476.828125
1483819001,92476.703125
1483859001,92476.250000
1483899389,92475.828125
1483939207,92475.531250
1483979027,92475.765625
1484019001,92476.609375
1484059001,92476.156250
1484099002,92476.031250
1484139000,92475.531250
1484181481,92475.468750
1484221000,92475.656250
1484260999,92476.296875
1484301316,92475.781250
1484341139,92475.968750
1484381156,92476.500000
1484421002,92476.187500
1484461002,92475.593750
1484501000,92475.515625
1484541000,92475.281250
1484581298,92475.828125
1484621121,92475.859375
1484661001,92475.843750
1484701002,92476.453125
1484741001,92475.343750
1484781002,92476.031250
1484821001,92477.093750
1484861286,92476.703125
1484901105,92475.453125
1484941000,92476.750000
1484981064,92476.250000
1485021001,92476.093750
1485061000,92475.703125
1485101002,92475.937500
1485141309,92475.687500
1485181084,92476.296875
1485221000,92476.203125
1485261001,92475.453125
1485301001,92476.437500
1485341002,92475.390625
1485381002,92475.500000
1485421249,92475.687500
1485461112,92475.921875
1485500999,92476.296875
1485541001,92476.359375
1485581005,92476.265625
1485621000,92475.015625
1485661409,92476.203125
1485701230,92475.156250
1485741052,92475.968750
1485781001,92476.125000
1485821000,92475.234375
1485861000,92475.781250
1485901002,92475.453125
1485941397,92475.593750
1485981214,92476.390625
1486023146,92476.140625
1486063341,92476.296875
1486103161,92475.421875
1486143003,92476.453125
1486183002,92476.250000
1486223002,92476.390625
1486263001,92476.218750
1486303000,92476.312500
1486343323,92475.718750
1486383144,92476.109375
1486423002,92475.781250
1486463002,92475.000000
1486503001,92475.515625
1486543001,92475.500000
1486583001,92474.968750
1486623531,92475.906250
1486663125,92475.171875
1486703000,92476.156250
1486743000,92476.562500
1486783000,92475.406250
1486823001,92475.265625
1486863002,92476.796875
1486903291,92476.031250
1486943112,92476.171875
1486983002,92475.187500
1487023000,92476.046875
1487063001,92474.984375
1487103002,92475.421875
1487143006,92475.640625
1487183273,92475.625000
1487223092,92475.562500
1487263001,92476.250000
1487303000,92475.156250
1487343001,92474.859375
1487383001,92475.234375
1487423003,92475.609375
1487463256,92475.765625
1487503076,92476.437500
1487543001,92475.859375
1487583002,92476.046875
1487623002,92475.312500
1487663000,92475.843750
1487703420,92476.078125
1487743281,92475.093750
1487783057,92476.015625
1487822999,92474.968750
1487864804,92476.343750
1487904000,92475.171875
1487944002,92476.234375
1487984001,92475.125000
1488024002,92476.140625
1488064373,92474.828125
1488104107,92475.421875
1488144000,92475.765625
1488184002,92474.687500
1488224002,92475.609375
1488264001,92475.171875
1488304004,92475.828125
1488344269,92474.625000
1488384132,92475.125000
1488424000,92475.234375
1488464000,92475.281250
1488504000,92475.234375
1488544000,92474.812500
1488584002,92475.234375
1488624251,92475.578125
1488664295,92474.781250
1488704002,92474.812500
1488744001,92474.875000
1488784001,92474.890625
1488824000,92474.921875
1488864417,92475.328125
1488904235,92475.046875
1488944053,92474.875000
1488984002,92475.078125
1489024001,92474.656250
1489064002,92475.265625
1489104000,92474.625000
1489144398,92475.015625
1489184221,92474.296875
1489224040,92474.453125
1489264001,92475.359375
1489304002,92474.484375
1489344002,92474.796875
1489384002,92474.437500
1489424383,92475.234375
1489464201,92474.375000
1489504023,92474.453125
1489544002,92475.140625
1489584001,92474.468750
1489624000,92474.562500
1489664000,92474.984375
1489706473,92474.437500
1489746000,92475.437500
1489786002,92474.703125
1489826314,92474.703125
1489866134,92474.484375
1489906000,92474.437500
1489946000,92474.546875
1489986000,92475.031250
1490026001,92474.718750
1490066003,92475.062500
1490106298,92474.406250
1490146116,92475.703125
1490186002,92474.562500
1490226001,92474.296875
1490266000,92474.593750
1490306002,92474.062500
1490346002,92474.968750
1490386283,92474.921875
1490426098,92474.437500
1490466000,92475.734375
1490506000,92474.750000
1490546002,92474.453125
1490586001,92475.437500
1490626000,92475.468750
1490666307,92474.515625
1490706081,92475.218750
1490746001,92475.484375
1490786001,92475.031250
1490826000,92475.343750
1490866001,92475.421875
1490906425,92474.875000
1490946247,92475.500000
1490986109,92475.437500
1491026001,92474.781250
1491066001,92475.796875
1491106001,92475.562500
1491146001,92475.312500
1491186414,92475.031250
1491226232,92475.703125
1491266051,92474.515625
1491306002,92475.421875
1491346000,92475.250000
1491386002,92475.796875
1491426002,92475.593750
1491466392,92475.296875
1491506214,92475.968750
1491548142,92475.968750
1491588340,92476.046875
1491628174,92475.812500
1491668002,92476.375000
1491708002,92476.843750
1491748056,92475.656250
1491787999,92475.750000
1491828000,92476.156250
1491868326,92475.734375
1491908146,92476.000000
1491948001,92475.671875
1491988001,92475.671875
1492028002,92477.109375
1492068002,92475.359375
1492108003,92476.515625
1492148529,92475.828125
1492188135,92476.843750
1492228002,92475.906250
1492268002,92475.953125
1492308000,92477.250000
1492348002,92476.640625
1492388002,92476.312500
1492428368,92476.437500
1492468110,92476.875000
1492508000,92476.046875
1492548005,92477.187500
1492587999,92476.781250
1492628000,92476.093750
1492668000,92475.531250
1492708274,92475.406250
1492748097,92476.156250
1492788000,92476.109375
1492827999,92476.718750
1492868000,92476.437500
1492908001,92476.656250
1492948002,92476.062500
1492988260,92476.656250
1493028090,92475.468750
1493068000,92476.640625
1493108000,92475.890625
1493148000,92476.578125
1493188000,92476.265625
1493228000,92475.656250
1493268286,92475.765625
1493308063,92477.062500
1493347999,92476.437500
1493389939,92476.250000
1493429001,92475.578125
1493469001,92475.828125
1493509002,92476.281250
1493549000,92476.875000
1493589506,92476.046875
1493629111,92475.156250
1493669000,92476.156250
1493709000,92475.312500
1493749002,92476.343750
1493789000,92476.015625
1493829007,92476.031250
1493869275,92474.984375
1493909137,92475.562500
1493949002,92475.625000
1493989002,92475.531250
1494029002,92474.609375
1494069001,92474.875000
1494109001,92475.640625
1494149259,92475.859375
1494189296,92475.140625
1494229000,92475.031250
1494269002,92475.359375
1494309001,92475.093750
1494349001,92475.562500
1494389417,92475.828125
1494429239,92475.062500
1494469059,92475.203125
1494509000,92476.359375
1494549002,92475.062500
1494589001,92474.375000
1494629001,92475.281250
1494669404,92475.578125
1494709224,92475.484375
1494749043,92475.390625
1494789001,92474.906250
1494829000,92475.046875
1494869002,92475.765625
1494909001,92476.671875
1494949386,92476.078125
1494989206,92476.375000
1495029028,92475.781250
1495069001,92474.968750
1495109002,92475.406250
1495149001,92474.953125
1495189000,92474.953125
1495231479,92474.734375
1495271000,92474.578125
1495311002,92475.296875
1495351318,92474.468750
1495391138,92474.421875
1495431078,92474.500000
1495471002,92475.171875
1495511001,92475.796875
1495551000,92475.125000
1495591000,92475.125000
1495631303,92474.750000
1495671123,92474.687500
1495711001,92475.031250
1495751002,92475.546875
1495791001,92475.421875
1495831002,92475.609375
1495871002,92475.000000
1495911285,92475.171875
1495951107,92476.281250
1495991002,92475.140625
1496031000,92474.765625
1496071001,92474.984375
1496111002,92474.375000
1496151002,92474.593750
1496191316,92474.265625
1496231087,92474.109375
1496271000,92474.687500
1496311000,92474.546875
1496351001,92475.312500
1496391002,92474.890625
1496431002,92473.593750
1496471253,92474.187500
1496511119,92474.468750
1496551002,92473.546875
1496590999,92474.796875
1496631000,92473.625000
1496671001,92473.875000
1496711416,92473.921875
1496751238,92474.093750
1496791057,92473.109375
1496831002,92474.375000
1496871001,92474.031250
1496911002,92473.796875
1496951000,92472.828125
1496991400,92473.843750
1497031219,92473.296875
1497073148,92473.578125
1497113348,92474.093750
1497153168,92473.656250
1497193000,92474.218750
1497233000,92472.921875
1497273001,92473.984375
1497313000,92473.437500
1497353001,92473.203125
1497393334,92473.265625
1497433151,92473.421875
1497473001,92472.921875
1497513001,92474.500000
1497553002,92472.796875
1497593001,92472.546875
1497633001,92472.593750
1497673538,92473.343750
1497713136,92472.234375
1497753001,92472.562500
1497793002,92472.046875
1497833002,92472.203125
1497873001,92471.859375
1497912999,92472.031250
1497953301,92471.343750
1497993119,92471.812500
1498033000,92471.437500
1498073002,92471.656250
1498112999,92471.843750
1498153000,92471.046875
1498193000,92471.296875
1498233283,92471.328125
1498273107,92471.359375
1498313001,92471.359375
1498353001,92470.609375
1498393001,92470.093750
1498433000,92470.421875
1498473003,92470.046875
1498513269,92470.468750
1498553087,92469.859375
1498593002,92470.046875
1498633001,92470.218750
1498673000,92469.437500
1498712999,92469.343750
1498753000,92469.609375
1498793298,92469.578125
1498833074,92469.953125
1498873000,92469.484375
1498914820,92469.468750
1498954000,92469.375000
1498994001,92469.812500
1499034002,92469.046875
1499074000,92468.718750
1499114387,92467.984375
1499154123,92468.390625
1499194002,92468.281250
1499234000,92468.734375
1499274002,92468.562500
1499314001,92467.484375
1499354002,92468.625000
1499394285,92467.453125
1499434147,92467.984375
1499474000,92467.609375
1499514001,92467.781250
1499554000,92467.109375
1499593999,92467.718750
1499634004,92467.406250
1499674268,92467.359375
1499714308,92466.484375
1499754002,92466.031250
1499794002,92466.343750
1499834001,92466.468750
1499874000,92466.468750
1499914003,92465.968750
1499954252,92466.453125
1499994074,92466.250000
1500034000,92465.906250
1500074002,92465.671875
1500114001,92466.062500
1500154000,92465.328125
1500194419,92465.921875
1500234237,92465.375000
1500274056,92464.218750
1500314001,92466.031250
1500354001,92464.562500
1500394000,92464.734375
1500434000,92464.468750
1500474400,92464.015625
1500514220,92463.781250
1500554039,92465.390625
1500594001,92464.578125
1500634002,92464.375000
1500674001,92463.984375
1500714000,92463.281250
1500756490,92463.046875
1500796000,92463.796875
1500836000,92463.312500
1500876333,92463.640625
1500916155,92462.609375
1500956104,92461.890625
1500996002,92461.968750
1501036001,92462.828125
1501076000,92462.046875
1501115999,92462.187500
1501156316,92463.093750
1501196139,92461.812500
1501235999,92462.312500
1501276001,92461.859375
1501316000,92462.703125
1501356002,92461.734375
1501396002,92461.812500
1501436301,92461.296875
1501476124,92461.406250
1501516000,92461.890625
1501556014,92462.265625
1501596002,92460.484375
1501636000,92460.859375
1501675999,92460.953125
1501716330,92459.921875
1501756105,92461.234375
1501796002,92460.062500
1501836000,92459.390625
1501876001,92459.671875
1501915999,92459.531250
1501956003,92460.265625
1501996273,92460.000000
1502036134,92459.515625
1502076001,92459.593750
1502116000,92459.875000
1502156002,92459.984375
1502196000,92458.984375
1502236003,92459.578125
1502276253,92458.546875
1502316075,92458.421875
1502356005,92457.921875
1502396002,92458.250000
1502436002,92458.156250
1502476001,92457.421875
1502516420,92457.765625
1502556241,92457.421875
1502598170,92458.093750
1502638367,92457.093750
1502678189,92457.171875
1502718006,92458.109375
1502758000,92457.031250
1502798000,92457.531250
1502838001,92457.359375
1502878002,92458.171875
1502918353,92456.375000
1502958175,92457.906250
1502998000,92456.796875
1503038000,92456.515625
1503078001,92456.312500
1503118000,92455.468750
1503158001,92456.125000
1503198565,92456.390625
1503238156,92454.828125
1503278001,92455.125000
1503318001,92454.921875
1503358001,92454.859375
1503398002,92454.937500
1503438001,92454.812500
1503478319,92455.109375
1503518140,92454.750000
1503558001,92454.375000
1503598001,92453.953125
1503638000,92454.828125
1503678001,92454.796875
1503718001,92453.531250
1503758306,92454.265625
1503798125,92454.218750
1503838000,92453.718750
1503878001,92453.281250
1503918002,92453.343750
1503958000,92452.703125
1503998000,92453.421875
1504038291,92453.046875
1504078110,92452.625000
1504118002,92453.203125
1504158001,92452.859375
1504198002,92451.859375
1504237999,92451.921875
1504277999,92452.046875
1504318316,92452.734375
1504358094,92452.984375
1504398001,92453.031250
1504439841,92452.796875
1504479003,92451.781250
1504519002,92451.625000
1504559002,92452.015625
1504599001,92451.828125
1504639411,92451.015625
1504679141,92451.843750
1504719001,92451.953125
1504759003,92451.234375
1504799000,92451.343750
1504839000,92450.859375
1504879000,92450.703125
1504919309,92450.312500
1504959174,92450.515625
1504999000,92450.578125
1505039005,92450.265625
1505079000,92450.171875
1505119001,92451.015625
1505159002,92450.859375
1505199293,92451.000000
1505239336,92451.140625
1505279002,92450.156250
1505319000,92449.437500
1505359002,92449.765625
1505399002,92450.109375
1505439000,92448.984375
1505479278,92449.703125
1505519096,92449.015625
1505559003,92448.656250
1505599000,92449.031250
1505639000,92448.906250
1505679002,92447.875000
1505719000,92448.687500
1505759266,92448.890625
1505799084,92449.046875
1505839000,92448.171875
1505878999,92448.968750
1505918999,92448.500000
1505959003,92448.187500
1505999428,92449.203125
1506039246,92448.031250
1506079065,92448.859375
1506119000,92447.390625
1506159000,92447.500000
1506199000,92448.421875
1506239001,92447.796875
1506281518,92448.468750
1506321002,92447.234375
1506361002,92449.046875
1506401358,92448.046875
1506441180,92447.703125
1506481047,92447.656250
1506520999,92447.781250
1506561001,92446.890625
1506601000,92447.296875
1506641001,92447.046875
1506681345,92447.109375
1506721165,92447.296875
1506761010,92446.796875
1506801000,92447.125000
1506841000,92447.656250
1506881000,92446.906250
1506921000,92446.328125
1506961329,92446.281250
1507001153,92447.234375
1507041001,92446.546875
1507081013,92446.437500
1507121000,92447.312500
1507161001,92447.281250
1507201002,92446.484375
1507241360,92446.781250
1507281134,92446.312500
1507321002,92446.312500
1507361000,92446.359375
1507401001,92446.390625
1507441000,92446.031250
1507481000,92446.218750
1507521301,92447.109375
1507561162,92446.531250
1507601000,92445.812500
1507641000,92446.203125
1507681002,92446.187500
1507721002,92445.828125
1507761000,92446.687500
1507801282,92445.812500
1507841104,92446.296875
1507881002,92447.218750
1507920999,92446.078125
1507961004,92446.578125
1508000999,92445.718750
1508041001,92445.671875
1508081268,92446.625000
1508123193,92446.812500
1508163399,92445.843750
1508203218,92446.953125
1508243036,92446.187500
1508283001,92446.109375
1508323001,92446.453125
1508363002,92446.390625
1508403001,92445.593750
1508443383,92446.703125
1508483202,92446.609375
1508523021,92446.062500
1508563002,92446.265625
1508603001,92446.156250
1508642999,92445.781250
1508683001,92446.687500
1508723588,92447.093750
1508763184,92445.531250
1508803007,92445.593750
1508843001,92446.359375
1508883002,92446.500000
1508923002,92446.843750
1508963001,92447.078125
1509003349,92446.625000
1509043169,92446.890625
1509083000,92446.453125
1509123002,92446.718750
1509163001,92447.125000
1509203000,92446.812500
1509243001,92445.812500
1509283335,92447.187500
1509323157,92446.734375
1509363000,92445.421875
1509403000,92446.062500
1509443002,92445.953125
1509483001,92445.703125
1509523000,92446.578125
1509563319,92446.296875
1509603142,92445.921875
1509643000,92446.859375
1509683002,92447.218750
1509723000,92446.609375
1509763000,92447.703125
1509803000,92446.671875
1509843349,92446.828125
1509883126,92447.796875
1509923003,92447.968750
1509964870,92447.828125
1510004002,92447.328125
1510044000,92447.625000
1510083999,92447.984375
1510124000,92447.656250
1510164534,92448.296875
1510204177,92449.093750
1510244003,92448.468750
1510284000,92449.187500
1510324001,92449.062500
1510364000,92448.375000
1510404002,92448.015625
1510444340,92450.156250
1510484206,92448.921875
1510524002,92449.406250
1510564002,92449.000000
1510604000,92448.296875
1510643999,92448.921875
1510684000,92449.781250
1510724326,92449.203125
1510764370,92450.218750
1510804011,92450.468750
1510844002,92449.000000
1510884002,92449.031250
1510924003,92449.656250
1510964001,92450.343750
1511004311,92450.093750
1511044130,92450.203125
1511084001,92450.390625
1511124000,92450.343750
1511164002,92450.875000
1511203999,92450.828125
1511244002,92450.640625
1511284294,92450.859375
1511324113,92450.156250
1511364001,92450.875000
1511404000,92450.796875
1511444002,92450.890625
1511484002,92450.781250
1511524002,92451.671875
1511564278,92451.718750
1511604100,92451.296875
1511644002,92452.218750
1511684002,92452.500000
1511724002,92452.375000
1511764002,92452.218750
1511804001,92452.703125
1511844266,92452.703125
1511884085,92452.765625
1511924055,92452.921875
1511964000,92453.015625
1512005659,92452.765625
1512045001,92453.765625
1512085001,92453.656250
1512124999,92453.875000
1512165318,92455.125000
1512205181,92454.328125
1512245002,92454.078125
1512285002,92454.296875
1512325000,92453.187500
1512365000,92454.671875
1512405002,92455.140625
1512445302,92454.906250
1512485121,92455.281250
1512525093,92454.687500
1512565000,92454.609375
1512605000,92454.828125
1512645002,92454.796875
1512685000,92455.906250
1512725438,92454.875000
1512765107,92456.875000
1512805147,92457.015625
1512845002,92457.046875
1512885002,92456.390625
1512925002,92456.218750
1512965005,92456.906250
1513005269,92455.796875
1513045090,92457.578125
1513085001,92456.531250
1513125001,92457.156250
1513165001,92457.609375
1513205000,92457.328125
1513245003,92457.625000
1513285254,92458.234375
1513325075,92457.796875
1513365001,92458.328125
1513405001,92457.546875
1513445002,92458.843750
1513485001,92457.593750
1513525419,92458.015625
1513565242,92457.765625
1513605061,92459.453125
1513645002,92458.468750
1513685002,92459.718750
1513725000,92458.828125
1513765001,92458.578125
1513805407,92459.187500
1513847335,92459.140625
1513887000,92459.125000
1513927505,92460.421875
1513967178,92460.312500
1514007001,92459.703125
1514047002,92460.312500
1514087001,92461.312500
1514127000,92461.531250
1514167000,92460.765625
1514207340,92461.828125
1514247158,92461.093750
1514287000,92461.359375
1514327001,92460.750000
1514367000,92461.531250
1514407000,92461.718750
1514447001,92462.703125
1514487324,92462.031250
1514527147,92461.968750
1514567001,92462.984375
1514607001,92462.265625
1514647001,92462.921875
1514687000,92463.359375
1514727002,92463.046875
1514767312,92463.343750
1514807137,92463.937500
1514847002,92463.703125
1514886999,92463.578125
1514927001,92463.906250
1514967004,92463.906250
1515007000,92463.468750
1515047295,92463.875000
1515087115,92465.125000
1515127000,92464.921875
1515167001,92464.609375
1515207000,92465.093750
1515247002,92464.234375
1515286999,92465.046875
1515327280,92464.812500
1515367100,92465.203125
1515407002,92466.437500
1515447000,92466.359375
1515486999,92465.000000
1515527000,92466.203125
1515567001,92466.781250
1515607266,92466.062500
1515647087,92466.875000
1515689013,92466.906250
1515729215,92466.921875
1515769034,92467.140625
1515809002,92466.875000
1515849000,92466.265625
1515889001,92467.796875
1515929001,92467.078125
1515969380,92466.546875
1516009251,92466.843750
1516049020,92467.375000
1516089001,92467.453125
1516129002,92467.281250
1516169004,92467.187500
1516209002,92467.796875
1516249366,92468.031250
1516289408,92467.875000
1516329050,92467.875000
1516369002,92467.843750
1516409002,92468.031250
1516449000,92468.171875
1516489002,92467.828125
1516529350,92468.734375
1516569171,92469.015625
1516609001,92468.093750
1516649000,92468.765625
1516689001,92469.031250
1516729002,92469.093750
1516769000,92468.531250
1516809342,92469.187500
1516849156,92469.796875
1516889002,92470.546875
1516929001,92469.953125
1516969003,92470.125000
1517009001,92469.781250
1517049000,92470.015625
1517089324,92469.562500
1517129142,92470.750000
1517169002,92470.875000
1517209001,92470.156250
1517249001,92470.671875
1517289002,92470.906250
1517328999,92470.953125
1517369309,92471.265625
1517409128,92470.531250
1517449002,92470.765625
1517489005,92470.218750
1517530695,92470.812500
1517570000,92471.609375
1517610001,92470.718750
1517650000,92470.312500
1517690359,92471.281250
1517730224,92472.500000
1517770020,92471.203125
1517810001,92471.406250
1517850000,92471.312500
1517890001,92471.359375
1517930000,92472.015625
1517970343,92471.375000
1518010165,92470.937500
1518050002,92471.593750
1518090000,92472.593750
1518130002,92472.828125
1518170000,92472.140625
1518210000,92472.281250
1518250331,92471.859375
1518290152,92472.812500
1518330190,92472.000000
1518370001,92472.359375
1518410000,92472.593750
1518450001,92472.500000
1518490001,92472.359375
1518530314,92473.125000
1518570134,92473.359375
1518610001,92472.375000
1518650000,92472.265625
1518690002,92473.265625
1518730000,92473.562500
1518770002,92472.828125
1518810300,92473.203125
1518850124,92472.140625
1518890000,92473.062500
1518930003,92472.015625
1518970001,92471.359375
1519010002,92472.609375
1519050001,92472.796875
1519090289,92471.781250
1519130110,92472.828125
1519170000,92472.812500
1519210001,92472.687500
1519250001,92472.781250
1519290000,92472.218750
1519330006,92472.046875
1519372381,92472.250000
1519412002,92472.203125
1519452401,92472.093750
1519492222,92473.000000
1519532042,92472.984375
1519572039,92472.921875
1519612001,92472.578125
1519652002,92472.015625
1519692002,92472.515625
1519732389,92472.406250
1519772208,92472.218750
1519812034,92472.718750
1519852000,92472.906250
1519892000,92472.171875
1519932000,92472.984375
1519972001,92473.343750
1520012375,92473.296875
1520052194,92472.953125
1520092015,92473.625000
1520132001,92472.703125
1520172000,92473.531250
1520212001,92473.109375
1520252000,92472.718750
1520292359,92473.093750
1520332178,92473.609375
1520372020,92473.875000
1520412001,92473.265625
1520452000,92473.687500
1520492002,92473.265625
1520532001,92473.906250
1520572345,92475.015625
1520612164,92474.171875
1520652001,92474.187500
1520692002,92473.984375
1520732001,92473.703125
1520772002,92473.218750
1520812002,92474.187500
1520852329,92473.312500
1520892152,92473.343750
1520932002,92473.796875
1520972000,92473.718750
1521012002,92474.343750
1521052000,92475.000000
1521092001,92473.687500
1521132317,92474.890625
1521172137,92473.765625
1521214070,92473.921875
1521254264,92474.671875
1521294085,92474.890625
1521334001,92475.296875
1521374000,92474.890625
1521414000,92475.359375
1521454001,92476.093750
1521494002,92475.500000
1521534375,92475.125000
1521574071,92475.203125
1521614000,92475.156250
1521654002,92476.015625
1521694000,92476.328125
1521734000,92476.468750
1521774417,92475.234375
1521814459,92475.531250
1521854101,92476.406250
1521894000,92475.296875
1521934000,92475.359375
1521974001,92475.812500
1522013999,92475.093750
1522054404,92476.296875
1522094224,92475.687500
1522134057,92475.906250
1522174001,92476.546875
1522214000,92475.687500
1522254002,92476.359375
1522294000,92475.078125
1522334465,92475.609375
1522374208,92474.984375
1522414035,92475.265625
1522454000,92476.031250
1522494000,92475.828125
1522534004,92476.000000
1522574000,92474.875000
1522614377,92475.156250
1522654196,92474.687500
1522694017,92474.718750
1522734002,92474.453125
1522774003,92475.718750
1522814002,92475.968750
1522854001,92475.125000
1522894361,92474.734375
1522934190,92474.937500
1522974004,92474.234375
1523014000,92475.125000
1523055748,92474.250000
1523095001,92474.796875
1523135000,92474.359375
1523175002,92475.765625
1523215412,92474.328125
1523255276,92474.562500
1523295052,92474.234375
1523335001,92474.375000
1523375175,92474.484375
1523415002,92474.375000
1523455002,92474.796875
1523495396,92475.015625
1523535218,92475.093750
1523575525,92475.000000
1523615001,92475.546875
1523654999,92475.718750
1523695004,92474.421875
1523735001,92475.750000
1523775383,92474.593750
1523815204,92475.328125
1523855244,92473.968750
1523895000,92474.421875
1523935002,92474.671875
1523975001,92474.562500
1524015002,92473.703125
1524055368,92474.828125
1524095187,92474.406250
1524135010,92474.250000
1524175314,92474.187500
1524215002,92473.953125
1524255002,92474.406250
1524295002,92474.328125
1524335356,92473.546875
1524375174,92474.828125
1524415001,92475.000000
1524455002,92474.562500
1524495001,92474.359375
1524535001,92474.078125
1524575002,92474.546875
1524615340,92474.015625
1524655162,92474.984375
1524695000,92474.890625
1524735000,92474.968750
1524775103,92475.218750
1524815002,92474.468750
1524855000,92475.062500
1524897435,92475.921875
1524937002,92474.312500
1524976999,92475.109375
1525017277,92475.265625
1525057096,92474.781250
1525097003,92474.796875
1525137002,92474.312500
1525177000,92475.093750
1525217000,92476.250000
1525257001,92475.375000
1525297264,92475.031250
1525337083,92474.812500
1525378343,92475.406250
1525418001,92475.093750
1525458001,92475.453125
1525498002,92475.031250
1525538002,92475.015625
1525578000,92474.953125
1525618314,92474.562500
1525658135,92475.062500
1525698001,92474.890625
1525738002,92475.562500
1525778147,92475.609375
1525818000,92475.125000
1525858000,92474.968750
1525898301,92475.218750
1525938119,92475.250000
1525978064,92475.406250
1526018002,92474.968750
1526058001,92475.609375
1526098000,92475.687500
1526138000,92475.781250
1526178410,92475.156250
1526218108,92475.031250
1526258001,92475.015625
1526298002,92474.906250
1526338000,92475.625000
1526378001,92475.531250
1526418003,92475.218750
1526458273,92475.781250
1526498091,92475.546875
1526540021,92475.984375
1526580344,92475.218750
1526620042,92475.156250
1526660002,92474.968750
1526700001,92474.937500
1526740000,92475.609375
1526780001,92476.281250
1526820387,92475.500000
1526860207,92474.968750
1526900028,92475.515625
1526940001,92474.843750
1526980216,92474.890625
1527020002,92475.109375
1527060001,92476.187500
1527100375,92476.421875
1527140414,92475.656250
1527181386,92476.390625
1527221079,92474.828125
1527261002,92475.734375
1527301001,92475.421875
1527341000,92476.062500
1527381000,92476.000000
1527421469,92475.656250
1527461248,92475.281250
1527501068,92475.703125
1527541000,92476.062500
1527581001,92475.796875
1527621002,92475.015625
1527661002,92476.546875
1527701413,92475.093750
1527741277,92475.421875
1527781053,92476.093750
1527821002,92475.000000
1527861002,92475.671875
1527901002,92475.625000
1527941000,92476.515625
1527983509,92476.140625
1528023002,92475.390625
1528062999,92475.187500
1528103347,92476.140625
1528143170,92475.437500
1528183030,92475.125000
1528223001,92475.437500
1528263001,92474.859375
1528303001,92474.796875
1528343001,92475.359375
1528383330,92476.375000
1528423150,92475.265625
1528463002,92475.921875
1528503001,92475.453125
1528543000,92475.250000
1528583001,92476.656250
1528623001,92474.406250
1528663321,92475.218750
1528703139,92474.984375
1528743002,92474.671875
1528782999,92475.578125
1528823002,92474.750000
1528863001,92474.953125
1528903001,92475.937500
1528943307,92475.890625
1528983125,92475.546875
1529023001,92475.250000
1529063003,92474.437500
1529103000,92475.062500
1529143003,92475.937500
1529183001,92475.656250
1529223293,92475.218750
1529263111,92474.500000
1529303000,92474.546875
1529343004,92475.125000
1529383000,92474.703125
1529423002,92475.531250
1529463001,92475.031250
1529503277,92475.390625
1529543100,92475.640625
1529583048,92475.125000
1529622999,92475.062500
1529663000,92475.281250
1529703000,92475.578125
1529743001,92474.890625
1529783266,92474.687500
1529825202,92475.531250
1529865393,92476.312500
1529905215,92474.875000
1529945035,92475.515625
1529985002,92474.468750
1530025002,92475.937500
1530065003,92475.453125
1530105002,92474.546875
1530145381,92475.609375
1530185202,92474.796875
1530225022,92475.781250
1530265002,92475.718750
1530305001,92476.015625
1530345002,92474.687500
1530385000,92475.468750
1530425587,92474.750000
1530465187,92475.187500
1530505009,92475.765625
1530545001,92474.859375
1530585001,92474.906250
1530625002,92474.578125
1530665002,92475.171875
1530705353,92474.875000
1530745174,92475.203125
1530785002,92475.390625
1530825002,92474.562500
1530865001,92474.640625
1530905002,92475.093750
1530945001,92475.062500
1530985345,92475.046875
1531025163,92475.593750
1531065000,92475.765625
1531105002,92476.031250
1531145002,92475.109375
1531184999,92475.921875
1531225001,92476.000000
1531265324,92476.078125
1531305145,92475.609375
1531345002,92475.843750
1531385335,92475.718750
1531425001,92476.562500
1531465002,92475.656250
1531505000,92475.843750
1531545316,92476.546875
1531585134,92475.781250
1531625000,92475.421875
1531666880,92475.781250
1531706000,92476.781250
1531746001,92475.625000
1531786001,92476.062500
1531826002,92476.468750
1531866407,92476.187500
1531906183,92476.281250
1531946005,92476.671875
1531986002,92475.671875
1532026000,92477.062500
1532066002,92477.250000
1532106000,92476.484375
1532146350,92476.906250
1532186173,92476.359375
1532226002,92476.828125
1532266000,92476.437500
1532306002,92477.390625
1532345999,92477.125000
1532386000,92476.671875
1532426340,92476.484375
1532466378,92476.250000
1532506001,92476.375000
1532546000,92477.296875
1532586000,92476.968750
1532626001,92476.015625
1532666002,92476.171875
1532706325,92476.437500
1532746145,92476.609375
1532786001,92476.062500
1532826002,92477.031250
1532866002,92476.515625
1532905999,92476.593750
1532946004,92476.546875
1532986312,92476.703125
1533026131,92476.687500
1533066002,92477.031250
1533105999,92476.468750
1533146002,92476.453125
1533185999,92476.796875
1533226002,92476.984375
1533266343,92475.765625
1533306119,92477.171875
1533346000,92476.906250
1533386000,92476.140625
1533426000,92476.296875
1533466002,92476.734375
1533506000,92476.843750
1533546286,92476.250000
1533586151,92476.328125
1533626001,92477.218750
1533666002,92477.734375
1533707673,92477.765625
1533747003,92477.125000
1533786999,92478.062500
1533827000,92478.015625
1533867336,92477.937500
1533907245,92478.484375
1533947000,92478.968750
1533987000,92479.250000
1534027001,92478.156250
1534067002,92479.078125
1534106999,92479.046875
1534147322,92479.078125
1534187145,92479.203125
1534227010,92478.562500
1534267002,92479.140625
1534307002,92479.546875
1534347003,92480.156250
1534387002,92480.031250
1534427310,92481.312500
1534467132,92482.000000
1534507175,92480.625000
1534547001,92481.671875
1534587140,92481.625000
1534627002,92482.328125
1534667000,92482.203125
1534707297,92482.734375
1534747118,92483.109375
1534787001,92483.000000
1534827003,92484.437500
1534867001,92485.625000
1534907002,92484.296875
1534947002,92486.093750
1534987284,92486.625000
1535027105,92487.265625
1535067052,92487.203125
1535107000,92487.468750
1535146999,92487.156250
1535187002,92488.812500
1535227003,92488.875000
1535267398,92487.796875
1535307092,92488.718750
1535347003,92488.203125
1535387002,92488.375000
1535426999,92489.046875
1535467002,92488.156250
1535507004,92488.250000
1535549366,92487.468750
1535589002,92488.875000
1535629388,92488.250000
1535669207,92488.406250
1535709027,92488.218750
1535749003,92489.234375
1535789000,92489.687500
1535829003,92489.718750
1535869000,92489.812500
1535909372,92489.218750
1535949193,92489.171875
1535989015,92488.671875
1536029002,92489.437500
1536068999,92489.312500
1536109002,92489.171875
1536149003,92489.015625
1536189405,92488.937500
1536229182,92489.390625
1536269130,92489.515625
1536309002,92488.578125
1536349000,92489.578125
1536389002,92489.031250
1536429001,92489.390625
1536469347,92488.593750
1536509214,92489.125000
1536549007,92489.250000
1536589000,92489.656250
1536629001,92489.078125
1536669000,92488.984375
1536709002,92488.062500
1536749332,92488.671875
1536789154,92488.750000
1536829020,92489.078125
1536869000,92489.359375
1536909002,92488.828125
1536949001,92488.953125
1536989000,92489.031250
1537029323,92488.859375
1537069140,92490.515625
1537109000,92489.296875
1537149000,92489.296875
1537189002,92489.406250
1537229000,92489.296875
1537269002,92490.015625
1537309307,92488.343750
1537349127,92489.578125
1537391063,92488.875000
1537431257,92488.546875
1537471206,92489.359375
1537511002,92488.281250
1537551000,92489.843750
1537591000,92488.906250
1537631002,92488.953125
1537671551,92488.437500
1537711245,92489.515625
1537751068,92488.843750
1537791002,92488.203125
1537831000,92489.203125
1537871000,92488.031250
1537911001,92488.968750
1537951414,92489.343750
1537991457,92488.000000
1538031093,92489.000000
1538071000,92489.218750
1538111002,92489.203125
1538151001,92489.328125
1538191001,92489.156250
1538231441,92489.218750
1538271261,92488.296875
1538311080,92488.312500
1538351001,92488.031250
1538391000,92489.406250
1538430999,92488.609375
1538471000,92488.906250
1538511428,92488.687500
1538551250,92488.546875
1538591071,92487.812500
1538630999,92488.421875
1538671001,92488.625000
1538711000,92488.390625
1538751002,92489.109375
1538791462,92488.296875
1538831239,92487.796875
1538871060,92487.921875
1538911000,92489.093750
1538951000,92488.437500
1538991002,92488.625000
1539031001,92487.765625
1539071403,92488.687500
1539111227,92488.609375
1539151043,92488.328125
1539191001,92488.359375
1539232794,92488.343750
1539272000,92488.609375
1539312000,92488.875000
1539352002,92488.921875
1539392591,92489.000000
1539432411,92487.812500
1539472099,92489.093750
1539512002,92488.234375
1539552000,92488.484375
1539592001,92488.812500
1539632000,92488.265625
1539672442,92488.218750
1539712266,92487.812500
1539752127,92488.812500
1539792000,92487.781250
1539832001,92488.968750
1539872001,92488.281250
1539912001,92488.046875
1539952434,92489.468750
1539992250,92488.109375
1540032295,92488.312500
1540072001,92487.765625
1540112001,92488.125000
1540152001,92487.890625
1540192100,92488.093750
1540232417,92488.390625
1540272240,92487.781250
1540312061,92487.765625
1540351999,92487.968750
1540391999,92487.437500
1540431999,92487.406250
1540471999,92487.609375
1540512406,92487.468750
1540552227,92487.656250
1540592046,92487.468750
1540632002,92487.875000
1540672003,92487.578125
1540712000,92487.890625
1540752000,92487.390625
1540792392,92486.718750
1540832211,92487.859375
1540872032,92487.968750
1540912001,92487.171875
1540952002,92487.296875
1540991999,92487.765625
1541032000,92487.609375
1541074487,92486.953125
1541114002,92486.906250
1541154000,92487.265625
1541194331,92487.609375
1541234284,92487.031250
1541274055,92487.437500
1541314000,92487.515625
1541354000,92487.546875
1541394000,92487.609375
1541433999,92486.312500
1541474319,92486.171875
1541514138,92487.375000
1541554001,92488.718750
1541594002,92487.484375
1541634002,92486.843750
1541674000,92487.203125
1541714002,92486.281250
1541754305,92487.343750
1541794127,92486.906250
1541834000,92487.656250
1541874002,92486.718750
1541914002,92487.296875
1541954005,92487.109375
1541994008,92487.875000
1542034337,92487.375000
1542074113,92487.765625
1542114001,92487.046875
1542154003,92487.531250
1542194000,92487.453125
1542234001,92487.828125
1542274458,92486.421875
1542314281,92486.515625
1542354142,92487.640625
1542394000,92486.875000
1542434002,92487.093750
1542474001,92487.140625
1542514002,92487.187500
1542554445,92486.968750
1542594266,92487.546875
1542634089,92487.578125
1542674000,92486.984375
1542714000,92487.562500
1542754004,92487.703125
1542794002,92487.609375
1542834433,92486.968750
1542874254,92486.796875
1542916182,92486.500000
1542956385,92486.500000
1542996202,92486.031250
1543036025,92486.609375
1543076000,92486.531250
1543116000,92487.234375
1543156002,92486.828125
1543196002,92486.921875
1543236371,92486.875000
1543276193,92486.984375
1543316013,92487.156250
1543356001,92487.296875
1543396002,92486.796875
1543436000,92487.062500
1543476002,92485.953125
1543516582,92487.140625
1543556181,92486.765625
1543596001,92487.421875
1543636001,92487.671875
1543676001,92486.375000
1543716000,92487.328125
1543755999,92487.734375
1543796347,92486.281250
1543836175,92487.046875
1543876002,92487.375000
1543916000,92487.640625
1543956002,92487.218750
1543996002,92486.656250
1544036000,92486.296875
1544076335,92486.531250
1544116156,92487.000000
1544156004,92487.375000
1544196000,92487.968750
1544236001,92486.859375
1544276000,92486.656250
1544316002,92487.890625
1544356320,92487.234375
1544396142,92486.531250
1544436000,92487.921875
1544476000,92487.390625
1544516000,92487.203125
1544556004,92487.468750
1544596001,92487.218750
1544636352,92487.187500
1544676127,92486.593750
1544716000,92487.843750
1544757876,92487.921875
1544797000,92487.953125
1544837002,92487.078125
1544876999,92487.859375
1544917002,92487.812500
1544957585,92487.765625
1544997182,92487.687500
1545037002,92488.046875
1545076999,92487.609375
1545117001,92487.093750
1545157005,92487.984375
1545197000,92488.328125
1545237350,92487.703125
1545277214,92487.421875
1545317001,92488.703125
1545357000,92486.734375
1545397000,92487.703125
1545437000,92487.625000
1545477000,92487.218750
1545517335,92487.718750
1545557376,92487.906250
1545597020,92487.968750
1545637001,92487.703125
1545677000,92488.468750
1545717001,92488.640625
1545757005,92488.375000
1545797327,92488.218750
1545837145,92487.828125
1545877002,92487.656250
1545917000,92487.453125
1545957002,92488.546875
1545997000,92487.718750
1546037001,92486.937500
1546077312,92487.187500
1546117131,92488.406250
1546157000,92488.187500
1546197001,92488.343750
1546237000,92488.281250
1546277000,92488.140625
1546317004,92488.828125
1546357299,92488.437500
1546397119,92487.984375
1546437002,92488.703125
1546477001,92487.937500
1546517000,92488.437500
1546557000,92488.906250
1546599574,92488.984375
1546639000,92488.359375
1546679000,92489.156250
1546719418,92487.906250
1546759370,92488.218750
1546799144,92488.859375
1546839000,92488.296875
1546879001,92489.453125
1546919004,92489.562500
1546959004,92488.921875
1546999404,92488.015625
1547039232,92488.109375
1547079046,92488.015625
1547119002,92489.343750
1547159004,92488.500000
1547199000,92488.875000
1547239002,92489.390625
1547279393,92488.828125
1547319214,92488.687500
1547359033,92489.062500
1547399076,92488.921875
1547439000,92488.671875
1547479005,92489.406250
1547519000,92489.562500
1547559426,92489.468750
1547599202,92488.812500
1547639019,92488.796875
1547679002,92489.312500
1547719001,92488.625000
1547759003,92489.156250
1547799000,92488.343750
1547839367,92489.343750
1547879234,92488.296875
1547919010,92488.562500
1547959000,92489.640625
1547999002,92489.046875
1548038999,92489.906250
1548079002,92489.437500
1548119355,92489.828125
1548159178,92488.328125
1548199038,92489.421875
1548239002,92489.671875
1548278999,92489.375000
1548319000,92490.109375
1548359003,92490.234375
1548399344,92489.781250
1548441272,92489.015625
1548481009,92488.546875
1548521295,92489.796875
1548561117,92489.968750
1548601069,92489.593750
1548641002,92488.468750
1548681000,92489.218750
1548721000,92489.312500
1548761463,92489.750000
1548801282,92489.843750
1548841109,92488.734375
1548880999,92489.312500
1548921002,92489.906250
1548961000,92489.890625
1549001002,92490.125000
1549041670,92490.375000
1549081269,92490.250000
1549121088,92491.640625
1549161000,92491.093750
1549200999,92491.125000
1549241000,92491.437500
1549281000,92490.843750
1549321437,92491.375000
1549361254,92491.484375
1549401078,92490.468750
1549441001,92492.718750
1549481001,92491.234375
1549520999,92491.406250
1549561002,92491.125000
1549601423,92491.546875
1549641245,92490.765625
1549681063,92491.578125
1549721000,92491.062500
1549761000,92491.984375
1549801002,92491.890625
1549841001,92491.437500
1549881411,92491.046875
1549921234,92490.953125
1549961051,92491.671875
1550001000,92490.828125
1550041000,92491.421875
1550081001,92491.265625
1550121001,92491.921875
1550161442,92491.468750
1550201216,92492.250000
1550241039,92491.640625
1550282965,92492.046875
1550322003,92493.031250
1550362002,92492.734375
1550401999,92491.718750
1550442000,92492.171875
1550482066,92491.015625
1550522266,92492.187500
1550562049,92491.390625
1550602001,92492.046875
1550642001,92492.156250
1550682001,92492.593750
1550722001,92492.000000
1550762396,92493.375000
1550802262,92492.046875
1550842041,92491.906250
1550882000,92491.984375
1550922001,92491.828125
1550962002,92492.453125
1551002001,92491.265625
1551042385,92491.281250
1551082425,92490.703125
1551122070,92491.015625
1551162000,92491.437500
1551202002,92491.062500
1551242000,92490.593750
1551282002,92491.468750
1551322371,92492.000000
1551362195,92491.453125
1551402016,92490.515625
1551442002,92491.890625
1551482001,92490.875000
1551522002,92492.187500
1551562000,92491.953125
1551602362,92491.765625
1551642181,92491.531250
1551682001,92491.843750
1551722000,92491.890625
1551762001,92490.484375
1551802002,92491.531250
1551842000,92492.046875
1551882347,92492.015625
1551922171,92492.187500
1551962014,92491.406250
1552002002,92491.828125
1552042001,92491.953125
1552082005,92491.609375
1552122002,92490.765625
1552162337,92490.671875
1552202164,92490.625000
1552242000,92490.500000
1552282000,92490.671875
1552323728,92488.718750
1552363000,92489.109375
1552403001,92488.390625
1552443003,92488.484375
1552483392,92487.109375
1552523256,92485.000000
1552563034,92485.171875
1552603001,92484.093750
1552643000,92483.875000
1552683000,92482.171875
1552723003,92483.390625
1552763379,92481.515625
1552803199,92480.656250
1552843021,92480.875000
1552883001,92480.484375
1552922999,92479.640625
1552963004,92477.703125
1553003000,92478.843750
1553043370,92477.953125
1553083190,92477.546875
1553123231,92477.281250
1553163004,92477.187500
1553203001,92476.859375
1553243002,92477.734375
1553283002,92477.890625
1553323359,92477.406250
1553363177,92476.625000
1553403002,92476.500000
1553443000,92476.828125
1553483002,92476.187500
1553523000,92475.234375
1553563000,92476.828125
1553603344,92476.671875
1553643167,92476.750000
1553683002,92476.453125
1553723000,92475.750000
1553763002,92474.593750
1553803000,92476.515625
1553843001,92475.984375
1553883335,92476.546875
1553923152,92475.968750
1553963001,92475.968750
1554003002,92475.796875
1554043002,92475.375000
1554083002,92475.890625
1554123001,92474.531250
1554165428,92477.078125
1554205000,92475.812500
1554245003,92475.984375
1554285273,92476.546875
1554325091,92476.750000
1554365096,92476.468750
1554405002,92476.890625
1554445001,92476.531250
1554484999,92477.468750
1554525004,92476.078125
1554565260,92477.031250
1554605080,92477.593750
1554644999,92477.234375
1554685003,92477.140625
1554725000,92477.421875
1554765002,92476.546875
1554805007,92476.593750
1554845247,92477.750000
1554885069,92476.390625
1554925002,92475.390625
1554965002,92475.718750
1555005002,92476.359375
1555045000,92476.828125
1555085417,92476.406250
1555125235,92476.281250
1555165057,92476.828125
1555205029,92477.015625
1555245002,92476.062500
1555285001,92476.203125
1555324999,92476.125000
1555365404,92475.781250
1555405376,92476.140625
1555445047,92476.531250
1555485000,92476.109375
1555525001,92476.281250
1555565002,92476.984375
1555605001,92476.937500
1555645394,92476.906250
1555685213,92477.593750
1555725034,92477.906250
1555765000,92477.890625
1555805000,92478.421875
1555845004,92478.500000
1555885002,92478.250000
1555925382,92477.453125
1555965201,92477.671875
1556007136,92478.125000
1556047330,92478.000000
1556087153,92478.750000
1556127000,92478.296875
1556167000,92480.171875
1556207000,92480.406250
1556247000,92479.781250
1556287002,92479.812500
1556327364,92481.265625
1556367139,92480.359375
1556407000,92481.625000
1556446999,92480.531250
1556487002,92479.281250
1556527002,92480.437500
1556567000,92480.328125
1556607531,92480.843750
1556647173,92480.937500
1556687002,92481.812500
1556727002,92481.640625
1556767002,92482.750000
1556807001,92482.281250
1556847002,92483.921875
1556887299,92482.890625
1556927118,92483.281250
1556967004,92483.500000
1557007000,92482.343750
1557047001,92482.796875
1557087000,92482.171875
1557127003,92483.234375
1557167286,92482.500000
1557207113,92483.062500
1557247002,92483.500000
1557287002,92483.406250
1557327002,92483.468750
1557367000,92484.718750
1557407007,92484.562500
1557447273,92484.015625
1557487095,92484.890625
1557527000,92485.109375
1557567000,92485.078125
1557607002,92483.765625
1557647001,92484.500000
1557687001,92484.781250
1557727261,92485.140625
1557767083,92485.765625
1557807000,92484.734375
1557848833,92486.562500
1557887999,92486.078125
1557928000,92484.890625
1557968000,92485.609375
1558008001,92486.890625
1558048361,92485.718750
1558088139,92485.734375
1558128000,92486.531250
1558168001,92485.843750
1558208000,92486.546875
1558248002,92486.062500
1558288000,92485.640625
1558328305,92486.437500
1558368128,92487.390625
1558408001,92487.312500
1558448003,92487.828125
1558488001,92488.125000
1558528001,92488.031250
1558568001,92487.984375
1558608293,92488.218750
1558648335,92488.250000
1558688002,92487.750000
1558728002,92488.609375
1558768000,92489.031250
1558808001,92488.250000
1558848001,92489.015625
1558888283,92488.937500
1558928102,92489.375000
1558968001,92489.234375
1559008000,92488.593750
1559048001,92489.593750
1559088000,92489.515625
1559128004,92489.593750
1559168269,92489.515625
1559208090,92490.250000
1559248002,92488.921875
1559287999,92489.703125
1559328000,92490.093750
1559368000,92490.406250
1559408003,92489.609375
1559448259,92489.750000
1559488079,92489.750000
1559528002,92489.609375
1559568002,92490.546875
1559608000,92491.421875
1559648000,92490.000000
1559690533,92490.828125
1559729999,92490.843750
1559770000,92491.109375
1559810380,92491.312500
1559850200,92491.437500
1559890109,92491.265625
1559930002,92492.250000
1559970003,92491.687500
1560010002,92491.500000
1560050002,92492.015625
1560090368,92491.625000
1560130187,92492.453125
1560170009,92493.250000
1560210001,92491.734375
1560250001,92492.953125
1560290001,92492.875000
1560330002,92492.812500
1560370357,92493.765625
1560410180,92493.328125
1560450004,92493.468750
1560490038,92493.375000
1560530002,92493.609375
1560570003,92493.468750
1560610001,92494.156250
1560650346,92494.671875
1560690164,92495.484375
1560730000,92495.609375
1560770001,92495.562500
1560809999,92496.125000
1560850000,92496.000000
1560890002,92495.625000
1560930331,92496.296875
1560970151,92495.468750
1561010000,92494.843750
1561050002,92496.125000
1561090001,92495.906250
1561130000,92495.625000
1561170003,92497.375000
1561210321,92496.609375
1561250143,92497.718750
1561290002,92497.953125
1561330000,92497.375000
1561370002,92497.906250
1561409999,92498.468750
1561450000,92497.968750
1561490312,92498.328125
1561532238,92497.468750
1561572001,92498.609375
1561612265,92497.875000
1561652081,92498.000000
1561692002,92498.515625
1561732001,92498.015625
1561772002,92497.953125
1561812001,92497.906250
1561852470,92498.078125
1561892247,92497.812500
1561932071,92497.750000
1561972002,92497.828125
1562012001,92497.671875
1562052000,92497.406250
1562092002,92497.250000
1562132640,92496.828125
1562172281,92497.109375
1562212057,92498.265625
1562252001,92498.000000
1562292001,92499.140625
1562331999,92498.031250
1562371999,92498.906250
1562412405,92499.406250
1562452228,92499.812500
1562492091,92499.468750
1562532002,92499.265625
1562572002,92499.781250
1562612002,92500.625000
1562652001,92500.515625
1562692396,92500.781250
1562732216,92500.546875
1562772035,92500.734375
1562812000,92501.593750
1562852000,92501.343750
1562892000,92501.078125
1562932001,92501.656250
1562972386,92501.234375
1563012205,92501.156250
1563052024,92501.250000
1563091999,92500.750000
1563132000,92500.593750
1563172001,92501.734375
1563212000,92500.453125
1563252373,92500.531250
1563292193,92500.734375
1563332015,92500.703125
1563373944,92500.593750
1563413001,92500.890625
1563453001,92501.015625
1563493002,92501.796875
1563533000,92501.500000
1563573043,92501.390625
1563613247,92501.515625
1563653069,92501.093750
1563693001,92500.890625
1563732999,92502.015625
1563773003,92501.500000
1563813000,92501.203125
1563853418,92500.500000
1563893236,92500.765625
1563933058,92501.093750
1563973000,92500.640625
1564013000,92501.265625
1564053003,92501.640625
1564093002,92501.203125
1564133404,92501.515625
1564173446,92501.328125
1564213046,92501.296875
1564253000,92500.984375
1564293001,92501.500000
1564333001,92501.062500
1564373002,92501.640625
1564413390,92501.046875
1564453211,92500.875000
1564493031,92501.843750
1564533001,92501.890625
1564573001,92500.953125
1564612999,92501.750000
1564653001,92501.781250
1564693379,92501.343750
1564733202,92501.859375
1564773022,92501.750000
1564813002,92501.468750
1564853001,92501.140625
1564893001,92502.125000
1564933000,92501.500000
1564973369,92501.968750
1565013198,92501.750000
1565053009,92500.656250
1565093002,92501.312500
1565133002,92500.343750
1565173002,92500.843750
1565212999,92500.312500
1565253357,92501.140625
1565293178,92500.437500
1565333004,92501.625000
1565373002,92500.718750
1565414751,92500.328125
1565454000,92500.875000
1565494002,92500.796875
1565534000,92501.093750
1565574411,92499.687500
1565614280,92500.875000
1565654055,92500.281250
1565694002,92499.078125
1565734000,92500.093750
1565774002,92499.953125
1565814001,92498.937500
1565854399,92499.921875
1565894224,92499.406250
1565934040,92499.703125
1565974002,92499.484375
1566014001,92498.765625
1566054002,92499.296875
1566093999,92499.546875
1566134393,92499.984375
1566174211,92499.687500
1566214258,92499.500000
1566254000,92498.750000
1566294002,92498.484375
1566334002,92499.187500
1566374002,92498.546875
1566414380,92498.484375
1566454197,92498.031250
1566494019,92498.687500
1566534000,92498.343750
1566574002,92498.281250
1566614002,92498.000000
1566654002,92497.562500
1566694410,92498.046875
1566734190,92498.062500
1566774007,92499.781250
1566813999,92498.312500
1566854001,92498.437500
1566894001,92498.437500
1566934000,92498.078125
1566974356,92497.296875
1567014224,92497.953125
1567054005,92498.531250
1567094002,92497.734375
1567134002,92497.578125
1567174000,92498.109375
1567214000,92497.531250
1567256451,92498.343750
1567296001,92498.093750
1567336001,92498.187500
1567376299,92498.187500
1567416117,92497.140625
1567456000,92497.828125
1567496001,92497.765625
1567536003,92496.593750
1567576001,92498.046875
1567616001,92498.062500
1567656284,92497.421875
1567696107,92497.265625
1567736000,92497.671875
1567776005,92497.140625
1567816001,92497.328125
1567856001,92498.000000
1567896006,92498.234375
1567936273,92497.875000
1567976094,92497.921875
1568015999,92497.812500
1568056000,92498.218750
1568096002,92497.203125
1568136002,92497.140625
1568176004,92496.640625
1568216265,92496.609375
1568256086,92496.953125
1568296000,92497.031250
1568336001,92497.109375
1568376001,92497.031250
1568416003,92496.453125
1568456002,92496.078125
1568496253,92495.578125
1568536074,92496.609375
1568576000,92495.906250
1568616002,92495.734375
1568655999,92495.093750
1568696001,92494.609375
1568736421,92494.609375
1568776243,92494.593750
1568816063,92494.562500
1568856000,92495.031250
1568896002,92494.703125
1568936004,92494.500000
1568976000,92495.421875
1569016408,92495.046875
1569056232,92495.296875
1569098158,92494.078125
1569138360,92494.140625
1569178180,92493.859375
1569218003,92494.078125
1569258000,92494.937500
1569298001,92495.093750
1569338004,92494.046875
1569378001,92495.015625
1569418350,92494.515625
1569458172,92495.093750
1569497999,92494.640625
1569538001,92495.937500
1569578004,92495.343750
1569618002,92495.046875
1569658002,92496.734375
1569698561,92495.687500
1569738158,92495.921875
1569778004,92494.812500
1569818000,92495.531250
1569857999,92494.734375
1569898002,92495.171875
1569938001,92495.000000
1569978328,92495.437500
1570018149,92496.093750
1570058000,92495.843750
1570098002,92495.375000
1570138001,92495.406250
1570178003,92495.703125
1570218002,92496.437500
1570258314,92495.750000
1570298138,92496.812500
1570338003,92495.718750
1570378001,92496.578125
1570418001,92495.375000
1570458001,92495.953125
1570497999,92496.359375
1570538304,92496.078125
1570578127,92496.093750
1570618001,92495.156250
1570658000,92495.125000
1570698001,92494.781250
1570738002,92495.765625
1570778001,92495.921875
1570818295,92495.750000
1570858120,92495.921875
1570898000,92495.734375
1570939863,92495.203125
1570979000,92495.781250
1571019000,92496.109375
1571058999,92494.703125
1571099002,92495.843750
1571139479,92494.953125
1571179170,92495.375000
1571219000,92495.781250
1571259002,92495.828125
1571299000,92495.546875
1571339002,92496.343750
1571379002,92495.937500
1571419337,92495.234375
1571459160,92495.562500
1571499001,92495.750000
1571539002,92495.187500
1571579001,92495.484375
1571619001,92495.296875
1571659001,92495.515625
1571699329,92496.859375
1571739372,92495.765625
1571779001,92496.078125
1571819000,92496.140625
1571859002,92496.234375
1571899001,92495.406250
1571939003,92496.750000
1571979315,92495.937500
1572019146,92497.000000
1572059002,92496.500000
1572099003,92496.937500
1572139001,92496.218750
1572179002,92497.703125
1572218999,92496.515625
1572259304,92497.046875
1572299125,92496.406250
1572339001,92496.656250
1572379002,92496.031250
1572419000,92496.156250
1572459000,92495.515625
1572498999,92496.796875
1572539339,92496.546875
1572579115,92496.531250
1572619002,92497.265625
1572659000,92496.031250
1572699002,92494.953125
1572739002,92494.406250
1572779000,92495.062500
1572819287,92495.562500
1572859151,92495.734375
1572898999,92495.937500
1572939001,92495.937500
1572980675,92495.484375
1573020002,92496.796875
1573060001,92497.093750
1573100002,92495.359375
1573140337,92496.296875
1573180335,92497.046875
1573220000,92497.328125
1573260002,92495.484375
1573300000,92495.906250
1573340002,92496.203125
1573380003,92495.171875
1573420330,92495.234375
1573460148,92495.281250
1573500013,92495.046875
1573540002,92495.156250
1573580002,92494.359375
1573620001,92494.468750
1573660002,92493.468750
1573700319,92494.312500
1573740264,92493.968750
1573780180,92493.703125
1573820002,92493.593750
1573860002,92494.890625
1573900002,92495.250000
1573940005,92494.546875
1573980305,92494.343750
1574020127,92494.500000
1574060000,92494.718750
1574100004,92495.406250
1574140000,92495.484375
1574180001,92495.875000
1574220000,92495.031250
1574260294,92495.234375
1574300115,92495.156250
1574340002,92494.781250
1574380002,92495.703125
1574420002,92493.812500
1574460001,92494.734375
1574500001,92495.656250
1574540286,92494.859375
1574580104,92495.671875
1574620001,92494.343750
1574660001,92494.078125
1574700000,92493.734375
1574740002,92493.531250
1574780006,92493.484375
1574822380,92493.531250
1574862002,92493.359375
1574902407,92493.796875
1574942353,92492.843750
1574982047,92492.390625
1575022000,92493.265625
1575062002,92492.937500
1575102002,92492.828125
1575142000,92493.593750
1575182397,92493.578125
1575222216,92493.312500
1575262034,92492.828125
1575302002,92492.406250
1575342001,92492.562500
1575382001,92492.640625
1575422002,92492.296875
1575462426,92494.046875
1575502203,92492.843750
1575542027,92493.343750
1575582000,92492.531250
1575622000,92492.968750
1575662002,92493.546875
1575702001,92493.218750
1575742374,92493.109375
1575782239,92494.359375
1575822017,92492.890625
1575862000,92492.859375
1575902001,92493.484375
1575942003,92493.343750
1575982001,92491.562500
1576022365,92492.671875
1576062182,92492.609375
1576102047,92492.859375
1576142002,92492.500000
1576182003,92490.578125
1576222000,92491.031250
1576262001,92490.781250
1576302352,92491.781250
1576342174,92491.187500
1576382018,92491.421875
1576422002,92491.656250
1576462002,92490.812500
1576502001,92492.062500
1576542001,92491.125000
1576582341,92492.156250
1576622163,92490.937500
1576664091,92490.046875
1576704292,92491.515625
1576744126,92491.250000
1576783999,92492.093750
1576824000,92490.093750
1576864000,92490.859375
1576904001,92490.531250
1576944001,92489.968750
1576984281,92489.296875
1577024103,92489.062500
1577064002,92488.984375
1577104000,92490.515625
1577143999,92489.781250
1577184001,92490.015625
1577224007,92489.078125
1577264495,92489.000000
1577304092,92489.437500
1577344000,92487.734375
1577384001,92488.171875
1577423999,92487.109375
1577464001,92488.296875
1577504001,92487.359375
1577544341,92487.468750
1577584083,92487.031250
1577624000,92486.984375
1577664001,92486.906250
1577704001,92486.968750
1577744002,92486.281250
1577783999,92485.812500
1577824257,92487.406250
1577864076,92485.031250
1577904001,92484.421875
1577944000,92485.218750
1577984000,92484.265625
1578024002,92484.328125
1578064466,92485.968750
1578104242,92484.843750
1578144074,92486.140625
1578184001,92486.171875
1578224002,92486.468750
1578264001,92487.281250
1578304001,92487.078125
1578344491,92487.156250
1578384277,92487.437500
1578424050,92487.796875
1578464001,92486.046875
1578505802,92486.687500
1578545002,92487.531250
1578585001,92486.687500
1578624999,92485.890625
1578665000,92485.890625
1578705374,92486.890625
1578745109,92485.609375
1578785002,92485.312500
1578824999,92486.984375
1578865002,92488.281250
1578905002,92487.234375
1578945006,92486.750000
1578985276,92486.156250
1579025140,92486.718750
1579065000,92486.843750
1579105002,92487.484375
1579145002,92487.609375
1579185002,92486.281250
1579225002,92487.203125
1579265267,92487.328125
1579305305,92487.640625
1579345000,92487.734375
1579385002,92487.734375
1579425001,92487.734375
1579465000,92488.562500
1579505003,92488.546875
1579545253,92488.703125
1579585079,92487.375000
1579625002,92487.343750
1579665001,92487.484375
1579705002,92487.656250
1579745000,92486.750000
1579785425,92486.875000
1579825242,92488.453125
1579865070,92487.703125
1579905002,92488.156250
1579945000,92487.500000
1579985002,92489.203125
1580024999,92488.390625
1580065413,92488.765625
1580105236,92488.390625
1580145054,92489.531250
1580185002,92489.281250
1580225001,92489.250000
1580265001,92488.453125
1580305001,92488.937500
1580347508,92489.406250
1580387000,92489.046875
1580426999,92489.171875
1580467352,92489.421875
1580507177,92489.203125
1580547207,92488.859375
1580587002,92488.921875
1580627002,92489.078125
1580667002,92489.140625
1580707001,92489.500000
1580747345,92488.953125
1580787164,92488.031250
1580827008,92489.609375
1580867000,92488.984375
1580907000,92489.171875
1580947005,92489.890625
1580987002,92489.156250
1581027334,92489.343750
1581067153,92490.015625
1581107000,92491.000000
1581147018,92490.250000
1581187002,92489.734375
1581227001,92489.828125
1581267001,92490.812500
1581307369,92490.687500
1581347146,92490.359375
1581387001,92490.640625
1581427002,92491.062500
1581467001,92491.468750
1581507000,92491.250000
1581547000,92491.187500
1581587316,92490.390625
1581627176,92491.640625
1581666999,92491.421875
1581707000,92490.921875
1581747001,92492.578125
1581787002,92491.687500
1581826999,92491.484375
1581867307,92492.328125
1581907125,92491.437500
1581947010,92491.765625
1581987004,92491.937500
1582027002,92492.765625
1582067001,92492.281250
1582107003,92491.656250
1582147291,92491.312500
1582189219,92492.015625
1582229424,92492.281250
1582269246,92492.156250
1582309066,92491.343750
1582349000,92492.359375
1582389002,92491.750000
1582429002,92492.593750
1582468999,92491.984375
1582509414,92491.875000
1582549232,92493.078125
1582589052,92491.750000
1582629002,92492.312500
1582669002,92492.093750
1582709004,92492.703125
1582749000,92492.187500
1582789624,92491.078125
1582829224,92490.671875
1582869043,92491.781250
1582909002,92490.593750
1582949002,92490.671875
1582989002,92491.312500
1583029000,92490.406250
1583069393,92489.390625
1583109215,92490.546875
1583149034,92488.984375
1583189004,92490.296875
1583229001,92489.375000
1583269003,92489.750000
1583309002,92489.687500
1583349383,92489.718750
1583389203,92489.015625
1583429029,92488.546875
1583469000,92489.171875
1583509001,92489.250000
1583549000,92489.468750
1583589000,92489.078125
1583629378,92488.984375
1583669191,92490.640625
1583709015,92490.156250
1583749000,92490.718750
1583789005,92490.953125
1583829002,92490.468750
1583869003,92491.843750
1583909404,92492.031250
1583949181,92491.593750
1583989007,92492.437500
1584030936,92491.843750
1584070001,92493.140625
1584109999,92493.343750
1584150001,92493.593750
1584190000,92493.078125
1584230043,92494.296875
1584270236,92494.437500
1584310060,92494.500000
1584350002,92495.281250
1584390000,92495.093750
1584430002,92494.734375
1584470001,92495.484375
1584510407,92496.890625
1584550270,92495.968750
1584590048,92496.625000
1584630001,92496.890625
1584670003,92496.500000
1584710002,92497.812500
1584750000,92497.656250
1584790395,92497.421875
1584830442,92497.625000
1584870084,92497.281250
1584910000,92497.468750
1584950001,92496.812500
1584990004,92496.906250
1585030002,92496.859375
1585070390,92497.781250
1585110209,92498.343750
1585150028,92496.984375
1585190001,92496.906250
1585230000,92496.562500
1585270001,92495.656250
1585310000,92496.562500
1585350375,92496.484375
1585390196,92495.750000
1585430016,92494.937500
1585470002,92496.015625
1585510000,92495.062500
1585550002,92495.906250
1585590000,92495.703125
1585630370,92496.234375
1585670189,92496.718750
1585710010,92496.843750
1585750002,92496.859375
1585790000,92497.031250
1585830001,92497.109375
1585870000,92497.171875
1585910355,92496.343750
1585950179,92496.953125
1585990019,92496.125000
1586030001,92496.281250
1586071744,92495.671875
1586111001,92496.109375
1586151001,92496.750000
1586191002,92496.953125
1586231416,92496.968750
1586271274,92497.015625
1586311055,92496.250000
1586351002,92496.671875
1586391001,92495.421875
1586431001,92497.000000
1586470999,92496.625000
1586511404,92495.265625
1586551221,92496.125000
1586591044,92495.921875
1586630999,92495.578125
1586671001,92496.937500
1586711000,92495.937500
1586751000,92496.750000
1586791392,92496.531250
1586831210,92496.218750
1586871253,92497.187500
1586910999,92496.796875
1586951003,92496.484375
1586991001,92496.062500
1587031000,92497.140625
1587071381,92496.468750
1587111201,92495.921875
1587151026,92495.921875
1587191002,92496.250000
1587231000,92496.109375
1587271001,92497.218750
1587311003,92496.421875
1587351372,92496.328125
1587391193,92495.390625
1587431016,92496.937500
1587471002,92496.515625
1587511000,92496.000000
1587550999,92495.640625
1587591002,92495.312500
1587631364,92496.656250
1587671184,92496.015625
1587711003,92495.437500
1587750999,92496.140625
1587791002,92497.484375
1587831001,92495.812500
1587871002,92496.796875
1587913461,92496.453125
1587953002,92496.265625
1587992999,92497.546875
1588033304,92496.281250
1588073125,92496.531250
1588113031,92497.296875
1588153000,92497.375000
1588193000,92496.468750
1588233002,92497.406250
1588273001,92497.468750
1588313296,92497.906250
1588353119,92496.953125
1588393000,92497.140625
1588433001,92497.562500
1588473000,92496.453125
1588512999,92496.937500
1588553000,92497.156250
1588593284,92497.750000
1588633107,92497.375000
1588673001,92497.156250
1588713001,92497.531250
1588753000,92498.015625
1588792999,92497.406250
1588833007,92497.515625
1588873275,92498.078125
1588913097,92498.984375
1588953000,92497.921875
1588993000,92497.890625
1589033001,92498.531250
1589073000,92498.218750
1589113001,92498.859375
1589153266,92498.125000
1589193088,92497.921875
1589233001,92497.359375
1589273000,92496.906250
1589313000,92497.343750
1589353000,92497.187500
1589393005,92498.187500
1589433257,92498.593750
1589473077,92497.828125
1589513001,92498.984375
1589553000,92498.484375
1589593001,92498.593750
1589633001,92498.531250
1589673422,92497.828125
1589713245,92498.125000
1589755175,92498.250000
1589795378,92498.609375
1589835195,92498.843750
1589875017,92498.234375
1589915000,92497.718750
1589955000,92498.359375
1589995000,92498.140625
1590034999,92498.578125
1590075409,92498.859375
1590115188,92498.812500
1590155009,92499.156250
1590195002,92499.093750
1590235000,92498.875000
1590275002,92498.312500
1590315002,92498.390625
1590355577,92498.937500
1590395226,92499.359375
1590434999,92498.953125
1590475000,92499.218750
1590515000,92498.843750
1590555000,92499.031250
1590595004,92499.937500
1590635348,92499.875000
1590675170,92498.937500
1590715035,92498.828125
1590755002,92500.171875
1590795000,92499.531250
1590835000,92499.250000
1590875000,92498.687500
1590915340,92499.125000
1590955160,92498.671875
1590995001,92499.687500
1591035000,92499.531250
1591075000,92500.203125
1591115000,92499.531250
1591155004,92500.031250
1591195328,92499.750000
1591235151,92500.187500
1591275001,92500.156250
1591314999,92499.937500
1591355003,92500.015625
1591395002,92499.312500
1591435000,92499.500000
1591475317,92499.515625
1591515140,92499.593750
1591555000,92500.250000
1591596888,92500.156250
1591636001,92500.796875
1591676001,92499.734375
1591716002,92500.859375
1591756002,92500.078125
1591796505,92499.812500
1591836203,92500.500000
1591876017,92500.625000
1591916002,92500.187500
1591956000,92499.656250
1591996002,92499.859375
1592036002,92500.515625
1592076364,92500.250000
1592116185,92501.406250
1592156007,92500.703125
1592196001,92501.484375
1592236001,92501.109375
1592276002,92499.953125
1592316000,92500.671875
1592356356,92501.281250
1592396400,92499.656250
1592436000,92500.609375
1592476002,92500.468750
1592516002,92500.531250
1592556000,92500.562500
1592596000,92500.937500
1592636344,92500.062500
1592676317,92500.578125
1592716000,92500.531250
1592756002,92499.718750
1592796002,92500.562500
1592836000,92499.609375
1592876000,92500.343750
1592916335,92500.375000
1592956157,92500.687500
1592996058,92499.781250
1593036002,92499.218750
1593076000,92498.640625
1593116000,92498.968750
1593155999,92498.937500
1593197359,92499.281250
1593239507,92499.781250
1593279002,92499.921875
1593319001,92500.453125
1593359343,92500.890625
1593399166,92500.109375
1593439040,92499.640625
1593479000,92500.343750
1593519000,92499.125000
1593559001,92500.000000
1593599001,92500.031250
1593639339,92499.828125
1593679156,92500.171875
1593719001,92500.375000
1593759000,92499.468750
1593799001,92499.390625
1593839002,92499.625000
1593879000,92499.296875
1593919326,92499.062500
1593959144,92500.093750
1593999000,92499.171875
1594039010,92499.562500
1594079001,92499.359375
1594119000,92498.000000
1594159002,92498.593750
1594199315,92498.203125
1594239135,92498.765625
1594279093,92497.468750
1594318999,92497.859375
1594358999,92497.843750
1594399002,92497.140625
1594439002,92497.437500
1594479455,92496.437500
1594519128,92497.031250
1594559000,92496.890625
1594599002,92496.781250
1594639001,92496.562500
1594679001,92496.937500
1594719002,92494.953125
1594759295,92495.953125
1594799117,92495.781250
1594839000,92495.234375
1594879000,92494.312500
1594919001,92493.984375
1594959000,92494.578125
1594999002,92493.109375
1595039285,92493.765625
1595081214,92493.656250
1595121414,92493.000000
1595161236,92493.734375
1595201057,92493.625000
1595241002,92492.796875
1595281001,92492.812500
1595321000,92492.468750
1595361002,92492.500000
1595401408,92491.406250
1595441227,92491.828125
1595481048,92492.187500
1595521001,92491.296875
1595561000,92491.812500
1595601000,92491.062500
1595641000,92491.859375
1595681621,92491.468750
1595721217,92490.953125
1595761039,92490.500000
1595801002,92490.140625
1595841001,92491.406250
1595881000,92490.062500
1595921002,92490.703125
1595961389,92489.937500
1596001211,92489.546875
1596041030,92489.593750
1596081001,92490.421875
1596121002,92491.078125
1596161003,92490.093750
1596200999,92488.937500
1596241381,92489.500000
1596281200,92489.171875
1596321020,92489.890625
1596360999,92488.281250
1596401002,92489.203125
1596441000,92487.046875
1596481001,92488.671875
1596521370,92487.234375
1596561190,92488.015625
1596601009,92487.859375
1596640999,92487.156250
1596681000,92486.406250
1596721003,92486.515625
1596761002,92486.937500
1596801360,92487.015625
1596841183,92485.812500
1596881003,92486.703125
1596922931,92486.890625
1596962001,92486.734375
1597002001,92486.515625
1597042000,92486.359375
1597082002,92485.875000
1597122033,92486.421875
1597162239,92486.109375
1597202058,92485.078125
1597242000,92485.843750
1597282002,92485.203125
1597322002,92486.125000
1597362002,92485.546875
1597402406,92486.062500
1597442228,92486.203125
1597482048,92485.671875
1597522001,92484.515625
1597562003,92484.578125
1597602000,92484.093750
1597642000,92484.250000
1597682396,92483.937500
1597722438,92483.000000
1597762041,92483.265625
1597802000,92482.750000
1597842001,92482.968750
1597882002,92483.031250
1597922002,92484.625000
1597962389,92482.937500
1598002213,92483.359375
1598042031,92482.625000
1598082002,92483.187500
1598122001,92482.531250
1598162001,92481.921875
1598202000,92482.234375
1598242380,92482.906250
1598282201,92482.046875
1598322018,92481.500000
1598362001,92480.593750
1598402000,92482.656250
1598442001,92482.015625
1598482001,92481.406250
1598522414,92481.343750
1598562193,92482.312500
1598602008,92481.968750
1598642002,92481.468750
1598681999,92480.953125
1598722000,92480.078125
1598762001,92480.171875
1598802366,92480.265625
1598842223,92480.781250
1598882001,92481.000000
1598922002,92480.062500
1598963749,92479.296875
1599003001,92479.656250
1599043000,92479.421875
1599083000,92479.375000
1599123417,92479.484375
1599163413,92479.296875
1599203059,92479.390625
1599243001,92479.671875
1599283002,92478.640625
1599323004,92479.531250
1599363000,92479.984375
1599403407,92478.250000
1599443225,92478.781250
1599483092,92478.687500
1599523001,92478.484375
1599563002,92479.359375
1599603002,92478.046875
1599643000,92477.718750
1599683395,92477.484375
1599723218,92477.921875
1599763258,92478.109375
1599803000,92477.984375
1599843001,92478.546875
1599883000,92478.203125
1599923002,92477.125000
1599963387,92478.218750
1600003209,92477.687500
1600043030,92477.359375
1600083002,92477.984375
1600123001,92476.843750
1600163002,92476.703125
1600203001,92476.265625
1600243378,92475.796875
1600283200,92475.640625
1600323021,92475.656250
1600363000,92475.671875
1600403001,92475.515625
1600443002,92474.640625
1600483002,92474.812500
1600523370,92475.671875
1600563190,92475.796875
1600603008,92475.875000
1600643002,92476.750000
1600683000,92476.546875
1600722999,92476.703125
1600763002,92476.828125
1600805472,92476.265625
1600844999,92475.781250
1600885001,92475.671875
1600925311,92475.312500
1600965130,92475.687500
1601005002,92475.296875
1601045002,92474.703125
1601085000,92475.109375
1601125000,92475.250000
1601165002,92474.718750
1601205300,92475.203125
1601245123,92475.859375
1601285000,92474.312500
1601325001,92475.531250
1601365001,92476.078125
1601405001,92474.890625
1601445003,92474.750000
1601485294,92475.375000
1601525115,92475.234375
1601565002,92474.953125
1601605000,92475.984375
1601645000,92475.437500
1601685001,92474.781250
1601724999,92474.796875
1601765325,92474.828125
1601805106,92474.734375
1601845000,92475.156250
1601885002,92474.671875
1601925000,92474.218750
1601965001,92475.109375
1602005006,92473.781250
1602045274,92474.953125
1602085138,92474.781250
1602125001,92475.625000
1602165002,92474.234375
1602205000,92473.843750
1602245002,92475.671875
1602285002,92473.734375
1602325263,92474.562500
1602365087,92474.484375
1602405002,92474.250000
1602445000,92474.187500
1602485000,92474.546875
1602525000,92473.953125
1602564999,92474.187500
1602605257,92474.687500
1602647183,92474.562500
1602687385,92474.046875
1602727206,92474.796875
1602767029,92474.093750
1602807001,92474.296875
1602847001,92473.906250
1602887002,92474.296875
1602927000,92474.171875
1602967376,92474.796875
1603007197,92474.828125
1603047017,92475.109375
1603087000,92474.828125
1603127000,92475.328125
1603166999,92475.375000
1603207002,92475.234375
1603247591,92475.078125
1603287190,92475.265625
1603327010,92474.875000
1603367001,92473.984375
1603407000,92474.906250
1603447000,92475.140625
1603487001,92474.687500
1603527363,92475.234375
1603567178,92475.406250
1603607003,92474.421875
1603647000,92474.437500
1603687002,92475.843750
1603727002,92474.437500
1603767003,92473.578125
1603807348,92474.796875
1603847170,92474.468750
1603887000,92473.562500
1603927002,92473.640625
1603967000,92473.015625
1604007002,92473.062500
1604047001,92473.093750
1604087338,92473.937500
1604127162,92472.734375
1604167003,92472.609375
1604207002,92473.187500
1604247002,92473.156250
1604287001,92472.890625
1604327002,92472.140625
1604367376,92471.796875
1604407150,92472.796875
1604447000,92472.390625
1604488898,92473.203125
1604528002,92472.390625
1604568001,92472.078125
1604607999,92472.187500
1604648000,92472.968750
1604688007,92472.375000
1604728206,92472.703125
1604768029,92471.875000
1604808001,92471.484375
1604848000,92471.609375
1604888002,92471.468750
1604928002,92471.078125
1604968379,92472.234375
1605008241,92471.453125
1605048018,92471.546875
1605088001,92471.765625
1605128000,92471.703125
1605168001,92470.937500
1605208001,92471.703125
1605248371,92471.687500
1605288413,92471.687500
1605328053,92470.984375
1605368000,92472.218750
1605408001,92472.921875
1605448002,92472.687500
1605488003,92472.437500
1605528359,92472.500000
1605568181,92472.421875
1605608003,92471.937500
1605648001,92472.546875
1605688002,92472.765625
1605728002,92473.250000
1605768001,92473.250000
1605808350,92473.062500
1605848173,92472.203125
1605888001,92473.265625
1605928000,92473.546875
1605968002,92473.375000
1606008002,92474.734375
1606048002,92474.328125
1606088340,92473.921875
1606128164,92472.921875
1606168006,92473.187500
1606208002,92472.703125
1606248002,92471.937500
1606288000,92472.328125
1606328000,92472.687500
1606368336,92471.734375
1606408152,92472.328125
1606448000,92472.593750
1606488000,92472.015625
1606529722,92473.265625
1606569001,92472.781250
1606609001,92472.265625
1606649002,92471.859375
1606689388,92471.875000
1606729254,92472.281250
1606769029,92471.671875
1606809000,92472.078125
1606849002,92471.687500
1606889002,92471.484375
1606929000,92471.218750
1606969379,92470.609375
1607009201,92471.890625
1607049020,92471.875000
1607089000,92472.093750
1607129002,92472.109375
1607169000,92472.296875
1607209000,92472.468750
1607249372,92472.531250
1607289194,92473.234375
1607329235,92472.687500
1607369000,92472.781250
1607409000,92472.765625
1607449001,92473.625000
1607489003,92473.468750
1607529363,92473.828125
1607569183,92474.250000
1607609004,92474.609375
1607649002,92475.015625
1607689002,92475.234375
1607728999,92475.953125
1607769000,92476.062500
1607809355,92476.062500
1607849176,92475.234375
1607889002,92475.984375
1607929001,92476.359375
1607969003,92476.093750
1608009002,92476.093750
1608049001,92476.875000
1608089345,92477.015625
1608129164,92476.890625
1608169010,92477.187500
1608209002,92476.109375
1608248999,92476.984375
1608289000,92476.500000
1608329001,92476.609375
1608371443,92476.500000
1608411000,92477.546875
1608450999,92477.593750
1608491287,92476.781250
1608531108,92476.656250
1608571105,92476.625000
1608611001,92477.171875
1608651002,92475.453125
1608691001,92475.859375
1608731000,92477.093750
1608771278,92476.093750
1608811106,92476.078125
1608851001,92477.046875
1608890999,92477.390625
1608931002,92477.093750
1608971000,92478.203125
1609011000,92477.859375
1609051269,92477.468750
1609091092,92477.718750
1609131000,92477.093750
1609171001,92477.359375
1609211001,92477.453125
1609251002,92477.296875
1609291001,92476.968750
1609331262,92477.000000
1609371081,92476.078125
1609411001,92474.781250
1609451001,92474.828125
1609491001,92474.421875
1609531002,92475.671875
1609571004,92475.843750
1609611251,92476.062500
1609651072,92475.562500
1609691000,92476.640625
1609731000,92476.750000
1609771001,92476.218750
1609811002,92475.015625
1609851425,92475.656250
1609891243,92475.078125
1609931065,92475.218750
1609971003,92475.921875
1610011000,92475.281250
1610051001,92476.609375
1610091000,92476.500000
1610131413,92476.421875
1610171234,92475.843750
1610213166,92475.593750
1610253364,92476.734375
1610293188,92476.812500
1610333009,92478.500000
1610373001,92477.578125
1610413002,92477.937500
1610453001,92477.718750
1610493001,92478.015625
1610533402,92477.765625
1610573176,92477.703125
1610613004,92478.015625
1610652999,92477.843750
1610693000,92477.453125
1610733000,92478.453125
1610772999,92476.421875
1610813568,92477.140625
1610853216,92476.906250
1610893001,92477.093750
1610932999,92476.421875
1610973001,92476.515625
1611013002,92477.359375
1611053001,92478.062500
1611093340,92477.562500
1611133158,92478.187500
1611173028,92479.312500
1611213000,92479.031250
1611253000,92477.859375
1611293000,92477.593750
1611333001,92477.328125
1611373330,92478.062500
1611413149,92478.046875
1611453000,92478.953125
1611493002,92477.312500
1611533000,92478.359375
1611573000,92477.656250
1611613002,92477.640625
1611653329,92477.937500
1611693144,92478.406250
1611733000,92477.078125
1611773002,92478.031250
1611813002,92476.843750
1611853002,92477.578125
1611893002,92477.062500
1611933313,92477.375000
1611973133,92476.812500
1612013084,92477.296875
1612054882,92477.265625
1612094001,92477.406250
1612134002,92477.671875
1612174000,92477.250000
1612214002,92477.015625
1612254414,92475.875000
1612294189,92476.671875
1612334012,92477.468750
1612374001,92476.687500
1612414002,92476.734375
1612454000,92477.390625
1612494002,92476.953125
1612534360,92476.437500
1612574180,92476.296875
1612614130,92476.031250
1612654002,92476.750000
1612694001,92476.453125
1612734001,92476.843750
1612774002,92476.875000
1612814478,92476.437500
1612854393,92475.703125
1612894005,92476.609375
1612934000,92475.921875
1612974003,92476.640625
1613014000,92476.890625
1613054000,92476.218750
1613094342,92476.109375
1613134167,92476.484375
1613174006,92476.062500
1613214000,92476.078125
1613254000,92475.390625
1613293999,92476.187500
1613333999,92475.500000
1613374336,92475.515625
1613414158,92476.062500
1613453999,92475.765625
1613494002,92476.250000
1613534001,92475.703125
1613573999,92475.281250
1613614000,92476.000000
1613654328,92476.296875
1613694150,92475.906250
1613734000,92476.000000
1613774001,92476.609375
1613814002,92476.968750
1613854002,92476.578125
1613894002,92476.671875
1613934318,92476.812500
1613974138,92476.500000
1614014000,92477.625000
1614054002,92477.312500
1614095708,92475.875000
1614135000,92477.218750
1614175002,92476.671875
1614214999,92476.156250
1614255378,92476.468750
1614295241,92476.687500
1614335016,92476.390625
1614375001,92477.031250
1614415001,92477.062500
1614455000,92477.546875
1614495000,92477.031250
1614535365,92476.625000
1614575190,92476.140625
1614615009,92476.984375
1614655002,92478.250000
1614695001,92478.046875
1614735001,92476.875000
1614775000,92476.546875
1614815356,92476.906250
1614855178,92476.406250
1614895224,92476.875000
1614934999,92476.328125
1614975000,92476.859375
1615015002,92477.562500
1615055001,92476.796875
1615095352,92477.734375
1615135173,92477.187500
1615175016,92477.375000
1615215002,92477.000000
1615255002,92477.171875
1615295002,92477.859375
1615335002,92477.046875
1615375389,92478.109375
1615415162,92478.375000
1615455001,92478.687500
1615495002,92478.078125
1615535002,92479.718750
1615575002,92479.468750
1615615003,92481.125000
1615655332,92480.265625
1615695200,92480.421875
1615735000,92481.468750
1615775001,92480.812500
1615815000,92481.328125
1615855001,92482.015625
1615895000,92482.468750
1615937433,92481.718750
1615976999,92481.765625
1616017000,92482.109375
1616057279,92483.656250
1616097100,92483.906250
1616137001,92483.062500
1616177001,92484.343750
1616217002,92484.640625
1616257002,92484.421875
1616297001,92485.796875
1616337267,92484.671875
1616377091,92486.578125
1616417001,92487.000000
1616457002,92486.906250
1616497001,92487.437500
1616537000,92488.203125
1616577000,92487.421875
1616617268,92488.515625
1616657080,92488.062500
1616697001,92488.109375
1616737001,92488.656250
1616777000,92488.593750
1616817001,92488.156250
1616857001,92487.937500
1616897253,92488.531250
1616937075,92488.390625
1616977002,92488.625000
1617017001,92487.875000
1617057001,92488.359375
1617097001,92487.656250
1617137425,92488.640625
1617177244,92489.015625
1617217064,92488.531250
1617257002,92488.406250
1617297002,92488.453125
1617337001,92488.718750
1617377000,92488.796875
1617417412,92487.984375
1617457237,92488.875000
1617497058,92487.921875
1617537001,92488.718750
1617577000,92489.593750
1617616999,92488.468750
1617657001,92488.796875
1617697403,92488.296875
1617737224,92489.031250
1617779155,92488.453125
1617819357,92487.656250
1617859184,92488.515625
1617899001,92488.390625
1617939001,92487.671875
1617979001,92488.171875
1618019002,92488.265625
1618059003,92488.078125
1618099350,92489.078125
1618139173,92488.015625
1618179011,92487.953125
1618219002,92488.375000
1618258999,92488.125000
1618299005,92487.765625
1618339004,92488.562500
1618379565,92488.968750
1618419167,92488.343750
1618459000,92487.781250
1618499001,92488.656250
1618539002,92488.187500
1618579002,92488.828125
1618619002,92488.062500
1618659330,92488.390625
1618699155,92488.109375
1618739000,92488.406250
1618779002,92488.453125
1618819003,92488.406250
1618859002,92488.328125
1618899000,92488.484375
1618939322,92487.609375
1618979144,92488.734375
1619019002,92487.843750
1619059002,92488.203125
1619099001,92488.218750
1619139001,92487.875000
1619179003,92487.937500
1619219314,92487.640625
1619259137,92488.328125
1619299000,92486.828125
1619338999,92488.593750
1619378999,92488.046875
1619419000,92488.015625
1619459002,92487.468750
1619499307,92488.500000
1619539126,92488.593750
1619579002,92488.140625
1619620881,92488.578125
1619660002,92488.000000
1619700001,92488.093750
1619740004,92487.875000
1619780000,92488.000000
1619820025,92487.843750
1619860229,92488.109375
1619900045,92487.968750
1619940000,92488.531250
1619980002,92488.312500
1620020000,92487.843750
1620059999,92488.921875
1620100400,92488.046875
1620140219,92487.453125
1620180041,92488.218750
1620220001,92486.843750
1620260001,92486.718750
1620300002,92487.750000
1620340000,92487.171875
1620380389,92486.828125
1620420440,92486.875000
1620460035,92486.609375
1620500002,92486.078125
1620540001,92487.015625
1620580002,92486.406250
1620620000,92486.718750
1620660384,92487.750000
1620700205,92485.828125
1620740024,92486.593750
1620780001,92487.234375
1620820004,92487.234375
1620860000,92486.687500
1620900001,92486.218750
1620940373,92487.078125
1620980194,92486.656250
1621020016,92487.437500
1621060002,92486.281250
1621100001,92486.015625
1621140003,92486.312500
1621180003,92486.671875
1621220411,92486.187500
1621260186,92486.484375
1621300145,92486.046875
1621340001,92485.796875
1621380000,92486.375000
1621420002,92486.250000
1621460001,92486.171875
1621500357,92485.687500
1621540225,92485.593750
1621579999,92485.859375
1621620002,92486.234375
1621661750,92486.468750
1621701001,92486.062500
1621741004,92486.484375
1621781002,92486.031250
1621821419,92486.734375
1621861375,92485.953125
1621901059,92485.500000
1621941000,92485.921875
1621980999,92486.343750
1622021000,92485.625000
1622061000,92486.843750
1622101409,92487.093750
1622141228,92486.593750
1622181093,92486.296875
1622221002,92487.734375
1622261000,92486.359375
1622301000,92486.375000
1622341003,92487.500000
1622381401,92487.171875
1622421219,92487.953125
1622461264,92485.859375
1622501001,92487.109375
1622541000,92486.656250
1622581002,92486.562500
1622621002,92487.140625
1622661389,92486.531250
1622701210,92486.968750
1622741032,92487.312500
1622781002,92486.671875
1622821001,92486.562500
1622861004,92487.109375
1622901002,92486.484375
1622941383,92487.500000
1622981202,92486.875000
1623021022,92486.359375
1623061000,92486.859375
1623101003,92487.546875
1623141001,92487.546875
1623180999,92487.406250
1623221372,92487.843750
1623261196,92486.453125
1623301017,92487.187500
1623341004,92486.703125
1623381002,92487.500000
1623421000,92486.906250
1623460999,92486.843750
1623503474,92486.765625
1623543005,92487.312500
1623583006,92487.218750
1623623319,92487.812500
1623663140,92486.640625
1623703048,92487.734375
1623743000,92487.203125
1623782999,92486.437500
1623823002,92487.281250
1623863000,92487.281250
1623903311,92486.953125
1623943130,92487.156250
1623983000,92487.484375
1624023001,92486.390625
1624063002,92486.812500
1624103000,92486.921875
1624143004,92487.765625
1624183305,92486.312500
1624223123,92486.484375
1624262999,92488.328125
1624303001,92487.109375
1624343002,92487.000000
1624382999,92487.015625
1624423003,92486.734375
1624463339,92487.750000
1624503115,92486.921875
1624543002,92487.718750
1624583002,92486.984375
1624623000,92487.218750
1624663000,92487.562500
1624703466,92487.937500
1624743285,92487.062500
1624783153,92487.968750
1624823001,92487.875000
1624863001,92487.140625
1624902999,92487.968750
1624943004,92488.015625
1624983593,92487.390625
1625023275,92487.343750
1625063100,92487.359375
1625103001,92487.484375
1625143000,92487.015625
1625183000,92487.703125
1625222999,92487.218750
1625263448,92488.203125
1625303270,92488.609375
1625345197,92487.671875
1625385400,92487.343750
1625425223,92487.062500
1625465043,92487.296875
1625505001,92486.812500
1625545003,92487.515625
1625585000,92486.546875
1625625000,92488.046875
1625665391,92487.359375
1625705213,92488.218750
1625745035,92486.906250
1625785004,92487.859375
1625825000,92487.312500
1625865000,92487.515625
1625905002,92486.484375
1625945603,92488.046875
1625985203,92487.984375
1626025024,92487.640625
1626065000,92488.562500
1626105001,92488.093750
1626145000,92487.046875
1626184999,92487.468750
1626225370,92487.734375
1626265192,92488.218750
1626305001,92487.593750
1626345001,92488.031250
1626385002,92488.093750
1626424999,92487.562500
1626465000,92488.343750
1626505326,92488.171875
1626545146,92487.484375
1626585004,92488.093750
1626625001,92488.812500
1626665002,92488.359375
1626705001,92489.453125
1626745003,92489.343750
1626785320,92489.109375
1626825139,92488.484375
1626865001,92488.953125
1626905000,92489.437500
1626945000,92488.265625
1626985000,92488.671875
1627025002,92488.265625
1627065352,92488.812500
1627105164,92489.171875
1627145009,92488.890625
1627186914,92489.078125
1627226001,92489.125000
1627265999,92488.593750
1627306001,92489.203125
1627346002,92489.359375
1627386029,92488.890625
1627426231,92489.906250
1627466053,92489.046875
1627506000,92488.406250
1627546000,92489.000000
1627586000,92488.953125
1627626001,92489.390625
1627666402,92489.296875
1627706269,92488.593750
1627746044,92488.734375
1627786003,92489.265625
1627826000,92489.140625
1627866002,92489.125000
1627906000,92489.406250
1627946394,92489.281250
1627986437,92489.703125
1628026079,92489.484375
1628066002,92488.828125
1628106002,92489.781250
1628146001,92489.156250
1628186001,92489.687500
1628226386,92490.359375
1628266207,92489.390625
1628306029,92489.031250
1628346004,92488.937500
1628386000,92489.312500
1628426002,92488.203125
1628466000,92489.718750
1628506380,92489.203125
1628546263,92488.968750
1628586020,92488.984375
1628626002,92489.484375
1628665999,92489.781250
1628706000,92488.718750
1628746000,92488.937500
1628786372,92489.390625
1628826192,92488.906250
1628866014,92490.296875
1628906000,92488.687500
1628946000,92490.046875
1628986001,92490.625000
1629025999,92490.187500
1629066363,92490.171875
1629106184,92489.171875
1629146230,92490.500000
1629186000,92489.140625
1629227755,92488.906250
1629267002,92489.843750
1629307000,92490.250000
1629347001,92489.828125
1629387418,92489.234375
1629427324,92490.000000
1629467064,92490.750000
1629507002,92490.328125
1629547001,92490.359375
1629587002,92489.343750
1629627001,92489.968750
1629667414,92489.312500
1629707232,92490.562500
1629747205,92489.937500
1629787001,92489.765625
1629827002,92489.953125
1629867004,92489.796875
1629907000,92490.109375
1629947557,92489.531250
1629987227,92490.625000
1630027269,92490.359375
1630067002,92489.953125
1630106999,92490.140625
1630147000,92490.093750
1630187001,92489.109375
1630227396,92490.687500
1630267216,92489.734375
1630307041,92490.125000
1630347002,92490.906250
1630387000,92490.562500
1630426999,92490.656250
1630467002,92490.546875
1630507389,92490.375000
1630547211,92490.953125
1630587093,92490.406250
1630627001,92489.906250
1630667002,92490.125000
1630707001,92490.125000
1630747001,92490.187500
1630787380,92489.218750
1630827205,92489.546875
1630867025,92490.218750
1630907001,92490.406250
1630947003,92489.750000
1630987002,92491.140625
1631027000,92490.953125
1631069481,92490.359375
1631109000,92491.093750
1631149005,92491.296875
1631189323,92490.078125
1631229149,92490.593750
1631269104,92490.828125
1631308999,92490.531250
1631349002,92490.812500
1631389000,92490.687500
1631429007,92491.062500
1631469318,92490.562500
1631509139,92490.921875
1631549001,92490.687500
1631589002,92490.812500
1631629002,92491.328125
1631669001,92490.437500
1631709001,92490.953125
1631749309,92490.843750
1631789200,92490.671875
1631829001,92491.281250
1631869001,92490.406250
1631909002,92490.125000
1631949000,92490.515625
1631989000,92491.031250
1632029259,92490.578125
1632069080,92491.203125
1632109001,92491.593750
1632149002,92490.250000
1632189000,92490.609375
1632229001,92490.250000
1632269000,92490.343750
1632309295,92490.171875
1632349115,92491.312500
1632389001,92491.171875
1632429001,92491.140625
1632469001,92490.578125
1632509000,92490.421875
1632549466,92490.828125
1632589287,92491.156250
1632629107,92490.250000
1632669002,92490.015625
1632709000,92490.312500
1632749000,92491.156250
1632789000,92489.765625
1632829459,92490.203125
1632869278,92490.781250
1632911208,92490.046875
1632951411,92491.000000
1632991232,92490.328125
1633031056,92490.812500
1633071001,92490.687500
1633111000,92490.593750
1633151005,92490.765625
1633191002,92490.093750
1633231446,92490.531250
1633271224,92490.578125
1633311045,92491.046875
1633351002,92490.218750
1633391002,92490.546875
1633431000,92490.609375
1633471001,92490.640625
1633511618,92491.375000
1633551259,92490.046875
1633592070,92489.546875
1633632109,92490.328125
1633672000,92490.328125
1633712000,92490.203125
1633751999,92490.453125
1633792001,92489.921875
1633832453,92489.765625
1633872273,92490.609375
1633912097,92490.593750
1633952002,92490.781250
1633992002,92490.875000
1634032001,92489.406250
1634072002,92491.109375
1634112517,92489.484375
1634152266,92490.546875
1634192089,92489.671875
1634232001,92490.359375
1634272002,92490.062500
1634312000,92490.046875
1634352001,92490.656250
1634393472,92490.187500
1634433001,92490.187500
1634473326,92490.468750
1634513144,92489.578125
1634553831,92489.953125
1634594157,92489.500000
1634633999,92490.750000
1634674001,92490.843750
1634714005,92491.140625
1634754001,92490.171875
1634794383,92490.265625
1634834208,92490.187500
1634874071,92490.187500
1634914002,92490.968750
1634953999,92489.859375
1634994002,92490.406250
1635034001,92489.468750
1635074373,92490.453125
1635114198,92490.062500
1635154239,92490.718750
1635194910,92489.312500
1635234000,92490.734375
1635274002,92489.906250
1635314002,92490.750000
1635354432,92490.234375
1635395559,92490.328125
1635435256,92490.343750
1635475075,92490.359375
1635515000,92490.000000
1635554999,92489.671875
1635595613,92490.218750
1635635001,92489.625000
1635675426,92490.234375
1635715248,92490.281250
1635755139,92490.421875
1635795001,92490.187500
1635835001,92490.703125
1635875000,92490.328125
1635915001,92489.937500
1635955419,92490.531250
1635997346,92491.078125
1636037000,92490.796875
1636077371,92489.921875
1636117193,92490.343750
1636157011,92489.515625
1636198418,92489.718750
1636238002,92490.671875
1636278000,92490.875000
1636318002,92490.468750
1636358002,92490.046875
1636398648,92490.296875
1636438251,92490.375000
1636478071,92490.390625
1636517999,92490.968750
1636558000,92490.156250
1636598000,92490.578125
1636638002,92490.625000
1636678422,92490.734375
1636718244,92490.109375
1636758067,92490.312500
1636798002,92490.625000
1636838004,92490.250000
1636878002,92490.796875
1636918000,92489.843750
1636958415,92490.343750
1636998345,92491.687500
1637038054,92489.828125
1637078002,92491.109375
1637118001,92490.656250
1637158002,92490.921875
1637198001,92490.343750
1637238407,92490.187500
1637278229,92490.968750
1637318047,92491.156250
1637358001,92491.015625
1637398012,92491.125000
1637438002,92490.687500
1637478002,92490.843750
1637518441,92490.781250
1637558223,92490.375000
1637598387,92491.171875
1637639972,92489.546875
1637679001,92490.046875
1637719000,92490.296875
1637758999,92491.546875
1637799002,92490.687500
1637839078,92490.203125
1637879278,92490.796875
1637919098,92490.078125
1637959000,92490.531250
1637999001,92490.875000
1638039002,92490.875000
1638079003,92489.765625
1638119450,92490.062500
1638159313,92489.921875
1638199096,92490.640625
1638239000,92490.453125
1638279002,92490.546875
1638318999,92490.671875
1638359000,92490.531250
1638399443,92490.718750
1638439484,92490.078125
1638479127,92490.640625
1638519002,92491.312500
1638559001,92491.453125
1638599001,92491.312500
1638639000,92490.562500
1638679432,92492.000000
1638719256,92490.765625
1638759074,92491.890625
1638799000,92489.906250
1638839000,92490.890625
1638879000,92491.671875
1638919001,92489.890625
1638959424,92490.125000
1638999248,92490.796875
1639039069,92490.750000
1639079001,92491.125000
1639119001,92491.468750
1639159001,92490.937500
1639199002,92491.593750
1639239491,92490.281250
1639279242,92491.921875
1639319061,92490.750000
1639359001,92490.765625
1639399001,92491.078125
1639439001,92491.656250
1639479001,92490.671875
1639519411,92491.281250
1639559233,92491.390625
1639599053,92491.203125
1639639000,92490.343750
1639680804,92489.625000
1639720001,92491.656250
1639760000,92490.875000
1639800000,92491.062500
1639840000,92490.390625
1639880378,92489.906250
1639920113,92489.765625
1639960002,92490.796875
1640000001,92490.953125
1640040000,92490.703125
1640080002,92490.953125
1640120464,92490.375000
1640160281,92491.125000
1640200102,92491.296875
1640240000,92491.765625
1640280001,92491.171875
1640319999,92490.515625
1640360002,92490.796875
1640400458,92490.828125
1640440277,92490.281250
1640480319,92491.109375
1640520002,92490.953125
1640560000,92491.500000
1640600002,92490.250000
1640640000,92490.968750
1640680506,92490.718750
1640720266,92491.156250
1640760088,92490.750000
1640800000,92490.750000
1640840000,92489.968750
1640880001,92491.000000
1640920000,92491.234375
1640960437,92491.578125
1641000258,92490.484375
1641040081,92491.437500
1641080000,92491.906250
1641120001,92490.218750
1641160000,92492.250000
1641200001,92490.843750
1641240431,92490.250000
1641280322,92491.625000
1641320075,92490.562500
1641360002,92491.000000
1641400000,92491.109375
1641440002,92491.453125
1641480002,92491.046875
1641522487,92491.828125
1641562001,92491.015625
1641602000,92490.921875
1641642333,92490.812500
1641682154,92490.593750
1641722064,92491.781250
1641762002,92490.328125
1641801999,92490.828125
1641842001,92490.484375
1641882001,92490.562500
1641922327,92491.156250
1641962147,92491.203125
1642002001,92490.843750
1642042001,92490.093750
1642082000,92490.359375
1642122000,92490.453125
1642162000,92490.906250
1642202320,92490.921875
1642242139,92491.468750
1642282001,92490.484375
1642322004,92490.531250
1642362001,92490.562500
1642402000,92490.656250
1642442000,92490.078125
1642482311,92490.375000
1642522135,92490.343750
1642562001,92490.234375
1642602001,92491.453125
1642642000,92491.671875
1642682000,92490.031250
1642721999,92490.515625
1642762307,92489.843750
1642802126,92489.375000
1642842002,92489.078125
1642882004,92488.703125
1642922001,92487.000000
1642961999,92486.234375
1643002002,92486.171875
1643042296,92485.203125
1643082119,92484.359375
1643122002,92483.484375
1643161999,92483.328125
1643202002,92480.906250
1643242001,92481.359375
1643282000,92479.906250
1643322288,92479.546875
1643364218,92478.859375
1643404424,92479.140625
1643444243,92478.093750
1643484067,92478.390625
1643524002,92478.218750
1643564001,92478.062500
1643604001,92477.125000
1643644000,92477.406250
1643684458,92477.218750
1643724236,92476.765625
1643764057,92476.984375
1643804001,92477.453125
1643844001,92476.453125
1643884000,92477.015625
1643924001,92476.593750
1643964628,92476.578125
1644004272,92476.468750
1644044048,92476.171875
1644084002,92475.796875
1644124001,92476.640625
1644164004,92476.828125
1644204002,92474.765625
1644244400,92476.437500
1644284221,92475.125000
1644324086,92475.453125
1644364000,92476.390625
1644404000,92475.500000
1644444002,92475.734375
1644484000,92476.093750
1644524392,92475.265625
1644564216,92474.625000
1644604035,92475.046875
1644644002,92475.625000
1644684000,92475.000000
1644724000,92474.953125
1644763999,92475.515625
1644804393,92475.171875
1644844207,92475.687500
1644884028,92476.250000
1644924000,92475.609375
1644964002,92475.390625
1645004002,92475.281250
1645044002,92475.859375
1645084378,92475.390625
1645124198,92476.140625
1645164022,92475.265625
1645205955,92476.281250
1645245000,92474.718750
1645285003,92474.921875
1645325002,92475.953125
1645365002,92475.546875
1645405058,92476.359375
1645445257,92476.859375
1645485078,92476.515625
1645525002,92475.843750
1645565002,92477.546875
1645605001,92477.765625
1645645002,92476.718750
1645685000,92476.953125
1645725253,92477.046875
1645765071,92477.609375
1645805002,92477.000000
1645845002,92477.984375
1645885000,92477.781250
1645925000,92478.343750
1645965424,92477.328125
1646005472,92477.968750
1646045066,92479.203125
1646085002,92478.171875
1646125000,92478.375000
1646165002,92479.484375
1646205001,92479.593750
1646245417,92477.890625
1646285236,92478.140625
1646325059,92478.937500
1646364999,92478.671875
1646405002,92478.609375
1646445001,92478.562500
1646485000,92478.656250
1646525407,92478.953125
1646565229,92478.593750
1646605053,92479.000000
1646645001,92479.406250
1646685000,92478.328125
1646725002,92478.265625
1646765002,92478.546875
1646805402,92477.390625
1646845222,92477.765625
1646885044,92477.250000
1646925002,92478.125000
1646965000,92477.625000
1647005001,92477.109375
1647045002,92477.968750
1647085396,92477.062500
1647125218,92477.734375
1647165037,92477.937500
1647205002,92478.156250
1647246784,92478.125000
1647286002,92477.328125
1647326001,92478.000000
1647366003,92478.609375
1647406004,92477.734375
1647446321,92477.359375
1647486096,92476.750000
1647526001,92478.328125
1647566002,92477.171875
1647606002,92478.312500
1647646001,92477.812500
1647686002,92478.031250
1647726264,92477.671875
1647766090,92477.500000
1647806001,92477.921875
1647846000,92477.828125
1647886000,92477.578125
1647926000,92477.093750
1647966003,92478.625000
1648006265,92476.906250
1648046300,92477.984375
1648086001,92476.921875
1648125999,92476.625000
1648166002,92477.343750
1648206002,92476.609375
1648246000,92476.593750
1648286250,92477.781250
1648326074,92476.828125
1648366001,92476.968750
1648406000,92475.828125
1648446000,92477.406250
1648485999,92476.468750
1648526467,92475.953125
1648566245,92477.671875
1648606071,92477.937500
1648646001,92477.078125
1648686002,92477.890625
1648726002,92476.953125
1648766002,92477.375000
1648806417,92476.312500
1648846281,92476.515625
1648886061,92477.031250
1648926002,92476.375000
1648966002,92475.578125
1649005999,92476.578125
1649045999,92476.750000
1649088516,92476.484375
1649128002,92476.078125
1649168000,92476.609375
1649208361,92477.375000
1649248185,92476.625000
1649288048,92476.546875
1649328000,92475.500000
1649368003,92475.640625
1649408002,92477.906250
1649447999,92475.921875
1649488354,92477.156250
1649528176,92476.312500
1649568020,92476.218750
1649608001,92476.406250
1649648002,92476.062500
1649687999,92475.953125
1649728002,92476.203125
1649768350,92475.875000
1649808171,92476.312500
1649847999,92476.937500
1649888036,92476.671875
1649928002,92476.250000
1649968005,92475.828125
1650008002,92476.765625
1650048343,92476.593750
1650088162,92476.671875
1650128000,92476.078125
1650168002,92475.703125
1650208002,92476.796875
1650248001,92476.296875
1650288000,92475.968750
1650328335,92476.843750
1650368154,92476.468750
1650408001,92476.546875
1650448001,92475.328125
1650488000,92475.968750
1650528000,92476.125000
1650568003,92475.703125
1650608324,92476.000000
1650648150,92475.843750
1650688000,92476.015625
1650728001,92475.281250
1650768001,92475.687500
1650808000,92475.640625
1650848000,92475.718750
1650888320,92475.718750
1650930249,92475.250000
1650970004,92475.187500
1651010271,92475.921875
1651050095,92475.468750
1651090000,92475.953125
1651129999,92475.234375
1651170003,92474.453125
1651210000,92475.156250
1651250002,92474.703125
1651290263,92475.296875
1651330088,92475.484375
1651370003,92475.171875
1651410002,92474.015625
1651449999,92474.812500
1651490001,92474.890625
1651530003,92475.234375
1651570262,92475.343750
1651610081,92474.187500
1651650002,92474.234375
1651690001,92475.500000
1651730005,92474.656250
1651770000,92474.750000
1651810003,92474.968750
1651850253,92475.843750
1651890074,92475.234375
1651930002,92475.421875
1651970002,92475.968750
1652009999,92475.046875
1652050000,92474.484375
1652090425,92474.250000
1652130247,92475.359375
1652170066,92474.484375
1652210000,92474.796875
1652250002,92475.234375
1652290000,92475.234375
1652330000,92474.312500
1652370418,92474.968750
1652410240,92474.718750
1652450058,92475.437500
1652490010,92475.437500
1652529999,92474.468750
1652570001,92475.265625
1652610002,92474.921875
1652650409,92474.890625
1652690358,92475.437500
1652730055,92475.015625
1652771979,92474.859375
1652811002,92475.359375
1652851001,92474.718750
1652891000,92475.421875
1652931002,92474.937500
1652971086,92475.968750
1653011292,92475.484375
1653051110,92475.406250
1653091058,92474.781250
1653131001,92475.250000
1653171002,92474.421875
1653211000,92474.562500
1653251001,92474.078125
1653291412,92474.593750
1653331103,92475.312500
1653371000,92474.562500
1653411000,92474.937500
1653451001,92475.078125
1653491001,92474.468750
1653531000,92474.468750
1653571498,92475.375000
1653611096,92475.109375
1653651000,92474.828125
1653691000,92475.218750
1653731001,92474.921875
1653771002,92474.640625
1653811004,92475.750000
1653851271,92474.250000
1653891092,92474.750000
1653930999,92475.312500
1653971001,92474.515625
1654010999,92474.812500
1654051002,92474.671875
1654091000,92475.406250
1654131262,92475.609375
1654171085,92476.171875
1654210999,92476.328125
1654251001,92475.218750
1654290999,92475.000000
1654331001,92476.000000
1654371003,92475.734375
1654411258,92475.906250
1654451076,92475.000000
1654491000,92474.937500
1654531000,92474.984375
1654571001,92475.015625
1654610999,92475.515625
1654651429,92475.953125
1654691292,92475.125000
1654731074,92475.015625
1654771002,92476.078125
1654812827,92475.421875
1654852001,92475.468750
1654892000,92475.953125
1654932000,92476.312500
1654972000,92475.843750
1655012402,92475.015625
1655052131,92476.000000
1655092001,92475.109375
1655132002,92475.546875
1655172001,92475.609375
1655212002,92475.515625
1655252001,92475.265625
1655292304,92475.687500
1655332166,92475.421875
1655372002,92476.000000
1655412001,92476.500000
1655452000,92476.828125
1655492002,92476.812500
1655532000,92476.546875
1655572295,92476.546875
1655612337,92476.468750
1655651999,92476.937500
1655691999,92476.546875
1655732002,92477.031250
1655772001,92476.703125
1655812002,92476.859375
1655852287,92476.015625
1655892110,92477.375000
1655932002,92476.968750
1655972000,92477.453125
1656012002,92476.984375
1656052001,92476.593750
1656092001,92476.343750
1656132281,92476.734375
1656172105,92476.843750
1656212000,92477.187500
1656252001,92477.312500
1656292001,92476.640625
1656332000,92477.093750
1656372007,92477.640625
1656412278,92476.890625
1656452096,92477.281250
1656492000,92475.984375
1656532002,92477.171875
1656572002,92476.218750
1656612002,92476.375000
1656652000,92476.531250
1656692270,92477.296875
1656732092,92477.078125
1656772001,92476.953125
1656812000,92476.890625
1656853660,92476.468750
1656893002,92476.593750
1656933001,92476.593750
1656973002,92477.187500
1657013326,92477.187500
1657053192,92476.828125
1657093000,92477.265625
1657133001,92476.890625
1657173000,92476.968750
1657213000,92476.187500
1657253001,92477.000000
1657293320,92477.046875
1657333144,92475.093750
1657373001,92476.656250
1657413002,92476.062500
1657453001,92475.890625
1657493002,92475.968750
1657532999,92476.453125
1657573313,92476.531250
1657613139,92476.640625
1657653177,92476.890625
1657693000,92475.531250
1657733002,92475.921875
1657773001,92476.593750
1657813001,92475.734375
1657853308,92475.593750
1657893130,92475.218750
1657933002,92476.593750
1657973002,92475.828125
1658013001,92475.453125
1658053002,92475.484375
1658093002,92475.437500
1658133300,92475.656250
1658173123,92476.234375
1658213000,92475.140625
1658253004,92475.859375
1658293002,92475.468750
1658333000,92475.718750
1658373001,92475.328125
1658413296,92475.328125
1658453117,92475.390625
1658493001,92475.828125
1658533002,92475.484375
1658573000,92475.312500
1658613002,92475.640625
1658653001,92475.171875
1658695393,92475.593750
1658734999,92475.250000
1658775419,92476.296875
1658815239,92475.218750
1658855063,92474.734375
1658895000,92475.750000
1658935002,92476.234375
1658975000,92474.937500
1659015002,92476.234375
1659055412,92475.265625
1659095235,92474.781250
1659135058,92475.125000
1659175003,92475.734375
1659215002,92475.859375
1659255000,92474.984375
1659295002,92475.093750
1659335408,92474.984375
1659375227,92476.187500
1659415049,92475.515625
1659455000,92474.593750
1659495000,92475.406250
1659535002,92475.046875
1659575000,92475.109375
1659615399,92474.468750
1659655221,92474.953125
1659695043,92474.312500
1659735002,92474.218750
1659775001,92474.187500
1659815002,92474.250000
1659855002,92474.109375
1659895392,92474.640625
1659935213,92474.703125
1659975034,92474.421875
1660015002,92474.250000
1660055001,92474.281250
1660095002,92474.156250
1660135001,92475.375000
1660175389,92474.187500
1660215209,92474.375000
1660255029,92474.046875
1660295002,92474.218750
1660335001,92473.375000
1660375000,92473.578125
1660415001,92474.343750
1660455381,92474.125000
1660495199,92474.421875
1660537127,92473.765625
1660577334,92474.359375
1660617153,92474.484375
1660657001,92474.109375
1660697000,92473.906250
1660737002,92473.734375
1660777001,92473.984375
1660817000,92473.593750
1660857369,92473.062500
1660897146,92473.578125
1660937001,92474.281250
1660977000,92473.218750
1661017000,92473.531250
1661056999,92472.781250
1661097000,92472.843750
1661137539,92472.906250
1661177188,92471.656250
1661217001,92472.593750
1661257002,92472.140625
1661297001,92471.828125
1661337001,92471.734375
1661377002,92472.562500
1661417312,92471.843750
1661457133,92470.796875
1661497001,92470.687500
1661537001,92471.015625
1661577000,92472.125000
1661617002,92470.609375
1661657002,92470.328125
1661697195,92470.250000
1661737017,92470.250000
1661777003,92470.906250
1661817005,92470.953125
1661857002,92470.515625
1661897001,92470.000000
1661936999,92469.687500
1661977189,92469.328125
1662017008,92468.828125
1662057000,92469.046875
1662097002,92469.031250
1662136999,92468.984375
1662177001,92469.796875
1662217002,92467.812500
1662257179,92468.312500
1662297002,92468.375000
1662337000,92468.718750
1662377001,92467.500000
1662417002,92467.796875
1662457000,92467.859375
1662497001,92467.625000
1662537173,92467.000000
1662577014,92466.531250
1662617002,92467.250000
1662657001,92466.765625
1662697000,92467.250000
1662737002,92466.546875
1662776999,92466.203125
1662817171,92466.437500
1662857002,92466.437500
1662897000,92465.625000
1662937000,92465.531250
1662977003,92466.437500
1663017002,92465.546875
1663057006,92466.359375
1663097160,92465.703125
1663137001,92465.328125
1663177002,92465.125000
1663217002,92465.296875
1663257001,92464.312500
1663297002,92464.750000
1663337003,92464.218750
1663377376,92464.062500
1663417002,92464.796875
1663457001,92464.125000
1663497001,92464.765625
1663537000,92464.437500
1663577000,92464.000000
1663617000,92464.406250
1663657150,92463.078125
1663697000,92463.453125
1663737002,92463.734375
1663777001,92463.500000
1663817001,92462.765625
1663857001,92462.593750
1663897000,92463.421875
1663937144,92463.156250
1663977001,92462.390625
1664017003,92462.312500
1664056999,92462.906250
1664096999,92462.937500
1664137002,92462.468750
1664177001,92462.000000
1664217135,92462.453125
1664257002,92462.843750
1664297002,92461.921875
1664337002,92462.093750
1664377002,92461.750000
1664417002,92461.093750
1664457311,92461.109375
1664497132,92461.890625
1664537000,92460.984375
1664577002,92460.531250
1664617001,92461.453125
1664657000,92459.500000
1664697000,92460.609375
1664737302,92460.531250
1664777123,92459.828125
1664817001,92459.734375
1664857002,92459.968750
1664897000,92460.046875
1664937000,92460.109375
1664977002,92459.609375
1665017295,92459.890625
1665057119,92459.984375
1665097000,92459.328125
1665137000,92459.781250
1665177001,92458.812500
1665216999,92458.562500
1665257001,92457.937500
1665297289,92458.484375
1665337113,92458.953125
1665377001,92458.640625
1665417000,92457.984375
1665457001,92459.250000
1665497001,92458.437500
1665537002,92458.421875
1665577283,92459.187500
1665617328,92459.062500
1665657000,92458.156250
1665697000,92457.671875
1665737001,92457.703125
1665777002,92457.765625
1665817000,92458.156250
1665857276,92457.390625
1665897098,92457.625000
1665937002,92457.406250
1665976999,92456.734375
1666017003,92457.406250
1666057002,92457.531250
1666097000,92456.546875
1666137269,92456.671875
1666177094,92456.140625
1666217000,92457.390625
1666257001,92457.781250
1666297001,92456.687500
1666337002,92456.796875
1666377001,92456.203125
1666417266,92455.968750
1666457088,92455.953125
1666497001,92455.671875
1666537001,92455.265625
1666577002,92455.875000
1666617000,92455.640625
1666657001,92455.140625
1666697257,92454.859375
1666737082,92455.468750
1666777002,92456.156250
1666817001,92455.062500
1666857000,92455.203125
1666897000,92455.734375
1666937000,92454.765625
1666977251,92453.562500
1667017225,92455.000000
1667057000,92453.859375
1667096999,92455.015625
1667137000,92454.250000
1667177002,92454.578125
1667217001,92453.578125
1667257248,92453.843750
1667297068,92453.687500
1667337001,92453.109375
1667377002,92453.515625
1667417002,92453.062500
1667457003,92453.156250
1667496999,92453.531250
1667537243,92453.484375
1667577066,92452.562500
1667617002,92453.609375
1667657001,92453.671875
1667697001,92452.703125
1667737000,92452.515625
1667777001,92452.828125
1667817238,92452.359375
1667857280,92452.421875
1667897002,92452.656250
1667937002,92452.765625
1667977002,92450.953125
1668017002,92452.968750
1668057000,92451.375000
1668097231,92452.265625
1668137052,92451.437500
1668177001,92450.859375
1668217002,92451.781250
1668257002,92452.484375
1668297001,92452.250000
1668337000,92451.750000
1668377226,92452.109375
1668417044,92452.031250
1668457000,92450.796875
1668496999,92450.875000
1668536999,92451.140625
1668577004,92450.609375
1668616999,92450.265625
1668657218,92450.796875
1668697036,92450.984375
1668737000,92451.234375
1668777001,92450.703125
1668817001,92450.468750
1668857002,92450.578125
1668897002,92449.234375
1668937213,92451.593750
1668977034,92450.250000
1669017000,92450.156250
1669057000,92450.328125
1669097002,92451.093750
1669137002,92451.046875
1669177003,92451.406250
1669217207,92450.625000
1669257025,92451.156250
1669297002,92451.531250
1669337001,92451.359375
1669377005,92450.609375
1669417002,92451.437500
1669456999,92450.906250
1669497198,92450.359375
1669537020,92450.937500
1669577001,92451.296875
1669617000,92450.843750
1669657000,92450.765625
1669697000,92450.781250
1669737002,92451.078125
1669777190,92451.500000
1669817011,92451.484375
1669857000,92450.734375
1669897002,92451.390625
1669937001,92450.718750
1669977002,92450.609375
1670017000,92449.437500
1670057185,92450.406250
1670097231,92450.343750
1670137000,92450.109375
1670177001,92449.968750
1670217000,92449.937500
1670256999,92450.656250
1670297002,92450.062500
1670337182,92450.046875
1670377000,92449.187500
1670417002,92449.750000
1670457000,92450.312500
1670497001,92449.937500
1670537001,92450.046875
1670577000,92449.359375
1670617174,92449.515625
1670657001,92448.796875
1670697001,92450.015625
1670737000,92449.156250
1670776999,92450.656250
1670817001,92448.953125
1670857001,92449.203125
1670897169,92449.390625
1670936999,92448.281250
1670977002,92449.421875
1671017003,92449.921875
1671057001,92449.953125
1671097002,92450.359375
1671137006,92449.531250
1671177165,92450.046875
1671217000,92449.500000
1671256999,92450.421875
1671297002,92449.031250
1671337002,92449.781250
1671377000,92448.781250
1671417000,92449.406250
1671457158,92448.765625
1671497002,92448.406250
1671537000,92449.343750
1671577000,92449.359375
1671617002,92448.828125
1671657000,92449.015625
1671697002,92448.812500
1671737149,92448.546875
1671777001,92448.421875
1671817001,92447.812500
1671857000,92448.031250
1671897000,92448.000000
1671937001,92446.734375
1671977004,92447.562500
1672017143,92448.312500
1672057002,92447.515625
1672097001,92448.609375
1672137001,92447.828125
1672176999,92447.984375
1672217001,92447.906250
1672257008,92447.671875
1672297138,92447.765625
1672337181,92447.593750
1672377002,92448.265625
1672417002,92448.609375
1672457000,92448.578125
1672497000,92448.218750
1672537310,92447.765625
1672577134,92448.687500
1672616999,92448.281250
1672657002,92448.796875
1672697001,92448.000000
1672737001,92448.140625
1672777003,92448.968750
1672817306,92448.875000
1672857127,92448.656250
1672897000,92449.812500
1672937000,92449.781250
1672977000,92450.312500
1673017000,92450.296875
1673057000,92450.375000
1673097299,92450.484375
1673137119,92450.093750
1673177002,92451.218750
1673217002,92451.343750
1673257000,92450.656250
1673297002,92451.000000
1673337000,92451.359375
1673377292,92450.562500
1673417115,92451.484375
1673457001,92450.968750
1673497000,92449.593750
1673537001,92450.859375
1673577000,92452.234375
1673617000,92451.093750
1673657289,92451.328125
1673697108,92451.437500
1673737002,92452.484375
1673777001,92452.031250
1673817000,92452.828125
1673857000,92453.187500
1673897002,92452.281250
1673937283,92452.796875
1673977104,92452.953125
1674017000,92453.500000
1674057001,92453.703125
1674097002,92454.359375
1674137000,92453.703125
1674177000,92454.187500
1674217274,92454.296875
1674257096,92454.140625
1674296999,92454.921875
1674337002,92453.375000
1674377003,92454.265625
1674417001,92454.234375
1674457000,92454.187500
1674497269,92454.765625
1674537093,92454.171875
1674577133,92456.015625
1674617002,92455.921875
1674657002,92455.484375
1674697001,92456.750000
1674737001,92456.593750
1674777265,92456.031250
1674817087,92456.734375
1674857001,92456.468750
1674897002,92456.750000
1674937001,92456.640625
1674977000,92456.140625
1675017001,92456.984375
1675057260,92456.156250
1675097081,92456.765625
1675137002,92456.765625
1675177001,92457.687500
1675217000,92457.593750
1675257001,92457.812500
1675297000,92458.218750
1675337251,92458.343750
1675377072,92458.968750
1675417001,92458.453125
1675457002,92458.343750
1675497002,92458.734375
1675537002,92459.078125
1675577001,92459.468750
1675617247,92457.890625
1675657070,92459.843750
1675697001,92459.703125
1675737000,92459.750000
1675777001,92459.625000
1675817000,92459.296875
1675857000,92460.843750
1675897241,92460.265625
1675937062,92460.796875
1675976999,92460.703125
1676017001,92459.875000
1676057001,92460.421875
1676097001,92459.812500
1676137002,92461.765625
1676177233,92461.671875
1676217058,92462.296875
1676256999,92461.906250
1676297000,92461.593750
1676337000,92462.171875
1676377001,92462.703125
1676417005,92462.828125
1676457230,92462.765625
1676497051,92463.468750
1676537002,92463.093750
1676577002,92463.656250
1676617001,92463.015625
1676657001,92463.562500
1676697002,92464.234375
1676737225,92463.234375
1676777044,92463.359375
1676817088,92464.359375
1676857001,92462.875000
1676897000,92464.500000
1676937002,92464.765625
1676977001,92465.375000
1677017219,92465.609375
1677057040,92465.796875
1677097001,92465.578125
1677137001,92466.062500
1677177005,92466.812500
1677217002,92466.843750
1677257001,92466.906250
1677297213,92466.796875
1677337033,92466.671875
1677377001,92467.500000
1677417001,92467.500000
1677457001,92466.953125
1677497001,92466.828125
1677536999,92467.171875
1677577207,92468.187500
1677617030,92468.937500
1677657002,92467.546875
1677697002,92468.828125
1677737000,92469.750000
1677777001,92469.515625
1677817000,92469.296875
1677857202,92469.671875
1677897023,92468.859375
1677937000,92469.140625
1677976999,92469.625000
1678017002,92469.906250
1678057000,92469.609375
1678097001,92470.031250
1678137196,92470.265625
1678177014,92470.484375
1678216999,92470.562500
1678257001,92471.312500
1678297001,92470.734375
1678337003,92470.578125
1678377003,92470.000000
1678417189,92471.046875
1678457011,92471.625000
1678497002,92471.718750
1678537000,92471.500000
1678576999,92471.656250
1678617002,92471.781250
1678657001,92472.359375
1678697183,92471.921875
1678737136,92471.296875
1678777002,92472.078125
1678817001,92471.750000
1678856999,92472.328125
1678897001,92471.968750
1678937000,92472.625000
1678977180,92473.265625
1679017002,92472.953125
1679057042,92473.109375
1679097002,92472.718750
1679137002,92473.750000
1679177001,92472.937500
1679216999,92472.875000
1679257172,92473.968750
1679297000,92473.890625
1679336999,92474.515625
1679377001,92473.921875
1679417001,92474.546875
1679457002,92473.546875
1679497000,92474.687500
1679537167,92474.093750
1679577009,92473.984375
1679617000,92473.812500
1679657000,92474.218750
1679697002,92474.640625
1679737000,92475.343750
1679777005,92474.109375
1679817167,92475.000000
1679857000,92474.312500
1679897001,92475.078125
1679937002,92474.750000
1679976999,92475.109375
1680017002,92474.890625
1680056999,92474.437500
1680097158,92474.171875
1680136999,92474.703125
1680177004,92474.578125
1680217000,92475.609375
1680257002,92474.671875
1680297000,92474.375000
1680337001,92475.125000
1680377149,92474.765625
1680416999,92474.562500
1680457001,92474.406250
1680497000,92474.531250
1680537002,92475.187500
1680577001,92474.062500
1680617005,92473.828125
1680657145,92474.906250
1680697000,92474.500000
1680736999,92474.015625
1680777000,92474.734375
1680817000,92473.921875
1680857002,92475.734375
1680897001,92473.859375
1680937140,92474.203125
1680977001,92475.015625
1681016999,92473.609375
1681057001,92474.421875
1681097002,92473.937500
1681137001,92474.328125
1681177313,92474.171875
1681217138,92473.921875
1681257002,92474.171875
1681297005,92473.171875
1681337001,92473.421875
1681377002,92473.078125
1681417002,92473.625000
1681457310,92473.562500
1681497129,92473.812500
1681536999,92474.093750
1681577000,92473.578125
1681617001,92473.515625
1681657001,92473.343750
1681697002,92473.765625
1681737302,92472.843750
1681777123,92472.906250
1681817003,92473.000000
1681857002,92473.000000
1681897001,92473.937500
1681937001,92473.359375
1681977000,92473.406250
1682017295,92472.796875
1682057114,92473.171875
1682097002,92473.375000
1682137002,92473.703125
1682177000,92473.703125
1682217001,92474.203125
1682257000,92473.703125
1682297290,92474.296875
1682337111,92473.109375
1682377001,92473.031250
1682417002,92473.890625
1682457000,92473.546875
1682497001,92473.921875
1682537002,92473.031250
1682577282,92474.109375
1682617107,92473.656250
1682657002,92473.437500
1682697000,92474.031250
1682737001,92473.375000
1682777000,92473.343750
1682817002,92474.015625
1682857278,92473.140625
1682897101,92473.796875
1682937000,92474.390625
1682977002,92474.546875
1683016999,92474.312500
1683057000,92473.890625
1683097001,92474.687500
1683137274,92475.328125
1683177093,92474.875000
1683217002,92475.296875
1683256999,92474.015625
1683297002,92475.484375
1683337001,92475.171875
1683377003,92474.828125
1683417268,92474.062500
1683457089,92474.828125
1683497002,92475.656250
1683537000,92474.515625
1683576999,92474.453125
1683617002,92475.234375
1683657000,92475.078125
1683697262,92475.484375
1683737087,92475.031250
1683777005,92475.921875
1683817002,92474.796875
1683857000,92474.812500
1683897001,92474.875000
1683937000,92475.062500
1683977255,92475.453125
1684017080,92474.593750
1684057002,92474.343750
1684097001,92474.281250
1684137001,92474.921875
1684177002,92474.906250
1684217000,92474.718750
1684257254,92474.421875
1684297071,92473.953125
1684337002,92474.218750
1684377000,92473.812500
1684417002,92474.625000
1684457001,92473.859375
1684497000,92473.421875
1684537248,92473.921875
1684577066,92473.531250
1684617002,92474.031250
1684657002,92474.312500
1684697003,92474.171875
1684737000,92474.046875
1684777002,92473.781250
1684817243,92473.640625
1684857063,92474.218750
1684897000,92472.843750
1684937000,92473.500000
1684977000,92474.578125
1685017002,92473.281250
1685057000,92473.421875
1685097234,92473.312500
1685137057,92474.265625
1685177004,92474.375000
1685217001,92473.515625
1685257002,92473.687500
1685297000,92473.765625
1685336999,92473.828125
1685377229,92473.390625
1685417050,92473.687500
1685457000,92473.843750
1685497000,92473.359375
1685537000,92473.656250
1685577002,92473.968750
1685617002,92472.812500
1685657225,92473.500000
1685697047,92473.421875
1685737001,92473.296875
1685777000,92473.906250
1685817001,92473.312500
1685857001,92473.843750
1685897000,92473.734375
1685937219,92474.171875
1685977040,92474.343750
1686017001,92473.203125
1686056999,92474.125000
1686097002,92473.718750
1686137002,92473.343750
1686177003,92474.000000
1686217215,92473.843750
1686257033,92473.968750
1686297001,92474.515625
1686337002,92474.406250
1686377002,92474.203125
1686417001,92474.437500
1686457002,92473.921875
1686497206,92473.875000
1686537030,92473.875000
1686577000,92473.640625
1686617002,92473.484375
1686657003,92474.234375
1686697000,92473.203125
1686737002,92472.843750
1686777202,92473.921875
1686817023,92474.109375
1686857002,92473.671875
1686897000,92473.437500
1686937002,92473.765625
1686977001,92473.265625
1687017002,92473.343750
1687057196,92473.921875
1687097019,92474.000000
1687137001,92473.390625
1687176999,92473.718750
1687217001,92473.593750
1687257001,92473.718750
1687297000,92473.484375
1687337192,92473.546875
1687377015,92474.437500
1687417002,92473.453125
1687457002,92473.640625
1687497000,92473.875000
1687537000,92473.687500
1687577002,92473.593750
1687617186,92472.937500
1687657006,92473.515625
1687697001,92473.921875
1687736999,92473.500000
1687777002,92474.078125
1687817000,92474.015625
1687857001,92473.000000
1687897183,92473.281250
1687937005,92474.109375
1687977001,92473.671875
1688016999,92474.609375
1688057002,92473.281250
1688097000,92473.531250
1688137001,92473.640625
1688177177,92473.812500
1688217003,92473.296875
1688257000,92474.484375
1688297000,92473.718750
1688337000,92473.937500
1688377001,92473.515625
1688417000,92473.171875
1688457174,92473.781250
1688497002,92474.156250
1688537002,92473.593750
1688577000,92473.781250
1688617000,92473.250000
1688657002,92474.046875
1688697002,92473.843750
1688737171,92473.531250
1688777006,92474.140625
1688817001,92473.906250
1688857002,92473.328125
1688897001,92473.593750
1688937001,92473.843750
1688977004,92473.734375
1689017159,92474.281250
1689057000,92474.125000
1689097000,92474.656250
1689137000,92473.953125
1689177000,92473.703125
1689217001,92474.531250
1689257002,92474.531250
1689297154,92473.796875
1689337002,92473.281250
1689377001,92474.562500
1689417000,92474.203125
1689457000,92474.921875
1689496999,92474.218750
1689537001,92473.593750
1689577151,92474.203125
1689617001,92474.359375
1689657000,92474.046875
1689697000,92473.437500
1689737001,92474.875000
1689777003,92473.640625
1689817001,92474.531250
1689857299,92473.843750
1689897002,92475.468750
1689937002,92474.375000
1689977002,92475.203125
1690017001,92474.781250
1690057002,92474.890625
1690097000,92474.750000
1690137142,92474.625000
1690177000,92474.328125
1690217002,92474.312500
1690257001,92474.156250
1690297000,92474.359375
1690337000,92473.890625
1690377316,92474.484375
1690417136,92474.171875
1690457000,92473.875000
1690497002,92473.921875
1690537002,92474.500000
1690577002,92474.500000
1690617000,92475.078125
1690657309,92473.546875
1690697129,92474.062500
1690737002,92473.781250
1690777000,92473.859375
1690817002,92474.296875
1690857002,92473.531250
1690897001,92473.968750
1690937302,92474.921875
1690977124,92473.046875
1691017000,92473.859375
1691057003,92474.109375
1691097002,92474.203125
1691137001,92473.937500
1691177001,92474.234375
1691217305,92473.734375
1691257121,92474.406250
1691297002,92474.437500
1691337002,92474.156250
1691377000,92474.750000
1691417000,92475.218750
1691457000,92473.843750
1691497295,92473.015625
1691537116,92473.375000
1691577000,92474.546875
1691617000,92474.375000
1691657001,92474.500000
1691697001,92473.859375
1691737002,92475.171875
1691777287,92474.015625
1691817110,92474.625000
1691857002,92473.953125
1691897002,92473.937500
1691937000,92474.671875
1691977001,92474.062500
1692017001,92474.343750
1692057283,92473.515625
1692097103,92473.531250
1692137001,92474.390625
1692177000,92473.812500
1692217001,92473.656250
1692257000,92474.375000
1692297001,92474.421875
1692337277,92474.468750
1692377101,92474.125000
1692417001,92473.968750
1692457000,92475.281250
1692497002,92474.812500
1692537001,92475.265625
1692577001,92474.875000
1692617273,92475.734375
1692657092,92475.343750
1692697001,92475.906250
1692737001,92475.062500
1692777001,92475.312500
1692817002,92475.546875
1692857001,92475.359375
1692897266,92474.750000
1692937089,92474.546875
1692977001,92474.765625
1693016999,92475.546875
1693057000,92475.468750
1693097002,92474.656250
1693137001,92475.562500
1693177260,92475.390625
1693217084,92474.875000
1693257002,92474.421875
1693297002,92474.765625
1693337000,92475.234375
1693377001,92475.140625
1693417000,92473.703125
1693457256,92474.421875
1693497078,92474.234375
1693537000,92475.093750
1693577001,92475.328125
1693616999,92474.234375
1693657002,92475.375000
1693696999,92474.468750
1693737252,92474.171875
1693777073,92475.500000
1693817002,92475.140625
1693857002,92474.953125
1693897000,92474.421875
1693937001,92474.687500
1693977001,92475.046875
1694017246,92475.171875
1694057070,92475.343750
1694097000,92474.765625
1694137000,92475.375000
1694177002,92474.546875
1694217002,92475.453125
1694257000,92474.781250
1694297244,92475.343750
1694337061,92475.890625
1694377002,92475.921875
1694417001,92476.000000
1694457000,92475.015625
1694497000,92475.703125
1694537002,92475.109375
1694577239,92475.015625
1694617060,92475.125000
1694657001,92474.968750
1694696999,92474.843750
1694737001,92475.312500
1694777004,92474.843750
1694817001,92474.796875
1694857234,92474.656250
1694897055,92474.437500
1694937002,92474.859375
1694977001,92474.687500
1695017000,92474.906250
1695057001,92474.890625
1695097002,92475.031250
1695137228,92475.000000
1695177048,92475.312500
1695217000,92475.343750
1695257000,92475.531250
1695297002,92475.703125
1695337002,92475.781250
1695377001,92475.593750
1695417224,92476.109375
1695457042,92475.421875
1695497002,92475.609375
1695537000,92474.875000
1695577000,92476.015625
1695617000,92475.843750
1695657000,92475.421875
1695697217,92476.234375
1695737038,92476.390625
1695777003,92475.734375
1695817002,92476.546875
1695857002,92477.109375
1695897001,92477.031250
1695937002,92476.125000
1695977213,92476.687500
1696017034,92477.328125
1696057001,92477.625000
1696097001,92478.750000
1696137004,92478.875000
1696177001,92479.234375
1696217000,92479.625000
1696257205,92479.328125
1696297029,92480.078125
1696337000,92481.562500
1696377002,92481.203125
1696417000,92481.250000
1696457002,92482.531250
1696497001,92482.468750
1696537200,92482.171875
1696577025,92482.546875
1696617002,92482.703125
1696657001,92484.000000
1696697001,92482.796875
1696737001,92483.984375
1696777003,92483.781250
1696817200,92484.343750
1696857017,92484.250000
1696897001,92485.218750
1696937001,92484.250000
1696977000,92485.250000
1697017002,92486.031250
1697056999,92486.328125
1697097192,92486.125000
1697137015,92486.437500
1697177001,92486.750000
1697217001,92486.421875
1697257000,92487.828125
1697297001,92487.468750
1697337000,92486.921875
1697377187,92486.640625
1697417006,92486.687500
1697457000,92487.687500
1697497000,92487.109375
1697537000,92487.359375
1697577000,92486.875000
1697617001,92487.031250
1697657264,92488.437500
1697697372,92487.656250
1697737002,92487.750000
1697777000,92487.062500
1697817002,92487.484375
1697857000,92487.015625
1697896999,92487.812500
1697937258,92487.531250
1697977081,92488.031250
1698017001,92487.968750
1698057001,92487.937500
1698097000,92487.500000
1698137002,92487.859375
1698177002,92487.921875
1698217254,92487.843750
1698257074,92488.296875
1698297001,92486.812500
1698337002,92488.578125
1698377002,92487.078125
1698417001,92488.546875
1698457001,92487.562500
1698497246,92487.984375
1698537073,92487.875000
1698577002,92487.328125
1698616999,92487.062500
1698657001,92487.218750
1698697000,92487.546875
1698737007,92487.531250
1698777246,92487.359375
1698817067,92487.203125
1698857002,92488.296875
1698897002,92487.328125
1698937002,92487.484375
1698976999,92488.343750
1699017002,92488.453125
1699057237,92487.250000
1699097063,92487.515625
1699137002,92487.109375
1699177000,92487.968750
1699217000,92488.140625
1699257002,92487.546875
1699297000,92488.718750
1699339371,92488.062500
1699379003,92488.125000
1699419393,92488.000000
1699459217,92487.625000
1699499037,92488.171875
1699539002,92487.375000
1699579001,92488.265625
1699619000,92488.078125
1699659000,92487.578125
1699699390,92488.156250
1699739214,92486.984375
1699779032,92487.562500
1699819000,92487.656250
1699859001,92487.812500
1699899003,92487.281250
1699939002,92488.625000
1699979430,92487.390625
1700019209,92487.687500
1700059031,92487.593750
1700099000,92487.312500
1700139001,92487.187500
1700179001,92488.125000
1700219001,92487.609375
1700259416,92487.718750
1700299283,92487.531250
1700339064,92487.203125
1700379003,92487.687500
1700419002,92487.640625
1700459001,92487.765625
1700498999,92487.859375
1700539417,92487.250000
1700579243,92487.656250
1700619105,92487.531250
1700659002,92487.796875
1700699002,92487.218750
1700739000,92487.515625
1700778999,92486.250000
1700819414,92486.906250
1700859457,92487.859375
1700899057,92487.500000
1700939001,92487.093750
1700979001,92486.187500
1701018999,92487.328125
1701059000,92487.562500
1701099408,92486.890625
1701139233,92486.640625
1701181158,92486.687500
1701221366,92486.750000
1701261186,92486.343750
1701301004,92487.265625
1701341000,92487.343750
1701381002,92488.125000
1701420999,92487.093750
1701461001,92486.796875
1701501358,92487.421875
1701541181,92486.343750
1701581008,92488.046875
1701621002,92487.046875
1701661001,92486.500000
1701701000,92485.906250
1701741002,92486.781250
1701781353,92487.265625
1701821173,92487.500000
1701861003,92487.203125
1701901002,92486.656250
1701941000,92486.484375
1701981002,92486.921875
1702021002,92486.468750
1702061350,92486.218750
1702101172,92486.812500
1702141000,92486.281250
1702181002,92486.718750
1702220999,92486.218750
1702261002,92486.562500
1702301002,92486.062500
1702341342,92486.625000
1702381165,92485.984375
1702421000,92486.687500
1702461000,92486.796875
1702501002,92487.078125
1702541001,92485.828125
1702581002,92486.937500
1702621340,92486.828125
1702661159,92486.562500
1702701206,92485.453125
1702741000,92486.312500
1702781004,92486.671875
1702821001,92486.125000
1702861002,92487.343750
1702901377,92486.265625
1702941157,92487.031250
1702981103,92486.750000
1703022909,92486.781250
1703062002,92486.328125
1703102000,92486.937500
1703142002,92486.046875
1703182000,92486.671875
1703222014,92486.796875
1703262219,92486.500000
1703302037,92487.031250
1703342002,92486.218750
1703382000,92486.546875
1703421999,92486.625000
1703462001,92486.312500
1703502390,92485.765625
1703542256,92486.578125
1703582162,92486.296875
1703622002,92485.953125
1703662000,92486.562500
1703702000,92486.718750
1703742002,92486.359375
1703782513,92485.890625
1703822213,92485.953125
1703862074,92485.218750
1703902000,92485.562500
1703942002,92486.718750
1703982002,92486.656250
1704022000,92485.515625
1704062382,92485.515625
1704102202,92485.781250
1704142024,92486.062500
1704182000,92485.828125
1704222001,92486.015625
1704262002,92486.234375
1704302001,92485.546875
1704342379,92485.812500
1704382201,92485.781250
1704422022,92486.187500
1704461999,92486.328125
1704502002,92485.515625
1704542002,92484.625000
1704582001,92485.453125
1704622379,92486.578125
1704662194,92485.984375
1704702015,92486.125000
1704742060,92486.125000
1704782001,92486.484375
1704822001,92486.375000
1704862001,92486.765625
1704902366,92485.953125
1704942192,92486.203125
1704982011,92486.203125
1705022000,92486.000000
1705063763,92485.921875
1705103002,92485.421875
1705143001,92486.578125
1705183005,92486.843750
1705223435,92486.218750
1705263338,92485.296875
1705303071,92486.312500
1705342999,92485.609375
1705383001,92485.859375
1705423001,92486.312500
1705463002,92485.296875
1705503424,92486.796875
1705543247,92485.781250
1705583070,92486.000000
1705623002,92485.968750
1705663002,92486.484375
1705703001,92486.015625
1705742999,92485.609375
1705783420,92486.375000
1705823241,92485.906250
1705863069,92485.640625
1705903000,92486.015625
1705942999,92485.968750
1705983001,92485.875000
1706023002,92485.078125
1706063417,92486.375000
1706103237,92485.453125
1706143059,92486.453125
1706183001,92485.234375
1706223002,92487.062500
1706263000,92485.671875
1706303000,92486.437500
1706343410,92485.765625
1706383231,92485.328125
1706423056,92486.203125
1706463001,92485.640625
1706503001,92486.421875
1706543002,92485.640625
1706583000,92485.546875
1706623408,92486.031250
1706663228,92485.031250
1706703048,92485.656250
1706743000,92486.218750
1706783000,92485.515625
1706823000,92486.109375
1706863000,92485.781250
1706905509,92485.953125
1706944999,92485.515625
1706985001,92485.421875
1707025357,92485.468750
1707065179,92486.109375
1707105132,92486.203125
1707145000,92486.078125
1707185002,92485.218750
1707224999,92485.984375
1707265002,92486.718750
1707305351,92486.046875
1707345176,92486.171875
1707385017,92485.515625
1707425002,92485.750000
1707465002,92486.109375
1707505001,92486.281250
1707545002,92485.890625
1707585350,92486.156250
1707625172,92486.812500
1707665002,92486.375000
1707705000,92486.875000
1707745000,92486.171875
1707785002,92486.218750
1707825000,92486.312500
1707865343,92486.781250
1707905164,92485.828125
1707945010,92486.015625
1707985003,92486.140625
1708025001,92486.203125
1708065001,92486.359375
1708105000,92486.000000
1708145340,92486.296875
1708185160,92485.890625
1708225000,92485.781250
1708265001,92486.250000
1708305002,92485.640625
1708345002,92486.031250
1708385000,92485.718750
1708425562,92485.296875
1708465159,92485.640625
1708505000,92486.218750
1708545001,92485.140625
1708585001,92487.078125
1708624999,92486.250000
1708665002,92486.375000
1708705332,92485.437500
1708747257,92486.390625
1708787000,92485.968750
1708827284,92486.093750
1708867106,92485.437500
1708907002,92485.593750
1708947001,92486.703125
1708987001,92485.859375
1709027001,92485.984375
1709067503,92485.859375
1709107282,92486.406250
1709147101,92485.500000
1709187000,92486.078125
1709227001,92485.656250
1709267001,92486.484375
1709307001,92486.218750
1709347458,92485.843750
1709387322,92485.953125
1709427097,92486.250000
1709467001,92486.171875
1709507000,92485.531250
1709547002,92486.296875
1709587001,92486.031250
1709627449,92485.859375
1709667272,92486.062500
1709707138,92485.593750
1709747002,92486.375000
1709787001,92485.484375
1709827000,92486.421875
1709867000,92486.500000
1709907446,92485.562500
1709947270,92486.437500
1709987090,92486.296875
1710027002,92485.546875
1710067000,92485.796875
1710106999,92486.671875
1710147001,92485.812500
1710187440,92486.265625
1710227261,92486.437500
1710267305,92485.484375
1710307002,92486.156250
1710347004,92485.796875
1710387002,92485.843750
1710427000,92485.765625
1710467436,92486.765625
1710507259,92486.140625
1710547079,92487.093750
1710589007,92486.406250
1710629211,92486.750000
1710669034,92485.875000
1710709000,92486.453125
1710749001,92485.187500
1710789000,92486.109375
1710829000,92485.640625
1710869384,92485.921875
1710909208,92485.421875
1710949032,92486.171875
1710989002,92486.859375
1711029001,92486.953125
1711069002,92486.828125
1711108999,92485.015625
1711149379,92485.859375
1711189202,92485.828125
1711229024,92486.093750
1711268999,92485.906250
1711309002,92486.515625
1711349002,92485.437500
1711389001,92487.015625
1711429375,92485.453125
1711469197,92486.265625
1711509021,92486.921875
1711549000,92486.468750
1711589001,92486.093750
1711629000,92486.109375
1711669002,92486.156250
1711709371,92486.062500
1711749194,92486.187500
1711789014,92485.343750
1711829002,92487.078125
1711869000,92486.187500
1711909000,92486.296875
1711949004,92486.078125
1711989410,92486.125000
1712029190,92486.250000
1712069010,92486.250000
1712109054,92486.468750
1712149002,92486.625000
1712189003,92486.437500
1712229001,92487.421875
1712269364,92486.312500
1712309231,92486.328125
1712349009,92486.546875
1712389000,92486.093750
1712430758,92486.812500
1712470001,92486.046875
1712510001,92487.140625
1712550001,92486.187500
1712590423,92485.921875
1712630375,92486.015625
1712670069,92486.734375
1712709999,92486.828125
1712750003,92487.343750
1712790000,92486.656250
1712830000,92486.203125
1712870421,92486.062500
1712910244,92486.312500
1712950109,92486.218750
1712990000,92487.250000
1713030004,92486.437500
1713070002,92486.250000
1713110001,92486.906250
1713150414,92486.296875
1713190241,92486.234375
1713230061,92485.671875
1713269999,92486.625000
1713310001,92485.937500
1713350000,92486.984375
1713389999,92486.250000
1713430413,92487.078125
1713470235,92486.484375
1713510057,92485.703125
1713550001,92486.859375
1713590001,92485.906250
1713630002,92486.656250
1713670000,92485.843750
1713710408,92485.796875
1713750230,92485.765625
1713790054,92486.296875
1713830001,92486.000000
1713870002,92486.140625
1713910000,92486.281250
1713950000,92486.015625
1713990405,92486.312500
1714030223,92485.843750
1714070048,92485.906250
1714110003,92486.515625
1714150001,92486.687500
1714190002,92486.546875
1714230000,92486.171875
1714272505,92485.734375
1714312002,92486.359375
1714352001,92487.156250
1714392355,92486.125000
1714432174,92486.046875
1714472081,92486.546875
1714512002,92486.671875
1714552003,92486.703125
1714592001,92486.656250
1714632002,92486.859375
1714672347,92486.703125
1714712172,92486.765625
1714752015,92486.593750
1714792001,92487.093750
1714831999,92486.109375
1714872000,92485.921875
1714912001,92485.812500
1714952344,92486.046875
1714992165,92486.265625
1715032002,92486.921875
1715071999,92486.468750
1715112000,92486.359375
1715152001,92486.046875
1715192004,92486.296875
1715232385,92486.093750
1715272162,92486.843750
1715312002,92486.656250
1715352001,92485.703125
1715392000,92486.593750
1715432001,92487.000000
1715472002,92486.343750
1715512337,92486.015625
1715552201,92487.046875
1715592005,92486.765625
1715632002,92486.656250
1715672001,92486.859375
1715712000,92486.125000
1715751999,92486.359375
1715792555,92487.031250
1715832153,92486.781250
1715872019,92486.609375
1715912001,92485.671875
1715952002,92486.171875
1715992000,92486.734375
1716032003,92487.656250
1716072329,92485.921875
1716114258,92486.562500
1716154458,92487.250000
1716194280,92485.703125
1716234103,92487.843750
1716274002,92486.906250
1716314002,92485.953125
1716353999,92487.000000
1716394002,92487.453125
1716434453,92486.281250
1716474279,92486.203125
1716514100,92487.203125
1716553999,92485.859375
1716594002,92487.000000
1716634002,92486.562500
1716674002,92486.437500
1716714453,92486.640625
1716754275,92486.593750
1716794347,92487.281250
1716834002,92486.796875
1716874000,92486.187500
1716914002,92487.093750
1716954001,92486.906250
1716994448,92487.046875
1717034270,92487.359375
1717074092,92486.125000
1717114000,92487.109375
1717154000,92487.656250
1717194000,92486.984375
1717234001,92486.375000
1717274444,92486.437500
1717314266,92486.265625
1717354085,92486.593750
1717394161,92486.015625
1717434002,92487.875000
1717474002,92487.625000
1717513999,92486.781250
1717554439,92486.843750
1717595292,92486.453125
1717635325,92486.625000
1717675150,92487.000000
1717715001,92486.875000
1717756897,92486.953125
1717796448,92487.765625
1717836000,92487.187500
1717876000,92487.156250
1717916000,92487.125000
1717956004,92486.625000
1717996209,92486.937500
1718036032,92487.046875
1718076000,92487.125000
1718116000,92487.656250
1718156000,92486.812500
1718196001,92486.484375
1718236385,92487.062500
1718276204,92486.968750
1718316027,92487.890625
1718355999,92487.265625
1718396003,92487.593750
1718436000,92487.390625
1718476001,92487.390625
1718516377,92487.546875
1718556200,92486.750000
1718596023,92487.906250
1718636002,92487.015625
1718676000,92487.000000
1718716001,92486.343750
1718756002,92487.015625
1718796376,92487.031250
1718836196,92487.250000
1718876019,92486.640625
1718916000,92487.109375
1718956000,92487.125000
1718996002,92487.937500
1719036001,92487.062500
1719076369,92486.984375
1719116193,92487.359375
1719156015,92487.796875
1719196133,92488.187500
1719236000,92487.593750
1719275999,92487.546875
1719316000,92487.312500
1719356370,92487.921875
1719396190,92487.109375
1719436016,92487.843750
1719476055,92487.281250
1719515999,92488.437500
1719556002,92487.203125
1719596002,92487.703125
1719636363,92487.859375
1719676184,92487.531250
1719716004,92487.125000
1719756001,92488.093750
1719797756,92487.828125
1719837001,92487.828125
1719877000,92487.812500
1719917004,92487.359375
1719957425,92487.125000
1719997490,92488.125000
1720037067,92488.000000
1720077002,92487.937500
1720117001,92487.718750
1720157002,92488.156250
1720197001,92488.062500
1720237426,92487.234375
1720277243,92488.875000
1720317063,92487.765625
1720356999,92488.609375
1720397003,92487.796875
1720437002,92488.390625
1720477002,92487.890625
1720517418,92488.156250
1720557241,92487.656250
1720597059,92487.953125
1720637000,92486.859375
1720677002,92488.250000
1720717000,92487.484375
1720757005,92487.718750
1720797414,92487.937500
1720837236,92487.625000
1720877057,92487.531250
1720917002,92488.375000
1720957002,92488.031250
1720997000,92487.906250
1721037002,92488.171875
1721077454,92487.656250
1721117231,92487.734375
1721157052,92489.031250
1721197000,92488.500000
1721237001,92487.781250
1721277005,92488.234375
1721317000,92487.984375
1721357403,92488.546875
1721397270,92487.968750
1721437049,92489.000000
1721477000,92488.203125
1721517064,92488.015625
1721557001,92487.562500
1721597001,92487.859375
1721639510,92487.578125
1721678999,92488.343750
1721719002,92489.109375
1721759358,92487.781250
1721799177,92488.375000
1721839158,92488.312500
1721879002,92488.390625
1721918999,92488.671875
1721959001,92488.546875
1721999314,92487.750000
1722039350,92487.312500
1722079173,92488.765625
1722119001,92487.484375
1722159002,92487.843750
1722199667,92488.265625
1722239001,92488.343750
1722279001,92488.109375
1722319347,92488.125000
1722359167,92487.031250
1722399002,92488.156250
1722439000,92488.156250
1722479000,92488.921875
1722519002,92488.593750
1722559001,92487.765625
1722599349,92488.781250
1722639165,92488.140625
1722679002,92488.296875
1722719000,92488.453125
1722759000,92488.265625
1722799001,92488.906250
1722839001,92488.609375
1722879338,92488.156250
1722919313,92488.718750
1722959006,92487.703125
1722999098,92486.968750
1723039000,92488.140625
1723079000,92488.781250
1723119001,92488.437500
1723159557,92488.875000
1723200184,92488.640625
1723240223,92488.234375
1723282151,92488.687500
1723322356,92488.921875
1723362174,92488.125000
1723402000,92488.109375
1723442002,92487.984375
1723482002,92488.781250
1723522002,92489.062500
1723562000,92487.718750
1723602349,92488.812500
1723642174,92488.640625
1723682001,92488.906250
1723722002,92487.937500
1723762000,92488.328125
1723802002,92487.609375
1723842002,92488.093750
1723882346,92488.359375
1723922169,92488.390625
1723962012,92488.171875
1724002000,92488.687500
1724042001,92488.265625
1724082001,92488.281250
1724122001,92488.046875
1724162343,92488.046875
1724202164,92486.984375
1724242000,92488.671875
1724282000,92488.609375
1724322001,92488.156250
1724362000,92488.406250
1724402000,92489.078125
1724442340,92488.046875
1724482158,92489.234375
1724522135,92488.343750
1724562000,92488.890625
1724602000,92488.093750
1724642000,92488.046875
1724682000,92488.625000
1724722487,92487.953125
1724762155,92489.140625
1724802201,92488.312500
1724842002,92489.359375
1724882000,92488.406250
1724922002,92488.859375
1724962001,92488.015625
1725002686,92488.515625
1725042151,92488.281250
1725082002,92488.109375
1725123900,92488.437500
1725163001,92488.375000
1725203000,92489.234375
1725243000,92487.468750
1725283002,92487.906250
1725323012,92488.875000
1725363212,92487.796875
1725403037,92488.031250
1725443002,92488.562500
1725483002,92488.578125
1725523002,92488.656250
1725563003,92488.468750
1725603390,92488.609375
1725643254,92489.437500
1725683033,92487.218750
1725723001,92487.906250
1725763001,92488.312500
1725803099,92487.859375
1725843002,92488.468750
1725883387,92487.921875
1725923208,92488.359375
1725963076,92488.171875
1726003104,92488.484375
1726043001,92487.515625
1726083003,92487.828125
1726123002,92489.125000
1726163380,92487.500000
1726204232,92489.125000
1726244269,92488.421875
1726284093,92487.640625
1726324000,92487.359375
1726364000,92488.343750
1726404002,92488.531250
1726444002,92488.593750
1726484442,92489.046875
1726524264,92488.015625
1726564097,92488.078125
1726604079,92487.125000
1726644000,92487.453125
1726684000,92487.234375
1726724001,92487.281250
1726766624,92487.625000
1726805999,92487.812500
1726846000,92489.046875
1726886395,92487.562500
1726926217,92488.140625
1726966560,92488.390625
1727006001,92488.671875
1727046001,92488.031250
1727086000,92487.656250
1727126002,92487.828125
1727166404,92487.203125
1727206211,92487.640625
1727246032,92487.984375
1727286000,92488.000000
1727326001,92488.171875
1727366000,92487.671875
1727405999,92487.421875
1727446387,92487.500000
1727486209,92488.062500
1727526030,92487.671875
1727566001,92488.796875
1727605999,92487.578125
1727646004,92486.968750
1727686001,92488.156250
1727726383,92487.687500
1727766215,92487.703125
1727806026,92488.531250
1727846000,92488.812500
1727886001,92487.171875
1727926002,92488.968750
1727966001,92487.921875
1728006380,92487.937500
1728046201,92488.218750
1728086023,92487.812500
1728126001,92488.171875
1728166000,92487.562500
1728206001,92487.468750
1728246003,92487.875000
1728286596,92487.937500
1728326197,92488.046875
1728366028,92487.843750
1728406001,92487.156250
1728446002,92487.734375
1728486000,92487.890625
1728526000,92486.859375
1728566449,92487.421875
1728608301,92488.156250
1728648000,92486.843750
1728688326,92486.406250
1728728146,92487.328125
1728768001,92487.125000
1728808002,92487.578125
1728848000,92487.437500
1728888000,92487.015625
1728927999,92486.171875
1728968321,92486.484375
1729008143,92486.281250
1729048002,92486.859375
1729088000,92487.265625
1729127999,92486.734375
1729168001,92487.828125
1729208004,92487.203125
1729248362,92487.203125
1729288140,92487.484375
1729328002,92486.750000
1729368002,92486.843750
1729408001,92486.781250
1729448000,92487.062500
1729488001,92487.703125
1729528312,92487.828125
1729568177,92487.265625
1729608001,92487.750000
1729648002,92487.562500
1729688002,92486.765625
1729728002,92487.796875
1729768005,92487.140625
1729808308,92487.265625
1729848132,92486.484375
1729888005,92486.875000
1729928000,92487.796875
1729968001,92487.046875
1730008001,92486.843750
1730047999,92487.640625
1730088305,92486.515625
1730128348,92487.484375
1730168000,92487.062500
1730208000,92486.640625
1730248001,92487.656250
1730288000,92487.312500
1730328000,92487.609375
1730368302,92487.171875
1730408120,92486.859375
1730450053,92487.234375
1730490255,92487.390625
1730530074,92486.640625
1730570000,92486.390625
1730610000,92486.703125
1730650000,92486.468750
1730690001,92487.250000
1730730431,92486.390625
1730770252,92486.640625
1730810076,92486.515625
1730850001,92486.765625
1730890002,92487.515625
1730930002,92486.718750
1730970005,92488.437500
1731010425,92486.406250
1731050249,92487.125000
1731090071,92487.312500
1731130000,92486.890625
1731170002,92487.468750
1731210001,92487.156250
1731250000,92486.921875
1731290423,92486.718750
1731330244,92486.734375
1731370066,92487.218750
1731409999,92486.812500
1731450000,92487.109375
1731490002,92487.312500
1731530001,92487.015625
1731570419,92485.750000
1731610241,92486.968750
1731650063,92486.484375
1731690002,92485.796875
1731730001,92486.156250
1731770002,92487.015625
1731810001,92486.250000
1731850458,92486.796875
1731890239,92486.531250
1731930058,92486.296875
1731970102,92486.718750
1732010002,92485.531250
1732050001,92486.781250
1732090000,92486.015625
1732130413,92486.484375
1732170279,92486.625000
1732210053,92485.781250
1732250000,92486.421875
1732291806,92485.625000
1732331003,92486.359375
1732371000,92487.453125
1732411002,92486.468750
1732451004,92485.781250
1732491428,92486.234375
1732531118,92486.375000
1732571001,92486.046875
1732610999,92485.218750
1732651000,92486.750000
1732690999,92486.375000
1732731000,92486.250000
1732771292,92486.281250
1732811158,92485.671875
1732851000,92486.531250
1732891000,92485.187500
1732931001,92485.906250
1732971005,92486.187500
1733011466,92486.031250
1733051289,92485.781250
1733091109,92485.640625
1733131000,92486.734375
1733171002,92486.546875
1733211000,92486.546875
1733251002,92486.437500
1733291463,92486.203125
1733331285,92486.390625
1733371106,92485.656250
1733411002,92487.000000
1733451001,92486.437500
1733491002,92485.921875
1733531001,92485.531250
1733571457,92486.468750
1733611278,92486.593750
1733651103,92486.906250
1733691001,92486.156250
1733731001,92486.125000
1733771002,92486.531250
1733811000,92485.468750
1733851462,92486.156250
1733891279,92485.921875
1733931100,92486.046875
1733971001,92485.734375
1734010999,92486.468750
1734051002,92485.906250
1734091002,92485.078125
1734133560,92486.046875
1734172999,92485.921875
1734213000,92485.390625
1734253406,92486.343750
1734293229,92485.718750
1734333137,92486.203125
1734373003,92485.265625
1734412999,92485.250000
1734453001,92485.625000
1734493001,92485.890625
1734533403,92486.406250
1734573227,92485.343750
1734613047,92485.859375
1734653001,92485.875000
1734693001,92485.375000
1734733002,92486.328125
1734773000,92486.125000
1734813399,92485.890625
1734853221,92485.593750
1734893043,92485.000000
1734933000,92486.921875
1734973002,92485.609375
1735013002,92486.218750
1735053002,92486.078125
1735093440,92485.921875
1735133217,92485.812500
1735173041,92484.671875
1735213000,92485.312500
1735253001,92485.171875
1735293001,92485.328125
1735333000,92486.359375
1735373389,92486.125000
1735413255,92486.203125
1735453033,92485.984375
1735493000,92485.750000
1735533002,92485.484375
1735573005,92485.000000
1735613001,92485.406250
1735653609,92484.765625
1735693211,92485.468750
1735733077,92485.703125
1735773000,92485.453125
1735813002,92485.671875
1735852999,92485.250000
1735892999,92485.984375
1735933384,92484.781250
1735975314,92485.890625
1736015000,92485.421875
1736055339,92484.578125
1736095160,92485.671875
1736134999,92485.343750
1736175006,92486.234375
1736215001,92485.703125
1736255000,92484.937500
1736295000,92484.500000
1736335336,92485.281250
1736375157,92484.828125
1736415002,92485.328125
1736454999,92484.843750
1736495000,92485.078125
1736535002,92484.234375
1736575002,92484.765625
1736615327,92485.125000
1736655150,92484.640625
1736695000,92484.875000
1736734999,92484.937500
1736775001,92486.359375
1736815001,92485.140625
1736855000,92484.953125
1736895289,92485.187500
1736935110,92485.671875
1736975002,92485.187500
1737014999,92484.484375
1737055002,92484.578125
1737095001,92485.296875
1737135000,92484.640625
1737175282,92484.375000
1737215112,92484.625000
1737255001,92484.609375
1737295002,92484.609375
1737335000,92484.125000
1737375000,92485.046875
1737415001,92484.484375
1737455320,92483.921875
1737495364,92485.218750
1737535001,92485.234375
1737575245,92485.031250
1737615001,92484.859375
1737655000,92485.281250
1737695008,92484.078125
1737735316,92484.593750
1737775142,92484.843750
1737817070,92484.484375
1737857272,92484.984375
1737897094,92484.921875
1737937002,92484.031250
1737977002,92484.218750
1738017001,92484.203125
1738057002,92484.906250
1738097444,92484.312500
1738137266,92484.562500
1738177088,92484.421875
1738217000,92484.656250
1738257000,92484.937500
1738297000,92484.812500
1738337001,92484.859375
1738377441,92484.640625
1738417264,92484.468750
1738457086,92484.203125
1738497002,92484.843750
1738537002,92484.984375
1738577000,92484.656250
1738617002,92484.671875
1738657440,92484.343750
1738697261,92484.703125
1738737084,92483.687500
1738777002,92484.734375
1738816999,92484.437500
1738856999,92483.656250
1738897001,92484.531250
1738937436,92484.359375
1738977258,92484.812500
1739017075,92483.984375
1739057002,92484.218750
1739097001,92484.078125
1739137001,92484.093750
1739177001,92483.843750
1739217428,92483.718750
1739257215,92484.609375
1739297037,92484.531250
1739337080,92484.437500
1739377000,92484.546875
1739417000,92484.406250
1739457000,92484.484375
1739497385,92484.078125
1739537209,92484.406250
1739577031,92483.984375
1739617002,92484.265625
1739658783,92484.140625
1739698001,92484.015625
1739738000,92483.781250
1739778001,92484.281250
1739818003,92484.218750
1739858392,92483.828125
1739898132,92484.093750
1739937999,92483.687500
1739978000,92484.687500
1740018000,92483.015625
1740058003,92484.281250
1740098001,92483.906250
1740138310,92484.015625
1740178131,92484.140625
1740218002,92483.046875
1740258001,92484.046875
1740298000,92483.609375
1740338002,92484.156250
1740378001,92484.375000
1740418304,92483.921875
1740458128,92484.140625
1740498001,92484.531250
1740538002,92484.203125
1740578000,92484.156250
1740617999,92484.250000
1740658003,92483.734375
1740698304,92483.703125
1740738123,92483.828125
1740778000,92482.828125
1740818001,92483.578125
1740858006,92484.218750
1740898000,92484.578125
1740938004,92483.812500
1740978303,92483.421875
1741018120,92484.937500
1741058001,92484.265625
1741098001,92484.468750
1741138000,92484.406250
1741178001,92483.812500
1741218001,92483.734375
1741258340,92482.953125
1741298116,92483.890625
1741338000,92483.921875
1741378012,92484.046875
1741417999,92484.781250
1741458000,92483.812500
1741498002,92483.765625
1741538293,92482.890625
1741578161,92484.109375
1741618002,92484.125000
1741658001,92484.031250
1741699684,92484.109375
1741739002,92484.281250
1741779002,92485.125000
1741819002,92484.875000
1741859354,92484.312500
1741899310,92483.156250
1741939000,92483.812500
1741979002,92483.968750
1742019000,92484.609375
1742059000,92483.968750
1742099003,92483.937500
1742139353,92483.765625
1742179173,92484.031250
1742219041,92484.890625
1742259000,92483.593750
1742299000,92484.234375
1742339000,92484.390625
1742378999,92484.015625
1742419483,92484.546875
1742459169,92483.750000
1742499001,92483.906250
1742539002,92483.765625
1742579000,92484.171875
1742619001,92484.125000
1742659000,92484.453125
1742699347,92485.250000
1742739168,92484.250000
1742779013,92485.250000
1742819002,92483.500000
1742859001,92484.562500
1742899002,92484.734375
1742939002,92483.953125
1742979342,92484.593750
1743019163,92484.218750
1743058999,92483.812500
1743099001,92485.031250
1743138999,92484.156250
1743179001,92484.531250
1743219001,92484.078125
1743259338,92484.281250
1743299161,92484.906250
1743339002,92484.640625
1743379000,92484.218750
1743419000,92483.843750
1743459002,92484.984375
1743499001,92484.265625
1743541442,92483.906250
1743581002,92484.156250
1743621469,92484.687500
1743661289,92483.843750
1743701112,92485.578125
1743741022,92484.546875
1743781002,92484.671875
1743820999,92485.140625
1743861000,92484.265625
1743901464,92485.437500
1743941287,92484.140625
1743981108,92485.000000
1744021002,92484.968750
1744061000,92484.125000
1744101002,92484.203125
1744141000,92484.734375
1744181505,92483.656250
1744221282,92484.812500
1744261241,92484.609375
1744301001,92483.656250
1744340999,92485.000000
1744381000,92484.796875
1744421001,92485.359375
1744461458,92484.750000
1744501323,92484.968750
1744541102,92483.828125
1744581000,92483.890625
1744621001,92484.546875
1744660999,92484.687500
1744701002,92484.531250
1744741455,92485.078125
1744781276,92484.625000
1744821144,92484.296875
1744861045,92484.406250
1744901000,92485.328125
1744941002,92484.750000
1744980999,92484.156250
1745021450,92484.703125
1745061622,92483.953125
1745101096,92485.015625
1745141002,92485.640625
1745181003,92485.296875
1745221001,92484.515625
1745261000,92483.734375
1745301447,92485.781250
1745341271,92485.125000
1745383197,92485.453125
1745423403,92485.375000
1745463223,92485.484375
1745503047,92485.437500
1745542999,92485.703125
1745583002,92484.906250
1745623001,92485.937500
1745663002,92484.671875
1745703399,92485.031250
1745743221,92484.640625
1745783042,92486.421875
1745823000,92485.718750
1745862999,92485.734375
1745903002,92485.328125
1745943001,92485.828125
1745983395,92486.203125
1746023222,92484.718750
1746063167,92484.921875
1746103004,92485.234375
1746143001,92485.343750
1746183002,92485.218750
1746223001,92485.296875
1746263519,92485.734375
1746303214,92485.953125
1746343037,92485.234375
1746383003,92485.593750
1746423001,92485.343750
1746463002,92486.078125
1746503001,92485.234375
1746543390,92485.687500
1746583214,92486.312500
1746623034,92485.031250
1746663002,92485.718750
1746703001,92485.109375
1746743005,92485.562500
1746783002,92484.828125
1746823392,92484.937500
1746863210,92486.453125
1746903251,92485.859375
1746943001,92485.796875
1746983002,92484.812500
1747023001,92485.703125
1747063001,92486.046875
1747103430,92485.281250
1747143207,92485.781250
1747183025,92485.453125
1747224957,92485.906250
1747263999,92486.250000
1747304000,92485.062500
1747344000,92485.015625
1747384002,92486.812500
1747424070,92485.843750
1747464269,92485.796875
1747504090,92485.968750
1747544002,92485.671875
1747583999,92485.921875
1747624000,92485.734375
1747664000,92485.656250
1747704441,92485.671875
1747744303,92486.109375
1747784046,92486.578125
1747824002,92486.140625
1747864000,92487.093750
1747904001,92485.953125
1747944002,92485.765625
1747984397,92486.468750
1748024222,92486.484375
1748064085,92486.359375
1748104000,92486.171875
1748144000,92487.000000
1748184001,92486.640625
1748224003,92486.453125
1748264433,92486.843750
1748304256,92486.671875
1748344077,92485.843750
1748384002,92487.031250
1748424001,92487.000000
1748464002,92485.703125
1748504002,92486.812500
1748544432,92487.234375
1748584255,92485.359375
1748624080,92485.453125
1748664000,92485.968750
1748704003,92486.875000
1748744000,92486.843750
1748784000,92485.937500
1748824436,92486.468750
1748864253,92487.031250
1748904076,92486.187500
1748944119,92486.296875
1748984000,92486.468750
1749024000,92485.906250
1749064000,92486.390625
1749104561,92486.828125
1749144248,92486.453125
1749184070,92486.718750
1749224002,92485.859375
1749265822,92487.062500
1749305002,92487.187500
1749345002,92485.921875
1749385001,92486.859375
1749425002,92486.812500
1749465401,92487.484375
1749505135,92487.062500
1749545001,92487.171875
1749585001,92486.468750
1749625002,92486.937500
1749665002,92487.187500
1749705002,92487.078125
1749745308,92486.921875
1749785131,92488.390625
1749825002,92486.625000
1749865000,92486.390625
1749904999,92486.890625
1749945000,92487.343750
1749985000,92487.531250
1750025305,92486.734375
1750065130,92487.171875
1750105002,92486.640625
1750145002,92486.546875
1750185001,92487.187500
1750225001,92486.156250
1750265002,92486.437500
1750305305,92486.906250
1750345126,92487.000000
1750385002,92487.265625
1750425000,92487.625000
1750465000,92487.046875
1750505000,92486.875000
1750545003,92486.921875
1750585301,92487.406250
1750625124,92487.046875
1750665000,92487.484375
1750705002,92487.015625
1750745002,92486.687500
1750785003,92486.781250
1750825002,92486.031250
1750865300,92487.968750
1750905118,92487.562500
1750944999,92486.984375
1750985014,92486.781250
1751025002,92487.250000
1751065000,92487.046875
1751104999,92487.484375
1751145429,92487.390625
1751185117,92487.718750
1751225001,92487.968750
1751265001,92487.421875
1751306690,92487.625000
1751346002,92487.296875
1751386002,92487.890625
1751426001,92487.031250
1751466358,92487.140625
1751506268,92486.671875
1751546003,92487.093750
1751586002,92486.609375
1751626002,92488.031250
1751666002,92487.187500
1751706000,92487.015625
1751746357,92487.843750
1751786176,92487.203125
1751826019,92487.703125
1751866002,92486.906250
1751906002,92486.781250
1751946001,92487.453125
1751986001,92486.812500
1752026354,92486.734375
1752066176,92487.000000
1752106001,92487.500000
1752146001,92486.531250
1752186002,92486.937500
1752226002,92485.546875
1752266002,92487.296875
1752306351,92487.484375
1752346176,92487.218750
1752386017,92487.906250
1752426001,92488.062500
1752466001,92487.687500
1752506002,92487.796875
1752546004,92487.171875
1752586390,92487.421875
1752626167,92488.453125
1752666002,92487.796875
1752705999,92487.546875
1752746001,92487.078125
1752786001,92486.640625
1752826002,92487.437500
1752866345,92486.500000
1752906211,92488.109375
1752946013,92487.640625
1752986002,92486.687500
1753026001,92488.015625
1753066001,92487.812500
1753106000,92488.296875
1753148441,92487.171875
1753188002,92487.984375
1753227999,92487.562500
1753268291,92487.984375
1753308113,92487.765625
1753348087,92488.375000
1753388000,92488.046875
1753428000,92487.921875
1753468001,92487.828125
1753508001,92488.609375
1753548291,92487.828125
1753588110,92487.656250
1753628000,92486.953125
1753668000,92487.843750
1753708000,92487.390625
1753748000,92487.921875
1753788467,92487.265625
1753828288,92487.171875
1753868111,92487.250000
1753908001,92487.578125
1753948001,92487.250000
1753988001,92488.328125
1754027999,92486.859375
1754068002,92487.703125
1754108288,92487.156250
1754148112,92487.078125
1754188001,92487.796875
1754228000,92486.562500
1754268002,92487.390625
1754308000,92486.953125
1754348463,92487.656250
1754388284,92487.265625
1754428105,92487.156250
1754468001,92486.843750
1754508001,92487.390625
1754548002,92487.312500
1754588004,92487.250000
1754628461,92487.093750
1754668501,92486.953125
1754708102,92486.312500
1754748003,92486.281250
1754788001,92486.687500
1754828000,92487.640625
1754868000,92487.421875
1754908456,92487.406250
1754948281,92486.984375
1754990207,92487.328125
1755030414,92486.625000
1755070242,92486.984375
1755110055,92487.296875
1755150003,92486.421875
1755190000,92486.453125
1755230000,92487.062500
1755270002,92486.890625
1755310406,92487.109375
1755350232,92487.375000
1755390053,92488.000000
1755430002,92487.328125
1755469999,92487.328125
1755510002,92486.890625
1755550000,92487.328125
1755590407,92486.203125
1755630228,92486.890625
1755670061,92487.625000
1755710002,92487.843750
1755750002,92486.921875
1755790002,92487.093750
1755830001,92486.656250
1755870478,92487.390625
1755910226,92486.421875
1755950045,92486.671875
1755990001,92487.906250
1756030001,92486.593750
1756069999,92486.140625
1756110001,92486.859375
1756150399,92486.562500
1756190225,92487.390625
1756230044,92487.187500
1756269999,92486.812500
1756310000,92487.265625
1756350001,92486.562500
1756390002,92487.140625
1756430397,92487.250000
1756470230,92487.078125
1756510263,92486.656250
1756549999,92486.937500
1756590000,92487.250000
1756630002,92487.781250
1756670000,92487.750000
1756710395,92487.921875
1756750216,92487.359375
1756790042,92486.906250
1756831967,92487.734375
1756870999,92487.265625
1756911002,92487.390625
1756950999,92486.968750
1756991003,92487.296875
1757031080,92488.171875
1757071280,92486.921875
1757111103,92487.078125
1757151003,92487.390625
1757191001,92487.484375
1757231001,92488.296875
1757270999,92486.937500
1757311455,92487.843750
1757351276,92488.203125
1757391098,92487.953125
1757431002,92486.687500
1757471003,92487.031250
1757511002,92487.468750
1757551001,92488.093750
1757591451,92488.140625
1757631272,92487.968750
1757671095,92487.328125
1757711002,92487.687500
1757750999,92488.343750
1757791000,92487.812500
1757831002,92487.828125
1757871449,92488.234375
1757911273,92488.109375
1757951093,92487.984375
1757991002,92488.250000
1758031001,92487.828125
1758071001,92487.828125
1758111003,92487.218750
1758151447,92488.437500
1758191272,92488.000000
1758231090,92488.625000
1758271002,92487.343750
1758311000,92487.875000
1758351000,92488.171875
1758391001,92488.125000
1758431487,92487.968750
1758471264,92487.890625
1758511088,92488.562500
1758551130,92487.890625
1758591000,92487.234375
1758631001,92488.015625
1758671001,92488.140625
1758711578,92488.484375
1758751310,92487.390625
1758791084,92487.625000
1758831000,92487.500000
1758872839,92487.906250
1758912000,92488.125000
1758952002,92488.312500
1758992001,92488.140625
1759032003,92487.765625
1759072475,92487.953125
1759112151,92487.500000
1759152000,92487.515625
1759192002,92488.296875
1759232002,92487.343750
1759272000,92488.218750
1759312001,92487.687500
1759352327,92488.000000
1759392190,92488.671875
1759432002,92488.156250
1759472002,92487.546875
1759512001,92488.406250
1759552005,92487.625000
1759592000,92488.187500
1759632328,92488.046875
1759672156,92487.671875
1759712008,92488.000000
1759752005,92488.921875
1759792001,92487.609375
1759832000,92487.671875
1759871999,92487.859375
1759912320,92487.984375
1759952144,92488.531250
1759992001,92488.750000
1760032002,92488.125000
1760072001,92487.984375
1760112001,92487.843750
1760152007,92488.343750
1760192316,92488.015625
1760232139,92487.843750
1760272002,92488.562500
1760312000,92487.656250
1760352001,92487.875000
1760392000,92488.703125
1760432005,92487.703125
1760472391,92487.937500
1760512136,92488.093750
1760551999,92488.218750
1760592153,92487.421875
1760632000,92488.812500
1760672002,92488.093750
1760712000,92487.796875
1760752449,92488.390625
1760792287,92487.406250
1760832001,92488.562500
1760872000,92487.296875
1760913708,92488.000000
1760953003,92489.046875
1760993001,92488.265625
1761033002,92487.531250
1761073375,92488.156250
1761113284,92487.625000
1761153018,92487.203125
1761193021,92488.125000
1761233001,92487.328125
1761273001,92488.593750
1761313000,92487.937500
1761353375,92487.421875
1761393347,92488.140625
1761433018,92487.718750
1761473000,92488.687500
1761513000,92488.531250
1761553006,92488.843750
1761593000,92486.890625
1761633376,92488.171875
1761673192,92487.625000
1761713016,92487.781250
1761753002,92487.937500
1761793003,92488.031250
1761833000,92486.640625
1761873001,92488.375000
1761913369,92487.765625
1761953190,92487.906250
1761993013,92488.187500
1762033001,92488.140625
1762073001,92487.984375
1762113001,92488.156250
1762153001,92489.234375
1762193364,92487.656250
1762233189,92487.750000
1762273008,92487.500000
1762313001,92487.937500
1762353001,92486.921875
1762393000,92487.546875
1762433000,92487.062500
1762473363,92489.062500
1762513187,92487.531250
1762553007,92488.421875
1762593004,92487.484375
1762632999,92488.250000
1762673003,92488.062500
1762713000,92489.078125
1762755466,92488.187500
1762795000,92487.625000
1762835003,92487.390625
1762875318,92487.796875
1762915136,92488.515625
1762955183,92488.312500
1762995002,92488.140625
1763035000,92487.421875
1763075000,92488.515625
1763115004,92488.093750
1763155312,92488.000000
1763195135,92487.953125
1763234999,92487.203125
1763275000,92488.562500
1763315002,92488.156250
1763355001,92487.734375
1763395004,92488.265625
1763435310,92488.031250
1763475131,92487.125000
1763515002,92487.640625
1763555001,92489.046875
1763595002,92488.484375
1763635000,92487.781250
1763675001,92488.078125
1763715310,92487.546875
1763755133,92488.359375
1763794999,92488.546875
1763835000,92488.312500
1763875000,92488.625000
1763915002,92487.953125
1763955006,92487.750000
1763995307,92488.875000
1764035130,92489.046875
1764075000,92488.062500
1764115002,92489.828125
1764155000,92489.312500
1764195000,92488.140625
1764235004,92488.343750
1764275525,92488.156250
1764315124,92488.828125
1764355001,92488.828125
1764395001,92488.671875
1764435001,92488.656250
1764474999,92488.406250
1764515003,92488.015625
1764555300,92487.781250
1764597230,92488.593750
1764637433,92488.843750
1764677257,92488.515625
1764717075,92488.796875
1764757001,92488.281250
1764797000,92488.250000
1764837001,92488.843750
1764877001,92488.437500
1764917477,92488.375000
1764957256,92489.140625
1764997075,92488.515625
1765037002,92488.531250
1765077001,92488.125000
1765117002,92488.359375
1765157002,92488.156250
1765197427,92489.468750
1765237295,92488.906250
1765277074,92487.859375
1765317000,92488.578125
1765357002,92488.750000
1765397005,92488.031250
1765437001,92488.281250
1765477428,92488.187500
1765517249,92488.359375
1765557117,92489.296875
1765597004,92488.046875
1765637001,92488.687500
1765677001,92487.906250
1765717003,92488.937500
1765757422,92488.875000
1765797244,92487.734375
1765837067,92488.265625
1765877000,92488.281250
1765917001,92488.468750
1765957002,92488.921875
1765997046,92488.218750
1766037418,92488.328125
1766077241,92488.265625
1766117289,92488.187500
1766157004,92488.453125
1766197001,92488.328125
1766237000,92488.609375
1766277001,92488.296875
1766317416,92488.375000
1766357239,92488.937500
1766397067,92487.906250
1766438996,92488.125000
1766477999,92487.328125
1766518000,92488.515625
1766558001,92488.406250
1766598002,92487.359375
1766638107,92488.406250
1766678306,92487.953125
1766718128,92489.515625
1766758001,92488.593750
1766798001,92488.859375
1766838001,92487.921875
1766878002,92488.578125
1766918001,92488.484375
1766958301,92487.843750
1766998128,92488.468750
1767038000,92488.187500
1767078004,92489.171875
1767117999,92488.828125
1767158000,92488.625000
1767198001,92488.656250
1767238306,92488.796875
1767278124,92488.515625
1767317999,92488.093750
1767357999,92487.921875
1767398000,92488.640625
1767438001,92488.031250
1767478003,92488.500000
1767518299,92488.343750
1767558122,92488.156250
1767598002,92488.781250
1767638001,92488.125000
1767678000,92488.734375
1767718002,92488.625000
1767758001,92488.828125
1767798296,92488.484375
1767838119,92488.750000
1767878001,92488.468750
1767918003,92488.031250
1767958000,92488.375000
1767998000,92488.765625
1768038003,92488.843750
1768078295,92488.828125
1768118115,92488.156250
1768158160,92488.718750
1768198001,92488.015625
1768238000,92488.515625
1768278001,92488.515625
1768318603,92488.312500
1768358291,92488.031250
1768398113,92488.750000
1768438002,92488.250000
1768479864,92488.890625
1768519000,92488.609375
1768559003,92487.937500
1768599497,92488.093750
1768639000,92488.734375
1768679443,92488.093750
1768719179,92488.000000
1768759001,92488.562500
1768799001,92488.765625
1768839002,92488.109375
1768879002,92488.171875
1768919002,92487.390625
1768959356,92488.953125
1768999177,92488.718750
1769039019,92488.640625
1769079001,92488.671875
1769119002,92488.828125
1769159004,92488.468750
1769199001,92488.406250
1769239353,92489.281250
1769279173,92488.687500
1769319000,92488.187500
1769359002,92488.875000
1769399002,92488.812500
1769439001,92488.109375
1769479002,92488.250000
1769519350,92488.750000
1769559169,92488.687500
1769599015,92488.765625
1769639001,92488.421875
1769679000,92488.281250
1769719001,92488.703125
1769759002,92487.875000
1769799306,92488.765625
1769839125,92488.265625
1769879000,92488.593750
1769919003,92488.781250
1769959000,92489.031250
1769999003,92488.562500
1770039001,92488.000000
1770079345,92488.046875
1770119124,92488.218750
1770159000,92488.031250
1770199022,92488.859375
1770239001,92488.500000
1770279000,92487.093750
1770319002,92487.875000
1770359303,92488.156250
1770399168,92488.078125
1770439001,92487.218750
1770479003,92486.734375
1770520696,92486.625000
1770560001,92486.750000
1770600000,92484.968750
1770640002,92484.890625
1770680363,92485.203125
1770720273,92484.359375
1770760007,92484.187500
1770800000,92483.343750
1770840001,92481.796875
1770880000,92481.375000
1770920002,92480.750000
1770960363,92480.656250
1771000184,92480.046875
1771040048,92479.546875
1771080000,92478.218750
1771120002,92478.468750
1771160005,92478.671875
1771200001,92478.187500
1771240365,92477.984375
1771280184,92477.593750
1771320003,92476.921875
1771360000,92476.656250
1771400001,92476.718750
1771440001,92476.375000
1771480001,92475.578125
1771520359,92474.859375
1771560181,92474.953125
1771600002,92474.640625
1771640002,92474.765625
1771679999,92474.859375
1771720002,92474.437500
1771759999,92475.078125
1771800357,92474.562500
1771840178,92473.906250
1771880003,92474.265625
1771920000,92474.859375
1771960000,92474.828125
1772000000,92475.140625
1772040002,92473.515625
1772080355,92474.781250
1772120178,92473.875000
1772160020,92474.203125
1772200002,92474.828125
1772240000,92474.890625
1772280002,92474.109375
1772319999,92474.015625
1772362462,92473.984375
1772402001,92473.921875
1772442000,92473.671875
1772482308,92474.296875
1772522129,92473.781250
1772562083,92474.046875
1772602002,92475.140625
1772642002,92474.218750
1772682000,92474.656250
1772722002,92474.078125
1772762304,92474.718750
1772802127,92475.546875
1772842002,92475.109375
1772882002,92476.015625
1772922001,92475.296875
1772962001,92476.203125
1773002001,92475.031250
1773042305,92475.250000
1773082125,92475.859375
1773122002,92475.937500
1773162003,92474.843750
1773202620,92475.312500
1773242000,92474.171875
1773282000,92474.203125
1773322345,92474.140625
1773362123,92474.203125
1773402154,92473.625000
1773442001,92473.421875
1773482002,92471.718750
1773522001,92472.187500
1773562001,92472.515625
1773602424,92472.281250
1773642169,92472.343750
1773682002,92472.781250
1773722004,92472.609375
1773762004,92472.406250
1773802002,92473.250000
1773842000,92472.640625
1773882518,92472.656250
1773922121,92472.765625
1773962010,92472.484375
1774001999,92473.203125
1774042002,92473.109375
1774082002,92473.281250
1774122001,92473.015625
1774162296,92473.187500
1774204230,92472.859375
1774243999,92473.218750
1774284253,92473.531250
1774324073,92473.687500
1774364002,92473.421875
1774404001,92473.765625
1774444001,92473.359375
1774484000,92473.453125
1774524426,92474.093750
1774564249,92474.015625
1774604071,92474.640625
1774644001,92473.968750
1774684001,92475.000000
1774724000,92475.265625
1774764002,92474.171875
1774804211,92476.328125
1774844246,92475.906250
1774884068,92475.281250
1774924002,92476.265625
1774964000,92476.093750
1775004000,92476.140625
1775044002,92476.062500
1775084424,92476.312500
1775124245,92475.968750
1775164068,92477.015625
1775204000,92475.843750
1775244002,92476.406250
1775284002,92475.953125
1775324002,92476.937500
1775364423,92477.218750
1775404251,92477.000000
1775444067,92477.312500
1775484001,92477.531250
1775524002,92477.187500
1775563999,92478.187500
1775604002,92478.203125
1775644420,92477.843750
1775684244,92477.109375
1775724284,92478.468750
1775764002,92477.859375
1775804000,92477.734375
1775844002,92478.140625
1775884001,92477.921875
1775924465,92477.812500
1775964240,92478.406250
1776004062,92479.250000
1776046001,92479.234375
1776086193,92479.937500
1776126016,92479.625000
1776166000,92479.718750
1776206002,92480.421875
1776246001,92480.578125
1776286001,92480.671875
1776326371,92479.890625
1776366194,92480.671875
1776406015,92480.421875
1776445999,92481.406250
1776486000,92480.875000
1776526002,92481.250000
1776566002,92480.921875
1776606368,92481.718750
1776646194,92482.031250
1776686014,92482.453125
1776726001,92482.375000
1776766000,92482.296875
1776806000,92482.687500
1776846002,92482.703125
1776886366,92483.062500
1776926188,92483.312500
1776966011,92483.312500
1777006002,92482.796875
1777046000,92482.515625
1777086000,92481.984375
1777126002,92482.296875
1777166368,92482.640625
1777206188,92482.250000
1777246009,92483.468750
1777286001,92483.484375
1777326002,92484.453125
1777366000,92483.968750
1777405999,92483.515625
1777446363,92483.531250
1777486186,92484.625000
1777526009,92485.000000
1777566052,92485.125000
1777606002,92484.859375
1777646002,92484.546875
1777685999,92485.421875
1777726365,92485.703125
1777766189,92485.062500
1777806014,92485.718750
1777846002,92486.546875
1777887756,92486.140625
1777927002,92486.468750
1777967002,92486.203125
1778007000,92486.671875
1778047007,92486.890625
1778087292,92487.125000
1778127072,92487.187500
1778167003,92486.296875
1778207001,92487.359375
1778247001,92487.765625
1778287000,92487.593750
1778327427,92487.375000
1778367247,92488.000000
1778407072,92487.843750
1778446999,92488.437500
1778487001,92489.156250
1778527000,92488.546875
1778567002,92489.562500
1778607425,92488.390625
1778647247,92488.687500
1778687068,92487.156250
1778726999,92488.468750
1778767001,92489.062500
1778807001,92488.890625
1778846999,92488.234375
1778887003,92489.828125
1778927246,92489.765625
1778967070,92489.734375
1779007002,92490.468750
1779047002,92490.734375
1779087001,92489.718750
1779126999,92489.765625
1779167467,92490.125000
1779207243,92491.015625
1779247067,92490.250000
1779287002,92489.875000
1779327002,92490.406250
1779367001,92490.593750
1779407000,92490.171875
1779447419,92491.000000
1779487285,92491.640625
1779527190,92491.468750
1779567004,92491.859375
1779607001,92492.562500
1779647000,92492.328125
1779687002,92491.546875
1779729652,92493.203125
1779769002,92492.109375
1779809000,92492.953125
1779849379,92492.578125
1779889195,92491.562500
1779929194,92492.140625
1779969002,92491.796875
1780009000,92491.593750
1780049003,92491.843750
1780089001,92491.359375
1780129497,92492.015625
1780169195,92493.437500
1780209021,92492.140625
1780249001,92493.328125
1780289000,92492.921875
1780329002,92492.828125
1780369000,92493.671875
1780409374,92495.171875
1780449193,92494.250000
1780489013,92494.968750
1780529002,92493.750000
1780568999,92494.828125
1780609001,92495.031250
1780649000,92495.140625
1780689369,92495.359375
1780729192,92494.546875
1780769014,92496.156250
1780809002,92496.859375
1780849000,92497.234375
1780889002,92498.000000
1780929000,92496.250000
1780969366,92497.968750
1781009187,92497.031250
1781049015,92497.421875
1781088999,92496.984375
1781128999,92496.812500
1781169002,92496.468750
1781209000,92497.218750
1781249587,92497.296875
1781289185,92498.687500
1781329011,92498.140625
1781369000,92497.859375
1781409000,92498.171875
1781449001,92499.093750
1781489001,92499.203125
1781529362,92498.578125
1781571292,92497.687500
1781611002,92498.343750
1781651320,92497.984375
1781691139,92498.234375
1781731002,92497.671875
1781771003,92498.125000
1781811000,92498.843750
1781851001,92498.015625
1781890999,92498.312500
1781931317,92498.750000
1781971137,92497.796875
1782011002,92497.140625
1782050999,92498.500000
1782091001,92497.984375
1782131001,92497.656250
1782171003,92497.781250
1782211316,92498.796875
1782251139,92498.656250
1782291002,92498.953125
1782330999,92498.046875
1782371001,92498.187500
1782411001,92498.203125
1782451000,92498.531250
1782491315,92499.031250
1782531135,92499.203125
1782571001,92498.609375
1782611001,92498.843750
1782651000,92498.484375
1782691002,92499.015625
1782731000,92498.890625
1782771315,92498.859375
1782811137,92497.718750
1782850999,92499.156250
1782891003,92499.250000
1782931002,92498.265625
1782971002,92499.437500
1783010999,92499.203125
1783051310,92498.343750
1783091355,92498.062500
1783131000,92498.453125
1783171001,92498.765625
1783211002,92499.156250
1783251002,92499.421875
1783291001,92499.250000
1783331309,92497.875000
1783371134,92498.906250
1783413060,92499.343750
1783453263,92499.421875
1783493085,92499.421875
1783532999,92499.125000
1783573002,92499.109375
1783613000,92498.812500
1783653002,92499.531250
1783693002,92499.453125
1783733309,92498.515625
1783773085,92498.953125
1783812999,92498.468750
1783852999,92499.015625
1783893001,92498.171875
1783933001,92498.984375
1783973005,92498.078125
1784013260,92499.093750
1784053127,92498.515625
1784093001,92498.437500
1784133000,92499.187500
1784173002,92499.109375
1784213000,92499.437500
1784253004,92499.265625
1784293259,92500.343750
1784333083,92499.218750
1784373001,92499.343750
1784413001,92499.953125
1784453000,92499.109375
1784493002,92499.062500
1784533003,92499.859375
1784573262,92499.718750
1784613080,92499.671875
1784653001,92498.671875
1784693000,92499.250000
1784733000,92499.640625
1784772999,92500.093750
1784813004,92499.953125
1784853256,92499.609375
1784893078,92499.765625
1784933125,92500.031250
1784973001,92500.125000
1785013001,92499.781250
1785053002,92499.531250
1785093000,92498.609375
1785133255,92498.906250
1785173078,92500.125000
1785213001,92499.140625
1785254841,92499.656250
1785294000,92499.328125
1785334001,92500.140625
1785374000,92499.781250
1785414000,92499.359375
1785454376,92499.156250
1785494144,92498.921875
1785534000,92498.953125
1785574000,92498.765625
1785614002,92498.078125
1785654001,92499.406250
1785694001,92499.000000
1785734319,92499.578125
1785774143,92499.015625
1785814002,92499.421875
1785854000,92499.578125
1785894001,92499.171875
1785933999,92499.750000
1785974002,92499.968750
1786014326,92500.062500
1786054143,92499.875000
1786094002,92498.765625
1786134000,92499.125000
1786174002,92498.562500
1786213999,92499.531250
1786254001,92499.906250
1786294316,92499.187500
1786334139,92499.781250
1786374001,92499.921875
1786413999,92499.578125
1786454002,92500.515625
1786494000,92499.812500
1786534000,92499.281250
1786574316,92499.531250
1786614140,92500.203125
1786654001,92499.046875
1786694000,92498.671875
1786734000,92498.937500
1786774001,92499.187500
1786814000,92498.625000
1786854315,92499.546875
1786894135,92499.390625
1786934002,92499.968750
1786974005,92498.859375
1787014000,92499.140625
1787054000,92500.437500
1787094000,92499.406250
1787134311,92499.734375
1787174137,92499.000000
1787214000,92499.453125
1787254001,92499.906250
1787295706,92499.281250
1787335001,92499.343750
1787375002,92499.437500
1787415002,92499.656250
1787455378,92498.906250
1787495242,92497.562500
1787535021,92499.234375
1787575003,92498.265625
1787615001,92499.281250
1787655000,92497.187500
1787694999,92499.109375
1787735379,92498.500000
1787775199,92498.546875
1787815021,92499.265625
1787855000,92498.843750
1787895001,92499.234375
1787935002,92499.609375
1787975795,92498.781250
1788015375,92498.937500
1788055200,92498.875000
1788095022,92499.328125
1788135000,92499.859375
1788174999,92498.640625
1788215000,92499.359375
1788255001,92500.234375
1788295377,92498.406250
1788335196,92498.968750
1788375019,92499.265625
1788415000,92498.828125
1788455002,92499.046875
1788495000,92499.031250
1788534999,92499.921875
1788575417,92499.578125
1788615200,92499.453125
1788655020,92499.734375
1788695001,92499.296875
1788735001,92499.343750
1788775000,92499.234375
1788815002,92499.140625
1788855374,92499.328125
1788895240,92499.875000
1788935018,92499.468750
1788975000,92500.015625
1789015000,92499.375000
1789054999,92500.062500
1789095000,92501.062500
1789137476,92499.765625
1789177003,92499.765625
1789217002,92499.750000
1789257325,92500.078125
1789297146,92499.687500
1789337011,92500.250000
1789377005,92500.781250
1789417001,92500.078125
1789457001,92499.015625
1789497002,92499.531250
1789537327,92499.781250
1789577147,92499.203125
1789617002,92499.671875
1789657002,92499.375000
1789697002,92499.796875
1789737000,92499.921875
1789777002,92500.187500
1789817324,92500.312500
1789857146,92499.593750
1789897002,92500.421875
1789937002,92500.984375
1789977003,92498.906250
1790016999,92499.640625
1790057000,92499.125000
1790097323,92497.890625
1790137143,92499.125000
1790177000,92498.031250
1790217002,92498.906250
1790257002,92499.000000
1790297001,92498.734375
1790337002,92499.343750
1790377322,92500.375000
1790417142,92501.062500
1790457000,92500.750000
1790497002,92500.828125
1790536999,92499.593750
1790577000,92499.843750
1790617001,92500.015625
1790657545,92499.390625
1790697143,92498.750000
1790737000,92499.062500
1790777003,92498.437500
1790817003,92498.140625
1790856999,92499.187500
1790897002,92498.765625
1790937318,92498.468750
1790979248,92498.546875
1791019000,92498.656250
1791059277,92499.875000
1791099096,92498.703125
1791139001,92498.171875
1791179022,92498.281250
1791219001,92498.890625
1791259000,92497.593750
1791299005,92498.234375
1791339276,92498.328125
1791379104,92497.031250
1791419000,92496.437500
1791459000,92496.984375
1791498999,92496.453125
1791539000,92496.625000
1791579005,92496.687500
1791619270,92497.515625
1791659094,92496.156250
1791699002,92496.000000
1791738999,92494.859375
1791778999,92495.375000
1791819000,92495.265625
1791859004,92495.093750
1791899273,92494.406250
1791939097,92494.703125
1791979002,92494.093750
1792019000,92494.187500
1792059002,92494.078125
1792099000,92493.468750
1792139004,92492.921875
1792179273,92492.984375
1792219098,92492.500000
1792259001,92492.937500
1792299002,92493.140625
1792339001,92493.046875
1792379001,92493.484375
1792419002,92493.062500
1792459276,92492.156250
1792499313,92492.515625
1792539000,92491.765625
1792579001,92491.953125
1792618999,92492.171875
1792659000,92492.968750
1792699004,92492.265625
1792739268,92492.937500
1792779091,92493.328125
1792821027,92493.078125
1792861225,92493.125000
1792901050,92494.140625
1792941000,92493.703125
1792981001,92494.578125
1793021002,92495.265625
1793061002,92493.312500
1793101404,92492.640625
1793141266,92492.515625
1793181049,92494.140625
1793221000,92492.640625
1793261000,92493.796875
1793301001,92494.171875
1793341001,92494.468750
1793381400,92494.468750
1793421223,92494.046875
1793461090,92494.375000
1793501002,92493.703125
1793541002,92494.296875
1793580999,92493.828125
1793621000,92493.218750
1793661401,92493.906250
1793701220,92492.609375
1793741046,92493.421875
1793781002,92493.734375
1793821002,92493.453125
1793861001,92493.562500
1793901001,92493.296875
1793941402,92493.734375
1793981223,92494.296875
1794021044,92492.546875
1794061001,92493.718750
1794101001,92493.437500
1794141001,92493.765625
1794181002,92492.312500
1794221400,92492.875000
1794261219,92493.562500
1794301045,92493.765625
1794341087,92493.546875
1794381004,92494.031250
1794421002,92493.578125
1794461000,92494.015625
1794501400,92493.796875
1794541222,92493.781250
1794581047,92494.406250
1794621001,92493.484375
1794662794,92493.750000
1794702002,92494.484375
1794742002,92492.875000
1794782000,92493.375000
1794821999,92493.812500
1794862334,92494.046875
1794902111,92493.375000
1794942000,92492.640625
1794982002,92493.015625
1795022002,92494.015625
1795062001,92493.375000
1795102000,92493.125000
1795142285,92494.156250
1795182109,92492.812500
1795222002,92493.156250
1795262002,92493.109375
1795302000,92494.156250
1795342002,92493.500000
1795382001,92493.671875
1795422286,92493.187500
1795462106,92494.765625
1795501999,92494.375000
1795542000,92494.140625
1795582002,92494.437500
1795622002,92494.375000
1795662002,92495.343750
1795702285,92494.546875
1795742108,92494.234375
1795782001,92494.218750
1795822001,92494.234375
1795862005,92493.640625
1795902000,92493.953125
1795942001,92493.984375
1795982282,92493.765625
1796022105,92493.656250
1796062001,92494.453125
1796102002,92494.187500
1796142000,92493.953125
1796182002,92494.515625
1796222002,92494.156250
1796262282,92494.109375
1796302102,92494.359375
1796342000,92494.765625
1796382001,92494.281250
1796422002,92494.718750
1796462000,92495.437500
1796502002,92494.390625
1796542283,92494.750000
1796582107,92494.062500
1796622002,92494.906250
1796662001,92493.984375
1796703674,92494.375000
1796743002,92494.031250
1796783004,92494.671875
1796823000,92495.046875
1796863351,92494.593750
1796903210,92494.625000
1796942999,92494.515625
1796983003,92494.421875
1797023000,92494.203125
1797063002,92494.578125
1797103001,92494.781250
1797143344,92495.140625
1797183170,92493.937500
1797223001,92494.500000
1797263002,92494.656250
1797303002,92495.062500
1797343001,92494.531250
1797383000,92494.578125
1797423344,92494.828125
1797463322,92495.000000
1797503002,92494.640625
1797543000,92494.953125
1797583000,92495.468750
1797623001,92495.328125
1797663000,92495.296875
1797703343,92495.312500
1797743169,92495.515625
1797783011,92495.421875
1797823000,92494.875000
1797863000,92495.468750
1797903002,92495.203125
1797943001,92496.390625
1797983390,92496.328125
1798023166,92494.718750
1798063002,92495.421875
1798103002,92494.906250
1798143002,92496.390625
1798183000,92496.093750
1798223000,92495.765625
1798263346,92495.437500
1798303212,92495.046875
1798343000,92495.812500
1798383003,92495.937500
1798422999,92495.875000
1798463002,92496.125000
1798503000,92495.390625
1798545449,92495.671875
1798585002,92494.250000
1798625000,92495.328125
1798665453,92494.234375
1798705123,92494.500000
1798745001,92495.171875
1798785000,92495.828125
1798824999,92495.000000
1798865001,92495.093750
1798905002,92494.437500
1798945300,92495.453125
1798985124,92495.187500
1799025000,92494.984375
1799065000,92495.593750
1799105002,92495.000000
1799144999,92495.359375
1799185000,92495.078125
1799225300,92494.953125
1799265119,92495.000000
1799305000,92495.718750
1799345000,92495.046875
1799385001,92496.046875
1799425000,92496.031250
1799465001,92496.156250
1799505299,92495.734375
1799545120,92494.437500
1799585002,92495.343750
1799625002,92495.781250
1799665002,92495.140625
1799705001,92493.921875
1799745003,92495.234375
1799785298,92494.937500
1799825119,92494.375000
1799865000,92494.593750
1799905000,92494.281250
1799945000,92494.515625
1799985001,92495.000000
1800025000,92495.062500
1800065518,92495.000000
1800105121,92495.078125
1800145002,92495.218750
1800185002,92493.828125
1800225002,92495.046875
1800265001,92495.765625
1800304999,92496.390625
1800345298,92496.093750
1800387224,92495.218750
1800427008,92496.125000
1800467253,92496.406250
1800507075,92496.484375
1800547001,92496.562500
1800587002,92496.156250
1800627001,92495.406250
1800667001,92496.265625
1800707008,92497.093750
1800747253,92495.640625
1800787071,92496.468750
1800827001,92496.343750
1800867004,92497.078125
1800906999,92495.859375
1800947000,92497.328125
1800987426,92496.328125
1801027252,92496.875000
1801067071,92497.156250
1801107002,92497.203125
1801147000,92496.765625
1801187002,92496.937500
1801227002,92497.015625
1801267426,92496.453125
1801307252,92497.484375
1801347074,92497.812500
1801387002,92497.656250
1801427000,92497.593750
1801467000,92497.718750
1801507003,92498.468750
1801547425,92498.265625
1801587250,92498.312500
1801627073,92497.671875
1801667002,92497.703125
1801707002,92498.203125
1801746999,92498.828125
1801787002,92498.953125
1801827427,92498.500000
1801867247,92499.031250
1801907294,92499.328125
1801947001,92499.250000
1801987002,92499.609375
1802027002,92498.078125
1802067000,92498.531250
1802107000,92499.531250
1802147247,92498.359375
1802187074,92499.359375
1802229000,92498.921875
1802269205,92498.296875
1802309028,92498.625000
1802349002,92497.843750
1802389002,92498.015625
1802429001,92498.718750
1802469000,92498.062500
1802509379,92498.437500
1802549247,92498.203125
1802589026,92498.546875
1802629000,92498.859375
1802669002,92498.312500
1802709003,92498.625000
1802748999,92498.484375
1802789380,92499.250000
1802829201,92499.015625
1802869071,92498.406250
1802909002,92498.234375
1802949002,92498.765625
1802989000,92498.625000
1803029002,92498.031250
1803069383,92498.734375
1803109202,92498.718750
1803149024,92498.531250
1803189001,92498.812500
1803229002,92498.781250
1803269002,92498.984375
1803309002,92498.703125
1803349381,92499.531250
1803389205,92498.968750
1803429026,92498.796875
1803469002,92498.390625
1803509002,92498.906250
1803549006,92499.015625
1803589000,92498.906250
1803629380,92500.578125
1803669204,92499.359375
1803709026,92499.453125
1803749067,92499.828125
1803789002,92499.765625
1803829001,92499.625000
1803869001,92499.484375
1803909382,92499.593750
1803949202,92498.671875
1803989023,92497.781250
1804029001,92499.390625
1804070780,92498.703125
1804110001,92498.843750
1804150002,92498.609375
1804189999,92499.468750
1804230000,92499.843750
1804270313,92499.546875
1804310089,92498.937500
1804350001,92499.781250
1804390001,92498.625000
1804430001,92500.265625
1804470002,92499.703125
1804510001,92500.125000
1804550269,92499.625000
1804590093,92499.515625
1804630000,92499.578125
1804670002,92499.109375
1804710002,92498.734375
1804750002,92499.937500
1804790003,92498.937500
1804830270,92498.843750
1804870090,92499.593750
1804910001,92499.734375
1804950001,92499.703125
1804990001,92500.343750
1805030000,92499.843750
1805070000,92499.609375
1805110267,92498.828125
1805150091,92498.859375
1805190002,92499.156250
1805230002,92498.875000
1805270001,92499.796875
1805310000,92499.671875
1805350000,92498.921875
1805390267,92499.843750
1805430091,92499.687500
1805469999,92499.234375
1805510001,92500.078125
1805550000,92500.328125
1805590003,92500.375000
1805630001,92499.515625
1805670269,92500.390625
1805710091,92499.203125
1805750002,92499.531250
1805790000,92499.781250
1805830002,92499.515625
1805870001,92500.437500
1805909999,92500.234375
1805950268,92500.515625
1805990093,92500.906250
1806030002,92500.390625
1806070001,92499.921875
1806111661,92501.000000
1806151002,92500.109375
1806191000,92500.734375
1806231000,92500.625000
1806271332,92500.875000
1806311198,92500.640625
1806351002,92500.703125
1806391003,92499.781250
1806431002,92501.640625
1806471002,92499.921875
1806511000,92499.796875
1806551334,92500.984375
1806591156,92501.921875
1806631002,92501.609375
1806671001,92501.562500
1806711002,92501.796875
1806751002,92501.125000
1806791003,92501.250000
1806831332,92501.250000
1806871155,92500.843750
1806911000,92501.531250
1806950999,92501.312500
1806991003,92501.312500
1807031000,92502.359375
1807071000,92501.921875
1807111332,92502.750000
1807151156,92501.625000
1807191000,92502.390625
1807231001,92501.578125
1807271001,92502.156250
1807311002,92502.078125
1807351003,92503.031250
1807391377,92502.687500
1807431158,92501.140625
1807471000,92502.359375
1807511001,92502.343750
1807551001,92502.484375
1807591003,92502.843750
1807630999,92502.515625
1807671333,92503.312500
1807711202,92503.125000
1807751001,92502.468750
1807791002,92502.453125
1807831000,92501.765625
1807871001,92502.078125
1807911000,92501.765625
1807953441,92503.203125
1807993002,92502.421875
1808033000,92501.781250
1808073291,92502.484375
1808113114,92503.578125
1808153066,92502.250000
1808193000,92503.046875
1808233000,92502.000000
1808273002,92503.359375
1808313000,92502.265625
1808353290,92502.484375
1808393113,92502.687500
1808433002,92501.656250
1808473002,92501.937500
1808512999,92502.609375
1808553000,92502.296875
1808593001,92503.046875
1808633289,92503.156250
1808673111,92502.781250
1808713002,92503.015625
1808753000,92502.484375
1808793003,92502.375000
1808833002,92502.046875
1808872999,92502.562500
1808913287,92503.203125
1808953114,92503.281250
1808993000,92502.906250
1809033002,92503.390625
1809073002,92502.687500
1809113002,92503.921875
1809153002,92503.281250
1809193288,92503.093750
1809233111,92503.312500
1809273002,92503.828125
1809313002,92503.296875
1809353002,92502.906250
1809393002,92503.703125
1809433000,92503.453125
1809473512,92504.093750
1809513114,92503.234375
1809553004,92502.796875
1809593001,92504.265625
1809632999,92502.843750
1809673002,92502.953125
1809713000,92503.843750
1809753291,92502.671875
1809795219,92503.109375
1809835423,92503.546875
1809875247,92504.140625
1809915067,92503.531250
1809955000,92503.296875
1809995003,92503.265625
1810035000,92504.125000
1810075002,92503.468750
1810115423,92503.640625
1810155247,92503.468750
1810195070,92503.375000
1810235000,92502.812500
1810275002,92503.625000
1810315001,92504.078125
1810354999,92503.062500
1810395004,92503.750000
1810435247,92504.031250
1810475070,92504.296875
1810515002,92504.546875
1810555003,92504.187500
1810595000,92504.390625
1810635002,92503.546875
1810675424,92503.609375
1810715245,92502.812500
1810755068,92503.484375
1810795000,92503.031250
1810835002,92503.281250
1810875002,92503.765625
1810915001,92503.921875
1810955424,92503.359375
1810995245,92503.093750
1811035072,92502.468750
1811075002,92503.484375
1811115000,92503.171875
1811155001,92502.921875
1811195001,92502.328125
1811235432,92502.765625
1811275246,92503.515625
1811315292,92504.109375
1811355003,92504.234375
1811395001,92504.390625
1811435000,92505.000000
1811475001,92504.656250
1811515004,92504.500000
1811555246,92504.140625
1811595070,92504.296875
1811637003,92503.875000
1811677202,92503.890625
1811717027,92503.734375
1811757002,92503.484375
1811797000,92503.953125
1811837002,92504.234375
1811877001,92502.937500
1811917382,92503.281250
1811957249,92503.953125
1811997025,92503.781250
1812037002,92502.781250
1812077002,92502.890625
1812117000,92503.250000
1812157000,92502.812500
1812197380,92502.109375
1812237202,92501.734375
1812277068,92502.031250
1812317000,92501.437500
1812357003,92501.500000
1812397000,92501.218750
1812437001,92501.484375
1812477382,92501.890625
1812517203,92501.796875
1812557026,92501.765625
1812597000,92502.156250
1812637000,92501.187500
1812677002,92501.343750
1812717002,92500.781250
1812757383,92500.453125
1812797204,92500.796875
1812837027,92499.953125
1812877002,92499.453125
1812917000,92499.468750
1812957002,92499.171875
1812997003,92498.546875
1813037383,92498.484375
1813077203,92498.578125
1813117026,92498.593750
1813157069,92497.765625
1813197001,92498.968750
1813237002,92497.062500
1813277001,92498.578125
1813317382,92498.562500
1813357205,92498.203125
1813397030,92497.921875
1813437002,92497.500000
1813478778,92498.484375
1813518002,92498.359375
1813558002,92497.203125
1813598001,92496.953125
1813638002,92496.375000
1813678315,92496.000000
1813718092,92496.359375
1813758001,92495.609375
1813798002,92496.625000
1813838001,92496.140625
1813877999,92495.984375
1813918005,92496.437500
1813958270,92495.828125
1813998097,92495.531250
1814038002,92495.093750
1814078002,92495.187500
1814118000,92494.640625
1814158001,92494.062500
1814198003,92494.171875
1814238271,92493.546875
1814278096,92493.812500
1814318000,92495.140625
1814358000,92494.250000
1814398002,92494.375000
1814438001,92494.671875
1814478003,92493.796875
1814518273,92493.281250
1814558093,92493.500000
1814598001,92492.703125
1814638001,92491.937500
1814678001,92492.875000
1814718001,92492.062500
1814758004,92491.953125
1814798271,92492.562500
1814838097,92493.109375
1814878002,92492.734375
1814918002,92492.359375
1814958000,92492.000000
1814998002,92492.406250
1815038006,92493.250000
1815078272,92492.453125
1815118097,92492.468750
1815158002,92492.000000
1815198001,92491.093750
1815238001,92490.265625
1815278001,92490.546875
1815318005,92490.031250
1815358272,92490.265625
1815398098,92489.796875
1815438002,92489.250000
1815477999,92490.093750
1815519669,92489.796875
1815559000,92491.671875
1815599001,92490.625000
1815639001,92491.515625
1815679339,92490.656250
1815719207,92490.625000
1815759006,92490.578125
1815799000,92491.640625
1815839001,92490.546875
1815879000,92490.468750
1815919000,92489.906250
1815959340,92489.656250
1815999163,92489.250000
1816039004,92488.671875
1816079001,92489.750000
1816119001,92487.656250
1816159005,92488.156250
1816199002,92487.531250
1816239342,92487.343750
1816279162,92488.421875
1816319000,92488.625000
1816359001,92488.765625
1816399002,92488.968750
1816439002,92489.000000
1816479002,92489.578125
1816519340,92488.296875
1816559165,92488.796875
1816599111,92488.328125
1816639001,92488.984375
1816679000,92487.296875
1816719002,92487.531250
1816759001,92487.406250
1816799512,92487.187500
1816839165,92487.718750
1816879002,92486.812500
1816919000,92486.609375
1816959001,92487.781250
1816999004,92487.781250
1817039003,92487.921875
1817079343,92487.531250
1817119209,92487.328125
1817159009,92486.421875
1817198999,92487.046875
1817239001,92486.437500
1817279002,92485.515625
1817319002,92484.703125
1817361450,92485.312500
1817401002,92484.578125
1817441001,92484.609375
1817481295,92486.109375
1817521120,92484.656250
1817561083,92485.296875
1817601001,92484.859375
1817641002,92484.515625
1817681001,92484.937500
1817721000,92484.406250
1817761300,92484.875000
1817801247,92483.796875
1817841001,92484.078125
1817881003,92483.640625
1817920999,92483.453125
1817961002,92483.562500
1818001000,92484.234375
1818041298,92482.171875
1818081123,92482.453125
1818121002,92483.031250
1818161002,92482.656250
1818201000,92483.562500
1818241001,92483.453125
1818281000,92482.781250
1818321299,92483.312500
1818361123,92482.703125
1818402313,92483.921875
1818442056,92483.750000
1818482001,92484.140625
1818522002,92484.046875
1818562003,92483.406250
1818602331,92483.890625
1818642366,92483.734375
1818682422,92484.812500
1818722014,92482.359375
1818762001,92482.500000
1818802686,92482.625000
1818841999,92481.750000
1818882001,92481.812500
1818922370,92483.062500
1818962192,92481.843750
1819004335,92481.296875
1819044326,92480.734375
1819084148,92480.937500
1819124001,92481.187500
1819164002,92480.296875
1819205123,92480.750000
1819245001,92480.765625
1819285002,92481.421875
1819325000,92481.281250
1819365393,92481.953125
1819405346,92481.359375
1819445081,92480.718750
1819485000,92480.984375
1819525000,92481.062500
1819565004,92480.671875
1819605000,92480.968750
1819645399,92481.765625
1819685215,92480.656250
1819725037,92481.062500
1819764999,92480.906250
1819805002,92480.671875
1819845000,92480.531250
1819885001,92480.312500
1819925393,92479.953125
1819965218,92480.218750
1820006402,92479.046875
1820046103,92479.125000
1820086002,92478.781250
1820126002,92480.062500
1820166001,92479.484375
1820206002,92479.156250
1820246002,92479.218750
1820286282,92479.687500
1820326104,92480.046875
1820366002,92479.484375
1820406779,92480.218750
1820447688,92479.578125
1820487001,92479.156250
1820527002,92479.343750
1820567001,92479.078125
1820608508,92479.312500
1820648417,92478.906250
1820688238,92479.656250
1820728059,92479.359375
1820768001,92479.187500
1820809202,92480.156250
1820849002,92479.046875
1820889002,92479.859375
1820929002,92480.609375
1820969002,92480.000000
1821009217,92480.734375
1821049134,92480.062500
1821089000,92478.937500
1821129000,92479.218750
1821169002,92479.281250
1821209001,92479.281250
1821249002,92478.968750
1821289307,92478.156250
1821329129,92479.484375
1821369002,92478.484375
1821408999,92479.718750
1821449002,92478.265625
1821489001,92478.968750
1821529000,92479.531250
1821569532,92479.453125
1821609265,92479.562500
1821649001,92479.156250
1821689001,92478.296875
1821729002,92479.421875
1821769001,92479.406250
1821809002,92479.109375
1821849309,92478.796875
1821891238,92478.531250
1821931000,92478.703125
1821971265,92478.750000
1822011084,92479.328125
1822051002,92477.984375
1822091002,92478.828125
1822131001,92478.921875
1822171002,92478.906250
1822211000,92477.187500
1822251266,92477.640625
1822291085,92477.218750
1822331000,92477.656250
1822371001,92478.375000
1822411001,92477.468750
1822451003,92478.625000
1822491002,92477.687500
1822531265,92477.875000
1822571092,92478.015625
1822611016,92479.843750
1822651001,92477.515625
1822691000,92477.265625
1822731002,92477.312500
1822771002,92477.718750
1822811399,92478.406250
1822851089,92478.328125
1822891002,92477.578125
1822931002,92477.703125
1822971002,92478.062500
1823011000,92477.453125
1823051003,92478.359375
1823091265,92478.437500
1823131091,92478.078125
1823170999,92478.500000
1823210999,92478.968750
1823251001,92477.875000
1823290999,92478.812500
1823331002,92478.828125
1823371269,92479.796875
1823411313,92479.234375
1823451001,92479.218750
1823491000,92479.500000
1823531001,92479.265625
1823571001,92479.250000
1823611003,92478.625000
1823651269,92478.781250
1823691092,92478.843750
1823733021,92478.078125
1823773227,92479.187500
1823813173,92479.015625
1823853000,92479.390625
1823893000,92478.484375
1823933000,92479.406250
1823973001,92479.312500
1824013529,92479.734375
1824053267,92478.562500
1824093046,92478.843750
1824133000,92479.187500
1824173000,92479.593750
1824213000,92479.203125
1824253001,92479.453125
1824293402,92479.078125
1824333227,92478.968750
1824373092,92478.984375
1824413002,92478.609375
1824453002,92477.421875
1824493000,92477.921875
1824533000,92478.250000
1824573406,92478.609375
1824613227,92478.171875
1824653047,92477.765625
1824693000,92477.812500
1824733002,92477.109375
1824773001,92476.968750
1824813001,92476.281250
1824853406,92477.828125
1824893225,92475.531250
1824933048,92477.015625
1824973001,92478.265625
1825013000,92477.000000
1825053001,92477.343750
1825093001,92476.984375
1825133408,92476.062500
1825173228,92477.750000
1825213051,92476.671875
1825253093,92477.437500
1825293001,92476.656250
1825333001,92477.328125
1825373002,92478.890625
1825413408,92478.187500
1825453231,92478.531250
1825493050,92478.218750
1825533001,92477.640625
1825574805,92478.687500
1825614001,92478.218750
1825654002,92479.062500
1825694002,92477.890625
1825734000,92478.859375
1825774432,92478.171875
1825814119,92478.593750
1825854000,92478.218750
1825894000,92478.312500
1825934002,92479.140625
1825974005,92478.421875
1826013999,92477.890625
1826054297,92478.546875
1826094119,92478.609375
1826134001,92478.375000
1826174000,92478.078125
1826214000,92479.328125
1826253999,92480.125000
1826294000,92478.687500
1826334298,92479.187500
1826374119,92479.187500
1826414002,92479.281250
1826454003,92479.109375
1826494000,92478.953125
1826534002,92479.390625
1826574005,92479.593750
1826614302,92479.421875
1826654123,92480.468750
1826694000,92479.781250
1826734003,92479.890625
1826774002,92480.734375
1826814001,92481.406250
1826854001,92480.828125
1826894298,92481.031250
1826934122,92481.234375
1826974000,92481.843750
1827014000,92481.796875
1827054001,92481.328125
1827094001,92481.250000
1827134001,92480.578125
1827174300,92481.562500
1827214124,92480.937500
1827254001,92480.687500
1827294002,92480.375000
1827334001,92481.062500
1827374001,92480.531250
1827414002,92480.281250
1827454303,92480.703125
1827494123,92480.140625
1827534002,92479.937500
1827573999,92478.796875
1827615703,92479.250000
1827655001,92479.750000
1827695001,92479.921875
1827735001,92479.421875
1827775371,92479.468750
1827815237,92480.187500
1827855014,92480.234375
1827895002,92480.562500
1827935002,92481.593750
1827975004,92480.406250
1828015002,92480.578125
1828055371,92481.796875
1828095195,92481.265625
1828135016,92480.359375
1828175001,92481.671875
1828215002,92481.453125
1828255000,92481.859375
1828295001,92480.734375
1828335372,92480.218750
1828375195,92478.765625
1828415017,92479.640625
1828455000,92480.046875
1828495001,92481.609375
1828535000,92480.671875
1828575000,92481.546875
1828615379,92482.015625
1828655198,92481.750000
1828695017,92482.937500
1828735001,92482.515625
1828775001,92482.921875
1828815000,92482.890625
1828855003,92482.843750
1828895416,92483.421875
1828935195,92483.625000
1828975018,92484.109375
1829015002,92484.265625
1829055001,92484.781250
1829095000,92484.218750
1829135000,92483.328125
1829175378,92482.515625
1829215241,92482.765625
1829255022,92483.062500
1829295000,92483.390625
1829335001,92482.906250
1829375002,92482.812500
1829415002,92482.890625
1829457496,92483.265625
1829497002,92483.421875
1829537001,92483.156250
1829577332,92484.375000
1829617155,92483.750000
1829657027,92484.375000
1829696999,92484.531250
1829737002,92484.984375
1829777001,92483.859375
1829817002,92484.296875
1829857333,92484.406250
1829897157,92484.687500
1829937001,92483.125000
1829976999,92484.453125
1830016999,92483.343750
1830056999,92483.437500
1830097002,92482.937500
1830137333,92481.937500
1830177158,92482.281250
1830216999,92481.859375
1830257002,92481.000000
1830297002,92481.187500
1830337001,92480.171875
1830377001,92481.781250
1830417335,92482.703125
1830457158,92481.890625
1830496999,92481.515625
1830537001,92481.140625
1830577001,92482.281250
1830617001,92482.500000
1830657001,92482.468750
1830697339,92482.296875
1830737159,92483.343750
1830777006,92483.687500
1830817000,92483.000000
1830857000,92483.093750
1830897002,92482.718750
1830937001,92482.890625
1830977559,92482.406250
1831017163,92482.984375
1831057002,92483.546875
1831097002,92483.015625
1831137000,92482.031250
1831177001,92481.390625
1831217001,92483.000000
1831257342,92482.421875
1831299270,92483.531250
1831339000,92483.640625
1831379294,92482.062500
1831419118,92482.937500
1831459002,92481.875000
1831499001,92482.859375
1831539002,92483.218750
1831579001,92483.781250
1831619002,92482.921875
1831659298,92482.984375
1831699121,92482.046875
1831739000,92481.703125
1831779002,92482.406250
1831819002,92482.156250
1831859001,92482.453125
1831899002,92482.750000
1831939297,92482.546875
1831979120,92482.843750
1832019002,92482.437500
1832059002,92483.171875
1832099000,92482.437500
1832139001,92482.703125
1832179002,92482.906250
1832219302,92482.156250
1832259127,92481.984375
1832299000,92481.312500
1832338999,92481.421875
1832379001,92481.062500
1832419000,92481.171875
1832459000,92480.765625
1832499301,92480.968750
1832539126,92482.234375
1832579005,92481.390625
1832619000,92481.984375
1832659001,92480.500000
1832699001,92481.000000
1832739000,92481.437500
1832779302,92481.500000
1832819348,92480.671875
1832859001,92480.921875
1832899002,92481.109375
1832939002,92481.015625
1832979002,92480.812500
1833019002,92480.531250
1833059304,92481.031250
1833099130,92480.812500
1833141056,92481.125000
1833181265,92481.250000
1833221086,92480.734375
1833261002,92482.265625
1833301002,92481.937500
1833341000,92481.218750
1833381002,92482.562500
1833421001,92481.203125
1833461308,92481.546875
1833501086,92481.671875
1833541002,92482.359375
1833581000,92481.140625
1833621001,92481.750000
1833661002,92480.265625
1833701003,92481.765625
1833741262,92479.390625
1833781131,92478.578125
1833821000,92478.937500
1833861001,92478.328125
1833900999,92478.078125
1833941001,92477.625000
1833981000,92476.140625
1834021273,92478.421875
1834061087,92477.859375
1834101002,92479.359375
1834141002,92478.953125
1834181000,92479.515625
1834221000,92479.140625
1834261002,92478.921875
1834301269,92480.734375
1834341088,92480.671875
1834381000,92481.468750
1834420999,92482.546875
1834461002,92481.265625
1834501000,92481.859375
1834541003,92481.750000
1834581270,92483.140625
1834621092,92481.906250
1834661133,92482.187500
1834700999,92481.312500
1834741001,92483.046875
1834780999,92482.343750
1834821002,92481.765625
1834861267,92483.109375
1834901094,92482.687500
1834941002,92481.500000
1834982844,92482.328125
1835022001,92482.531250
1835062002,92481.906250
1835101999,92482.484375
1835142001,92483.109375
1835182469,92483.781250
1835222162,92482.593750
1835262002,92482.468750
1835302000,92481.328125
1835342001,92482.421875
1835382001,92481.468750
1835421999,92482.390625
1835462338,92481.296875
1835502164,92482.000000
1835542002,92482.000000
1835582002,92482.796875
1835622002,92481.890625
1835661999,92481.718750
1835702002,92482.640625
1835742340,92482.359375
1835782164,92482.640625
1835822002,92482.921875
1835862000,92482.906250
1835902000,92483.015625
1835942000,92483.140625
1835982000,92483.531250
1836022344,92483.265625
1836062164,92482.781250
1836102000,92482.890625
1836142002,92482.734375
1836182002,92483.375000
1836222001,92482.859375
1836262002,92483.296875
1836302346,92483.984375
1836342169,92482.781250
1836382014,92482.921875
1836422000,92483.187500
1836462001,92482.281250
1836502001,92482.312500
1836542000,92482.765625
1836582347,92483.468750
1836622168,92483.468750
1836662001,92482.671875
1836702034,92483.203125
1836741999,92482.312500
1836782000,92482.156250
1836822000,92482.406250
1836862347,92483.281250
1836902172,92482.640625
1836942002,92482.671875
1836982002,92482.765625
1837023746,92482.500000
1837063000,92482.031250
1837103000,92482.609375
1837143002,92483.296875
1837183416,92482.859375
1837223281,92482.703125
1837263061,92481.609375
1837303000,92481.984375
1837343000,92482.734375
1837382999,92482.781250
1837422999,92482.359375
1837463421,92483.562500
1837503243,92482.468750
1837543062,92482.484375
1837583000,92482.828125
1837623001,92482.000000
1837662999,92483.109375
1837703002,92483.843750
1837743001,92482.968750
1837783246,92483.453125
1837823066,92482.046875
1837863002,92483.890625
1837903000,92483.687500
1837943001,92483.687500
1837983001,92484.343750
1838023427,92483.968750
1838063246,92484.812500
1838103069,92484.015625
1838143000,92485.312500
1838183000,92485.031250
1838223000,92485.125000
1838263002,92485.093750
1838303468,92485.046875
1838343246,92486.328125
1838383070,92487.000000
1838423002,92487.296875
1838463000,92487.171875
1838503001,92488.031250
1838543001,92488.000000
1838583426,92488.078125
1838623290,92488.562500
1838663072,92488.921875
1838703000,92489.625000
1838743087,92489.093750
1838783002,92490.875000
1838823000,92491.890625
1838863007,92490.906250
1838903252,92491.828125
1838943269,92491.406250
1838983001,92492.187500
1839023001,92492.281250
1839064646,92493.828125
1839104002,92492.765625
1839144002,92493.640625
1839183999,92495.140625
1839224319,92495.296875
1839264230,92495.718750
1839304002,92496.875000
1839344002,92496.296875
1839384000,92496.375000
1839424001,92497.062500
1839464002,92496.671875
1839504319,92495.703125
1839544292,92496.687500
1839584011,92496.781250
1839624002,92496.484375
1839664001,92497.375000
1839704000,92497.312500
1839744001,92496.875000
1839784322,92496.984375
1839824142,92496.281250
1839863999,92497.078125
1839904000,92497.218750
1839944000,92496.875000
1839984002,92497.531250
1840024001,92496.921875
1840064325,92497.015625
1840104148,92497.109375
1840144000,92497.359375
1840184002,92497.234375
1840224001,92496.968750
1840263999,92497.171875
1840304001,92497.281250
1840344324,92498.234375
1840384151,92498.578125
1840424002,92497.890625
1840464000,92497.953125
1840504002,92497.937500
1840544002,92497.781250
1840584001,92496.656250
1840624328,92497.296875
1840664147,92497.250000
1840704000,92497.171875
1840744002,92498.031250
1840784002,92497.968750
1840824000,92498.593750
1840864000,92497.015625
1840906441,92498.453125
1840946001,92498.562500
1840986001,92498.218750
1841026284,92498.015625
1841066106,92498.281250
1841106002,92498.031250
1841146002,92497.234375
1841186002,92498.140625
1841226000,92498.421875
1841266000,92498.203125
1841306287,92497.968750
1841346111,92497.890625
1841386000,92498.781250
1841426002,92497.968750
1841466002,92498.515625
1841506000,92497.875000
1841545999,92498.531250
1841586368,92498.390625
1841626116,92498.281250
1841665999,92498.609375
1841706001,92498.625000
1841746002,92498.500000
1841786000,92497.859375
1841826000,92497.890625
1841866334,92498.093750
1841906115,92498.468750
1841945999,92497.937500
1841986005,92498.671875
1842026002,92497.390625
1842066001,92496.984375
1842106000,92498.390625
1842146294,92498.640625
1842186171,92498.312500
1842226000,92497.812500
1842266002,92498.843750
1842306000,92498.812500
1842346001,92498.109375
1842386004,92498.312500
1842426517,92498.343750
1842466117,92497.453125
1842505999,92497.781250
1842546000,92497.796875
1842586000,92498.093750
1842626003,92498.750000
1842666002,92498.203125
1842706335,92498.218750
1842748263,92499.312500
1842788010,92498.953125
1842828299,92498.906250
1842868118,92498.640625
1842908002,92498.062500
1842948000,92499.531250
1842988001,92498.796875
1843028002,92499.218750
1843068000,92499.968750
1843108432,92498.875000
1843148120,92499.468750
1843188000,92499.671875
1843228000,92499.421875
1843268002,92498.656250
1843308000,92499.718750
1843348002,92500.218750
1843388301,92499.343750
1843428123,92500.140625
1843468002,92500.218750
1843508002,92500.140625
1843548002,92499.609375
1843587999,92500.015625
1843628004,92499.734375
1843668302,92499.687500
1843708123,92499.468750
1843748001,92499.906250
1843787999,92500.312500
1843828002,92498.781250
1843868000,92498.937500
1843908003,92500.000000
1843948305,92499.453125
1843988127,92499.640625
1844028000,92499.984375
1844068001,92498.562500
1844108002,92499.406250
1844148001,92499.953125
1844188000,92499.796875
1844228305,92500.187500
1844268351,92499.828125
1844308001,92499.156250
1844348000,92499.609375
1844388000,92499.750000
1844428001,92498.671875
1844468001,92499.765625
1844508309,92499.906250
1844548129,92499.734375
1844590057,92499.640625
1844630262,92501.406250
1844670086,92499.734375
1844710000,92500.031250
1844750002,92500.046875
1844790000,92500.734375
1844830001,92500.187500
1844870444,92500.406250
1844910266,92500.343750
1844950224,92500.000000
1844990003,92500.093750
1845029999,92500.765625
1845070002,92500.656250
1845110001,92501.468750
1845150446,92500.781250
1845190268,92500.468750
1845230088,92500.546875
1845270002,92500.015625
1845310001,92500.531250
1845350002,92500.312500
1845390000,92500.531250
1845430445,92500.640625
1845470271,92500.765625
1845510094,92502.656250
1845550002,92500.437500
1845590003,92501.218750
1845630000,92501.437500
1845669999,92500.796875
1845710451,92500.359375
1845750270,92501.203125
1845790093,92500.921875
1845830002,92500.218750
1845869999,92501.406250
1845910000,92500.343750
1845950001,92501.015625
1845990451,92500.687500
1846030272,92500.906250
1846070094,92500.515625
1846110139,92500.187500
1846150001,92500.343750
1846190001,92499.921875
1846230000,92500.171875
1846270453,92499.015625
1846310276,92499.203125
1846350099,92499.750000
1846390002,92499.328125
1846431852,92499.171875
1846471001,92499.468750
1846511000,92498.031250
1846551001,92497.593750
1846591001,92498.609375
1846631431,92498.031250
1846671165,92498.421875
1846711001,92498.250000
1846751002,92498.546875
1846791000,92497.875000
1846831004,92498.062500
1846871002,92498.203125
1846911347,92498.093750
1846951167,92498.187500
1846991126,92498.046875
1847031000,92498.875000
1847070999,92498.500000
1847110999,92498.843750
1847151004,92499.281250
1847191348,92497.562500
1847231172,92498.593750
1847271001,92498.781250
1847310999,92499.015625
1847350999,92499.000000
1847391003,92498.890625
1847431001,92498.578125
1847471352,92498.703125
1847511174,92498.421875
1847551018,92499.000000
1847591001,92498.718750
1847631001,92497.843750
1847670999,92497.859375
1847711001,92498.562500
1847751356,92499.562500
1847791175,92498.078125
1847831003,92497.812500
1847871000,92498.718750
1847911000,92498.156250
1847951000,92498.828125
1847991000,92499.218750
1848031402,92498.718750
1848071179,92498.671875
1848111001,92498.500000
1848151046,92498.562500
1848191002,92499.500000
1848231002,92498.296875
1848271000,92499.375000
1848311356,92498.171875
1848351223,92499.140625
1848391000,92499.296875
1848431001,92498.875000
1848472754,92498.390625
1848512002,92500.437500
1848552002,92499.171875
1848592000,92498.875000
1848632424,92499.640625
1848672384,92499.015625
1848712070,92499.109375
1848752002,92499.781250
1848792000,92498.828125
1848832000,92499.140625
1848872002,92499.562500
1848912426,92499.828125
1848952253,92498.421875
1848992116,92500.125000
1849032030,92498.921875
1849072002,92499.203125
1849112002,92499.000000
1849152001,92499.796875
1849192430,92499.718750
1849232252,92499.312500
1849272077,92499.437500
1849311999,92498.984375
1849352000,92499.781250
1849392004,92498.703125
1849432000,92499.984375
1849472433,92499.703125
1849512256,92499.343750
1849552077,92499.859375
1849592002,92499.328125
1849632000,92499.296875
1849672001,92499.421875
1849712003,92499.312500
1849752433,92500.062500
1849792257,92499.531250
1849832083,92499.937500
1849872002,92498.703125
1849912000,92499.015625
1849952003,92499.390625
1849992002,92500.000000
1850032435,92500.000000
1850072260,92499.859375
1850112080,92499.515625
1850152001,92499.437500
1850191999,92499.906250
1850232001,92499.906250
1850272000,92500.125000
1850314547,92499.906250
1850354002,92499.000000
1850394000,92499.218750
1850434397,92499.703125
1850474218,92499.562500
1850514129,92499.734375
1850554001,92499.234375
1850594002,92498.828125
1850634001,92498.843750
1850674002,92499.687500
1850714397,92498.953125
1850754220,92499.640625
1850794042,92498.687500
1850834000,92498.687500
1850874002,92498.625000
1850914002,92499.062500
1850954001,92499.296875
1850994400,92499.500000
1851034222,92499.265625
1851074046,92498.640625
1851114000,92499.078125
1851154001,92499.859375
1851194001,92499.312500
1851234002,92499.453125
1851274447,92499.781250
1851314226,92499.750000
1851354045,92499.125000
1851394002,92499.375000
1851434000,92499.031250
1851474001,92498.734375
1851514002,92497.718750
1851554403,92498.359375
1851594273,92499.359375
1851634048,92498.812500
1851674003,92499.093750
1851714000,92499.078125
1851754002,92498.671875
1851794002,92498.406250
1851834627,92498.781250
1851874229,92499.015625
1851914097,92499.234375
1851954000,92498.828125
1851994000,92498.578125
1852034001,92498.906250
1852073999,92498.640625
1852114410,92499.078125
1852156338,92499.156250
1852196000,92499.468750
1852236368,92499.906250
1852276189,92498.625000
1852316009,92499.546875
1852356013,92499.578125
1852396002,92499.656250
1852435999,92499.468750
1852476002,92498.890625
1852516501,92498.078125
1852556190,92499.140625
1852596009,92499.015625
1852636002,92498.953125
1852676000,92497.968750
1852716000,92499.375000
1852756003,92499.000000
1852796369,92499.625000
1852836192,92499.093750
1852876018,92498.625000
1852916001,92498.546875
1852956002,92498.250000
1852996004,92498.406250
1853036001,92498.296875
1853076330,92498.734375
1853116153,92498.390625
1853156004,92499.406250
1853195999,92497.984375
1853236002,92498.796875
1853276002,92498.500000
1853316001,92497.984375
1853356334,92497.796875
1853396153,92498.609375
1853436000,92498.484375
1853476002,92498.593750
1853516001,92498.750000
1853556000,92498.437500
1853595999,92498.265625
1853636333,92498.890625
1853676376,92498.671875
1853716001,92498.203125
1853755999,92498.343750
1853796000,92497.656250
1853836000,92497.500000
1853876001,92497.968750
1853916337,92498.671875
1853956159,92498.031250
1853998088,92498.921875
1854038293,92498.906250
1854078113,92497.828125
1854118002,92497.484375
1854158000,92498.078125
1854198001,92497.062500
1854238002,92498.281250
1854278001,92498.609375
1854318296,92497.843750
1854358121,92497.984375
1854398002,92497.390625
1854438002,92496.906250
1854478000,92497.671875
1854517999,92496.281250
1854558002,92495.250000
1854598295,92495.531250
1854638120,92495.312500
1854678002,92494.453125
1854718003,92494.296875
1854758001,92493.078125
1854798000,92492.343750
1854838000,92491.500000
1854878298,92491.234375
1854918124,92489.953125
1854958000,92490.046875
1854998000,92489.859375
1855038002,92488.671875
1855078000,92488.593750
1855118001,92487.078125
1855158301,92486.437500
1855198124,92485.640625
1855238002,92485.609375
1855278002,92485.187500
1855318001,92485.296875
1855358001,92484.000000
1855398002,92483.546875
1855438305,92484.062500
1855478128,92483.296875
1855518172,92483.531250
1855558000,92483.015625
1855597999,92482.796875
1855638002,92483.750000
1855678002,92483.796875
1855718306,92483.671875
1855758133,92482.718750
1855798001,92484.265625
1855839894,92483.343750
1855879000,92483.093750
1855919001,92484.203125
1855959000,92482.968750
1855998999,92483.296875
1856039006,92483.265625
1856079198,92483.562500
1856119024,92482.578125
1856159001,92483.734375
1856199695,92482.031250
1856239000,92482.453125
1856279000,92482.421875
1856319381,92482.015625
1856359200,92482.671875
1856399024,92483.359375
1856439002,92482.218750
1856479002,92483.671875
1856519001,92483.609375
1856558999,92482.125000
1856599380,92483.656250
1856639206,92482.468750
1856679027,92483.328125
1856719001,92481.968750
1856759000,92483.843750
1856799003,92483.218750
1856839001,92483.046875
1856879383,92483.812500
1856919209,92484.531250
1856959030,92483.812500
1856999002,92484.437500
1857039000,92482.968750
1857079002,92483.453125
1857119002,92485.343750
1857159385,92484.906250
1857199209,92485.046875
1857239031,92484.593750
1857279002,92485.343750
1857319000,92484.390625
1857359001,92485.640625
1857399003,92486.296875
1857439436,92486.109375
1857479210,92485.656250
1857519035,92485.515625
1857559077,92486.140625
1857599004,92486.015625
1857639002,92486.796875
1857679000,92485.062500
1857719391,92485.890625
1857759256,92486.109375
1857799040,92485.640625
1857839001,92485.218750
1857880919,92485.453125
1857920000,92485.015625
1857959999,92485.781250
1857999999,92486.218750
1858040001,92484.937500
1858080501,92485.984375
1858120105,92486.234375
1858160000,92485.203125
1858200003,92484.453125
1858240001,92484.953125
1858279999,92485.515625
1858320002,92485.593750
1858360290,92484.468750
1858400152,92484.796875
1858440001,92484.656250
1858479999,92484.781250
1858520002,92484.843750
1858560000,92485.281250
1858600002,92484.671875
1858640293,92485.359375
1858680111,92485.125000
1858720000,92485.421875
1858760002,92485.421875
1858800042,92484.343750
1858840000,92485.187500
1858880000,92484.781250
1858920291,92485.140625
1858960115,92485.234375
1859000002,92483.937500
1859040000,92484.312500
1859080002,92484.578125
1859120000,92484.203125
1859160002,92484.890625
1859200294,92485.125000
1859240116,92484.687500
1859280002,92485.484375
1859320001,92485.234375
1859360002,92484.500000
1859400000,92485.781250
1859440001,92484.640625
1859480298,92484.390625
1859520119,92485.593750
1859560001,92484.812500
1859600013,92484.296875
1859640002,92484.984375
1859679999,92483.828125
1859720002,92484.687500
1859760296,92483.906250
1859800118,92483.609375
1859840002,92484.718750
1859880001,92484.156250
1859921693,92484.640625
1859961002,92485.078125
1860001001,92485.062500
1860041002,92483.812500
1860081366,92484.734375
1860121231,92483.796875
1860161014,92484.718750
1860202205,92484.234375
1860242000,92484.562500
1860282000,92483.968750
1860322001,92483.203125
1860362000,92484.234375
1860402002,92484.343750
1860442259,92483.734375
1860482083,92484.484375
1860522000,92483.828125
1860562001,92484.203125
1860602096,92484.140625
1860642000,92484.406250
1860682000,92484.453125
1860722262,92484.343750
1860762083,92483.546875
1860802000,92484.562500
1860842002,92485.312500
1860882000,92484.937500
1860921999,92485.046875
1860962002,92484.796875
1861002316,92484.984375
1861042089,92483.734375
1861082000,92484.171875
1861122000,92484.734375
1861162004,92484.781250
1861202000,92484.171875
1861242000,92484.875000
1861282267,92485.078125
1861322133,92485.000000
1861362002,92485.171875
1861403104,92484.187500
1861443002,92485.015625
1861483000,92484.500000
1861523000,92484.390625
1861564380,92484.265625
1861604000,92485.078125
1861644403,92484.390625
1861684228,92484.437500
1861724052,92484.812500
1861764005,92485.265625
1861804254,92485.062500
1861844000,92484.062500
1861884002,92486.093750
1861924408,92486.296875
1861964229,92484.546875
1862004052,92484.453125
1862044000,92484.296875
1862083999,92484.843750
1862124000,92485.468750
1862163999,92484.156250
1862204415,92484.421875
1862244235,92484.281250
1862284055,92483.796875
1862324002,92484.687500
1862364000,92484.046875
1862404067,92484.671875
1862444002,92483.921875
1862484413,92484.531250
1862524235,92484.656250
1862564055,92484.296875
1862604045,92484.437500
1862644001,92485.000000
1862684000,92483.562500
1862724002,92484.750000
1862764415,92484.921875
1862804236,92483.640625
1862844061,92484.812500
1862884000,92484.312500
1862924001,92484.609375
1862964002,92483.546875
1863004001,92485.250000
1863044418,92485.109375
1863084462,92484.468750
1863124063,92484.593750
1863164001,92485.031250
1863204255,92484.468750
1863244001,92485.453125
1863284002,92484.140625
1863324421,92485.218750
1863364243,92484.859375
1863407546,92484.265625
1863447001,92485.218750
1863487002,92484.515625
1863527267,92484.781250
1863567086,92485.296875
1863607226,92484.734375
1863647001,92484.781250
1863687001,92484.906250
1863727001,92485.171875
1863767000,92485.890625
1863807266,92484.953125
1863847096,92484.031250
1863887000,92484.156250
1863927000,92484.015625
1863967000,92484.437500
1864007002,92485.015625
1864047005,92484.609375
1864087270,92484.531250
1864127093,92484.421875
1864167001,92483.953125
1864207001,92485.156250
1864247000,92484.906250
1864287000,92485.312500
1864327006,92485.500000
1864367275,92485.281250
1864407097,92484.343750
1864447002,92484.906250
1864487000,92485.015625
1864527000,92485.078125
1864567002,92484.375000
1864606999,92485.000000
1864647276,92484.687500
1864687102,92484.750000
1864727145,92485.093750
1864767002,92485.640625
1864807000,92484.937500
1864847002,92485.390625
1864887003,92485.031250
1864927322,92485.187500
1864967104,92486.687500
1865007002,92485.765625
1865048855,92484.812500
1865088002,92484.437500
1865128000,92484.718750
1865168001,92485.000000
1865207999,92484.718750
1865248435,92485.359375
1865288172,92485.015625
1865328000,92484.093750
1865368001,92484.859375
1865408002,92485.765625
1865448000,92484.500000
1865487999,92484.484375
1865528352,92484.093750
1865568221,92484.984375
1865608000,92485.093750
1865647999,92485.734375
1865688000,92484.656250
1865727999,92484.203125
1865768002,92484.203125
1865808354,92484.187500
1865848176,92484.953125
1865888044,92483.468750
1865928001,92484.281250
1865968000,92484.765625
1866008000,92485.671875
1866048000,92484.593750
1866088356,92484.312500
1866128182,92485.406250
1866168001,92485.000000
1866208000,92484.718750
1866248001,92484.359375
1866288001,92485.203125
1866328000,92485.546875
1866368360,92485.265625
1866408181,92484.296875
1866448005,92484.953125
1866488001,92485.500000
1866528001,92485.156250
1866568001,92484.875000
1866608000,92485.328125
1866648362,92484.968750
1866688184,92485.468750
1866728012,92485.640625
1866768054,92485.312500
1866807999,92485.484375
1866847999,92484.984375
1866888001,92485.906250
1866928366,92486.234375
1866968190,92485.937500
1867008016,92485.140625
1867048001,92484.171875
1867089764,92485.296875
1867129000,92485.953125
1867169001,92484.921875
1867209000,92485.546875
1867249004,92486.312500
1867289306,92485.750000
1867329083,92485.796875
1867369003,92485.671875
1867409000,92486.062500
1867449000,92485.546875
1867489002,92486.125000
1867529003,92486.328125
1867569264,92485.593750
1867609086,92486.671875
1867649000,92486.296875
1867689000,92486.171875
1867729001,92486.343750
1867769002,92486.437500
1867809000,92485.953125
1867849267,92486.250000
1867889086,92485.906250
1867929000,92485.515625
1867969000,92486.281250
1868009000,92486.109375
1868049001,92486.187500
1868089002,92486.156250
1868129266,92486.109375
1868169089,92485.937500
1868208999,92486.078125
1868249002,92485.093750
1868289000,92485.296875
1868329002,92486.031250
1868369003,92485.343750
1868409273,92485.640625
1868449094,92485.687500
1868489001,92486.406250
1868529000,92486.171875
1868569000,92485.468750
1868609000,92486.546875
1868649005,92486.328125
1868689273,92486.171875
1868729096,92486.265625
1868769003,92486.203125
1868809001,92485.578125
1868849001,92485.375000
1868888999,92484.765625
1868929006,92485.625000
1868969275,92485.718750
1869009100,92484.578125
1869049000,92485.921875
1869089000,92485.796875
1869130673,92484.437500
1869170000,92485.390625
1869210002,92484.343750
1869250002,92484.890625
1869290346,92484.703125
1869330214,92485.531250
1869370013,92484.484375
1869410000,92484.546875
1869450001,92484.437500
1869490000,92484.046875
1869530000,92484.812500
1869570350,92484.203125
1869610174,92484.421875
1869650002,92484.812500
1869690002,92485.062500
1869730002,92483.468750
1869769999,92484.062500
1869810002,92484.187500
1869850354,92484.703125
1869890175,92484.546875
1869930003,92484.734375
1869970001,92483.656250
1870010001,92483.984375
1870050000,92483.718750
1870090001,92484.187500
1870130357,92483.828125
1870170179,92483.437500
1870210001,92483.437500
1870250002,92483.343750
1870290000,92483.671875
1870330000,92483.390625
1870370000,92484.203125
1870410404,92484.640625
1870450182,92483.656250
1870490005,92483.390625
1870530000,92484.828125
1870570002,92482.984375
1870610003,92483.078125
1870650000,92483.781250
1870690361,92482.578125
1870730229,92483.609375
1870770006,92482.687500
1870809999,92484.078125
1870850002,92482.500000
1870890002,92483.234375
1870930000,92482.546875
1870972472,92482.734375
1871012002,92483.375000
1871052001,92483.062500
1871092398,92483.156250
1871132143,92482.093750
1871172101,92483.015625
1871212001,92482.546875
1871252000,92483.281250
1871291999,92482.718750
1871332001,92482.031250
1871372322,92482.093750
1871412151,92481.171875
1871452002,92482.265625
1871492000,92482.828125
1871532000,92482.187500
1871572002,92482.500000
1871612001,92481.734375
1871652326,92482.593750
1871692162,92482.343750
1871732000,92482.281250
1871772002,92483.156250
1871812001,92481.984375
1871852002,92482.609375
1871891999,92481.890625
1871932328,92481.671875
1871972152,92481.687500
1872012003,92481.390625
1872051999,92481.593750
1872091999,92482.203125
1872132001,92481.406250
1872172002,92481.828125
1872212340,92482.125000
1872252155,92481.500000
1872292001,92481.390625
1872332002,92481.609375
1872372000,92481.656250
1872412001,92481.625000
1872452001,92480.812500
1872492636,92480.500000
1872532159,92481.546875
1872572000,92481.265625
1872612000,92480.500000
1872652001,92480.781250
1872692007,92479.609375
1872732000,92479.468750
1872772338,92479.203125
1872814271,92480.109375
1872854000,92479.281250
1872894296,92479.531250
1872934116,92479.828125
1872974000,92478.593750
1873014002,92479.578125
1873053999,92478.250000
1873094000,92478.515625
1873134001,92479.000000
1873174301,92478.015625
1873214121,92478.046875
1873254002,92477.343750
1873294005,92477.406250
1873334002,92477.812500
1873374001,92477.734375
1873414000,92477.843750
1873454299,92477.390625
1873494126,92476.953125
1873534002,92477.906250
1873574000,92476.531250
1873613999,92477.515625
1873653999,92477.078125
1873694001,92477.015625
1873734304,92476.406250
1873774126,92476.515625
1873814002,92475.953125
1873854001,92476.625000
1873894002,92475.812500
1873934002,92475.296875
1873974001,92475.437500
1874014309,92475.640625
1874054129,92474.968750
1874094000,92475.562500
1874134000,92474.609375
1874174002,92474.453125
1874214002,92476.000000
1874253999,92475.062500
1874294311,92474.109375
1874334353,92473.906250
1874374001,92474.500000
1874414000,92474.000000
1874454002,92473.843750
1874494002,92473.296875
1874534001,92473.546875
1874574317,92473.015625
1874614139,92472.531250
1874656066,92474.046875
1874696272,92473.156250
1874736091,92472.468750
1874776002,92472.000000
1874816002,92472.390625
1874855999,92471.890625
1874896000,92471.703125
1874936006,92470.750000
1874976318,92472.187500
1875016100,92470.609375
1875056000,92471.765625
1875096001,92471.359375
1875136002,92470.718750
1875176001,92470.109375
1875216530,92470.687500
1875256276,92470.546875
1875296145,92470.593750
1875336000,92470.843750
1875376002,92470.593750
1875416002,92469.890625
1875456000,92469.703125
1875496001,92469.875000
1875536279,92469.578125
1875576103,92470.453125
1875615999,92469.296875
1875656000,92468.890625
1875696002,92468.843750
1875736000,92468.734375
1875776001,92468.750000
1875816282,92467.843750
1875856111,92468.171875
1875895999,92469.093750
1875935999,92468.796875
1875976000,92467.671875
1876016001,92468.125000
1876056001,92467.484375
1876096285,92468.062500
1876136109,92467.875000
1876176153,92467.375000
1876216099,92467.062500
1876256001,92467.390625
1876296000,92467.265625
1876336001,92467.171875
1876376291,92467.000000
1876416265,92466.984375
1876456001,92466.140625
1876497866,92465.890625
1876537000,92466.109375
1876577001,92466.296875
1876617001,92466.625000
1876657000,92466.156250
1876697405,92465.062500
1876737182,92465.453125
1876777006,92464.515625
1876817001,92465.437500
1876857000,92464.093750
1876897000,92463.937500
1876937002,92463.765625
1876977367,92464.281250
1877017337,92463.750000
1877057011,92463.765625
1877097001,92464.031250
1877137001,92464.093750
1877177003,92464.312500
1877216999,92462.953125
1877257365,92463.781250
1877297189,92462.859375
1877337011,92462.062500
1877377002,92462.187500
1877417002,92462.187500
1877457002,92462.328125
1877497001,92462.328125
1877537368,92463.015625
1877577191,92462.968750
1877617014,92462.234375
1877656999,92462.156250
1877697001,92461.953125
1877737002,92462.156250
1877777002,92461.546875
1877817372,92462.453125
1877857203,92461.890625
1877897016,92461.500000
1877937002,92462.171875
1877977002,92460.781250
1878017002,92461.546875
1878057000,92462.703125
1878097378,92460.937500
1878137199,92461.171875
1878177023,92461.468750
1878217066,92461.218750
1878257002,92460.500000
1878297001,92460.359375
1878336999,92460.640625
1878377379,92460.750000
1878417205,92460.609375
1878457024,92460.562500
1878496999,92460.140625
1878538777,92461.078125
1878578002,92459.750000
1878618002,92460.734375
1878658001,92460.328125
1878698004,92460.156250
1878738319,92460.093750
1878778096,92458.984375
1878818000,92459.734375
1878858001,92459.515625
1878898002,92459.437500
1878938000,92459.906250
1878978007,92459.218750
1879018275,92459.062500
1879058097,92459.312500
1879098001,92458.234375
1879138001,92459.031250
1879178001,92458.906250
1879217999,92459.109375
1879258002,92459.015625
1879298279,92458.953125
1879338102,92458.859375
1879378000,92458.906250
1879418000,92457.906250
1879457999,92458.890625
1879498000,92458.640625
1879538002,92458.296875
1879578282,92457.343750
1879618106,92457.109375
1879658000,92457.078125
1879698000,92457.453125
1879738002,92457.500000
1879778002,92457.078125
1879818001,92457.015625
1879858290,92457.125000
1879898111,92456.750000
1879938001,92457.875000
1879978002,92457.765625
1880018002,92457.468750
1880058002,92457.312500
1880098002,92457.125000
1880138334,92457.343750
1880178111,92456.812500
1880218002,92456.234375
1880258002,92456.656250
1880297999,92456.437500
1880338002,92456.859375
1880378001,92455.156250
1880418295,92456.812500
1880458162,92456.359375
1880498000,92455.765625
1880538000,92455.812500
1880579689,92456.421875
1880619002,92456.484375
1880659000,92455.968750
1880699001,92456.750000
1880739364,92454.421875
1880779366,92455.781250
1880819009,92455.234375
1880859002,92456.359375
1880899002,92455.234375
1880939000,92456.500000
1880979001,92455.500000
1881019375,92456.062500
1881059190,92455.390625
1881099060,92455.468750
1881139000,92454.890625
1881179002,92455.453125
1881218999,92456.031250
1881259001,92454.593750
1881299374,92455.781250
1881339194,92455.953125
1881379017,92454.750000
1881418999,92455.281250
1881459001,92454.781250
1881499001,92454.593750
1881539001,92454.406250
1881579374,92454.781250
1881619198,92454.765625
1881659020,92455.671875
1881699000,92455.140625
1881739002,92454.546875
1881779001,92454.656250
1881819002,92454.859375
1881859385,92455.437500
1881899199,92454.093750
1881939023,92454.531250
1881979002,92454.906250
1882018999,92455.296875
1882059000,92455.328125
1882099002,92455.375000
1882139381,92455.000000
1882179207,92455.140625
1882219028,92454.359375
1882259002,92455.484375
1882299001,92453.359375
1882339004,92455.187500
1882379004,92453.734375
1882421494,92454.250000
1882461002,92455.234375
1882501001,92454.765625
1882541341,92454.718750
1882581163,92454.750000
1882621032,92454.687500
1882661000,92455.156250
1882701002,92455.484375
1882741001,92454.140625
1882781002,92455.562500
1882821347,92455.125000
1882861169,92455.234375
1882901001,92454.562500
1882941001,92455.187500
1882981000,92454.531250
1883021002,92455.359375
1883061001,92455.562500
1883101348,92455.453125
1883141169,92454.843750
1883181015,92455.953125
1883221000,92454.906250
1883261000,92455.062500
1883301002,92455.281250
1883341002,92456.109375
1883381397,92455.859375
1883421172,92455.515625
1883461003,92454.968750
1883501001,92456.578125
1883541002,92456.703125
1883581000,92454.906250
1883621002,92455.796875
1883661354,92456.968750
1883701224,92456.453125
1883741000,92456.593750
1883781000,92456.500000
1883821001,92457.015625
1883861000,92457.406250
1883901000,92457.875000
1883941579,92457.171875
1883981183,92456.546875
1884021053,92457.250000
1884061000,92457.406250
1884101002,92457.640625
1884141001,92456.687500
1884181001,92457.375000
1884221362,92457.125000
1884263293,92457.375000
1884303000,92456.703125
1884343319,92458.031250
1884383141,92457.500000
1884423001,92457.812500
1884463002,92457.765625
1884503000,92458.437500
1884543001,92458.203125
1884583001,92458.265625
1884623324,92458.625000
1884663147,92459.218750
1884703001,92458.921875
1884743001,92458.687500
1884783003,92458.890625
1884823000,92459.515625
1884862999,92459.406250
1884903325,92459.593750
1884943151,92459.828125
1884983001,92459.781250
1885023001,92461.015625
1885063000,92460.109375
1885103002,92460.765625
1885143002,92460.312500
1885183329,92461.421875
1885223154,92459.875000
1885263001,92460.703125
1885303001,92460.593750
1885342999,92460.671875
1885383002,92460.437500
1885423000,92460.093750
1885463331,92460.265625
1885503155,92461.828125
1885543001,92460.875000
1885583002,92461.046875
1885623001,92462.843750
1885663000,92461.843750
1885703003,92462.296875
1885743336,92463.109375
1885783380,92462.406250
1885823001,92462.812500
1885862999,92463.015625
1885903000,92463.000000
1885943002,92463.031250
1885983001,92463.578125
1886023340,92463.437500
1886063163,92464.812500
1886105094,92465.171875
1886145298,92464.937500
1886185120,92465.250000
1886225001,92464.656250
1886265001,92465.421875
1886305002,92464.718750
1886345001,92465.656250
1886385000,92465.656250
1886425300,92465.359375
1886465126,92465.468750
1886505000,92465.140625
1886545003,92465.265625
1886585004,92466.375000
1886625002,92466.890625
1886665002,92466.843750
1886705304,92467.078125
1886745127,92467.812500
1886785002,92468.234375
1886824999,92468.031250
1886864999,92466.890625
1886905001,92468.562500
1886945000,92468.015625
1886985311,92467.953125
1887025138,92469.468750
1887065000,92468.812500
1887105000,92468.531250
1887145001,92469.343750
1887185000,92468.843750
1887225002,92469.484375
1887265311,92469.515625
1887305136,92469.656250
1887345000,92469.843750
1887385001,92469.921875
1887425000,92470.750000
1887465002,92470.750000
1887505001,92470.265625
1887545317,92470.640625
1887585141,92471.015625
1887625183,92470.437500
1887665001,92471.078125
1887705001,92471.968750
1887745002,92471.968750
1887784999,92471.953125
1887825319,92471.890625
1887865140,92472.296875
1887905000,92473.031250
1887946894,92474.218750
1887986002,92473.359375
1888026001,92474.312500
1888066001,92473.687500
1888106002,92474.609375
1888146009,92474.703125
1888186211,92474.750000
1888226039,92474.515625
1888266000,92475.437500
1888306001,92476.343750
1888346000,92476.437500
1888385999,92475.468750
1888426393,92476.343750
1888466214,92475.359375
1888506037,92476.000000
1888546001,92477.375000
1888586000,92476.593750
1888626002,92475.578125
1888666002,92476.609375
1888706396,92476.640625
1888746221,92476.937500
1888786042,92476.734375
1888826000,92477.390625
1888865999,92477.843750
1888906001,92477.390625
1888946001,92477.781250
1888986402,92477.453125
1889026222,92477.609375
1889066046,92477.625000
1889106000,92477.312500
1889146001,92477.718750
1889186001,92478.015625
1889226000,92478.859375
1889266406,92478.156250
1889306229,92478.921875
1889346050,92478.296875
1889386000,92479.046875
1889426000,92478.750000
1889466002,92479.437500
1889506000,92479.046875
1889546453,92479.453125
1889586232,92479.656250
1889626054,92480.078125
1889666097,92479.296875
1889706002,92480.625000
1889746002,92480.781250
1889786000,92480.046875
1889826413,92480.203125
1889866278,92480.218750
1889906059,92480.640625
1889945999,92480.203125
1889987809,92480.484375
1890027001,92480.843750
1890067002,92480.187500
1890106999,92480.531250
1890147002,92480.765625
1890187480,92480.796875
1890227130,92481.046875
1890267001,92480.609375
1890307000,92480.812500
1890347002,92481.750000
1890387000,92481.546875
1890427002,92481.765625
1890467307,92481.187500
1890507178,92480.968750
1890547002,92482.171875
1890587002,92482.296875
1890627002,92482.015625
1890667002,92482.343750
1890707001,92482.000000
1890747316,92481.734375
1890787137,92482.500000
1890827005,92482.234375
1890867000,92481.531250
1890907000,92482.015625
1890946999,92481.500000
1890987000,92481.296875
1891027320,92482.250000
1891067140,92482.109375
1891107001,92481.671875
1891147002,92481.734375
1891187001,92481.328125
1891227000,92481.750000
1891267002,92480.875000
1891307324,92480.546875
1891347145,92480.812500
1891387001,92481.125000
1891427001,92480.453125
1891467002,92480.546875
1891507002,92480.312500
1891547000,92480.156250
1891587326,92480.500000
1891627150,92481.078125
1891666999,92481.171875
1891707015,92481.171875
1891747000,92479.875000
1891787000,92480.687500
1891827001,92481.078125
1891867327,92480.687500
1891907153,92481.343750
1891947001,92480.781250
1891987001,92479.687500
1892028725,92480.609375
1892068002,92480.281250
1892108001,92480.187500
1892148002,92481.093750
1892188403,92479.968750
1892228263,92481.187500
1892268043,92480.984375
1892308002,92481.093750
1892348000,92481.921875
1892388001,92481.078125
1892427999,92481.343750
1892468404,92481.218750
1892508226,92480.921875
1892548050,92480.625000
1892588000,92481.453125
1892627999,92481.500000
1892668003,92481.484375
1892708002,92481.109375
1892748407,92481.000000
1892788233,92480.781250
1892828052,92480.500000
1892868000,92480.531250
1892908000,92480.359375
1892948002,92481.234375
1892988000,92481.187500
1893028413,92481.234375
1893068235,92481.640625
1893108055,92481.031250
1893148008,92480.218750
1893188002,92481.390625
1893228002,92481.031250
1893267999,92481.390625
1893308413,92481.421875
1893348366,92481.984375
1893388058,92481.234375
1893428000,92481.312500
1893468000,92481.187500
1893508001,92482.390625
1893548000,92480.984375
1893588421,92481.593750
1893628243,92481.468750
1893668065,92480.750000
1893707999,92481.656250
1893747999,92481.687500
1893788002,92482.078125
1893828000,92481.234375
1893870527,92482.015625
1893910002,92483.078125
1893950001,92482.578125
1893990379,92481.953125
1894030202,92482.750000
1894070112,92482.593750
1894110002,92481.625000
1894150000,92483.140625
1894189999,92483.078125
1894230002,92482.984375
1894270384,92483.000000
1894310206,92482.937500
1894350157,92483.656250
1894390003,92484.125000
1894430002,92483.187500
1894470005,92483.734375
1894510001,92483.671875
1894550516,92483.765625
1894590211,92483.703125
1894630033,92483.937500
1894670001,92484.062500
1894710002,92483.937500
1894750002,92483.781250
1894790000,92483.812500
1894830392,92483.015625
1894870216,92483.296875
1894910037,92483.671875
1894949999,92483.265625
1894990001,92483.046875
1895030001,92482.156250
1895070001,92481.671875
1895110395,92482.625000
1895150215,92481.781250
1895190038,92482.218750
1895230002,92481.828125
1895270000,92482.687500
1895310001,92482.015625
1895349999,92481.218750
1895390619,92482.265625
1895430223,92481.859375
1895470042,92481.687500
1895510001,92481.984375
1895550002,92481.953125
1895590003,92481.468750
1895630001,92481.390625
1895670402,92481.109375
1895712330,92481.468750
1895752002,92481.156250
1895792358,92481.625000
1895832187,92480.968750
1895872004,92481.250000
1895912000,92481.312500
1895952000,92481.437500
1895991999,92481.343750
1896032000,92481.484375
1896072363,92481.515625
1896112185,92481.421875
1896152009,92480.281250
1896192002,92480.984375
1896232001,92480.906250
1896272002,92480.609375
1896312000,92480.046875
1896352413,92481.796875
1896392190,92480.437500
1896432013,92480.703125
1896472001,92480.656250
1896512000,92480.468750
1896552000,92479.750000
1896592002,92480.843750
1896632369,92479.875000
1896672236,92481.156250
1896712016,92480.937500
1896752001,92481.062500
1896792000,92480.703125
1896832002,92479.875000
1896872000,92480.390625
1896912378,92479.968750
1896952199,92480.562500
1896992067,92480.093750
1897032005,92479.343750
1897072000,92479.765625
1897112002,92481.218750
1897152002,92480.765625
1897192383,92481.312500
1897232424,92481.218750
1897272025,92480.906250
1897312001,92481.140625
1897351999,92482.000000
1897392000,92481.109375
1897432002,92481.140625
1897472382,92480.656250
1897512206,92480.203125
1897554138,92480.046875
1897594342,92481.453125
1897634167,92480.296875
1897674002,92480.750000
1897714000,92481.078125
1897754000,92481.609375
1897794000,92481.734375
1897834001,92481.015625
1897874348,92482.156250
1897914168,92481.406250
1897954014,92481.578125
1897993999,92481.109375
1898034001,92482.234375
1898074002,92481.406250
1898114002,92480.984375
1898154349,92480.437500
1898194172,92480.906250
1898234000,92481.734375
1898274000,92481.031250
1898314000,92480.421875
1898354002,92480.250000
1898394001,92481.625000
1898434349,92481.515625
1898474172,92482.031250
1898514001,92480.890625
1898554002,92480.531250
1898594002,92481.578125
1898634000,92481.109375
1898674000,92481.109375
1898714357,92479.687500
1898754182,92480.750000
1898794002,92481.609375
1898834001,92480.781250
1898873999,92480.812500
1898914002,92481.078125
1898954000,92480.875000
1898994359,92480.984375
1899034182,92480.812500
1899074226,92481.093750
1899114000,92481.625000
1899153999,92480.140625
1899194000,92480.390625
1899234002,92480.828125
1899274411,92480.484375
1899314188,92481.531250
1899354009,92481.421875
1899395938,92480.546875
1899435000,92481.078125
1899475000,92481.203125
1899515002,92481.125000
1899555002,92481.562500
1899595054,92482.171875
1899635261,92480.906250
1899675081,92481.546875
1899715001,92480.921875
1899755001,92481.796875
1899795002,92482.046875
1899835000,92481.890625
1899874999,92481.781250
1899915310,92482.093750
1899955089,92481.546875
1899995002,92483.031250
1900035001,92482.390625
1900075002,92481.843750
1900115001,92481.328125
1900155002,92482.296875
1900195266,92482.125000
1900235136,92481.062500
1900275001,92482.218750
1900315002,92482.093750
1900355001,92481.500000
1900395000,92481.890625
1900435000,92481.234375
1900475269,92482.578125
1900515092,92481.468750
1900555001,92481.484375
1900595002,92482.359375
1900635001,92481.687500
1900675001,92482.531250
1900715003,92481.812500
1900755277,92482.046875
1900795098,92481.593750
1900835000,92482.921875
1900875000,92482.093750
1900915002,92481.968750
1900955001,92481.875000
1900995001,92481.718750
1901035280,92482.015625
1901075102,92481.921875
1901115147,92482.843750
1901155002,92482.171875
1901195000,92481.671875
1901235001,92482.593750
1901275002,92482.609375
1901315281,92482.390625
1901355106,92482.312500
1901395002,92481.406250
1901436861,92482.484375
1901476000,92481.734375
1901516000,92481.468750
1901556002,92481.765625
1901596004,92481.828125
1901636403,92481.984375
1901676175,92481.937500
1901716000,92482.093750
1901755999,92481.750000
1901796001,92480.937500
1901835999,92481.734375
1901875999,92481.890625
1901916358,92481.921875
1901956184,92482.406250
1901996003,92481.890625
1902036002,92482.437500
1902076002,92482.687500
1902115999,92482.781250
1902155999,92481.984375
1902196362,92481.921875
1902236185,92481.968750
1902276010,92481.609375
1902316002,92482.187500
1902356000,92482.156250
1902396003,92481.875000
1902436000,92482.843750
1902476365,92481.828125
1902516190,92482.109375
1902556011,92482.296875
1902596000,92482.062500
1902636000,92482.984375
1902676000,92482.140625
1902716001,92482.625000
1902756371,92482.578125
1902796194,92482.640625
1902836018,92481.968750
1902876001,92482.765625
1902916001,92482.203125
1902956000,92482.781250
1902996002,92482.812500
1903036375,92482.250000
1903076199,92483.640625
1903116019,92483.484375
1903156065,92482.281250
1903195999,92483.390625
1903236001,92483.953125
1903276001,92483.171875
1903316377,92483.468750
1903356204,92483.515625
1903396022,92484.328125
1903436002,92484.031250
1903477776,92483.953125
1903517001,92484.406250
1903557004,92483.359375
1903597000,92483.609375
1903637004,92483.078125
1903677313,92483.546875
1903717093,92483.171875
1903757002,92481.921875
1903797002,92483.484375
1903837001,92483.218750
1903877001,92482.828125
1903916999,92483.281250
1903957276,92482.718750
1903997101,92483.375000
1904037001,92482.812500
1904077001,92483.906250
1904117002,92482.531250
1904157005,92483.296875
1904197001,92483.046875
1904237279,92483.140625
1904277103,92483.296875
1904317002,92483.531250
1904357002,92483.312500
1904397003,92483.328125
1904437002,92483.187500
1904477002,92483.812500
1904517283,92483.031250
1904557107,92483.562500
1904597000,92483.328125
1904637002,92483.734375
1904677002,92483.390625
1904717001,92484.062500
1904757000,92483.281250
1904797291,92484.468750
1904837116,92483.671875
1904877002,92483.765625
1904917000,92484.750000
1904957002,92484.296875
1904997000,92485.218750
1905037001,92485.046875
1905077336,92484.250000
1905117116,92485.203125
1905157003,92483.562500
1905197014,92483.984375
1905236999,92483.593750
1905277001,92484.125000
1905317001,92484.203125
1905357296,92483.765625
1905397167,92483.578125
1905437001,92484.234375
1905477001,92483.609375
1905518694,92483.546875
1905558003,92484.875000
1905598002,92485.078125
1905638001,92484.843750
1905678370,92484.562500
1905718279,92485.468750
1905758018,92485.453125
1905797999,92484.875000
1905838001,92486.312500
1905878001,92485.515625
1905918001,92486.140625
1905958371,92486.750000
1905998195,92486.390625
1906038062,92487.640625
1906078000,92486.937500
1906118000,92487.343750
1906158004,92487.328125
1906198000,92488.140625
1906238375,92487.187500
1906278197,92488.062500
1906318023,92489.140625
1906358001,92489.671875
1906398000,92489.875000
1906437999,92490.515625
1906478001,92490.703125
1906518381,92491.781250
1906558203,92491.531250
1906598025,92492.125000
1906638001,92492.953125
1906678002,92494.406250
1906718003,92494.562500
1906758003,92494.703125
1906798384,92493.953125
1906838207,92495.718750
1906878028,92495.218750
1906918001,92494.812500
1906957999,92496.500000
1906998002,92496.609375
1907038000,92496.046875
1907078391,92495.765625
1907118213,92496.140625
1907158038,92496.140625
1907197999,92496.359375
1907238002,92496.843750
1907278000,92496.921875
1907318002,92495.656250
1907360500,92496.781250
1907400000,92497.468750
1907440002,92496.218750
1907480352,92496.578125
1907520171,92496.609375
1907560129,92497.484375
1907600000,92496.859375
1907640001,92497.625000
1907680001,92497.312500
1907720000,92496.953125
1907760354,92496.484375
1907800177,92496.062500
1907840000,92496.875000
1907880000,92496.390625
1907920002,92496.796875
1907960000,92496.250000
1908000000,92496.718750
1908040359,92497.031250
1908080184,92496.953125
1908120006,92497.562500
1908159999,92497.703125
1908200004,92496.750000
1908240001,92497.703125
1908280002,92496.734375
1908320410,92497.125000
1908360184,92498.046875
1908400010,92497.093750
1908440000,92497.390625
1908480001,92496.843750
1908519999,92497.359375
1908560002,92497.937500
1908600367,92497.093750
1908640241,92497.687500
1908680014,92496.906250
1908720001,92497.343750
1908760002,92497.859375
1908800000,92496.906250
1908840001,92496.984375
1908880593,92498.140625
1908920196,92497.656250
1908960064,92496.312500
1909000001,92497.734375
1909040001,92496.640625
1909080002,92496.750000
1909120002,92497.000000
1909160377,92497.046875
1909202304,92496.500000
1909242001,92497.671875
1909282331,92497.437500
1909322155,92497.562500
1909362001,92497.750000
1909403160,92497.703125
1909443001,92498.031250
1909483002,92496.812500
1909523000,92497.593750
1909563000,92497.968750
1909603388,92497.671875
1909643274,92497.265625
1909683053,92497.250000
1909723002,92496.953125
1909763000,92497.437500
1909803551,92497.250000
1909843000,92497.328125
1909883411,92497.437500
1909923231,92497.453125
1909963098,92497.390625
1910003913,92497.171875
1910043000,92496.984375
1910083000,92496.734375
1910123000,92497.328125
1910163419,92497.375000
1910203061,92497.734375
1910243097,92496.359375
1910283001,92496.625000
1910323000,92497.312500
1910363002,92496.453125
1910403765,92497.750000
1910443462,92497.687500
1910483417,92496.812500
1910523327,92497.843750
1910563000,92497.390625
1910603001,92497.546875
1910643002,92497.875000
1910683001,92497.796875
1910723465,92497.109375
1910763290,92497.906250
1910803115,92496.312500
1910845052,92497.593750
1910885247,92497.953125
1910925069,92497.625000
1910965001,92497.312500
1911005004,92497.156250
1911044999,92497.187500
1911085001,92497.703125
1911125429,92497.203125
1911165254,92497.375000
1911205073,92498.156250
1911245003,92497.406250
1911284999,92497.468750
1911325000,92497.250000
1911365002,92498.046875
1911405430,92496.625000
1911445259,92497.359375
1911485079,92497.750000
1911525001,92497.125000
1911565001,92498.187500
1911605041,92497.015625
1911645001,92496.843750
1911685436,92497.562500
1911725261,92497.437500
1911765080,92497.078125
1911805000,92497.109375
1911844999,92497.765625
1911885001,92497.406250
1911925001,92497.687500
1911965444,92497.843750
1912005270,92497.359375
1912045088,92497.484375
1912085061,92496.781250
1912125001,92497.625000
1912165000,92497.812500
1912205004,92497.093750
1912245491,92497.781250
1912285420,92497.437500
1912325224,92497.328125
1912365138,92497.375000
1912405004,92497.500000
1912445003,92497.578125
1912484999,92497.390625
1912525450,92497.468750
1912565316,92497.968750
1912605095,92497.250000
1912645002,92497.625000
1912686848,92496.765625
1912726002,92498.343750
1912766002,92497.203125
1912805999,92497.203125
1912846002,92497.250000
1912886480,92498.312500
1912926166,92498.093750
1912966013,92498.078125
1913006001,92498.406250
1913046003,92497.000000
1913086000,92497.125000
1913126000,92497.515625
1913166352,92497.546875
1913206216,92497.875000
1913245999,92497.500000
1913286001,92498.296875
1913326002,92497.515625
1913366001,92498.484375
1913406000,92496.921875
1913446352,92497.593750
1913486176,92497.218750
1913526044,92497.890625
1913566000,92498.250000
1913606002,92497.109375
1913646002,92497.609375
1913686002,92497.671875
1913726358,92496.828125
1913766182,92497.531250
1913806001,92497.250000
1913846003,92497.406250
1913886002,92497.046875
1913926001,92498.109375
1913966000,92497.125000
1914006359,92497.062500
1914046183,92497.812500
1914086008,92497.421875
1914126000,92497.578125
1914166001,92497.500000
1914206001,92497.843750
1914246002,92498.250000
1914286367,92497.421875
1914326191,92497.921875
1914366146,92497.468750
1914406056,92497.953125
1914446002,92497.515625
1914486000,92497.781250
1914526001,92496.843750
1914566369,92498.234375
1914606195,92497.796875
1914646017,92498.812500
1914686001,92497.812500
1914727766,92497.812500
1914767002,92498.234375
1914807000,92497.500000
1914847001,92497.984375
1914887440,92496.937500
1914927352,92497.609375
1914967087,92497.843750
1915007002,92497.375000
1915047002,92497.531250
1915087000,92497.515625
1915127002,92497.921875
1915167446,92497.593750
1915207267,92497.093750
1915247093,92498.093750
1915286999,92496.031250
1915327000,92497.453125
1915367000,92497.421875
1915407000,92497.562500
1915447450,92496.640625
1915487274,92497.390625
1915527097,92498.140625
1915567001,92497.468750
1915607000,92497.687500
1915647002,92496.968750
1915687002,92496.984375
1915727455,92498.406250
1915767278,92497.562500
1915807102,92497.890625
1915847000,92497.343750
1915887000,92496.890625
1915927001,92497.625000
1915967001,92497.531250
1916007458,92497.171875
1916047285,92496.875000
1916087107,92497.812500
1916127002,92497.375000
1916167002,92497.703125
1916207004,92497.687500
1916247002,92496.984375
1916287466,92498.375000
1916327287,92496.828125
1916367110,92498.421875
1916407069,92497.812500
1916447003,92497.546875
1916487002,92498.328125
1916527001,92497.375000
1916569574,92498.406250
1916609565,92496.656250
1916649001,92497.812500
1916689427,92497.453125
1916729249,92497.390625
1916769299,92496.546875
1916809028,92497.031250
1916849001,92497.078125
1916889000,92497.453125
1916929002,92497.125000
1916969429,92497.281250
1917009256,92497.140625
1917049075,92497.812500
1917089001,92497.000000
1917129001,92496.609375
1917169000,92497.640625
1917209002,92496.921875
1917249435,92497.796875
1917289257,92496.812500
1917329080,92496.687500
1917369002,92497.140625
1917409803,92496.218750
1917449001,92497.734375
1917489000,92497.281250
1917529441,92496.968750
1917569263,92497.093750
1917609087,92497.125000
1917649000,92497.171875
1917689000,92497.078125
1917729001,92496.671875
1917769000,92496.968750
1917809452,92496.437500
1917849273,92497.031250
1917889092,92496.906250
1917929002,92497.406250
1917969002,92496.750000
1918009002,92496.937500
1918049001,92497.625000
1918089670,92497.187500
1918129269,92495.781250
1918169095,92497.359375
1918209000,92497.296875
1918249000,92496.859375
1918289000,92496.890625
1918329002,92496.531250
1918369454,92497.890625
1918411397,92497.703125
1918451001,92497.328125
1918491412,92497.046875
1918531233,92497.625000
1918571057,92497.406250
1918611219,92496.984375
1918651002,92497.390625
1918691000,92497.000000
1918731000,92497.390625
1918771416,92497.265625
1918811112,92496.703125
1918851065,92496.343750
1918891002,92498.046875
1918931000,92497.875000
1918971000,92497.468750
1919011002,92496.593750
1919051466,92497.250000
1919091243,92496.937500
1919131068,92496.937500
1919171002,92497.640625
1919211303,92497.078125
1919251002,92496.078125
1919290999,92497.406250
1919331427,92496.765625
1919371292,92497.203125
1919411070,92497.109375
1919451000,92497.187500
1919491000,92497.421875
1919531000,92496.562500
1919571001,92496.093750
1919611431,92496.156250
1919651254,92496.500000
1919691120,92496.609375
1919731000,92497.218750
1919771000,92497.140625
1919811002,92497.156250
1919851004,92496.906250
1919891571,92496.687500
1919931480,92497.265625
1919971079,92497.093750
1920010999,92497.140625
1920051002,92496.859375
1920091002,92497.093750
1920131002,92497.812500
1920171439,92496.062500
1920211262,92496.609375
1920253193,92496.031250
1920293397,92496.359375
1920333218,92497.062500
1920373043,92497.015625
1920413000,92497.015625
1920453001,92496.250000
1920493001,92496.578125
1920533002,92496.187500
1920573400,92496.671875
1920613223,92497.125000
1920653048,92497.171875
1920693000,92496.125000
1920733002,92496.125000
1920773000,92496.468750
1920813000,92496.437500
1920853404,92497.375000
1920893230,92496.875000
1920933051,92496.343750
1920973001,92496.843750
1921013005,92496.718750
1921053000,92496.796875
1921093002,92496.453125
1921133411,92497.687500
1921173233,92496.968750
1921213058,92496.812500
1921253001,92497.109375
1921293002,92497.343750
1921333000,92496.281250
1921373001,92497.578125
1921413415,92496.921875
1921453240,92496.875000
1921493062,92497.406250
1921533002,92496.406250
1921573000,92496.703125
1921613001,92497.156250
1921653001,92496.343750
1921693420,92496.859375
1921733378,92496.656250
1921773289,92496.578125
1921813002,92496.281250
1921852999,92496.234375
1921892999,92497.218750
1921933001,92496.531250
1921973470,92497.156250
1922013058,92496.984375
1922053073,92496.531250
1922095001,92496.562500
1922135207,92496.328125
1922175028,92497.125000
1922215002,92496.468750
1922255002,92496.375000
1922295002,92497.109375
1922335001,92497.312500
1922375387,92496.234375
1922415215,92497.000000
1922455034,92496.437500
1922495002,92496.093750
1922535001,92496.125000
1922575003,92496.562500
1922615001,92496.812500
1922655391,92496.375000
1922695212,92496.750000
1922735039,92495.937500
1922775003,92496.593750
1922814999,92496.625000
1922855000,92497.187500
1922895002,92496.500000
1922935398,92496.546875
1922975218,92496.515625
1923015042,92496.593750
1923055002,92495.984375
1923095001,92496.343750
1923135001,92496.484375
1923175001,92497.046875
1923215406,92495.734375
1923255223,92496.531250
1923295048,92497.437500
1923335002,92497.484375
1923375002,92496.078125
1923415002,92497.218750
1923455002,92495.640625
1923495407,92496.734375
1923535230,92496.453125
1923575187,92496.171875
1923615096,92496.765625
1923655002,92496.906250
1923695002,92495.953125
1923735002,92496.656250
1923775410,92496.078125
1923815232,92495.921875
1923855059,92496.156250
1923895000,92496.500000
1923936808,92496.250000
1923976002,92496.390625
1924016001,92496.203125
1924056002,92496.093750
1924095999,92495.671875
1924136393,92495.640625
1924176128,92496.296875
1924216002,92496.187500
1924256001,92496.734375
1924296002,92496.875000
1924336002,92496.203125
1924376001,92495.640625
1924416311,92495.734375
1924456134,92496.281250
1924496000,92496.375000
1924536002,92496.281250
1924576001,92496.375000
1924616000,92496.703125
1924656003,92495.531250
1924696315,92496.796875
1924736138,92495.781250
1924776001,92495.531250
1924816001,92496.031250
1924856002,92496.406250
1924896000,92495.765625
1924936007,92496.453125
1924976318,92496.453125
1925016144,92496.328125
1925056002,92496.437500
1925096002,92497.250000
1925136002,92496.437500
1925176001,92496.296875
1925216002,92496.234375
1925256322,92496.140625
1925296148,92496.296875
1925336001,92495.953125
1925376002,92496.312500
1925416000,92496.546875
1925456000,92495.187500
1925496001,92496.375000
1925536374,92495.953125
1925576154,92495.640625
1925616111,92495.828125
1925656022,92496.812500
1925696000,92496.671875
1925736000,92496.187500
1925776000,92495.937500
1925816333,92496.093750
1925856204,92496.156250
1925896002,92495.734375
1925936000,92496.812500
1925977733,92496.265625
1926017001,92497.125000
1926057003,92495.546875
1926096999,92495.734375
1926137404,92496.421875
1926177454,92495.609375
1926217051,92495.890625
1926256999,92495.687500
1926297000,92496.593750
1926337000,92495.171875
1926377001,92495.968750
1926417410,92496.625000
1926457234,92496.250000
1926497101,92495.609375
1926537001,92495.781250
1926577000,92495.390625
1926617001,92495.828125
1926657002,92495.281250
1926697416,92496.421875
1926737238,92495.687500
1926777060,92494.921875
1926817000,92495.796875
1926857001,92496.296875
1926897002,92495.437500
1926937000,92496.281250
1926977421,92495.984375
1927017244,92495.484375
1927057067,92495.531250
1927097000,92495.562500
1927137002,92495.843750
1927177000,92496.625000
1927217002,92494.421875
1927257424,92494.937500
1927297248,92495.515625
1927337069,92495.890625
1927377001,92495.343750
1927416999,92496.531250
1927457002,92495.703125
1927497003,92495.937500
1927537431,92495.390625
1927577251,92495.968750
1927617076,92496.078125
1927657031,92495.765625
1927697001,92496.046875
1927737002,92496.390625
1927777001,92495.625000
1927819544,92496.093750
1927858999,92494.468750
1927898999,92495.437500
1927939393,92495.609375
1927979214,92495.343750
1928019130,92495.312500
1928059000,92496.078125
1928099002,92494.984375
1928139001,92495.671875
1928179001,92495.140625
1928219398,92494.921875
1928259218,92495.015625
1928299043,92495.609375
1928339000,92494.953125
1928378999,92495.687500
1928419001,92495.640625
1928459000,92495.515625
1928499403,92495.343750
1928539223,92494.750000
1928579046,92495.359375
1928619002,92495.609375
1928659000,92495.140625
1928699001,92495.609375
1928739000,92495.437500
1928779450,92495.328125
1928819231,92495.062500
1928859051,92494.968750
1928899000,92495.796875
1928938999,92495.046875
1928979001,92496.328125
1929019002,92495.781250
1929059415,92494.906250
1929099280,92495.890625
1929139057,92495.875000
1929179004,92495.421875
1929218999,92495.062500
1929259001,92495.656250
1929299001,92494.921875
1929339639,92495.140625
1929379239,92494.968750
1929419236,92495.015625
1929459002,92495.578125
1929499000,92496.421875
1929539002,92495.421875
1929579005,92495.687500
1929619547,92495.125000
1929661354,92495.234375
1929701000,92495.015625
1929741379,92495.515625
1929781204,92495.968750
1929821026,92495.500000
1929861026,92495.281250
1929901000,92495.140625
1929941003,92495.203125
1929981000,92496.015625
1930021383,92494.859375
1930061205,92494.890625
1930101030,92495.031250
1930141002,92496.328125
1930181001,92495.406250
1930220999,92494.859375
1930261000,92495.781250
1930301389,92494.687500
1930341211,92495.750000
1930381032,92495.093750
1930421000,92495.687500
1930460999,92495.296875
1930501000,92493.875000
1930541001,92495.750000
1930581393,92495.218750
1930621342,92495.328125
1930661039,92494.375000
1930701000,92495.125000
1930741001,92495.250000
1930781003,92495.000000
1930821000,92494.921875
1930861400,92494.703125
1930901220,92495.484375
1930941045,92494.812500
1930981002,92495.093750
1931020999,92495.484375
1931061001,92495.609375
1931101002,92495.234375
1931141539,92494.796875
1931181447,92495.234375
1931221048,92494.968750
1931261001,92495.437500
1931301002,92494.812500
1931341001,92494.968750
1931381003,92494.984375
1931421415,92494.343750
1931461233,92494.703125
1931503161,92494.937500
1931543367,92495.984375
1931583189,92495.718750
1931623137,92494.843750
1931663002,92496.093750
1931703000,92495.062500
1931743001,92494.781250
1931782999,92495.375000
1931823500,92494.703125
1931863195,92495.296875
1931903017,92495.609375
1931943000,92495.203125
1931983002,92495.453125
1932023000,92494.703125
1932063000,92494.468750
1932103375,92495.328125
1932143200,92495.546875
1932183021,92494.890625
1932223002,92495.156250
1932263000,92494.968750
1932303000,92494.750000
1932343000,92495.328125
1932383381,92494.843750
1932423204,92494.812500
1932463027,92495.093750
1932503000,92495.265625
1932543001,92495.359375
1932583001,92494.734375
1932623000,92495.218750
1932663385,92495.296875
1932703210,92494.593750
1932743031,92495.343750
1932783001,92495.843750
1932823002,92495.437500
1932863000,92495.734375
1932903001,92494.796875
1932943390,92495.359375
1932983349,92494.515625
1933023256,92494.984375
1933063000,92494.984375
1933103002,92494.968750
1933143000,92495.062500
1933182999,92495.562500
1933223397,92495.968750
1933263220,92495.531250
1933303043,92495.593750
1933344972,92494.828125
1933383999,92495.187500
1933424002,92494.765625
1933464003,92494.796875
1933504001,92496.296875
1933544087,92494.984375
1933584289,92495.296875
1933624111,92495.328125
1933664000,92495.187500
1933704000,92494.171875
1933744002,92495.750000
1933784001,92494.859375
1933824003,92494.984375
1933864298,92494.734375
1933904119,92495.968750
1933944000,92495.453125
1933984002,92495.453125
1934024001,92494.546875
1934064002,92496.140625
1934104000,92495.171875
1934144302,92495.234375
1934184123,92494.421875
1934223999,92495.328125
1934264003,92495.828125
1934304001,92495.437500
1934344000,92494.656250
1934384003,92495.140625
1934424305,92495.109375
1934464130,92496.281250
1934504000,92495.265625
1934544002,92494.281250
1934584000,92495.671875
1934624000,92494.796875
1934664002,92494.187500
1934704313,92494.921875
1934744136,92494.703125
1934784000,92494.546875
1934824002,92495.656250
1934864002,92495.640625
1934904000,92496.125000
1934944005,92495.734375
1934984314,92496.218750
1935024278,92495.140625
1935064184,92495.031250
1935104000,92494.734375
1935144001,92495.140625
1935184000,92495.359375
1935224001,92494.875000
1935264363,92495.187500
1935304144,92494.906250
1935344001,92495.234375
1935385897,92494.500000
1935425002,92494.703125
1935465000,92496.000000
1935505001,92494.953125
1935545001,92495.296875
1935585012,92494.234375
1935625216,92495.156250
1935665040,92495.625000
1935704999,92495.421875
1935745001,92495.671875
1935785004,92494.640625
1935825001,92496.234375
1935865402,92494.562500
1935905278,92495.000000
1935945046,92495.484375
1935985004,92495.484375
1936025004,92495.515625
1936065000,92495.765625
1936105001,92494.812500
1936145404,92496.000000
1936185225,92494.687500
1936225093,92495.125000
1936265002,92495.765625
1936305001,92494.781250
1936345000,92495.546875
1936385002,92494.671875
1936425408,92494.546875
1936465231,92493.265625
1936505066,92495.843750
1936545002,92494.625000
1936585001,92496.109375
1936625001,92495.453125
1936665001,92495.968750
1936705490,92496.250000
1936745237,92495.109375
1936785059,92495.750000
1936825001,92495.796875
1936864999,92494.734375
1936905002,92495.375000
1936945000,92494.968750
1936985421,92494.468750
1937025241,92495.796875
1937065204,92495.140625
1937105122,92495.406250
1937145002,92495.109375
1937185000,92496.328125
1937225001,92495.375000
1937265423,92495.750000
1937305257,92495.000000
1937345071,92495.671875
1937385000,92496.187500
1937426822,92494.921875
1937465999,92495.578125
1937506000,92496.015625
1937545999,92495.562500
1937586007,92495.140625
1937626409,92495.109375
1937666143,92495.062500
1937706001,92495.359375
1937746001,92496.015625
1937786000,92494.812500
1937826002,92495.109375
1937866002,92495.437500
1937906324,92495.953125
1937946148,92495.906250
1937986001,92495.687500
1938026000,92496.468750
1938066000,92495.750000
1938106002,92495.765625
1938146001,92496.265625
1938186327,92495.562500
1938226150,92495.843750
1938266001,92495.890625
1938306002,92495.000000
1938346002,92496.203125
1938386001,92495.046875
1938426002,92496.000000
1938466335,92495.015625
1938506156,92495.296875
1938546001,92494.593750
1938586001,92495.015625
1938625999,92494.671875
1938666000,92495.015625
1938706002,92496.078125
1938746338,92496.593750
1938786161,92495.281250
1938826000,92496.203125
1938866001,92495.562500
1938906002,92496.109375
1938945999,92495.343750
1938986001,92495.953125
1939026344,92495.906250
1939066167,92495.968750
1939106124,92496.125000
1939146036,92495.640625
1939186000,92496.296875
1939226002,92495.718750
1939266000,92496.078125
1939306350,92496.140625
1939346172,92495.812500
1939386018,92495.390625
1939426002,92496.078125
1939467745,92495.875000
1939507001,92495.593750
1939547002,92496.234375
1939587001,92496.578125
1939627422,92495.984375
1939667332,92495.234375
1939707066,92496.109375
1939747000,92496.515625
1939786999,92496.312500
1939827002,92495.859375
1939867001,92495.906250
1939907428,92496.546875
1939947249,92496.468750
1939987072,92496.750000
1940027002,92496.234375
1940067001,92496.812500
1940107002,92495.593750
1940147001,92495.546875
1940187435,92496.390625
1940227255,92496.734375
1940267079,92496.578125
1940307000,92496.328125
1940347002,92495.781250
1940387000,92496.187500
1940427002,92496.312500
1940467436,92496.250000
1940507258,92496.296875
1940547080,92495.921875
1940587002,92495.953125
1940627002,92496.953125
1940667001,92495.625000
1940707000,92496.171875
1940747444,92496.953125
1940787260,92495.906250
1940827046,92495.671875
1940867000,92496.625000
1940907000,92495.546875
1940947002,92496.984375
1940987000,92496.828125
1941027405,92496.406250
1941067271,92495.765625
1941107050,92496.687500
1941147002,92496.734375
1941187000,92495.953125
1941227003,92496.515625
1941267001,92496.437500
1941309514,92495.421875
1941349000,92496.890625
1941389000,92496.125000
1941429369,92495.218750
1941469191,92495.562500
1941509054,92496.734375
1941549000,92496.703125
1941589001,92496.515625
1941629001,92496.109375
1941669002,92496.968750
1941709373,92495.593750
1941749194,92496.546875
1941789021,92496.062500
1941829002,92496.421875
1941869002,92496.031250
1941909000,92494.765625
1941949002,92495.046875
1941989377,92495.281250
1942029199,92495.203125
1942069020,92494.265625
1942109002,92493.640625
1942149001,92494.078125
1942188999,92493.421875
1942229001,92491.640625
1942269383,92491.921875
1942309202,92490.859375
1942349030,92490.531250
1942389001,92489.031250
1942429002,92489.750000
1942469003,92486.250000
1942509001,92487.203125
1942549389,92486.781250
1942589210,92485.734375
1942629031,92485.031250
1942669001,92484.140625
1942709002,92483.062500
1942749000,92483.171875
1942789000,92482.500000
1942829616,92482.421875
1942869216,92482.750000
1942909052,92482.312500
1942949001,92482.343750
1942988999,92481.468750
1943028999,92481.609375
1943068999,92481.234375
1943109412,92480.484375
1943151331,92479.781250
1943191001,92480.109375
1943231361,92480.250000
1943271181,92480.578125
1943311004,92480.437500
1943351001,92479.796875
1943391002,92480.562500
1943431002,92480.906250
1943471000,92480.437500
1943511362,92481.437500
1943551196,92480.531250
1943591009,92481.000000
1943631000,92481.390625
1943671002,92481.296875
1943711000,92480.781250
1943751001,92481.906250
1943791369,92479.968750
1943831189,92481.609375
1943871012,92481.312500
1943911000,92482.281250
1943951000,92481.703125
1943990999,92480.515625
1944031002,92481.531250
1944071374,92481.875000
1944111195,92480.906250
1944151018,92482.515625
1944191002,92481.703125
1944231002,92481.734375
1944271001,92481.062500
1944311002,92482.359375
1944351376,92481.343750
1944391203,92482.171875
1944431025,92482.312500
1944471001,92481.656250
1944511002,92482.140625
1944551003,92481.531250
1944590999,92481.421875
1944631390,92481.375000
1944671428,92481.781250
1944711029,92480.562500
1944751000,92481.234375
1944791002,92480.640625
1944831001,92481.156250
1944871001,92481.468750
1944911388,92481.218750
1944951212,92480.921875
1944993140,92481.687500
1945033348,92481.718750
1945073168,92481.468750
1945113002,92481.468750
1945153000,92482.843750
1945192999,92482.015625
1945233001,92481.640625
1945273001,92482.234375
1945313398,92481.937500
1945353175,92481.609375
1945393019,92481.171875
1945433002,92482.328125
1945473002,92481.640625
1945513001,92482.687500
1945553002,92482.000000
1945593358,92482.453125
1945633230,92483.765625
1945673002,92482.812500
1945712999,92483.546875
1945753001,92484.265625
1945793002,92483.437500
1945833001,92484.359375
1945873362,92484.937500
1945913184,92484.171875
1945953053,92485.593750
1945993004,92485.609375
1946033002,92487.328125
1946072999,92486.093750
1946113002,92487.125000
1946153367,92486.421875
1946193194,92486.687500
1946233016,92486.765625
1946273002,92487.625000
1946313000,92488.843750
1946353002,92488.234375
1946393000,92487.812500
1946433374,92488.000000
1946473196,92488.562500
1946513238,92489.546875
1946553002,92488.562500
1946593000,92488.984375
1946633000,92488.453125
1946673000,92488.312500
1946713376,92488.078125
1946753355,92489.234375
1946793026,92489.437500
1946834955,92489.906250
1946873999,92489.406250
1946914001,92490.484375
1946954002,92489.625000
1946994002,92491.421875
1947034070,92490.828125
1947074275,92489.875000
1947114097,92489.984375
1947154072,92490.625000
1947194001,92489.484375
1947234001,92489.296875
1947274002,92490.125000
1947314001,92491.250000
1947354431,92490.703125
1947394101,92491.171875
1947434000,92490.906250
1947474001,92491.515625
1947514000,92491.203125
1947554001,92490.609375
1947594001,92491.500000
1947634284,92490.781250
1947674106,92492.328125
1947714003,92491.468750
1947754000,92490.937500
1947794001,92491.578125
1947834001,92493.078125
1947874001,92493.234375
1947914291,92493.578125
1947954112,92492.953125
1947994002,92492.734375
1948034002,92493.390625
1948074002,92493.796875
1948114000,92492.093750
1948154001,92493.703125
1948194295,92493.937500
1948234118,92493.593750
1948274000,92493.046875
1948314001,92493.062500
1948354000,92493.828125
1948393999,92493.796875
1948434002,92494.375000
1948474299,92495.546875
1948514125,92495.578125
1948554170,92495.203125
1948594001,92495.031250
1948634002,92495.359375
1948673999,92495.218750
1948714002,92495.281250
1948754305,92495.218750
1948794127,92495.500000
1948834000,92495.515625
1948875879,92496.062500
1948915002,92495.781250
1948955000,92495.734375
1948995002,92496.687500
1949035002,92496.953125
1949075423,92497.703125
1949115201,92495.796875
1949155025,92497.031250
1949195000,92497.671875
1949235000,92496.656250
1949275002,92496.937500
1949315000,92496.156250
1949355384,92496.359375
1949395209,92496.406250
1949435030,92497.390625
1949475002,92497.140625
1949515002,92498.312500
1949555002,92498.140625
1949595003,92498.343750
1949635391,92498.718750
1949675211,92498.625000
1949715037,92497.750000
1949754999,92498.671875
1949795000,92498.921875
1949835000,92498.406250
1949875000,92498.812500
1949915395,92498.687500
1949955218,92500.046875
1949995040,92499.843750
1950035002,92499.609375
1950075002,92499.687500
1950115000,92500.312500
1950155002,92499.453125
1950195400,92500.500000
1950235223,92501.125000
1950275048,92501.062500
1950314999,92500.875000
1950355000,92500.875000
1950395002,92501.125000
1950435001,92501.500000
1950475449,92501.171875
1950515228,92500.906250
1950555050,92501.453125
1950595098,92500.718750
1950635000,92501.046875
1950675000,92501.859375
1950714999,92501.500000
1950755412,92501.281250
1950795276,92501.843750
1950835058,92501.843750
1950875000,92501.875000
1950916808,92502.015625
1950956001,92503.140625
1950996001,92502.625000
1951036002,92503.359375
1951076000,92503.078125
1951116394,92503.593750
1951156131,92502.578125
1951196001,92503.656250
1951236000,92503.625000
1951275999,92502.984375
1951316000,92503.296875
1951356001,92502.750000
1951396313,92503.406250
1951436136,92503.328125
1951476001,92503.234375
1951516002,92504.328125
1951555999,92503.218750
1951596000,92504.843750
1951636001,92504.859375
1951676318,92505.015625
1951716143,92504.781250
1951756010,92504.546875
1951796000,92505.015625
1951836000,92504.562500
1951876001,92505.750000
1951916003,92506.062500
1951956323,92506.078125
1951996148,92505.140625
1952036002,92506.484375
1952076000,92507.437500
1952116002,92506.250000
1952156001,92506.625000
1952196001,92507.093750
1952236328,92506.953125
1952276150,92506.312500
1952316000,92505.921875
1952356002,92505.093750
1952396001,92506.156250
1952436002,92505.296875
1952476002,92505.578125
1952516335,92505.875000
1952556159,92505.828125
1952596001,92505.968750
1952636027,92505.734375
1952676000,92506.890625
1952716003,92505.578125
1952756001,92506.781250
1952796339,92505.984375
1952836163,92506.359375
1952876000,92506.156250
1952916002,92506.984375
1952957737,92506.109375
1952997002,92505.859375
1953037001,92506.796875
1953077000,92506.015625
1953117413,92506.031250
1953157280,92505.812500
1953197058,92506.453125
1953237002,92506.671875
1953277000,92505.718750
1953317002,92507.171875
1953357002,92507.437500
1953397417,92505.640625
1953437241,92506.718750
1953477063,92506.656250
1953517002,92506.515625
1953557003,92506.593750
1953597001,92506.656250
1953637001,92506.062500
1953677425,92505.937500
1953717246,92506.546875
1953757069,92505.234375
1953797000,92506.734375
1953837001,92506.703125
1953877000,92507.062500
1953916999,92507.281250
1953957426,92507.578125
1953997249,92507.640625
1954037073,92507.593750
1954077000,92507.062500
1954117001,92506.218750
1954156999,92506.843750
1954197001,92506.390625
1954237003,92507.062500
1954277256,92507.421875
1954317079,92507.687500
1954357001,92508.000000
1954397002,92507.953125
1954437001,92508.640625
1954477000,92508.890625
1954517001,92508.500000
1954557261,92508.343750
1954597089,92507.343750
1954637000,92507.734375
1954677002,92508.171875
1954716999,92507.734375
1954757001,92506.625000
1954797002,92507.390625
1954837268,92507.468750
1954877094,92506.875000
1954917002,92507.078125
1954956999,92507.781250
1954998665,92507.109375
1955038000,92507.109375
1955078001,92507.125000
1955118001,92507.531250
1955158342,92506.625000
1955198295,92506.984375
1955238000,92506.500000
1955278001,92506.656250
1955318002,92506.390625
1955358002,92506.468750
1955398003,92506.171875
1955438345,92506.406250
1955478168,92506.437500
1955518001,92506.203125
1955557999,92507.015625
1955598001,92506.796875
1955638001,92507.000000
1955678001,92507.125000
1955718350,92506.781250
1955758178,92506.625000
1955798019,92506.390625
1955838002,92505.687500
1955878001,92506.468750
1955918002,92505.265625
1955958003,92505.078125
1955998360,92505.750000
1956038181,92506.390625
1956078002,92505.859375
1956118001,92504.656250
1956158002,92505.828125
1956198001,92507.062500
1956238002,92505.828125
1956278408,92506.140625
1956318187,92505.968750
1956358013,92506.875000
1956398003,92506.265625
1956438001,92505.796875
1956478002,92505.906250
1956518000,92506.250000
1956558370,92505.421875
1956598234,92505.984375
1956638013,92505.921875
1956678002,92506.406250
1956718002,92506.250000
1956758000,92506.000000
1956798000,92506.140625
1956840481,92505.843750
1956879999,92505.578125
1956920001,92505.125000
1956960330,92505.234375
1957000154,92505.015625
1957040026,92504.718750
1957079999,92504.828125
1957120001,92505.078125
1957160001,92505.546875
1957200000,92505.171875
1957240336,92505.046875
1957280162,92505.656250
1957320000,92505.046875
1957360002,92505.312500
1957400000,92504.921875
1957440001,92505.812500
1957479999,92505.218750
1957520345,92505.328125
1957560166,92504.703125
1957600011,92504.906250
1957640002,92504.937500
1957680002,92504.859375
1957720002,92504.734375
1957760001,92504.593750
1957800350,92504.640625
1957840177,92504.843750
1957880011,92504.984375
1957920002,92505.546875
1957960000,92505.406250
1958000002,92504.984375
1958040001,92504.656250
1958080355,92504.703125
1958120178,92504.687500
1958160002,92504.296875
1958200001,92504.843750
1958240002,92504.750000
1958280001,92503.765625
1958320001,92503.781250
1958360581,92503.796875
1958400182,92505.109375
1958440011,92505.703125
1958480002,92504.906250
1958520001,92504.390625
1958560001,92504.593750
1958600002,92504.265625
1958640363,92505.109375
1958682293,92504.640625
1958722001,92505.078125
1958762322,92505.656250
1958802149,92504.546875
1958841999,92505.109375
1958882000,92504.812500
1958922001,92504.656250
1958962000,92504.359375
1959002000,92504.312500
1959042333,92505.031250
1959082151,92504.218750
1959122000,92504.515625
1959162000,92504.984375
1959202003,92504.796875
1959242001,92505.750000
1959282002,92505.234375
1959322333,92504.656250
1959362157,92503.859375
1959402002,92503.875000
1959442002,92503.687500
1959482000,92504.171875
1959522000,92503.906250
1959562001,92504.375000
1959602339,92504.296875
1959642163,92503.718750
1959682002,92504.015625
1959722000,92502.812500
1959762002,92504.250000
1959802003,92504.500000
1959842000,92504.500000
1959882348,92504.187500
1959922169,92504.562500
1959962013,92504.250000
1960002002,92504.781250
1960042001,92504.046875
1960082002,92504.781250
1960122001,92505.093750
1960162351,92503.875000
1960202400,92504.781250
1960241999,92505.140625
1960282002,92504.484375
1960322001,92504.968750
1960362004,92505.250000
1960402000,92504.750000
1960442358,92505.203125
1960482182,92504.671875
1960524109,92504.796875
1960564316,92504.593750
1960604141,92504.468750
1960643999,92504.375000
1960684002,92504.531250
1960724001,92504.531250
1960764001,92503.921875
1960804001,92504.031250
1960844364,92505.515625
1960884142,92504.718750
1960924000,92505.109375
1960964002,92504.781250
1961004001,92504.765625
1961044001,92505.437500
1961084002,92505.718750
1961124326,92504.062500
1961164194,92505.593750
1961204001,92505.390625
1961244000,92504.734375
1961284000,92504.875000
1961324003,92504.531250
1961364005,92504.859375
1961404332,92505.515625
1961444156,92505.546875
1961484021,92505.312500
1961524002,92505.468750
1961563999,92505.281250
1961604000,92505.968750
1961643999,92505.453125
1961684338,92505.796875
1961724163,92505.921875
1961764009,92505.062500
1961804001,92504.703125
1961843999,92505.312500
1961884001,92504.515625
1961924000,92504.890625
1961964343,92505.546875
1962004167,92504.390625
1962044211,92505.062500
1962084001,92505.671875
1962124001,92505.875000
1962164001,92505.546875
1962204000,92505.015625
1962244350,92504.968750
1962284173,92505.578125
1962324000,92505.968750
1962365928,92503.562500
1962405001,92506.156250
1962445002,92504.687500
1962485001,92504.875000
1962525000,92504.750000
1962565044,92504.593750
1962605244,92505.968750
1962645067,92506.125000
1962685000,92506.359375
1962725000,92505.687500
1962765001,92505.609375
1962805004,92505.359375
1962845002,92504.546875
1962885253,92505.062500
1962925073,92504.328125
1962965002,92504.937500
1963005004,92505.390625
1963045000,92503.953125
1963085000,92504.187500
1963125001,92504.062500
1963165257,92504.187500
1963205080,92503.734375
1963245002,92504.500000
1963285001,92503.937500
1963325001,92504.093750
1963365000,92504.531250
1963405002,92503.187500
1963445265,92502.671875
1963485212,92503.078125
1963524999,92502.984375
1963565000,92504.218750
1963605002,92502.421875
1963645002,92503.968750
1963685001,92501.796875
1963725271,92502.234375
1963765092,92501.625000
1963805000,92503.812500
1963845001,92503.656250
1963885000,92502.296875
1963925002,92503.125000
1963965004,92503.000000
1964005278,92503.078125
1964045105,92502.765625
1964085140,92502.234375
1964125000,92503.593750
1964164999,92503.000000
1964205001,92502.359375
1964245001,92502.031250
1964285280,92502.328125
1964325102,92501.140625
1964365001,92501.156250
1964406858,92500.843750
1964446002,92501.421875
1964486003,92500.859375
1964526002,92501.140625
1964566000,92501.531250
1964606488,92501.062500
1964646177,92501.859375
1964686004,92501.265625
1964726001,92501.656250
1964766000,92501.671875
1964806002,92502.187500
1964846000,92501.203125
1964886358,92501.515625
1964926185,92501.437500
1964966005,92501.140625
1965006002,92501.703125
1965046001,92501.265625
1965086002,92501.734375
1965126000,92500.859375
1965166369,92500.953125
1965206189,92500.968750
1965246010,92501.609375
1965286002,92501.453125
1965326001,92501.281250
1965366004,92501.515625
1965406000,92500.625000
1965446371,92501.125000
1965486193,92501.093750
1965526019,92500.328125
1965566000,92500.203125
1965606004,92500.562500
1965646002,92501.000000
1965686002,92501.484375
1965726380,92501.500000
1965766200,92501.484375
1965806024,92501.421875
1965845999,92501.093750
1965886001,92500.578125
1965926000,92501.640625
1965966000,92500.593750
1966006427,92499.953125
1966046207,92500.453125
1966086031,92500.968750
1966126076,92499.390625
1966166002,92500.281250
1966205999,92499.921875
1966246002,92499.984375
1966286391,92500.031250
1966326260,92500.171875
1966366035,92500.125000
1966406004,92499.203125
1966447790,92500.859375
1966487000,92499.437500
1966527000,92500.281250
1966567000,92499.234375
1966607002,92499.640625
1966647380,92499.593750
1966687110,92498.718750
1966727002,92499.562500
1966767000,92499.015625
1966807001,92498.968750
1966847000,92499.500000
1966887002,92499.312500
1966927293,92500.125000
1966967159,92499.875000
1967007000,92499.578125
1967047000,92499.812500
1967087001,92499.921875
1967127001,92500.515625
1967167001,92500.562500
1967207299,92500.390625
1967247122,92500.671875
1967287002,92500.296875
1967327005,92500.500000
1967367001,92500.000000
1967407003,92499.734375
1967446999,92500.265625
1967487305,92500.375000
1967527126,92501.046875
1967567001,92501.203125
1967607000,92501.640625
1967647001,92501.156250
1967687003,92501.109375
1967727002,92501.593750
1967767311,92501.109375
1967807133,92501.343750
1967847000,92501.375000
1967887002,92501.765625
1967927002,92501.500000
1967967000,92501.906250
1968007000,92501.125000
1968047316,92501.125000
1968087138,92502.062500
1968127002,92502.500000
1968167007,92503.203125
1968207000,92502.625000
1968247001,92502.406250
1968287002,92502.078125
1968327322,92502.343750
1968367147,92502.500000
1968407000,92502.812500
1968446999,92502.687500
1968488719,92503.906250
1968528000,92503.828125
1968568002,92505.875000
1968608000,92504.890625
1968648394,92505.750000
1968688261,92507.312500
1968728039,92507.390625
1968768000,92507.968750
1968808001,92507.875000
1968848002,92508.218750
1968888002,92509.484375
1968928402,92508.875000
1968968224,92510.859375
1969008045,92511.703125
1969048002,92510.796875
1969088001,92511.953125
1969128000,92512.203125
1969167999,92512.609375
1969208406,92511.453125
1969248232,92513.328125
1969288052,92512.843750
1969328001,92512.531250
1969368001,92513.343750
1969408000,92512.781250
1969448002,92511.968750
1969488412,92512.218750
1969528238,92513.125000
1969568058,92511.875000
1969607999,92512.203125
1969648000,92511.937500
1969688000,92511.765625
1969728000,92512.187500
1969768420,92512.234375
1969809278,92511.828125
1969849314,92512.125000
1969889179,92512.468750
1969929000,92512.609375
1969969001,92511.906250
1970009000,92511.546875
1970049002,92511.906250
1970089001,92512.359375
1970131426,92512.062500
1970171000,92512.812500
1970211004,92512.578125
1970251273,92512.234375
1970291099,92512.656250
1970331002,92512.125000
1970370999,92512.406250
1970411001,92512.140625
1970451002,92511.968750
1970491002,92511.906250
1970531279,92512.468750
1970571104,92512.343750
1970611000,92511.781250
1970651002,92512.328125
1970690999,92511.671875
1970731001,92512.531250
1970770999,92512.859375
1970811287,92512.500000
1970851109,92512.359375
1970891002,92512.093750
1970931001,92512.390625
1970970999,92511.656250
1971011001,92511.968750
1971050999,92512.359375
1971091292,92512.093750
1971131115,92511.812500
1971171001,92512.078125
1971211001,92511.890625
1971251002,92511.578125
1971291000,92512.187500
1971331002,92511.734375
1971371299,92512.000000
1971411122,92512.187500
1971451000,92512.109375
1971491003,92511.687500
1971531002,92511.781250
1971571002,92512.906250
1971611000,92512.609375
1971651528,92512.406250
1971691127,92511.609375
1971731000,92512.484375
1971771002,92512.890625
1971811004,92512.640625
1971851001,92512.609375
1971891002,92512.640625
1971931310,92513.421875
1971973239,92514.109375
1972013000,92513.125000
1972053312,92513.453125
1972093127,92513.250000
1972133000,92514.031250
1972173020,92513.937500
1972213001,92513.437500
1972253002,92513.921875
1972293005,92513.875000
1972333316,92513.984375
1972373139,92514.000000
1972413002,92513.625000
1972453001,92513.328125
1972493000,92513.734375
1972533001,92513.875000
1972573002,92513.750000
1972613326,92514.109375
1972653146,92513.906250
1972693002,92514.171875
1972733001,92513.703125
1972773002,92514.390625
1972813001,92514.062500
1972853000,92514.171875
1972893333,92513.921875
1972933153,92514.328125
1972973112,92514.437500
1973013002,92514.328125
1973053000,92513.718750
1973093000,92513.875000
1973132999,92513.718750
1973173338,92514.484375
1973213163,92513.781250
1973252999,92514.281250
1973293000,92514.031250
1973333001,92514.046875
1973373001,92515.078125
1973413004,92514.187500
1973453343,92514.562500
1973493386,92514.921875
1973533001,92513.640625
1973573002,92513.546875
1973613001,92513.625000
1973653002,92514.187500
1973693000,92515.078125
1973733351,92513.875000
1973773171,92514.828125
1973815101,92515.109375
1973855308,92515.062500
1973895129,92514.234375
1973935002,92513.734375
1973975001,92512.781250
1974015000,92514.234375
1974055001,92513.859375
1974095000,92513.375000
1974135359,92513.875000
1974175135,92513.671875
1974215001,92514.234375
1974255002,92513.531250
1974295001,92513.484375
1974334999,92514.687500
1974375005,92514.375000
1974415321,92513.093750
1974455188,92513.890625
1974495001,92514.500000
1974535000,92513.296875
1974575000,92513.578125
1974615000,92513.843750
1974655003,92513.390625
1974695326,92512.765625
1974735150,92513.640625
1974775018,92513.296875
1974814999,92513.109375
1974855002,92513.046875
1974895000,92513.203125
1974935000,92512.703125
1974975332,92512.515625
1975015155,92512.593750
1975055001,92513.171875
1975095000,92513.031250
1975135000,92512.953125
1975175001,92513.093750
1975215000,92512.531250
1975255339,92513.859375
1975295163,92512.515625
1975335207,92512.109375
1975375004,92512.687500
1975415000,92512.312500
1975455001,92511.812500
1975495002,92512.671875
1975535345,92512.750000
1975575166,92512.437500
1975615010,92513.000000
1975656927,92512.734375
1975696002,92511.765625
1975736000,92512.187500
1975776000,92512.609375
1975816002,92511.984375
1975856034,92512.484375
1975896240,92512.234375
1975936065,92512.109375
1975976002,92512.359375
1976016002,92511.562500
1976056002,92513.000000
1976096000,92512.421875
1976136426,92512.250000
1976176246,92512.250000
1976216069,92512.078125
1976256000,92512.406250
1976296000,92512.125000
1976335999,92512.781250
1976376005,92512.375000
1976417459,92512.109375
1976457001,92512.312500
1976497323,92512.265625
1976537145,92512.796875
1976576999,92511.562500
1976617821,92512.078125
1976657002,92512.375000
1976697002,92511.781250
1976737002,92511.921875
1976777327,92511.531250
1976818521,92512.031250
1976858220,92512.281250
1976898043,92511.578125
1976937999,92512.015625
1976978002,92512.531250
1977018001,92511.703125
1977058000,92512.093750
1977100510,92512.156250
1977139999,92511.515625
1977180002,92512.984375
1977220359,92512.437500
1977260182,92512.125000
1977300095,92512.062500
1977340002,92512.093750
1977380000,92512.250000
1977420001,92512.468750
1977460001,92512.078125
1977500364,92512.437500
1977540191,92511.796875
1977580012,92511.656250
1977620427,92512.109375
1977660000,92511.828125
1977700001,92511.312500
1977740001,92511.875000
1977780371,92511.593750
1977820197,92512.265625
1977860017,92512.031250
1977899999,92511.921875
1977940001,92512.203125
1977979999,92512.031250
1978020001,92512.015625
1978060425,92512.250000
1978100338,92512.046875
1978140027,92511.515625
1978180004,92511.406250
1978220002,92512.171875
1978260000,92512.328125
1978300002,92511.578125
1978340383,92512.328125
1978380252,92511.843750
1978420037,92511.125000
1978460002,92512.812500
1978500000,92512.984375
1978540002,92511.968750
1978580000,92512.250000
1978620613,92511.656250
1978660217,92511.906250
1978700084,92512.578125
1978740002,92511.656250
1978780002,92512.484375
1978820000,92512.703125
1978860000,92512.546875
1978900399,92511.906250
1978942329,92512.187500
1978982000,92513.312500
1979022429,92512.578125
1979062178,92511.718750
1979102004,92512.781250
1979142000,92513.531250
1979182004,92512.718750
1979222000,92513.296875
1979261999,92513.187500
1979302363,92513.625000
1979342185,92512.890625
1979382009,92512.671875
1979422000,92512.171875
1979461999,92513.531250
1979502002,92513.000000
1979542000,92513.203125
1979582368,92513.921875
1979622203,92514.125000
1979662021,92513.859375
1979702002,92513.296875
1979742000,92513.765625
1979782002,92513.359375
1979822002,92513.796875
1979862382,92514.000000
1979902199,92513.859375
1979942157,92514.281250
1979982001,92513.343750
1980022623,92513.921875
1980062002,92513.875000
1980102000,92514.093750
1980142384,92513.312500
1980182204,92514.125000
1980222043,92514.015625
1980262002,92513.328125
1980302000,92514.281250
1980342002,92514.296875
1980382000,92514.171875
1980422460,92513.437500
1980462435,92515.078125
1980502036,92514.500000
1980542002,92514.093750
1980582000,92514.312500
1980622000,92513.765625
1980662001,92514.218750
1980702396,92514.437500
1980742218,92514.296875
1980784147,92514.281250
1980824353,92514.234375
1980864174,92514.953125
1980904001,92515.125000
1980944000,92513.812500
1980984002,92515.046875
1981024000,92515.281250
1981064000,92514.906250
1981104361,92514.500000
1981144182,92514.906250
1981184005,92514.328125
1981224002,92515.640625
1981263999,92515.468750
1981304001,92514.156250
1981344002,92515.390625
1981384367,92514.718750
1981424188,92515.390625
1981464014,92515.656250
1981504002,92514.500000
1981544002,92515.671875
1981584004,92515.281250
1981624001,92515.265625
1981664372,92515.546875
1981704195,92514.421875
1981744020,92515.343750
1981784005,92514.968750
1981824001,92515.437500
1981864003,92515.796875
1981904002,92515.312500
1981944380,92514.421875
1981984201,92514.265625
1982024025,92515.984375
1982064002,92514.312500
1982104002,92515.593750
1982144001,92514.343750
1982184001,92514.750000
1982224385,92515.437500
1982264209,92514.734375
1982304254,92516.078125
1982344002,92514.625000
1982384002,92515.234375
1982424000,92514.500000
1982464002,92515.187500
1982504391,92515.171875
1982544216,92515.500000
1982584040,92515.015625
1982625968,92515.109375
1982665002,92514.828125
1982705000,92515.593750
1982745000,92515.500000
1982785000,92514.984375
1982825237,92515.031250
1982865286,92515.203125
1982905113,92514.906250
1982945002,92515.562500
1982985001,92515.718750
1983025001,92515.390625
1983065002,92515.046875
1983105469,92514.968750
1983145296,92515.015625
1983185118,92515.312500
1983225092,92515.000000
1983265002,92515.500000
1983305000,92515.203125
1983345002,92515.843750
1983385005,92515.125000
1983425460,92515.296875
1983465125,92515.937500
1983505002,92515.187500
1983545001,92514.859375
1983585001,92514.796875
1983625000,92515.578125
1983665002,92514.984375
1983705309,92515.062500
1983745130,92515.218750
1983785003,92515.187500
1983825000,92515.484375
1983865002,92514.671875
1983905001,92515.953125
1983945000,92515.062500
1983985317,92515.343750
1984025137,92516.062500
1984065002,92514.828125
1984105000,92514.703125
1984145002,92514.484375
1984185000,92515.140625
1984225007,92514.140625
1984265319,92515.078125
1984305145,92515.578125
1984345186,92515.515625
1984385001,92515.312500
1984425002,92515.703125
1984465001,92515.906250
1984505002,92515.875000
1984545370,92515.421875
1984585149,92515.906250
1984625002,92515.875000
1984666903,92515.515625
1984706000,92514.343750
1984746001,92515.062500
1984786001,92514.515625
1984826001,92514.906250
1984866021,92514.562500
1984906225,92514.515625
1984946047,92515.390625
1984986001,92514.625000
1985026001,92515.250000
1985066002,92515.640625
1985106001,92515.031250
1985146407,92515.812500
1985186278,92515.343750
1985226059,92515.906250
1985266001,92514.156250
1985306002,92514.562500
1985346000,92515.906250
1985386000,92515.203125
1985426415,92515.281250
1985466238,92515.015625
1985506105,92515.421875
1985546001,92515.015625
1985586000,92515.484375
1985626002,92515.390625
1985666002,92514.890625
1985706421,92515.250000
1985746243,92515.859375
1985786065,92515.421875
1985826002,92515.250000
1985866001,92515.359375
1985906000,92515.562500
1985946000,92515.484375
1985986429,92514.828125
1986026378,92515.359375
1986066072,92516.046875
1986106000,92515.625000
1986146002,92514.875000
1986186002,92515.015625
1986226002,92515.906250
1986266434,92515.453125
1986306257,92515.656250
1986346081,92515.265625
1986386125,92515.125000
1986426001,92515.234375
1986466000,92515.250000
1986506002,92516.140625
1986546441,92515.390625
1986586263,92515.625000
1986626084,92515.578125
1986666000,92515.375000
1986707840,92515.765625
1986747002,92515.484375
1986787001,92515.796875
1986827000,92515.906250
1986867000,92515.515625
1986907412,92516.562500
1986947155,92515.859375
1986987001,92514.468750
1987027002,92515.140625
1987067001,92516.593750
1987107002,92515.093750
1987147000,92516.468750
1987187305,92516.234375
