# t_us, lat_deg, lon_deg, h_m, roll_deg, pitch_deg, yaw_deg, vn_mps, ve_mps, vd_mps
0,51.0000000000,0.0000000000,10.0000,0.000000,-0.000000,-63.410115,0.0000,0.0000,-5.5556
10000,51.0000000000,0.0000000000,10.0556,0.000000,-0.000000,-63.410115,0.0000,0.0000,-5.5602
20000,51.0000000000,0.0000000000,10.1112,0.000000,-0.000000,-63.410115,0.0000,0.0000,-5.5647
30000,51.0000000000,0.0000000000,10.1669,0.000000,-0.000000,-63.410115,0.0000,0.0000,-5.5692
40000,51.0000000000,0.0000000000,10.2226,0.000000,-0.000000,-63.410115,0.0000,0.0000,-5.5737
50000,51.0000000000,0.0000000000,10.2783,0.000000,-0.000000,-63.410115,0.0000,0.0000,-5.5781
60000,51.0000000000,0.0000000000,10.3341,0.000000,-0.000000,-63.410115,0.0000,0.0000,-5.5825
70000,51.0000000000,0.0000000000,10.3900,0.000000,-0.000000,-63.410115,0.0000,0.0000,-5.5868
80000,51.0000000000,0.0000000000,10.4459,0.000000,-0.000000,-63.410115,0.0000,0.0000,-5.5911
90000,51.0000000000,0.0000000000,10.5018,0.000000,-0.000000,-63.410115,0.0000,0.0000,-5.5953
100000,51.0000000000,0.0000000000,10.5578,0.000000,-0.000000,-63.410115,0.0000,0.0000,-5.5995
110000,51.0000000000,0.0000000000,10.6138,0.000000,-0.000000,-63.410115,0.0000,0.0000,-5.6037
120000,51.0000000000,0.0000000000,10.6699,0.000000,-0.000000,-63.410115,0.0000,0.0000,-5.6078
130000,51.0000000000,0.0000000000,10.7260,0.000000,-0.000000,-63.410115,0.0000,0.0000,-5.6118
140000,51.0000000000,0.0000000000,10.7821,0.000000,-0.000000,-63.410115,0.0000,0.0000,-5.6158
150000,51.0000000000,0.0000000000,10.8383,0.000000,-0.000000,-63.410115,0.0000,0.0000,-5.6198
160000,51.0000000000,0.0000000000,10.8945,0.000000,-0.000000,-63.410115,0.0000,0.0000,-5.6237
170000,51.0000000000,0.0000000000,10.9508,0.000000,-0.000000,-63.410115,0.0000,0.0000,-5.6276
180000,51.0000000000,0.0000000000,11.0071,0.000000,-0.000000,-63.410115,0.0000,0.0000,-5.6314
190000,51.0000000000,0.0000000000,11.0634,0.000000,-0.000000,-63.410115,0.0000,0.0000,-5.6352
200000,51.0000000000,0.0000000000,11.1198,0.000000,-0.000000,-63.410115,0.0000,0.0000,-5.6389
210000,51.0000000000,0.0000000000,11.1762,0.000000,-0.000000,-63.410115,0.0000,0.0000,-5.6426
220000,51.0000000000,0.0000000000,11.2326,0.000000,-0.000000,-63.410115,0.0000,0.0000,-5.6462
230000,51.0000000000,0.0000000000,11.2891,0.000000,-0.000000,-63.410115,0.0000,0.0000,-5.6498
240000,51.0000000000,0.0000000000,11.3456,0.000000,-0.000000,-63.410115,0.0000,0.0000,-5.6533
250000,51.0000000000,0.0000000000,11.4022,0.000000,-0.000000,-63.410115,0.0000,0.0000,-5.6568
260000,51.0000000000,0.0000000000,11.4587,0.000000,-0.000000,-63.410115,0.0000,0.0000,-5.6603
270000,51.0000000000,0.0000000000,11.5154,0.000000,-0.000000,-63.410115,0.0000,0.0000,-5.6637
280000,51.0000000000,0.0000000000,11.5720,0.000000,-0.000000,-63.410115,0.0000,0.0000,-5.6670
290000,51.0000000000,0.0000000000,11.6287,0.000000,-0.000000,-63.410115,0.0000,0.0000,-5.6703
300000,51.0000000000,0.0000000000,11.6854,0.000000,-0.000000,-63.410115,0.0000,0.0000,-5.6736
310000,51.0000000000,0.0000000000,11.7422,0.000000,-0.000000,-63.410115,0.0000,0.0000,-5.6768
320000,51.0000000000,0.0000000000,11.7990,0.000000,-0.000000,-63.410115,0.0000,0.0000,-5.6800
330000,51.0000000000,0.0000000000,11.8558,0.000000,-0.000000,-63.410115,0.0000,0.0000,-5.6831
340000,51.0000000000,0.0000000000,11.9126,0.000000,-0.000000,-63.410115,0.0000,0.0000,-5.6862
350000,51.0000000000,0.0000000000,11.9695,0.000000,-0.000000,-63.410115,0.0000,0.0000,-5.6892
360000,51.0000000000,0.0000000000,12.0264,0.000000,-0.000000,-63.410115,0.0000,0.0000,-5.6922
370000,51.0000000000,0.0000000000,12.0833,0.000000,-0.000000,-63.410115,0.0000,0.0000,-5.6952
380000,51.0000000000,0.0000000000,12.1403,0.000000,-0.000000,-63.410115,0.0000,0.0000,-5.6981
390000,51.0000000000,0.0000000000,12.1973,0.000000,-0.000000,-63.410115,0.0000,0.0000,-5.7009
400000,51.0000000000,0.0000000000,12.2543,0.000000,-0.000000,-63.410115,0.0000,0.0000,-5.7037
410000,51.0000000000,0.0000000000,12.3114,0.000000,-0.000000,-63.410115,0.0000,0.0000,-5.7065
420000,51.0000000000,0.0000000000,12.3684,0.000000,-0.000000,-63.410115,0.0000,0.0000,-5.7092
430000,51.0000000000,0.0000000000,12.4256,0.000000,-0.000000,-63.410115,0.0000,0.0000,-5.7118
440000,51.0000000000,0.0000000000,12.4827,0.000000,-0.000000,-63.410115,0.0000,0.0000,-5.7144
450000,51.0000000000,0.0000000000,12.5398,0.000000,-0.000000,-63.410115,0.0000,0.0000,-5.7170
460000,51.0000000000,0.0000000000,12.5970,0.000000,-0.000000,-63.410115,0.0000,0.0000,-5.7195
470000,51.0000000000,0.0000000000,12.6542,0.000000,-0.000000,-63.410115,0.0000,0.0000,-5.7220
480000,51.0000000000,0.0000000000,12.7115,0.000000,-0.000000,-63.410115,0.0000,0.0000,-5.7244
490000,51.0000000000,0.0000000000,12.7687,0.000000,-0.000000,-63.410115,0.0000,0.0000,-5.7268
500000,51.0000000000,0.0000000000,12.8260,0.000000,-0.000000,-63.410115,0.0000,0.0000,-5.7292
510000,51.0000000000,0.0000000000,12.8833,0.000000,-0.000000,-63.410115,0.0000,0.0000,-5.7315
520000,51.0000000000,0.0000000000,12.9406,0.000000,-0.000000,-63.410115,0.0000,0.0000,-5.7337
530000,51.0000000000,0.0000000000,12.9980,0.000000,-0.000000,-63.410115,0.0000,0.0000,-5.7359
540000,51.0000000000,0.0000000000,13.0553,0.000000,-0.000000,-63.410115,0.0000,0.0000,-5.7381
550000,51.0000000000,0.0000000000,13.1127,0.000000,-0.000000,-63.410115,0.0000,0.0000,-5.7402
560000,51.0000000000,0.0000000000,13.1702,0.000000,-0.000000,-63.410115,0.0000,0.0000,-5.7422
570000,51.0000000000,0.0000000000,13.2276,0.000000,-0.000000,-63.410115,0.0000,0.0000,-5.7442
580000,51.0000000000,0.0000000000,13.2850,0.000000,-0.000000,-63.410115,0.0000,0.0000,-5.7462
590000,51.0000000000,0.0000000000,13.3425,0.000000,-0.000000,-63.410115,0.0000,0.0000,-5.7481
600000,51.0000000000,0.0000000000,13.4000,0.000000,-0.000000,-63.410115,0.0000,0.0000,-5.7500
610000,51.0000000000,0.0000000000,13.4575,0.000000,-0.000000,-63.410115,0.0000,0.0000,-5.7518
620000,51.0000000000,0.0000000000,13.5150,0.000000,-0.000000,-63.410115,0.0000,0.0000,-5.7536
630000,51.0000000000,0.0000000000,13.5726,0.000000,-0.000000,-63.410115,0.0000,0.0000,-5.7553
640000,51.0000000000,0.0000000000,13.6301,0.000000,-0.000000,-63.410115,0.0000,0.0000,-5.7570
650000,51.0000000000,0.0000000000,13.6877,0.000000,-0.000000,-63.410115,0.0000,0.0000,-5.7587
660000,51.0000000000,0.0000000000,13.7453,0.000000,-0.000000,-63.410115,0.0000,0.0000,-5.7603
670000,51.0000000000,0.0000000000,13.8029,0.000000,-0.000000,-63.410115,0.0000,0.0000,-5.7618
680000,51.0000000000,0.0000000000,13.8606,0.000000,-0.000000,-63.410115,0.0000,0.0000,-5.7633
690000,51.0000000000,0.0000000000,13.9182,0.000000,-0.000000,-63.410115,0.0000,0.0000,-5.7648
700000,51.0000000000,0.0000000000,13.9758,0.000000,-0.000000,-63.410115,0.0000,0.0000,-5.7662
710000,51.0000000000,0.0000000000,14.0335,0.000000,-0.000000,-63.410115,0.0000,0.0000,-5.7676
720000,51.0000000000,0.0000000000,14.0912,0.000000,-0.000000,-63.410115,0.0000,0.0000,-5.7689
730000,51.0000000000,0.0000000000,14.1489,0.000000,-0.000000,-63.410115,0.0000,0.0000,-5.7702
740000,51.0000000000,0.0000000000,14.2066,0.000000,-0.000000,-63.410115,0.0000,0.0000,-5.7714
750000,51.0000000000,0.0000000000,14.2643,0.000000,-0.000000,-63.410115,0.0000,0.0000,-5.7726
760000,51.0000000000,0.0000000000,14.3221,0.000000,-0.000000,-63.410115,0.0000,0.0000,-5.7737
770000,51.0000000000,0.0000000000,14.3798,0.000000,-0.000000,-63.410115,0.0000,0.0000,-5.7748
780000,51.0000000000,0.0000000000,14.4375,0.000000,-0.000000,-63.410115,0.0000,0.0000,-5.7758
790000,51.0000000000,0.0000000000,14.4953,0.000000,-0.000000,-63.410115,0.0000,0.0000,-5.7768
800000,51.0000000000,0.0000000000,14.5531,0.000000,-0.000000,-63.410115,0.0000,0.0000,-5.7778
810000,51.0000000000,0.0000000000,14.6109,0.000000,-0.000000,-63.410115,0.0000,0.0000,-5.7787
820000,51.0000000000,0.0000000000,14.6687,0.000000,-0.000000,-63.410115,0.0000,0.0000,-5.7795
830000,51.0000000000,0.0000000000,14.7265,0.000000,-0.000000,-63.410115,0.0000,0.0000,-5.7803
840000,51.0000000000,0.0000000000,14.7843,0.000000,-0.000000,-63.410115,0.0000,0.0000,-5.7811
850000,51.0000000000,0.0000000000,14.8421,0.000000,-0.000000,-63.410115,0.0000,0.0000,-5.7818
860000,51.0000000000,0.0000000000,14.8999,0.000000,-0.000000,-63.410115,0.0000,0.0000,-5.7825
870000,51.0000000000,0.0000000000,14.9577,0.000000,-0.000000,-63.410115,0.0000,0.0000,-5.7831
880000,51.0000000000,0.0000000000,15.0156,0.000000,-0.000000,-63.410115,0.0000,0.0000,-5.7837
890000,51.0000000000,0.0000000000,15.0734,0.000000,-0.000000,-63.410115,0.0000,0.0000,-5.7842
900000,51.0000000000,0.0000000000,15.1312,0.000000,-0.000000,-63.410115,0.0000,0.0000,-5.7847
910000,51.0000000000,0.0000000000,15.1891,0.000000,-0.000000,-63.410115,0.0000,0.0000,-5.7852
920000,51.0000000000,0.0000000000,15.2470,0.000000,-0.000000,-63.410115,0.0000,0.0000,-5.7856
930000,51.0000000000,0.0000000000,15.3048,0.000000,-0.000000,-63.410115,0.0000,0.0000,-5.7859
940000,51.0000000000,0.0000000000,15.3627,0.000000,-0.000000,-63.410115,0.0000,0.0000,-5.7862
950000,51.0000000000,0.0000000000,15.4205,0.000000,-0.000000,-63.410115,0.0000,0.0000,-5.7865
960000,51.0000000000,0.0000000000,15.4784,0.000000,-0.000000,-63.410115,0.0000,0.0000,-5.7867
970000,51.0000000000,0.0000000000,15.5363,0.000000,-0.000000,-63.410115,0.0000,0.0000,-5.7868
980000,51.0000000000,0.0000000000,15.5941,0.000000,-0.000000,-63.410115,0.0000,0.0000,-5.7869
990000,51.0000000000,0.0000000000,15.6520,0.000000,-0.000000,-63.410115,0.0000,0.0000,-5.7870
1000000,51.0000000000,0.0000000000,15.7099,0.000000,-0.000000,-63.410115,0.0000,0.0000,-5.7870
1010000,51.0000000000,0.0000000000,15.7677,0.000000,-0.000000,-63.410115,0.0000,0.0000,-5.7870
1020000,51.0000000000,0.0000000000,15.8256,0.000000,-0.000000,-63.410115,0.0000,0.0000,-5.7869
1030000,51.0000000000,0.0000000000,15.8835,0.000000,-0.000000,-63.410115,0.0000,0.0000,-5.7868
1040000,51.0000000000,0.0000000000,15.9414,0.000000,-0.000000,-63.410115,0.0000,0.0000,-5.7867
1050000,51.0000000000,0.0000000000,15.9992,0.000000,-0.000000,-63.410115,0.0000,0.0000,-5.7865
1060000,51.0000000000,0.0000000000,16.0571,0.000000,-0.000000,-63.410115,0.0000,0.0000,-5.7862
1070000,51.0000000000,0.0000000000,16.1149,0.000000,-0.000000,-63.410115,0.0000,0.0000,-5.7859
1080000,51.0000000000,0.0000000000,16.1728,0.000000,-0.000000,-63.410115,0.0000,0.0000,-5.7856
1090000,51.0000000000,0.0000000000,16.2307,0.000000,-0.000000,-63.410115,0.0000,0.0000,-5.7852
1100000,51.0000000000,0.0000000000,16.2885,0.000000,-0.000000,-63.410115,0.0000,0.0000,-5.7847
1110000,51.0000000000,0.0000000000,16.3463,0.000000,-0.000000,-63.410115,0.0000,0.0000,-5.7842
1120000,51.0000000000,0.0000000000,16.4042,0.000000,-0.000000,-63.410115,0.0000,0.0000,-5.7837
1130000,51.0000000000,0.0000000000,16.4620,0.000000,-0.000000,-63.410115,0.0000,0.0000,-5.7831
1140000,51.0000000000,0.0000000000,16.5198,0.000000,-0.000000,-63.410115,0.0000,0.0000,-5.7825
1150000,51.0000000000,0.0000000000,16.5777,0.000000,-0.000000,-63.410115,0.0000,0.0000,-5.7818
1160000,51.0000000000,0.0000000000,16.6355,0.000000,-0.000000,-63.410115,0.0000,0.0000,-5.7811
1170000,51.0000000000,0.0000000000,16.6933,0.000000,-0.000000,-63.410115,0.0000,0.0000,-5.7803
1180000,51.0000000000,0.0000000000,16.7511,0.000000,-0.000000,-63.410115,0.0000,0.0000,-5.7795
1190000,51.0000000000,0.0000000000,16.8089,0.000000,-0.000000,-63.410115,0.0000,0.0000,-5.7787
1200000,51.0000000000,0.0000000000,16.8667,0.000000,-0.000000,-63.410115,0.0000,0.0000,-5.7778
1210000,51.0000000000,0.0000000000,16.9244,0.000000,-0.000000,-63.410115,0.0000,0.0000,-5.7768
1220000,51.0000000000,0.0000000000,16.9822,0.000000,-0.000000,-63.410115,0.0000,0.0000,-5.7758
1230000,51.0000000000,0.0000000000,17.0400,0.000000,-0.000000,-63.410115,0.0000,0.0000,-5.7748
1240000,51.0000000000,0.0000000000,17.0977,0.000000,-0.000000,-63.410115,0.0000,0.0000,-5.7737
1250000,51.0000000000,0.0000000000,17.1554,0.000000,-0.000000,-63.410115,0.0000,0.0000,-5.7726
1260000,51.0000000000,0.0000000000,17.2131,0.000000,-0.000000,-63.410115,0.0000,0.0000,-5.7714
1270000,51.0000000000,0.0000000000,17.2709,0.000000,-0.000000,-63.410115,0.0000,0.0000,-5.7702
1280000,51.0000000000,0.0000000000,17.3286,0.000000,-0.000000,-63.410115,0.0000,0.0000,-5.7689
1290000,51.0000000000,0.0000000000,17.3862,0.000000,-0.000000,-63.410115,0.0000,0.0000,-5.7676
1300000,51.0000000000,0.0000000000,17.4439,0.000000,-0.000000,-63.410115,0.0000,0.0000,-5.7662
1310000,51.0000000000,0.0000000000,17.5016,0.000000,-0.000000,-63.410115,0.0000,0.0000,-5.7648
1320000,51.0000000000,0.0000000000,17.5592,0.000000,-0.000000,-63.410115,0.0000,0.0000,-5.7633
1330000,51.0000000000,0.0000000000,17.6168,0.000000,-0.000000,-63.410115,0.0000,0.0000,-5.7618
1340000,51.0000000000,0.0000000000,17.6744,0.000000,-0.000000,-63.410115,0.0000,0.0000,-5.7603
1350000,51.0000000000,0.0000000000,17.7320,0.000000,-0.000000,-63.410115,0.0000,0.0000,-5.7587
1360000,51.0000000000,0.0000000000,17.7896,0.000000,-0.000000,-63.410115,0.0000,0.0000,-5.7570
1370000,51.0000000000,0.0000000000,17.8472,0.000000,-0.000000,-63.410115,0.0000,0.0000,-5.7553
1380000,51.0000000000,0.0000000000,17.9047,0.000000,-0.000000,-63.410115,0.0000,0.0000,-5.7536
1390000,51.0000000000,0.0000000000,17.9622,0.000000,-0.000000,-63.410115,0.0000,0.0000,-5.7518
1400000,51.0000000000,0.0000000000,18.0198,0.000000,-0.000000,-63.410115,0.0000,0.0000,-5.7500
1410000,51.0000000000,0.0000000000,18.0772,0.000000,-0.000000,-63.410115,0.0000,0.0000,-5.7481
1420000,51.0000000000,0.0000000000,18.1347,0.000000,-0.000000,-63.410115,0.0000,0.0000,-5.7462
1430000,51.0000000000,0.0000000000,18.1922,0.000000,-0.000000,-63.410115,0.0000,0.0000,-5.7442
1440000,51.0000000000,0.0000000000,18.2496,0.000000,-0.000000,-63.410115,0.0000,0.0000,-5.7422
1450000,51.0000000000,0.0000000000,18.3070,0.000000,-0.000000,-63.410115,0.0000,0.0000,-5.7402
1460000,51.0000000000,0.0000000000,18.3644,0.000000,-0.000000,-63.410115,0.0000,0.0000,-5.7381
1470000,51.0000000000,0.0000000000,18.4218,0.000000,-0.000000,-63.410115,0.0000,0.0000,-5.7359
1480000,51.0000000000,0.0000000000,18.4791,0.000000,-0.000000,-63.410115,0.0000,0.0000,-5.7337
1490000,51.0000000000,0.0000000000,18.5364,0.000000,-0.000000,-63.410115,0.0000,0.0000,-5.7315
1500000,51.0000000000,0.0000000000,18.5937,0.000000,-0.000000,-63.410115,0.0000,0.0000,-5.7292
1510000,51.0000000000,0.0000000000,18.6510,0.000000,-0.000000,-63.410115,0.0000,0.0000,-5.7268
1520000,51.0000000000,0.0000000000,18.7083,0.000000,-0.000000,-63.410115,0.0000,0.0000,-5.7244
1530000,51.0000000000,0.0000000000,18.7655,0.000000,-0.000000,-63.410115,0.0000,0.0000,-5.7220
1540000,51.0000000000,0.0000000000,18.8227,0.000000,-0.000000,-63.410115,0.0000,0.0000,-5.7195
1550000,51.0000000000,0.0000000000,18.8799,0.000000,-0.000000,-63.410115,0.0000,0.0000,-5.7170
1560000,51.0000000000,0.0000000000,18.9371,0.000000,-0.000000,-63.410115,0.0000,0.0000,-5.7144
1570000,51.0000000000,0.0000000000,18.9942,0.000000,-0.000000,-63.410115,0.0000,0.0000,-5.7118
1580000,51.0000000000,0.0000000000,19.0513,0.000000,-0.000000,-63.410115,0.0000,0.0000,-5.7092
1590000,51.0000000000,0.0000000000,19.1084,0.000000,-0.000000,-63.410115,0.0000,0.0000,-5.7065
1600000,51.0000000000,0.0000000000,19.1654,0.000000,-0.000000,-63.410115,0.0000,0.0000,-5.7037
1610000,51.0000000000,0.0000000000,19.2225,0.000000,-0.000000,-63.410115,0.0000,0.0000,-5.7009
1620000,51.0000000000,0.0000000000,19.2794,0.000000,-0.000000,-63.410115,0.0000,0.0000,-5.6981
1630000,51.0000000000,0.0000000000,19.3364,0.000000,-0.000000,-63.410115,0.0000,0.0000,-5.6952
1640000,51.0000000000,0.0000000000,19.3934,0.000000,-0.000000,-63.410115,0.0000,0.0000,-5.6922
1650000,51.0000000000,0.0000000000,19.4503,0.000000,-0.000000,-63.410115,0.0000,0.0000,-5.6892
1660000,51.0000000000,0.0000000000,19.5071,0.000000,-0.000000,-63.410115,0.0000,0.0000,-5.6862
1670000,51.0000000000,0.0000000000,19.5640,0.000000,-0.000000,-63.410115,0.0000,0.0000,-5.6831
1680000,51.0000000000,0.0000000000,19.6208,0.000000,-0.000000,-63.410115,0.0000,0.0000,-5.6800
1690000,51.0000000000,0.0000000000,19.6776,0.000000,-0.000000,-63.410115,0.0000,0.0000,-5.6768
1700000,51.0000000000,0.0000000000,19.7343,0.000000,-0.000000,-63.410115,0.0000,0.0000,-5.6736
1710000,51.0000000000,0.0000000000,19.7911,0.000000,-0.000000,-63.410115,0.0000,0.0000,-5.6703
1720000,51.0000000000,0.0000000000,19.8477,0.000000,-0.000000,-63.410115,0.0000,0.0000,-5.6670
1730000,51.0000000000,0.0000000000,19.9044,0.000000,-0.000000,-63.410115,0.0000,0.0000,-5.6637
1740000,51.0000000000,0.0000000000,19.9610,0.000000,-0.000000,-63.410115,0.0000,0.0000,-5.6603
1750000,51.0000000000,0.0000000000,20.0176,0.000000,-0.000000,-63.410115,0.0000,0.0000,-5.6568
1760000,51.0000000000,0.0000000000,20.0742,0.000000,-0.000000,-63.410115,0.0000,0.0000,-5.6533
1770000,51.0000000000,0.0000000000,20.1307,0.000000,-0.000000,-63.410115,0.0000,0.0000,-5.6498
1780000,51.0000000000,0.0000000000,20.1871,0.000000,-0.000000,-63.410115,0.0000,0.0000,-5.6462
1790000,51.0000000000,0.0000000000,20.2436,0.000000,-0.000000,-63.410115,0.0000,0.0000,-5.6426
1800000,51.0000000000,0.0000000000,20.3000,0.000000,-0.000000,-63.410115,0.0000,0.0000,-5.6389
1810000,51.0000000000,0.0000000000,20.3564,0.000000,-0.000000,-63.410115,0.0000,0.0000,-5.6352
1820000,51.0000000000,0.0000000000,20.4127,0.000000,-0.000000,-63.410115,0.0000,0.0000,-5.6314
1830000,51.0000000000,0.0000000000,20.4690,0.000000,-0.000000,-63.410115,0.0000,0.0000,-5.6276
1840000,51.0000000000,0.0000000000,20.5253,0.000000,-0.000000,-63.410115,0.0000,0.0000,-5.6237
1850000,51.0000000000,0.0000000000,20.5815,0.000000,-0.000000,-63.410115,0.0000,0.0000,-5.6198
1860000,51.0000000000,0.0000000000,20.6376,0.000000,-0.000000,-63.410115,0.0000,0.0000,-5.6158
1870000,51.0000000000,0.0000000000,20.6938,0.000000,-0.000000,-63.410115,0.0000,0.0000,-5.6118
1880000,51.0000000000,0.0000000000,20.7499,0.000000,-0.000000,-63.410115,0.0000,0.0000,-5.6078
1890000,51.0000000000,0.0000000000,20.8059,0.000000,-0.000000,-63.410115,0.0000,0.0000,-5.6037
1900000,51.0000000000,0.0000000000,20.8620,0.000000,-0.000000,-63.410115,0.0000,0.0000,-5.5995
1910000,51.0000000000,0.0000000000,20.9179,0.000000,-0.000000,-63.410115,0.0000,0.0000,-5.5953
1920000,51.0000000000,0.0000000000,20.9739,0.000000,-0.000000,-63.410115,0.0000,0.0000,-5.5911
1930000,51.0000000000,0.0000000000,21.0298,0.000000,-0.000000,-63.410115,0.0000,0.0000,-5.5868
1940000,51.0000000000,0.0000000000,21.0856,0.000000,-0.000000,-63.410115,0.0000,0.0000,-5.5825
1950000,51.0000000000,0.0000000000,21.1414,0.000000,-0.000000,-63.410115,0.0000,0.0000,-5.5781
1960000,51.0000000000,0.0000000000,21.1972,0.000000,-0.000000,-63.410115,0.0000,0.0000,-5.5737
1970000,51.0000000000,0.0000000000,21.2529,0.000000,-0.000000,-63.410115,0.0000,0.0000,-5.5692
1980000,51.0000000000,0.0000000000,21.3086,0.000000,-0.000000,-63.410115,0.0000,0.0000,-5.5647
1990000,51.0000000000,0.0000000000,21.3642,0.000000,-0.000000,-63.410115,0.0000,0.0000,-5.5602
2000000,51.0000000000,0.0000000000,21.4198,0.000000,-0.000000,-63.410115,0.0000,0.0000,-5.5556
2010000,51.0000000000,0.0000000000,21.4753,0.000000,-0.000000,-63.410115,0.0000,0.0000,-5.5509
2020000,51.0000000000,0.0000000000,21.5308,0.000000,-0.000000,-63.410115,0.0000,0.0000,-5.5462
2030000,51.0000000000,0.0000000000,21.5862,0.000000,-0.000000,-63.410115,0.0000,0.0000,-5.5415
2040000,51.0000000000,0.0000000000,21.6416,0.000000,-0.000000,-63.410115,0.0000,0.0000,-5.5367
2050000,51.0000000000,0.0000000000,21.6969,0.000000,-0.000000,-63.410115,0.0000,0.0000,-5.5318
2060000,51.0000000000,0.0000000000,21.7522,0.000000,-0.000000,-63.410115,0.0000,0.0000,-5.5269
2070000,51.0000000000,0.0000000000,21.8075,0.000000,-0.000000,-63.410115,0.0000,0.0000,-5.5220
2080000,51.0000000000,0.0000000000,21.8627,0.000000,-0.000000,-63.410115,0.0000,0.0000,-5.5170
2090000,51.0000000000,0.0000000000,21.9178,0.000000,-0.000000,-63.410115,0.0000,0.0000,-5.5120
2100000,51.0000000000,0.0000000000,21.9729,0.000000,-0.000000,-63.410115,0.0000,0.0000,-5.5069
2110000,51.0000000000,0.0000000000,22.0280,0.000000,-0.000000,-63.410115,0.0000,0.0000,-5.5018
2120000,51.0000000000,0.0000000000,22.0830,0.000000,-0.000000,-63.410115,0.0000,0.0000,-5.4967
2130000,51.0000000000,0.0000000000,22.1379,0.000000,-0.000000,-63.410115,0.0000,0.0000,-5.4915
2140000,51.0000000000,0.0000000000,22.1928,0.000000,-0.000000,-63.410115,0.0000,0.0000,-5.4862
2150000,51.0000000000,0.0000000000,22.2476,0.000000,-0.000000,-63.410115,0.0000,0.0000,-5.4809
2160000,51.0000000000,0.0000000000,22.3024,0.000000,-0.000000,-63.410115,0.0000,0.0000,-5.4756
2170000,51.0000000000,0.0000000000,22.3571,0.000000,-0.000000,-63.410115,0.0000,0.0000,-5.4702
2180000,51.0000000000,0.0000000000,22.4118,0.000000,-0.000000,-63.410115,0.0000,0.0000,-5.4647
2190000,51.0000000000,0.0000000000,22.4664,0.000000,-0.000000,-63.410115,0.0000,0.0000,-5.4592
2200000,51.0000000000,0.0000000000,22.5210,0.000000,-0.000000,-63.410115,0.0000,0.0000,-5.4537
2210000,51.0000000000,0.0000000000,22.5755,0.000000,-0.000000,-63.410115,0.0000,0.0000,-5.4481
2220000,51.0000000000,0.0000000000,22.6299,0.000000,-0.000000,-63.410115,0.0000,0.0000,-5.4425
2230000,51.0000000000,0.0000000000,22.6843,0.000000,-0.000000,-63.410115,0.0000,0.0000,-5.4368
2240000,51.0000000000,0.0000000000,22.7387,0.000000,-0.000000,-63.410115,0.0000,0.0000,-5.4311
2250000,51.0000000000,0.0000000000,22.7930,0.000000,-0.000000,-63.410115,0.0000,0.0000,-5.4253
2260000,51.0000000000,0.0000000000,22.8472,0.000000,-0.000000,-63.410115,0.0000,0.0000,-5.4195
2270000,51.0000000000,0.0000000000,22.9014,0.000000,-0.000000,-63.410115,0.0000,0.0000,-5.4137
2280000,51.0000000000,0.0000000000,22.9555,0.000000,-0.000000,-63.410115,0.0000,0.0000,-5.4078
2290000,51.0000000000,0.0000000000,23.0095,0.000000,-0.000000,-63.410115,0.0000,0.0000,-5.4018
2300000,51.0000000000,0.0000000000,23.0635,0.000000,-0.000000,-63.410115,0.0000,0.0000,-5.3958
2310000,51.0000000000,0.0000000000,23.1174,0.000000,-0.000000,-63.410115,0.0000,0.0000,-5.3898
2320000,51.0000000000,0.0000000000,23.1713,0.000000,-0.000000,-63.410115,0.0000,0.0000,-5.3837
2330000,51.0000000000,0.0000000000,23.2251,0.000000,-0.000000,-63.410115,0.0000,0.0000,-5.3776
2340000,51.0000000000,0.0000000000,23.2789,0.000000,-0.000000,-63.410115,0.0000,0.0000,-5.3714
2350000,51.0000000000,0.0000000000,23.3325,0.000000,-0.000000,-63.410115,0.0000,0.0000,-5.3652
2360000,51.0000000000,0.0000000000,23.3862,0.000000,-0.000000,-63.410115,0.0000,0.0000,-5.3589
2370000,51.0000000000,0.0000000000,23.4397,0.000000,-0.000000,-63.410115,0.0000,0.0000,-5.3526
2380000,51.0000000000,0.0000000000,23.4932,0.000000,-0.000000,-63.410115,0.0000,0.0000,-5.3462
2390000,51.0000000000,0.0000000000,23.5466,0.000000,-0.000000,-63.410115,0.0000,0.0000,-5.3398
2400000,51.0000000000,0.0000000000,23.6000,0.000000,-0.000000,-63.410115,0.0000,0.0000,-5.3333
2410000,51.0000000000,0.0000000000,23.6533,0.000000,-0.000000,-63.410115,0.0000,0.0000,-5.3268
2420000,51.0000000000,0.0000000000,23.7065,0.000000,-0.000000,-63.410115,0.0000,0.0000,-5.3203
2430000,51.0000000000,0.0000000000,23.7597,0.000000,-0.000000,-63.410115,0.0000,0.0000,-5.3137
2440000,51.0000000000,0.0000000000,23.8128,0.000000,-0.000000,-63.410115,0.0000,0.0000,-5.3070
2450000,51.0000000000,0.0000000000,23.8658,0.000000,-0.000000,-63.410115,0.0000,0.0000,-5.3003
2460000,51.0000000000,0.0000000000,23.9188,0.000000,-0.000000,-63.410115,0.0000,0.0000,-5.2936
2470000,51.0000000000,0.0000000000,23.9717,0.000000,-0.000000,-63.410115,0.0000,0.0000,-5.2868
2480000,51.0000000000,0.0000000000,24.0246,0.000000,-0.000000,-63.410115,0.0000,0.0000,-5.2800
2490000,51.0000000000,0.0000000000,24.0773,0.000000,-0.000000,-63.410115,0.0000,0.0000,-5.2731
2500000,51.0000000000,0.0000000000,24.1300,0.000000,-0.000000,-63.410115,0.0000,0.0000,-5.2662
2510000,51.0000000000,0.0000000000,24.1826,0.000000,-0.000000,-63.410115,0.0000,0.0000,-5.2592
2520000,51.0000000000,0.0000000000,24.2352,0.000000,-0.000000,-63.410115,0.0000,0.0000,-5.2522
2530000,51.0000000000,0.0000000000,24.2877,0.000000,-0.000000,-63.410115,0.0000,0.0000,-5.2452
2540000,51.0000000000,0.0000000000,24.3401,0.000000,-0.000000,-63.410115,0.0000,0.0000,-5.2381
2550000,51.0000000000,0.0000000000,24.3924,0.000000,-0.000000,-63.410115,0.0000,0.0000,-5.2309
2560000,51.0000000000,0.0000000000,24.4447,0.000000,-0.000000,-63.410115,0.0000,0.0000,-5.2237
2570000,51.0000000000,0.0000000000,24.4969,0.000000,-0.000000,-63.410115,0.0000,0.0000,-5.2165
2580000,51.0000000000,0.0000000000,24.5490,0.000000,-0.000000,-63.410115,0.0000,0.0000,-5.2092
2590000,51.0000000000,0.0000000000,24.6011,0.000000,-0.000000,-63.410115,0.0000,0.0000,-5.2018
2600000,51.0000000000,0.0000000000,24.6531,0.000000,-0.000000,-63.410115,0.0000,0.0000,-5.1944
2610000,51.0000000000,0.0000000000,24.7050,0.000000,-0.000000,-63.410115,0.0000,0.0000,-5.1870
2620000,51.0000000000,0.0000000000,24.7568,0.000000,-0.000000,-63.410115,0.0000,0.0000,-5.1795
2630000,51.0000000000,0.0000000000,24.8086,0.000000,-0.000000,-63.410115,0.0000,0.0000,-5.1720
2640000,51.0000000000,0.0000000000,24.8603,0.000000,-0.000000,-63.410115,0.0000,0.0000,-5.1644
2650000,51.0000000000,0.0000000000,24.9119,0.000000,-0.000000,-63.410115,0.0000,0.0000,-5.1568
2660000,51.0000000000,0.0000000000,24.9634,0.000000,-0.000000,-63.410115,0.0000,0.0000,-5.1492
2670000,51.0000000000,0.0000000000,25.0149,0.000000,-0.000000,-63.410115,0.0000,0.0000,-5.1415
2680000,51.0000000000,0.0000000000,25.0662,0.000000,-0.000000,-63.410115,0.0000,0.0000,-5.1337
2690000,51.0000000000,0.0000000000,25.1175,0.000000,-0.000000,-63.410115,0.0000,0.0000,-5.1259
2700000,51.0000000000,0.0000000000,25.1687,0.000000,-0.000000,-63.410115,0.0000,0.0000,-5.1181
2710000,51.0000000000,0.0000000000,25.2199,0.000000,-0.000000,-63.410115,0.0000,0.0000,-5.1102
2720000,51.0000000000,0.0000000000,25.2710,0.000000,-0.000000,-63.410115,0.0000,0.0000,-5.1022
2730000,51.0000000000,0.0000000000,25.3219,0.000000,-0.000000,-63.410115,0.0000,0.0000,-5.0942
2740000,51.0000000000,0.0000000000,25.3728,0.000000,-0.000000,-63.410115,0.0000,0.0000,-5.0862
2750000,51.0000000000,0.0000000000,25.4237,0.000000,-0.000000,-63.410115,0.0000,0.0000,-5.0781
2760000,51.0000000000,0.0000000000,25.4744,0.000000,-0.000000,-63.410115,0.0000,0.0000,-5.0700
2770000,51.0000000000,0.0000000000,25.5251,0.000000,-0.000000,-63.410115,0.0000,0.0000,-5.0618
2780000,51.0000000000,0.0000000000,25.5756,0.000000,-0.000000,-63.410115,0.0000,0.0000,-5.0536
2790000,51.0000000000,0.0000000000,25.6261,0.000000,-0.000000,-63.410115,0.0000,0.0000,-5.0453
2800000,51.0000000000,0.0000000000,25.6765,0.000000,-0.000000,-63.410115,0.0000,0.0000,-5.0370
2810000,51.0000000000,0.0000000000,25.7269,0.000000,-0.000000,-63.410115,0.0000,0.0000,-5.0287
2820000,51.0000000000,0.0000000000,25.7771,0.000000,-0.000000,-63.410115,0.0000,0.0000,-5.0203
2830000,51.0000000000,0.0000000000,25.8273,0.000000,-0.000000,-63.410115,0.0000,0.0000,-5.0118
2840000,51.0000000000,0.0000000000,25.8774,0.000000,-0.000000,-63.410115,0.0000,0.0000,-5.0033
2850000,51.0000000000,0.0000000000,25.9273,0.000000,-0.000000,-63.410115,0.0000,0.0000,-4.9948
2860000,51.0000000000,0.0000000000,25.9772,0.000000,-0.000000,-63.410115,0.0000,0.0000,-4.9862
2870000,51.0000000000,0.0000000000,26.0271,0.000000,-0.000000,-63.410115,0.0000,0.0000,-4.9776
2880000,51.0000000000,0.0000000000,26.0768,0.000000,-0.000000,-63.410115,0.0000,0.0000,-4.9689
2890000,51.0000000000,0.0000000000,26.1264,0.000000,-0.000000,-63.410115,0.0000,0.0000,-4.9602
2900000,51.0000000000,0.0000000000,26.1760,0.000000,-0.000000,-63.410115,0.0000,0.0000,-4.9514
2910000,51.0000000000,0.0000000000,26.2255,0.000000,-0.000000,-63.410115,0.0000,0.0000,-4.9426
2920000,51.0000000000,0.0000000000,26.2749,0.000000,-0.000000,-63.410115,0.0000,0.0000,-4.9337
2930000,51.0000000000,0.0000000000,26.3241,0.000000,-0.000000,-63.410115,0.0000,0.0000,-4.9248
2940000,51.0000000000,0.0000000000,26.3734,0.000000,-0.000000,-63.410115,0.0000,0.0000,-4.9158
2950000,51.0000000000,0.0000000000,26.4225,0.000000,-0.000000,-63.410115,0.0000,0.0000,-4.9068
2960000,51.0000000000,0.0000000000,26.4715,0.000000,-0.000000,-63.410115,0.0000,0.0000,-4.8978
2970000,51.0000000000,0.0000000000,26.5204,0.000000,-0.000000,-63.410115,0.0000,0.0000,-4.8887
2980000,51.0000000000,0.0000000000,26.5693,0.000000,-0.000000,-63.410115,0.0000,0.0000,-4.8795
2990000,51.0000000000,0.0000000000,26.6180,0.000000,-0.000000,-63.410115,0.0000,0.0000,-4.8703
3000000,51.0000000000,0.0000000000,26.6667,0.000000,-0.000000,-63.410115,0.0000,0.0000,-4.8611
3010000,51.0000000000,0.0000000000,26.7152,0.000000,-0.000000,-63.410115,0.0000,0.0000,-4.8518
3020000,51.0000000000,0.0000000000,26.7637,0.000000,-0.000000,-63.410115,0.0000,0.0000,-4.8425
3030000,51.0000000000,0.0000000000,26.8121,0.000000,-0.000000,-63.410115,0.0000,0.0000,-4.8331
3040000,51.0000000000,0.0000000000,26.8604,0.000000,-0.000000,-63.410115,0.0000,0.0000,-4.8237
3050000,51.0000000000,0.0000000000,26.9086,0.000000,-0.000000,-63.410115,0.0000,0.0000,-4.8142
3060000,51.0000000000,0.0000000000,26.9567,0.000000,-0.000000,-63.410115,0.0000,0.0000,-4.8047
3070000,51.0000000000,0.0000000000,27.0046,0.000000,-0.000000,-63.410115,0.0000,0.0000,-4.7952
3080000,51.0000000000,0.0000000000,27.0526,0.000000,-0.000000,-63.410115,0.0000,0.0000,-4.7856
3090000,51.0000000000,0.0000000000,27.1004,0.000000,-0.000000,-63.410115,0.0000,0.0000,-4.7759
3100000,51.0000000000,0.0000000000,27.1481,0.000000,-0.000000,-63.410115,0.0000,0.0000,-4.7662
3110000,51.0000000000,0.0000000000,27.1957,0.000000,-0.000000,-63.410115,0.0000,0.0000,-4.7565
3120000,51.0000000000,0.0000000000,27.2432,0.000000,-0.000000,-63.410115,0.0000,0.0000,-4.7467
3130000,51.0000000000,0.0000000000,27.2906,0.000000,-0.000000,-63.410115,0.0000,0.0000,-4.7368
3140000,51.0000000000,0.0000000000,27.3379,0.000000,-0.000000,-63.410115,0.0000,0.0000,-4.7269
3150000,51.0000000000,0.0000000000,27.3852,0.000000,-0.000000,-63.410115,0.0000,0.0000,-4.7170
3160000,51.0000000000,0.0000000000,27.4323,0.000000,-0.000000,-63.410115,0.0000,0.0000,-4.7070
3170000,51.0000000000,0.0000000000,27.4793,0.000000,-0.000000,-63.410115,0.0000,0.0000,-4.6970
3180000,51.0000000000,0.0000000000,27.5262,0.000000,-0.000000,-63.410115,0.0000,0.0000,-4.6869
3190000,51.0000000000,0.0000000000,27.5730,0.000000,-0.000000,-63.410115,0.0000,0.0000,-4.6768
3200000,51.0000000000,0.0000000000,27.6198,0.000000,-0.000000,-63.410115,0.0000,0.0000,-4.6667
3210000,51.0000000000,0.0000000000,27.6664,0.000000,-0.000000,-63.410115,0.0000,0.0000,-4.6565
3220000,51.0000000000,0.0000000000,27.7129,0.000000,-0.000000,-63.410115,0.0000,0.0000,-4.6462
3230000,51.0000000000,0.0000000000,27.7593,0.000000,-0.000000,-63.410115,0.0000,0.0000,-4.6359
3240000,51.0000000000,0.0000000000,27.8056,0.000000,-0.000000,-63.410115,0.0000,0.0000,-4.6256
3250000,51.0000000000,0.0000000000,27.8518,0.000000,-0.000000,-63.410115,0.0000,0.0000,-4.6152
3260000,51.0000000000,0.0000000000,27.8979,0.000000,-0.000000,-63.410115,0.0000,0.0000,-4.6047
3270000,51.0000000000,0.0000000000,27.9439,0.000000,-0.000000,-63.410115,0.0000,0.0000,-4.5942
3280000,51.0000000000,0.0000000000,27.9898,0.000000,-0.000000,-63.410115,0.0000,0.0000,-4.5837
3290000,51.0000000000,0.0000000000,28.0356,0.000000,-0.000000,-63.410115,0.0000,0.0000,-4.5731
3300000,51.0000000000,0.0000000000,28.0812,0.000000,-0.000000,-63.410115,0.0000,0.0000,-4.5625
3310000,51.0000000000,0.0000000000,28.1268,0.000000,-0.000000,-63.410115,0.0000,0.0000,-4.5518
3320000,51.0000000000,0.0000000000,28.1723,0.000000,-0.000000,-63.410115,0.0000,0.0000,-4.5411
3330000,51.0000000000,0.0000000000,28.2176,0.000000,-0.000000,-63.410115,0.0000,0.0000,-4.5303
3340000,51.0000000000,0.0000000000,28.2629,0.000000,-0.000000,-63.410115,0.0000,0.0000,-4.5195
3350000,51.0000000000,0.0000000000,28.3080,0.000000,-0.000000,-63.410115,0.0000,0.0000,-4.5087
3360000,51.0000000000,0.0000000000,28.3531,0.000000,-0.000000,-63.410115,0.0000,0.0000,-4.4978
3370000,51.0000000000,0.0000000000,28.3980,0.000000,-0.000000,-63.410115,0.0000,0.0000,-4.4868
3380000,51.0000000000,0.0000000000,28.4428,0.000000,-0.000000,-63.410115,0.0000,0.0000,-4.4758
3390000,51.0000000000,0.0000000000,28.4875,0.000000,-0.000000,-63.410115,0.0000,0.0000,-4.4648
3400000,51.0000000000,0.0000000000,28.5321,0.000000,-0.000000,-63.410115,0.0000,0.0000,-4.4537
3410000,51.0000000000,0.0000000000,28.5766,0.000000,-0.000000,-63.410115,0.0000,0.0000,-4.4426
3420000,51.0000000000,0.0000000000,28.6209,0.000000,-0.000000,-63.410115,0.0000,0.0000,-4.4314
3430000,51.0000000000,0.0000000000,28.6652,0.000000,-0.000000,-63.410115,0.0000,0.0000,-4.4202
3440000,51.0000000000,0.0000000000,28.7094,0.000000,-0.000000,-63.410115,0.0000,0.0000,-4.4089
3450000,51.0000000000,0.0000000000,28.7534,0.000000,-0.000000,-63.410115,0.0000,0.0000,-4.3976
3460000,51.0000000000,0.0000000000,28.7973,0.000000,-0.000000,-63.410115,0.0000,0.0000,-4.3862
3470000,51.0000000000,0.0000000000,28.8411,0.000000,-0.000000,-63.410115,0.0000,0.0000,-4.3748
3480000,51.0000000000,0.0000000000,28.8848,0.000000,-0.000000,-63.410115,0.0000,0.0000,-4.3633
3490000,51.0000000000,0.0000000000,28.9284,0.000000,-0.000000,-63.410115,0.0000,0.0000,-4.3518
3500000,51.0000000000,0.0000000000,28.9718,0.000000,-0.000000,-63.410115,0.0000,0.0000,-4.3403
3510000,51.0000000000,0.0000000000,29.0152,0.000000,-0.000000,-63.410115,0.0000,0.0000,-4.3287
3520000,51.0000000000,0.0000000000,29.0584,0.000000,-0.000000,-63.410115,0.0000,0.0000,-4.3170
3530000,51.0000000000,0.0000000000,29.1015,0.000000,-0.000000,-63.410115,0.0000,0.0000,-4.3053
3540000,51.0000000000,0.0000000000,29.1445,0.000000,-0.000000,-63.410115,0.0000,0.0000,-4.2936
3550000,51.0000000000,0.0000000000,29.1874,0.000000,-0.000000,-63.410115,0.0000,0.0000,-4.2818
3560000,51.0000000000,0.0000000000,29.2302,0.000000,-0.000000,-63.410115,0.0000,0.0000,-4.2700
3570000,51.0000000000,0.0000000000,29.2728,0.000000,-0.000000,-63.410115,0.0000,0.0000,-4.2581
3580000,51.0000000000,0.0000000000,29.3153,0.000000,-0.000000,-63.410115,0.0000,0.0000,-4.2462
3590000,51.0000000000,0.0000000000,29.3577,0.000000,-0.000000,-63.410115,0.0000,0.0000,-4.2342
3600000,51.0000000000,0.0000000000,29.4000,0.000000,-0.000000,-63.410115,0.0000,0.0000,-4.2222
3610000,51.0000000000,0.0000000000,29.4422,0.000000,-0.000000,-63.410115,0.0000,0.0000,-4.2102
3620000,51.0000000000,0.0000000000,29.4842,0.000000,-0.000000,-63.410115,0.0000,0.0000,-4.1981
3630000,51.0000000000,0.0000000000,29.5261,0.000000,-0.000000,-63.410115,0.0000,0.0000,-4.1859
3640000,51.0000000000,0.0000000000,29.5679,0.000000,-0.000000,-63.410115,0.0000,0.0000,-4.1737
3650000,51.0000000000,0.0000000000,29.6096,0.000000,-0.000000,-63.410115,0.0000,0.0000,-4.1615
3660000,51.0000000000,0.0000000000,29.6511,0.000000,-0.000000,-63.410115,0.0000,0.0000,-4.1492
3670000,51.0000000000,0.0000000000,29.6926,0.000000,-0.000000,-63.410115,0.0000,0.0000,-4.1368
3680000,51.0000000000,0.0000000000,29.7339,0.000000,-0.000000,-63.410115,0.0000,0.0000,-4.1244
3690000,51.0000000000,0.0000000000,29.7751,0.000000,-0.000000,-63.410115,0.0000,0.0000,-4.1120
3700000,51.0000000000,0.0000000000,29.8161,0.000000,-0.000000,-63.410115,0.0000,0.0000,-4.0995
3710000,51.0000000000,0.0000000000,29.8571,0.000000,-0.000000,-63.410115,0.0000,0.0000,-4.0870
3720000,51.0000000000,0.0000000000,29.8979,0.000000,-0.000000,-63.410115,0.0000,0.0000,-4.0744
3730000,51.0000000000,0.0000000000,29.9385,0.000000,-0.000000,-63.410115,0.0000,0.0000,-4.0618
3740000,51.0000000000,0.0000000000,29.9791,0.000000,-0.000000,-63.410115,0.0000,0.0000,-4.0492
3750000,51.0000000000,0.0000000000,30.0195,0.000000,-0.000000,-63.410115,0.0000,0.0000,-4.0365
3760000,51.0000000000,0.0000000000,30.0598,0.000000,-0.000000,-63.410115,0.0000,0.0000,-4.0237
3770000,51.0000000000,0.0000000000,30.1000,0.000000,-0.000000,-63.410115,0.0000,0.0000,-4.0109
3780000,51.0000000000,0.0000000000,30.1400,0.000000,-0.000000,-63.410115,0.0000,0.0000,-3.9981
3790000,51.0000000000,0.0000000000,30.1800,0.000000,-0.000000,-63.410115,0.0000,0.0000,-3.9852
3800000,51.0000000000,0.0000000000,30.2198,0.000000,-0.000000,-63.410115,0.0000,0.0000,-3.9722
3810000,51.0000000000,0.0000000000,30.2594,0.000000,-0.000000,-63.410115,0.0000,0.0000,-3.9592
3820000,51.0000000000,0.0000000000,30.2989,0.000000,-0.000000,-63.410115,0.0000,0.0000,-3.9462
3830000,51.0000000000,0.0000000000,30.3383,0.000000,-0.000000,-63.410115,0.0000,0.0000,-3.9331
3840000,51.0000000000,0.0000000000,30.3776,0.000000,-0.000000,-63.410115,0.0000,0.0000,-3.9200
3850000,51.0000000000,0.0000000000,30.4167,0.000000,-0.000000,-63.410115,0.0000,0.0000,-3.9068
3860000,51.0000000000,0.0000000000,30.4557,0.000000,-0.000000,-63.410115,0.0000,0.0000,-3.8936
3870000,51.0000000000,0.0000000000,30.4946,0.000000,-0.000000,-63.410115,0.0000,0.0000,-3.8803
3880000,51.0000000000,0.0000000000,30.5333,0.000000,-0.000000,-63.410115,0.0000,0.0000,-3.8670
3890000,51.0000000000,0.0000000000,30.5719,0.000000,-0.000000,-63.410115,0.0000,0.0000,-3.8537
3900000,51.0000000000,0.0000000000,30.6104,0.000000,-0.000000,-63.410115,0.0000,0.0000,-3.8403
3910000,51.0000000000,0.0000000000,30.6488,0.000000,-0.000000,-63.410115,0.0000,0.0000,-3.8268
3920000,51.0000000000,0.0000000000,30.6870,0.000000,-0.000000,-63.410115,0.0000,0.0000,-3.8133
3930000,51.0000000000,0.0000000000,30.7250,0.000000,-0.000000,-63.410115,0.0000,0.0000,-3.7998
3940000,51.0000000000,0.0000000000,30.7629,0.000000,-0.000000,-63.410115,0.0000,0.0000,-3.7862
3950000,51.0000000000,0.0000000000,30.8007,0.000000,-0.000000,-63.410115,0.0000,0.0000,-3.7726
3960000,51.0000000000,0.0000000000,30.8384,0.000000,-0.000000,-63.410115,0.0000,0.0000,-3.7589
3970000,51.0000000000,0.0000000000,30.8759,0.000000,-0.000000,-63.410115,0.0000,0.0000,-3.7452
3980000,51.0000000000,0.0000000000,30.9133,0.000000,-0.000000,-63.410115,0.0000,0.0000,-3.7314
3990000,51.0000000000,0.0000000000,30.9505,0.000000,-0.000000,-63.410115,0.0000,0.0000,-3.7176
4000000,51.0000000000,0.0000000000,30.9877,0.000000,-0.000000,-63.410115,0.0000,0.0000,-3.7037
4010000,51.0000000000,0.0000000000,31.0246,0.000000,-0.000000,-63.410115,0.0000,0.0000,-3.6898
4020000,51.0000000000,0.0000000000,31.0614,0.000000,-0.000000,-63.410115,0.0000,0.0000,-3.6758
4030000,51.0000000000,0.0000000000,31.0981,0.000000,-0.000000,-63.410115,0.0000,0.0000,-3.6618
4040000,51.0000000000,0.0000000000,31.1347,0.000000,-0.000000,-63.410115,0.0000,0.0000,-3.6478
4050000,51.0000000000,0.0000000000,31.1711,0.000000,-0.000000,-63.410115,0.0000,0.0000,-3.6337
4060000,51.0000000000,0.0000000000,31.2074,0.000000,-0.000000,-63.410115,0.0000,0.0000,-3.6195
4070000,51.0000000000,0.0000000000,31.2435,0.000000,-0.000000,-63.410115,0.0000,0.0000,-3.6053
4080000,51.0000000000,0.0000000000,31.2795,0.000000,-0.000000,-63.410115,0.0000,0.0000,-3.5911
4090000,51.0000000000,0.0000000000,31.3153,0.000000,-0.000000,-63.410115,0.0000,0.0000,-3.5768
4100000,51.0000000000,0.0000000000,31.3510,0.000000,-0.000000,-63.410115,0.0000,0.0000,-3.5625
4110000,51.0000000000,0.0000000000,31.3866,0.000000,-0.000000,-63.410115,0.0000,0.0000,-3.5481
4120000,51.0000000000,0.0000000000,31.4220,0.000000,-0.000000,-63.410115,0.0000,0.0000,-3.5337
4130000,51.0000000000,0.0000000000,31.4572,0.000000,-0.000000,-63.410115,0.0000,0.0000,-3.5192
4140000,51.0000000000,0.0000000000,31.4923,0.000000,-0.000000,-63.410115,0.0000,0.0000,-3.5047
4150000,51.0000000000,0.0000000000,31.5273,0.000000,-0.000000,-63.410115,0.0000,0.0000,-3.4902
4160000,51.0000000000,0.0000000000,31.5622,0.000000,-0.000000,-63.410115,0.0000,0.0000,-3.4756
4170000,51.0000000000,0.0000000000,31.5968,0.000000,-0.000000,-63.410115,0.0000,0.0000,-3.4609
4180000,51.0000000000,0.0000000000,31.6314,0.000000,-0.000000,-63.410115,0.0000,0.0000,-3.4462
4190000,51.0000000000,0.0000000000,31.6658,0.000000,-0.000000,-63.410115,0.0000,0.0000,-3.4315
4200000,51.0000000000,0.0000000000,31.7000,0.000000,-0.000000,-63.410115,0.0000,0.0000,-3.4167
4210000,51.0000000000,0.0000000000,31.7341,0.000000,-0.000000,-63.410115,0.0000,0.0000,-3.4018
4220000,51.0000000000,0.0000000000,31.7680,0.000000,-0.000000,-63.410115,0.0000,0.0000,-3.3869
4230000,51.0000000000,0.0000000000,31.8018,0.000000,-0.000000,-63.410115,0.0000,0.0000,-3.3720
4240000,51.0000000000,0.0000000000,31.8355,0.000000,-0.000000,-63.410115,0.0000,0.0000,-3.3570
4250000,51.0000000000,0.0000000000,31.8690,0.000000,-0.000000,-63.410115,0.0000,0.0000,-3.3420
4260000,51.0000000000,0.0000000000,31.9023,0.000000,-0.000000,-63.410115,0.0000,0.0000,-3.3269
4270000,51.0000000000,0.0000000000,31.9355,0.000000,-0.000000,-63.410115,0.0000,0.0000,-3.3118
4280000,51.0000000000,0.0000000000,31.9686,0.000000,-0.000000,-63.410115,0.0000,0.0000,-3.2967
4290000,51.0000000000,0.0000000000,32.0014,0.000000,-0.000000,-63.410115,0.0000,0.0000,-3.2815
4300000,51.0000000000,0.0000000000,32.0342,0.000000,-0.000000,-63.410115,0.0000,0.0000,-3.2662
4310000,51.0000000000,0.0000000000,32.0668,0.000000,-0.000000,-63.410115,0.0000,0.0000,-3.2509
4320000,51.0000000000,0.0000000000,32.0992,0.000000,-0.000000,-63.410115,0.0000,0.0000,-3.2356
4330000,51.0000000000,0.0000000000,32.1315,0.000000,-0.000000,-63.410115,0.0000,0.0000,-3.2202
4340000,51.0000000000,0.0000000000,32.1636,0.000000,-0.000000,-63.410115,0.0000,0.0000,-3.2047
4350000,51.0000000000,0.0000000000,32.1956,0.000000,-0.000000,-63.410115,0.0000,0.0000,-3.1892
4360000,51.0000000000,0.0000000000,32.2274,0.000000,-0.000000,-63.410115,0.0000,0.0000,-3.1737
4370000,51.0000000000,0.0000000000,32.2590,0.000000,-0.000000,-63.410115,0.0000,0.0000,-3.1581
4380000,51.0000000000,0.0000000000,32.2905,0.000000,-0.000000,-63.410115,0.0000,0.0000,-3.1425
4390000,51.0000000000,0.0000000000,32.3219,0.000000,-0.000000,-63.410115,0.0000,0.0000,-3.1268
4400000,51.0000000000,0.0000000000,32.3531,0.000000,-0.000000,-63.410115,0.0000,0.0000,-3.1111
4410000,51.0000000000,0.0000000000,32.3841,0.000000,-0.000000,-63.410115,0.0000,0.0000,-3.0953
4420000,51.0000000000,0.0000000000,32.4150,0.000000,-0.000000,-63.410115,0.0000,0.0000,-3.0795
4430000,51.0000000000,0.0000000000,32.4457,0.000000,-0.000000,-63.410115,0.0000,0.0000,-3.0637
4440000,51.0000000000,0.0000000000,32.4763,0.000000,-0.000000,-63.410115,0.0000,0.0000,-3.0478
4450000,51.0000000000,0.0000000000,32.5067,0.000000,-0.000000,-63.410115,0.0000,0.0000,-3.0318
4460000,51.0000000000,0.0000000000,32.5369,0.000000,-0.000000,-63.410115,0.0000,0.0000,-3.0158
4470000,51.0000000000,0.0000000000,32.5670,0.000000,-0.000000,-63.410115,0.0000,0.0000,-2.9998
4480000,51.0000000000,0.0000000000,32.5969,0.000000,-0.000000,-63.410115,0.0000,0.0000,-2.9837
4490000,51.0000000000,0.0000000000,32.6267,0.000000,-0.000000,-63.410115,0.0000,0.0000,-2.9676
4500000,51.0000000000,0.0000000000,32.6562,0.000000,-0.000000,-63.410115,0.0000,0.0000,-2.9514
4510000,51.0000000000,0.0000000000,32.6857,0.000000,-0.000000,-63.410115,0.0000,0.0000,-2.9352
4520000,51.0000000000,0.0000000000,32.7150,0.000000,-0.000000,-63.410115,0.0000,0.0000,-2.9189
4530000,51.0000000000,0.0000000000,32.7441,0.000000,-0.000000,-63.410115,0.0000,0.0000,-2.9026
4540000,51.0000000000,0.0000000000,32.7730,0.000000,-0.000000,-63.410115,0.0000,0.0000,-2.8862
4550000,51.0000000000,0.0000000000,32.8018,0.000000,-0.000000,-63.410115,0.0000,0.0000,-2.8698
4560000,51.0000000000,0.0000000000,32.8304,0.000000,-0.000000,-63.410115,0.0000,0.0000,-2.8533
4570000,51.0000000000,0.0000000000,32.8589,0.000000,-0.000000,-63.410115,0.0000,0.0000,-2.8368
4580000,51.0000000000,0.0000000000,32.8871,0.000000,-0.000000,-63.410115,0.0000,0.0000,-2.8203
4590000,51.0000000000,0.0000000000,32.9153,0.000000,-0.000000,-63.410115,0.0000,0.0000,-2.8037
4600000,51.0000000000,0.0000000000,32.9432,0.000000,-0.000000,-63.410115,0.0000,0.0000,-2.7870
4610000,51.0000000000,0.0000000000,32.9710,0.000000,-0.000000,-63.410115,0.0000,0.0000,-2.7703
4620000,51.0000000000,0.0000000000,32.9986,0.000000,-0.000000,-63.410115,0.0000,0.0000,-2.7536
4630000,51.0000000000,0.0000000000,33.0261,0.000000,-0.000000,-63.410115,0.0000,0.0000,-2.7368
4640000,51.0000000000,0.0000000000,33.0534,0.000000,-0.000000,-63.410115,0.0000,0.0000,-2.7200
4650000,51.0000000000,0.0000000000,33.0805,0.000000,-0.000000,-63.410115,0.0000,0.0000,-2.7031
4660000,51.0000000000,0.0000000000,33.1074,0.000000,-0.000000,-63.410115,0.0000,0.0000,-2.6862
4670000,51.0000000000,0.0000000000,33.1342,0.000000,-0.000000,-63.410115,0.0000,0.0000,-2.6692
4680000,51.0000000000,0.0000000000,33.1608,0.000000,-0.000000,-63.410115,0.0000,0.0000,-2.6522
4690000,51.0000000000,0.0000000000,33.1872,0.000000,-0.000000,-63.410115,0.0000,0.0000,-2.6352
4700000,51.0000000000,0.0000000000,33.2135,0.000000,-0.000000,-63.410115,0.0000,0.0000,-2.6181
4710000,51.0000000000,0.0000000000,33.2396,0.000000,-0.000000,-63.410115,0.0000,0.0000,-2.6009
4720000,51.0000000000,0.0000000000,33.2655,0.000000,-0.000000,-63.410115,0.0000,0.0000,-2.5837
4730000,51.0000000000,0.0000000000,33.2913,0.000000,-0.000000,-63.410115,0.0000,0.0000,-2.5665
4740000,51.0000000000,0.0000000000,33.3168,0.000000,-0.000000,-63.410115,0.0000,0.0000,-2.5492
4750000,51.0000000000,0.0000000000,33.3423,0.000000,-0.000000,-63.410115,0.0000,0.0000,-2.5318
4760000,51.0000000000,0.0000000000,33.3675,0.000000,-0.000000,-63.410115,0.0000,0.0000,-2.5144
4770000,51.0000000000,0.0000000000,33.3925,0.000000,-0.000000,-63.410115,0.0000,0.0000,-2.4970
4780000,51.0000000000,0.0000000000,33.4174,0.000000,-0.000000,-63.410115,0.0000,0.0000,-2.4795
4790000,51.0000000000,0.0000000000,33.4421,0.000000,-0.000000,-63.410115,0.0000,0.0000,-2.4620
4800000,51.0000000000,0.0000000000,33.4667,0.000000,-0.000000,-63.410115,0.0000,0.0000,-2.4444
4810000,51.0000000000,0.0000000000,33.4910,0.000000,-0.000000,-63.410115,0.0000,0.0000,-2.4268
4820000,51.0000000000,0.0000000000,33.5152,0.000000,-0.000000,-63.410115,0.0000,0.0000,-2.4092
4830000,51.0000000000,0.0000000000,33.5392,0.000000,-0.000000,-63.410115,0.0000,0.0000,-2.3915
4840000,51.0000000000,0.0000000000,33.5630,0.000000,-0.000000,-63.410115,0.0000,0.0000,-2.3737
4850000,51.0000000000,0.0000000000,33.5867,0.000000,-0.000000,-63.410115,0.0000,0.0000,-2.3559
4860000,51.0000000000,0.0000000000,33.6102,0.000000,-0.000000,-63.410115,0.0000,0.0000,-2.3381
4870000,51.0000000000,0.0000000000,33.6334,0.000000,-0.000000,-63.410115,0.0000,0.0000,-2.3202
4880000,51.0000000000,0.0000000000,33.6566,0.000000,-0.000000,-63.410115,0.0000,0.0000,-2.3022
4890000,51.0000000000,0.0000000000,33.6795,0.000000,-0.000000,-63.410115,0.0000,0.0000,-2.2842
4900000,51.0000000000,0.0000000000,33.7022,0.000000,-0.000000,-63.410115,0.0000,0.0000,-2.2662
4910000,51.0000000000,0.0000000000,33.7248,0.000000,-0.000000,-63.410115,0.0000,0.0000,-2.2481
4920000,51.0000000000,0.0000000000,33.7472,0.000000,-0.000000,-63.410115,0.0000,0.0000,-2.2300
4930000,51.0000000000,0.0000000000,33.7694,0.000000,-0.000000,-63.410115,0.0000,0.0000,-2.2118
4940000,51.0000000000,0.0000000000,33.7914,0.000000,-0.000000,-63.410115,0.0000,0.0000,-2.1936
4950000,51.0000000000,0.0000000000,33.8133,0.000000,-0.000000,-63.410115,0.0000,0.0000,-2.1753
4960000,51.0000000000,0.0000000000,33.8349,0.000000,-0.000000,-63.410115,0.0000,0.0000,-2.1570
4970000,51.0000000000,0.0000000000,33.8564,0.000000,-0.000000,-63.410115,0.0000,0.0000,-2.1387
4980000,51.0000000000,0.0000000000,33.8777,0.000000,-0.000000,-63.410115,0.0000,0.0000,-2.1203
4990000,51.0000000000,0.0000000000,33.8988,0.000000,-0.000000,-63.410115,0.0000,0.0000,-2.1018
5000000,51.0000000000,0.0000000000,33.9198,0.000000,-0.000000,-63.410115,0.0000,0.0000,-2.0833
5010000,51.0000000000,0.0000000000,33.9405,0.000000,-0.000000,-63.410115,0.0000,0.0000,-2.0648
5020000,51.0000000000,0.0000000000,33.9610,0.000000,-0.000000,-63.410115,0.0000,0.0000,-2.0462
5030000,51.0000000000,0.0000000000,33.9814,0.000000,-0.000000,-63.410115,0.0000,0.0000,-2.0276
5040000,51.0000000000,0.0000000000,34.0016,0.000000,-0.000000,-63.410115,0.0000,0.0000,-2.0089
5050000,51.0000000000,0.0000000000,34.0216,0.000000,-0.000000,-63.410115,0.0000,0.0000,-1.9902
5060000,51.0000000000,0.0000000000,34.0414,0.000000,-0.000000,-63.410115,0.0000,0.0000,-1.9714
5070000,51.0000000000,0.0000000000,34.0610,0.000000,-0.000000,-63.410115,0.0000,0.0000,-1.9526
5080000,51.0000000000,0.0000000000,34.0805,0.000000,-0.000000,-63.410115,0.0000,0.0000,-1.9337
5090000,51.0000000000,0.0000000000,34.0997,0.000000,-0.000000,-63.410115,0.0000,0.0000,-1.9148
5100000,51.0000000000,0.0000000000,34.1187,0.000000,-0.000000,-63.410115,0.0000,0.0000,-1.8958
5110000,51.0000000000,0.0000000000,34.1376,0.000000,-0.000000,-63.410115,0.0000,0.0000,-1.8768
5120000,51.0000000000,0.0000000000,34.1563,0.000000,-0.000000,-63.410115,0.0000,0.0000,-1.8578
5130000,51.0000000000,0.0000000000,34.1748,0.000000,-0.000000,-63.410115,0.0000,0.0000,-1.8387
5140000,51.0000000000,0.0000000000,34.1931,0.000000,-0.000000,-63.410115,0.0000,0.0000,-1.8195
5150000,51.0000000000,0.0000000000,34.2112,0.000000,-0.000000,-63.410115,0.0000,0.0000,-1.8003
5160000,51.0000000000,0.0000000000,34.2291,0.000000,-0.000000,-63.410115,0.0000,0.0000,-1.7811
5170000,51.0000000000,0.0000000000,34.2468,0.000000,-0.000000,-63.410115,0.0000,0.0000,-1.7618
5180000,51.0000000000,0.0000000000,34.2643,0.000000,-0.000000,-63.410115,0.0000,0.0000,-1.7425
5190000,51.0000000000,0.0000000000,34.2816,0.000000,-0.000000,-63.410115,0.0000,0.0000,-1.7231
5200000,51.0000000000,0.0000000000,34.2988,0.000000,-0.000000,-63.410115,0.0000,0.0000,-1.7037
5210000,51.0000000000,0.0000000000,34.3157,0.000000,-0.000000,-63.410115,0.0000,0.0000,-1.6842
5220000,51.0000000000,0.0000000000,34.3324,0.000000,-0.000000,-63.410115,0.0000,0.0000,-1.6647
5230000,51.0000000000,0.0000000000,34.3490,0.000000,-0.000000,-63.410115,0.0000,0.0000,-1.6452
5240000,51.0000000000,0.0000000000,34.3654,0.000000,-0.000000,-63.410115,0.0000,0.0000,-1.6256
5250000,51.0000000000,0.0000000000,34.3815,0.000000,-0.000000,-63.410115,0.0000,0.0000,-1.6059
5260000,51.0000000000,0.0000000000,34.3975,0.000000,-0.000000,-63.410115,0.0000,0.0000,-1.5862
5270000,51.0000000000,0.0000000000,34.4132,0.000000,-0.000000,-63.410115,0.0000,0.0000,-1.5665
5280000,51.0000000000,0.0000000000,34.4288,0.000000,-0.000000,-63.410115,0.0000,0.0000,-1.5467
5290000,51.0000000000,0.0000000000,34.4442,0.000000,-0.000000,-63.410115,0.0000,0.0000,-1.5268
5300000,51.0000000000,0.0000000000,34.4593,0.000000,-0.000000,-63.410115,0.0000,0.0000,-1.5069
5310000,51.0000000000,0.0000000000,34.4743,0.000000,-0.000000,-63.410115,0.0000,0.0000,-1.4870
5320000,51.0000000000,0.0000000000,34.4891,0.000000,-0.000000,-63.410115,0.0000,0.0000,-1.4670
5330000,51.0000000000,0.0000000000,34.5036,0.000000,-0.000000,-63.410115,0.0000,0.0000,-1.4470
5340000,51.0000000000,0.0000000000,34.5180,0.000000,-0.000000,-63.410115,0.0000,0.0000,-1.4269
5350000,51.0000000000,0.0000000000,34.5322,0.000000,-0.000000,-63.410115,0.0000,0.0000,-1.4068
5360000,51.0000000000,0.0000000000,34.5462,0.000000,-0.000000,-63.410115,0.0000,0.0000,-1.3867
5370000,51.0000000000,0.0000000000,34.5599,0.000000,-0.000000,-63.410115,0.0000,0.0000,-1.3665
5380000,51.0000000000,0.0000000000,34.5735,0.000000,-0.000000,-63.410115,0.0000,0.0000,-1.3462
5390000,51.0000000000,0.0000000000,34.5868,0.000000,-0.000000,-63.410115,0.0000,0.0000,-1.3259
5400000,51.0000000000,0.0000000000,34.6000,0.000000,-0.000000,-63.410115,0.0000,0.0000,-1.3056
5410000,51.0000000000,0.0000000000,34.6130,0.000000,-0.000000,-63.410115,0.0000,0.0000,-1.2852
5420000,51.0000000000,0.0000000000,34.6257,0.000000,-0.000000,-63.410115,0.0000,0.0000,-1.2647
5430000,51.0000000000,0.0000000000,34.6382,0.000000,-0.000000,-63.410115,0.0000,0.0000,-1.2442
5440000,51.0000000000,0.0000000000,34.6506,0.000000,-0.000000,-63.410115,0.0000,0.0000,-1.2237
5450000,51.0000000000,0.0000000000,34.6627,0.000000,-0.000000,-63.410115,0.0000,0.0000,-1.2031
5460000,51.0000000000,0.0000000000,34.6746,0.000000,-0.000000,-63.410115,0.0000,0.0000,-1.1825
5470000,51.0000000000,0.0000000000,34.6864,0.000000,-0.000000,-63.410115,0.0000,0.0000,-1.1618
5480000,51.0000000000,0.0000000000,34.6979,0.000000,-0.000000,-63.410115,0.0000,0.0000,-1.1411
5490000,51.0000000000,0.0000000000,34.7092,0.000000,-0.000000,-63.410115,0.0000,0.0000,-1.1203
5500000,51.0000000000,0.0000000000,34.7203,0.000000,-0.000000,-63.410115,0.0000,0.0000,-1.0995
5510000,51.0000000000,0.0000000000,34.7312,0.000000,-0.000000,-63.410115,0.0000,0.0000,-1.0787
5520000,51.0000000000,0.0000000000,34.7419,0.000000,-0.000000,-63.410115,0.0000,0.0000,-1.0578
5530000,51.0000000000,0.0000000000,34.7523,0.000000,-0.000000,-63.410115,0.0000,0.0000,-1.0368
5540000,51.0000000000,0.0000000000,34.7626,0.000000,-0.000000,-63.410115,0.0000,0.0000,-1.0158
5550000,51.0000000000,0.0000000000,34.7727,0.000000,-0.000000,-63.410115,0.0000,0.0000,-0.9948
5560000,51.0000000000,0.0000000000,34.7825,0.000000,-0.000000,-63.410115,0.0000,0.0000,-0.9737
5570000,51.0000000000,0.0000000000,34.7921,0.000000,-0.000000,-63.410115,0.0000,0.0000,-0.9526
5580000,51.0000000000,0.0000000000,34.8015,0.000000,-0.000000,-63.410115,0.0000,0.0000,-0.9314
5590000,51.0000000000,0.0000000000,34.8108,0.000000,-0.000000,-63.410115,0.0000,0.0000,-0.9102
5600000,51.0000000000,0.0000000000,34.8198,0.000000,-0.000000,-63.410115,0.0000,0.0000,-0.8889
5610000,51.0000000000,0.0000000000,34.8285,0.000000,-0.000000,-63.410115,0.0000,0.0000,-0.8676
5620000,51.0000000000,0.0000000000,34.8371,0.000000,-0.000000,-63.410115,0.0000,0.0000,-0.8462
5630000,51.0000000000,0.0000000000,34.8455,0.000000,-0.000000,-63.410115,0.0000,0.0000,-0.8248
5640000,51.0000000000,0.0000000000,34.8536,0.000000,-0.000000,-63.410115,0.0000,0.0000,-0.8033
5650000,51.0000000000,0.0000000000,34.8615,0.000000,-0.000000,-63.410115,0.0000,0.0000,-0.7818
5660000,51.0000000000,0.0000000000,34.8692,0.000000,-0.000000,-63.410115,0.0000,0.0000,-0.7603
5670000,51.0000000000,0.0000000000,34.8767,0.000000,-0.000000,-63.410115,0.0000,0.0000,-0.7387
5680000,51.0000000000,0.0000000000,34.8840,0.000000,-0.000000,-63.410115,0.0000,0.0000,-0.7170
5690000,51.0000000000,0.0000000000,34.8911,0.000000,-0.000000,-63.410115,0.0000,0.0000,-0.6953
5700000,51.0000000000,0.0000000000,34.8979,0.000000,-0.000000,-63.410115,0.0000,0.0000,-0.6736
5710000,51.0000000000,0.0000000000,34.9045,0.000000,-0.000000,-63.410115,0.0000,0.0000,-0.6518
5720000,51.0000000000,0.0000000000,34.9110,0.000000,-0.000000,-63.410115,0.0000,0.0000,-0.6300
5730000,51.0000000000,0.0000000000,34.9171,0.000000,-0.000000,-63.410056,0.0000,0.0000,-0.6081
5740000,51.0000000000,0.0000000000,34.9231,0.000000,-0.000000,-63.409934,0.0000,0.0000,-0.5862
5750000,51.0000000000,0.0000000000,34.9289,0.000000,-0.000000,-63.409742,0.0000,0.0000,-0.5642
5760000,51.0000000000,0.0000000000,34.9344,0.000000,-0.000000,-63.409477,0.0000,0.0000,-0.5422
5770000,51.0000000000,0.0000000000,34.9397,0.000000,-0.000000,-63.409133,0.0000,0.0000,-0.5202
5780000,51.0000000000,0.0000000000,34.9448,0.000000,-0.000000,-63.408705,0.0000,0.0000,-0.4981
5790000,51.0000000000,0.0000000000,34.9497,0.000000,-0.000000,-63.408188,0.0000,0.0000,-0.4759
5800000,51.0000000000,0.0000000000,34.9543,0.000000,-0.000000,-63.407577,0.0000,0.0000,-0.4537
5810000,51.0000000000,0.0000000000,34.9587,0.000000,-0.000000,-63.406866,0.0000,0.0000,-0.4315
5820000,51.0000000000,0.0000000000,34.9629,0.000000,-0.000000,-63.406052,0.0000,0.0000,-0.4092
5830000,51.0000000000,0.0000000000,34.9669,0.000000,-0.000000,-63.405129,0.0000,0.0000,-0.3868
5840000,51.0000000000,0.0000000000,34.9707,0.000000,-0.000000,-63.404092,0.0000,0.0000,-0.3644
5850000,51.0000000000,0.0000000000,34.9742,0.000000,-0.000000,-63.402936,0.0000,0.0000,-0.3420
5860000,51.0000000000,0.0000000000,34.9775,0.000000,-0.000000,-63.401656,0.0000,0.0000,-0.3195
5870000,51.0000000000,0.0000000000,34.9806,0.000000,-0.000000,-63.400247,0.0000,0.0000,-0.2970
5880000,51.0000000000,0.0000000000,34.9835,0.000000,-0.000000,-63.398704,0.0000,0.0000,-0.2744
5890000,51.0000000000,0.0000000000,34.9861,0.000000,-0.000000,-63.397023,0.0000,0.0000,-0.2518
5900000,51.0000000000,0.0000000000,34.9885,0.000000,-0.000000,-63.395197,0.0000,0.0000,-0.2292
5910000,51.0000000000,0.0000000000,34.9907,0.000000,-0.000000,-63.393223,0.0000,0.0000,-0.2065
5920000,51.0000000000,0.0000000000,34.9926,0.000000,-0.000000,-63.391096,0.0000,0.0000,-0.1837
5930000,51.0000000000,0.0000000000,34.9944,0.000000,-0.000000,-63.388809,0.0000,0.0000,-0.1609
5940000,51.0000000000,0.0000000000,34.9958,0.000000,-0.000000,-63.386360,0.0000,0.0000,-0.1381
5950000,51.0000000000,0.0000000000,34.9971,0.000000,-0.000000,-63.383742,0.0000,0.0000,-0.1152
5960000,51.0000000000,0.0000000000,34.9982,0.000000,-0.000000,-63.380950,0.0000,0.0000,-0.0922
5970000,51.0000000000,0.0000000000,34.9990,0.000000,-0.000000,-63.377981,0.0000,0.0000,-0.0692
5980000,51.0000000000,0.0000000000,34.9995,0.000000,-0.000000,-63.374828,0.0000,0.0000,-0.0462
5990000,51.0000000000,0.0000000000,34.9999,0.000000,-0.000000,-63.371488,0.0000,0.0000,-0.0231
6000000,51.0000000000,0.0000000000,35.0000,-0.036692,-26.187672,-63.351762,0.0000,0.0000,0.0000
6010000,51.0000000010,-0.0000000031,35.0000,-0.038333,-26.155201,-63.347327,0.0216,-0.0431,0.0000
6020000,51.0000000039,-0.0000000123,35.0000,-0.039404,-26.122712,-63.342942,0.0431,-0.0861,0.0000
6030000,51.0000000087,-0.0000000276,35.0000,-0.039910,-26.090207,-63.338598,0.0646,-0.1291,0.0000
6040000,51.0000000155,-0.0000000491,35.0000,-0.039859,-26.057684,-63.334288,0.0860,-0.1720,0.0000
6050000,51.0000000242,-0.0000000766,35.0000,-0.039255,-26.025143,-63.330004,0.1075,-0.2149,0.0000
6060000,51.0000000348,-0.0000001103,35.0000,-0.038105,-25.992586,-63.325736,0.1289,-0.2577,0.0000
6070000,51.0000000473,-0.0000001500,35.0000,-0.036414,-25.960011,-63.321477,0.1503,-0.3004,0.0000
6080000,51.0000000618,-0.0000001959,35.0000,-0.034187,-25.927420,-63.317220,0.1716,-0.3431,0.0000
6090000,51.0000000782,-0.0000002478,35.0000,-0.031432,-25.894811,-63.312955,0.1930,-0.3857,0.0000
6100000,51.0000000965,-0.0000003058,35.0000,-0.028152,-25.862185,-63.308674,0.2143,-0.4282,0.0000
6110000,51.0000001167,-0.0000003698,35.0000,-0.024355,-25.829542,-63.304370,0.2356,-0.4707,0.0000
6120000,51.0000001389,-0.0000004399,35.0000,-0.020045,-25.796881,-63.300035,0.2569,-0.5131,0.0000
6130000,51.0000001629,-0.0000005160,35.0000,-0.015227,-25.764203,-63.295660,0.2781,-0.5554,0.0000
6140000,51.0000001889,-0.0000005981,35.0000,-0.009909,-25.731508,-63.291237,0.2994,-0.5977,0.0000
6150000,51.0000002167,-0.0000006862,35.0000,-0.004094,-25.698795,-63.286760,0.3206,-0.6399,0.0000
6160000,51.0000002465,-0.0000007804,35.0000,0.002211,-25.666064,-63.282219,0.3418,-0.6820,0.0000
6170000,51.0000002782,-0.0000008805,35.0000,0.009001,-25.633316,-63.277607,0.3630,-0.7240,0.0000
6180000,51.0000003117,-0.0000009867,35.0000,0.016271,-25.600549,-63.272916,0.3841,-0.7660,0.0000
6190000,51.0000003472,-0.0000010988,35.0000,0.024016,-25.567764,-63.268139,0.4053,-0.8079,0.0000
6200000,51.0000003846,-0.0000012169,35.0000,0.032229,-25.534962,-63.263267,0.4264,-0.8498,0.0000
6210000,51.0000004239,-0.0000013409,35.0000,0.040906,-25.502140,-63.258293,0.4475,-0.8916,0.0000
6220000,51.0000004651,-0.0000014709,35.0000,0.050041,-25.469300,-63.253209,0.4686,-0.9333,0.0000
6230000,51.0000005081,-0.0000016068,35.0000,0.059629,-25.436442,-63.248007,0.4897,-0.9749,0.0000
6240000,51.0000005531,-0.0000017486,35.0000,0.069665,-25.403564,-63.242680,0.5108,-1.0165,0.0000
6250000,51.0000006000,-0.0000018964,35.0000,0.080144,-25.370668,-63.237220,0.5319,-1.0580,0.0000
6260000,51.0000006487,-0.0000020500,35.0000,0.091060,-25.337752,-63.231620,0.5530,-1.0994,0.0000
6270000,51.0000006994,-0.0000022096,35.0000,0.102409,-25.304816,-63.225871,0.5741,-1.1407,0.0000
6280000,51.0000007519,-0.0000023750,35.0000,0.114184,-25.271861,-63.219967,0.5951,-1.1820,0.0000
6290000,51.0000008064,-0.0000025463,35.0000,0.126382,-25.238886,-63.213900,0.6162,-1.2232,0.0000
6300000,51.0000008627,-0.0000027235,35.0000,0.138997,-25.205891,-63.207662,0.6372,-1.2643,0.0000
6310000,51.0000009209,-0.0000029066,35.0000,0.152024,-25.172876,-63.201247,0.6582,-1.3054,0.0000
6320000,51.0000009810,-0.0000030954,35.0000,0.165458,-25.139840,-63.194646,0.6793,-1.3463,0.0000
6330000,51.0000010430,-0.0000032901,35.0000,0.179294,-25.106784,-63.187852,0.7003,-1.3872,0.0000
6340000,51.0000011069,-0.0000034907,35.0000,0.193528,-25.073707,-63.180858,0.7213,-1.4280,0.0000
6350000,51.0000011727,-0.0000036970,35.0000,0.208153,-25.040609,-63.173656,0.7424,-1.4688,0.0000
6360000,51.0000012404,-0.0000039091,35.0000,0.223166,-25.007489,-63.166239,0.7634,-1.5095,0.0000
6370000,51.0000013100,-0.0000041270,35.0000,0.238561,-24.974348,-63.158601,0.7844,-1.5501,0.0000
6380000,51.0000013814,-0.0000043507,35.0000,0.254334,-24.941186,-63.150733,0.8054,-1.5906,0.0000
6390000,51.0000014548,-0.0000045802,35.0000,0.270480,-24.908002,-63.142628,0.8265,-1.6310,0.0000
6400000,51.0000015300,-0.0000048154,35.0000,0.286993,-24.874795,-63.134280,0.8475,-1.6714,0.0000
6410000,51.0000016071,-0.0000050564,35.0000,0.303870,-24.841567,-63.125681,0.8685,-1.7116,0.0000
6420000,51.0000016861,-0.0000053031,35.0000,0.321106,-24.808316,-63.116823,0.8896,-1.7518,0.0000
6430000,51.0000017670,-0.0000055555,35.0000,0.338695,-24.775043,-63.107701,0.9106,-1.7919,0.0000
6440000,51.0000018498,-0.0000058136,35.0000,0.356634,-24.741746,-63.098306,0.9316,-1.8320,0.0000
6450000,51.0000019345,-0.0000060774,35.0000,0.374917,-24.708428,-63.088632,0.9527,-1.8719,0.0000
6460000,51.0000020211,-0.0000063469,35.0000,0.393540,-24.675086,-63.078671,0.9738,-1.9118,0.0000
6470000,51.0000021096,-0.0000066221,35.0000,0.412499,-24.641720,-63.068417,0.9948,-1.9516,0.0000
6480000,51.0000022000,-0.0000069030,35.0000,0.431788,-24.608332,-63.057863,1.0159,-1.9913,0.0000
6490000,51.0000022922,-0.0000071895,35.0000,0.451404,-24.574920,-63.047002,1.0370,-2.0310,0.0000
6500000,51.0000023864,-0.0000074816,35.0000,0.471341,-24.541485,-63.035826,1.0581,-2.0705,0.0000
6510000,51.0000024824,-0.0000077794,35.0000,0.491596,-24.508026,-63.024329,1.0792,-2.1100,0.0000
6520000,51.0000025804,-0.0000080827,35.0000,0.512164,-24.474543,-63.012504,1.1003,-2.1494,0.0000
6530000,51.0000026802,-0.0000083917,35.0000,0.533069,-24.441035,-63.000416,1.1214,-2.1887,0.0000
6540000,51.0000027820,-0.0000087063,35.0000,0.554310,-24.407503,-62.988062,1.1425,-2.2279,0.0000
6550000,51.0000028856,-0.0000090265,35.0000,0.575885,-24.373946,-62.975443,1.1637,-2.2670,0.0000
6560000,51.0000029912,-0.0000093522,35.0000,0.597791,-24.340363,-62.962558,1.1848,-2.3060,0.0000
6570000,51.0000030987,-0.0000096835,35.0000,0.620027,-24.306756,-62.949405,1.2060,-2.3450,0.0000
6580000,51.0000032080,-0.0000100203,35.0000,0.642591,-24.273122,-62.935985,1.2272,-2.3839,0.0000
6590000,51.0000033193,-0.0000103626,35.0000,0.665480,-24.239463,-62.922295,1.2484,-2.4227,0.0000
6600000,51.0000034324,-0.0000107105,35.0000,0.688693,-24.205778,-62.908336,1.2696,-2.4614,0.0000
6610000,51.0000035475,-0.0000110639,35.0000,0.712227,-24.172066,-62.894107,1.2908,-2.5000,0.0000
6620000,51.0000036645,-0.0000114228,35.0000,0.736081,-24.138328,-62.879607,1.3121,-2.5385,0.0000
6630000,51.0000037834,-0.0000117871,35.0000,0.760253,-24.104563,-62.864834,1.3334,-2.5770,0.0000
6640000,51.0000039042,-0.0000121570,35.0000,0.784740,-24.070771,-62.849789,1.3547,-2.6153,0.0000
6650000,51.0000040269,-0.0000125323,35.0000,0.809541,-24.036952,-62.834470,1.3760,-2.6536,0.0000
6660000,51.0000041516,-0.0000129130,35.0000,0.834653,-24.003106,-62.818877,1.3973,-2.6917,0.0000
6670000,51.0000042781,-0.0000132992,35.0000,0.860076,-23.969231,-62.803009,1.4186,-2.7298,0.0000
6680000,51.0000044066,-0.0000136907,35.0000,0.885805,-23.935329,-62.786866,1.4400,-2.7678,0.0000
6690000,51.0000045370,-0.0000140877,35.0000,0.911841,-23.901399,-62.770446,1.4614,-2.8057,0.0000
6700000,51.0000046694,-0.0000144901,35.0000,0.938180,-23.867440,-62.753748,1.4828,-2.8436,0.0000
6710000,51.0000048036,-0.0000148979,35.0000,0.964821,-23.833453,-62.736773,1.5043,-2.8813,0.0000
6720000,51.0000049398,-0.0000153110,35.0000,0.991762,-23.799437,-62.719519,1.5257,-2.9189,0.0000
6730000,51.0000050779,-0.0000157295,35.0000,1.019001,-23.765392,-62.701985,1.5472,-2.9565,0.0000
6740000,51.0000052179,-0.0000161533,35.0000,1.046536,-23.731318,-62.684171,1.5687,-2.9939,0.0000
6750000,51.0000053599,-0.0000165825,35.0000,1.074364,-23.697214,-62.666077,1.5903,-3.0313,0.0000
6760000,51.0000055038,-0.0000170170,35.0000,1.102485,-23.663080,-62.647700,1.6118,-3.0685,0.0000
6770000,51.0000056497,-0.0000174567,35.0000,1.130896,-23.628917,-62.629042,1.6334,-3.1057,0.0000
6780000,51.0000057975,-0.0000179018,35.0000,1.159595,-23.594723,-62.610100,1.6550,-3.1428,0.0000
6790000,51.0000059472,-0.0000183521,35.0000,1.188580,-23.560499,-62.590875,1.6767,-3.1798,0.0000
6800000,51.0000060989,-0.0000188078,35.0000,1.217850,-23.526245,-62.571365,1.6983,-3.2167,0.0000
6810000,51.0000062525,-0.0000192686,35.0000,1.247402,-23.491959,-62.551570,1.7200,-3.2535,0.0000
6820000,51.0000064081,-0.0000197347,35.0000,1.277235,-23.457643,-62.531489,1.7418,-3.2902,0.0000
6830000,51.0000065657,-0.0000202060,35.0000,1.307346,-23.423295,-62.511122,1.7635,-3.3268,0.0000
6840000,51.0000067252,-0.0000206825,35.0000,1.337734,-23.388916,-62.490468,1.7853,-3.3633,0.0000
6850000,51.0000068866,-0.0000211642,35.0000,1.368397,-23.354505,-62.469526,1.8071,-3.3997,0.0000
6860000,51.0000070501,-0.0000216511,35.0000,1.399332,-23.320062,-62.448295,1.8290,-3.4361,0.0000
6870000,51.0000072154,-0.0000221432,35.0000,1.430539,-23.285587,-62.426775,1.8509,-3.4723,0.0000
6880000,51.0000073828,-0.0000226404,35.0000,1.462015,-23.251080,-62.404965,1.8728,-3.5084,0.0000
6890000,51.0000075521,-0.0000231428,35.0000,1.493758,-23.216540,-62.382865,1.8947,-3.5444,0.0000
6900000,51.0000077234,-0.0000236502,35.0000,1.525766,-23.181967,-62.360473,1.9167,-3.5804,0.0000
6910000,51.0000078967,-0.0000241628,35.0000,1.558037,-23.147362,-62.337790,1.9387,-3.6162,0.0000
6920000,51.0000080720,-0.0000246805,35.0000,1.590571,-23.112723,-62.314814,1.9608,-3.6519,0.0000
6930000,51.0000082492,-0.0000252033,35.0000,1.623364,-23.078051,-62.291545,1.9829,-3.6876,0.0000
6940000,51.0000084284,-0.0000257311,35.0000,1.656415,-23.043345,-62.267983,2.0050,-3.7231,0.0000
6950000,51.0000086097,-0.0000262640,35.0000,1.689722,-23.008605,-62.244126,2.0271,-3.7586,0.0000
6960000,51.0000087929,-0.0000268020,35.0000,1.723282,-22.973832,-62.219974,2.0493,-3.7939,0.0000
6970000,51.0000089781,-0.0000273450,35.0000,1.757096,-22.939024,-62.195527,2.0716,-3.8291,0.0000
6980000,51.0000091653,-0.0000278929,35.0000,1.791159,-22.904182,-62.170783,2.0938,-3.8643,0.0000
6990000,51.0000093545,-0.0000284459,35.0000,1.825472,-22.869305,-62.145742,2.1161,-3.8993,0.0000
7000000,51.0000095457,-0.0000290039,35.0000,1.860031,-22.834394,-62.120404,2.1385,-3.9342,0.0000
7010000,51.0000097390,-0.0000295668,35.0000,1.894834,-22.799448,-62.094768,2.1609,-3.9691,0.0000
7020000,51.0000099342,-0.0000301347,35.0000,1.929881,-22.764466,-62.068834,2.1833,-4.0038,0.0000
7030000,51.0000101315,-0.0000307075,35.0000,1.965169,-22.729449,-62.042600,2.2057,-4.0384,0.0000
7040000,51.0000103307,-0.0000312853,35.0000,2.000697,-22.694397,-62.016066,2.2282,-4.0730,0.0000
7050000,51.0000105321,-0.0000318679,35.0000,2.036462,-22.659309,-61.989232,2.2508,-4.1074,0.0000
7060000,51.0000107354,-0.0000324555,35.0000,2.072463,-22.624185,-61.962097,2.2734,-4.1417,0.0000
7070000,51.0000109408,-0.0000330479,35.0000,2.108698,-22.589025,-61.934661,2.2960,-4.1759,0.0000
7080000,51.0000111482,-0.0000336452,35.0000,2.145164,-22.553829,-61.906922,2.3187,-4.2100,0.0000
7090000,51.0000113576,-0.0000342474,35.0000,2.181862,-22.518596,-61.878881,2.3414,-4.2440,0.0000
7100000,51.0000115691,-0.0000348544,35.0000,2.218787,-22.483327,-61.850536,2.3641,-4.2779,0.0000
7110000,51.0000117826,-0.0000354662,35.0000,2.255940,-22.448021,-61.821888,2.3869,-4.3117,0.0000
7120000,51.0000119982,-0.0000360828,35.0000,2.293317,-22.412679,-61.792935,2.4098,-4.3454,0.0000
7130000,51.0000122158,-0.0000367043,35.0000,2.330917,-22.377299,-61.763677,2.4326,-4.3790,0.0000
7140000,51.0000124355,-0.0000373304,35.0000,2.368739,-22.341882,-61.734114,2.4556,-4.4125,0.0000
7150000,51.0000126573,-0.0000379614,35.0000,2.406780,-22.306428,-61.704245,2.4785,-4.4458,0.0000
7160000,51.0000128811,-0.0000385971,35.0000,2.445039,-22.270936,-61.674069,2.5016,-4.4791,0.0000
7170000,51.0000131070,-0.0000392375,35.0000,2.483514,-22.235406,-61.643586,2.5246,-4.5122,0.0000
7180000,51.0000133350,-0.0000398827,35.0000,2.522203,-22.199839,-61.612796,2.5477,-4.5453,0.0000
7190000,51.0000135650,-0.0000405325,35.0000,2.561105,-22.164234,-61.581697,2.5709,-4.5782,0.0000
7200000,51.0000137972,-0.0000411870,35.0000,2.600217,-22.128591,-61.550290,2.5941,-4.6111,0.0000
7210000,51.0000140314,-0.0000418462,35.0000,2.639538,-22.092909,-61.518573,2.6173,-4.6438,0.0000
7220000,51.0000142677,-0.0000425101,35.0000,2.679066,-22.057189,-61.486547,2.6406,-4.6764,0.0000
7230000,51.0000145061,-0.0000431786,35.0000,2.718800,-22.021431,-61.454211,2.6640,-4.7089,0.0000
7240000,51.0000147466,-0.0000438517,35.0000,2.758737,-21.985634,-61.421564,2.6874,-4.7413,0.0000
7250000,51.0000149893,-0.0000445294,35.0000,2.798876,-21.949798,-61.388606,2.7108,-4.7735,0.0000
7260000,51.0000152340,-0.0000452117,35.0000,2.839215,-21.913924,-61.355337,2.7343,-4.8057,0.0000
7270000,51.0000154808,-0.0000458986,35.0000,2.879753,-21.878010,-61.321755,2.7578,-4.8378,0.0000
7280000,51.0000157298,-0.0000465900,35.0000,2.920487,-21.842057,-61.287860,2.7814,-4.8697,0.0000
7290000,51.0000159809,-0.0000472860,35.0000,2.961416,-21.806065,-61.253653,2.8050,-4.9015,0.0000
7300000,51.0000162341,-0.0000479865,35.0000,3.002538,-21.770034,-61.219131,2.8287,-4.9332,0.0000
7310000,51.0000164894,-0.0000486915,35.0000,3.043852,-21.733964,-61.184296,2.8525,-4.9648,0.0000
7320000,51.0000167469,-0.0000494010,35.0000,3.085355,-21.697853,-61.149146,2.8763,-4.9963,0.0000
7330000,51.0000170065,-0.0000501150,35.0000,3.127047,-21.661704,-61.113682,2.9001,-5.0277,0.0000
7340000,51.0000172682,-0.0000508334,35.0000,3.168925,-21.625514,-61.077902,2.9240,-5.0590,0.0000
7350000,51.0000175321,-0.0000515563,35.0000,3.210987,-21.589285,-61.041805,2.9479,-5.0901,0.0000
7360000,51.0000177982,-0.0000522836,35.0000,3.253232,-21.553016,-61.005393,2.9719,-5.1211,0.0000
7370000,51.0000180664,-0.0000530154,35.0000,3.295659,-21.516706,-60.968664,2.9960,-5.1521,0.0000
7380000,51.0000183368,-0.0000537515,35.0000,3.338264,-21.480357,-60.931618,3.0201,-5.1829,0.0000
7390000,51.0000186094,-0.0000544920,35.0000,3.381048,-21.443968,-60.894253,3.0442,-5.2135,0.0000
7400000,51.0000188841,-0.0000552369,35.0000,3.424008,-21.407538,-60.856571,3.0684,-5.2441,0.0000
7410000,51.0000191610,-0.0000559861,35.0000,3.467142,-21.371068,-60.818571,3.0927,-5.2746,0.0000
7420000,51.0000194401,-0.0000567396,35.0000,3.510448,-21.334557,-60.780251,3.1170,-5.3049,0.0000
7430000,51.0000197214,-0.0000574975,35.0000,3.553926,-21.298007,-60.741612,3.1413,-5.3351,0.0000
7440000,51.0000200048,-0.0000582597,35.0000,3.597573,-21.261415,-60.702654,3.1657,-5.3652,0.0000
7450000,51.0000202905,-0.0000590261,35.0000,3.641388,-21.224783,-60.663375,3.1902,-5.3952,0.0000
7460000,51.0000205784,-0.0000597968,35.0000,3.685369,-21.188111,-60.623776,3.2147,-5.4251,0.0000
7470000,51.0000208684,-0.0000605717,35.0000,3.729514,-21.151398,-60.583856,3.2393,-5.4548,0.0000
7480000,51.0000211607,-0.0000613509,35.0000,3.773822,-21.114644,-60.543614,3.2639,-5.4844,0.0000
7490000,51.0000214552,-0.0000621343,35.0000,3.818291,-21.077849,-60.503051,3.2886,-5.5139,0.0000
7500000,51.0000217519,-0.0000629219,35.0000,3.862919,-21.041014,-60.462165,3.3134,-5.5433,0.0000
7510000,51.0000220509,-0.0000637136,35.0000,3.907705,-21.004137,-60.420957,3.3382,-5.5726,0.0000
7520000,51.0000223521,-0.0000645095,35.0000,3.952647,-20.967220,-60.379427,3.3630,-5.6017,0.0000
7530000,51.0000226555,-0.0000653096,35.0000,3.997743,-20.930262,-60.337573,3.3879,-5.6307,0.0000
7540000,51.0000229611,-0.0000661138,35.0000,4.042992,-20.893263,-60.295395,3.4129,-5.6596,0.0000
7550000,51.0000232690,-0.0000669221,35.0000,4.088392,-20.856223,-60.252894,3.4379,-5.6884,0.0000
7560000,51.0000235792,-0.0000677345,35.0000,4.133942,-20.819142,-60.210068,3.4630,-5.7171,0.0000
7570000,51.0000238916,-0.0000685509,35.0000,4.179640,-20.782021,-60.166917,3.4881,-5.7456,0.0000
7580000,51.0000242063,-0.0000693714,35.0000,4.225484,-20.744858,-60.123442,3.5133,-5.7740,0.0000
7590000,51.0000245232,-0.0000701960,35.0000,4.271472,-20.707654,-60.079641,3.5386,-5.8023,0.0000
7600000,51.0000248424,-0.0000710245,35.0000,4.317604,-20.670409,-60.035515,3.5639,-5.8305,0.0000
7610000,51.0000251639,-0.0000718571,35.0000,4.363877,-20.633123,-59.991062,3.5893,-5.8585,0.0000
7620000,51.0000254877,-0.0000726937,35.0000,4.410290,-20.595797,-59.946284,3.6147,-5.8864,0.0000
7630000,51.0000258138,-0.0000735342,35.0000,4.456841,-20.558429,-59.901178,3.6402,-5.9142,0.0000
7640000,51.0000261421,-0.0000743787,35.0000,4.503528,-20.521020,-59.855746,3.6657,-5.9419,0.0000
7650000,51.0000264728,-0.0000752271,35.0000,4.550351,-20.483570,-59.809986,3.6913,-5.9694,0.0000
7660000,51.0000268057,-0.0000760794,35.0000,4.597307,-20.446080,-59.763899,3.7169,-5.9968,0.0000
7670000,51.0000271410,-0.0000769356,35.0000,4.644395,-20.408548,-59.717484,3.7426,-6.0241,0.0000
7680000,51.0000274786,-0.0000777957,35.0000,4.691613,-20.370975,-59.670741,3.7684,-6.0513,0.0000
7690000,51.0000278185,-0.0000786597,35.0000,4.738960,-20.333362,-59.623669,3.7942,-6.0783,0.0000
7700000,51.0000281607,-0.0000795275,35.0000,4.786434,-20.295708,-59.576268,3.8201,-6.1052,0.0000
7710000,51.0000285052,-0.0000803991,35.0000,4.834033,-20.258013,-59.528539,3.8461,-6.1320,0.0000
7720000,51.0000288521,-0.0000812745,35.0000,4.881757,-20.220277,-59.480480,3.8721,-6.1586,0.0000
7730000,51.0000292014,-0.0000821537,35.0000,4.929602,-20.182501,-59.432092,3.8981,-6.1852,0.0000
7740000,51.0000295529,-0.0000830367,35.0000,4.977569,-20.144684,-59.383373,3.9243,-6.2115,0.0000
7750000,51.0000299069,-0.0000839235,35.0000,5.025655,-20.106826,-59.334325,3.9504,-6.2378,0.0000
7760000,51.0000302631,-0.0000848139,35.0000,5.073858,-20.068928,-59.284946,3.9767,-6.2639,0.0000
7770000,51.0000306218,-0.0000857081,35.0000,5.122178,-20.030990,-59.235237,4.0030,-6.2899,0.0000
7780000,51.0000309828,-0.0000866060,35.0000,5.170613,-19.993010,-59.185197,4.0293,-6.3158,0.0000
7790000,51.0000313462,-0.0000875075,35.0000,5.219160,-19.954991,-59.134825,4.0558,-6.3415,0.0000
7800000,51.0000317119,-0.0000884127,35.0000,5.267819,-19.916931,-59.084123,4.0822,-6.3672,0.0000
7810000,51.0000320800,-0.0000893216,35.0000,5.316588,-19.878831,-59.033089,4.1088,-6.3926,0.0000
7820000,51.0000324506,-0.0000902340,35.0000,5.365466,-19.840691,-58.981723,4.1354,-6.4180,0.0000
7830000,51.0000328235,-0.0000911501,35.0000,5.414450,-19.802511,-58.930025,4.1620,-6.4432,0.0000
7840000,51.0000331988,-0.0000920698,35.0000,5.463541,-19.764291,-58.877994,4.1887,-6.4683,0.0000
7850000,51.0000335765,-0.0000929930,35.0000,5.512735,-19.726032,-58.825632,4.2155,-6.4932,0.0000
7860000,51.0000339567,-0.0000939197,35.0000,5.562031,-19.687732,-58.772936,4.2423,-6.5180,0.0000
7870000,51.0000343392,-0.0000948500,35.0000,5.611429,-19.649393,-58.719908,4.2692,-6.5427,0.0000
7880000,51.0000347242,-0.0000957838,35.0000,5.660925,-19.611014,-58.666547,4.2962,-6.5673,0.0000
7890000,51.0000351116,-0.0000967211,35.0000,5.710520,-19.572596,-58.612852,4.3232,-6.5917,0.0000
7900000,51.0000355014,-0.0000976618,35.0000,5.760212,-19.534138,-58.558824,4.3503,-6.6159,0.0000
7910000,51.0000358936,-0.0000986060,35.0000,5.809998,-19.495641,-58.504463,4.3774,-6.6401,0.0000
7920000,51.0000362883,-0.0000995536,35.0000,5.859878,-19.457105,-58.449768,4.4046,-6.6641,0.0000
7930000,51.0000366855,-0.0001005046,35.0000,5.909849,-19.418530,-58.394738,4.4319,-6.6880,0.0000
7940000,51.0000370851,-0.0001014591,35.0000,5.959912,-19.379916,-58.339375,4.4592,-6.7117,0.0000
7950000,51.0000374871,-0.0001024169,35.0000,6.010063,-19.341263,-58.283677,4.4866,-6.7353,0.0000
7960000,51.0000378917,-0.0001033780,35.0000,6.060302,-19.302572,-58.227645,4.5140,-6.7588,0.0000
7970000,51.0000382987,-0.0001043425,35.0000,6.110627,-19.263842,-58.171279,4.5415,-6.7821,0.0000
7980000,51.0000387081,-0.0001053103,35.0000,6.161037,-19.225074,-58.114577,4.5690,-6.8053,0.0000
7990000,51.0000391201,-0.0001062814,35.0000,6.211530,-19.186268,-58.057541,4.5966,-6.8283,0.0000
8000000,51.0000395345,-0.0001072557,35.0000,6.262105,-19.147424,-58.000170,4.6243,-6.8512,0.0000
8010000,51.0000399514,-0.0001082333,35.0000,6.312760,-19.108541,-57.942464,4.6521,-6.8740,0.0000
8020000,51.0000403708,-0.0001092142,35.0000,6.363494,-19.069621,-57.884422,4.6798,-6.8966,0.0000
8030000,51.0000407927,-0.0001101982,35.0000,6.414306,-19.030663,-57.826046,4.7077,-6.9191,0.0000
8040000,51.0000412172,-0.0001111855,35.0000,6.465193,-18.991668,-57.767333,4.7356,-6.9415,0.0000
8050000,51.0000416441,-0.0001121759,35.0000,6.516155,-18.952636,-57.708285,4.7636,-6.9637,0.0000
8060000,51.0000420735,-0.0001131695,35.0000,6.567191,-18.913566,-57.648902,4.7916,-6.9857,0.0000
8070000,51.0000425055,-0.0001141662,35.0000,6.618298,-18.874460,-57.589183,4.8197,-7.0077,0.0000
8080000,51.0000429400,-0.0001151660,35.0000,6.669476,-18.835316,-57.529127,4.8479,-7.0295,0.0000
8090000,51.0000433771,-0.0001161689,35.0000,6.720722,-18.796137,-57.468736,4.8761,-7.0511,0.0000
8100000,51.0000438166,-0.0001171749,35.0000,6.772036,-18.756920,-57.408009,4.9043,-7.0726,0.0000
8110000,51.0000442587,-0.0001181840,35.0000,6.823417,-18.717668,-57.346946,4.9327,-7.0940,0.0000
8120000,51.0000447034,-0.0001191961,35.0000,6.874862,-18.678379,-57.285547,4.9611,-7.1152,0.0000
8130000,51.0000451506,-0.0001202112,35.0000,6.926370,-18.639054,-57.223811,4.9895,-7.1363,0.0000
8140000,51.0000456004,-0.0001212292,35.0000,6.977940,-18.599694,-57.161739,5.0180,-7.1572,0.0000
8150000,51.0000460528,-0.0001222503,35.0000,7.029572,-18.560298,-57.099331,5.0466,-7.1780,0.0000
8160000,51.0000465077,-0.0001232743,35.0000,7.081262,-18.520867,-57.036586,5.0752,-7.1986,0.0000
8170000,51.0000469652,-0.0001243012,35.0000,7.133010,-18.481401,-56.973505,5.1039,-7.2191,0.0000
8180000,51.0000474252,-0.0001253311,35.0000,7.184815,-18.441900,-56.910088,5.1326,-7.2395,0.0000
8190000,51.0000478879,-0.0001263638,35.0000,7.236675,-18.402364,-56.846334,5.1614,-7.2597,0.0000
8200000,51.0000483531,-0.0001273994,35.0000,7.288588,-18.362794,-56.782244,5.1903,-7.2798,0.0000
8210000,51.0000488210,-0.0001284379,35.0000,7.340554,-18.323190,-56.717817,5.2192,-7.2997,0.0000
8220000,51.0000492914,-0.0001294792,35.0000,7.392572,-18.283551,-56.653053,5.2482,-7.3195,0.0000
8230000,51.0000497645,-0.0001305233,35.0000,7.444639,-18.243879,-56.587953,5.2772,-7.3391,0.0000
8240000,51.0000502402,-0.0001315702,35.0000,7.496754,-18.204173,-56.522516,5.3063,-7.3586,0.0000
8250000,51.0000507184,-0.0001326198,35.0000,7.548916,-18.164434,-56.456743,5.3355,-7.3779,0.0000
8260000,51.0000511994,-0.0001336722,35.0000,7.601125,-18.124661,-56.390633,5.3647,-7.3971,0.0000
8270000,51.0000516829,-0.0001347273,35.0000,7.653377,-18.084856,-56.324187,5.3939,-7.4161,0.0000
8280000,51.0000521691,-0.0001357851,35.0000,7.705673,-18.045018,-56.257404,5.4233,-7.4350,0.0000
8290000,51.0000526579,-0.0001368456,35.0000,7.758011,-18.005148,-56.190285,5.4526,-7.4538,0.0000
8300000,51.0000531493,-0.0001379087,35.0000,7.810389,-17.965245,-56.122830,5.4821,-7.4724,0.0000
8310000,51.0000536434,-0.0001389745,35.0000,7.862806,-17.925310,-56.055037,5.5116,-7.4908,0.0000
8320000,51.0000541402,-0.0001400429,35.0000,7.915262,-17.885344,-55.986909,5.5411,-7.5091,0.0000
8330000,51.0000546396,-0.0001411139,35.0000,7.967754,-17.845346,-55.918444,5.5707,-7.5272,0.0000
8340000,51.0000551417,-0.0001421875,35.0000,8.020281,-17.805317,-55.849643,5.6004,-7.5452,0.0000
8350000,51.0000556464,-0.0001432636,35.0000,8.072842,-17.765257,-55.780506,5.6301,-7.5631,0.0000
8360000,51.0000561538,-0.0001443423,35.0000,8.125436,-17.725167,-55.711032,5.6599,-7.5808,0.0000
8370000,51.0000566639,-0.0001454234,35.0000,8.178062,-17.685045,-55.641223,5.6897,-7.5983,0.0000
8380000,51.0000571767,-0.0001465071,35.0000,8.230717,-17.644894,-55.571077,5.7196,-7.6157,0.0000
8390000,51.0000576922,-0.0001475932,35.0000,8.283402,-17.604713,-55.500596,5.7495,-7.6329,0.0000
8400000,51.0000582103,-0.0001486818,35.0000,8.336114,-17.564502,-55.429778,5.7795,-7.6500,0.0000
8410000,51.0000587312,-0.0001497727,35.0000,8.388853,-17.524261,-55.358625,5.8096,-7.6669,0.0000
8420000,51.0000592548,-0.0001508661,35.0000,8.441617,-17.483992,-55.287136,5.8397,-7.6837,0.0000
8430000,51.0000597810,-0.0001519619,35.0000,8.494405,-17.443694,-55.215312,5.8699,-7.7003,0.0000
8440000,51.0000603100,-0.0001530600,35.0000,8.547216,-17.403367,-55.143152,5.9001,-7.7168,0.0000
8450000,51.0000608417,-0.0001541605,35.0000,8.600048,-17.363012,-55.070657,5.9303,-7.7331,0.0000
8460000,51.0000613762,-0.0001552633,35.0000,8.652900,-17.322629,-54.997827,5.9607,-7.7493,0.0000
8470000,51.0000619133,-0.0001563683,35.0000,8.705772,-17.282218,-54.924661,5.9910,-7.7653,0.0000
8480000,51.0000624532,-0.0001574757,35.0000,8.758661,-17.241779,-54.851161,6.0215,-7.7812,0.0000
8490000,51.0000629959,-0.0001585852,35.0000,8.811567,-17.201314,-54.777326,6.0520,-7.7969,0.0000
8500000,51.0000635412,-0.0001596970,35.0000,8.864488,-17.160821,-54.703156,6.0825,-7.8124,0.0000
8510000,51.0000640893,-0.0001608111,35.0000,8.917423,-17.120302,-54.628651,6.1131,-7.8278,0.0000
8520000,51.0000646402,-0.0001619272,35.0000,8.970371,-17.079757,-54.553813,6.1437,-7.8430,0.0000
8530000,51.0000651938,-0.0001630456,35.0000,9.023331,-17.039186,-54.478639,6.1744,-7.8581,0.0000
8540000,51.0000657502,-0.0001641661,35.0000,9.076302,-16.998589,-54.403132,6.2052,-7.8730,0.0000
8550000,51.0000663094,-0.0001652887,35.0000,9.129282,-16.957967,-54.327291,6.2360,-7.8878,0.0000
8560000,51.0000668713,-0.0001664134,35.0000,9.182270,-16.917319,-54.251117,6.2668,-7.9024,0.0000
8570000,51.0000674360,-0.0001675401,35.0000,9.235266,-16.876647,-54.174608,6.2977,-7.9168,0.0000
8580000,51.0000680035,-0.0001686690,35.0000,9.288267,-16.835950,-54.097767,6.3287,-7.9311,0.0000
8590000,51.0000685738,-0.0001697998,35.0000,9.341273,-16.795229,-54.020592,6.3597,-7.9453,0.0000
8600000,51.0000691468,-0.0001709326,35.0000,9.394283,-16.754485,-53.943084,6.3907,-7.9592,0.0000
8610000,51.0000697227,-0.0001720674,35.0000,9.447294,-16.713716,-53.865244,6.4218,-7.9731,0.0000
8620000,51.0000703013,-0.0001732042,35.0000,9.500308,-16.672925,-53.787071,6.4530,-7.9867,0.0000
8630000,51.0000708828,-0.0001743429,35.0000,9.553321,-16.632110,-53.708565,6.4842,-8.0002,0.0000
8640000,51.0000714670,-0.0001754835,35.0000,9.606333,-16.591273,-53.629728,6.5154,-8.0135,0.0000
8650000,51.0000720541,-0.0001766261,35.0000,9.659343,-16.550414,-53.550558,6.5467,-8.0267,0.0000
8660000,51.0000726440,-0.0001777704,35.0000,9.712350,-16.509532,-53.471057,6.5780,-8.0397,0.0000
8670000,51.0000732367,-0.0001789166,35.0000,9.765352,-16.468629,-53.391224,6.6094,-8.0526,0.0000
8680000,51.0000738322,-0.0001800647,35.0000,9.818349,-16.427705,-53.311060,6.6409,-8.0653,0.0000
8690000,51.0000744305,-0.0001812145,35.0000,9.871339,-16.386759,-53.230566,6.6724,-8.0778,0.0000
8700000,51.0000750317,-0.0001823661,35.0000,9.924322,-16.345793,-53.149740,6.7039,-8.0902,0.0000
8710000,51.0000756357,-0.0001835195,35.0000,9.977295,-16.304807,-53.068584,6.7355,-8.1024,0.0000
8720000,51.0000762426,-0.0001846746,35.0000,10.030259,-16.263800,-52.987098,6.7671,-8.1145,0.0000
8730000,51.0000768523,-0.0001858314,35.0000,10.083212,-16.222774,-52.905282,6.7988,-8.1263,0.0000
8740000,51.0000774649,-0.0001869898,35.0000,10.136152,-16.181729,-52.823137,6.8305,-8.1381,0.0000
8750000,51.0000780803,-0.0001881500,35.0000,10.189079,-16.140664,-52.740662,6.8623,-8.1496,0.0000
8760000,51.0000786985,-0.0001893117,35.0000,10.241992,-16.099581,-52.657858,6.8941,-8.1610,0.0000
8770000,51.0000793197,-0.0001904751,35.0000,10.294890,-16.058479,-52.574725,6.9259,-8.1723,0.0000
8780000,51.0000799436,-0.0001916401,35.0000,10.347771,-16.017359,-52.491263,6.9578,-8.1833,0.0000
8790000,51.0000805705,-0.0001928066,35.0000,10.400634,-15.976222,-52.407474,6.9898,-8.1942,0.0000
8800000,51.0000812002,-0.0001939747,35.0000,10.453479,-15.935067,-52.323356,7.0217,-8.2050,0.0000
8810000,51.0000818329,-0.0001951443,35.0000,10.506304,-15.893895,-52.238911,7.0538,-8.2156,0.0000
8820000,51.0000824684,-0.0001963154,35.0000,10.559109,-15.852706,-52.154139,7.0858,-8.2260,0.0000
8830000,51.0000831067,-0.0001974879,35.0000,10.611892,-15.811501,-52.069039,7.1180,-8.2362,0.0000
8840000,51.0000837480,-0.0001986619,35.0000,10.664652,-15.770281,-51.983613,7.1501,-8.2463,0.0000
8850000,51.0000843922,-0.0001998374,35.0000,10.717389,-15.729044,-51.897861,7.1823,-8.2562,0.0000
8860000,51.0000850392,-0.0002010142,35.0000,10.770100,-15.687792,-51.811783,7.2145,-8.2660,0.0000
8870000,51.0000856892,-0.0002021924,35.0000,10.822786,-15.646525,-51.725379,7.2468,-8.2756,0.0000
8880000,51.0000863420,-0.0002033720,35.0000,10.875445,-15.605244,-51.638650,7.2791,-8.2850,0.0000
8890000,51.0000869978,-0.0002045529,35.0000,10.928076,-15.563948,-51.551596,7.3115,-8.2942,0.0000
8900000,51.0000876565,-0.0002057351,35.0000,10.980678,-15.522638,-51.464217,7.3439,-8.3033,0.0000
8910000,51.0000883180,-0.0002069186,35.0000,11.033251,-15.481314,-51.376515,7.3763,-8.3122,0.0000
8920000,51.0000889825,-0.0002081033,35.0000,11.085792,-15.439978,-51.288488,7.4088,-8.3210,0.0000
8930000,51.0000896500,-0.0002092893,35.0000,11.138302,-15.398628,-51.200138,7.4413,-8.3296,0.0000
8940000,51.0000903203,-0.0002104765,35.0000,11.190779,-15.357266,-51.111465,7.4739,-8.3380,0.0000
8950000,51.0000909936,-0.0002116648,35.0000,11.243221,-15.315892,-51.022469,7.5065,-8.3462,0.0000
8960000,51.0000916698,-0.0002128544,35.0000,11.295630,-15.274506,-50.933151,7.5391,-8.3543,0.0000
8970000,51.0000923489,-0.0002140451,35.0000,11.348002,-15.233108,-50.843511,7.5717,-8.3622,0.0000
8980000,51.0000930310,-0.0002152369,35.0000,11.400337,-15.191699,-50.753549,7.6044,-8.3700,0.0000
8990000,51.0000937160,-0.0002164297,35.0000,11.452635,-15.150279,-50.663267,7.6372,-8.3776,0.0000
9000000,51.0000944040,-0.0002176237,35.0000,11.504895,-15.108849,-50.572663,7.6699,-8.3850,0.0000
9010000,51.0000950949,-0.0002188187,35.0000,11.557114,-15.067409,-50.481739,7.7027,-8.3922,0.0000
9020000,51.0000957888,-0.0002200147,35.0000,11.609293,-15.025959,-50.390496,7.7356,-8.3993,0.0000
9030000,51.0000964856,-0.0002212117,35.0000,11.661431,-14.984500,-50.298933,7.7685,-8.4062,0.0000
9040000,51.0000971854,-0.0002224097,35.0000,11.713526,-14.943031,-50.207051,7.8014,-8.4129,0.0000
9050000,51.0000978881,-0.0002236086,35.0000,11.765578,-14.901554,-50.114850,7.8343,-8.4194,0.0000
9060000,51.0000985938,-0.0002248085,35.0000,11.817585,-14.860069,-50.022331,7.8673,-8.4258,0.0000
9070000,51.0000993025,-0.0002260092,35.0000,11.869547,-14.818575,-49.929495,7.9003,-8.4320,0.0000
9080000,51.0001000141,-0.0002272108,35.0000,11.921463,-14.777074,-49.836341,7.9333,-8.4381,0.0000
9090000,51.0001007287,-0.0002284133,35.0000,11.973332,-14.735565,-49.742870,7.9664,-8.4440,0.0000
9100000,51.0001014462,-0.0002296166,35.0000,12.025153,-14.694050,-49.649083,7.9995,-8.4497,0.0000
9110000,51.0001021668,-0.0002308207,35.0000,12.076925,-14.652528,-49.554981,8.0326,-8.4552,0.0000
9120000,51.0001028903,-0.0002320255,35.0000,12.128648,-14.611000,-49.460562,8.0657,-8.4605,0.0000
9130000,51.0001036168,-0.0002332311,35.0000,12.180319,-14.569466,-49.365829,8.0989,-8.4657,0.0000
9140000,51.0001043463,-0.0002344375,35.0000,12.231940,-14.527926,-49.270781,8.1321,-8.4707,0.0000
9150000,51.0001050788,-0.0002356445,35.0000,12.283507,-14.486381,-49.175420,8.1654,-8.4756,0.0000
9160000,51.0001058142,-0.0002368523,35.0000,12.335022,-14.444832,-49.079744,8.1986,-8.4803,0.0000
9170000,51.0001065527,-0.0002380606,35.0000,12.386482,-14.403277,-48.983756,8.2319,-8.4848,0.0000
9180000,51.0001072942,-0.0002392696,35.0000,12.437888,-14.361719,-48.887455,8.2652,-8.4891,0.0000
9190000,51.0001080386,-0.0002404792,35.0000,12.489237,-14.320157,-48.790842,8.2986,-8.4932,0.0000
9200000,51.0001087860,-0.0002416894,35.0000,12.540530,-14.278592,-48.693918,8.3320,-8.4972,0.0000
9210000,51.0001095365,-0.0002429002,35.0000,12.591765,-14.237023,-48.596683,8.3653,-8.5010,0.0000
9220000,51.0001102899,-0.0002441114,35.0000,12.642941,-14.195452,-48.499137,8.3988,-8.5046,0.0000
9230000,51.0001110464,-0.0002453232,35.0000,12.694058,-14.153878,-48.401281,8.4322,-8.5081,0.0000
9240000,51.0001118058,-0.0002465355,35.0000,12.745116,-14.112302,-48.303116,8.4657,-8.5114,0.0000
9250000,51.0001125683,-0.0002477482,35.0000,12.796112,-14.070725,-48.204641,8.4992,-8.5145,0.0000
9260000,51.0001133338,-0.0002489613,35.0000,12.847046,-14.029146,-48.105859,8.5327,-8.5174,0.0000
9270000,51.0001141023,-0.0002501749,35.0000,12.897918,-13.987567,-48.006768,8.5662,-8.5202,0.0000
9280000,51.0001148738,-0.0002513888,35.0000,12.948726,-13.945986,-47.907370,8.5998,-8.5228,0.0000
9290000,51.0001156483,-0.0002526031,35.0000,12.999470,-13.904405,-47.807666,8.6333,-8.5252,0.0000
9300000,51.0001164259,-0.0002538177,35.0000,13.050149,-13.862825,-47.707655,8.6669,-8.5274,0.0000
9310000,51.0001172064,-0.0002550326,35.0000,13.100762,-13.821244,-47.607338,8.7005,-8.5295,0.0000
9320000,51.0001179900,-0.0002562478,35.0000,13.151309,-13.779665,-47.506716,8.7342,-8.5314,0.0000
9330000,51.0001187766,-0.0002574633,35.0000,13.201788,-13.738086,-47.405790,8.7678,-8.5331,0.0000
9340000,51.0001195663,-0.0002586790,35.0000,13.252198,-13.696509,-47.304560,8.8015,-8.5346,0.0000
9350000,51.0001203589,-0.0002598949,35.0000,13.302540,-13.654934,-47.203026,8.8352,-8.5360,0.0000
9360000,51.0001211546,-0.0002611109,35.0000,13.352812,-13.613361,-47.101189,8.8689,-8.5371,0.0000
9370000,51.0001219534,-0.0002623272,35.0000,13.403013,-13.571790,-46.999050,8.9026,-8.5381,0.0000
9380000,51.0001227551,-0.0002635435,35.0000,13.453143,-13.530222,-46.896610,8.9363,-8.5390,0.0000
9390000,51.0001235599,-0.0002647600,35.0000,13.503201,-13.488657,-46.793868,8.9701,-8.5396,0.0000
9400000,51.0001243677,-0.0002659765,35.0000,13.553185,-13.447095,-46.690826,9.0039,-8.5401,0.0000
9410000,51.0001251786,-0.0002671931,35.0000,13.603097,-13.405538,-46.587484,9.0376,-8.5404,0.0000
9420000,51.0001259925,-0.0002684098,35.0000,13.652933,-13.363984,-46.483842,9.0714,-8.5405,0.0000
9430000,51.0001268094,-0.0002696264,35.0000,13.702695,-13.322435,-46.379902,9.1052,-8.5405,0.0000
9440000,51.0001276294,-0.0002708430,35.0000,13.752381,-13.280890,-46.275664,9.1390,-8.5402,0.0000
9450000,51.0001284524,-0.0002720596,35.0000,13.801990,-13.239351,-46.171128,9.1729,-8.5398,0.0000
9460000,51.0001292785,-0.0002732761,35.0000,13.851522,-13.197817,-46.066295,9.2067,-8.5393,0.0000
9470000,51.0001301076,-0.0002744925,35.0000,13.900975,-13.156289,-45.961166,9.2406,-8.5385,0.0000
9480000,51.0001309397,-0.0002757088,35.0000,13.950350,-13.114767,-45.855741,9.2744,-8.5376,0.0000
9490000,51.0001317749,-0.0002769250,35.0000,13.999645,-13.073251,-45.750022,9.3083,-8.5365,0.0000
9500000,51.0001326131,-0.0002781409,35.0000,14.048860,-13.031742,-45.644008,9.3421,-8.5352,0.0000
9510000,51.0001334544,-0.0002793567,35.0000,14.097994,-12.990240,-45.537700,9.3760,-8.5337,0.0000
9520000,51.0001342987,-0.0002805723,35.0000,14.147046,-12.948745,-45.431099,9.4099,-8.5320,0.0000
9530000,51.0001351461,-0.0002817876,35.0000,14.196016,-12.907258,-45.324205,9.4438,-8.5302,0.0000
9540000,51.0001359965,-0.0002830026,35.0000,14.244903,-12.865780,-45.217020,9.4777,-8.5282,0.0000
9550000,51.0001368499,-0.0002842173,35.0000,14.293706,-12.824309,-45.109543,9.5116,-8.5260,0.0000
9560000,51.0001377064,-0.0002854317,35.0000,14.342425,-12.782847,-45.001776,9.5455,-8.5237,0.0000
9570000,51.0001385660,-0.0002866458,35.0001,14.391059,-12.741394,-44.893719,9.5795,-8.5211,0.0000
9580000,51.0001394286,-0.0002878595,35.0001,14.439606,-12.699951,-44.785373,9.6134,-8.5184,0.0000
9590000,51.0001402942,-0.0002890728,35.0001,14.488067,-12.658517,-44.676738,9.6473,-8.5155,0.0000
9600000,51.0001411629,-0.0002902856,35.0001,14.536441,-12.617092,-44.567815,9.6812,-8.5125,0.0000
9610000,51.0001420347,-0.0002914981,35.0001,14.584728,-12.575678,-44.458606,9.7151,-8.5092,0.0000
9620000,51.0001429095,-0.0002927100,35.0001,14.632925,-12.534275,-44.349109,9.7491,-8.5058,0.0000
9630000,51.0001437874,-0.0002939214,35.0001,14.681034,-12.492882,-44.239327,9.7830,-8.5022,0.0000
9640000,51.0001446683,-0.0002951323,35.0001,14.729052,-12.451501,-44.129259,9.8169,-8.4984,0.0000
9650000,51.0001455522,-0.0002963427,35.0001,14.776981,-12.410130,-44.018907,9.8508,-8.4944,0.0000
9660000,51.0001464392,-0.0002975525,35.0001,14.824818,-12.368772,-43.908271,9.8848,-8.4903,0.0000
9670000,51.0001473293,-0.0002987617,35.0001,14.872563,-12.327425,-43.797352,9.9187,-8.4860,0.0000
9680000,51.0001482223,-0.0002999702,35.0001,14.920216,-12.286091,-43.686151,9.9526,-8.4815,0.0000
9690000,51.0001491185,-0.0003011781,35.0001,14.967776,-12.244770,-43.574667,9.9865,-8.4768,0.0000
9700000,51.0001500177,-0.0003023854,35.0001,15.015243,-12.203461,-43.462903,10.0204,-8.4719,0.0000
9710000,51.0001509199,-0.0003035919,35.0001,15.062615,-12.162166,-43.350858,10.0543,-8.4669,0.0000
9720000,51.0001518252,-0.0003047977,35.0001,15.109892,-12.120884,-43.238534,10.0882,-8.4617,0.0000
9730000,51.0001527336,-0.0003060027,35.0001,15.157074,-12.079616,-43.125931,10.1221,-8.4563,0.0000
9740000,51.0001536449,-0.0003072069,35.0001,15.204159,-12.038361,-43.013049,10.1560,-8.4507,0.0000
9750000,51.0001545594,-0.0003084104,35.0001,15.251148,-11.997122,-42.899890,10.1899,-8.4450,0.0000
9760000,51.0001554768,-0.0003096130,35.0001,15.298040,-11.955896,-42.786454,10.2238,-8.4391,0.0000
9770000,51.0001563974,-0.0003108148,35.0001,15.344833,-11.914686,-42.672743,10.2576,-8.4330,0.0000
9780000,51.0001573209,-0.0003120156,35.0001,15.391529,-11.873491,-42.558755,10.2915,-8.4267,0.0000
9790000,51.0001582475,-0.0003132156,35.0001,15.438125,-11.832311,-42.444494,10.3253,-8.4202,0.0000
9800000,51.0001591772,-0.0003144146,35.0001,15.484621,-11.791147,-42.329958,10.3591,-8.4136,0.0000
9810000,51.0001601098,-0.0003156127,35.0001,15.531017,-11.749999,-42.215149,10.3929,-8.4067,0.0000
9820000,51.0001610456,-0.0003168098,35.0001,15.577312,-11.708868,-42.100068,10.4268,-8.3997,0.0000
9830000,51.0001619843,-0.0003180059,35.0001,15.623506,-11.667753,-41.984715,10.4605,-8.3926,0.0000
9840000,51.0001629261,-0.0003192009,35.0001,15.669598,-11.626654,-41.869091,10.4943,-8.3852,0.0000
9850000,51.0001638710,-0.0003203949,35.0001,15.715587,-11.585573,-41.753197,10.5281,-8.3777,0.0000
9860000,51.0001648188,-0.0003215878,35.0001,15.761473,-11.544509,-41.637033,10.5618,-8.3700,0.0000
9870000,51.0001657697,-0.0003227796,35.0001,15.807256,-11.503463,-41.520601,10.5956,-8.3621,0.0000
9880000,51.0001667237,-0.0003239702,35.0001,15.852934,-11.462434,-41.403901,10.6293,-8.3540,0.0000
9890000,51.0001676806,-0.0003251597,35.0001,15.898508,-11.421424,-41.286933,10.6630,-8.3457,0.0000
9900000,51.0001686406,-0.0003263480,35.0001,15.943976,-11.380432,-41.169700,10.6967,-8.3373,0.0000
9910000,51.0001696036,-0.0003275351,35.0001,15.989338,-11.339458,-41.052200,10.7303,-8.3287,0.0000
9920000,51.0001705697,-0.0003287209,35.0001,16.034594,-11.298504,-40.934436,10.7640,-8.3199,0.0000
9930000,51.0001715387,-0.0003299055,35.0001,16.079743,-11.257568,-40.816407,10.7976,-8.3109,0.0000
9940000,51.0001725108,-0.0003310888,35.0001,16.124785,-11.216652,-40.698115,10.8312,-8.3018,0.0000
9950000,51.0001734859,-0.0003322708,35.0001,16.169718,-11.175755,-40.579561,10.8648,-8.2925,0.0000
9960000,51.0001744641,-0.0003334514,35.0001,16.214543,-11.134879,-40.460744,10.8983,-8.2830,0.0000
9970000,51.0001754452,-0.0003346307,35.0001,16.259259,-11.094022,-40.341667,10.9319,-8.2733,0.0000
9980000,51.0001764293,-0.0003358086,35.0001,16.303866,-11.053186,-40.222329,10.9654,-8.2634,0.0000
9990000,51.0001774165,-0.0003369850,35.0001,16.348362,-11.012370,-40.102732,10.9989,-8.2534,0.0000
10000000,51.0001784067,-0.0003381600,35.0001,16.392748,-10.971575,-39.982876,11.0323,-8.2432,0.0000
10010000,51.0001793999,-0.0003393336,35.0001,16.437022,-10.930801,-39.862762,11.0658,-8.2328,0.0000
10020000,51.0001803960,-0.0003405056,35.0001,16.481186,-10.890048,-39.742391,11.0992,-8.2222,0.0000
10030000,51.0001813952,-0.0003416762,35.0001,16.525237,-10.849317,-39.621764,11.1326,-8.2115,0.0000
10040000,51.0001823974,-0.0003428452,35.0001,16.569175,-10.808608,-39.500881,11.1659,-8.2006,0.0000
10050000,51.0001834026,-0.0003440126,35.0001,16.613001,-10.767920,-39.379743,11.1992,-8.1895,0.0000
10060000,51.0001844108,-0.0003451784,35.0001,16.656713,-10.727254,-39.258352,11.2325,-8.1782,0.0000
10070000,51.0001854219,-0.0003463427,35.0001,16.700311,-10.686611,-39.136707,11.2658,-8.1667,0.0000
10080000,51.0001864361,-0.0003475052,35.0001,16.743794,-10.645990,-39.014810,11.2990,-8.1551,0.0000
10090000,51.0001874532,-0.0003486661,35.0001,16.787162,-10.605393,-38.892661,11.3322,-8.1433,0.0000
10100000,51.0001884734,-0.0003498253,35.0001,16.830416,-10.564818,-38.770261,11.3654,-8.1313,0.0000
10110000,51.0001894965,-0.0003509828,35.0001,16.873553,-10.524266,-38.647612,11.3986,-8.1192,0.0000
10120000,51.0001905226,-0.0003521386,35.0001,16.916573,-10.483738,-38.524713,11.4317,-8.1068,0.0000
10130000,51.0001915516,-0.0003532926,35.0001,16.959477,-10.443233,-38.401566,11.4647,-8.0943,0.0000
10140000,51.0001925837,-0.0003544447,35.0001,17.002264,-10.402752,-38.278171,11.4978,-8.0816,0.0000
10150000,51.0001936187,-0.0003555951,35.0001,17.044933,-10.362295,-38.154530,11.5308,-8.0687,0.0000
10160000,51.0001946566,-0.0003567436,35.0001,17.087484,-10.321862,-38.030643,11.5637,-8.0557,0.0000
10170000,51.0001956975,-0.0003578902,35.0001,17.129916,-10.281454,-37.906511,11.5967,-8.0425,0.0000
10180000,51.0001967414,-0.0003590350,35.0001,17.172229,-10.241070,-37.782134,11.6296,-8.0291,0.0000
10190000,51.0001977883,-0.0003601778,35.0001,17.214422,-10.200711,-37.657514,11.6624,-8.0155,0.0000
10200000,51.0001988381,-0.0003613187,35.0001,17.256496,-10.160376,-37.532651,11.6952,-8.0018,0.0000
10210000,51.0001998908,-0.0003624576,35.0001,17.298449,-10.120067,-37.407547,11.7280,-7.9878,0.0000
10220000,51.0002009465,-0.0003635945,35.0001,17.340281,-10.079784,-37.282202,11.7607,-7.9737,0.0000
10230000,51.0002020051,-0.0003647294,35.0001,17.381992,-10.039525,-37.156616,11.7934,-7.9595,0.0000
10240000,51.0002030666,-0.0003658622,35.0001,17.423582,-9.999293,-37.030791,11.8261,-7.9450,0.0000
10250000,51.0002041311,-0.0003669930,35.0001,17.465049,-9.959086,-36.904728,11.8587,-7.9304,0.0000
10260000,51.0002051985,-0.0003681217,35.0001,17.506394,-9.918905,-36.778427,11.8912,-7.9156,0.0000
10270000,51.0002062689,-0.0003692483,35.0001,17.547616,-9.878750,-36.651889,11.9237,-7.9006,0.0000
10280000,51.0002073422,-0.0003703727,35.0001,17.588715,-9.838622,-36.525115,11.9562,-7.8855,0.0000
10290000,51.0002084183,-0.0003714949,35.0001,17.629690,-9.798520,-36.398106,11.9886,-7.8702,0.0000
10300000,51.0002094974,-0.0003726150,35.0001,17.670540,-9.758445,-36.270863,12.0210,-7.8547,0.0000
10310000,51.0002105794,-0.0003737328,35.0001,17.711267,-9.718397,-36.143386,12.0533,-7.8390,0.0000
10320000,51.0002116643,-0.0003748484,35.0001,17.751868,-9.678375,-36.015677,12.0856,-7.8232,0.0000
10330000,51.0002127521,-0.0003759617,35.0001,17.792344,-9.638381,-35.887736,12.1178,-7.8072,0.0000
10340000,51.0002138428,-0.0003770727,35.0001,17.832694,-9.598414,-35.759564,12.1500,-7.7910,0.0000
10350000,51.0002149364,-0.0003781814,35.0001,17.872919,-9.558475,-35.631162,12.1821,-7.7746,0.0000
10360000,51.0002160329,-0.0003792878,35.0001,17.913016,-9.518563,-35.502531,12.2142,-7.7581,0.0000
10370000,51.0002171322,-0.0003803918,35.0001,17.952987,-9.478678,-35.373671,12.2462,-7.7414,0.0000
10380000,51.0002182345,-0.0003814934,35.0001,17.992831,-9.438822,-35.244584,12.2782,-7.7245,0.0000
10390000,51.0002193396,-0.0003825926,35.0001,18.032547,-9.398994,-35.115270,12.3101,-7.7075,0.0000
10400000,51.0002204475,-0.0003836893,35.0001,18.072135,-9.359193,-34.985730,12.3420,-7.6902,0.0000
10410000,51.0002215584,-0.0003847836,35.0001,18.111595,-9.319421,-34.855965,12.3738,-7.6728,0.0000
10420000,51.0002226721,-0.0003858754,35.0001,18.150926,-9.279678,-34.725976,12.4056,-7.6553,0.0000
10430000,51.0002237886,-0.0003869647,35.0001,18.190128,-9.239962,-34.595764,12.4373,-7.6376,0.0000
10440000,51.0002249080,-0.0003880514,35.0001,18.229200,-9.200276,-34.465330,12.4689,-7.6197,0.0000
10450000,51.0002260302,-0.0003891356,35.0001,18.268143,-9.160618,-34.334674,12.5005,-7.6016,0.0000
10460000,51.0002271553,-0.0003902172,35.0001,18.306956,-9.120989,-34.203797,12.5320,-7.5833,0.0000
10470000,51.0002282832,-0.0003912962,35.0001,18.345638,-9.081390,-34.072700,12.5635,-7.5649,0.0000
10480000,51.0002294139,-0.0003923725,35.0001,18.384189,-9.041819,-33.941385,12.5949,-7.5463,0.0000
10490000,51.0002305474,-0.0003934462,35.0001,18.422609,-9.002277,-33.809851,12.6262,-7.5276,0.0000
10500000,51.0002316838,-0.0003945172,35.0001,18.460898,-8.962765,-33.678100,12.6575,-7.5087,0.0000
10510000,51.0002328230,-0.0003955855,35.0001,18.499054,-8.923283,-33.546133,12.6887,-7.4896,0.0000
10520000,51.0002339649,-0.0003966511,35.0001,18.537079,-8.883830,-33.413950,12.7199,-7.4703,0.0000
10530000,51.0002351097,-0.0003977139,35.0001,18.574971,-8.844406,-33.281553,12.7510,-7.4509,0.0000
10540000,51.0002362573,-0.0003987739,35.0001,18.612730,-8.805013,-33.148942,12.7820,-7.4313,0.0000
10550000,51.0002374076,-0.0003998312,35.0001,18.650356,-8.765649,-33.016118,12.8130,-7.4116,0.0000
10560000,51.0002385607,-0.0004008856,35.0001,18.687848,-8.726315,-32.883082,12.8438,-7.3916,0.0000
10570000,51.0002397166,-0.0004019371,35.0001,18.725207,-8.687011,-32.749835,12.8747,-7.3715,0.0000
10580000,51.0002408753,-0.0004029858,35.0001,18.762431,-8.647738,-32.616377,12.9054,-7.3513,0.0000
10590000,51.0002420367,-0.0004040316,35.0001,18.799521,-8.608494,-32.482710,12.9361,-7.3309,0.0000
10600000,51.0002432009,-0.0004050745,35.0001,18.836476,-8.569281,-32.348835,12.9667,-7.3103,0.0000
10610000,51.0002443678,-0.0004061144,35.0001,18.873296,-8.530099,-32.214752,12.9973,-7.2895,0.0000
10620000,51.0002455375,-0.0004071513,35.0001,18.909980,-8.490947,-32.080462,13.0278,-7.2686,0.0000
10630000,51.0002467099,-0.0004081853,35.0001,18.946529,-8.451825,-31.945966,13.0582,-7.2475,0.0000
10640000,51.0002478850,-0.0004092162,35.0001,18.982942,-8.412734,-31.811265,13.0885,-7.2262,0.0000
10650000,51.0002490629,-0.0004102441,35.0001,19.019219,-8.373674,-31.676360,13.1188,-7.2048,0.0000
10660000,51.0002502435,-0.0004112690,35.0001,19.055359,-8.334645,-31.541252,13.1490,-7.1832,0.0000
10670000,51.0002514268,-0.0004122907,35.0001,19.091362,-8.295646,-31.405941,13.1791,-7.1615,0.0000
10680000,51.0002526128,-0.0004133094,35.0001,19.127227,-8.256679,-31.270429,13.2091,-7.1396,0.0000
10690000,51.0002538015,-0.0004143249,35.0001,19.162956,-8.217742,-31.134716,13.2391,-7.1175,0.0000
10700000,51.0002549929,-0.0004153372,35.0001,19.198546,-8.178837,-30.998804,13.2690,-7.0953,0.0000
10710000,51.0002561869,-0.0004163464,35.0001,19.233999,-8.139962,-30.862692,13.2988,-7.0729,0.0000
10720000,51.0002573837,-0.0004173524,35.0001,19.269313,-8.101119,-30.726383,13.3285,-7.0504,0.0000
10730000,51.0002585831,-0.0004183551,35.0001,19.304488,-8.062307,-30.589876,13.3582,-7.0276,0.0000
10740000,51.0002597852,-0.0004193546,35.0001,19.339525,-8.023526,-30.453173,13.3878,-7.0048,0.0000
10750000,51.0002609899,-0.0004203509,35.0001,19.374422,-7.984777,-30.316275,13.4172,-6.9817,0.0000
10760000,51.0002621973,-0.0004213438,35.0001,19.409180,-7.946059,-30.179183,13.4467,-6.9585,0.0000
10770000,51.0002634073,-0.0004223334,35.0001,19.443798,-7.907372,-30.041897,13.4760,-6.9352,0.0000
10780000,51.0002646199,-0.0004233197,35.0001,19.478276,-7.868717,-29.904418,13.5052,-6.9116,0.0000
10790000,51.0002658352,-0.0004243026,35.0001,19.512614,-7.830093,-29.766747,13.5344,-6.8880,0.0000
10800000,51.0002670531,-0.0004252822,35.0001,19.546811,-7.791501,-29.628885,13.5635,-6.8641,0.0000
10810000,51.0002682736,-0.0004262583,35.0001,19.580868,-7.752941,-29.490834,13.5925,-6.8401,0.0000
10820000,51.0002694967,-0.0004272310,35.0001,19.614784,-7.714412,-29.352593,13.6214,-6.8160,0.0000
10830000,51.0002707224,-0.0004282003,35.0001,19.648558,-7.675914,-29.214164,13.6502,-6.7917,0.0000
10840000,51.0002719507,-0.0004291661,35.0001,19.682191,-7.637449,-29.075548,13.6789,-6.7672,0.0000
10850000,51.0002731815,-0.0004301283,35.0001,19.715681,-7.599015,-28.936745,13.7076,-6.7426,0.0000
10860000,51.0002744150,-0.0004310871,35.0001,19.749030,-7.560613,-28.797756,13.7362,-6.7178,0.0000
10870000,51.0002756510,-0.0004320423,35.0001,19.782237,-7.522242,-28.658583,13.7646,-6.6929,0.0000
10880000,51.0002768895,-0.0004329940,35.0001,19.815301,-7.483903,-28.519226,13.7930,-6.6678,0.0000
10890000,51.0002781306,-0.0004339421,35.0001,19.848222,-7.445596,-28.379686,13.8213,-6.6426,0.0000
10900000,51.0002793743,-0.0004348865,35.0001,19.881000,-7.407321,-28.239964,13.8495,-6.6172,0.0000
10910000,51.0002806205,-0.0004358274,35.0001,19.913635,-7.369078,-28.100061,13.8776,-6.5916,0.0000
10920000,51.0002818691,-0.0004367646,35.0002,19.946127,-7.330867,-27.959977,13.9056,-6.5659,0.0000
10930000,51.0002831204,-0.0004376981,35.0002,19.978474,-7.292687,-27.819714,13.9335,-6.5401,0.0000
10940000,51.0002843741,-0.0004386279,35.0002,20.010678,-7.254539,-27.679273,13.9614,-6.5141,0.0000
10950000,51.0002856303,-0.0004395540,35.0002,20.042738,-7.216423,-27.538654,13.9891,-6.4879,0.0000
10960000,51.0002868890,-0.0004404764,35.0002,20.074653,-7.178339,-27.397859,14.0167,-6.4616,0.0000
10970000,51.0002881502,-0.0004413950,35.0002,20.106423,-7.140286,-27.256887,14.0443,-6.4351,0.0000
10980000,51.0002894138,-0.0004423099,35.0002,20.138049,-7.102266,-27.115741,14.0717,-6.4085,0.0000
10990000,51.0002906799,-0.0004432209,35.0002,20.169529,-7.064277,-26.974421,14.0991,-6.3818,0.0000
11000000,51.0002919485,-0.0004441281,35.0002,20.200864,-7.026320,-26.832927,14.1263,-6.3548,0.0000
11010000,51.0002932195,-0.0004450315,35.0002,20.232054,-6.988395,-26.691261,14.1534,-6.3278,0.0000
11020000,51.0002944929,-0.0004459310,35.0002,20.263098,-6.950502,-26.549424,14.1805,-6.3006,0.0000
11030000,51.0002957688,-0.0004468266,35.0002,20.293996,-6.912640,-26.407417,14.2074,-6.2732,0.0000
11040000,51.0002970471,-0.0004477183,35.0002,20.324748,-6.874810,-26.265240,14.2343,-6.2457,0.0000
11050000,51.0002983278,-0.0004486061,35.0002,20.355353,-6.837012,-26.122894,14.2610,-6.2181,0.0000
11060000,51.0002996109,-0.0004494899,35.0002,20.385812,-6.799246,-25.980380,14.2877,-6.1903,0.0000
11070000,51.0003008964,-0.0004503698,35.0002,20.416124,-6.761511,-25.837700,14.3142,-6.1623,0.0000
11080000,51.0003021842,-0.0004512456,35.0002,20.446289,-6.723808,-25.694853,14.3406,-6.1342,0.0000
11090000,51.0003034745,-0.0004521175,35.0002,20.476307,-6.686137,-25.551842,14.3670,-6.1060,0.0000
11100000,51.0003047671,-0.0004529853,35.0002,20.506178,-6.648497,-25.408666,14.3932,-6.0776,0.0000
11110000,51.0003060620,-0.0004538491,35.0002,20.535901,-6.610889,-25.265327,14.4193,-6.0491,0.0000
11120000,51.0003073593,-0.0004547088,35.0002,20.565476,-6.573312,-25.121825,14.4453,-6.0204,0.0000
11130000,51.0003086590,-0.0004555644,35.0002,20.594903,-6.535767,-24.978162,14.4712,-5.9916,0.0000
11140000,51.0003099609,-0.0004564159,35.0002,20.624182,-6.498254,-24.834338,14.4970,-5.9627,0.0000
11150000,51.0003112652,-0.0004572632,35.0002,20.653313,-6.460771,-24.690355,14.5227,-5.9336,0.0000
11160000,51.0003125718,-0.0004581064,35.0002,20.682295,-6.423321,-24.546213,14.5483,-5.9044,0.0000
11170000,51.0003138806,-0.0004589455,35.0002,20.711129,-6.385901,-24.401912,14.5737,-5.8750,0.0000
11180000,51.0003151918,-0.0004597803,35.0002,20.739813,-6.348513,-24.257455,14.5991,-5.8455,0.0000
11190000,51.0003165052,-0.0004606109,35.0002,20.768349,-6.311156,-24.112841,14.6243,-5.8158,0.0000
11200000,51.0003178209,-0.0004614373,35.0002,20.796735,-6.273830,-23.968072,14.6494,-5.7860,0.0000
11210000,51.0003191388,-0.0004622594,35.0002,20.824972,-6.236536,-23.823149,14.6745,-5.7561,0.0000
11220000,51.0003204590,-0.0004630773,35.0002,20.853059,-6.199272,-23.678072,14.6994,-5.7260,0.0000
11230000,51.0003217814,-0.0004638909,35.0002,20.880996,-6.162040,-23.532842,14.7242,-5.6958,0.0000
11240000,51.0003231060,-0.0004647001,35.0002,20.908784,-6.124838,-23.387461,14.7488,-5.6655,0.0000
11250000,51.0003244329,-0.0004655051,35.0002,20.936421,-6.087668,-23.241929,14.7734,-5.6350,0.0000
11260000,51.0003257620,-0.0004663056,35.0002,20.963908,-6.050528,-23.096247,14.7978,-5.6044,0.0000
11270000,51.0003270932,-0.0004671018,35.0002,20.991244,-6.013419,-22.950416,14.8222,-5.5737,0.0000
11280000,51.0003284266,-0.0004678936,35.0002,21.018430,-5.976341,-22.804436,14.8464,-5.5428,0.0000
11290000,51.0003297622,-0.0004686810,35.0002,21.045465,-5.939293,-22.658310,14.8704,-5.5118,0.0000
11300000,51.0003311000,-0.0004694640,35.0002,21.072349,-5.902276,-22.512037,14.8944,-5.4806,0.0000
11310000,51.0003324399,-0.0004702426,35.0002,21.099082,-5.865290,-22.365618,14.9183,-5.4494,0.0000
11320000,51.0003337819,-0.0004710166,35.0002,21.125664,-5.828334,-22.219055,14.9420,-5.4179,0.0000
11330000,51.0003351261,-0.0004717862,35.0002,21.152094,-5.791408,-22.072348,14.9656,-5.3864,0.0000
11340000,51.0003364724,-0.0004725513,35.0002,21.178372,-5.754512,-21.925499,14.9891,-5.3547,0.0000
11350000,51.0003378208,-0.0004733119,35.0002,21.204499,-5.717647,-21.778507,15.0125,-5.3229,0.0000
11360000,51.0003391713,-0.0004740679,35.0002,21.230474,-5.680812,-21.631374,15.0357,-5.2910,0.0000
11370000,51.0003405239,-0.0004748193,35.0002,21.256297,-5.644007,-21.484102,15.0588,-5.2590,0.0000
11380000,51.0003418785,-0.0004755662,35.0002,21.281968,-5.607232,-21.336690,15.0818,-5.2268,0.0000
11390000,51.0003432352,-0.0004763085,35.0002,21.307486,-5.570487,-21.189139,15.1047,-5.1945,0.0000
11400000,51.0003445940,-0.0004770462,35.0002,21.332852,-5.533771,-21.041451,15.1274,-5.1620,0.0000
11410000,51.0003459548,-0.0004777793,35.0002,21.358065,-5.497085,-20.893626,15.1501,-5.1295,0.0000
11420000,51.0003473176,-0.0004785077,35.0002,21.383125,-5.460429,-20.745666,15.1726,-5.0968,0.0000
11430000,51.0003486824,-0.0004792314,35.0002,21.408033,-5.423802,-20.597571,15.1949,-5.0639,0.0000
11440000,51.0003500493,-0.0004799504,35.0002,21.432787,-5.387205,-20.449341,15.2172,-5.0310,0.0000
11450000,51.0003514181,-0.0004806648,35.0002,21.457388,-5.350637,-20.300979,15.2393,-4.9980,0.0000
11460000,51.0003527889,-0.0004813744,35.0002,21.481836,-5.314098,-20.152485,15.2612,-4.9648,0.0000
11470000,51.0003541617,-0.0004820793,35.0002,21.506130,-5.277589,-20.003859,15.2831,-4.9315,0.0000
11480000,51.0003555365,-0.0004827795,35.0002,21.530271,-5.241108,-19.855103,15.3048,-4.8980,0.0000
11490000,51.0003569132,-0.0004834749,35.0002,21.554257,-5.204656,-19.706217,15.3264,-4.8645,0.0000
11500000,51.0003582918,-0.0004841655,35.0002,21.578090,-5.168233,-19.557202,15.3479,-4.8308,0.0000
11510000,51.0003596724,-0.0004848512,35.0002,21.601769,-5.131839,-19.408060,15.3692,-4.7970,0.0000
11520000,51.0003610548,-0.0004855322,35.0002,21.625294,-5.095473,-19.258791,15.3904,-4.7631,0.0000
11530000,51.0003624392,-0.0004862083,35.0002,21.648665,-5.059136,-19.109396,15.4115,-4.7291,0.0000
11540000,51.0003638255,-0.0004868796,35.0002,21.671881,-5.022827,-18.959876,15.4324,-4.6950,0.0000
11550000,51.0003652136,-0.0004875460,35.0002,21.694942,-4.986546,-18.810232,15.4532,-4.6607,0.0000
11560000,51.0003666036,-0.0004882075,35.0002,21.717849,-4.950293,-18.660464,15.4738,-4.6263,0.0000
11570000,51.0003679954,-0.0004888641,35.0002,21.740602,-4.914069,-18.510574,15.4944,-4.5919,0.0000
11580000,51.0003693891,-0.0004895158,35.0002,21.763199,-4.877872,-18.360562,15.5148,-4.5573,0.0000
11590000,51.0003707846,-0.0004901625,35.0002,21.785641,-4.841703,-18.210429,15.5350,-4.5225,0.0000
11600000,51.0003721819,-0.0004908043,35.0002,21.807928,-4.805561,-18.060177,15.5551,-4.4877,0.0000
11610000,51.0003735810,-0.0004914412,35.0002,21.830060,-4.769447,-17.909806,15.5751,-4.4528,0.0000
11620000,51.0003749820,-0.0004920730,35.0002,21.852037,-4.733361,-17.759317,15.5949,-4.4177,0.0000
11630000,51.0003763847,-0.0004926999,35.0002,21.873858,-4.697302,-17.608710,15.6146,-4.3826,0.0000
11640000,51.0003777891,-0.0004933217,35.0002,21.895523,-4.661270,-17.457987,15.6342,-4.3473,0.0000
11650000,51.0003791953,-0.0004939385,35.0002,21.917033,-4.625264,-17.307149,15.6536,-4.3119,0.0000
11660000,51.0003806033,-0.0004945502,35.0002,21.938387,-4.589286,-17.156196,15.6729,-4.2764,0.0000
11670000,51.0003820129,-0.0004951569,35.0002,21.959585,-4.553335,-17.005130,15.6920,-4.2408,0.0000
11680000,51.0003834243,-0.0004957585,35.0002,21.980627,-4.517410,-16.853951,15.7110,-4.2051,0.0000
11690000,51.0003848374,-0.0004963550,35.0002,22.001513,-4.481511,-16.702659,15.7299,-4.1693,0.0000
11700000,51.0003862522,-0.0004969464,35.0002,22.022242,-4.445639,-16.551257,15.7486,-4.1334,0.0000
11710000,51.0003876686,-0.0004975327,35.0002,22.042816,-4.409793,-16.399745,15.7672,-4.0974,0.0000
11720000,51.0003890868,-0.0004981138,35.0002,22.063232,-4.373973,-16.248123,15.7856,-4.0613,0.0000
11730000,51.0003905065,-0.0004986898,35.0002,22.083493,-4.338179,-16.096393,15.8039,-4.0251,0.0000
11740000,51.0003919279,-0.0004992606,35.0002,22.103596,-4.302410,-15.944556,15.8220,-3.9887,0.0000
11750000,51.0003933509,-0.0004998263,35.0002,22.123543,-4.266668,-15.792612,15.8400,-3.9523,0.0000
11760000,51.0003947756,-0.0005003867,35.0002,22.143333,-4.230950,-15.640562,15.8579,-3.9158,0.0000
11770000,51.0003962018,-0.0005009420,35.0002,22.162966,-4.195258,-15.488407,15.8756,-3.8792,0.0000
11780000,51.0003976296,-0.0005014920,35.0003,22.182442,-4.159592,-15.336148,15.8931,-3.8424,0.0000
11790000,51.0003990590,-0.0005020367,35.0003,22.201761,-4.123950,-15.183786,15.9105,-3.8056,0.0000
11800000,51.0004004900,-0.0005025762,35.0003,22.220923,-4.088333,-15.031321,15.9278,-3.7687,0.0000
11810000,51.0004019225,-0.0005031105,35.0003,22.239927,-4.052740,-14.878756,15.9449,-3.7317,0.0000
11820000,51.0004033565,-0.0005036395,35.0003,22.258774,-4.017173,-14.726089,15.9619,-3.6945,0.0000
11830000,51.0004047920,-0.0005041631,35.0003,22.277464,-3.981629,-14.573323,15.9787,-3.6573,0.0000
11840000,51.0004062291,-0.0005046815,35.0003,22.295995,-3.946110,-14.420459,15.9953,-3.6200,0.0000
11850000,51.0004076676,-0.0005051945,35.0003,22.314370,-3.910615,-14.267496,16.0119,-3.5826,0.0000
11860000,51.0004091076,-0.0005057022,35.0003,22.332586,-3.875144,-14.114436,16.0282,-3.5451,0.0000
11870000,51.0004105491,-0.0005062046,35.0003,22.350645,-3.839697,-13.961280,16.0444,-3.5075,0.0000
11880000,51.0004119921,-0.0005067016,35.0003,22.368545,-3.804273,-13.808029,16.0605,-3.4699,0.0000
11890000,51.0004134364,-0.0005071932,35.0003,22.386288,-3.768873,-13.654683,16.0764,-3.4321,0.0000
11900000,51.0004148822,-0.0005076795,35.0003,22.403872,-3.733496,-13.501244,16.0922,-3.3942,0.0000
11910000,51.0004163294,-0.0005081603,35.0003,22.421298,-3.698142,-13.347712,16.1078,-3.3563,0.0000
11920000,51.0004177780,-0.0005086358,35.0003,22.438566,-3.662811,-13.194088,16.1232,-3.3183,0.0000
11930000,51.0004192280,-0.0005091058,35.0003,22.455676,-3.627503,-13.040373,16.1385,-3.2802,0.0000
11940000,51.0004206793,-0.0005095703,35.0003,22.472627,-3.592217,-12.886569,16.1537,-3.2419,0.0000
11950000,51.0004221320,-0.0005100295,35.0003,22.489420,-3.556954,-12.732674,16.1687,-3.2037,0.0000
11960000,51.0004235861,-0.0005104831,35.0003,22.506054,-3.521713,-12.578692,16.1835,-3.1653,0.0000
11970000,51.0004250415,-0.0005109313,35.0003,22.522530,-3.486494,-12.424622,16.1982,-3.1268,0.0000
11980000,51.0004264981,-0.0005113740,35.0003,22.538847,-3.451297,-12.270465,16.2127,-3.0883,0.0000
11990000,51.0004279561,-0.0005118112,35.0003,22.555005,-3.416122,-12.116223,16.2271,-3.0496,0.0000
12000000,51.0004294154,-0.0005122429,35.0003,22.571004,-3.380968,-11.961896,16.2413,-3.0109,0.0000
12010000,51.0004308759,-0.0005126691,35.0003,22.586844,-3.345836,-11.807484,16.2553,-2.9722,0.0000
12020000,51.0004323377,-0.0005130897,35.0003,22.602525,-3.310724,-11.652990,16.2692,-2.9333,0.0000
12030000,51.0004338007,-0.0005135049,35.0003,22.618047,-3.275634,-11.498413,16.2829,-2.8943,0.0000
12040000,51.0004352650,-0.0005139144,35.0003,22.633410,-3.240565,-11.343754,16.2965,-2.8553,0.0000
12050000,51.0004367305,-0.0005143184,35.0003,22.648614,-3.205516,-11.189015,16.3099,-2.8162,0.0000
12060000,51.0004381971,-0.0005147168,35.0003,22.663658,-3.170488,-11.034197,16.3232,-2.7770,0.0000
12070000,51.0004396650,-0.0005151096,35.0003,22.678543,-3.135480,-10.879299,16.3363,-2.7378,0.0000
12080000,51.0004411340,-0.0005154969,35.0003,22.693269,-3.100492,-10.724324,16.3493,-2.6985,0.0000
12090000,51.0004426042,-0.0005158785,35.0003,22.707835,-3.065525,-10.569271,16.3620,-2.6591,0.0000
12100000,51.0004440755,-0.0005162545,35.0003,22.722241,-3.030576,-10.414142,16.3747,-2.6196,0.0000
12110000,51.0004455480,-0.0005166249,35.0003,22.736488,-2.995648,-10.258938,16.3871,-2.5801,0.0000
12120000,51.0004470216,-0.0005169896,35.0003,22.750576,-2.960739,-10.103659,16.3994,-2.5404,0.0000
12130000,51.0004484962,-0.0005173487,35.0003,22.764503,-2.925848,-9.948306,16.4115,-2.5008,0.0000
12140000,51.0004499720,-0.0005177021,35.0003,22.778271,-2.890977,-9.792881,16.4235,-2.4610,0.0000
12150000,51.0004514488,-0.0005180499,35.0003,22.791879,-2.856125,-9.637383,16.4353,-2.4212,0.0000
12160000,51.0004529267,-0.0005183920,35.0003,22.805327,-2.821291,-9.481815,16.4470,-2.3813,0.0000
12170000,51.0004544056,-0.0005187284,35.0003,22.818615,-2.786476,-9.326176,16.4585,-2.3413,0.0000
12180000,51.0004558855,-0.0005190591,35.0003,22.831743,-2.751679,-9.170467,16.4698,-2.3013,0.0000
12190000,51.0004573665,-0.0005193841,35.0003,22.844711,-2.716899,-9.014690,16.4809,-2.2612,0.0000
12200000,51.0004588484,-0.0005197033,35.0003,22.857518,-2.682138,-8.858846,16.4919,-2.2211,0.0000
12210000,51.0004603313,-0.0005200169,35.0003,22.870166,-2.647394,-8.702934,16.5028,-2.1809,0.0000
12220000,51.0004618152,-0.0005203247,35.0003,22.882653,-2.612668,-8.546957,16.5134,-2.1406,0.0000
12230000,51.0004633000,-0.0005206268,35.0003,22.894980,-2.577959,-8.390915,16.5239,-2.1002,0.0000
12240000,51.0004647858,-0.0005209231,35.0003,22.907147,-2.543267,-8.234808,16.5343,-2.0598,0.0000
12250000,51.0004662725,-0.0005212137,35.0003,22.919153,-2.508591,-8.078637,16.5444,-2.0194,0.0000
12260000,51.0004677601,-0.0005214985,35.0003,22.930999,-2.473932,-7.922405,16.5544,-1.9789,0.0000
12270000,51.0004692486,-0.0005217775,35.0003,22.942684,-2.439290,-7.766110,16.5643,-1.9383,0.0000
12280000,51.0004707380,-0.0005220508,35.0003,22.954209,-2.404664,-7.609755,16.5740,-1.8977,0.0000
12290000,51.0004722282,-0.0005223182,35.0003,22.965573,-2.370054,-7.453339,16.5835,-1.8570,0.0000
12300000,51.0004737193,-0.0005225799,35.0003,22.976777,-2.335460,-7.296865,16.5928,-1.8162,0.0000
12310000,51.0004752112,-0.0005228357,35.0003,22.987820,-2.300881,-7.140332,16.6020,-1.7754,0.0000
12320000,51.0004767040,-0.0005230858,35.0003,22.998702,-2.266318,-6.983742,16.6110,-1.7346,0.0000
12330000,51.0004781975,-0.0005233300,35.0003,23.009423,-2.231769,-6.827095,16.6198,-1.6937,0.0000
12340000,51.0004796918,-0.0005235683,35.0003,23.019984,-2.197236,-6.670392,16.6285,-1.6527,0.0000
12350000,51.0004811869,-0.0005238009,35.0003,23.030384,-2.162718,-6.513635,16.6370,-1.6117,0.0000
12360000,51.0004826828,-0.0005240276,35.0003,23.040623,-2.128214,-6.356823,16.6453,-1.5707,0.0000
12370000,51.0004841793,-0.0005242484,35.0003,23.050700,-2.093724,-6.199958,16.6534,-1.5296,0.0000
12380000,51.0004856767,-0.0005244634,35.0003,23.060617,-2.059249,-6.043041,16.6614,-1.4884,0.0000
12390000,51.0004871747,-0.0005246725,35.0003,23.070373,-2.024787,-5.886073,16.6693,-1.4472,0.0000
12400000,51.0004886734,-0.0005248757,35.0003,23.079968,-1.990340,-5.729053,16.6769,-1.4060,0.0000
12410000,51.0004901728,-0.0005250731,35.0003,23.089402,-1.955905,-5.571984,16.6844,-1.3647,0.0000
12420000,51.0004916729,-0.0005252646,35.0003,23.098674,-1.921484,-5.414866,16.6917,-1.3234,0.0000
12430000,51.0004931736,-0.0005254502,35.0003,23.107786,-1.887077,-5.257700,16.6988,-1.2820,0.0000
12440000,51.0004946749,-0.0005256299,35.0003,23.116736,-1.852682,-5.100487,16.7058,-1.2406,0.0000
12450000,51.0004961769,-0.0005258037,35.0003,23.125525,-1.818299,-4.943227,16.7126,-1.1991,0.0000
12460000,51.0004976795,-0.0005259715,35.0003,23.134152,-1.783929,-4.785922,16.7192,-1.1576,0.0000
12470000,51.0004991826,-0.0005261335,35.0003,23.142619,-1.749571,-4.628572,16.7257,-1.1161,0.0000
12480000,51.0005006863,-0.0005262896,35.0004,23.150924,-1.715226,-4.471178,16.7320,-1.0745,0.0000
12490000,51.0005021906,-0.0005264397,35.0004,23.159067,-1.680892,-4.313741,16.7381,-1.0329,0.0000
12500000,51.0005036955,-0.0005265839,35.0004,23.167049,-1.646569,-4.156262,16.7440,-0.9912,0.0000
12510000,51.0005052008,-0.0005267221,35.0004,23.174870,-1.612258,-3.998742,16.7498,-0.9496,0.0000
12520000,51.0005067067,-0.0005268545,35.0004,23.182529,-1.577958,-3.841181,16.7554,-0.9078,0.0000
12530000,51.0005082130,-0.0005269808,35.0004,23.190027,-1.543669,-3.683581,16.7608,-0.8661,0.0000
12540000,51.0005097199,-0.0005271012,35.0004,23.197363,-1.509391,-3.525941,16.7661,-0.8243,0.0000
12550000,51.0005112272,-0.0005272157,35.0004,23.204538,-1.475123,-3.368264,16.7711,-0.7825,0.0000
12560000,51.0005127349,-0.0005273242,35.0004,23.211551,-1.440865,-3.210550,16.7760,-0.7406,0.0000
12570000,51.0005142431,-0.0005274268,35.0004,23.218402,-1.406618,-3.052800,16.7808,-0.6988,0.0000
12580000,51.0005157517,-0.0005275233,35.0004,23.225092,-1.372380,-2.895014,16.7853,-0.6568,0.0000
12590000,51.0005172607,-0.0005276139,35.0004,23.231620,-1.338152,-2.737193,16.7897,-0.6149,0.0000
12600000,51.0005187701,-0.0005276986,35.0004,23.237987,-1.303933,-2.579339,16.7939,-0.5729,0.0000
12610000,51.0005202799,-0.0005277772,35.0004,23.244191,-1.269723,-2.421452,16.7980,-0.5310,0.0000
12620000,51.0005217900,-0.0005278499,35.0004,23.250234,-1.235522,-2.263533,16.8018,-0.4889,0.0000
12630000,51.0005233005,-0.0005279165,35.0004,23.256115,-1.201330,-2.105583,16.8055,-0.4469,0.0000
12640000,51.0005248113,-0.0005279772,35.0004,23.261835,-1.167147,-1.947603,16.8090,-0.4048,0.0000
12650000,51.0005263223,-0.0005280319,35.0004,23.267392,-1.132971,-1.789593,16.8124,-0.3628,0.0000
12660000,51.0005278337,-0.0005280806,35.0004,23.272788,-1.098804,-1.631554,16.8156,-0.3207,0.0000
12670000,51.0005293454,-0.0005281233,35.0004,23.278022,-1.064644,-1.473487,16.8185,-0.2785,0.0000
12680000,51.0005308573,-0.0005281600,35.0004,23.283094,-1.030492,-1.315394,16.8214,-0.2364,0.0000
12690000,51.0005323695,-0.0005281907,35.0004,23.288004,-0.996348,-1.157275,16.8240,-0.1942,0.0000
12700000,51.0005338819,-0.0005282154,35.0004,23.292752,-0.962210,-0.999130,16.8265,-0.1520,0.0000
12710000,51.0005353945,-0.0005282340,35.0004,23.297339,-0.928080,-0.840960,16.8288,-0.1098,0.0000
12720000,51.0005369073,-0.0005282467,35.0004,23.301763,-0.893956,-0.682768,16.8309,-0.0676,0.0000
12730000,51.0005384203,-0.0005282533,35.0004,23.306025,-0.859838,-0.524552,16.8328,-0.0254,0.0000
12740000,51.0005399335,-0.0005282540,35.0004,23.310126,-0.825727,-0.366315,16.8346,0.0168,0.0000
12750000,51.0005414468,-0.0005282486,35.0004,23.314064,-0.791621,-0.208056,16.8362,0.0591,0.0000
12760000,51.0005429602,-0.0005282372,35.0004,23.317840,-0.757522,-0.049777,16.8376,0.1014,0.0000
12770000,51.0005444738,-0.0005282197,35.0004,23.321455,-0.723428,0.108521,16.8389,0.1436,0.0000
12780000,51.0005459875,-0.0005281963,35.0004,23.324907,-0.689339,0.266838,16.8399,0.1859,0.0000
12790000,51.0005475012,-0.0005281668,35.0004,23.328197,-0.655255,0.425172,16.8408,0.2282,0.0000
12800000,51.0005490150,-0.0005281313,35.0004,23.331326,-0.621176,0.583523,16.8416,0.2705,0.0000
12810000,51.0005505289,-0.0005280897,35.0004,23.334292,-0.587102,0.741891,16.8421,0.3129,0.0000
12820000,51.0005520429,-0.0005280422,35.0004,23.337096,-0.553032,0.900273,16.8425,0.3552,0.0000
12830000,51.0005535568,-0.0005279886,35.0004,23.339738,-0.518967,1.058670,16.8427,0.3975,0.0000
12840000,51.0005550708,-0.0005279290,35.0004,23.342217,-0.484905,1.217080,16.8427,0.4398,0.0000
12850000,51.0005565847,-0.0005278633,35.0004,23.344535,-0.450847,1.375503,16.8425,0.4822,0.0000
12860000,51.0005580987,-0.0005277916,35.0004,23.346691,-0.416792,1.533938,16.8422,0.5245,0.0000
12870000,51.0005596126,-0.0005277139,35.0004,23.348684,-0.382741,1.692384,16.8417,0.5668,0.0000
12880000,51.0005611264,-0.0005276302,35.0004,23.350515,-0.348692,1.850840,16.8410,0.6092,0.0000
12890000,51.0005626402,-0.0005275404,35.0004,23.352184,-0.314647,2.009305,16.8402,0.6515,0.0000
12900000,51.0005641539,-0.0005274446,35.0004,23.353691,-0.280604,2.167778,16.8391,0.6938,0.0000
12910000,51.0005656675,-0.0005273427,35.0004,23.355036,-0.246563,2.326260,16.8379,0.7361,0.0000
12920000,51.0005671810,-0.0005272349,35.0004,23.356219,-0.212524,2.484748,16.8365,0.7785,0.0000
12930000,51.0005686943,-0.0005271210,35.0004,23.357239,-0.178488,2.643242,16.8350,0.8208,0.0000
12940000,51.0005702075,-0.0005270011,35.0004,23.358097,-0.144452,2.801741,16.8332,0.8631,0.0000
12950000,51.0005717205,-0.0005268751,35.0004,23.358793,-0.110419,2.960244,16.8313,0.9054,0.0000
12960000,51.0005732334,-0.0005267431,35.0004,23.359327,-0.076386,3.118751,16.8292,0.9477,0.0000
12970000,51.0005747460,-0.0005266051,35.0004,23.359699,-0.042354,3.277260,16.8270,0.9900,0.0000
12980000,51.0005762585,-0.0005264611,35.0004,23.359909,-0.008323,3.435771,16.8245,1.0323,0.0000
12990000,51.0005777707,-0.0005263110,35.0004,23.359956,0.025707,3.594283,16.8219,1.0746,0.0000
13000000,51.0005792827,-0.0005261550,35.0004,23.359841,0.059737,3.752795,16.8191,1.1168,0.0000
13010000,51.0005807944,-0.0005259929,35.0004,23.359564,0.093768,3.911307,16.8162,1.1591,0.0000
13020000,51.0005823058,-0.0005258248,35.0004,23.359125,0.127798,4.069816,16.8130,1.2013,0.0000
13030000,51.0005838170,-0.0005256506,35.0004,23.358523,0.161829,4.228324,16.8097,1.2436,0.0000
13040000,51.0005853278,-0.0005254705,35.0004,23.357760,0.195861,4.386827,16.8062,1.2858,0.0000
13050000,51.0005868384,-0.0005252843,35.0004,23.356834,0.229893,4.545327,16.8026,1.3280,0.0000
13060000,51.0005883485,-0.0005250922,35.0004,23.355746,0.263927,4.703822,16.7987,1.3701,0.0000
13070000,51.0005898584,-0.0005248940,35.0004,23.354496,0.297962,4.862311,16.7947,1.4123,0.0000
13080000,51.0005913678,-0.0005246898,35.0004,23.353083,0.331999,5.020793,16.7905,1.4544,0.0000
13090000,51.0005928769,-0.0005244797,35.0004,23.351509,0.366038,5.179268,16.7862,1.4966,0.0000
13100000,51.0005943856,-0.0005242635,35.0004,23.349772,0.400078,5.337735,16.7817,1.5387,0.0000
13110000,51.0005958939,-0.0005240413,35.0005,23.347873,0.434121,5.496192,16.7769,1.5807,0.0000
13120000,51.0005974017,-0.0005238131,35.0005,23.345813,0.468166,5.654639,16.7721,1.6228,0.0000
13130000,51.0005989091,-0.0005235790,35.0005,23.343589,0.502215,5.813076,16.7670,1.6648,0.0000
13140000,51.0006004160,-0.0005233388,35.0005,23.341204,0.536266,5.971500,16.7618,1.7068,0.0000
13150000,51.0006019225,-0.0005230927,35.0005,23.338657,0.570320,6.129913,16.7564,1.7488,0.0000
13160000,51.0006034285,-0.0005228406,35.0005,23.335947,0.604378,6.288311,16.7508,1.7908,0.0000
13170000,51.0006049339,-0.0005225825,35.0005,23.333076,0.638440,6.446696,16.7451,1.8327,0.0000
13180000,51.0006064388,-0.0005223185,35.0005,23.330042,0.672505,6.605066,16.7391,1.8746,0.0000
13190000,51.0006079432,-0.0005220485,35.0005,23.326846,0.706575,6.763419,16.7330,1.9165,0.0000
13200000,51.0006094470,-0.0005217725,35.0005,23.323488,0.740649,6.921756,16.7268,1.9583,0.0000
13210000,51.0006109503,-0.0005214906,35.0005,23.319969,0.774727,7.080076,16.7203,2.0001,0.0000
13220000,51.0006124530,-0.0005212027,35.0005,23.316287,0.808811,7.238376,16.7137,2.0419,0.0000
13230000,51.0006139550,-0.0005209089,35.0005,23.312443,0.842899,7.396658,16.7069,2.0836,0.0000
13240000,51.0006154565,-0.0005206091,35.0005,23.308437,0.876993,7.554920,16.7000,2.1253,0.0000
13250000,51.0006169573,-0.0005203034,35.0005,23.304269,0.911092,7.713160,16.6928,2.1670,0.0000
13260000,51.0006184575,-0.0005199917,35.0005,23.299939,0.945197,7.871379,16.6855,2.2087,0.0000
13270000,51.0006199570,-0.0005196741,35.0005,23.295447,0.979308,8.029575,16.6781,2.2503,0.0000
13280000,51.0006214558,-0.0005193506,35.0005,23.290793,1.013425,8.187748,16.6704,2.2918,0.0000
13290000,51.0006229539,-0.0005190212,35.0005,23.285977,1.047549,8.345897,16.6626,2.3333,0.0000
13300000,51.0006244514,-0.0005186858,35.0005,23.280999,1.081679,8.504020,16.6546,2.3748,0.0000
13310000,51.0006259481,-0.0005183446,35.0005,23.275859,1.115816,8.662117,16.6465,2.4163,0.0000
13320000,51.0006274440,-0.0005179975,35.0005,23.270558,1.149960,8.820188,16.6381,2.4577,0.0000
13330000,51.0006289392,-0.0005176444,35.0005,23.265094,1.184112,8.978231,16.6296,2.4990,0.0000
13340000,51.0006304336,-0.0005172855,35.0005,23.259469,1.218271,9.136245,16.6210,2.5404,0.0000
13350000,51.0006319273,-0.0005169207,35.0005,23.253682,1.252437,9.294230,16.6121,2.5816,0.0000
13360000,51.0006334201,-0.0005165500,35.0005,23.247733,1.286612,9.452184,16.6031,2.6229,0.0000
13370000,51.0006349121,-0.0005161734,35.0005,23.241622,1.320795,9.610108,16.5939,2.6640,0.0000
13380000,51.0006364033,-0.0005157910,35.0005,23.235350,1.354987,9.768000,16.5846,2.7052,0.0000
13390000,51.0006378937,-0.0005154027,35.0005,23.228916,1.389187,9.925859,16.5751,2.7463,0.0000
13400000,51.0006393831,-0.0005150086,35.0005,23.222320,1.423396,10.083685,16.5654,2.7873,0.0000
13410000,51.0006408717,-0.0005146086,35.0005,23.215562,1.457614,10.241476,16.5555,2.8283,0.0000
13420000,51.0006423594,-0.0005142028,35.0005,23.208643,1.491841,10.399231,16.5455,2.8692,0.0000
13430000,51.0006438462,-0.0005137912,35.0005,23.201562,1.526078,10.556951,16.5353,2.9101,0.0000
13440000,51.0006453321,-0.0005133737,35.0005,23.194320,1.560325,10.714634,16.5250,2.9509,0.0000
13450000,51.0006468171,-0.0005129504,35.0005,23.186916,1.594582,10.872279,16.5145,2.9917,0.0000
13460000,51.0006483010,-0.0005125214,35.0005,23.179350,1.628849,11.029885,16.5038,3.0324,0.0000
13470000,51.0006497840,-0.0005120865,35.0005,23.171623,1.663126,11.187452,16.4929,3.0731,0.0000
13480000,51.0006512661,-0.0005116458,35.0005,23.163734,1.697414,11.344978,16.4819,3.1137,0.0000
13490000,51.0006527471,-0.0005111994,35.0005,23.155684,1.731713,11.502464,16.4707,3.1543,0.0000
13500000,51.0006542271,-0.0005107472,35.0005,23.147473,1.766023,11.659907,16.4593,3.1948,0.0000
13510000,51.0006557061,-0.0005102892,35.0005,23.139100,1.800345,11.817307,16.4478,3.2352,0.0000
13520000,51.0006571841,-0.0005098255,35.0005,23.130566,1.834678,11.974664,16.4361,3.2756,0.0000
13530000,51.0006586610,-0.0005093560,35.0005,23.121870,1.869022,12.131976,16.4243,3.3159,0.0000
13540000,51.0006601368,-0.0005088808,35.0005,23.113013,1.903379,12.289243,16.4123,3.3562,0.0000
13550000,51.0006616115,-0.0005083998,35.0005,23.103995,1.937748,12.446463,16.4001,3.3964,0.0000
13560000,51.0006630851,-0.0005079131,35.0005,23.094816,1.972129,12.603637,16.3877,3.4365,0.0000
13570000,51.0006645576,-0.0005074207,35.0005,23.085475,2.006522,12.760762,16.3752,3.4766,0.0000
13580000,51.0006660290,-0.0005069226,35.0005,23.075973,2.040929,12.917839,16.3626,3.5166,0.0000
13590000,51.0006674993,-0.0005064189,35.0005,23.066311,2.075349,13.074866,16.3497,3.5565,0.0000
13600000,51.0006689683,-0.0005059094,35.0005,23.056487,2.109781,13.231842,16.3367,3.5964,0.0000
13610000,51.0006704362,-0.0005053942,35.0005,23.046502,2.144228,13.388767,16.3236,3.6362,0.0000
13620000,51.0006719029,-0.0005048734,35.0005,23.036356,2.178688,13.545640,16.3103,3.6759,0.0000
13630000,51.0006733684,-0.0005043470,35.0005,23.026049,2.213161,13.702460,16.2968,3.7156,0.0000
13640000,51.0006748327,-0.0005038149,35.0005,23.015581,2.247649,13.859226,16.2831,3.7551,0.0000
13650000,51.0006762958,-0.0005032771,35.0005,23.004952,2.282152,14.015937,16.2693,3.7947,0.0000
13660000,51.0006777576,-0.0005027338,35.0005,22.994163,2.316668,14.172593,16.2554,3.8341,0.0000
13670000,51.0006792181,-0.0005021848,35.0005,22.983213,2.351200,14.329192,16.2412,3.8735,0.0000
13680000,51.0006806774,-0.0005016302,35.0005,22.972101,2.385746,14.485734,16.2270,3.9128,0.0000
13690000,51.0006821353,-0.0005010700,35.0005,22.960830,2.420307,14.642218,16.2125,3.9520,0.0000
13700000,51.0006835920,-0.0005005042,35.0006,22.949397,2.454884,14.798642,16.1979,3.9912,0.0000
13710000,51.0006850474,-0.0004999329,35.0006,22.937804,2.489476,14.955007,16.1831,4.0302,0.0000
13720000,51.0006865014,-0.0004993560,35.0006,22.926051,2.524085,15.111311,16.1682,4.0692,0.0000
13730000,51.0006879540,-0.0004987736,35.0006,22.914136,2.558708,15.267554,16.1532,4.1081,0.0000
13740000,51.0006894053,-0.0004981856,35.0006,22.902062,2.593349,15.423734,16.1379,4.1470,0.0000
13750000,51.0006908553,-0.0004975921,35.0006,22.889827,2.628005,15.579851,16.1225,4.1857,0.0000
13760000,51.0006923038,-0.0004969931,35.0006,22.877432,2.662678,15.735904,16.1070,4.2244,0.0000
13770000,51.0006937509,-0.0004963885,35.0006,22.864876,2.697368,15.891892,16.0913,4.2630,0.0000
13780000,51.0006951966,-0.0004957785,35.0006,22.852160,2.732074,16.047814,16.0754,4.3015,0.0000
13790000,51.0006966409,-0.0004951630,35.0006,22.839284,2.766798,16.203669,16.0594,4.3399,0.0000
13800000,51.0006980838,-0.0004945420,35.0006,22.826247,2.801539,16.359457,16.0432,4.3783,0.0000
13810000,51.0006995251,-0.0004939156,35.0006,22.813051,2.836298,16.515176,16.0269,4.4165,0.0000
13820000,51.0007009650,-0.0004932838,35.0006,22.799695,2.871075,16.670826,16.0104,4.4547,0.0000
13830000,51.0007024034,-0.0004926465,35.0006,22.786178,2.905869,16.826406,15.9938,4.4928,0.0000
13840000,51.0007038404,-0.0004920037,35.0006,22.772502,2.940681,16.981915,15.9770,4.5308,0.0000
13850000,51.0007052757,-0.0004913556,35.0006,22.758666,2.975512,17.137353,15.9601,4.5687,0.0000
13860000,51.0007067096,-0.0004907021,35.0006,22.744669,3.010361,17.292717,15.9430,4.6065,0.0000
13870000,51.0007081419,-0.0004900432,35.0006,22.730514,3.045229,17.448008,15.9258,4.6443,0.0000
13880000,51.0007095727,-0.0004893789,35.0006,22.716198,3.080116,17.603225,15.9084,4.6819,0.0000
13890000,51.0007110019,-0.0004887093,35.0006,22.701723,3.115022,17.758366,15.8909,4.7194,0.0000
13900000,51.0007124295,-0.0004880343,35.0006,22.687088,3.149947,17.913432,15.8732,4.7569,0.0000
13910000,51.0007138555,-0.0004873540,35.0006,22.672294,3.184892,18.068420,15.8553,4.7943,0.0000
13920000,51.0007152799,-0.0004866684,35.0006,22.657340,3.219856,18.223330,15.8373,4.8315,0.0000
13930000,51.0007167027,-0.0004859775,35.0006,22.642227,3.254840,18.378162,15.8192,4.8687,0.0000
13940000,51.0007181239,-0.0004852813,35.0006,22.626955,3.289845,18.532914,15.8009,4.9058,0.0000
13950000,51.0007195434,-0.0004845798,35.0006,22.611523,3.324869,18.687586,15.7825,4.9427,0.0000
13960000,51.0007209612,-0.0004838731,35.0006,22.595933,3.359913,18.842177,15.7639,4.9796,0.0000
13970000,51.0007223774,-0.0004831611,35.0006,22.580183,3.394979,18.996685,15.7452,5.0164,0.0000
13980000,51.0007237918,-0.0004824439,35.0006,22.564274,3.430065,19.151111,15.7263,5.0531,0.0000
13990000,51.0007252046,-0.0004817214,35.0006,22.548206,3.465171,19.305452,15.7073,5.0897,0.0000
14000000,51.0007266156,-0.0004809938,35.0006,22.531979,3.500299,19.459709,15.6881,5.1262,0.0000
14010000,51.0007280250,-0.0004802610,35.0006,22.515594,3.535449,19.613880,15.6688,5.1626,0.0000
14020000,51.0007294325,-0.0004795230,35.0006,22.499049,3.570619,19.767965,15.6494,5.1988,0.0000
14030000,51.0007308384,-0.0004787798,35.0006,22.482346,3.605811,19.921963,15.6298,5.2350,0.0000
14040000,51.0007322424,-0.0004780315,35.0006,22.465485,3.641025,20.075872,15.6100,5.2711,0.0000
14050000,51.0007336447,-0.0004772780,35.0006,22.448465,3.676261,20.229692,15.5902,5.3071,0.0000
14060000,51.0007350452,-0.0004765195,35.0006,22.431286,3.711520,20.383422,15.5701,5.3429,0.0000
14070000,51.0007364438,-0.0004757558,35.0006,22.413949,3.746800,20.537062,15.5500,5.3787,0.0000
14080000,51.0007378407,-0.0004749870,35.0006,22.396454,3.782103,20.690610,15.5297,5.4143,0.0000
14090000,51.0007392357,-0.0004742132,35.0006,22.378800,3.817428,20.844065,15.5092,5.4499,0.0000
14100000,51.0007406289,-0.0004734343,35.0006,22.360989,3.852777,20.997427,15.4886,5.4853,0.0000
14110000,51.0007420202,-0.0004726504,35.0006,22.343019,3.888148,21.150695,15.4679,5.5206,0.0000
14120000,51.0007434097,-0.0004718615,35.0006,22.324892,3.923543,21.303868,15.4471,5.5559,0.0000
14130000,51.0007447973,-0.0004710675,35.0006,22.306606,3.958960,21.456944,15.4261,5.5910,0.0000
14140000,51.0007461829,-0.0004702686,35.0006,22.288163,3.994402,21.609924,15.4049,5.6260,0.0000
14150000,51.0007475667,-0.0004694646,35.0006,22.269562,4.029866,21.762806,15.3836,5.6608,0.0000
14160000,51.0007489486,-0.0004686557,35.0006,22.250803,4.065355,21.915590,15.3622,5.6956,0.0000
14170000,51.0007503285,-0.0004678419,35.0006,22.231887,4.100868,22.068274,15.3407,5.7303,0.0000
14180000,51.0007517065,-0.0004670232,35.0006,22.212814,4.136404,22.220858,15.3190,5.7648,0.0000
14190000,51.0007530825,-0.0004661995,35.0006,22.193583,4.171965,22.373340,15.2972,5.7992,0.0000
14200000,51.0007544566,-0.0004653709,35.0006,22.174195,4.207550,22.525721,15.2752,5.8336,0.0000
14210000,51.0007558286,-0.0004645375,35.0006,22.154650,4.243160,22.677998,15.2531,5.8678,0.0000
14220000,51.0007571987,-0.0004636991,35.0006,22.134947,4.278795,22.830172,15.2309,5.9018,0.0000
14230000,51.0007585668,-0.0004628560,35.0006,22.115088,4.314454,22.982241,15.2086,5.9358,0.0000
14240000,51.0007599329,-0.0004620080,35.0006,22.095072,4.350138,23.134205,15.1861,5.9696,0.0000
14250000,51.0007612969,-0.0004611552,35.0006,22.074899,4.385848,23.286062,15.1635,6.0034,0.0000
14260000,51.0007626589,-0.0004602976,35.0006,22.054570,4.421583,23.437811,15.1407,6.0370,0.0000
14270000,51.0007640189,-0.0004594352,35.0006,22.034084,4.457343,23.589453,15.1179,6.0705,0.0000
14280000,51.0007653768,-0.0004585681,35.0006,22.013441,4.493129,23.740986,15.0949,6.1038,0.0000
14290000,51.0007667326,-0.0004576962,35.0007,21.992642,4.528940,23.892408,15.0717,6.1371,0.0000
14300000,51.0007680863,-0.0004568196,35.0007,21.971687,4.564778,24.043720,15.0485,6.1702,0.0000
14310000,51.0007694380,-0.0004559383,35.0007,21.950576,4.600641,24.194920,15.0251,6.2032,0.0000
14320000,51.0007707875,-0.0004550522,35.0007,21.929308,4.636531,24.346008,15.0016,6.2360,0.0000
14330000,51.0007721349,-0.0004541616,35.0007,21.907885,4.672447,24.496982,14.9780,6.2688,0.0000
14340000,51.0007734802,-0.0004532662,35.0007,21.886306,4.708389,24.647841,14.9542,6.3014,0.0000
14350000,51.0007748233,-0.0004523662,35.0007,21.864571,4.744358,24.798586,14.9303,6.3339,0.0000
14360000,51.0007761643,-0.0004514616,35.0007,21.842680,4.780353,24.949215,14.9063,6.3663,0.0000
14370000,51.0007775032,-0.0004505524,35.0007,21.820634,4.816376,25.099726,14.8822,6.3985,0.0000
14380000,51.0007788398,-0.0004496386,35.0007,21.798433,4.852425,25.250120,14.8579,6.4306,0.0000
14390000,51.0007801743,-0.0004487203,35.0007,21.776076,4.888501,25.400395,14.8335,6.4626,0.0000
14400000,51.0007815065,-0.0004477974,35.0007,21.753565,4.924605,25.550551,14.8090,6.4945,0.0000
14410000,51.0007828366,-0.0004468700,35.0007,21.730898,4.960735,25.700586,14.7844,6.5262,0.0000
14420000,51.0007841644,-0.0004459380,35.0007,21.708076,4.996894,25.850500,14.7596,6.5578,0.0000
14430000,51.0007854900,-0.0004450016,35.0007,21.685100,5.033079,26.000291,14.7348,6.5893,0.0000
14440000,51.0007868134,-0.0004440607,35.0007,21.661969,5.069293,26.149960,14.7098,6.6206,0.0000
14450000,51.0007881345,-0.0004431153,35.0007,21.638683,5.105534,26.299504,14.6847,6.6518,0.0000
14460000,51.0007894534,-0.0004421655,35.0007,21.615243,5.141803,26.448924,14.6595,6.6829,0.0000
14470000,51.0007907700,-0.0004412113,35.0007,21.591648,5.178100,26.598217,14.6341,6.7138,0.0000
14480000,51.0007920843,-0.0004402527,35.0007,21.567900,5.214425,26.747385,14.6087,6.7446,0.0000
14490000,51.0007933963,-0.0004392897,35.0007,21.543997,5.250779,26.896424,14.5831,6.7753,0.0000
14500000,51.0007947060,-0.0004383224,35.0007,21.519941,5.287160,27.045336,14.5574,6.8058,0.0000
14510000,51.0007960134,-0.0004373507,35.0007,21.495731,5.323571,27.194118,14.5316,6.8362,0.0000
14520000,51.0007973184,-0.0004363747,35.0007,21.471367,5.360009,27.342770,14.5057,6.8664,0.0000
14530000,51.0007986212,-0.0004353944,35.0007,21.446849,5.396477,27.491291,14.4797,6.8966,0.0000
14540000,51.0007999216,-0.0004344098,35.0007,21.422179,5.432973,27.639680,14.4536,6.9265,0.0000
14550000,51.0008012196,-0.0004334210,35.0007,21.397355,5.469498,27.787936,14.4273,6.9564,0.0000
14560000,51.0008025153,-0.0004324279,35.0007,21.372378,5.506052,27.936058,14.4010,6.9861,0.0000
14570000,51.0008038086,-0.0004314306,35.0007,21.347248,5.542635,28.084046,14.3745,7.0156,0.0000
14580000,51.0008050995,-0.0004304291,35.0007,21.321965,5.579248,28.231899,14.3479,7.0451,0.0000
14590000,51.0008063880,-0.0004294234,35.0007,21.296530,5.615889,28.379615,14.3212,7.0744,0.0000
14600000,51.0008076741,-0.0004284135,35.0007,21.270942,5.652560,28.527194,14.2944,7.1035,0.0000
14610000,51.0008089578,-0.0004273995,35.0007,21.245201,5.689260,28.674635,14.2675,7.1325,0.0000
14620000,51.0008102391,-0.0004263814,35.0007,21.219309,5.725990,28.821937,14.2405,7.1614,0.0000
14630000,51.0008115179,-0.0004253592,35.0007,21.193264,5.762749,28.969099,14.2134,7.1901,0.0000
14640000,51.0008127943,-0.0004243329,35.0007,21.167068,5.799539,29.116120,14.1862,7.2186,0.0000
14650000,51.0008140683,-0.0004233025,35.0007,21.140720,5.836357,29.262999,14.1588,7.2471,0.0000
14660000,51.0008153398,-0.0004222681,35.0007,21.114220,5.873206,29.409736,14.1314,7.2753,0.0000
14670000,51.0008166088,-0.0004212297,35.0007,21.087569,5.910085,29.556330,14.1039,7.3035,0.0000
14680000,51.0008178753,-0.0004201873,35.0007,21.060766,5.946993,29.702779,14.0763,7.3315,0.0000
14690000,51.0008191394,-0.0004191409,35.0007,21.033812,5.983932,29.849083,14.0485,7.3593,0.0000
14700000,51.0008204009,-0.0004180906,35.0007,21.006708,6.020901,29.995241,14.0207,7.3870,0.0000
14710000,51.0008216600,-0.0004170363,35.0007,20.979452,6.057900,30.141252,13.9927,7.4146,0.0000
14720000,51.0008229165,-0.0004159781,35.0007,20.952046,6.094929,30.287115,13.9647,7.4420,0.0000
14730000,51.0008241705,-0.0004149160,35.0007,20.924489,6.131989,30.432830,13.9366,7.4692,0.0000
14740000,51.0008254220,-0.0004138501,35.0007,20.896782,6.169079,30.578394,13.9083,7.4963,0.0000
14750000,51.0008266709,-0.0004127802,35.0007,20.868925,6.206200,30.723808,13.8800,7.5233,0.0000
14760000,51.0008279173,-0.0004117066,35.0007,20.840918,6.243351,30.869071,13.8516,7.5501,0.0000
14770000,51.0008291611,-0.0004106292,35.0007,20.812762,6.280533,31.014182,13.8230,7.5767,0.0000
14780000,51.0008304024,-0.0004095479,35.0007,20.784455,6.317745,31.159139,13.7944,7.6032,0.0000
14790000,51.0008316410,-0.0004084629,35.0007,20.755999,6.354989,31.303942,13.7657,7.6296,0.0000
14800000,51.0008328771,-0.0004073742,35.0007,20.727394,6.392263,31.448590,13.7369,7.6558,0.0000
14810000,51.0008341106,-0.0004062817,35.0007,20.698640,6.429567,31.593083,13.7080,7.6818,0.0000
14820000,51.0008353415,-0.0004051855,35.0007,20.669737,6.466903,31.737418,13.6790,7.7077,0.0000
14830000,51.0008365698,-0.0004040857,35.0007,20.640685,6.504270,31.881596,13.6499,7.7335,0.0000
14840000,51.0008377955,-0.0004029822,35.0007,20.611485,6.541667,32.025616,13.6207,7.7591,0.0000
14850000,51.0008390185,-0.0004018751,35.0007,20.582137,6.579096,32.169476,13.5915,7.7845,0.0000
14860000,51.0008402389,-0.0004007643,35.0007,20.552640,6.616555,32.313175,13.5621,7.8098,0.0000
14870000,51.0008414567,-0.0003996500,35.0007,20.522995,6.654046,32.456714,13.5327,7.8349,0.0000
14880000,51.0008426718,-0.0003985321,35.0008,20.493203,6.691568,32.600090,13.5031,7.8599,0.0000
14890000,51.0008438842,-0.0003974106,35.0008,20.463263,6.729121,32.743304,13.4735,7.8847,0.0000
14900000,51.0008450940,-0.0003962857,35.0008,20.433175,6.766705,32.886353,13.4438,7.9093,0.0000
14910000,51.0008463011,-0.0003951572,35.0008,20.402941,6.804321,33.029238,13.4140,7.9338,0.0000
14920000,51.0008475055,-0.0003940252,35.0008,20.372559,6.841967,33.171957,13.3842,7.9582,0.0000
14930000,51.0008487073,-0.0003928898,35.0008,20.342031,6.879645,33.314510,13.3542,7.9824,0.0000
14940000,51.0008499063,-0.0003917510,35.0008,20.311356,6.917355,33.456895,13.3241,8.0064,0.0000
14950000,51.0008511027,-0.0003906087,35.0008,20.280535,6.955095,33.599112,13.2940,8.0303,0.0000
14960000,51.0008522963,-0.0003894631,35.0008,20.249568,6.992867,33.741160,13.2638,8.0540,0.0000
14970000,51.0008534872,-0.0003883141,35.0008,20.218454,7.030671,33.883038,13.2335,8.0775,0.0000
14980000,51.0008546754,-0.0003871617,35.0008,20.187195,7.068506,34.024744,13.2032,8.1009,0.0000
14990000,51.0008558608,-0.0003860060,35.0008,20.155791,7.106372,34.166279,13.1727,8.1241,0.0000
15000000,51.0008570435,-0.0003848471,35.0008,20.124241,7.144269,34.307641,13.1422,8.1472,0.0000
15010000,51.0008582235,-0.0003836848,35.0008,20.092546,7.182198,34.448829,13.1116,8.1701,0.0000
15020000,51.0008594007,-0.0003825193,35.0008,20.060707,7.220159,34.589843,13.0809,8.1929,0.0000
15030000,51.0008605752,-0.0003813506,35.0008,20.028722,7.258151,34.730682,13.0501,8.2154,0.0000
15040000,51.0008617468,-0.0003801787,35.0008,19.996594,7.296174,34.871344,13.0193,8.2379,0.0000
15050000,51.0008629157,-0.0003790035,35.0008,19.964321,7.334229,35.011829,12.9884,8.2601,0.0000
15060000,51.0008640818,-0.0003778253,35.0008,19.931904,7.372315,35.152135,12.9574,8.2822,0.0000
15070000,51.0008652452,-0.0003766438,35.0008,19.899344,7.410432,35.292263,12.9264,8.3041,0.0000
15080000,51.0008664057,-0.0003754593,35.0008,19.866640,7.448581,35.432211,12.8952,8.3259,0.0000
15090000,51.0008675635,-0.0003742717,35.0008,19.833793,7.486762,35.571978,12.8640,8.3475,0.0000
15100000,51.0008687184,-0.0003730810,35.0008,19.800803,7.524974,35.711564,12.8328,8.3689,0.0000
15110000,51.0008698705,-0.0003718873,35.0008,19.767670,7.563217,35.850967,12.8014,8.3902,0.0000
15120000,51.0008710198,-0.0003706906,35.0008,19.734394,7.601491,35.990187,12.7700,8.4113,0.0000
15130000,51.0008721663,-0.0003694908,35.0008,19.700977,7.639797,36.129222,12.7385,8.4323,0.0000
15140000,51.0008733099,-0.0003682881,35.0008,19.667417,7.678135,36.268072,12.7070,8.4531,0.0000
15150000,51.0008744507,-0.0003670825,35.0008,19.633716,7.716503,36.406736,12.6754,8.4737,0.0000
15160000,51.0008755886,-0.0003658739,35.0008,19.599873,7.754903,36.545213,12.6437,8.4941,0.0000
15170000,51.0008767237,-0.0003646624,35.0008,19.565889,7.793334,36.683503,12.6119,8.5144,0.0000
15180000,51.0008778560,-0.0003634481,35.0008,19.531764,7.831797,36.821603,12.5801,8.5345,0.0000
15190000,51.0008789854,-0.0003622308,35.0008,19.497498,7.870290,36.959514,12.5482,8.5544,0.0000
15200000,51.0008801119,-0.0003610108,35.0008,19.463091,7.908815,37.097235,12.5163,8.5742,0.0000
15210000,51.0008812355,-0.0003597880,35.0008,19.428545,7.947371,37.234764,12.4843,8.5938,0.0000
15220000,51.0008823563,-0.0003585623,35.0008,19.393858,7.985958,37.372101,12.4522,8.6133,0.0000
15230000,51.0008834741,-0.0003573340,35.0008,19.359032,8.024576,37.509244,12.4201,8.6325,0.0000
15240000,51.0008845891,-0.0003561028,35.0008,19.324067,8.063225,37.646194,12.3879,8.6516,0.0000
15250000,51.0008857012,-0.0003548690,35.0008,19.288962,8.101905,37.782949,12.3557,8.6706,0.0000
15260000,51.0008868104,-0.0003536325,35.0008,19.253718,8.140616,37.919508,12.3234,8.6893,0.0000
15270000,51.0008879167,-0.0003523933,35.0008,19.218336,8.179357,38.055870,12.2910,8.7079,0.0000
15280000,51.0008890200,-0.0003511515,35.0008,19.182816,8.218130,38.192035,12.2586,8.7263,0.0000
15290000,51.0008901205,-0.0003499071,35.0008,19.147157,8.256933,38.328001,12.2261,8.7446,0.0000
15300000,51.0008912180,-0.0003486601,35.0008,19.111361,8.295767,38.463768,12.1936,8.7627,0.0000
15310000,51.0008923126,-0.0003474105,35.0008,19.075428,8.334632,38.599335,12.1610,8.7806,0.0000
15320000,51.0008934043,-0.0003461584,35.0008,19.039357,8.373527,38.734701,12.1284,8.7983,0.0000
15330000,51.0008944931,-0.0003449038,35.0008,19.003149,8.412453,38.869865,12.0957,8.8159,0.0000
15340000,51.0008955788,-0.0003436467,35.0008,18.966805,8.451409,39.004826,12.0630,8.8333,0.0000
15350000,51.0008966617,-0.0003423871,35.0008,18.930325,8.490396,39.139584,12.0302,8.8505,0.0000
15360000,51.0008977416,-0.0003411251,35.0008,18.893709,8.529412,39.274136,11.9973,8.8675,0.0000
15370000,51.0008988186,-0.0003398607,35.0008,18.856957,8.568459,39.408484,11.9644,8.8844,0.0000
15380000,51.0008998925,-0.0003385938,35.0008,18.820070,8.607537,39.542625,11.9315,8.9011,0.0000
15390000,51.0009009636,-0.0003373246,35.0008,18.783047,8.646644,39.676559,11.8985,8.9176,0.0000
15400000,51.0009020316,-0.0003360531,35.0008,18.745890,8.685781,39.810285,11.8654,8.9340,0.0000
15410000,51.0009030967,-0.0003347792,35.0008,18.708599,8.724948,39.943802,11.8324,8.9502,0.0000
15420000,51.0009041588,-0.0003335031,35.0008,18.671173,8.764145,40.077109,11.7992,8.9662,0.0000
15430000,51.0009052179,-0.0003322247,35.0008,18.633614,8.803372,40.210206,11.7661,8.9820,0.0000
15440000,51.0009062741,-0.0003309440,35.0008,18.595922,8.842628,40.343091,11.7328,8.9977,0.0000
15450000,51.0009073272,-0.0003296611,35.0008,18.558096,8.881914,40.475763,11.6996,9.0132,0.0000
15460000,51.0009083774,-0.0003283761,35.0008,18.520137,8.921229,40.608223,11.6663,9.0285,0.0000
15470000,51.0009094246,-0.0003270888,35.0008,18.482046,8.960574,40.740468,11.6329,9.0436,0.0000
15480000,51.0009104687,-0.0003257994,35.0008,18.443823,8.999948,40.872498,11.5995,9.0586,0.0000
15490000,51.0009115099,-0.0003245079,35.0008,18.405468,9.039351,41.004313,11.5661,9.0734,0.0000
15500000,51.0009125481,-0.0003232143,35.0008,18.366982,9.078782,41.135910,11.5326,9.0880,0.0000
15510000,51.0009135832,-0.0003219187,35.0009,18.328365,9.118243,41.267290,11.4991,9.1024,0.0000
15520000,51.0009146153,-0.0003206209,35.0009,18.289617,9.157733,41.398452,11.4655,9.1167,0.0000
15530000,51.0009156444,-0.0003193212,35.0009,18.250738,9.197251,41.529395,11.4319,9.1308,0.0000
15540000,51.0009166705,-0.0003180195,35.0009,18.211729,9.236798,41.660117,11.3983,9.1447,0.0000
15550000,51.0009176936,-0.0003167158,35.0009,18.172591,9.276374,41.790618,11.3647,9.1584,0.0000
15560000,51.0009187137,-0.0003154101,35.0009,18.133324,9.315978,41.920897,11.3310,9.1720,0.0000
15570000,51.0009197307,-0.0003141026,35.0009,18.093927,9.355610,42.050954,11.2972,9.1854,0.0000
15580000,51.0009207446,-0.0003127931,35.0009,18.054402,9.395270,42.180787,11.2635,9.1986,0.0000
15590000,51.0009217556,-0.0003114818,35.0009,18.014749,9.434958,42.310396,11.2297,9.2116,0.0000
15600000,51.0009227635,-0.0003101687,35.0009,17.974967,9.474673,42.439779,11.1958,9.2244,0.0000
15610000,51.0009237683,-0.0003088537,35.0009,17.935059,9.514417,42.568936,11.1620,9.2371,0.0000
15620000,51.0009247702,-0.0003075369,35.0009,17.895023,9.554188,42.697867,11.1281,9.2496,0.0000
15630000,51.0009257689,-0.0003062184,35.0009,17.854860,9.593986,42.826569,11.0942,9.2619,0.0000
15640000,51.0009267646,-0.0003048981,35.0009,17.814571,9.633812,42.955043,11.0602,9.2741,0.0000
15650000,51.0009277573,-0.0003035761,35.0009,17.774157,9.673665,43.083287,11.0262,9.2860,0.0000
15660000,51.0009287469,-0.0003022524,35.0009,17.733616,9.713545,43.211301,10.9922,9.2978,0.0000
15670000,51.0009297335,-0.0003009270,35.0009,17.692950,9.753451,43.339084,10.9582,9.3094,0.0000
15680000,51.0009307170,-0.0002996000,35.0009,17.652160,9.793385,43.466634,10.9241,9.3208,0.0000
15690000,51.0009316974,-0.0002982714,35.0009,17.611245,9.833345,43.593952,10.8901,9.3321,0.0000
15700000,51.0009326747,-0.0002969412,35.0009,17.570206,9.873331,43.721036,10.8560,9.3432,0.0000
15710000,51.0009336490,-0.0002956094,35.0009,17.529044,9.913343,43.847885,10.8218,9.3540,0.0000
15720000,51.0009346203,-0.0002942761,35.0009,17.487758,9.953382,43.974500,10.7877,9.3648,0.0000
15730000,51.0009355884,-0.0002929413,35.0009,17.446350,9.993446,44.100877,10.7535,9.3753,0.0000
15740000,51.0009365535,-0.0002916050,35.0009,17.404819,10.033536,44.227018,10.7193,9.3857,0.0000
15750000,51.0009375155,-0.0002902672,35.0009,17.363167,10.073652,44.352921,10.6851,9.3958,0.0000
15760000,51.0009384744,-0.0002889280,35.0009,17.321393,10.113793,44.478585,10.6508,9.4058,0.0000
15770000,51.0009394303,-0.0002875874,35.0009,17.279497,10.153959,44.604010,10.6166,9.4157,0.0000
15780000,51.0009403831,-0.0002862454,35.0009,17.237481,10.194150,44.729194,10.5823,9.4253,0.0000
15790000,51.0009413328,-0.0002849020,35.0009,17.195345,10.234366,44.854137,10.5480,9.4348,0.0000
15800000,51.0009422794,-0.0002835573,35.0009,17.153089,10.274607,44.978839,10.5137,9.4440,0.0000
15810000,51.0009432229,-0.0002822113,35.0009,17.110714,10.314872,45.103297,10.4794,9.4532,0.0000
15820000,51.0009441633,-0.0002808640,35.0009,17.068220,10.355162,45.227511,10.4450,9.4621,0.0000
15830000,51.0009451007,-0.0002795154,35.0009,17.025607,10.395476,45.351482,10.4107,9.4708,0.0000
15840000,51.0009460349,-0.0002781656,35.0009,16.982877,10.435813,45.475207,10.3763,9.4794,0.0000
15850000,51.0009469661,-0.0002768146,35.0009,16.940028,10.476174,45.598685,10.3419,9.4878,0.0000
15860000,51.0009478942,-0.0002754625,35.0009,16.897063,10.516559,45.721917,10.3075,9.4960,0.0000
15870000,51.0009488192,-0.0002741091,35.0009,16.853981,10.556968,45.844901,10.2731,9.5040,0.0000
15880000,51.0009497410,-0.0002727546,35.0009,16.810783,10.597399,45.967637,10.2387,9.5119,0.0000
15890000,51.0009506598,-0.0002713991,35.0009,16.767469,10.637853,46.090123,10.2043,9.5195,0.0000
15900000,51.0009515755,-0.0002700424,35.0009,16.724040,10.678330,46.212360,10.1698,9.5270,0.0000
15910000,51.0009524881,-0.0002686847,35.0009,16.680496,10.718830,46.334345,10.1354,9.5343,0.0000
15920000,51.0009533977,-0.0002673260,35.0009,16.636837,10.759352,46.456078,10.1009,9.5415,0.0000
15930000,51.0009543041,-0.0002659662,35.0009,16.593065,10.799896,46.577559,10.0665,9.5484,0.0000
15940000,51.0009552074,-0.0002646055,35.0009,16.549180,10.840462,46.698787,10.0320,9.5552,0.0000
15950000,51.0009561076,-0.0002632438,35.0009,16.505181,10.881049,46.819761,9.9975,9.5618,0.0000
15960000,51.0009570047,-0.0002618812,35.0009,16.461071,10.921658,46.940479,9.9630,9.5682,0.0000
15970000,51.0009578987,-0.0002605177,35.0009,16.416848,10.962288,47.060942,9.9286,9.5744,0.0000
15980000,51.0009587896,-0.0002591534,35.0009,16.372514,11.002940,47.181149,9.8941,9.5805,0.0000
15990000,51.0009596775,-0.0002577882,35.0009,16.328070,11.043612,47.301098,9.8596,9.5864,0.0000
16000000,51.0009605622,-0.0002564221,35.0009,16.283514,11.084304,47.420790,9.8251,9.5920,0.0000
16010000,51.0009614438,-0.0002550553,35.0009,16.238849,11.125017,47.540222,9.7906,9.5976,0.0000
16020000,51.0009623223,-0.0002536876,35.0009,16.194075,11.165750,47.659395,9.7561,9.6029,0.0000
16030000,51.0009631977,-0.0002523193,35.0009,16.149192,11.206503,47.778307,9.7216,9.6081,0.0000
16040000,51.0009640700,-0.0002509502,35.0009,16.104200,11.247276,47.896959,9.6871,9.6130,0.0000
16050000,51.0009649392,-0.0002495804,35.0009,16.059101,11.288068,48.015348,9.6526,9.6178,0.0000
16060000,51.0009658054,-0.0002482100,35.0009,16.013895,11.328879,48.133475,9.6181,9.6224,0.0000
16070000,51.0009666684,-0.0002468389,35.0009,15.968581,11.369709,48.251338,9.5836,9.6269,0.0000
16080000,51.0009675283,-0.0002454671,35.0009,15.923162,11.410558,48.368937,9.5492,9.6311,0.0000
16090000,51.0009683851,-0.0002440948,35.0009,15.877637,11.451425,48.486271,9.5147,9.6352,0.0000
16100000,51.0009692388,-0.0002427220,35.0009,15.832007,11.492310,48.603340,9.4802,9.6391,0.0000
16110000,51.0009700894,-0.0002413485,35.0009,15.786272,11.533213,48.720142,9.4457,9.6428,0.0000
16120000,51.0009709369,-0.0002399746,35.0009,15.740434,11.574134,48.836676,9.4113,9.6464,0.0000
16130000,51.0009717814,-0.0002386002,35.0009,15.694491,11.615072,48.952943,9.3768,9.6497,0.0000
16140000,51.0009726227,-0.0002372253,35.0009,15.648446,11.656028,49.068941,9.3424,9.6529,0.0000
16150000,51.0009734609,-0.0002358499,35.0009,15.602299,11.697000,49.184670,9.3079,9.6559,0.0000
16160000,51.0009742960,-0.0002344742,35.0009,15.556050,11.737989,49.300128,9.2735,9.6587,0.0000
16170000,51.0009751281,-0.0002330980,35.0009,15.509700,11.778995,49.415315,9.2391,9.6614,0.0000
16180000,51.0009759570,-0.0002317215,35.0009,15.463249,11.820016,49.530231,9.2047,9.6638,0.0000
16190000,51.0009767829,-0.0002303447,35.0009,15.416698,11.861053,49.644874,9.1703,9.6661,0.0000
16200000,51.0009776056,-0.0002289675,35.0009,15.370048,11.902106,49.759244,9.1359,9.6682,0.0000
16210000,51.0009784253,-0.0002275901,35.0009,15.323299,11.943174,49.873341,9.1015,9.6702,0.0000
16220000,51.0009792419,-0.0002262124,35.0010,15.276452,11.984258,49.987162,9.0671,9.6719,0.0000
16230000,51.0009800554,-0.0002248344,35.0010,15.229507,12.025355,50.100709,9.0328,9.6735,0.0000
16240000,51.0009808658,-0.0002234563,35.0010,15.182465,12.066468,50.213979,8.9985,9.6749,0.0000
16250000,51.0009816731,-0.0002220779,35.0010,15.135326,12.107594,50.326973,8.9641,9.6761,0.0000
16260000,51.0009824773,-0.0002206994,35.0010,15.088092,12.148735,50.439689,8.9298,9.6771,0.0000
16270000,51.0009832785,-0.0002193208,35.0010,15.040762,12.189889,50.552127,8.8955,9.6780,0.0000
16280000,51.0009840765,-0.0002179420,35.0010,14.993338,12.231057,50.664286,8.8613,9.6787,0.0000
16290000,51.0009848715,-0.0002165632,35.0010,14.945820,12.272237,50.776165,8.8270,9.6792,0.0000
16300000,51.0009856634,-0.0002151843,35.0010,14.898209,12.313430,50.887765,8.7928,9.6795,0.0000
16310000,51.0009864523,-0.0002138054,35.0010,14.850505,12.354636,50.999083,8.7586,9.6797,0.0000
16320000,51.0009872380,-0.0002124265,35.0010,14.802708,12.395854,51.110119,8.7244,9.6796,0.0000
16330000,51.0009880207,-0.0002110475,35.0010,14.754821,12.437084,51.220874,8.6902,9.6794,0.0000
16340000,51.0009888003,-0.0002096687,35.0010,14.706842,12.478326,51.331345,8.6561,9.6790,0.0000
16350000,51.0009895769,-0.0002082899,35.0010,14.658773,12.519578,51.441532,8.6219,9.6785,0.0000
16360000,51.0009903504,-0.0002069111,35.0010,14.610615,12.560842,51.551435,8.5878,9.6777,0.0000
16370000,51.0009911208,-0.0002055325,35.0010,14.562368,12.602117,51.661053,8.5537,9.6768,0.0000
16380000,51.0009918881,-0.0002041541,35.0010,14.514033,12.643402,51.770386,8.5197,9.6757,0.0000
16390000,51.0009926524,-0.0002027758,35.0010,14.465610,12.684697,51.879431,8.4856,9.6745,0.0000
16400000,51.0009934137,-0.0002013977,35.0010,14.417100,12.726001,51.988190,8.4516,9.6730,0.0000
16410000,51.0009941718,-0.0002000198,35.0010,14.368504,12.767316,52.096661,8.4176,9.6714,0.0000
16420000,51.0009949270,-0.0001986422,35.0010,14.319823,12.808639,52.204844,8.3837,9.6696,0.0000
16430000,51.0009956790,-0.0001972648,35.0010,14.271057,12.849971,52.312737,8.3497,9.6676,0.0000
16440000,51.0009964281,-0.0001958878,35.0010,14.222207,12.891312,52.420341,8.3158,9.6655,0.0000
16450000,51.0009971740,-0.0001945110,35.0010,14.173273,12.932662,52.527654,8.2819,9.6632,0.0000
16460000,51.0009979170,-0.0001931346,35.0010,14.124256,12.974019,52.634677,8.2481,9.6607,0.0000
16470000,51.0009986569,-0.0001917586,35.0010,14.075158,13.015383,52.741407,8.2143,9.6580,0.0000
16480000,51.0009993937,-0.0001903829,35.0010,14.025978,13.056755,52.847846,8.1805,9.6551,0.0000
16490000,51.0010001275,-0.0001890077,35.0010,13.976717,13.098134,52.953991,8.1467,9.6521,0.0000
16500000,51.0010008583,-0.0001876329,35.0010,13.927377,13.139520,53.059843,8.1130,9.6489,0.0000
16510000,51.0010015861,-0.0001862586,35.0010,13.877957,13.180912,53.165401,8.0793,9.6455,0.0000
16520000,51.0010023108,-0.0001848848,35.0010,13.828459,13.222310,53.270664,8.0456,9.6420,0.0000
16530000,51.0010030325,-0.0001835115,35.0010,13.778883,13.263714,53.375631,8.0120,9.6383,0.0000
16540000,51.0010037511,-0.0001821387,35.0010,13.729231,13.305123,53.480303,7.9783,9.6344,0.0000
16550000,51.0010044668,-0.0001807665,35.0010,13.679501,13.346537,53.584677,7.9448,9.6303,0.0000
16560000,51.0010051794,-0.0001793949,35.0010,13.629697,13.387956,53.688755,7.9112,9.6260,0.0000
16570000,51.0010058891,-0.0001780240,35.0010,13.579817,13.429380,53.792535,7.8777,9.6216,0.0000
16580000,51.0010065957,-0.0001766536,35.0010,13.529864,13.470807,53.896016,7.8443,9.6170,0.0000
16590000,51.0010072993,-0.0001752839,35.0010,13.479837,13.512238,53.999198,7.8108,9.6122,0.0000
16600000,51.0010079999,-0.0001739150,35.0010,13.429738,13.553673,54.102081,7.7775,9.6073,0.0000
16610000,51.0010086975,-0.0001725467,35.0010,13.379566,13.595110,54.204663,7.7441,9.6022,0.0000
16620000,51.0010093921,-0.0001711792,35.0010,13.329324,13.636551,54.306944,7.7108,9.5969,0.0000
16630000,51.0010100837,-0.0001698124,35.0010,13.279012,13.677994,54.408924,7.6775,9.5914,0.0000
16640000,51.0010107724,-0.0001684465,35.0010,13.228630,13.719439,54.510602,7.6443,9.5858,0.0000
16650000,51.0010114580,-0.0001670813,35.0010,13.178180,13.760885,54.611978,7.6111,9.5800,0.0000
16660000,51.0010121407,-0.0001657170,35.0010,13.127662,13.802333,54.713050,7.5779,9.5740,0.0000
16670000,51.0010128203,-0.0001643535,35.0010,13.077076,13.843782,54.813819,7.5448,9.5679,0.0000
16680000,51.0010134970,-0.0001629910,35.0010,13.026425,13.885232,54.914284,7.5117,9.5616,0.0000
16690000,51.0010141708,-0.0001616293,35.0010,12.975708,13.926682,55.014443,7.4787,9.5551,0.0000
16700000,51.0010148415,-0.0001602686,35.0010,12.924926,13.968133,55.114298,7.4457,9.5484,0.0000
16710000,51.0010155093,-0.0001589088,35.0010,12.874080,14.009583,55.213846,7.4127,9.5416,0.0000
16720000,51.0010161742,-0.0001575501,35.0010,12.823172,14.051032,55.313088,7.3798,9.5346,0.0000
16730000,51.0010168361,-0.0001561923,35.0010,12.772201,14.092481,55.412023,7.3469,9.5274,0.0000
16740000,51.0010174950,-0.0001548356,35.0010,12.721169,14.133928,55.510651,7.3141,9.5201,0.0000
16750000,51.0010181510,-0.0001534799,35.0010,12.670076,14.175373,55.608971,7.2813,9.5126,0.0000
16760000,51.0010188040,-0.0001521253,35.0010,12.618923,14.216817,55.706982,7.2486,9.5049,0.0000
16770000,51.0010194541,-0.0001507718,35.0010,12.567712,14.258258,55.804684,7.2159,9.4970,0.0000
16780000,51.0010201013,-0.0001494195,35.0010,12.516443,14.299696,55.902076,7.1833,9.4890,0.0000
16790000,51.0010207455,-0.0001480683,35.0010,12.465116,14.341131,55.999158,7.1507,9.4808,0.0000
16800000,51.0010213868,-0.0001467183,35.0010,12.413733,14.382563,56.095930,7.1181,9.4725,0.0000
16810000,51.0010220252,-0.0001453695,35.0010,12.362295,14.423992,56.192391,7.0856,9.4639,0.0000
16820000,51.0010226607,-0.0001440219,35.0010,12.310802,14.465416,56.288540,7.0532,9.4553,0.0000
16830000,51.0010232932,-0.0001426755,35.0010,12.259255,14.506836,56.384377,7.0208,9.4464,0.0000
16840000,51.0010239228,-0.0001413305,35.0010,12.207656,14.548251,56.479901,6.9884,9.4374,0.0000
16850000,51.0010245496,-0.0001399867,35.0010,12.156004,14.589661,56.575112,6.9561,9.4282,0.0000
16860000,51.0010251734,-0.0001386443,35.0010,12.104301,14.631065,56.670010,6.9239,9.4188,0.0000
16870000,51.0010257943,-0.0001373032,35.0010,12.052549,14.672464,56.764594,6.8917,9.4093,0.0000
16880000,51.0010264124,-0.0001359634,35.0010,12.000747,14.713856,56.858863,6.8595,9.3996,0.0000
16890000,51.0010270275,-0.0001346251,35.0010,11.948896,14.755242,56.952818,6.8274,9.3897,0.0000
16900000,51.0010276398,-0.0001332882,35.0010,11.896998,14.796622,57.046457,6.7954,9.3797,0.0000
16910000,51.0010282492,-0.0001319527,35.0010,11.845054,14.837994,57.139780,6.7634,9.3695,0.0000
16920000,51.0010288557,-0.0001306187,35.0010,11.793063,14.879358,57.232787,6.7314,9.3591,0.0000
16930000,51.0010294593,-0.0001292862,35.0010,11.741028,14.920715,57.325477,6.6995,9.3486,0.0000
16940000,51.0010300601,-0.0001279552,35.0010,11.688949,14.962063,57.417850,6.6677,9.3379,0.0000
16950000,51.0010306580,-0.0001266257,35.0010,11.636828,15.003403,57.509905,6.6359,9.3271,0.0000
16960000,51.0010312531,-0.0001252978,35.0010,11.584664,15.044733,57.601642,6.6042,9.3160,0.0000
16970000,51.0010318453,-0.0001239714,35.0010,11.532459,15.086055,57.693061,6.5725,9.3048,0.0000
16980000,51.0010324347,-0.0001226467,35.0010,11.480215,15.127367,57.784161,6.5409,9.2935,0.0000
16990000,51.0010330212,-0.0001213236,35.0010,11.427931,15.168669,57.874942,6.5094,9.2820,0.0000
17000000,51.0010336049,-0.0001200021,35.0010,11.375609,15.209960,57.965402,6.4779,9.2703,0.0000
17010000,51.0010341858,-0.0001186823,35.0010,11.323249,15.251241,58.055543,6.4464,9.2585,0.0000
17020000,51.0010347639,-0.0001173643,35.0010,11.270854,15.292511,58.145363,6.4150,9.2465,0.0000
17030000,51.0010353391,-0.0001160479,35.0010,11.218423,15.333769,58.234863,6.3837,9.2343,0.0000
17040000,51.0010359115,-0.0001147333,35.0010,11.165958,15.375016,58.324041,6.3524,9.2220,0.0000
17050000,51.0010364811,-0.0001134204,35.0010,11.113460,15.416251,58.412897,6.3212,9.2095,0.0000
17060000,51.0010370479,-0.0001121094,35.0010,11.060929,15.457473,58.501431,6.2900,9.1968,0.0000
17070000,51.0010376119,-0.0001108001,35.0010,11.008367,15.498683,58.589643,6.2589,9.1840,0.0000
17080000,51.0010381731,-0.0001094927,35.0011,10.955774,15.539879,58.677532,6.2279,9.1711,0.0000
17090000,51.0010387316,-0.0001081872,35.0011,10.903152,15.581062,58.765097,6.1969,9.1579,0.0000
17100000,51.0010392872,-0.0001068835,35.0011,10.850502,15.622232,58.852339,6.1660,9.1446,0.0000
17110000,51.0010398401,-0.0001055817,35.0011,10.797825,15.663387,58.939258,6.1351,9.1312,0.0000
17120000,51.0010403902,-0.0001042819,35.0011,10.745121,15.704528,59.025852,6.1044,9.1176,0.0000
17130000,51.0010409375,-0.0001029840,35.0011,10.692392,15.745654,59.112121,6.0736,9.1038,0.0000
17140000,51.0010414821,-0.0001016881,35.0011,10.639639,15.786764,59.198066,6.0429,9.0899,0.0000
17150000,51.0010420239,-0.0001003942,35.0011,10.586862,15.827860,59.283685,6.0123,9.0758,0.0000
17160000,51.0010425630,-0.0000991023,35.0011,10.534063,15.868939,59.368978,5.9818,9.0615,0.0000
17170000,51.0010430993,-0.0000978124,35.0011,10.481243,15.910003,59.453946,5.9513,9.0471,0.0000
17180000,51.0010436329,-0.0000965247,35.0011,10.428403,15.951050,59.538587,5.9209,9.0326,0.0000
17190000,51.0010441637,-0.0000952389,35.0011,10.375544,15.992080,59.622902,5.8905,9.0178,0.0000
17200000,51.0010446918,-0.0000939554,35.0011,10.322667,16.033093,59.706890,5.8602,9.0030,0.0000
17210000,51.0010452173,-0.0000926739,35.0011,10.269772,16.074088,59.790551,5.8300,8.9879,0.0000
17220000,51.0010457399,-0.0000913946,35.0011,10.216862,16.115066,59.873885,5.7998,8.9727,0.0000
17230000,51.0010462599,-0.0000901174,35.0011,10.163938,16.156025,59.956890,5.7697,8.9574,0.0000
17240000,51.0010467772,-0.0000888425,35.0011,10.110999,16.196966,60.039568,5.7397,8.9419,0.0000
17250000,51.0010472918,-0.0000875698,35.0011,10.058048,16.237888,60.121917,5.7097,8.9262,0.0000
17260000,51.0010478037,-0.0000862993,35.0011,10.005085,16.278791,60.203938,5.6798,8.9104,0.0000
17270000,51.0010483129,-0.0000850311,35.0011,9.952112,16.319675,60.285629,5.6500,8.8944,0.0000
17280000,51.0010488194,-0.0000837652,35.0011,9.899129,16.360539,60.366992,5.6202,8.8783,0.0000
17290000,51.0010493233,-0.0000825015,35.0011,9.846138,16.401382,60.448025,5.5905,8.8620,0.0000
17300000,51.0010498245,-0.0000812403,35.0011,9.793140,16.442206,60.528729,5.5609,8.8456,0.0000
17310000,51.0010503230,-0.0000799813,35.0011,9.740136,16.483008,60.609103,5.5313,8.8290,0.0000
17320000,51.0010508189,-0.0000787248,35.0011,9.687127,16.523789,60.689146,5.5018,8.8122,0.0000
17330000,51.0010513121,-0.0000774706,35.0011,9.634114,16.564549,60.768859,5.4724,8.7953,0.0000
17340000,51.0010518027,-0.0000762189,35.0011,9.581098,16.605288,60.848242,5.4430,8.7783,0.0000
17350000,51.0010522906,-0.0000749695,35.0011,9.528081,16.646004,60.927294,5.4137,8.7611,0.0000
17360000,51.0010527760,-0.0000737227,35.0011,9.475063,16.686698,61.006014,5.3845,8.7437,0.0000
17370000,51.0010532587,-0.0000724783,35.0011,9.422046,16.727369,61.084404,5.3553,8.7262,0.0000
17380000,51.0010537387,-0.0000712365,35.0011,9.369031,16.768018,61.162462,5.3262,8.7086,0.0000
17390000,51.0010542162,-0.0000699972,35.0011,9.316019,16.808643,61.240188,5.2972,8.6908,0.0000
17400000,51.0010546910,-0.0000687604,35.0011,9.263011,16.849244,61.317582,5.2682,8.6728,0.0000
17410000,51.0010551633,-0.0000675262,35.0011,9.210009,16.889822,61.394644,5.2394,8.6547,0.0000
17420000,51.0010556330,-0.0000662945,35.0011,9.157013,16.930375,61.471374,5.2106,8.6364,0.0000
17430000,51.0010561000,-0.0000650655,35.0011,9.104024,16.970904,61.547772,5.1818,8.6180,0.0000
17440000,51.0010565645,-0.0000638391,35.0011,9.051045,17.011409,61.623837,5.1532,8.5995,0.0000
17450000,51.0010570265,-0.0000626154,35.0011,8.998075,17.051888,61.699569,5.1246,8.5807,0.0000
17460000,51.0010574858,-0.0000613944,35.0011,8.945117,17.092342,61.774968,5.0960,8.5619,0.0000
17470000,51.0010579426,-0.0000601760,35.0011,8.892171,17.132770,61.850034,5.0676,8.5429,0.0000
17480000,51.0010583969,-0.0000589604,35.0011,8.839239,17.173172,61.924766,5.0392,8.5237,0.0000
17490000,51.0010588486,-0.0000577475,35.0011,8.786321,17.213548,61.999165,5.0109,8.5044,0.0000
17500000,51.0010592977,-0.0000565374,35.0011,8.733420,17.253897,62.073231,4.9826,8.4850,0.0000
17510000,51.0010597443,-0.0000553300,35.0011,8.680536,17.294220,62.146963,4.9545,8.4654,0.0000
17520000,51.0010601884,-0.0000541255,35.0011,8.627670,17.334515,62.220361,4.9264,8.4456,0.0000
17530000,51.0010606300,-0.0000529237,35.0011,8.574824,17.374783,62.293425,4.8984,8.4257,0.0000
17540000,51.0010610690,-0.0000517248,35.0011,8.521999,17.415024,62.366155,4.8704,8.4057,0.0000
17550000,51.0010615056,-0.0000505288,35.0011,8.469195,17.455236,62.438550,4.8425,8.3855,0.0000
17560000,51.0010619396,-0.0000493357,35.0011,8.416416,17.495420,62.510611,4.8147,8.3652,0.0000
17570000,51.0010623711,-0.0000481455,35.0011,8.363661,17.535576,62.582338,4.7870,8.3447,0.0000
17580000,51.0010628002,-0.0000469582,35.0011,8.310931,17.575703,62.653730,4.7594,8.3241,0.0000
17590000,51.0010632268,-0.0000457738,35.0011,8.258229,17.615801,62.724788,4.7318,8.3034,0.0000
17600000,51.0010636509,-0.0000445924,35.0011,8.205555,17.655870,62.795511,4.7043,8.2825,0.0000
17610000,51.0010640725,-0.0000434140,35.0011,8.152911,17.695909,62.865899,4.6768,8.2614,0.0000
17620000,51.0010644917,-0.0000422386,35.0011,8.100298,17.735918,62.935953,4.6495,8.2402,0.0000
17630000,51.0010649084,-0.0000410663,35.0011,8.047719,17.775897,63.005677,4.6222,8.2189,0.0000
17640000,51.0010653226,-0.0000398970,35.0011,7.995175,17.815844,63.075072,4.5950,8.1974,0.0000
17650000,51.0010657344,-0.0000387307,35.0011,7.942668,17.855760,63.144141,4.5679,8.1758,0.0000
17660000,51.0010661438,-0.0000375676,35.0011,7.890202,17.895643,63.212887,4.5408,8.1540,0.0000
17670000,51.0010665508,-0.0000364075,35.0011,7.837777,17.935493,63.281312,4.5138,8.1321,0.0000
17680000,51.0010669553,-0.0000352506,35.0011,7.785396,17.975310,63.349420,4.4869,8.1101,0.0000
17690000,51.0010673574,-0.0000340969,35.0011,7.733061,18.015093,63.417212,4.4601,8.0879,0.0000
17700000,51.0010677571,-0.0000329463,35.0011,7.680775,18.054841,63.484692,4.4333,8.0656,0.0000
17710000,51.0010681544,-0.0000317989,35.0011,7.628539,18.094554,63.551863,4.4066,8.0431,0.0000
17720000,51.0010685494,-0.0000306547,35.0011,7.576357,18.134232,63.618726,4.3800,8.0205,0.0000
17730000,51.0010689419,-0.0000295137,35.0011,7.524229,18.173873,63.685286,4.3535,7.9978,0.0000
17740000,51.0010693320,-0.0000283760,35.0011,7.472159,18.213478,63.751544,4.3271,7.9749,0.0000
17750000,51.0010697198,-0.0000272416,35.0011,7.420148,18.253046,63.817503,4.3007,7.9518,0.0000
17760000,51.0010701052,-0.0000261104,35.0011,7.368200,18.292576,63.883168,4.2744,7.9287,0.0000
17770000,51.0010704882,-0.0000249826,35.0011,7.316315,18.332068,63.948539,4.2481,7.9054,0.0000
17780000,51.0010708689,-0.0000238581,35.0011,7.264498,18.371521,64.013621,4.2220,7.8820,0.0000
17790000,51.0010712472,-0.0000227369,35.0011,7.212749,18.410936,64.078416,4.1959,7.8584,0.0000
17800000,51.0010716232,-0.0000216191,35.0011,7.161072,18.450311,64.142928,4.1699,7.8347,0.0000
17810000,51.0010719969,-0.0000205047,35.0011,7.109469,18.489647,64.207158,4.1440,7.8108,0.0000
17820000,51.0010723682,-0.0000193937,35.0011,7.057942,18.528942,64.271111,4.1182,7.7868,0.0000
17830000,51.0010727373,-0.0000182861,35.0011,7.006494,18.568196,64.334789,4.0924,7.7627,0.0000
17840000,51.0010731040,-0.0000171820,35.0011,6.955126,18.607410,64.398195,4.0667,7.7385,0.0000
17850000,51.0010734684,-0.0000160813,35.0011,6.903843,18.646582,64.461333,4.0411,7.7141,0.0000
17860000,51.0010738305,-0.0000149841,35.0011,6.852645,18.685713,64.524205,4.0156,7.6896,0.0000
17870000,51.0010741903,-0.0000138904,35.0011,6.801536,18.724801,64.586815,3.9901,7.6649,0.0000
17880000,51.0010745478,-0.0000128003,35.0011,6.750518,18.763847,64.649165,3.9647,7.6401,0.0000
17890000,51.0010749030,-0.0000117137,35.0011,6.699593,18.802850,64.711260,3.9394,7.6152,0.0000
17900000,51.0010752560,-0.0000106306,35.0011,6.648765,18.841810,64.773101,3.9142,7.5901,0.0000
17910000,51.0010756067,-0.0000095511,35.0011,6.598036,18.880727,64.834694,3.8890,7.5649,0.0000
17920000,51.0010759552,-0.0000084752,35.0011,6.547408,18.919600,64.896039,3.8640,7.5396,0.0000
17930000,51.0010763014,-0.0000074030,35.0011,6.496884,18.958429,64.957142,3.8390,7.5142,0.0000
17940000,51.0010766453,-0.0000063344,35.0011,6.446466,18.997213,65.018005,3.8141,7.4886,0.0000
17950000,51.0010769871,-0.0000052694,35.0011,6.396158,19.035954,65.078631,3.7892,7.4629,0.0000
17960000,51.0010773266,-0.0000042081,35.0011,6.345962,19.074649,65.139024,3.7644,7.4370,0.0000
17970000,51.0010776638,-0.0000031505,35.0011,6.295881,19.113299,65.199188,3.7398,7.4110,0.0000
17980000,51.0010779989,-0.0000020966,35.0011,6.245916,19.151904,65.259125,3.7151,7.3849,0.0000
17990000,51.0010783317,-0.0000010464,35.0011,6.196072,19.190464,65.318840,3.6906,7.3587,0.0000
18000000,51.0010786624,0.0000000000,35.0011,5.864189,6.835785,64.047512,3.6662,7.3323,0.0000
18010000,51.0010789913,0.0000010441,35.0011,5.847420,6.822443,64.116045,3.6519,7.3262,0.0000
18020000,51.0010793189,0.0000020873,35.0011,5.830699,6.809107,64.184403,3.6377,7.3200,0.0000
18030000,51.0010796453,0.0000031297,35.0011,5.814025,6.795775,64.252587,3.6236,7.3139,0.0000
18040000,51.0010799703,0.0000041712,35.0011,5.797398,6.782449,64.320601,3.6094,7.3077,0.0000
18050000,51.0010802941,0.0000052118,35.0011,5.780818,6.769126,64.388446,3.5954,7.3015,0.0000
18060000,51.0010806167,0.0000062515,35.0011,5.764286,6.755809,64.456125,3.5813,7.2954,0.0000
18070000,51.0010809380,0.0000072903,35.0011,5.747801,6.742495,64.523640,3.5674,7.2892,0.0000
18080000,51.0010812580,0.0000083283,35.0011,5.731365,6.729185,64.590993,3.5534,7.2830,0.0000
18090000,51.0010815768,0.0000093653,35.0011,5.714976,6.715878,64.658187,3.5395,7.2768,0.0000
18100000,51.0010818944,0.0000104015,35.0011,5.698636,6.702575,64.725223,3.5257,7.2706,0.0000
18110000,51.0010822107,0.0000114368,35.0011,5.682344,6.689275,64.792104,3.5119,7.2643,0.0000
18120000,51.0010825257,0.0000124712,35.0011,5.666100,6.675978,64.858832,3.4981,7.2581,0.0000
18130000,51.0010828395,0.0000135048,35.0011,5.649905,6.662683,64.925410,3.4844,7.2519,0.0000
18140000,51.0010831521,0.0000145374,35.0011,5.633759,6.649390,64.991839,3.4707,7.2456,0.0000
18150000,51.0010834635,0.0000155692,35.0011,5.617662,6.636100,65.058123,3.4571,7.2394,0.0000
18160000,51.0010837736,0.0000166000,35.0011,5.601614,6.622811,65.124263,3.4435,7.2331,0.0000
18170000,51.0010840825,0.0000176300,35.0011,5.585615,6.609524,65.190263,3.4299,7.2269,0.0000
18180000,51.0010843902,0.0000186591,35.0011,5.569666,6.596239,65.256123,3.4164,7.2206,0.0000
18190000,51.0010846967,0.0000196872,35.0011,5.553767,6.582954,65.321846,3.4029,7.2143,0.0000
18200000,51.0010850020,0.0000207145,35.0011,5.537917,6.569671,65.387436,3.3895,7.2081,0.0000
18210000,51.0010853061,0.0000217409,35.0011,5.522117,6.556388,65.452894,3.3761,7.2018,0.0000
18220000,51.0010856090,0.0000227664,35.0011,5.506367,6.543105,65.518222,3.3628,7.1955,0.0000
18230000,51.0010859106,0.0000237910,35.0011,5.490667,6.529823,65.583424,3.3495,7.1892,0.0000
18240000,51.0010862111,0.0000248147,35.0011,5.475017,6.516541,65.648501,3.3362,7.1829,0.0000
18250000,51.0010865104,0.0000258375,35.0011,5.459418,6.503258,65.713456,3.3230,7.1766,0.0000
18260000,51.0010868085,0.0000268594,35.0011,5.443870,6.489975,65.778291,3.3098,7.1703,0.0000
18270000,51.0010871055,0.0000278805,35.0011,5.428373,6.476692,65.843009,3.2967,7.1640,0.0000
18280000,51.0010874012,0.0000289006,35.0011,5.412926,6.463407,65.907612,3.2836,7.1576,0.0000
18290000,51.0010876958,0.0000299198,35.0011,5.397531,6.450121,65.972103,3.2706,7.1513,0.0000
18300000,51.0010879892,0.0000309381,35.0011,5.382186,6.436835,66.036484,3.2575,7.1450,0.0000
18310000,51.0010882814,0.0000319555,35.0012,5.366893,6.423546,66.100757,3.2446,7.1386,0.0000
18320000,51.0010885725,0.0000329720,35.0012,5.351652,6.410256,66.164926,3.2316,7.1323,0.0000
18330000,51.0010888624,0.0000339876,35.0012,5.336462,6.396964,66.228992,3.2188,7.1260,0.0000
18340000,51.0010891511,0.0000350023,35.0012,5.321325,6.383669,66.292958,3.2059,7.1196,0.0000
18350000,51.0010894387,0.0000360161,35.0012,5.306239,6.370373,66.356827,3.1931,7.1132,0.0000
18360000,51.0010897252,0.0000370289,35.0012,5.291205,6.357073,66.420601,3.1803,7.1069,0.0000
18370000,51.0010900105,0.0000380409,35.0012,5.276223,6.343771,66.484282,3.1676,7.1005,0.0000
18380000,51.0010902946,0.0000390520,35.0012,5.261294,6.330466,66.547874,3.1549,7.0942,0.0000
18390000,51.0010905777,0.0000400621,35.0012,5.246417,6.317158,66.611379,3.1423,7.0878,0.0000
18400000,51.0010908596,0.0000410714,35.0012,5.231593,6.303846,66.674799,3.1297,7.0814,0.0000
18410000,51.0010911403,0.0000420798,35.0012,5.216822,6.290531,66.738137,3.1171,7.0751,0.0000
18420000,51.0010914199,0.0000430872,35.0012,5.202103,6.277212,66.801394,3.1046,7.0687,0.0000
18430000,51.0010916984,0.0000440937,35.0012,5.187438,6.263890,66.864570,3.0921,7.0623,0.0000
18440000,51.0010919758,0.0000450994,35.0012,5.172824,6.250563,66.927666,3.0797,7.0559,0.0000
18450000,51.0010922521,0.0000461041,35.0012,5.158263,6.237234,66.990682,3.0672,7.0495,0.0000
18460000,51.0010925272,0.0000471079,35.0012,5.143755,6.223900,67.053618,3.0549,7.0432,0.0000
18470000,51.0010928013,0.0000481108,35.0012,5.129298,6.210563,67.116474,3.0426,7.0368,0.0000
18480000,51.0010930742,0.0000491128,35.0012,5.114894,6.197223,67.179250,3.0303,7.0304,0.0000
18490000,51.0010933461,0.0000501138,35.0012,5.100541,6.183879,67.241947,3.0180,7.0240,0.0000
18500000,51.0010936168,0.0000511140,35.0012,5.086240,6.170531,67.304564,3.0058,7.0176,0.0000
18510000,51.0010938864,0.0000521132,35.0012,5.071991,6.157180,67.367101,2.9936,7.0112,0.0000
18520000,51.0010941550,0.0000531116,35.0012,5.057793,6.143826,67.429560,2.9815,7.0048,0.0000
18530000,51.0010944224,0.0000541090,35.0012,5.043646,6.130468,67.491939,2.9694,6.9984,0.0000
18540000,51.0010946888,0.0000551055,35.0012,5.029551,6.117107,67.554240,2.9574,6.9920,0.0000
18550000,51.0010949541,0.0000561011,35.0012,5.015507,6.103742,67.616462,2.9453,6.9856,0.0000
18560000,51.0010952183,0.0000570958,35.0012,5.001514,6.090374,67.678606,2.9334,6.9792,0.0000
18570000,51.0010954815,0.0000580896,35.0012,4.987571,6.077003,67.740671,2.9214,6.9728,0.0000
18580000,51.0010957435,0.0000590825,35.0012,4.973680,6.063628,67.802658,2.9095,6.9664,0.0000
18590000,51.0010960045,0.0000600745,35.0012,4.959838,6.050250,67.864566,2.8977,6.9600,0.0000
18600000,51.0010962645,0.0000610655,35.0012,4.946048,6.036869,67.926397,2.8858,6.9536,0.0000
18610000,51.0010965233,0.0000620556,35.0012,4.932308,6.023485,67.988151,2.8740,6.9472,0.0000
18620000,51.0010967811,0.0000630449,35.0012,4.918617,6.010097,68.049826,2.8623,6.9408,0.0000
18630000,51.0010970379,0.0000640332,35.0012,4.904977,5.996706,68.111424,2.8506,6.9344,0.0000
18640000,51.0010972936,0.0000650206,35.0012,4.891387,5.983312,68.172945,2.8389,6.9280,0.0000
18650000,51.0010975483,0.0000660071,35.0012,4.877847,5.969915,68.234389,2.8273,6.9216,0.0000
18660000,51.0010978019,0.0000669926,35.0012,4.864356,5.956514,68.295756,2.8157,6.9152,0.0000
18670000,51.0010980545,0.0000679773,35.0012,4.850915,5.943111,68.357046,2.8041,6.9088,0.0000
18680000,51.0010983060,0.0000689611,35.0012,4.837524,5.929704,68.418259,2.7926,6.9024,0.0000
18690000,51.0010985565,0.0000699439,35.0012,4.824182,5.916294,68.479396,2.7811,6.8960,0.0000
18700000,51.0010988060,0.0000709258,35.0012,4.810889,5.902881,68.540457,2.7697,6.8896,0.0000
18710000,51.0010990544,0.0000719068,35.0012,4.797645,5.889465,68.601441,2.7582,6.8832,0.0000
18720000,51.0010993019,0.0000728869,35.0012,4.784450,5.876046,68.662349,2.7469,6.8768,0.0000
18730000,51.0010995483,0.0000738661,35.0012,4.771304,5.862625,68.723182,2.7355,6.8704,0.0000
18740000,51.0010997936,0.0000748444,35.0012,4.758206,5.849200,68.783939,2.7242,6.8640,0.0000
18750000,51.0011000380,0.0000758218,35.0012,4.745157,5.835772,68.844620,2.7130,6.8576,0.0000
18760000,51.0011002814,0.0000767982,35.0012,4.732157,5.822341,68.905226,2.7017,6.8512,0.0000
18770000,51.0011005237,0.0000777738,35.0012,4.719204,5.808907,68.965756,2.6905,6.8448,0.0000
18780000,51.0011007651,0.0000787484,35.0012,4.706300,5.795470,69.026212,2.6794,6.8384,0.0000
18790000,51.0011010054,0.0000797221,35.0012,4.693445,5.782031,69.086593,2.6683,6.8320,0.0000
18800000,51.0011012448,0.0000806950,35.0012,4.680637,5.768588,69.146899,2.6572,6.8256,0.0000
18810000,51.0011014831,0.0000816669,35.0012,4.667877,5.755143,69.207130,2.6461,6.8192,0.0000
18820000,51.0011017205,0.0000826379,35.0012,4.655164,5.741695,69.267287,2.6351,6.8129,0.0000
18830000,51.0011019568,0.0000836080,35.0012,4.642500,5.728243,69.327370,2.6241,6.8065,0.0000
18840000,51.0011021922,0.0000845771,35.0012,4.629882,5.714790,69.387378,2.6132,6.8001,0.0000
18850000,51.0011024266,0.0000855454,35.0012,4.617312,5.701333,69.447313,2.6023,6.7937,0.0000
18860000,51.0011026601,0.0000865128,35.0012,4.604790,5.687874,69.507174,2.5914,6.7874,0.0000
18870000,51.0011028925,0.0000874792,35.0012,4.592314,5.674411,69.566961,2.5806,6.7810,0.0000
18880000,51.0011031240,0.0000884448,35.0012,4.579885,5.660947,69.626675,2.5698,6.7746,0.0000
18890000,51.0011033545,0.0000894094,35.0012,4.567504,5.647479,69.686315,2.5590,6.7683,0.0000
18900000,51.0011035840,0.0000903732,35.0012,4.555169,5.634009,69.745883,2.5483,6.7619,0.0000
18910000,51.0011038126,0.0000913360,35.0012,4.542880,5.620536,69.805377,2.5376,6.7555,0.0000
18920000,51.0011040402,0.0000922979,35.0012,4.530638,5.607060,69.864799,2.5269,6.7492,0.0000
18930000,51.0011042669,0.0000932589,35.0012,4.518443,5.593582,69.924148,2.5163,6.7428,0.0000
18940000,51.0011044926,0.0000942190,35.0012,4.506294,5.580101,69.983424,2.5057,6.7365,0.0000
18950000,51.0011047173,0.0000951783,35.0012,4.494191,5.566617,70.042628,2.4951,6.7302,0.0000
18960000,51.0011049412,0.0000961366,35.0012,4.482134,5.553131,70.101760,2.4846,6.7238,0.0000
18970000,51.0011051640,0.0000970940,35.0012,4.470123,5.539642,70.160820,2.4741,6.7175,0.0000
18980000,51.0011053859,0.0000980505,35.0012,4.458157,5.526151,70.219807,2.4636,6.7111,0.0000
18990000,51.0011056069,0.0000990061,35.0012,4.446238,5.512657,70.278724,2.4532,6.7048,0.0000
19000000,51.0011058270,0.0000999608,35.0012,4.434364,5.499160,70.337568,2.4428,6.6985,0.0000
19010000,51.0011060461,0.0001009146,35.0012,4.422535,5.485662,70.396342,2.4325,6.6922,0.0000
19020000,51.0011062643,0.0001018675,35.0012,4.410752,5.472160,70.455044,2.4222,6.6859,0.0000
19030000,51.0011064815,0.0001028195,35.0012,4.399014,5.458656,70.513675,2.4119,6.6796,0.0000
19040000,51.0011066979,0.0001037706,35.0012,4.387321,5.445150,70.572235,2.4016,6.6733,0.0000
19050000,51.0011069133,0.0001047208,35.0012,4.375673,5.431641,70.630725,2.3914,6.6670,0.0000
19060000,51.0011071278,0.0001056701,35.0012,4.364069,5.418130,70.689144,2.3812,6.6607,0.0000
19070000,51.0011073414,0.0001066185,35.0012,4.352511,5.404616,70.747492,2.3711,6.6544,0.0000
19080000,51.0011075541,0.0001075660,35.0012,4.340997,5.391100,70.805770,2.3609,6.6481,0.0000
19090000,51.0011077658,0.0001085127,35.0012,4.329528,5.377581,70.863978,2.3509,6.6418,0.0000
19100000,51.0011079767,0.0001094584,35.0012,4.318103,5.364060,70.922117,2.3408,6.6355,0.0000
19110000,51.0011081866,0.0001104032,35.0012,4.306723,5.350537,70.980185,2.3308,6.6293,0.0000
19120000,51.0011083957,0.0001113472,35.0012,4.295386,5.337012,71.038184,2.3208,6.6230,0.0000
19130000,51.0011086039,0.0001122902,35.0012,4.284094,5.323484,71.096114,2.3108,6.6167,0.0000
19140000,51.0011088111,0.0001132324,35.0012,4.272846,5.309954,71.153974,2.3009,6.6105,0.0000
19150000,51.0011090175,0.0001141737,35.0012,4.261641,5.296421,71.211765,2.2910,6.6042,0.0000
19160000,51.0011092230,0.0001151140,35.0012,4.250480,5.282886,71.269487,2.2812,6.5980,0.0000
19170000,51.0011094276,0.0001160535,35.0012,4.239363,5.269349,71.327140,2.2713,6.5918,0.0000
19180000,51.0011096313,0.0001169921,35.0012,4.228289,5.255810,71.384725,2.2615,6.5855,0.0000
19190000,51.0011098342,0.0001179298,35.0012,4.217259,5.242268,71.442242,2.2518,6.5793,0.0000
19200000,51.0011100362,0.0001188667,35.0012,4.206272,5.228724,71.499690,2.2420,6.5731,0.0000
19210000,51.0011102372,0.0001198026,35.0012,4.195328,5.215178,71.557070,2.2323,6.5669,0.0000
19220000,51.0011104375,0.0001207377,35.0012,4.184427,5.201630,71.614382,2.2227,6.5607,0.0000
19230000,51.0011106368,0.0001216719,35.0012,4.173569,5.188080,71.671626,2.2130,6.5545,0.0000
19240000,51.0011108353,0.0001226052,35.0012,4.162754,5.174527,71.728802,2.2034,6.5483,0.0000
19250000,51.0011110330,0.0001235376,35.0012,4.151982,5.160972,71.785911,2.1938,6.5421,0.0000
19260000,51.0011112297,0.0001244691,35.0012,4.141252,5.147415,71.842953,2.1843,6.5360,0.0000
19270000,51.0011114256,0.0001253998,35.0012,4.130565,5.133856,71.899928,2.1748,6.5298,0.0000
19280000,51.0011116207,0.0001263295,35.0012,4.119920,5.120295,71.956835,2.1653,6.5236,0.0000
19290000,51.0011118149,0.0001272584,35.0012,4.109317,5.106732,72.013676,2.1559,6.5175,0.0000
19300000,51.0011120083,0.0001281865,35.0012,4.098757,5.093167,72.070450,2.1464,6.5113,0.0000
19310000,51.0011122008,0.0001291136,35.0012,4.088239,5.079599,72.127158,2.1371,6.5052,0.0000
19320000,51.0011123925,0.0001300399,35.0012,4.077762,5.066030,72.183799,2.1277,6.4990,0.0000
19330000,51.0011125833,0.0001309653,35.0012,4.067327,5.052458,72.240375,2.1184,6.4929,0.0000
19340000,51.0011127733,0.0001318898,35.0012,4.056935,5.038885,72.296884,2.1091,6.4868,0.0000
19350000,51.0011129625,0.0001328135,35.0012,4.046583,5.025309,72.353327,2.0998,6.4807,0.0000
19360000,51.0011131508,0.0001337363,35.0012,4.036274,5.011731,72.409705,2.0906,6.4746,0.0000
19370000,51.0011133383,0.0001346582,35.0012,4.026005,4.998152,72.466017,2.0814,6.4685,0.0000
19380000,51.0011135250,0.0001355792,35.0012,4.015778,4.984570,72.522264,2.0722,6.4624,0.0000
19390000,51.0011137108,0.0001364994,35.0012,4.005592,4.970987,72.578446,2.0630,6.4563,0.0000
19400000,51.0011138959,0.0001374188,35.0012,3.995448,4.957401,72.634563,2.0539,6.4503,0.0000
19410000,51.0011140801,0.0001383372,35.0012,3.985344,4.943814,72.690615,2.0448,6.4442,0.0000
19420000,51.0011142635,0.0001392548,35.0012,3.975281,4.930224,72.746602,2.0358,6.4381,0.0000
19430000,51.0011144461,0.0001401715,35.0012,3.965259,4.916633,72.802525,2.0268,6.4321,0.0000
19440000,51.0011146279,0.0001410874,35.0012,3.955277,4.903040,72.858384,2.0178,6.4261,0.0000
19450000,51.0011148088,0.0001420024,35.0012,3.945337,4.889445,72.914178,2.0088,6.4200,0.0000
19460000,51.0011149890,0.0001429166,35.0012,3.935436,4.875848,72.969908,1.9999,6.4140,0.0000
19470000,51.0011151683,0.0001438299,35.0012,3.925576,4.862249,73.025575,1.9910,6.4080,0.0000
19480000,51.0011153469,0.0001447423,35.0012,3.915756,4.848648,73.081178,1.9821,6.4020,0.0000
19490000,51.0011155247,0.0001456539,35.0012,3.905976,4.835045,73.136717,1.9732,6.3960,0.0000
19500000,51.0011157016,0.0001465646,35.0012,3.896237,4.821441,73.192193,1.9644,6.3900,0.0000
19510000,51.0011158778,0.0001474745,35.0012,3.886537,4.807834,73.247606,1.9556,6.3840,0.0000
19520000,51.0011160532,0.0001483835,35.0012,3.876877,4.794226,73.302956,1.9468,6.3781,0.0000
19530000,51.0011162278,0.0001492917,35.0012,3.867257,4.780616,73.358243,1.9381,6.3721,0.0000
19540000,51.0011164016,0.0001501990,35.0012,3.857676,4.767005,73.413467,1.9294,6.3662,0.0000
19550000,51.0011165747,0.0001511055,35.0012,3.848135,4.753391,73.468629,1.9207,6.3602,0.0000
19560000,51.0011167469,0.0001520112,35.0012,3.838634,4.739776,73.523729,1.9121,6.3543,0.0000
19570000,51.0011169184,0.0001529160,35.0012,3.829171,4.726159,73.578766,1.9034,6.3484,0.0000
19580000,51.0011170891,0.0001538199,35.0012,3.819748,4.712540,73.633742,1.8948,6.3425,0.0000
19590000,51.0011172591,0.0001547230,35.0012,3.810364,4.698920,73.688655,1.8863,6.3366,0.0000
19600000,51.0011174282,0.0001556253,35.0012,3.801019,4.685298,73.743507,1.8777,6.3307,0.0000
19610000,51.0011175966,0.0001565267,35.0012,3.791713,4.671674,73.798297,1.8692,6.3248,0.0000
19620000,51.0011177643,0.0001574273,35.0012,3.782446,4.658048,73.853027,1.8607,6.3189,0.0000
19630000,51.0011179312,0.0001583271,35.0012,3.773217,4.644421,73.907695,1.8523,6.3131,0.0000
19640000,51.0011180973,0.0001592260,35.0012,3.764028,4.630792,73.962302,1.8439,6.3072,0.0000
19650000,51.0011182626,0.0001601241,35.0012,3.754876,4.617161,74.016848,1.8355,6.3014,0.0000
19660000,51.0011184273,0.0001610214,35.0012,3.745763,4.603529,74.071333,1.8271,6.2955,0.0000
19670000,51.0011185911,0.0001619178,35.0012,3.736688,4.589895,74.125758,1.8187,6.2897,0.0000
19680000,51.0011187542,0.0001628134,35.0012,3.727652,4.576259,74.180123,1.8104,6.2839,0.0000
19690000,51.0011189166,0.0001637082,35.0012,3.718654,4.562622,74.234428,1.8021,6.2781,0.0000
19700000,51.0011190782,0.0001646022,35.0012,3.709693,4.548983,74.288672,1.7938,6.2723,0.0000
19710000,51.0011192391,0.0001654953,35.0012,3.700771,4.535343,74.342857,1.7856,6.2665,0.0000
19720000,51.0011193992,0.0001663876,35.0012,3.691886,4.521700,74.396982,1.7774,6.2608,0.0000
19730000,51.0011195586,0.0001672791,35.0012,3.683039,4.508057,74.451048,1.7692,6.2550,0.0000
19740000,51.0011197173,0.0001681697,35.0012,3.674230,4.494412,74.505054,1.7611,6.2493,0.0000
19750000,51.0011198752,0.0001690596,35.0012,3.665459,4.480765,74.559002,1.7529,6.2435,0.0000
19760000,51.0011200324,0.0001699486,35.0012,3.656724,4.467116,74.612890,1.7448,6.2378,0.0000
19770000,51.0011201889,0.0001708368,35.0012,3.648027,4.453466,74.666719,1.7367,6.2321,0.0000
19780000,51.0011203446,0.0001717242,35.0012,3.639368,4.439815,74.720490,1.7287,6.2264,0.0000
19790000,51.0011204996,0.0001726108,35.0012,3.630745,4.426162,74.774203,1.7206,6.2207,0.0000
19800000,51.0011206540,0.0001734966,35.0012,3.622160,4.412508,74.827857,1.7126,6.2150,0.0000
19810000,51.0011208075,0.0001743816,35.0012,3.613611,4.398852,74.881453,1.7047,6.2094,0.0000
19820000,51.0011209604,0.0001752658,35.0012,3.605099,4.385194,74.934991,1.6967,6.2037,0.0000
19830000,51.0011211126,0.0001761491,35.0012,3.596625,4.371535,74.988472,1.6888,6.1981,0.0000
19840000,51.0011212640,0.0001770317,35.0012,3.588186,4.357875,75.041894,1.6809,6.1924,0.0000
19850000,51.0011214148,0.0001779134,35.0012,3.579785,4.344213,75.095260,1.6730,6.1868,0.0000
19860000,51.0011215648,0.0001787944,35.0012,3.571420,4.330549,75.148568,1.6652,6.1812,0.0000
19870000,51.0011217141,0.0001796746,35.0012,3.563091,4.316885,75.201819,1.6573,6.1756,0.0000
19880000,51.0011218627,0.0001805539,35.0012,3.554798,4.303218,75.255013,1.6495,6.1700,0.0000
19890000,51.0011220107,0.0001814325,35.0012,3.546542,4.289551,75.308150,1.6418,6.1644,0.0000
19900000,51.0011221579,0.0001823103,35.0012,3.538322,4.275881,75.361231,1.6340,6.1589,0.0000
19910000,51.0011223044,0.0001831872,35.0012,3.530138,4.262211,75.414255,1.6263,6.1533,0.0000
19920000,51.0011224503,0.0001840634,35.0012,3.521990,4.248539,75.467224,1.6186,6.1478,0.0000
19930000,51.0011225954,0.0001849388,35.0012,3.513877,4.234866,75.520136,1.6109,6.1423,0.0000
19940000,51.0011227399,0.0001858135,35.0012,3.505801,4.221191,75.572992,1.6033,6.1367,0.0000
19950000,51.0011228836,0.0001866873,35.0012,3.497760,4.207515,75.625792,1.5956,6.1312,0.0000
19960000,51.0011230267,0.0001875603,35.0012,3.489754,4.193837,75.678537,1.5880,6.1257,0.0000
19970000,51.0011231691,0.0001884326,35.0012,3.481785,4.180158,75.731227,1.5805,6.1203,0.0000
19980000,51.0011233108,0.0001893041,35.0012,3.473850,4.166478,75.783861,1.5729,6.1148,0.0000
19990000,51.0011234519,0.0001901748,35.0012,3.465951,4.152797,75.836440,1.5654,6.1093,0.0000
20000000,51.0011235923,0.0001910447,35.0012,3.458087,4.139114,75.888965,1.5579,6.1039,0.0000
20010000,51.0011237320,0.0001919139,35.0012,3.450258,4.125430,75.941435,1.5504,6.0985,0.0000
20020000,51.0011238710,0.0001927823,35.0012,3.442464,4.111744,75.993850,1.5429,6.0931,0.0000
20030000,51.0011240093,0.0001936499,35.0012,3.434705,4.098057,76.046211,1.5355,6.0877,0.0000
20040000,51.0011241470,0.0001945168,35.0012,3.426981,4.084369,76.098517,1.5281,6.0823,0.0000
20050000,51.0011242841,0.0001953828,35.0012,3.419292,4.070680,76.150770,1.5207,6.0769,0.0000
20060000,51.0011244204,0.0001962482,35.0012,3.411637,4.056989,76.202969,1.5134,6.0715,0.0000
20070000,51.0011245561,0.0001971127,35.0012,3.404017,4.043297,76.255114,1.5060,6.0662,0.0000
20080000,51.0011246912,0.0001979765,35.0012,3.396431,4.029604,76.307206,1.4987,6.0608,0.0000
20090000,51.0011248256,0.0001988395,35.0012,3.388880,4.015909,76.359244,1.4914,6.0555,0.0000
20100000,51.0011249593,0.0001997018,35.0012,3.381364,4.002213,76.411230,1.4841,6.0502,0.0000
20110000,51.0011250924,0.0002005633,35.0012,3.373881,3.988516,76.463162,1.4769,6.0449,0.0000
20120000,51.0011252248,0.0002014241,35.0012,3.366433,3.974818,76.515042,1.4697,6.0396,0.0000
20130000,51.0011253566,0.0002022841,35.0012,3.359018,3.961119,76.566869,1.4625,6.0344,0.0000
20140000,51.0011254877,0.0002031434,35.0012,3.351638,3.947418,76.618643,1.4553,6.0291,0.0000
20150000,51.0011256182,0.0002040019,35.0012,3.344291,3.933716,76.670365,1.4481,6.0239,0.0000
20160000,51.0011257481,0.0002048597,35.0012,3.336979,3.920013,76.722035,1.4410,6.0186,0.0000
20170000,51.0011258773,0.0002057167,35.0012,3.329700,3.906309,76.773654,1.4339,6.0134,0.0000
20180000,51.0011260058,0.0002065730,35.0012,3.322454,3.892603,76.825220,1.4268,6.0082,0.0000
20190000,51.0011261338,0.0002074285,35.0012,3.315243,3.878897,76.876735,1.4197,6.0030,0.0000
20200000,51.0011262611,0.0002082833,35.0012,3.308064,3.865189,76.928198,1.4127,5.9978,0.0000
20210000,51.0011263877,0.0002091374,35.0012,3.300920,3.851480,76.979611,1.4057,5.9927,0.0000
20220000,51.0011265138,0.0002099907,35.0012,3.293808,3.837770,77.030972,1.3987,5.9875,0.0000
20230000,51.0011266392,0.0002108433,35.0012,3.286730,3.824058,77.082282,1.3917,5.9824,0.0000
20240000,51.0011267640,0.0002116952,35.0012,3.279684,3.810346,77.133542,1.3847,5.9773,0.0000
20250000,51.0011268881,0.0002125464,35.0013,3.272672,3.796632,77.184751,1.3778,5.9722,0.0000
20260000,51.0011270117,0.0002133968,35.0013,3.265693,3.782918,77.235910,1.3709,5.9671,0.0000
20270000,51.0011271346,0.0002142465,35.0013,3.258747,3.769202,77.287018,1.3640,5.9620,0.0000
20280000,51.0011272569,0.0002150954,35.0013,3.251833,3.755485,77.338077,1.3571,5.9569,0.0000
20290000,51.0011273786,0.0002159437,35.0013,3.244953,3.741767,77.389085,1.3503,5.9519,0.0000
20300000,51.0011274996,0.0002167912,35.0013,3.238105,3.728048,77.440044,1.3435,5.9468,0.0000
20310000,51.0011276201,0.0002176380,35.0013,3.231289,3.714327,77.490954,1.3367,5.9418,0.0000
20320000,51.0011277399,0.0002184841,35.0013,3.224506,3.700606,77.541814,1.3299,5.9368,0.0000
20330000,51.0011278592,0.0002193295,35.0013,3.217756,3.686884,77.592625,1.3231,5.9318,0.0000
20340000,51.0011279778,0.0002201742,35.0013,3.211037,3.673160,77.643387,1.3164,5.9269,0.0000
20350000,51.0011280958,0.0002210182,35.0013,3.204351,3.659436,77.694100,1.3096,5.9219,0.0000
20360000,51.0011282132,0.0002218614,35.0013,3.197698,3.645710,77.744765,1.3029,5.9169,0.0000
20370000,51.0011283300,0.0002227040,35.0013,3.191076,3.631984,77.795381,1.2963,5.9120,0.0000
20380000,51.0011284463,0.0002235459,35.0013,3.184486,3.618256,77.845949,1.2896,5.9071,0.0000
20390000,51.0011285619,0.0002243870,35.0013,3.177928,3.604527,77.896469,1.2830,5.9022,0.0000
20400000,51.0011286769,0.0002252275,35.0013,3.171402,3.590797,77.946941,1.2763,5.8973,0.0000
20410000,51.0011287913,0.0002260673,35.0013,3.164908,3.577067,77.997366,1.2697,5.8924,0.0000
20420000,51.0011289052,0.0002269063,35.0013,3.158446,3.563335,78.047742,1.2632,5.8876,0.0000
20430000,51.0011290184,0.0002277447,35.0013,3.152015,3.549602,78.098072,1.2566,5.8827,0.0000
20440000,51.0011291311,0.0002285824,35.0013,3.145616,3.535868,78.148354,1.2501,5.8779,0.0000
20450000,51.0011292431,0.0002294194,35.0013,3.139248,3.522134,78.198589,1.2435,5.8731,0.0000
20460000,51.0011293546,0.0002302557,35.0013,3.132912,3.508398,78.248777,1.2370,5.8683,0.0000
20470000,51.0011294655,0.0002310914,35.0013,3.126607,3.494661,78.298919,1.2306,5.8635,0.0000
20480000,51.0011295759,0.0002319263,35.0013,3.120333,3.480923,78.349014,1.2241,5.8587,0.0000
20490000,51.0011296856,0.0002327606,35.0013,3.114090,3.467185,78.399062,1.2177,5.8540,0.0000
20500000,51.0011297948,0.0002335942,35.0013,3.107879,3.453445,78.449065,1.2112,5.8492,0.0000
20510000,51.0011299033,0.0002344272,35.0013,3.101698,3.439704,78.499022,1.2048,5.8445,0.0000
20520000,51.0011300114,0.0002352594,35.0013,3.095549,3.425963,78.548932,1.1985,5.8398,0.0000
20530000,51.0011301188,0.0002360910,35.0013,3.089430,3.412220,78.598798,1.1921,5.8351,0.0000
20540000,51.0011302257,0.0002369219,35.0013,3.083342,3.398477,78.648617,1.1857,5.8304,0.0000
20550000,51.0011303320,0.0002377522,35.0013,3.077285,3.384732,78.698392,1.1794,5.8258,0.0000
20560000,51.0011304377,0.0002385818,35.0013,3.071258,3.370987,78.748121,1.1731,5.8211,0.0000
20570000,51.0011305429,0.0002394107,35.0013,3.065263,3.357241,78.797806,1.1668,5.8165,0.0000
20580000,51.0011306475,0.0002402390,35.0013,3.059297,3.343494,78.847445,1.1606,5.8119,0.0000
20590000,51.0011307515,0.0002410666,35.0013,3.053362,3.329746,78.897041,1.1543,5.8073,0.0000
20600000,51.0011308550,0.0002418936,35.0013,3.047458,3.315997,78.946591,1.1481,5.8027,0.0000
20610000,51.0011309579,0.0002427199,35.0013,3.041583,3.302247,78.996098,1.1419,5.7981,0.0000
20620000,51.0011310603,0.0002435456,35.0013,3.035739,3.288496,79.045560,1.1357,5.7936,0.0000
20630000,51.0011311621,0.0002443706,35.0013,3.029925,3.274744,79.094979,1.1295,5.7891,0.0000
20640000,51.0011312633,0.0002451949,35.0013,3.024141,3.260992,79.144354,1.1233,5.7845,0.0000
20650000,51.0011313640,0.0002460187,35.0013,3.018388,3.247238,79.193686,1.1172,5.7800,0.0000
20660000,51.0011314642,0.0002468418,35.0013,3.012664,3.233484,79.242974,1.1111,5.7756,0.0000
20670000,51.0011315638,0.0002476642,35.0013,3.006970,3.219729,79.292219,1.1050,5.7711,0.0000
20680000,51.0011316628,0.0002484860,35.0013,3.001305,3.205973,79.341421,1.0989,5.7666,0.0000
20690000,51.0011317613,0.0002493072,35.0013,2.995671,3.192216,79.390580,1.0928,5.7622,0.0000
20700000,51.0011318593,0.0002501278,35.0013,2.990066,3.178459,79.439697,1.0868,5.7578,0.0000
20710000,51.0011319567,0.0002509477,35.0013,2.984491,3.164700,79.488771,1.0807,5.7534,0.0000
20720000,51.0011320536,0.0002517670,35.0013,2.978945,3.150941,79.537803,1.0747,5.7490,0.0000
20730000,51.0011321499,0.0002525857,35.0013,2.973429,3.137181,79.586793,1.0687,5.7446,0.0000
20740000,51.0011322457,0.0002534037,35.0013,2.967942,3.123420,79.635741,1.0627,5.7402,0.0000
20750000,51.0011323409,0.0002542212,35.0013,2.962484,3.109658,79.684648,1.0568,5.7359,0.0000
20760000,51.0011324357,0.0002550380,35.0013,2.957056,3.095895,79.733512,1.0508,5.7316,0.0000
20770000,51.0011325299,0.0002558542,35.0013,2.951657,3.082132,79.782336,1.0449,5.7273,0.0000
20780000,51.0011326235,0.0002566698,35.0013,2.946287,3.068368,79.831118,1.0390,5.7230,0.0000
20790000,51.0011327166,0.0002574847,35.0013,2.940946,3.054603,79.879859,1.0331,5.7187,0.0000
20800000,51.0011328092,0.0002582991,35.0013,2.935634,3.040837,79.928560,1.0272,5.7145,0.0000
20810000,51.0011329013,0.0002591129,35.0013,2.930351,3.027071,79.977219,1.0214,5.7102,0.0000
20820000,51.0011329929,0.0002599260,35.0013,2.925096,3.013303,80.025839,1.0155,5.7060,0.0000
20830000,51.0011330839,0.0002607386,35.0013,2.919871,2.999535,80.074418,1.0097,5.7018,0.0000
20840000,51.0011331744,0.0002615506,35.0013,2.914674,2.985766,80.122957,1.0039,5.6976,0.0000
20850000,51.0011332643,0.0002623619,35.0013,2.909506,2.971997,80.171456,0.9981,5.6934,0.0000
20860000,51.0011333538,0.0002631727,35.0013,2.904367,2.958226,80.219915,0.9923,5.6893,0.0000
20870000,51.0011334427,0.0002639829,35.0013,2.899256,2.944455,80.268335,0.9865,5.6851,0.0000
20880000,51.0011335312,0.0002647925,35.0013,2.894173,2.930683,80.316715,0.9808,5.6810,0.0000
20890000,51.0011336191,0.0002656015,35.0013,2.889119,2.916911,80.365056,0.9751,5.6769,0.0000
20900000,51.0011337064,0.0002664099,35.0013,2.884094,2.903137,80.413358,0.9694,5.6728,0.0000
20910000,51.0011337933,0.0002672178,35.0013,2.879096,2.889363,80.461621,0.9637,5.6687,0.0000
20920000,51.0011338797,0.0002680250,35.0013,2.874127,2.875589,80.509845,0.9580,5.6647,0.0000
20930000,51.0011339655,0.0002688317,35.0013,2.869186,2.861813,80.558031,0.9523,5.6606,0.0000
20940000,51.0011340509,0.0002696379,35.0013,2.864273,2.848037,80.606179,0.9467,5.6566,0.0000
20950000,51.0011341357,0.0002704434,35.0013,2.859388,2.834260,80.654289,0.9410,5.6526,0.0000
20960000,51.0011342201,0.0002712484,35.0013,2.854531,2.820482,80.702360,0.9354,5.6486,0.0000
20970000,51.0011343039,0.0002720528,35.0013,2.849702,2.806704,80.750394,0.9298,5.6447,0.0000
20980000,51.0011343872,0.0002728566,35.0013,2.844901,2.792925,80.798390,0.9242,5.6407,0.0000
20990000,51.0011344700,0.0002736599,35.0013,2.840128,2.779145,80.846349,0.9186,5.6368,0.0000
21000000,51.0011345524,0.0002744626,35.0013,2.835382,2.765365,80.894271,0.9131,5.6329,0.0000
21010000,51.0011346342,0.0002752648,35.0013,2.830664,2.751584,80.942155,0.9075,5.6290,0.0000
21020000,51.0011347155,0.0002760664,35.0013,2.825973,2.737802,80.990003,0.9020,5.6251,0.0000
21030000,51.0011347963,0.0002768675,35.0013,2.821311,2.724019,81.037814,0.8965,5.6212,0.0000
21040000,51.0011348767,0.0002776680,35.0013,2.816675,2.710236,81.085588,0.8910,5.6174,0.0000
21050000,51.0011349565,0.0002784680,35.0013,2.812067,2.696453,81.133326,0.8855,5.6136,0.0000
21060000,51.0011350359,0.0002792674,35.0013,2.807487,2.682668,81.181028,0.8800,5.6097,0.0000
21070000,51.0011351147,0.0002800663,35.0013,2.802933,2.668883,81.228694,0.8746,5.6059,0.0000
21080000,51.0011351931,0.0002808646,35.0013,2.798407,2.655097,81.276324,0.8691,5.6022,0.0000
21090000,51.0011352710,0.0002816624,35.0013,2.793909,2.641311,81.323919,0.8637,5.5984,0.0000
21100000,51.0011353484,0.0002824597,35.0013,2.789437,2.627524,81.371478,0.8583,5.5947,0.0000
21110000,51.0011354253,0.0002832564,35.0013,2.784992,2.613736,81.419002,0.8529,5.5909,0.0000
21120000,51.0011355017,0.0002840526,35.0013,2.780575,2.599948,81.466491,0.8475,5.5872,0.0000
21130000,51.0011355776,0.0002848483,35.0013,2.776184,2.586159,81.513945,0.8422,5.5836,0.0000
21140000,51.0011356531,0.0002856435,35.0013,2.771820,2.572370,81.561364,0.8368,5.5799,0.0000
21150000,51.0011357281,0.0002864381,35.0013,2.767484,2.558580,81.608748,0.8315,5.5762,0.0000
21160000,51.0011358026,0.0002872322,35.0013,2.763174,2.544789,81.656099,0.8261,5.5726,0.0000
21170000,51.0011358766,0.0002880258,35.0013,2.758890,2.530998,81.703415,0.8208,5.5690,0.0000
21180000,51.0011359501,0.0002888189,35.0013,2.754634,2.517206,81.750697,0.8155,5.5654,0.0000
21190000,51.0011360232,0.0002896115,35.0013,2.750404,2.503413,81.797946,0.8102,5.5618,0.0000
21200000,51.0011360958,0.0002904035,35.0013,2.746201,2.489620,81.845160,0.8050,5.5582,0.0000
21210000,51.0011361679,0.0002911951,35.0013,2.742024,2.475826,81.892342,0.7997,5.5547,0.0000
21220000,51.0011362395,0.0002919862,35.0013,2.737873,2.462032,81.939490,0.7945,5.5512,0.0000
21230000,51.0011363107,0.0002927767,35.0013,2.733749,2.448237,81.986605,0.7892,5.5477,0.0000
21240000,51.0011363814,0.0002935668,35.0013,2.729652,2.434442,82.033687,0.7840,5.5442,0.0000
21250000,51.0011364517,0.0002943563,35.0013,2.725581,2.420646,82.080736,0.7788,5.5407,0.0000
21260000,51.0011365214,0.0002951454,35.0013,2.721536,2.406849,82.127753,0.7736,5.5373,0.0000
21270000,51.0011365907,0.0002959340,35.0013,2.717517,2.393052,82.174738,0.7684,5.5338,0.0000
21280000,51.0011366596,0.0002967221,35.0013,2.713524,2.379254,82.221690,0.7633,5.5304,0.0000
21290000,51.0011367280,0.0002975097,35.0013,2.709558,2.365456,82.268610,0.7581,5.5270,0.0000
21300000,51.0011367959,0.0002982968,35.0013,2.705618,2.351657,82.315499,0.7530,5.5236,0.0000
21310000,51.0011368633,0.0002990835,35.0013,2.701703,2.337858,82.362356,0.7478,5.5203,0.0000
21320000,51.0011369303,0.0002998696,35.0013,2.697815,2.324058,82.409181,0.7427,5.5169,0.0000
21330000,51.0011369968,0.0003006553,35.0013,2.693952,2.310258,82.455976,0.7376,5.5136,0.0000
21340000,51.0011370629,0.0003014405,35.0013,2.690116,2.296457,82.502739,0.7325,5.5103,0.0000
21350000,51.0011371285,0.0003022253,35.0013,2.686305,2.282655,82.549471,0.7274,5.5070,0.0000
21360000,51.0011371937,0.0003030096,35.0013,2.682520,2.268854,82.596173,0.7224,5.5037,0.0000
21370000,51.0011372584,0.0003037934,35.0013,2.678760,2.255051,82.642844,0.7173,5.5005,0.0000
21380000,51.0011373226,0.0003045767,35.0013,2.675027,2.241248,82.689484,0.7123,5.4972,0.0000
21390000,51.0011373864,0.0003053596,35.0013,2.671318,2.227444,82.736095,0.7073,5.4940,0.0000
21400000,51.0011374498,0.0003061421,35.0013,2.667636,2.213640,82.782676,0.7022,5.4908,0.0000
21410000,51.0011375127,0.0003069241,35.0013,2.663979,2.199836,82.829226,0.6972,5.4877,0.0000
21420000,51.0011375751,0.0003077056,35.0013,2.660347,2.186031,82.875747,0.6922,5.4845,0.0000
21430000,51.0011376371,0.0003084867,35.0013,2.656741,2.172225,82.922239,0.6873,5.4814,0.0000
21440000,51.0011376987,0.0003092673,35.0013,2.653160,2.158419,82.968702,0.6823,5.4782,0.0000
21450000,51.0011377598,0.0003100475,35.0013,2.649605,2.144613,83.015135,0.6773,5.4751,0.0000
21460000,51.0011378204,0.0003108273,35.0013,2.646075,2.130806,83.061540,0.6724,5.4721,0.0000
21470000,51.0011378807,0.0003116066,35.0013,2.642570,2.116998,83.107915,0.6674,5.4690,0.0000
21480000,51.0011379404,0.0003123855,35.0013,2.639090,2.103190,83.154263,0.6625,5.4659,0.0000
21490000,51.0011379998,0.0003131639,35.0013,2.635636,2.089382,83.200582,0.6576,5.4629,0.0000
21500000,51.0011380586,0.0003139419,35.0013,2.632206,2.075573,83.246872,0.6527,5.4599,0.0000
21510000,51.0011381171,0.0003147195,35.0013,2.628802,2.061764,83.293135,0.6478,5.4569,0.0000
21520000,51.0011381751,0.0003154967,35.0013,2.625422,2.047954,83.339370,0.6429,5.4539,0.0000
21530000,51.0011382327,0.0003162734,35.0013,2.622068,2.034144,83.385578,0.6380,5.4510,0.0000
21540000,51.0011382898,0.0003170498,35.0013,2.618738,2.020333,83.431758,0.6332,5.4481,0.0000
21550000,51.0011383465,0.0003178257,35.0013,2.615434,2.006522,83.477911,0.6283,5.4451,0.0000
21560000,51.0011384028,0.0003186012,35.0013,2.612154,1.992710,83.524036,0.6235,5.4423,0.0000
21570000,51.0011384586,0.0003193763,35.0013,2.608899,1.978898,83.570135,0.6187,5.4394,0.0000
21580000,51.0011385140,0.0003201509,35.0013,2.605668,1.965086,83.616208,0.6139,5.4365,0.0000
21590000,51.0011385689,0.0003209252,35.0013,2.602463,1.951273,83.662253,0.6090,5.4337,0.0000
21600000,51.0011386235,0.0003216991,35.0013,2.599282,1.937459,83.708273,0.6042,5.4309,0.0000
21610000,51.0011386776,0.0003224725,35.0013,2.596126,1.923646,83.754266,0.5995,5.4281,0.0000
21620000,51.0011387312,0.0003232456,35.0013,2.592994,1.909831,83.800233,0.5947,5.4253,0.0000
21630000,51.0011387845,0.0003240183,35.0013,2.589887,1.896017,83.846175,0.5899,5.4225,0.0000
21640000,51.0011388373,0.0003247906,35.0013,2.586804,1.882202,83.892091,0.5852,5.4198,0.0000
21650000,51.0011388897,0.0003255625,35.0013,2.583746,1.868386,83.937981,0.5804,5.4171,0.0000
21660000,51.0011389416,0.0003263340,35.0013,2.580712,1.854571,83.983847,0.5757,5.4144,0.0000
21670000,51.0011389931,0.0003271051,35.0013,2.577703,1.840754,84.029687,0.5710,5.4117,0.0000
21680000,51.0011390443,0.0003278758,35.0013,2.574717,1.826938,84.075503,0.5662,5.4090,0.0000
21690000,51.0011390949,0.0003286462,35.0013,2.571757,1.813121,84.121293,0.5615,5.4064,0.0000
21700000,51.0011391452,0.0003294162,35.0013,2.568820,1.799303,84.167060,0.5568,5.4037,0.0000
21710000,51.0011391950,0.0003301858,35.0013,2.565908,1.785485,84.212802,0.5522,5.4011,0.0000
21720000,51.0011392445,0.0003309551,35.0013,2.563020,1.771667,84.258520,0.5475,5.3985,0.0000
21730000,51.0011392935,0.0003317239,35.0013,2.560156,1.757849,84.304214,0.5428,5.3960,0.0000
21740000,51.0011393420,0.0003324925,35.0013,2.557316,1.744030,84.349884,0.5381,5.3934,0.0000
21750000,51.0011393902,0.0003332606,35.0013,2.554500,1.730210,84.395531,0.5335,5.3909,0.0000
21760000,51.0011394380,0.0003340284,35.0013,2.551708,1.716391,84.441154,0.5289,5.3884,0.0000
21770000,51.0011394853,0.0003347958,35.0013,2.548940,1.702570,84.486754,0.5242,5.3859,0.0000
21780000,51.0011395322,0.0003355629,35.0013,2.546196,1.688750,84.532331,0.5196,5.3834,0.0000
21790000,51.0011395787,0.0003363297,35.0013,2.543476,1.674929,84.577886,0.5150,5.3810,0.0000
21800000,51.0011396248,0.0003370960,35.0013,2.540780,1.661108,84.623417,0.5104,5.3785,0.0000
21810000,51.0011396704,0.0003378621,35.0013,2.538108,1.647287,84.668927,0.5058,5.3761,0.0000
21820000,51.0011397157,0.0003386278,35.0013,2.535460,1.633465,84.714414,0.5012,5.3737,0.0000
21830000,51.0011397605,0.0003393931,35.0013,2.532835,1.619642,84.759878,0.4966,5.3713,0.0000
21840000,51.0011398050,0.0003401582,35.0013,2.530234,1.605820,84.805321,0.4920,5.3690,0.0000
21850000,51.0011398490,0.0003409228,35.0013,2.527657,1.591997,84.850743,0.4875,5.3667,0.0000
21860000,51.0011398926,0.0003416872,35.0013,2.525103,1.578174,84.896142,0.4829,5.3643,0.0000
21870000,51.0011399358,0.0003424512,35.0013,2.522573,1.564350,84.941521,0.4784,5.3620,0.0000
21880000,51.0011399786,0.0003432149,35.0013,2.520067,1.550526,84.986878,0.4738,5.3598,0.0000
21890000,51.0011400210,0.0003439783,35.0013,2.517584,1.536702,85.032214,0.4693,5.3575,0.0000
21900000,51.0011400630,0.0003447414,35.0013,2.515125,1.522878,85.077530,0.4648,5.3553,0.0000
21910000,51.0011401045,0.0003455041,35.0013,2.512689,1.509053,85.122825,0.4603,5.3530,0.0000
21920000,51.0011401457,0.0003462665,35.0013,2.510277,1.495228,85.168099,0.4558,5.3509,0.0000
21930000,51.0011401865,0.0003470286,35.0013,2.507888,1.481402,85.213353,0.4513,5.3487,0.0000
21940000,51.0011402268,0.0003477904,35.0013,2.505523,1.467576,85.258588,0.4468,5.3465,0.0000
21950000,51.0011402668,0.0003485519,35.0013,2.503181,1.453750,85.303802,0.4423,5.3444,0.0000
21960000,51.0011403064,0.0003493131,35.0013,2.500862,1.439924,85.348997,0.4378,5.3423,0.0000
21970000,51.0011403455,0.0003500740,35.0013,2.498567,1.426097,85.394172,0.4334,5.3402,0.0000
21980000,51.0011403843,0.0003508346,35.0013,2.496295,1.412270,85.439328,0.4289,5.3381,0.0000
21990000,51.0011404226,0.0003515949,35.0013,2.494046,1.398443,85.484464,0.4245,5.3360,0.0000
22000000,51.0011404606,0.0003523549,35.0013,2.491820,1.384615,85.529582,0.4200,5.3340,0.0000
22010000,51.0011404981,0.0003531147,35.0013,2.489618,1.370787,85.574681,0.4156,5.3320,0.0000
22020000,51.0011405353,0.0003538741,35.0013,2.487439,1.356959,85.619762,0.4111,5.3300,0.0000
22030000,51.0011405720,0.0003546333,35.0013,2.485282,1.343131,85.664824,0.4067,5.3280,0.0000
22040000,51.0011406084,0.0003553921,35.0013,2.483149,1.329302,85.709868,0.4023,5.3260,0.0000
22050000,51.0011406443,0.0003561507,35.0013,2.481039,1.315473,85.754894,0.3979,5.3241,0.0000
22060000,51.0011406799,0.0003569090,35.0013,2.478952,1.301644,85.799902,0.3935,5.3221,0.0000
22070000,51.0011407151,0.0003576671,35.0013,2.476889,1.287814,85.844892,0.3891,5.3202,0.0000
22080000,51.0011407499,0.0003584249,35.0013,2.474848,1.273985,85.889865,0.3847,5.3184,0.0000
22090000,51.0011407842,0.0003591824,35.0013,2.472830,1.260155,85.934821,0.3803,5.3165,0.0000
22100000,51.0011408182,0.0003599396,35.0013,2.470835,1.246324,85.979759,0.3760,5.3147,0.0000
22110000,51.0011408518,0.0003606966,35.0013,2.468862,1.232494,86.024681,0.3716,5.3128,0.0000
22120000,51.0011408850,0.0003614533,35.0013,2.466913,1.218663,86.069586,0.3672,5.3110,0.0000
22130000,51.0011409178,0.0003622098,35.0013,2.464987,1.204832,86.114475,0.3629,5.3093,0.0000
22140000,51.0011409503,0.0003629660,35.0013,2.463083,1.191001,86.159347,0.3585,5.3075,0.0000
22150000,51.0011409823,0.0003637220,35.0013,2.461202,1.177169,86.204203,0.3542,5.3058,0.0000
22160000,51.0011410139,0.0003644777,35.0013,2.459344,1.163337,86.249043,0.3498,5.3040,0.0000
22170000,51.0011410452,0.0003652332,35.0013,2.457509,1.149505,86.293867,0.3455,5.3023,0.0000
22180000,51.0011410760,0.0003659884,35.0013,2.455697,1.135673,86.338676,0.3412,5.3007,0.0000
22190000,51.0011411065,0.0003667434,35.0013,2.453907,1.121841,86.383469,0.3369,5.2990,0.0000
22200000,51.0011411366,0.0003674982,35.0013,2.452139,1.108008,86.428247,0.3326,5.2973,0.0000
22210000,51.0011411663,0.0003682527,35.0013,2.450395,1.094175,86.473010,0.3282,5.2957,0.0000
22220000,51.0011411956,0.0003690070,35.0013,2.448673,1.080342,86.517758,0.3239,5.2941,0.0000
22230000,51.0011412245,0.0003697611,35.0013,2.446974,1.066509,86.562492,0.3196,5.2925,0.0000
22240000,51.0011412531,0.0003705149,35.0013,2.445297,1.052675,86.607211,0.3154,5.2910,0.0000
22250000,51.0011412812,0.0003712686,35.0013,2.443643,1.038841,86.651915,0.3111,5.2894,0.0000
22260000,51.0011413090,0.0003720220,35.0013,2.442011,1.025007,86.696606,0.3068,5.2879,0.0000
22270000,51.0011413364,0.0003727752,35.0013,2.440402,1.011173,86.741283,0.3025,5.2864,0.0000
22280000,51.0011413634,0.0003735282,35.0013,2.438816,0.997339,86.785946,0.2983,5.2849,0.0000
22290000,51.0011413900,0.0003742809,35.0013,2.437251,0.983504,86.830595,0.2940,5.2835,0.0000
22300000,51.0011414162,0.0003750335,35.0013,2.435710,0.969669,86.875231,0.2897,5.2820,0.0000
22310000,51.0011414421,0.0003757859,35.0013,2.434190,0.955834,86.919854,0.2855,5.2806,0.0000
22320000,51.0011414675,0.0003765380,35.0013,2.432694,0.941999,86.964464,0.2812,5.2792,0.0000
22330000,51.0011414926,0.0003772900,35.0013,2.431219,0.928164,87.009061,0.2770,5.2778,0.0000
22340000,51.0011415173,0.0003780418,35.0013,2.429767,0.914328,87.053645,0.2727,5.2765,0.0000
22350000,51.0011415416,0.0003787934,35.0013,2.428337,0.900493,87.098217,0.2685,5.2751,0.0000
22360000,51.0011415656,0.0003795448,35.0013,2.426930,0.886657,87.142777,0.2643,5.2738,0.0000
22370000,51.0011415892,0.0003802960,35.0013,2.425545,0.872821,87.187325,0.2601,5.2725,0.0000
22380000,51.0011416123,0.0003810470,35.0013,2.424182,0.858985,87.231860,0.2558,5.2712,0.0000
22390000,51.0011416351,0.0003817978,35.0013,2.422841,0.845148,87.276384,0.2516,5.2700,0.0000
22400000,51.0011416576,0.0003825485,35.0013,2.421523,0.831312,87.320897,0.2474,5.2688,0.0000
22410000,51.0011416796,0.0003832990,35.0013,2.420227,0.817475,87.365398,0.2432,5.2675,0.0000
22420000,51.0011417013,0.0003840493,35.0013,2.418953,0.803638,87.409889,0.2390,5.2663,0.0000
22430000,51.0011417226,0.0003847994,35.0013,2.417701,0.789801,87.454368,0.2348,5.2652,0.0000
22440000,51.0011417435,0.0003855494,35.0013,2.416472,0.775964,87.498836,0.2306,5.2640,0.0000
22450000,51.0011417640,0.0003862992,35.0013,2.415264,0.762127,87.543294,0.2264,5.2629,0.0000
22460000,51.0011417842,0.0003870489,35.0013,2.414079,0.748289,87.587742,0.2222,5.2618,0.0000
22470000,51.0011418040,0.0003877984,35.0013,2.412916,0.734451,87.632179,0.2180,5.2607,0.0000
22480000,51.0011418234,0.0003885477,35.0013,2.411775,0.720614,87.676606,0.2139,5.2596,0.0000
22490000,51.0011418424,0.0003892969,35.0013,2.410656,0.706776,87.721024,0.2097,5.2585,0.0000
22500000,51.0011418611,0.0003900460,35.0013,2.409560,0.692938,87.765432,0.2055,5.2575,0.0000
22510000,51.0011418794,0.0003907949,35.0013,2.408485,0.679100,87.809830,0.2013,5.2565,0.0000
22520000,51.0011418973,0.0003915436,35.0013,2.407432,0.665261,87.854219,0.1972,5.2555,0.0000
22530000,51.0011419148,0.0003922922,35.0013,2.406402,0.651423,87.898600,0.1930,5.2545,0.0000
22540000,51.0011419320,0.0003930407,35.0013,2.405393,0.637584,87.942971,0.1889,5.2536,0.0000
22550000,51.0011419487,0.0003937890,35.0013,2.404407,0.623746,87.987333,0.1847,5.2526,0.0000
22560000,51.0011419652,0.0003945373,35.0013,2.403442,0.609907,88.031687,0.1806,5.2517,0.0000
22570000,51.0011419812,0.0003952853,35.0013,2.402500,0.596068,88.076033,0.1764,5.2508,0.0000
22580000,51.0011419969,0.0003960333,35.0013,2.401579,0.582229,88.120370,0.1723,5.2500,0.0000
22590000,51.0011420122,0.0003967811,35.0013,2.400680,0.568390,88.164700,0.1681,5.2491,0.0000
22600000,51.0011420271,0.0003975288,35.0013,2.399804,0.554551,88.209022,0.1640,5.2483,0.0000
22610000,51.0011420416,0.0003982764,35.0013,2.398949,0.540711,88.253336,0.1598,5.2475,0.0000
22620000,51.0011420558,0.0003990239,35.0013,2.398116,0.526872,88.297643,0.1557,5.2467,0.0000
22630000,51.0011420696,0.0003997713,35.0013,2.397305,0.513032,88.341942,0.1516,5.2459,0.0000
22640000,51.0011420831,0.0004005186,35.0013,2.396516,0.499193,88.386235,0.1475,5.2452,0.0000
22650000,51.0011420961,0.0004012657,35.0013,2.395749,0.485353,88.430521,0.1433,5.2444,0.0000
22660000,51.0011421088,0.0004020128,35.0013,2.395004,0.471513,88.474800,0.1392,5.2437,0.0000
22670000,51.0011421212,0.0004027597,35.0013,2.394281,0.457674,88.519072,0.1351,5.2430,0.0000
22680000,51.0011421331,0.0004035066,35.0013,2.393579,0.443834,88.563339,0.1310,5.2424,0.0000
22690000,51.0011421447,0.0004042534,35.0013,2.392899,0.429994,88.607599,0.1268,5.2417,0.0000
22700000,51.0011421559,0.0004050001,35.0013,2.392242,0.416153,88.651853,0.1227,5.2411,0.0000
22710000,51.0011421668,0.0004057466,35.0013,2.391606,0.402313,88.696102,0.1186,5.2405,0.0000
22720000,51.0011421772,0.0004064931,35.0013,2.390991,0.388473,88.740345,0.1145,5.2399,0.0000
22730000,51.0011421873,0.0004072396,35.0013,2.390399,0.374633,88.784583,0.1104,5.2393,0.0000
22740000,51.0011421971,0.0004079859,35.0013,2.389829,0.360792,88.828816,0.1063,5.2388,0.0000
22750000,51.0011422064,0.0004087322,35.0013,2.389280,0.346952,88.873043,0.1022,5.2383,0.0000
22760000,51.0011422154,0.0004094784,35.0013,2.388753,0.333111,88.917266,0.0981,5.2378,0.0000
22770000,51.0011422241,0.0004102245,35.0013,2.388248,0.319271,88.961485,0.0940,5.2373,0.0000
22780000,51.0011422323,0.0004109706,35.0013,2.387764,0.305430,89.005699,0.0899,5.2368,0.0000
22790000,51.0011422402,0.0004117166,35.0013,2.387303,0.291590,89.049908,0.0858,5.2364,0.0000
22800000,51.0011422478,0.0004124625,35.0013,2.386863,0.277749,89.094114,0.0817,5.2360,0.0000
22810000,51.0011422549,0.0004132084,35.0013,2.386445,0.263908,89.138316,0.0776,5.2356,0.0000
22820000,51.0011422617,0.0004139542,35.0013,2.386048,0.250067,89.182514,0.0735,5.2352,0.0000
22830000,51.0011422681,0.0004146999,35.0013,2.385674,0.236226,89.226709,0.0694,5.2348,0.0000
22840000,51.0011422742,0.0004154457,35.0013,2.385321,0.222386,89.270900,0.0653,5.2345,0.0000
22850000,51.0011422799,0.0004161913,35.0013,2.384990,0.208545,89.315088,0.0612,5.2342,0.0000
22860000,51.0011422852,0.0004169369,35.0013,2.384680,0.194704,89.359274,0.0572,5.2339,0.0000
22870000,51.0011422901,0.0004176825,35.0013,2.384393,0.180863,89.403456,0.0531,5.2336,0.0000
22880000,51.0011422947,0.0004184281,35.0013,2.384127,0.167022,89.447636,0.0490,5.2333,0.0000
22890000,51.0011422989,0.0004191736,35.0013,2.383883,0.153181,89.491814,0.0449,5.2331,0.0000
22900000,51.0011423028,0.0004199191,35.0013,2.383660,0.139340,89.535990,0.0408,5.2329,0.0000
22910000,51.0011423063,0.0004206645,35.0013,2.383459,0.125499,89.580164,0.0367,5.2327,0.0000
22920000,51.0011423094,0.0004214099,35.0013,2.383280,0.111658,89.624335,0.0326,5.2325,0.0000
22930000,51.0011423121,0.0004221553,35.0013,2.383123,0.097817,89.668506,0.0286,5.2324,0.0000
22940000,51.0011423145,0.0004229007,35.0013,2.382987,0.083976,89.712675,0.0245,5.2322,0.0000
22950000,51.0011423165,0.0004236461,35.0013,2.382873,0.070135,89.756842,0.0204,5.2321,0.0000
22960000,51.0011423182,0.0004243914,35.0013,2.382781,0.056293,89.801009,0.0163,5.2320,0.0000
22970000,51.0011423195,0.0004251368,35.0013,2.382710,0.042452,89.845175,0.0122,5.2319,0.0000
22980000,51.0011423204,0.0004258821,35.0013,2.382662,0.028611,89.889340,0.0082,5.2319,0.0000
22990000,51.0011423209,0.0004266274,35.0013,2.382634,0.014770,89.933504,0.0041,5.2319,0.0000
23000000,51.0011423211,0.0004273727,35.0013,2.382629,0.000929,89.977669,-0.0000,5.2318,0.0000
23010000,51.0011423209,0.0004281180,35.0013,2.382645,-0.012912,90.021833,-0.0041,5.2319,0.0000
23020000,51.0011423204,0.0004288634,35.0013,2.382683,-0.026753,90.065997,-0.0082,5.2319,0.0000
23030000,51.0011423194,0.0004296087,35.0013,2.382743,-0.040594,90.110162,-0.0122,5.2319,0.0000
23040000,51.0011423182,0.0004303540,35.0013,2.382824,-0.054435,90.154327,-0.0163,5.2320,0.0000
23050000,51.0011423165,0.0004310994,35.0013,2.382927,-0.068276,90.198492,-0.0204,5.2321,0.0000
23060000,51.0011423145,0.0004318447,35.0013,2.383052,-0.082117,90.242659,-0.0245,5.2322,0.0000
23070000,51.0011423121,0.0004325901,35.0013,2.383198,-0.095958,90.286826,-0.0286,5.2324,0.0000
23080000,51.0011423093,0.0004333355,35.0013,2.383367,-0.109799,90.330995,-0.0326,5.2325,0.0000
23090000,51.0011423062,0.0004340809,35.0013,2.383556,-0.123639,90.375165,-0.0367,5.2327,0.0000
23100000,51.0011423027,0.0004348264,35.0013,2.383768,-0.137480,90.419337,-0.0408,5.2329,0.0000
23110000,51.0011422989,0.0004355719,35.0013,2.384001,-0.151321,90.463510,-0.0449,5.2331,0.0000
23120000,51.0011422947,0.0004363174,35.0013,2.384256,-0.165162,90.507686,-0.0490,5.2333,0.0000
23130000,51.0011422901,0.0004370629,35.0013,2.384533,-0.179002,90.551863,-0.0531,5.2336,0.0000
23140000,51.0011422851,0.0004378085,35.0013,2.384832,-0.192843,90.596043,-0.0572,5.2339,0.0000
23150000,51.0011422798,0.0004385541,35.0013,2.385152,-0.206683,90.640226,-0.0612,5.2342,0.0000
23160000,51.0011422741,0.0004392998,35.0013,2.385494,-0.220524,90.684411,-0.0653,5.2345,0.0000
23170000,51.0011422680,0.0004400455,35.0013,2.385857,-0.234364,90.728599,-0.0694,5.2348,0.0000
23180000,51.0011422616,0.0004407913,35.0013,2.386243,-0.248205,90.772790,-0.0735,5.2352,0.0000
23190000,51.0011422548,0.0004415371,35.0013,2.386650,-0.262045,90.816984,-0.0776,5.2356,0.0000
23200000,51.0011422476,0.0004422830,35.0013,2.387079,-0.275885,90.861182,-0.0817,5.2360,0.0000
23210000,51.0011422401,0.0004430289,35.0013,2.387529,-0.289726,90.905384,-0.0858,5.2364,0.0000
23220000,51.0011422322,0.0004437749,35.0013,2.388002,-0.303566,90.949589,-0.0899,5.2368,0.0000
23230000,51.0011422239,0.0004445209,35.0013,2.388496,-0.317406,90.993798,-0.0940,5.2373,0.0000
23240000,51.0011422153,0.0004452671,35.0013,2.389012,-0.331246,91.038012,-0.0981,5.2378,0.0000
23250000,51.0011422063,0.0004460133,35.0013,2.389550,-0.345086,91.082229,-0.1022,5.2383,0.0000
23260000,51.0011421969,0.0004467595,35.0013,2.390110,-0.358925,91.126452,-0.1063,5.2388,0.0000
23270000,51.0011421872,0.0004475059,35.0013,2.390691,-0.372765,91.170679,-0.1104,5.2393,0.0000
23280000,51.0011421771,0.0004482523,35.0013,2.391294,-0.386605,91.214911,-0.1145,5.2399,0.0000
23290000,51.0011421666,0.0004489988,35.0013,2.391919,-0.400444,91.259148,-0.1186,5.2405,0.0000
23300000,51.0011421557,0.0004497454,35.0013,2.392566,-0.414284,91.303391,-0.1227,5.2411,0.0000
23310000,51.0011421445,0.0004504921,35.0013,2.393235,-0.428123,91.347639,-0.1268,5.2417,0.0000
23320000,51.0011421329,0.0004512388,35.0013,2.393925,-0.441962,91.391893,-0.1310,5.2424,0.0000
23330000,51.0011421210,0.0004519857,35.0013,2.394637,-0.455801,91.436153,-0.1351,5.2430,0.0000
23340000,51.0011421086,0.0004527326,35.0013,2.395372,-0.469640,91.480418,-0.1392,5.2437,0.0000
23350000,51.0011420959,0.0004534797,35.0013,2.396128,-0.483479,91.524690,-0.1433,5.2444,0.0000
23360000,51.0011420829,0.0004542269,35.0013,2.396906,-0.497318,91.568969,-0.1475,5.2452,0.0000
23370000,51.0011420694,0.0004549741,35.0013,2.397706,-0.511157,91.613254,-0.1516,5.2459,0.0000
23380000,51.0011420556,0.0004557215,35.0013,2.398528,-0.524995,91.657546,-0.1557,5.2467,0.0000
23390000,51.0011420414,0.0004564690,35.0013,2.399371,-0.538834,91.701844,-0.1598,5.2475,0.0000
23400000,51.0011420269,0.0004572166,35.0013,2.400237,-0.552672,91.746151,-0.1640,5.2483,0.0000
23410000,51.0011420119,0.0004579643,35.0013,2.401124,-0.566510,91.790464,-0.1681,5.2491,0.0000
23420000,51.0011419966,0.0004587121,35.0013,2.402034,-0.580348,91.834785,-0.1723,5.2500,0.0000
23430000,51.0011419810,0.0004594601,35.0013,2.402966,-0.594186,91.879114,-0.1764,5.2508,0.0000
23440000,51.0011419649,0.0004602082,35.0013,2.403919,-0.608024,91.923450,-0.1806,5.2517,0.0000
23450000,51.0011419485,0.0004609564,35.0013,2.404895,-0.621861,91.967795,-0.1847,5.2526,0.0000
23460000,51.0011419317,0.0004617047,35.0013,2.405892,-0.635699,92.012148,-0.1889,5.2536,0.0000
23470000,51.0011419145,0.0004624532,35.0013,2.406911,-0.649536,92.056510,-0.1930,5.2545,0.0000
23480000,51.0011418970,0.0004632018,35.0013,2.407953,-0.663374,92.100880,-0.1972,5.2555,0.0000
23490000,51.0011418791,0.0004639506,35.0013,2.409017,-0.677211,92.145259,-0.2013,5.2565,0.0000
23500000,51.0011418608,0.0004646995,35.0013,2.410102,-0.691047,92.189648,-0.2055,5.2575,0.0000
23510000,51.0011418421,0.0004654485,35.0013,2.411210,-0.704884,92.234045,-0.2097,5.2585,0.0000
23520000,51.0011418231,0.0004661977,35.0013,2.412340,-0.718721,92.278452,-0.2139,5.2596,0.0000
23530000,51.0011418037,0.0004669470,35.0013,2.413492,-0.732557,92.322869,-0.2180,5.2607,0.0000
23540000,51.0011417839,0.0004676965,35.0013,2.414666,-0.746393,92.367295,-0.2222,5.2618,0.0000
23550000,51.0011417637,0.0004684462,35.0014,2.415862,-0.760229,92.411731,-0.2264,5.2629,0.0000
23560000,51.0011417432,0.0004691960,35.0014,2.417080,-0.774065,92.456178,-0.2306,5.2640,0.0000
23570000,51.0011417223,0.0004699460,35.0014,2.418321,-0.787901,92.500634,-0.2348,5.2652,0.0000
23580000,51.0011417010,0.0004706961,35.0014,2.419584,-0.801737,92.545102,-0.2390,5.2663,0.0000
23590000,51.0011416793,0.0004714465,35.0014,2.420868,-0.815572,92.589580,-0.2432,5.2675,0.0000
23600000,51.0011416572,0.0004721969,35.0014,2.422176,-0.829407,92.634069,-0.2474,5.2688,0.0000
23610000,51.0011416348,0.0004729476,35.0014,2.423505,-0.843242,92.678569,-0.2516,5.2700,0.0000
23620000,51.0011416120,0.0004736984,35.0014,2.424857,-0.857077,92.723081,-0.2558,5.2712,0.0000
23630000,51.0011415888,0.0004744495,35.0014,2.426231,-0.870912,92.767604,-0.2601,5.2725,0.0000
23640000,51.0011415652,0.0004752007,35.0014,2.427627,-0.884746,92.812138,-0.2643,5.2738,0.0000
23650000,51.0011415413,0.0004759521,35.0014,2.429045,-0.898580,92.856685,-0.2685,5.2751,0.0000
23660000,51.0011415170,0.0004767036,35.0014,2.430486,-0.912414,92.901243,-0.2727,5.2765,0.0000
23670000,51.0011414923,0.0004774554,35.0014,2.431949,-0.926248,92.945814,-0.2770,5.2778,0.0000
23680000,51.0011414672,0.0004782074,35.0014,2.433435,-0.940081,92.990397,-0.2812,5.2792,0.0000
23690000,51.0011414417,0.0004789595,35.0014,2.434943,-0.953915,93.034993,-0.2855,5.2806,0.0000
23700000,51.0011414158,0.0004797119,35.0014,2.436473,-0.967748,93.079601,-0.2897,5.2820,0.0000
23710000,51.0011413896,0.0004804645,35.0014,2.438026,-0.981581,93.124223,-0.2940,5.2835,0.0000
23720000,51.0011413630,0.0004812172,35.0014,2.439602,-0.995414,93.168857,-0.2983,5.2849,0.0000
23730000,51.0011413360,0.0004819702,35.0014,2.441199,-1.009246,93.213505,-0.3025,5.2864,0.0000
23740000,51.0011413086,0.0004827234,35.0014,2.442820,-1.023078,93.258167,-0.3068,5.2879,0.0000
23750000,51.0011412808,0.0004834768,35.0014,2.444462,-1.036910,93.302842,-0.3111,5.2894,0.0000
23760000,51.0011412527,0.0004842305,35.0014,2.446128,-1.050742,93.347531,-0.3154,5.2910,0.0000
23770000,51.0011412241,0.0004849843,35.0014,2.447816,-1.064574,93.392234,-0.3196,5.2925,0.0000
23780000,51.0011411952,0.0004857384,35.0014,2.449526,-1.078405,93.436952,-0.3239,5.2941,0.0000
23790000,51.0011411659,0.0004864927,35.0014,2.451259,-1.092236,93.481684,-0.3282,5.2957,0.0000
23800000,51.0011411362,0.0004872472,35.0014,2.453015,-1.106067,93.526430,-0.3326,5.2973,0.0000
23810000,51.0011411061,0.0004880020,35.0014,2.454794,-1.119898,93.571192,-0.3369,5.2990,0.0000
23820000,51.0011410756,0.0004887570,35.0014,2.456595,-1.133728,93.615968,-0.3412,5.3007,0.0000
23830000,51.0011410447,0.0004895122,35.0014,2.458419,-1.147558,93.660760,-0.3455,5.3023,0.0000
23840000,51.0011410135,0.0004902677,35.0014,2.460265,-1.161388,93.705567,-0.3498,5.3040,0.0000
23850000,51.0011409818,0.0004910234,35.0014,2.462134,-1.175217,93.750390,-0.3542,5.3058,0.0000
23860000,51.0011409498,0.0004917794,35.0014,2.464027,-1.189047,93.795228,-0.3585,5.3075,0.0000
23870000,51.0011409174,0.0004925356,35.0014,2.465941,-1.202876,93.840082,-0.3629,5.3093,0.0000
23880000,51.0011408846,0.0004932921,35.0014,2.467879,-1.216704,93.884953,-0.3672,5.3110,0.0000
23890000,51.0011408513,0.0004940488,35.0014,2.469840,-1.230533,93.929840,-0.3716,5.3128,0.0000
23900000,51.0011408177,0.0004948058,35.0014,2.471823,-1.244361,93.974743,-0.3760,5.3147,0.0000
23910000,51.0011407837,0.0004955630,35.0014,2.473830,-1.258189,94.019663,-0.3803,5.3165,0.0000
23920000,51.0011407494,0.0004963206,35.0014,2.475859,-1.272017,94.064600,-0.3847,5.3184,0.0000
23930000,51.0011407146,0.0004970783,35.0014,2.477912,-1.285844,94.109554,-0.3891,5.3202,0.0000
23940000,51.0011406794,0.0004978364,35.0014,2.479987,-1.299671,94.154525,-0.3935,5.3221,0.0000
23950000,51.0011406438,0.0004985947,35.0014,2.482085,-1.313498,94.199513,-0.3979,5.3241,0.0000
23960000,51.0011406079,0.0004993533,35.0014,2.484207,-1.327324,94.244519,-0.4023,5.3260,0.0000
23970000,51.0011405715,0.0005001121,35.0014,2.486351,-1.341150,94.289543,-0.4067,5.3280,0.0000
23980000,51.0011405347,0.0005008713,35.0014,2.488519,-1.354976,94.334585,-0.4111,5.3300,0.0000
23990000,51.0011404976,0.0005016307,35.0014,2.490710,-1.368802,94.379646,-0.4156,5.3320,0.0000
24000000,51.0011404600,0.0005023905,35.0014,2.492924,-1.382627,94.424724,-0.4200,5.3340,0.0000
24010000,51.0011404221,0.0005031505,35.0014,2.495161,-1.396452,94.469821,-0.4245,5.3360,0.0000
24020000,51.0011403837,0.0005039108,35.0014,2.497421,-1.410276,94.514937,-0.4289,5.3381,0.0000
24030000,51.0011403449,0.0005046714,35.0014,2.499705,-1.424101,94.560072,-0.4334,5.3402,0.0000
24040000,51.0011403058,0.0005054323,35.0014,2.502012,-1.437925,94.605226,-0.4378,5.3423,0.0000
24050000,51.0011402662,0.0005061935,35.0014,2.504342,-1.451748,94.650399,-0.4423,5.3444,0.0000
24060000,51.0011402263,0.0005069550,35.0014,2.506696,-1.465571,94.695591,-0.4468,5.3465,0.0000
24070000,51.0011401859,0.0005077168,35.0014,2.509073,-1.479394,94.740804,-0.4513,5.3487,0.0000
24080000,51.0011401451,0.0005084789,35.0014,2.511473,-1.493217,94.786036,-0.4558,5.3509,0.0000
24090000,51.0011401039,0.0005092413,35.0014,2.513897,-1.507039,94.831288,-0.4603,5.3530,0.0000
24100000,51.0011400624,0.0005100040,35.0014,2.516344,-1.520861,94.876560,-0.4648,5.3553,0.0000
24110000,51.0011400204,0.0005107671,35.0014,2.518815,-1.534683,94.921853,-0.4693,5.3575,0.0000
24120000,51.0011399780,0.0005115305,35.0014,2.521310,-1.548504,94.967166,-0.4738,5.3598,0.0000
24130000,51.0011399352,0.0005122942,35.0014,2.523828,-1.562325,95.012500,-0.4784,5.3620,0.0000
24140000,51.0011398920,0.0005130582,35.0014,2.526369,-1.576145,95.057855,-0.4829,5.3643,0.0000
24150000,51.0011398484,0.0005138225,35.0014,2.528935,-1.589966,95.103231,-0.4875,5.3667,0.0000
24160000,51.0011398043,0.0005145872,35.0014,2.531524,-1.603785,95.148629,-0.4920,5.3690,0.0000
24170000,51.0011397599,0.0005153523,35.0014,2.534136,-1.617605,95.194048,-0.4966,5.3713,0.0000
24180000,51.0011397150,0.0005161176,35.0014,2.536773,-1.631424,95.239488,-0.5012,5.3737,0.0000
24190000,51.0011396698,0.0005168833,35.0014,2.539433,-1.645242,95.284951,-0.5058,5.3761,0.0000
24200000,51.0011396241,0.0005176493,35.0014,2.542117,-1.659061,95.330435,-0.5104,5.3785,0.0000
24210000,51.0011395780,0.0005184157,35.0014,2.544825,-1.672879,95.375942,-0.5150,5.3810,0.0000
24220000,51.0011395315,0.0005191825,35.0014,2.547557,-1.686696,95.421472,-0.5196,5.3834,0.0000
24230000,51.0011394846,0.0005199495,35.0014,2.550313,-1.700513,95.467023,-0.5242,5.3859,0.0000
24240000,51.0011394373,0.0005207170,35.0014,2.553092,-1.714330,95.512598,-0.5289,5.3884,0.0000
24250000,51.0011393895,0.0005214848,35.0014,2.555896,-1.728146,95.558196,-0.5335,5.3909,0.0000
24260000,51.0011393414,0.0005222529,35.0014,2.558724,-1.741962,95.603817,-0.5381,5.3934,0.0000
24270000,51.0011392928,0.0005230214,35.0014,2.561576,-1.755778,95.649461,-0.5428,5.3960,0.0000
24280000,51.0011392438,0.0005237903,35.0014,2.564452,-1.769593,95.695129,-0.5475,5.3985,0.0000
24290000,51.0011391943,0.0005245596,35.0014,2.567352,-1.783407,95.740820,-0.5522,5.4011,0.0000
24300000,51.0011391445,0.0005253292,35.0014,2.570276,-1.797222,95.786535,-0.5568,5.4037,0.0000
24310000,51.0011390942,0.0005260992,35.0014,2.573225,-1.811036,95.832275,-0.5615,5.4064,0.0000
24320000,51.0011390435,0.0005268695,35.0014,2.576198,-1.824849,95.878038,-0.5662,5.4090,0.0000
24330000,51.0011389924,0.0005276403,35.0014,2.579195,-1.838662,95.923827,-0.5710,5.4117,0.0000
24340000,51.0011389409,0.0005284114,35.0014,2.582216,-1.852475,95.969639,-0.5757,5.4144,0.0000
24350000,51.0011388889,0.0005291829,35.0014,2.585262,-1.866287,96.015477,-0.5804,5.4171,0.0000
24360000,51.0011388365,0.0005299548,35.0014,2.588333,-1.880098,96.061340,-0.5852,5.4198,0.0000
24370000,51.0011387837,0.0005307271,35.0014,2.591428,-1.893910,96.107227,-0.5899,5.4225,0.0000
24380000,51.0011387305,0.0005314998,35.0014,2.594547,-1.907720,96.153141,-0.5947,5.4253,0.0000
24390000,51.0011386768,0.0005322728,35.0014,2.597691,-1.921531,96.199079,-0.5995,5.4281,0.0000
24400000,51.0011386227,0.0005330463,35.0014,2.600859,-1.935341,96.245044,-0.6042,5.4309,0.0000
24410000,51.0011385682,0.0005338202,35.0014,2.604053,-1.949150,96.291034,-0.6090,5.4337,0.0000
24420000,51.0011385132,0.0005345944,35.0014,2.607270,-1.962959,96.337051,-0.6139,5.4365,0.0000
24430000,51.0011384578,0.0005353691,35.0014,2.610513,-1.976768,96.383094,-0.6187,5.4394,0.0000
24440000,51.0011384020,0.0005361442,35.0014,2.613780,-1.990576,96.429163,-0.6235,5.4423,0.0000
24450000,51.0011383457,0.0005369197,35.0014,2.617072,-2.004383,96.475259,-0.6283,5.4451,0.0000
24460000,51.0011382890,0.0005376956,35.0014,2.620389,-2.018190,96.521382,-0.6332,5.4481,0.0000
24470000,51.0011382318,0.0005384719,35.0014,2.623731,-2.031997,96.567532,-0.6380,5.4510,0.0000
24480000,51.0011381743,0.0005392487,35.0014,2.627098,-2.045803,96.613709,-0.6429,5.4539,0.0000
24490000,51.0011381163,0.0005400258,35.0014,2.630490,-2.059609,96.659913,-0.6478,5.4569,0.0000
24500000,51.0011380578,0.0005408034,35.0014,2.633907,-2.073414,96.706145,-0.6527,5.4599,0.0000
24510000,51.0011379989,0.0005415814,35.0014,2.637349,-2.087219,96.752405,-0.6576,5.4629,0.0000
24520000,51.0011379396,0.0005423599,35.0014,2.640816,-2.101023,96.798693,-0.6625,5.4659,0.0000
24530000,51.0011378798,0.0005431388,35.0014,2.644308,-2.114826,96.845008,-0.6674,5.4690,0.0000
24540000,51.0011378196,0.0005439181,35.0014,2.647825,-2.128629,96.891353,-0.6724,5.4721,0.0000
24550000,51.0011377589,0.0005446978,35.0014,2.651368,-2.142432,96.937725,-0.6773,5.4751,0.0000
24560000,51.0011376978,0.0005454780,35.0014,2.654936,-2.156234,96.984127,-0.6823,5.4782,0.0000
24570000,51.0011376363,0.0005462587,35.0014,2.658529,-2.170036,97.030557,-0.6873,5.4814,0.0000
24580000,51.0011375743,0.0005470398,35.0014,2.662148,-2.183837,97.077016,-0.6922,5.4845,0.0000
24590000,51.0011375118,0.0005478213,35.0014,2.665792,-2.197637,97.123504,-0.6972,5.4877,0.0000
24600000,51.0011374489,0.0005486033,35.0014,2.669462,-2.211437,97.170022,-0.7022,5.4908,0.0000
24610000,51.0011373855,0.0005493857,35.0014,2.673157,-2.225237,97.216570,-0.7073,5.4940,0.0000
24620000,51.0011373217,0.0005501686,35.0014,2.676878,-2.239036,97.263147,-0.7123,5.4972,0.0000
24630000,51.0011372575,0.0005509520,35.0014,2.680625,-2.252834,97.309754,-0.7173,5.5005,0.0000
24640000,51.0011371928,0.0005517358,35.0014,2.684397,-2.266632,97.356391,-0.7224,5.5037,0.0000
24650000,51.0011371276,0.0005525201,35.0014,2.688195,-2.280429,97.403059,-0.7274,5.5070,0.0000
24660000,51.0011370620,0.0005533048,35.0014,2.692018,-2.294226,97.449757,-0.7325,5.5103,0.0000
24670000,51.0011369959,0.0005540900,35.0014,2.695868,-2.308022,97.496486,-0.7376,5.5136,0.0000
24680000,51.0011369294,0.0005548757,35.0014,2.699743,-2.321818,97.543246,-0.7427,5.5169,0.0000
24690000,51.0011368624,0.0005556619,35.0014,2.703644,-2.335613,97.590037,-0.7478,5.5203,0.0000
24700000,51.0011367949,0.0005564485,35.0014,2.707572,-2.349407,97.636859,-0.7530,5.5236,0.0000
24710000,51.0011367270,0.0005572356,35.0014,2.711525,-2.363201,97.683712,-0.7581,5.5270,0.0000
24720000,51.0011366586,0.0005580232,35.0014,2.715504,-2.376994,97.730597,-0.7633,5.5304,0.0000
24730000,51.0011365898,0.0005588113,35.0014,2.719510,-2.390787,97.777514,-0.7684,5.5338,0.0000
24740000,51.0011365205,0.0005595999,35.0014,2.723542,-2.404579,97.824462,-0.7736,5.5373,0.0000
24750000,51.0011364507,0.0005603890,35.0014,2.727599,-2.418371,97.871443,-0.7788,5.5407,0.0000
24760000,51.0011363805,0.0005611785,35.0014,2.731684,-2.432161,97.918456,-0.7840,5.5442,0.0000
24770000,51.0011363097,0.0005619686,35.0014,2.735794,-2.445952,97.965502,-0.7892,5.5477,0.0000
24780000,51.0011362386,0.0005627592,35.0014,2.739931,-2.459741,98.012581,-0.7945,5.5512,0.0000
24790000,51.0011361669,0.0005635502,35.0014,2.744095,-2.473530,98.059692,-0.7997,5.5547,0.0000
24800000,51.0011360948,0.0005643418,35.0014,2.748285,-2.487319,98.106836,-0.8050,5.5582,0.0000
24810000,51.0011360222,0.0005651338,35.0014,2.752501,-2.501107,98.154014,-0.8102,5.5618,0.0000
24820000,51.0011359491,0.0005659264,35.0014,2.756744,-2.514894,98.201225,-0.8155,5.5654,0.0000
24830000,51.0011358756,0.0005667195,35.0014,2.761014,-2.528680,98.248469,-0.8208,5.5690,0.0000
24840000,51.0011358015,0.0005675131,35.0014,2.765311,-2.542466,98.295747,-0.8261,5.5726,0.0000
24850000,51.0011357270,0.0005683072,35.0014,2.769634,-2.556252,98.343060,-0.8315,5.5762,0.0000
24860000,51.0011356521,0.0005691019,35.0014,2.773984,-2.570036,98.390406,-0.8368,5.5799,0.0000
24870000,51.0011355766,0.0005698970,35.0014,2.778361,-2.583820,98.437787,-0.8422,5.5836,0.0000
24880000,51.0011355006,0.0005706927,35.0014,2.782765,-2.597603,98.485202,-0.8475,5.5872,0.0000
24890000,51.0011354242,0.0005714889,35.0014,2.787196,-2.611386,98.532652,-0.8529,5.5909,0.0000
24900000,51.0011353473,0.0005722856,35.0014,2.791654,-2.625168,98.580137,-0.8583,5.5947,0.0000
24910000,51.0011352699,0.0005730829,35.0014,2.796139,-2.638949,98.627657,-0.8637,5.5984,0.0000
24920000,51.0011351920,0.0005738807,35.0014,2.800651,-2.652730,98.675212,-0.8691,5.6022,0.0000
24930000,51.0011351136,0.0005746790,35.0014,2.805191,-2.666510,98.722802,-0.8746,5.6059,0.0000
24940000,51.0011350348,0.0005754779,35.0014,2.809758,-2.680289,98.770428,-0.8800,5.6097,0.0000
24950000,51.0011349554,0.0005762773,35.0014,2.814352,-2.694068,98.818090,-0.8855,5.6136,0.0000
24960000,51.0011348756,0.0005770773,35.0014,2.818973,-2.707846,98.865788,-0.8910,5.6174,0.0000
24970000,51.0011347952,0.0005778778,35.0014,2.823622,-2.721623,98.913522,-0.8965,5.6212,0.0000
24980000,51.0011347144,0.0005786789,35.0014,2.828299,-2.735399,98.961292,-0.9020,5.6251,0.0000
24990000,51.0011346331,0.0005794805,35.0014,2.833003,-2.749175,99.009098,-0.9075,5.6290,0.0000
25000000,51.0011345512,0.0005802827,35.0014,2.837735,-2.762950,99.056942,-0.9131,5.6329,0.0000
25010000,51.0011344689,0.0005810854,35.0014,2.842494,-2.776725,99.104822,-0.9186,5.6368,0.0000
25020000,51.0011343861,0.0005818887,35.0014,2.847281,-2.790498,99.152739,-0.9242,5.6407,0.0000
25030000,51.0011343027,0.0005826925,35.0014,2.852096,-2.804271,99.200694,-0.9298,5.6447,0.0000
25040000,51.0011342189,0.0005834969,35.0014,2.856939,-2.818043,99.248685,-0.9354,5.6486,0.0000
25050000,51.0011341346,0.0005843019,35.0014,2.861810,-2.831815,99.296715,-0.9410,5.6526,0.0000
25060000,51.0011340497,0.0005851074,35.0014,2.866709,-2.845585,99.344782,-0.9467,5.6566,0.0000
25070000,51.0011339644,0.0005859135,35.0014,2.871636,-2.859355,99.392887,-0.9523,5.6606,0.0000
25080000,51.0011338785,0.0005867202,35.0014,2.876590,-2.873124,99.441030,-0.9580,5.6647,0.0000
25090000,51.0011337922,0.0005875275,35.0014,2.881574,-2.886893,99.489212,-0.9637,5.6687,0.0000
25100000,51.0011337053,0.0005883353,35.0014,2.886585,-2.900660,99.537432,-0.9694,5.6728,0.0000
25110000,51.0011336179,0.0005891438,35.0014,2.891625,-2.914427,99.585690,-0.9751,5.6769,0.0000
25120000,51.0011335300,0.0005899528,35.0014,2.896693,-2.928193,99.633988,-0.9808,5.6810,0.0000
25130000,51.0011334415,0.0005907624,35.0014,2.901789,-2.941959,99.682324,-0.9865,5.6851,0.0000
25140000,51.0011333526,0.0005915726,35.0014,2.906914,-2.955723,99.730700,-0.9923,5.6893,0.0000
25150000,51.0011332631,0.0005923833,35.0014,2.912068,-2.969487,99.779115,-0.9981,5.6934,0.0000
25160000,51.0011331732,0.0005931947,35.0014,2.917250,-2.983250,99.827569,-1.0039,5.6976,0.0000
25170000,51.0011330827,0.0005940067,35.0014,2.922461,-2.997012,99.876063,-1.0097,5.7018,0.0000
25180000,51.0011329916,0.0005948192,35.0014,2.927701,-3.010773,99.924598,-1.0155,5.7060,0.0000
25190000,51.0011329001,0.0005956324,35.0014,2.932969,-3.024534,99.973172,-1.0214,5.7102,0.0000
25200000,51.0011328080,0.0005964461,35.0014,2.938267,-3.038293,100.021786,-1.0272,5.7145,0.0000
25210000,51.0011327154,0.0005972605,35.0014,2.943593,-3.052052,100.070441,-1.0331,5.7187,0.0000
25220000,51.0011326223,0.0005980755,35.0014,2.948948,-3.065810,100.119137,-1.0390,5.7230,0.0000
25230000,51.0011325286,0.0005988911,35.0014,2.954333,-3.079567,100.167873,-1.0449,5.7273,0.0000
25240000,51.0011324344,0.0005997073,35.0014,2.959746,-3.093324,100.216650,-1.0508,5.7316,0.0000
25250000,51.0011323397,0.0006005241,35.0014,2.965189,-3.107079,100.265469,-1.0568,5.7359,0.0000
25260000,51.0011322444,0.0006013415,35.0014,2.970661,-3.120834,100.314329,-1.0627,5.7402,0.0000
25270000,51.0011321486,0.0006021596,35.0014,2.976163,-3.134588,100.363230,-1.0687,5.7446,0.0000
25280000,51.0011320523,0.0006029782,35.0014,2.981693,-3.148340,100.412173,-1.0747,5.7490,0.0000
25290000,51.0011319554,0.0006037975,35.0014,2.987254,-3.162093,100.461158,-1.0807,5.7534,0.0000
25300000,51.0011318580,0.0006046175,35.0014,2.992844,-3.175844,100.510185,-1.0868,5.7578,0.0000
25310000,51.0011317600,0.0006054380,35.0014,2.998463,-3.189594,100.559254,-1.0928,5.7622,0.0000
25320000,51.0011316615,0.0006062592,35.0014,3.004112,-3.203343,100.608365,-1.0989,5.7666,0.0000
25330000,51.0011315624,0.0006070810,35.0014,3.009791,-3.217092,100.657520,-1.1050,5.7711,0.0000
25340000,51.0011314628,0.0006079035,35.0014,3.015500,-3.230839,100.706716,-1.1111,5.7756,0.0000
25350000,51.0011313627,0.0006087266,35.0014,3.021239,-3.244586,100.755956,-1.1172,5.7800,0.0000
25360000,51.0011312620,0.0006095503,35.0014,3.027008,-3.258332,100.805239,-1.1233,5.7845,0.0000
25370000,51.0011311607,0.0006103747,35.0014,3.032806,-3.272077,100.854565,-1.1295,5.7891,0.0000
25380000,51.0011310589,0.0006111997,35.0014,3.038635,-3.285821,100.903935,-1.1357,5.7936,0.0000
25390000,51.0011309565,0.0006120253,35.0014,3.044494,-3.299564,100.953348,-1.1419,5.7981,0.0000
25400000,51.0011308536,0.0006128517,35.0014,3.050383,-3.313306,101.002805,-1.1481,5.8027,0.0000
25410000,51.0011307501,0.0006136786,35.0014,3.056303,-3.327047,101.052307,-1.1543,5.8073,0.0000
25420000,51.0011306461,0.0006145062,35.0014,3.062253,-3.340787,101.101852,-1.1606,5.8119,0.0000
25430000,51.0011305415,0.0006153345,35.0014,3.068234,-3.354526,101.151442,-1.1668,5.8165,0.0000
25440000,51.0011304363,0.0006161634,35.0014,3.074245,-3.368265,101.201076,-1.1731,5.8211,0.0000
25450000,51.0011303306,0.0006169930,35.0014,3.080286,-3.382002,101.250755,-1.1794,5.8258,0.0000
25460000,51.0011302243,0.0006178233,35.0014,3.086359,-3.395738,101.300479,-1.1857,5.8304,0.0000
25470000,51.0011301174,0.0006186542,35.0014,3.092462,-3.409473,101.350247,-1.1921,5.8351,0.0000
25480000,51.0011300100,0.0006194858,35.0014,3.098596,-3.423208,101.400062,-1.1985,5.8398,0.0000
25490000,51.0011299019,0.0006203181,35.0014,3.104760,-3.436941,101.449921,-1.2048,5.8445,0.0000
25500000,51.0011297933,0.0006211510,35.0014,3.110956,-3.450674,101.499826,-1.2112,5.8492,0.0000
25510000,51.0011296842,0.0006219846,35.0014,3.117183,-3.464405,101.549777,-1.2177,5.8540,0.0000
25520000,51.0011295744,0.0006228189,35.0014,3.123441,-3.478135,101.599774,-1.2241,5.8587,0.0000
25530000,51.0011294641,0.0006236538,35.0014,3.129730,-3.491865,101.649817,-1.2306,5.8635,0.0000
25540000,51.0011293532,0.0006244895,35.0014,3.136051,-3.505593,101.699906,-1.2370,5.8683,0.0000
25550000,51.0011292417,0.0006253258,35.0014,3.142403,-3.519320,101.750042,-1.2435,5.8731,0.0000
25560000,51.0011291296,0.0006261628,35.0014,3.148786,-3.533046,101.800224,-1.2501,5.8779,0.0000
25570000,51.0011290170,0.0006270005,35.0014,3.155201,-3.546771,101.850453,-1.2566,5.8827,0.0000
25580000,51.0011289037,0.0006278389,35.0014,3.161647,-3.560496,101.900730,-1.2632,5.8876,0.0000
25590000,51.0011287899,0.0006286779,35.0014,3.168125,-3.574219,101.951053,-1.2697,5.8924,0.0000
25600000,51.0011286754,0.0006295177,35.0014,3.174635,-3.587941,102.001424,-1.2763,5.8973,0.0000
25610000,51.0011285604,0.0006303582,35.0014,3.181177,-3.601662,102.051842,-1.2830,5.9022,0.0000
25620000,51.0011284448,0.0006311993,35.0014,3.187750,-3.615381,102.102308,-1.2896,5.9071,0.0000
25630000,51.0011283285,0.0006320412,35.0014,3.194356,-3.629100,102.152822,-1.2963,5.9120,0.0000
25640000,51.0011282117,0.0006328837,35.0014,3.200993,-3.642818,102.203384,-1.3029,5.9169,0.0000
25650000,51.0011280943,0.0006337270,35.0014,3.207663,-3.656534,102.253994,-1.3096,5.9219,0.0000
25660000,51.0011279763,0.0006345710,35.0014,3.214365,-3.670250,102.304652,-1.3164,5.9269,0.0000
25670000,51.0011278576,0.0006354156,35.0014,3.221099,-3.683964,102.355359,-1.3231,5.9318,0.0000
25680000,51.0011277384,0.0006362610,35.0014,3.227866,-3.697677,102.406115,-1.3299,5.9368,0.0000
25690000,51.0011276185,0.0006371071,35.0014,3.234665,-3.711389,102.456920,-1.3367,5.9418,0.0000
25700000,51.0011274981,0.0006379539,35.0014,3.241496,-3.725100,102.507774,-1.3435,5.9468,0.0000
25710000,51.0011273770,0.0006388015,35.0014,3.248360,-3.738810,102.558677,-1.3503,5.9519,0.0000
25720000,51.0011272553,0.0006396497,35.0014,3.255257,-3.752519,102.609630,-1.3571,5.9569,0.0000
25730000,51.0011271330,0.0006404987,35.0014,3.262187,-3.766226,102.660632,-1.3640,5.9620,0.0000
25740000,51.0011270101,0.0006413484,35.0014,3.269149,-3.779932,102.711684,-1.3709,5.9671,0.0000
25750000,51.0011268866,0.0006421988,35.0014,3.276145,-3.793637,102.762786,-1.3778,5.9722,0.0000
25760000,51.0011267624,0.0006430499,35.0014,3.283173,-3.807341,102.813939,-1.3847,5.9773,0.0000
25770000,51.0011266376,0.0006439018,35.0014,3.290235,-3.821044,102.865141,-1.3917,5.9824,0.0000
25780000,51.0011265122,0.0006447544,35.0014,3.297329,-3.834746,102.916394,-1.3987,5.9875,0.0000
25790000,51.0011263861,0.0006456077,35.0014,3.304457,-3.848446,102.967698,-1.4057,5.9927,0.0000
25800000,51.0011262595,0.0006464618,35.0014,3.311619,-3.862145,103.019052,-1.4127,5.9978,0.0000
25810000,51.0011261322,0.0006473166,35.0014,3.318814,-3.875843,103.070458,-1.4197,6.0030,0.0000
25820000,51.0011260042,0.0006481722,35.0014,3.326042,-3.889540,103.121915,-1.4268,6.0082,0.0000
25830000,51.0011258756,0.0006490284,35.0014,3.333304,-3.903235,103.173423,-1.4339,6.0134,0.0000
25840000,51.0011257464,0.0006498855,35.0014,3.340599,-3.916929,103.224983,-1.4410,6.0186,0.0000
25850000,51.0011256166,0.0006507432,35.0014,3.347929,-3.930622,103.276594,-1.4481,6.0239,0.0000
25860000,51.0011254861,0.0006516017,35.0014,3.355292,-3.944314,103.328258,-1.4553,6.0291,0.0000
25870000,51.0011253549,0.0006524610,35.0014,3.362689,-3.958004,103.379973,-1.4625,6.0344,0.0000
25880000,51.0011252231,0.0006533210,35.0014,3.370120,-3.971694,103.431741,-1.4697,6.0396,0.0000
25890000,51.0011250907,0.0006541818,35.0014,3.377585,-3.985381,103.483561,-1.4769,6.0449,0.0000
25900000,51.0011249576,0.0006550433,35.0014,3.385085,-3.999068,103.535433,-1.4841,6.0502,0.0000
25910000,51.0011248239,0.0006559056,35.0014,3.392618,-4.012753,103.587359,-1.4914,6.0555,0.0000
25920000,51.0011246895,0.0006567686,35.0014,3.400187,-4.026437,103.639337,-1.4987,6.0608,0.0000
25930000,51.0011245544,0.0006576324,35.0014,3.407789,-4.040120,103.691368,-1.5060,6.0662,0.0000
25940000,51.0011244187,0.0006584969,35.0014,3.415426,-4.053801,103.743453,-1.5134,6.0715,0.0000
25950000,51.0011242824,0.0006593623,35.0014,3.423098,-4.067481,103.795591,-1.5207,6.0769,0.0000
25960000,51.0011241453,0.0006602283,35.0014,3.430804,-4.081160,103.847783,-1.5281,6.0823,0.0000
25970000,51.0011240076,0.0006610952,35.0014,3.438546,-4.094837,103.900029,-1.5355,6.0877,0.0000
25980000,51.0011238693,0.0006619628,35.0014,3.446322,-4.108513,103.952328,-1.5429,6.0931,0.0000
25990000,51.0011237302,0.0006628312,35.0014,3.454133,-4.122187,104.004682,-1.5504,6.0985,0.0000
26000000,51.0011235905,0.0006637004,35.0014,3.461979,-4.135861,104.057090,-1.5579,6.1039,0.0000
26010000,51.0011234502,0.0006645703,35.0014,3.469860,-4.149532,104.109552,-1.5654,6.1093,0.0000
26020000,51.0011233091,0.0006654410,35.0014,3.477777,-4.163203,104.162069,-1.5729,6.1148,0.0000
26030000,51.0011231674,0.0006663125,35.0014,3.485729,-4.176872,104.214641,-1.5805,6.1203,0.0000
26040000,51.0011230250,0.0006671847,35.0014,3.493716,-4.190539,104.267268,-1.5880,6.1257,0.0000
26050000,51.0011228819,0.0006680578,35.0014,3.501739,-4.204205,104.319950,-1.5956,6.1312,0.0000
26060000,51.0011227381,0.0006689316,35.0014,3.509798,-4.217870,104.372688,-1.6033,6.1367,0.0000
26070000,51.0011225936,0.0006698062,35.0014,3.517892,-4.231533,104.425481,-1.6109,6.1423,0.0000
26080000,51.0011224485,0.0006706816,35.0014,3.526022,-4.245195,104.478330,-1.6186,6.1478,0.0000
26090000,51.0011223026,0.0006715578,35.0014,3.534188,-4.258855,104.531234,-1.6263,6.1533,0.0000
26100000,51.0011221561,0.0006724348,35.0014,3.542389,-4.272514,104.584195,-1.6340,6.1589,0.0000
26110000,51.0011220089,0.0006733126,35.0014,3.550627,-4.286172,104.637211,-1.6418,6.1644,0.0000
26120000,51.0011218609,0.0006741911,35.0014,3.558901,-4.299828,104.690284,-1.6495,6.1700,0.0000
26130000,51.0011217123,0.0006750705,35.0014,3.567212,-4.313482,104.743414,-1.6573,6.1756,0.0000
26140000,51.0011215630,0.0006759507,35.0014,3.575558,-4.327135,104.796600,-1.6652,6.1812,0.0000
26150000,51.0011214129,0.0006768316,35.0014,3.583941,-4.340786,104.849844,-1.6730,6.1868,0.0000
26160000,51.0011212622,0.0006777134,35.0014,3.592361,-4.354436,104.903144,-1.6809,6.1924,0.0000
26170000,51.0011211107,0.0006785959,35.0014,3.600817,-4.368084,104.956501,-1.6888,6.1981,0.0000
26180000,51.0011209586,0.0006794793,35.0014,3.609310,-4.381731,105.009916,-1.6967,6.2037,0.0000
26190000,51.0011208057,0.0006803634,35.0014,3.617840,-4.395376,105.063389,-1.7047,6.2094,0.0000
26200000,51.0011206521,0.0006812484,35.0014,3.626407,-4.409020,105.116919,-1.7126,6.2150,0.0000
26210000,51.0011204978,0.0006821342,35.0014,3.635010,-4.422662,105.170507,-1.7206,6.2207,0.0000
26220000,51.0011203428,0.0006830208,35.0014,3.643651,-4.436303,105.224153,-1.7287,6.2264,0.0000
26230000,51.0011201870,0.0006839082,35.0014,3.652329,-4.449942,105.277858,-1.7367,6.2321,0.0000
26240000,51.0011200305,0.0006847964,35.0014,3.661044,-4.463579,105.331621,-1.7448,6.2378,0.0000
26250000,51.0011198733,0.0006856854,35.0014,3.669797,-4.477214,105.385442,-1.7529,6.2435,0.0000
26260000,51.0011197154,0.0006865753,35.0014,3.678587,-4.490849,105.439322,-1.7611,6.2493,0.0000
26270000,51.0011195567,0.0006874659,35.0014,3.687415,-4.504481,105.493261,-1.7692,6.2550,0.0000
26280000,51.0011193973,0.0006883574,35.0014,3.696280,-4.518112,105.547260,-1.7774,6.2608,0.0000
26290000,51.0011192372,0.0006892497,35.0014,3.705184,-4.531741,105.601317,-1.7856,6.2665,0.0000
26300000,51.0011190763,0.0006901429,35.0014,3.714125,-4.545368,105.655434,-1.7938,6.2723,0.0000
26310000,51.0011189146,0.0006910368,35.0014,3.723104,-4.558994,105.709610,-1.8021,6.2781,0.0000
26320000,51.0011187523,0.0006919316,35.0014,3.732121,-4.572618,105.763847,-1.8104,6.2839,0.0000
26330000,51.0011185892,0.0006928272,35.0014,3.741176,-4.586240,105.818143,-1.8187,6.2897,0.0000
26340000,51.0011184253,0.0006937236,35.0014,3.750269,-4.599861,105.872499,-1.8271,6.2955,0.0000
26350000,51.0011182607,0.0006946209,35.0014,3.759401,-4.613480,105.926916,-1.8355,6.3014,0.0000
26360000,51.0011180953,0.0006955190,35.0014,3.768572,-4.627097,105.981393,-1.8439,6.3072,0.0000
26370000,51.0011179292,0.0006964179,35.0014,3.777780,-4.640713,106.035930,-1.8523,6.3131,0.0000
26380000,51.0011177623,0.0006973176,35.0014,3.787028,-4.654326,106.090529,-1.8607,6.3189,0.0000
26390000,51.0011175947,0.0006982182,35.0014,3.796314,-4.667938,106.145188,-1.8692,6.3248,0.0000
26400000,51.0011174263,0.0006991197,35.0014,3.805639,-4.681549,106.199909,-1.8777,6.3307,0.0000
26410000,51.0011172571,0.0007000219,35.0014,3.815003,-4.695157,106.254690,-1.8863,6.3366,0.0000
26420000,51.0011170871,0.0007009251,35.0014,3.824407,-4.708764,106.309534,-1.8948,6.3425,0.0000
26430000,51.0011169164,0.0007018290,35.0014,3.833849,-4.722368,106.364438,-1.9034,6.3484,0.0000
26440000,51.0011167449,0.0007027338,35.0014,3.843331,-4.735971,106.419405,-1.9121,6.3543,0.0000
26450000,51.0011165727,0.0007036394,35.0014,3.852852,-4.749572,106.474434,-1.9207,6.3602,0.0000
26460000,51.0011163996,0.0007045459,35.0014,3.862412,-4.763172,106.529524,-1.9294,6.3662,0.0000
26470000,51.0011162258,0.0007054532,35.0014,3.872012,-4.776769,106.584677,-1.9381,6.3721,0.0000
26480000,51.0011160512,0.0007063614,35.0014,3.881652,-4.790365,106.639893,-1.9468,6.3781,0.0000
26490000,51.0011158758,0.0007072704,35.0014,3.891331,-4.803958,106.695171,-1.9556,6.3840,0.0000
26500000,51.0011156996,0.0007081803,35.0014,3.901050,-4.817550,106.750512,-1.9644,6.3900,0.0000
26510000,51.0011155226,0.0007090911,35.0014,3.910810,-4.831140,106.805916,-1.9732,6.3960,0.0000
26520000,51.0011153448,0.0007100026,35.0014,3.920609,-4.844728,106.861383,-1.9821,6.4020,0.0000
26530000,51.0011151663,0.0007109151,35.0014,3.930449,-4.858314,106.916913,-1.9910,6.4080,0.0000
26540000,51.0011149869,0.0007118284,35.0014,3.940329,-4.871898,106.972507,-1.9999,6.4140,0.0000
26550000,51.0011148067,0.0007127425,35.0014,3.950249,-4.885480,107.028164,-2.0088,6.4200,0.0000
26560000,51.0011146258,0.0007136575,35.0014,3.960210,-4.899060,107.083885,-2.0178,6.4261,0.0000
26570000,51.0011144440,0.0007145734,35.0014,3.970211,-4.912638,107.139670,-2.0268,6.4321,0.0000
26580000,51.0011142614,0.0007154901,35.0014,3.980253,-4.926214,107.195519,-2.0358,6.4381,0.0000
26590000,51.0011140780,0.0007164077,35.0014,3.990336,-4.939789,107.251433,-2.0448,6.4442,0.0000
26600000,51.0011138937,0.0007173262,35.0014,4.000460,-4.953361,107.307411,-2.0539,6.4503,0.0000
26610000,51.0011137087,0.0007182455,35.0014,4.010625,-4.966931,107.363453,-2.0630,6.4563,0.0000
26620000,51.0011135228,0.0007191657,35.0014,4.020831,-4.980499,107.419561,-2.0722,6.4624,0.0000
26630000,51.0011133362,0.0007200867,35.0014,4.031078,-4.994065,107.475733,-2.0814,6.4685,0.0000
26640000,51.0011131487,0.0007210086,35.0014,4.041367,-5.007629,107.531971,-2.0906,6.4746,0.0000
26650000,51.0011129603,0.0007219314,35.0014,4.051697,-5.021191,107.588273,-2.0998,6.4807,0.0000
26660000,51.0011127711,0.0007228551,35.0014,4.062068,-5.034751,107.644642,-2.1091,6.4868,0.0000
26670000,51.0011125811,0.0007237796,35.0014,4.072482,-5.048308,107.701075,-2.1184,6.4929,0.0000
26680000,51.0011123903,0.0007247050,35.0014,4.082937,-5.061864,107.757575,-2.1277,6.4990,0.0000
26690000,51.0011121986,0.0007256313,35.0014,4.093434,-5.075417,107.814141,-2.1371,6.5052,0.0000
26700000,51.0011120061,0.0007265584,35.0014,4.103973,-5.088969,107.870772,-2.1464,6.5113,0.0000
26710000,51.0011118127,0.0007274864,35.0014,4.114554,-5.102518,107.927470,-2.1559,6.5175,0.0000
26720000,51.0011116185,0.0007284153,35.0014,4.125177,-5.116065,107.984235,-2.1653,6.5236,0.0000
26730000,51.0011114234,0.0007293451,35.0014,4.135843,-5.129609,108.041066,-2.1748,6.5298,0.0000
26740000,51.0011112275,0.0007302758,35.0014,4.146551,-5.143152,108.097963,-2.1843,6.5360,0.0000
26750000,51.0011110307,0.0007312073,35.0014,4.157301,-5.156692,108.154928,-2.1938,6.5421,0.0000
26760000,51.0011108331,0.0007321397,35.0014,4.168095,-5.170230,108.211960,-2.2034,6.5483,0.0000
26770000,51.0011106346,0.0007330730,35.0014,4.178931,-5.183766,108.269059,-2.2130,6.5545,0.0000
26780000,51.0011104352,0.0007340072,35.0014,4.189810,-5.197300,108.326225,-2.2227,6.5607,0.0000
26790000,51.0011102350,0.0007349422,35.0014,4.200732,-5.210831,108.383459,-2.2323,6.5669,0.0000
26800000,51.0011100339,0.0007358782,35.0014,4.211697,-5.224360,108.440761,-2.2420,6.5731,0.0000
26810000,51.0011098319,0.0007368150,35.0014,4.222705,-5.237887,108.498131,-2.2518,6.5793,0.0000
26820000,51.0011096291,0.0007377527,35.0014,4.233756,-5.251411,108.555569,-2.2615,6.5855,0.0000
26830000,51.0011094253,0.0007386913,35.0014,4.244851,-5.264933,108.613075,-2.2713,6.5918,0.0000
26840000,51.0011092207,0.0007396308,35.0014,4.255990,-5.278453,108.670650,-2.2812,6.5980,0.0000
26850000,51.0011090152,0.0007405712,35.0014,4.267172,-5.291970,108.728293,-2.2910,6.6042,0.0000
26860000,51.0011088088,0.0007415124,35.0014,4.278398,-5.305485,108.786005,-2.3009,6.6105,0.0000
26870000,51.0011086016,0.0007424546,35.0014,4.289668,-5.318998,108.843785,-2.3108,6.6167,0.0000
26880000,51.0011083934,0.0007433976,35.0014,4.300982,-5.332508,108.901635,-2.3208,6.6230,0.0000
26890000,51.0011081843,0.0007443416,35.0014,4.312339,-5.346016,108.959554,-2.3308,6.6293,0.0000
26900000,51.0011079744,0.0007452864,35.0014,4.323742,-5.359521,109.017543,-2.3408,6.6355,0.0000
26910000,51.0011077635,0.0007462321,35.0014,4.335188,-5.373024,109.075601,-2.3509,6.6418,0.0000
26920000,51.0011075517,0.0007471788,35.0014,4.346679,-5.386525,109.133728,-2.3609,6.6481,0.0000
26930000,51.0011073390,0.0007481263,35.0014,4.358215,-5.400022,109.191926,-2.3711,6.6544,0.0000
26940000,51.0011071254,0.0007490747,35.0014,4.369795,-5.413518,109.250193,-2.3812,6.6607,0.0000
26950000,51.0011069109,0.0007500240,35.0014,4.381420,-5.427011,109.308531,-2.3914,6.6670,0.0000
26960000,51.0011066955,0.0007509742,35.0014,4.393090,-5.440501,109.366939,-2.4016,6.6733,0.0000
26970000,51.0011064792,0.0007519253,35.0014,4.404805,-5.453989,109.425418,-2.4119,6.6796,0.0000
26980000,51.0011062619,0.0007528773,35.0014,4.416565,-5.467474,109.483968,-2.4222,6.6859,0.0000
26990000,51.0011060437,0.0007538302,35.0014,4.428371,-5.480957,109.542588,-2.4325,6.6922,0.0000
27000000,51.0011058246,0.0007547840,35.0014,4.440221,-5.494437,109.601279,-2.4428,6.6985,0.0000
27010000,51.0011056045,0.0007557387,35.0014,4.452118,-5.507914,109.660042,-2.4532,6.7048,0.0000
27020000,51.0011053835,0.0007566943,35.0014,4.464060,-5.521389,109.718875,-2.4636,6.7111,0.0000
27030000,51.0011051616,0.0007576508,35.0014,4.476047,-5.534861,109.777781,-2.4741,6.7175,0.0000
27040000,51.0011049387,0.0007586082,35.0014,4.488081,-5.548331,109.836758,-2.4846,6.7238,0.0000
27050000,51.0011047149,0.0007595665,35.0014,4.500160,-5.561798,109.895806,-2.4951,6.7302,0.0000
27060000,51.0011044902,0.0007605257,35.0014,4.512286,-5.575262,109.954927,-2.5057,6.7365,0.0000
27070000,51.0011042644,0.0007614858,35.0014,4.524457,-5.588723,110.014120,-2.5163,6.7428,0.0000
27080000,51.0011040378,0.0007624468,35.0014,4.536676,-5.602182,110.073385,-2.5269,6.7492,0.0000
27090000,51.0011038101,0.0007634087,35.0014,4.548940,-5.615638,110.132723,-2.5376,6.7555,0.0000
27100000,51.0011035816,0.0007643716,35.0014,4.561251,-5.629091,110.192133,-2.5483,6.7619,0.0000
27110000,51.0011033520,0.0007653353,35.0014,4.573609,-5.642541,110.251616,-2.5590,6.7683,0.0000
27120000,51.0011031215,0.0007662999,35.0014,4.586014,-5.655989,110.311172,-2.5698,6.7746,0.0000
27130000,51.0011028900,0.0007672655,35.0014,4.598465,-5.669433,110.370801,-2.5806,6.7810,0.0000
27140000,51.0011026576,0.0007682319,35.0014,4.610964,-5.682875,110.430504,-2.5914,6.7874,0.0000
27150000,51.0011024241,0.0007691993,35.0014,4.623509,-5.696314,110.490280,-2.6023,6.7937,0.0000
27160000,51.0011021897,0.0007701676,35.0014,4.636102,-5.709751,110.550129,-2.6132,6.8001,0.0000
27170000,51.0011019543,0.0007711367,35.0014,4.648743,-5.723184,110.610052,-2.6241,6.8065,0.0000
27180000,51.0011017179,0.0007721068,35.0014,4.661431,-5.736614,110.670049,-2.6351,6.8129,0.0000
27190000,51.0011014806,0.0007730778,35.0014,4.674166,-5.750042,110.730120,-2.6461,6.8192,0.0000
27200000,51.0011012422,0.0007740497,35.0014,4.686950,-5.763466,110.790266,-2.6572,6.8256,0.0000
27210000,51.0011010029,0.0007750225,35.0014,4.699781,-5.776888,110.850485,-2.6683,6.8320,0.0000
27220000,51.0011007625,0.0007759963,35.0014,4.712660,-5.790306,110.910780,-2.6794,6.8384,0.0000
27230000,51.0011005212,0.0007769709,35.0014,4.725587,-5.803722,110.971149,-2.6905,6.8448,0.0000
27240000,51.0011002788,0.0007779464,35.0014,4.738563,-5.817134,111.031593,-2.7017,6.8512,0.0000
27250000,51.0011000354,0.0007789229,35.0014,4.751587,-5.830543,111.092111,-2.7130,6.8576,0.0000
27260000,51.0010997911,0.0007799002,35.0014,4.764660,-5.843950,111.152705,-2.7242,6.8640,0.0000
27270000,51.0010995457,0.0007808785,35.0014,4.777781,-5.857353,111.213375,-2.7355,6.8704,0.0000
27280000,51.0010992993,0.0007818577,35.0014,4.790951,-5.870753,111.274120,-2.7469,6.8768,0.0000
27290000,51.0010990518,0.0007828378,35.0014,4.804170,-5.884150,111.334940,-2.7582,6.8832,0.0000
27300000,51.0010988034,0.0007838188,35.0014,4.817437,-5.897544,111.395837,-2.7697,6.8896,0.0000
27310000,51.0010985539,0.0007848007,35.0014,4.830754,-5.910935,111.456809,-2.7811,6.8960,0.0000
27320000,51.0010983034,0.0007857836,35.0014,4.844121,-5.924323,111.517858,-2.7926,6.9024,0.0000
27330000,51.0010980518,0.0007867673,35.0014,4.857536,-5.937707,111.578982,-2.8041,6.9088,0.0000
27340000,51.0010977993,0.0007877520,35.0014,4.871001,-5.951088,111.640184,-2.8157,6.9152,0.0000
27350000,51.0010975456,0.0007887375,35.0014,4.884516,-5.964466,111.701461,-2.8273,6.9216,0.0000
27360000,51.0010972910,0.0007897240,35.0014,4.898080,-5.977841,111.762816,-2.8389,6.9280,0.0000
27370000,51.0010970353,0.0007907114,35.0014,4.911695,-5.991212,111.824247,-2.8506,6.9344,0.0000
27380000,51.0010967785,0.0007916997,35.0014,4.925359,-6.004580,111.885756,-2.8623,6.9408,0.0000
27390000,51.0010965207,0.0007926889,35.0014,4.939074,-6.017945,111.947342,-2.8740,6.9472,0.0000
27400000,51.0010962618,0.0007936791,35.0014,4.952838,-6.031306,112.009005,-2.8858,6.9536,0.0000
27410000,51.0010960018,0.0007946701,35.0014,4.966653,-6.044664,112.070746,-2.8977,6.9600,0.0000
27420000,51.0010957408,0.0007956621,35.0014,4.980519,-6.058019,112.132564,-2.9095,6.9664,0.0000
27430000,51.0010954788,0.0007966549,35.0014,4.994435,-6.071370,112.194461,-2.9214,6.9728,0.0000
27440000,51.0010952156,0.0007976487,35.0014,5.008402,-6.084717,112.256435,-2.9334,6.9792,0.0000
27450000,51.0010949514,0.0007986434,35.0014,5.022420,-6.098062,112.318488,-2.9453,6.9856,0.0000
27460000,51.0010946861,0.0007996390,35.0014,5.036489,-6.111403,112.380619,-2.9574,6.9920,0.0000
27470000,51.0010944197,0.0008006355,35.0014,5.050609,-6.124740,112.442828,-2.9694,6.9984,0.0000
27480000,51.0010941522,0.0008016330,35.0014,5.064781,-6.138074,112.505116,-2.9815,7.0048,0.0000
27490000,51.0010938837,0.0008026313,35.0014,5.079004,-6.151404,112.567483,-2.9936,7.0112,0.0000
27500000,51.0010936140,0.0008036306,35.0014,5.093278,-6.164731,112.629929,-3.0058,7.0176,0.0000
27510000,51.0010933433,0.0008046307,35.0014,5.107604,-6.178054,112.692454,-3.0180,7.0240,0.0000
27520000,51.0010930715,0.0008056318,35.0014,5.121982,-6.191373,112.755058,-3.0303,7.0304,0.0000
27530000,51.0010927985,0.0008066338,35.0014,5.136412,-6.204689,112.817741,-3.0426,7.0368,0.0000
27540000,51.0010925245,0.0008076367,35.0014,5.150893,-6.218001,112.880505,-3.0549,7.0432,0.0000
27550000,51.0010922493,0.0008086405,35.0014,5.165427,-6.231309,112.943348,-3.0672,7.0495,0.0000
27560000,51.0010919730,0.0008096452,35.0014,5.180014,-6.244614,113.006270,-3.0797,7.0559,0.0000
27570000,51.0010916956,0.0008106508,35.0014,5.194652,-6.257915,113.069273,-3.0921,7.0623,0.0000
27580000,51.0010914171,0.0008116573,35.0014,5.209344,-6.271212,113.132357,-3.1046,7.0687,0.0000
27590000,51.0010911375,0.0008126647,35.0014,5.224088,-6.284506,113.195520,-3.1171,7.0751,0.0000
27600000,51.0010908567,0.0008136731,35.0014,5.238885,-6.297796,113.258764,-3.1297,7.0814,0.0000
27610000,51.0010905748,0.0008146823,35.0014,5.253735,-6.311082,113.322089,-3.1423,7.0878,0.0000
27620000,51.0010902918,0.0008156925,35.0014,5.268637,-6.324364,113.385495,-3.1549,7.0942,0.0000
27630000,51.0010900076,0.0008167036,35.0014,5.283593,-6.337642,113.448983,-3.1676,7.1005,0.0000
27640000,51.0010897223,0.0008177155,35.0014,5.298603,-6.350917,113.512555,-3.1803,7.1069,0.0000
27650000,51.0010894359,0.0008187284,35.0014,5.313665,-6.364188,113.576212,-3.1931,7.1132,0.0000
27660000,51.0010891483,0.0008197422,35.0014,5.328780,-6.377455,113.639954,-3.2059,7.1196,0.0000
27670000,51.0010888595,0.0008207569,35.0014,5.343949,-6.390719,113.703783,-3.2188,7.1260,0.0000
27680000,51.0010885696,0.0008217725,35.0014,5.359171,-6.403980,113.767700,-3.2316,7.1323,0.0000
27690000,51.0010882785,0.0008227890,35.0014,5.374446,-6.417237,113.831707,-3.2446,7.1386,0.0000
27700000,51.0010879863,0.0008238064,35.0014,5.389774,-6.430491,113.895803,-3.2575,7.1450,0.0000
27710000,51.0010876929,0.0008248247,35.0014,5.405155,-6.443741,113.959990,-3.2706,7.1513,0.0000
27720000,51.0010873983,0.0008258439,35.0014,5.420590,-6.456989,114.024270,-3.2836,7.1576,0.0000
27730000,51.0010871025,0.0008268640,35.0014,5.436078,-6.470233,114.088643,-3.2967,7.1640,0.0000
27740000,51.0010868056,0.0008278850,35.0014,5.451620,-6.483475,114.153110,-3.3098,7.1703,0.0000
27750000,51.0010865075,0.0008289069,35.0014,5.467215,-6.496713,114.217672,-3.3230,7.1766,0.0000
27760000,51.0010862082,0.0008299297,35.0014,5.482863,-6.509949,114.282331,-3.3362,7.1829,0.0000
27770000,51.0010859077,0.0008309534,35.0014,5.498565,-6.523182,114.347087,-3.3495,7.1892,0.0000
27780000,51.0010856060,0.0008319780,35.0014,5.514320,-6.536412,114.411942,-3.3628,7.1955,0.0000
27790000,51.0010853031,0.0008330035,35.0014,5.530129,-6.549639,114.476896,-3.3761,7.2018,0.0000
27800000,51.0010849990,0.0008340299,35.0014,5.545991,-6.562864,114.541951,-3.3895,7.2081,0.0000
27810000,51.0010846938,0.0008350571,35.0014,5.561907,-6.576086,114.607107,-3.4029,7.2143,0.0000
27820000,51.0010843873,0.0008360853,35.0014,5.577877,-6.589306,114.672365,-3.4164,7.2206,0.0000
27830000,51.0010840795,0.0008371144,35.0014,5.593900,-6.602523,114.737727,-3.4299,7.2269,0.0000
27840000,51.0010837706,0.0008381443,35.0014,5.609976,-6.615738,114.803193,-3.4435,7.2331,0.0000
27850000,51.0010834605,0.0008391752,35.0014,5.626107,-6.628951,114.868765,-3.4571,7.2394,0.0000
27860000,51.0010831491,0.0008402069,35.0014,5.642291,-6.642162,114.934443,-3.4707,7.2456,0.0000
27870000,51.0010828365,0.0008412396,35.0014,5.658528,-6.655370,115.000229,-3.4844,7.2519,0.0000
27880000,51.0010825227,0.0008422731,35.0014,5.674820,-6.668577,115.066122,-3.4981,7.2581,0.0000
27890000,51.0010822076,0.0008433075,35.0014,5.691165,-6.681781,115.132125,-3.5119,7.2643,0.0000
27900000,51.0010818913,0.0008443428,35.0014,5.707564,-6.694984,115.198238,-3.5257,7.2706,0.0000
27910000,51.0010815738,0.0008453790,35.0014,5.724017,-6.708184,115.264463,-3.5395,7.2768,0.0000
27920000,51.0010812550,0.0008464161,35.0014,5.740524,-6.721383,115.330799,-3.5534,7.2830,0.0000
27930000,51.0010809349,0.0008474540,35.0014,5.757084,-6.734580,115.397248,-3.5674,7.2892,0.0000
27940000,51.0010806136,0.0008484928,35.0014,5.773699,-6.747776,115.463812,-3.5813,7.2954,0.0000
27950000,51.0010802911,0.0008495325,35.0014,5.790367,-6.760970,115.530490,-3.5954,7.3015,0.0000
27960000,51.0010799672,0.0008505731,35.0014,5.807090,-6.774163,115.597284,-3.6094,7.3077,0.0000
27970000,51.0010796421,0.0008516146,35.0014,5.823866,-6.787354,115.664194,-3.6236,7.3139,0.0000
27980000,51.0010793158,0.0008526569,35.0014,5.840697,-6.800544,115.731222,-3.6377,7.3200,0.0000
27990000,51.0010789882,0.0008537002,35.0014,5.857581,-6.813732,115.798368,-3.6519,7.3262,0.0000
28000000,51.0010786592,0.0008547443,35.0014,5.961359,-11.909165,115.331906,-3.6662,7.3323,0.0000
28010000,51.0010783289,0.0008557898,35.0014,5.990972,-11.888715,115.398607,-3.6845,7.3465,0.0000
28020000,51.0010779968,0.0008568374,35.0014,6.020613,-11.868256,115.465460,-3.7029,7.3606,0.0000
28030000,51.0010776632,0.0008578869,35.0014,6.050283,-11.847787,115.532464,-3.7213,7.3746,0.0000
28040000,51.0010773278,0.0008589385,35.0014,6.079980,-11.827309,115.599622,-3.7398,7.3885,0.0000
28050000,51.0010769908,0.0008599920,35.0014,6.109705,-11.806821,115.666933,-3.7583,7.4024,0.0000
28060000,51.0010766521,0.0008610475,35.0014,6.139455,-11.786323,115.734400,-3.7769,7.4162,0.0000
28070000,51.0010763118,0.0008621050,35.0014,6.169231,-11.765817,115.802022,-3.7955,7.4299,0.0000
28080000,51.0010759698,0.0008631644,35.0014,6.199031,-11.745301,115.869802,-3.8141,7.4436,0.0000
28090000,51.0010756261,0.0008642258,35.0014,6.228855,-11.724776,115.937740,-3.8328,7.4571,0.0000
28100000,51.0010752807,0.0008652890,35.0014,6.258703,-11.704242,116.005838,-3.8516,7.4706,0.0000
28110000,51.0010749337,0.0008663542,35.0014,6.288573,-11.683699,116.074096,-3.8704,7.4840,0.0000
28120000,51.0010745849,0.0008674213,35.0014,6.318466,-11.663148,116.142515,-3.8893,7.4973,0.0000
28130000,51.0010742344,0.0008684903,35.0014,6.348380,-11.642588,116.211096,-3.9081,7.5106,0.0000
28140000,51.0010738823,0.0008695612,35.0014,6.378314,-11.622020,116.279841,-3.9271,7.5238,0.0000
28150000,51.0010735284,0.0008706339,35.0014,6.408268,-11.601444,116.348750,-3.9461,7.5368,0.0000
28160000,51.0010731728,0.0008717085,35.0014,6.438242,-11.580859,116.417825,-3.9651,7.5499,0.0000
28170000,51.0010728156,0.0008727850,35.0014,6.468234,-11.560266,116.487066,-3.9842,7.5628,0.0000
28180000,51.0010724566,0.0008738633,35.0014,6.498245,-11.539666,116.556474,-4.0033,7.5756,0.0000
28190000,51.0010720958,0.0008749434,35.0014,6.528273,-11.519057,116.626051,-4.0225,7.5884,0.0000
28200000,51.0010717334,0.0008760253,35.0014,6.558317,-11.498442,116.695796,-4.0417,7.6011,0.0000
28210000,51.0010713692,0.0008771090,35.0014,6.588378,-11.477818,116.765712,-4.0610,7.6137,0.0000
28220000,51.0010710033,0.0008781945,35.0014,6.618454,-11.457188,116.835799,-4.0803,7.6263,0.0000
28230000,51.0010706357,0.0008792818,35.0014,6.648545,-11.436550,116.906058,-4.0996,7.6387,0.0000
28240000,51.0010702663,0.0008803709,35.0014,6.678650,-11.415905,116.976489,-4.1190,7.6511,0.0000
28250000,51.0010698951,0.0008814617,35.0014,6.708769,-11.395253,117.047095,-4.1385,7.6634,0.0000
28260000,51.0010695222,0.0008825543,35.0014,6.738901,-11.374595,117.117875,-4.1580,7.6756,0.0000
28270000,51.0010691476,0.0008836486,35.0014,6.769045,-11.353930,117.188831,-4.1775,7.6877,0.0000
28280000,51.0010687712,0.0008847446,35.0014,6.799201,-11.333259,117.259963,-4.1971,7.6998,0.0000
28290000,51.0010683930,0.0008858423,35.0014,6.829368,-11.312581,117.331273,-4.2167,7.7117,0.0000
28300000,51.0010680131,0.0008869418,35.0014,6.859546,-11.291897,117.402761,-4.2364,7.7236,0.0000
28310000,51.0010676314,0.0008880429,35.0014,6.889734,-11.271208,117.474428,-4.2561,7.7354,0.0000
28320000,51.0010672480,0.0008891457,35.0014,6.919931,-11.250512,117.546275,-4.2759,7.7472,0.0000
28330000,51.0010668627,0.0008902502,35.0014,6.950137,-11.229811,117.618303,-4.2957,7.7588,0.0000
28340000,51.0010664757,0.0008913563,35.0014,6.980351,-11.209105,117.690512,-4.3155,7.7704,0.0000
28350000,51.0010660869,0.0008924640,35.0014,7.010573,-11.188393,117.762904,-4.3354,7.7818,0.0000
28360000,51.0010656963,0.0008935734,35.0014,7.040801,-11.167676,117.835479,-4.3553,7.7932,0.0000
28370000,51.0010653038,0.0008946844,35.0014,7.071036,-11.146954,117.908238,-4.3753,7.8045,0.0000
28380000,51.0010649097,0.0008957970,35.0014,7.101278,-11.126227,117.981182,-4.3953,7.8158,0.0000
28390000,51.0010645137,0.0008969112,35.0014,7.131524,-11.105496,118.054312,-4.4154,7.8269,0.0000
28400000,51.0010641158,0.0008980270,35.0014,7.161775,-11.084760,118.127628,-4.4355,7.8380,0.0000
28410000,51.0010637162,0.0008991444,35.0014,7.192030,-11.064020,118.201132,-4.4557,7.8490,0.0000
28420000,51.0010633148,0.0009002633,35.0014,7.222290,-11.043276,118.274822,-4.4759,7.8599,0.0000
28430000,51.0010629116,0.0009013837,35.0014,7.252552,-11.022528,118.348701,-4.4961,7.8707,0.0000
28440000,51.0010625065,0.0009025057,35.0014,7.282818,-11.001776,118.422766,-4.5164,7.8814,0.0000
28450000,51.0010620996,0.0009036293,35.0014,7.313086,-10.981020,118.497018,-4.5367,7.8921,0.0000
28460000,51.0010616909,0.0009047543,35.0014,7.343356,-10.960259,118.571457,-4.5571,7.9026,0.0000
28470000,51.0010612803,0.0009058808,35.0014,7.373629,-10.939495,118.646082,-4.5775,7.9131,0.0000
28480000,51.0010608679,0.0009070088,35.0014,7.403903,-10.918727,118.720893,-4.5979,7.9235,0.0000
28490000,51.0010604537,0.0009081383,35.0014,7.434178,-10.897956,118.795890,-4.6184,7.9338,0.0000
28500000,51.0010600376,0.0009092693,35.0014,7.464454,-10.877180,118.871073,-4.6390,7.9441,0.0000
28510000,51.0010596197,0.0009104017,35.0014,7.494730,-10.856401,118.946441,-4.6595,7.9542,0.0000
28520000,51.0010591999,0.0009115355,35.0014,7.525007,-10.835619,119.021995,-4.6802,7.9643,0.0000
28530000,51.0010587783,0.0009126708,35.0014,7.555283,-10.814832,119.097734,-4.7008,7.9742,0.0000
28540000,51.0010583548,0.0009138075,35.0014,7.585559,-10.794043,119.173657,-4.7215,7.9841,0.0000
28550000,51.0010579295,0.0009149456,35.0014,7.615834,-10.773250,119.249765,-4.7423,7.9939,0.0000
28560000,51.0010575022,0.0009160850,35.0014,7.646108,-10.752453,119.326058,-4.7630,8.0036,0.0000
28570000,51.0010570731,0.0009172259,35.0014,7.676380,-10.731653,119.402534,-4.7839,8.0133,0.0000
28580000,51.0010566422,0.0009183681,35.0014,7.706650,-10.710850,119.479195,-4.8047,8.0228,0.0000
28590000,51.0010562093,0.0009195117,35.0014,7.736918,-10.690044,119.556039,-4.8256,8.0323,0.0000
28600000,51.0010557746,0.0009206566,35.0014,7.767183,-10.669234,119.633066,-4.8466,8.0416,0.0000
28610000,51.0010553380,0.0009218028,35.0014,7.797445,-10.648421,119.710277,-4.8676,8.0509,0.0000
28620000,51.0010548995,0.0009229504,35.0014,7.827704,-10.627606,119.787670,-4.8886,8.0601,0.0000
28630000,51.0010544591,0.0009240993,35.0014,7.857959,-10.606787,119.865247,-4.9097,8.0692,0.0000
28640000,51.0010540169,0.0009252494,35.0014,7.888210,-10.585965,119.943006,-4.9308,8.0783,0.0000
28650000,51.0010535727,0.0009264009,35.0014,7.918456,-10.565141,120.020947,-4.9519,8.0872,0.0000
28660000,51.0010531266,0.0009275536,35.0014,7.948698,-10.544313,120.099070,-4.9731,8.0960,0.0000
28670000,51.0010526786,0.0009287075,35.0014,7.978935,-10.523483,120.177375,-4.9943,8.1048,0.0000
28680000,51.0010522287,0.0009298627,35.0014,8.009166,-10.502650,120.255861,-5.0156,8.1135,0.0000
28690000,51.0010517769,0.0009310191,35.0014,8.039392,-10.481815,120.334528,-5.0369,8.1221,0.0000
28700000,51.0010513232,0.0009321768,35.0014,8.069611,-10.460976,120.413377,-5.0582,8.1306,0.0000
28710000,51.0010508675,0.0009333356,35.0014,8.099824,-10.440136,120.492407,-5.0796,8.1390,0.0000
28720000,51.0010504100,0.0009344957,35.0014,8.130030,-10.419293,120.571617,-5.1010,8.1473,0.0000
28730000,51.0010499505,0.0009356569,35.0014,8.160229,-10.398447,120.651007,-5.1225,8.1556,0.0000
28740000,51.0010494890,0.0009368193,35.0014,8.190421,-10.377599,120.730577,-5.1440,8.1637,0.0000
28750000,51.0010490257,0.0009379828,35.0014,8.220605,-10.356749,120.810328,-5.1655,8.1718,0.0000
28760000,51.0010485604,0.0009391475,35.0014,8.250780,-10.335896,120.890257,-5.1871,8.1797,0.0000
28770000,51.0010480931,0.0009403133,35.0014,8.280947,-10.315041,120.970367,-5.2087,8.1876,0.0000
28780000,51.0010476240,0.0009414803,35.0014,8.311106,-10.294185,121.050655,-5.2303,8.1954,0.0000
28790000,51.0010471528,0.0009426483,35.0014,8.341255,-10.273326,121.131122,-5.2520,8.2031,0.0000
28800000,51.0010466797,0.0009438174,35.0014,8.371395,-10.252465,121.211768,-5.2737,8.2107,0.0000
28810000,51.0010462047,0.0009449876,35.0014,8.401525,-10.231602,121.292592,-5.2955,8.2183,0.0000
28820000,51.0010457277,0.0009461589,35.0014,8.431645,-10.210737,121.373594,-5.3173,8.2257,0.0000
28830000,51.0010452488,0.0009473312,35.0014,8.461755,-10.189870,121.454774,-5.3391,8.2330,0.0000
28840000,51.0010447679,0.0009485046,35.0014,8.491854,-10.169001,121.536131,-5.3609,8.2403,0.0000
28850000,51.0010442850,0.0009496790,35.0014,8.521941,-10.148131,121.617666,-5.3828,8.2475,0.0000
28860000,51.0010438001,0.0009508544,35.0014,8.552018,-10.127259,121.699378,-5.4048,8.2545,0.0000
28870000,51.0010433133,0.0009520308,35.0014,8.582082,-10.106386,121.781267,-5.4267,8.2615,0.0000
28880000,51.0010428245,0.0009532082,35.0014,8.612135,-10.085510,121.863332,-5.4487,8.2684,0.0000
28890000,51.0010423337,0.0009543866,35.0014,8.642175,-10.064634,121.945574,-5.4708,8.2752,0.0000
28900000,51.0010418410,0.0009555659,35.0014,8.672202,-10.043756,122.027992,-5.4929,8.2819,0.0000
28910000,51.0010413462,0.0009567462,35.0014,8.702217,-10.022876,122.110585,-5.5150,8.2886,0.0000
28920000,51.0010408495,0.0009579274,35.0014,8.732218,-10.001995,122.193354,-5.5371,8.2951,0.0000
28930000,51.0010403507,0.0009591096,35.0014,8.762205,-9.981113,122.276299,-5.5593,8.3015,0.0000
28940000,51.0010398500,0.0009602926,35.0014,8.792179,-9.960230,122.359418,-5.5815,8.3079,0.0000
28950000,51.0010393473,0.0009614766,35.0014,8.822138,-9.939346,122.442712,-5.6037,8.3141,0.0000
28960000,51.0010388426,0.0009626614,35.0014,8.852083,-9.918460,122.526181,-5.6260,8.3203,0.0000
28970000,51.0010383359,0.0009638471,35.0014,8.882012,-9.897573,122.609824,-5.6483,8.3264,0.0000
28980000,51.0010378271,0.0009650337,35.0014,8.911927,-9.876686,122.693641,-5.6707,8.3324,0.0000
28990000,51.0010373164,0.0009662211,35.0014,8.941826,-9.855797,122.777632,-5.6930,8.3383,0.0000
29000000,51.0010368036,0.0009674094,35.0014,8.971709,-9.834908,122.861796,-5.7154,8.3441,0.0000
29010000,51.0010362889,0.0009685984,35.0014,9.001576,-9.814018,122.946134,-5.7379,8.3498,0.0000
29020000,51.0010357721,0.0009697883,35.0014,9.031427,-9.793127,123.030644,-5.7604,8.3554,0.0000
29030000,51.0010352533,0.0009709790,35.0014,9.061260,-9.772235,123.115327,-5.7829,8.3609,0.0000
29040000,51.0010347324,0.0009721704,35.0014,9.091077,-9.751343,123.200183,-5.8054,8.3663,0.0000
29050000,51.0010342096,0.0009733627,35.0014,9.120876,-9.730450,123.285210,-5.8280,8.3717,0.0000
29060000,51.0010336847,0.0009745556,35.0014,9.150658,-9.709557,123.370410,-5.8506,8.3769,0.0000
29070000,51.0010331577,0.0009757493,35.0014,9.180421,-9.688663,123.455781,-5.8732,8.3821,0.0000
29080000,51.0010326288,0.0009769438,35.0014,9.210167,-9.667769,123.541323,-5.8958,8.3871,0.0000
29090000,51.0010320978,0.0009781389,35.0014,9.239893,-9.646874,123.627037,-5.9185,8.3921,0.0000
29100000,51.0010315647,0.0009793348,35.0014,9.269601,-9.625979,123.712921,-5.9413,8.3970,0.0000
29110000,51.0010310297,0.0009805313,35.0014,9.299290,-9.605084,123.798976,-5.9640,8.4017,0.0000
29120000,51.0010304925,0.0009817285,35.0014,9.328959,-9.584189,123.885201,-5.9868,8.4064,0.0000
29130000,51.0010299534,0.0009829264,35.0014,9.358608,-9.563294,123.971597,-6.0096,8.4110,0.0000
29140000,51.0010294121,0.0009841249,35.0014,9.388237,-9.542398,124.058161,-6.0324,8.4155,0.0000
29150000,51.0010288688,0.0009853241,35.0014,9.417846,-9.521503,124.144896,-6.0553,8.4199,0.0000
29160000,51.0010283235,0.0009865239,35.0014,9.447434,-9.500608,124.231799,-6.0782,8.4242,0.0000
29170000,51.0010277761,0.0009877242,35.0014,9.477001,-9.479713,124.318872,-6.1011,8.4284,0.0000
29180000,51.0010272266,0.0009889252,35.0014,9.506547,-9.458818,124.406113,-6.1241,8.4326,0.0000
29190000,51.0010266751,0.0009901268,35.0014,9.536072,-9.437923,124.493522,-6.1471,8.4366,0.0000
29200000,51.0010261215,0.0009913289,35.0014,9.565574,-9.417028,124.581100,-6.1701,8.4405,0.0000
29210000,51.0010255658,0.0009925316,35.0014,9.595054,-9.396134,124.668845,-6.1931,8.4444,0.0000
29220000,51.0010250081,0.0009937348,35.0014,9.624512,-9.375240,124.756758,-6.2162,8.4481,0.0000
29230000,51.0010244483,0.0009949385,35.0014,9.653947,-9.354347,124.844838,-6.2393,8.4517,0.0000
29240000,51.0010238864,0.0009961428,35.0014,9.683359,-9.333454,124.933085,-6.2624,8.4553,0.0000
29250000,51.0010233224,0.0009973475,35.0014,9.712748,-9.312562,125.021498,-6.2855,8.4588,0.0000
29260000,51.0010227564,0.0009985528,35.0014,9.742113,-9.291671,125.110078,-6.3087,8.4621,0.0000
29270000,51.0010221883,0.0009997585,35.0014,9.771455,-9.270780,125.198825,-6.3319,8.4654,0.0000
29280000,51.0010216180,0.0010009646,35.0014,9.800772,-9.249890,125.287737,-6.3551,8.4685,0.0000
29290000,51.0010210457,0.0010021713,35.0014,9.830065,-9.229001,125.376814,-6.3784,8.4716,0.0000
29300000,51.0010204713,0.0010033783,35.0014,9.859333,-9.208112,125.466057,-6.4016,8.4746,0.0000
29310000,51.0010198948,0.0010045858,35.0014,9.888576,-9.187225,125.555465,-6.4249,8.4775,0.0000
29320000,51.0010193163,0.0010057936,35.0014,9.917793,-9.166338,125.645038,-6.4483,8.4803,0.0000
29330000,51.0010187356,0.0010070019,35.0014,9.946985,-9.145453,125.734775,-6.4716,8.4830,0.0000
29340000,51.0010181528,0.0010082105,35.0014,9.976152,-9.124568,125.824676,-6.4950,8.4855,0.0000
29350000,51.0010175679,0.0010094195,35.0014,10.005292,-9.103685,125.914741,-6.5184,8.4880,0.0000
29360000,51.0010169809,0.0010106289,35.0014,10.034406,-9.082803,126.004969,-6.5418,8.4904,0.0000
29370000,51.0010163918,0.0010118385,35.0014,10.063493,-9.061922,126.095361,-6.5652,8.4927,0.0000
29380000,51.0010158006,0.0010130485,35.0014,10.092553,-9.041043,126.185916,-6.5887,8.4950,0.0000
29390000,51.0010152073,0.0010142588,35.0014,10.121586,-9.020165,126.276634,-6.6122,8.4971,0.0000
29400000,51.0010146119,0.0010154694,35.0014,10.150591,-8.999288,126.367514,-6.6357,8.4991,0.0000
29410000,51.0010140143,0.0010166803,35.0014,10.179569,-8.978413,126.458556,-6.6593,8.5010,0.0000
29420000,51.0010134147,0.0010178915,35.0014,10.208518,-8.957539,126.549760,-6.6828,8.5028,0.0000
29430000,51.0010128129,0.0010191029,35.0014,10.237440,-8.936667,126.641125,-6.7064,8.5045,0.0000
29440000,51.0010122090,0.0010203145,35.0014,10.266332,-8.915796,126.732652,-6.7300,8.5062,0.0000
29450000,51.0010116030,0.0010215264,35.0014,10.295196,-8.894928,126.824340,-6.7536,8.5077,0.0000
29460000,51.0010109948,0.0010227384,35.0014,10.324031,-8.874061,126.916188,-6.7773,8.5091,0.0000
29470000,51.0010103846,0.0010239507,35.0014,10.352836,-8.853196,127.008197,-6.8009,8.5105,0.0000
29480000,51.0010097722,0.0010251631,35.0014,10.381612,-8.832332,127.100366,-6.8246,8.5117,0.0000
29490000,51.0010091576,0.0010263758,35.0014,10.410358,-8.811471,127.192694,-6.8483,8.5128,0.0000
29500000,51.0010085410,0.0010275885,35.0014,10.439073,-8.790611,127.285182,-6.8720,8.5139,0.0000
29510000,51.0010079222,0.0010288015,35.0014,10.467759,-8.769754,127.377830,-6.8958,8.5148,0.0000
29520000,51.0010073012,0.0010300145,35.0014,10.496413,-8.748899,127.470636,-6.9195,8.5157,0.0000
29530000,51.0010066782,0.0010312277,35.0014,10.525037,-8.728046,127.563601,-6.9433,8.5164,0.0000
29540000,51.0010060530,0.0010324409,35.0014,10.553629,-8.707195,127.656724,-6.9671,8.5170,0.0000
29550000,51.0010054256,0.0010336543,35.0014,10.582190,-8.686346,127.750005,-6.9909,8.5176,0.0000
29560000,51.0010047961,0.0010348677,35.0014,10.610719,-8.665499,127.843444,-7.0148,8.5180,0.0000
29570000,51.0010041645,0.0010360811,35.0014,10.639216,-8.644655,127.937040,-7.0386,8.5184,0.0000
29580000,51.0010035307,0.0010372946,35.0014,10.667681,-8.623814,128.030794,-7.0625,8.5187,0.0000
29590000,51.0010028948,0.0010385082,35.0014,10.696113,-8.602974,128.124704,-7.0864,8.5188,0.0000
29600000,51.0010022567,0.0010397217,35.0014,10.724513,-8.582138,128.218771,-7.1103,8.5189,0.0000
29610000,51.0010016165,0.0010409353,35.0014,10.752879,-8.561303,128.312994,-7.1342,8.5188,0.0000
29620000,51.0010009742,0.0010421488,35.0014,10.781212,-8.540472,128.407372,-7.1581,8.5187,0.0000
29630000,51.0010003296,0.0010433624,35.0014,10.809512,-8.519643,128.501907,-7.1821,8.5184,0.0000
29640000,51.0009996830,0.0010445758,35.0014,10.837778,-8.498817,128.596597,-7.2061,8.5181,0.0000
29650000,51.0009990341,0.0010457893,35.0014,10.866010,-8.477993,128.691441,-7.2300,8.5177,0.0000
29660000,51.0009983831,0.0010470026,35.0014,10.894208,-8.457173,128.786441,-7.2540,8.5171,0.0000
29670000,51.0009977300,0.0010482159,35.0014,10.922371,-8.436355,128.881595,-7.2781,8.5165,0.0000
29680000,51.0009970747,0.0010494290,35.0014,10.950499,-8.415540,128.976903,-7.3021,8.5157,0.0000
29690000,51.0009964172,0.0010506421,35.0014,10.978593,-8.394728,129.072364,-7.3261,8.5149,0.0000
29700000,51.0009957576,0.0010518550,35.0014,11.006651,-8.373919,129.167979,-7.3502,8.5140,0.0000
29710000,51.0009950958,0.0010530678,35.0014,11.034673,-8.353114,129.263748,-7.3743,8.5129,0.0000
29720000,51.0009944319,0.0010542804,35.0014,11.062660,-8.332311,129.359669,-7.3984,8.5118,0.0000
29730000,51.0009937657,0.0010554929,35.0014,11.090611,-8.311512,129.455743,-7.4225,8.5106,0.0000
29740000,51.0009930974,0.0010567052,35.0014,11.118526,-8.290715,129.551969,-7.4466,8.5092,0.0000
29750000,51.0009924270,0.0010579173,35.0014,11.146404,-8.269922,129.648347,-7.4707,8.5078,0.0000
29760000,51.0009917544,0.0010591292,35.0014,11.174245,-8.249133,129.744876,-7.4948,8.5063,0.0000
29770000,51.0009910796,0.0010603408,35.0014,11.202050,-8.228347,129.841557,-7.5190,8.5046,0.0000
29780000,51.0009904026,0.0010615522,35.0014,11.229817,-8.207564,129.938389,-7.5431,8.5029,0.0000
29790000,51.0009897235,0.0010627634,35.0014,11.257547,-8.186784,130.035372,-7.5673,8.5011,0.0000
29800000,51.0009890422,0.0010639743,35.0014,11.285240,-8.166008,130.132505,-7.5915,8.4991,0.0000
29810000,51.0009883587,0.0010651849,35.0014,11.312894,-8.145236,130.229788,-7.6157,8.4971,0.0000
29820000,51.0009876730,0.0010663952,35.0014,11.340510,-8.124468,130.327221,-7.6399,8.4950,0.0000
29830000,51.0009869852,0.0010676052,35.0014,11.368088,-8.103703,130.424803,-7.6641,8.4927,0.0000
29840000,51.0009862952,0.0010688148,35.0014,11.395627,-8.082941,130.522535,-7.6883,8.4904,0.0000
29850000,51.0009856030,0.0010700242,35.0014,11.423128,-8.062184,130.620415,-7.7125,8.4880,0.0000
29860000,51.0009849086,0.0010712331,35.0014,11.450589,-8.041430,130.718444,-7.7368,8.4854,0.0000
29870000,51.0009842121,0.0010724417,35.0014,11.478011,-8.020680,130.816621,-7.7610,8.4828,0.0000
29880000,51.0009835133,0.0010736500,35.0014,11.505394,-7.999934,130.914945,-7.7853,8.4801,0.0000
29890000,51.0009828124,0.0010748578,35.0014,11.532737,-7.979192,131.013418,-7.8095,8.4772,0.0000
29900000,51.0009821093,0.0010760652,35.0014,11.560040,-7.958454,131.112037,-7.8338,8.4743,0.0000
29910000,51.0009814041,0.0010772722,35.0014,11.587302,-7.937720,131.210804,-7.8581,8.4712,0.0000
29920000,51.0009806966,0.0010784787,35.0014,11.614525,-7.916990,131.309717,-7.8824,8.4681,0.0000
29930000,51.0009799870,0.0010796848,35.0014,11.641706,-7.896264,131.408777,-7.9067,8.4649,0.0000
29940000,51.0009792752,0.0010808905,35.0014,11.668847,-7.875543,131.507982,-7.9310,8.4615,0.0000
29950000,51.0009785611,0.0010820956,35.0014,11.695947,-7.854825,131.607333,-7.9553,8.4581,0.0000
29960000,51.0009778450,0.0010833003,35.0014,11.723005,-7.834112,131.706830,-7.9796,8.4545,0.0000
29970000,51.0009771266,0.0010845044,35.0014,11.750022,-7.813403,131.806471,-8.0039,8.4509,0.0000
29980000,51.0009764060,0.0010857080,35.0014,11.776997,-7.792699,131.906257,-8.0282,8.4471,0.0000
29990000,51.0009756833,0.0010869111,35.0014,11.803930,-7.771999,132.006188,-8.0525,8.4433,0.0000
30000000,51.0009749583,0.0010881136,35.0014,11.830821,-7.751303,132.106262,-8.0769,8.4394,0.0000
30010000,51.0009742312,0.0010893155,35.0014,11.857669,-7.730612,132.206481,-8.1012,8.4353,0.0000
30020000,51.0009735019,0.0010905169,35.0014,11.884475,-7.709926,132.306842,-8.1255,8.4312,0.0000
30030000,51.0009727704,0.0010917176,35.0014,11.911238,-7.689244,132.407347,-8.1499,8.4269,0.0000
30040000,51.0009720367,0.0010929178,35.0014,11.937958,-7.668566,132.507995,-8.1742,8.4226,0.0000
30050000,51.0009713009,0.0010941173,35.0014,11.964635,-7.647893,132.608785,-8.1986,8.4181,0.0000
30060000,51.0009705628,0.0010953162,35.0014,11.991268,-7.627225,132.709717,-8.2229,8.4136,0.0000
30070000,51.0009698225,0.0010965144,35.0014,12.017857,-7.606562,132.810791,-8.2473,8.4089,0.0000
30080000,51.0009690801,0.0010977120,35.0014,12.044403,-7.585904,132.912006,-8.2716,8.4041,0.0000
30090000,51.0009683355,0.0010989088,35.0014,12.070904,-7.565250,133.013363,-8.2960,8.3993,0.0000
30100000,51.0009675887,0.0011001050,35.0014,12.097361,-7.544601,133.114860,-8.3203,8.3943,0.0000
30110000,51.0009668397,0.0011013004,35.0014,12.123774,-7.523957,133.216498,-8.3447,8.3893,0.0000
30120000,51.0009660885,0.0011024952,35.0014,12.150142,-7.503318,133.318276,-8.3690,8.3841,0.0000
30130000,51.0009653351,0.0011036891,35.0014,12.176464,-7.482684,133.420194,-8.3934,8.3788,0.0000
30140000,51.0009645795,0.0011048824,35.0014,12.202742,-7.462056,133.522252,-8.4177,8.3735,0.0000
30150000,51.0009638217,0.0011060748,35.0014,12.228974,-7.441432,133.624448,-8.4421,8.3680,0.0000
30160000,51.0009630618,0.0011072665,35.0014,12.255161,-7.420813,133.726784,-8.4664,8.3624,0.0000
30170000,51.0009622996,0.0011084574,35.0014,12.281302,-7.400199,133.829258,-8.4908,8.3568,0.0000
30180000,51.0009615353,0.0011096474,35.0014,12.307397,-7.379591,133.931870,-8.5151,8.3510,0.0000
30190000,51.0009607688,0.0011108366,35.0014,12.333446,-7.358988,134.034620,-8.5395,8.3451,0.0000
30200000,51.0009600001,0.0011120250,35.0014,12.359448,-7.338390,134.137508,-8.5638,8.3392,0.0000
30210000,51.0009592292,0.0011132125,35.0014,12.385404,-7.317797,134.240532,-8.5882,8.3331,0.0000
30220000,51.0009584561,0.0011143992,35.0014,12.411313,-7.297210,134.343694,-8.6125,8.3269,0.0000
30230000,51.0009576808,0.0011155849,35.0014,12.437175,-7.276628,134.446992,-8.6369,8.3206,0.0000
30240000,51.0009569034,0.0011167698,35.0014,12.462990,-7.256052,134.550427,-8.6612,8.3142,0.0000
30250000,51.0009561237,0.0011179537,35.0014,12.488758,-7.235481,134.653997,-8.6855,8.3078,0.0000
30260000,51.0009553419,0.0011191368,35.0014,12.514478,-7.214916,134.757703,-8.7098,8.3012,0.0000
30270000,51.0009545579,0.0011203188,35.0014,12.540150,-7.194356,134.861544,-8.7342,8.2945,0.0000
30280000,51.0009537717,0.0011214999,35.0014,12.565774,-7.173801,134.965520,-8.7585,8.2877,0.0000
30290000,51.0009529833,0.0011226801,35.0014,12.591350,-7.153252,135.069631,-8.7828,8.2808,0.0000
30300000,51.0009521927,0.0011238592,35.0014,12.616878,-7.132709,135.173876,-8.8071,8.2738,0.0000
30310000,51.0009513999,0.0011250374,35.0014,12.642357,-7.112172,135.278254,-8.8314,8.2667,0.0000
30320000,51.0009506050,0.0011262145,35.0014,12.667787,-7.091640,135.382767,-8.8557,8.2596,0.0000
30330000,51.0009498079,0.0011273906,35.0014,12.693169,-7.071114,135.487412,-8.8799,8.2523,0.0000
30340000,51.0009490086,0.0011285656,35.0014,12.718501,-7.050594,135.592191,-8.9042,8.2449,0.0000
30350000,51.0009482071,0.0011297396,35.0014,12.743784,-7.030080,135.697102,-8.9285,8.2374,0.0000
30360000,51.0009474034,0.0011309125,35.0014,12.769018,-7.009571,135.802145,-8.9527,8.2298,0.0000
30370000,51.0009465976,0.0011320844,35.0014,12.794202,-6.989068,135.907320,-8.9770,8.2221,0.0000
30380000,51.0009457895,0.0011332551,35.0014,12.819336,-6.968572,136.012626,-9.0012,8.2143,0.0000
30390000,51.0009449793,0.0011344247,35.0014,12.844420,-6.948081,136.118064,-9.0255,8.2064,0.0000
30400000,51.0009441669,0.0011355931,35.0014,12.869454,-6.927596,136.223633,-9.0497,8.1984,0.0000
30410000,51.0009433524,0.0011367605,35.0014,12.894437,-6.907117,136.329332,-9.0739,8.1903,0.0000
30420000,51.0009425356,0.0011379266,35.0014,12.919370,-6.886644,136.435161,-9.0981,8.1821,0.0000
30430000,51.0009417167,0.0011390916,35.0014,12.944252,-6.866178,136.541121,-9.1223,8.1738,0.0000
30440000,51.0009408956,0.0011402554,35.0014,12.969083,-6.845717,136.647209,-9.1465,8.1654,0.0000
30450000,51.0009400724,0.0011414180,35.0014,12.993862,-6.825263,136.753427,-9.1707,8.1568,0.0000
30460000,51.0009392469,0.0011425793,35.0014,13.018591,-6.804815,136.859774,-9.1948,8.1482,0.0000
30470000,51.0009384193,0.0011437395,35.0014,13.043268,-6.784372,136.966249,-9.2190,8.1395,0.0000
30480000,51.0009375896,0.0011448984,35.0014,13.067893,-6.763937,137.072853,-9.2431,8.1307,0.0000
30490000,51.0009367576,0.0011460560,35.0014,13.092467,-6.743507,137.179584,-9.2672,8.1218,0.0000
30500000,51.0009359235,0.0011472123,35.0014,13.116988,-6.723084,137.286443,-9.2913,8.1128,0.0000
30510000,51.0009350872,0.0011483674,35.0014,13.141458,-6.702667,137.393429,-9.3154,8.1037,0.0000
30520000,51.0009342488,0.0011495211,35.0014,13.165874,-6.682256,137.500541,-9.3395,8.0945,0.0000
30530000,51.0009334082,0.0011506736,35.0014,13.190239,-6.661852,137.607780,-9.3636,8.0851,0.0000
30540000,51.0009325654,0.0011518247,35.0014,13.214550,-6.641454,137.715146,-9.3876,8.0757,0.0000
30550000,51.0009317205,0.0011529744,35.0014,13.238809,-6.621063,137.822637,-9.4117,8.0662,0.0000
30560000,51.0009308734,0.0011541228,35.0014,13.263014,-6.600678,137.930253,-9.4357,8.0566,0.0000
30570000,51.0009300241,0.0011552698,35.0014,13.287167,-6.580300,138.037995,-9.4597,8.0469,0.0000
30580000,51.0009291727,0.0011564154,35.0014,13.311266,-6.559928,138.145861,-9.4837,8.0370,0.0000
30590000,51.0009283192,0.0011575596,35.0014,13.335311,-6.539562,138.253851,-9.5077,8.0271,0.0000
30600000,51.0009274634,0.0011587024,35.0014,13.359302,-6.519204,138.361966,-9.5316,8.0171,0.0000
30610000,51.0009266056,0.0011598437,35.0014,13.383240,-6.498852,138.470205,-9.5556,8.0070,0.0000
30620000,51.0009257456,0.0011609836,35.0014,13.407124,-6.478506,138.578566,-9.5795,7.9967,0.0000
30630000,51.0009248834,0.0011621221,35.0014,13.430953,-6.458167,138.687051,-9.6034,7.9864,0.0000
30640000,51.0009240191,0.0011632590,35.0014,13.454728,-6.437835,138.795659,-9.6273,7.9760,0.0000
30650000,51.0009231526,0.0011643945,35.0014,13.478448,-6.417509,138.904389,-9.6511,7.9655,0.0000
30660000,51.0009222840,0.0011655285,35.0013,13.502113,-6.397191,139.013240,-9.6750,7.9549,0.0000
30670000,51.0009214132,0.0011666609,35.0013,13.525724,-6.376879,139.122214,-9.6988,7.9441,0.0000
30680000,51.0009205403,0.0011677918,35.0013,13.549280,-6.356573,139.231309,-9.7226,7.9333,0.0000
30690000,51.0009196653,0.0011689212,35.0013,13.572780,-6.336275,139.340524,-9.7464,7.9224,0.0000
30700000,51.0009187881,0.0011700489,35.0013,13.596225,-6.315983,139.449860,-9.7702,7.9114,0.0000
30710000,51.0009179088,0.0011711752,35.0013,13.619614,-6.295698,139.559317,-9.7940,7.9002,0.0000
30720000,51.0009170274,0.0011722998,35.0013,13.642947,-6.275420,139.668894,-9.8177,7.8890,0.0000
30730000,51.0009161438,0.0011734228,35.0013,13.666225,-6.255149,139.778590,-9.8414,7.8777,0.0000
30740000,51.0009152581,0.0011745442,35.0013,13.689447,-6.234885,139.888405,-9.8651,7.8663,0.0000
30750000,51.0009143703,0.0011756639,35.0013,13.712612,-6.214628,139.998339,-9.8887,7.8547,0.0000
30760000,51.0009134803,0.0011767821,35.0013,13.735721,-6.194378,140.108391,-9.9124,7.8431,0.0000
30770000,51.0009125882,0.0011778985,35.0013,13.758774,-6.174135,140.218562,-9.9360,7.8314,0.0000
30780000,51.0009116940,0.0011790133,35.0013,13.781770,-6.153898,140.328851,-9.9596,7.8196,0.0000
30790000,51.0009107977,0.0011801264,35.0013,13.804709,-6.133669,140.439257,-9.9832,7.8076,0.0000
30800000,51.0009098993,0.0011812377,35.0013,13.827591,-6.113447,140.549780,-10.0067,7.7956,0.0000
30810000,51.0009089987,0.0011823474,35.0013,13.850416,-6.093232,140.660420,-10.0302,7.7835,0.0000
30820000,51.0009080960,0.0011834553,35.0013,13.873183,-6.073024,140.771176,-10.0537,7.7713,0.0000
30830000,51.0009071913,0.0011845615,35.0013,13.895894,-6.052823,140.882049,-10.0772,7.7590,0.0000
30840000,51.0009062844,0.0011856659,35.0013,13.918546,-6.032629,140.993037,-10.1007,7.7465,0.0000
30850000,51.0009053754,0.0011867685,35.0013,13.941141,-6.012442,141.104141,-10.1241,7.7340,0.0000
30860000,51.0009044643,0.0011878694,35.0013,13.963678,-5.992263,141.215359,-10.1475,7.7214,0.0000
30870000,51.0009035511,0.0011889684,35.0013,13.986157,-5.972090,141.326692,-10.1708,7.7087,0.0000
30880000,51.0009026358,0.0011900656,35.0013,14.008578,-5.951925,141.438140,-10.1942,7.6959,0.0000
30890000,51.0009017184,0.0011911610,35.0013,14.030941,-5.931767,141.549701,-10.2175,7.6830,0.0000
30900000,51.0009007989,0.0011922545,35.0013,14.053245,-5.911616,141.661377,-10.2408,7.6700,0.0000
30910000,51.0008998773,0.0011933462,35.0013,14.075490,-5.891473,141.773165,-10.2640,7.6569,0.0000
30920000,51.0008989536,0.0011944360,35.0013,14.097677,-5.871336,141.885066,-10.2873,7.6436,0.0000
30930000,51.0008980278,0.0011955240,35.0013,14.119805,-5.851207,141.997080,-10.3105,7.6303,0.0000
30940000,51.0008971000,0.0011966100,35.0013,14.141873,-5.831086,142.109206,-10.3336,7.6169,0.0000
30950000,51.0008961701,0.0011976941,35.0013,14.163883,-5.810971,142.221444,-10.3568,7.6034,0.0000
30960000,51.0008952381,0.0011987762,35.0013,14.185833,-5.790864,142.333794,-10.3799,7.5898,0.0000
30970000,51.0008943040,0.0011998565,35.0013,14.207724,-5.770764,142.446254,-10.4030,7.5761,0.0000
30980000,51.0008933678,0.0012009347,35.0013,14.229555,-5.750672,142.558825,-10.4260,7.5624,0.0000
30990000,51.0008924296,0.0012020110,35.0013,14.251326,-5.730587,142.671507,-10.4491,7.5485,0.0000
31000000,51.0008914893,0.0012030853,35.0013,14.273038,-5.710509,142.784299,-10.4721,7.5345,0.0000
31010000,51.0008905469,0.0012041577,35.0013,14.294689,-5.690439,142.897201,-10.4950,7.5204,0.0000
31020000,51.0008896025,0.0012052280,35.0013,14.316280,-5.670376,143.010212,-10.5179,7.5062,0.0000
31030000,51.0008886560,0.0012062962,35.0013,14.337811,-5.650320,143.123332,-10.5408,7.4919,0.0000
31040000,51.0008877075,0.0012073625,35.0013,14.359282,-5.630272,143.236560,-10.5637,7.4776,0.0000
31050000,51.0008867569,0.0012084266,35.0013,14.380692,-5.610232,143.349897,-10.5865,7.4631,0.0000
31060000,51.0008858043,0.0012094887,35.0013,14.402041,-5.590199,143.463342,-10.6093,7.4485,0.0000
31070000,51.0008848496,0.0012105488,35.0013,14.423329,-5.570173,143.576895,-10.6321,7.4339,0.0000
31080000,51.0008838928,0.0012116067,35.0013,14.444556,-5.550155,143.690555,-10.6548,7.4191,0.0000
31090000,51.0008829341,0.0012126625,35.0013,14.465723,-5.530144,143.804321,-10.6775,7.4042,0.0000
31100000,51.0008819733,0.0012137162,35.0013,14.486828,-5.510141,143.918195,-10.7001,7.3893,0.0000
31110000,51.0008810104,0.0012147678,35.0013,14.507871,-5.490145,144.032174,-10.7228,7.3742,0.0000
31120000,51.0008800455,0.0012158172,35.0013,14.528853,-5.470157,144.146259,-10.7453,7.3591,0.0000
31130000,51.0008790786,0.0012168644,35.0013,14.549774,-5.450176,144.260450,-10.7679,7.3439,0.0000
31140000,51.0008781097,0.0012179095,35.0013,14.570632,-5.430203,144.374746,-10.7904,7.3285,0.0000
31150000,51.0008771387,0.0012189524,35.0013,14.591429,-5.410237,144.489146,-10.8129,7.3131,0.0000
31160000,51.0008761658,0.0012199930,35.0013,14.612164,-5.390279,144.603651,-10.8353,7.2976,0.0000
31170000,51.0008751908,0.0012210315,35.0013,14.632837,-5.370328,144.718260,-10.8577,7.2819,0.0000
31180000,51.0008742138,0.0012220677,35.0013,14.653447,-5.350385,144.832973,-10.8801,7.2662,0.0000
31190000,51.0008732348,0.0012231017,35.0013,14.673995,-5.330450,144.947789,-10.9024,7.2504,0.0000
31200000,51.0008722538,0.0012241334,35.0013,14.694480,-5.310522,145.062708,-10.9247,7.2345,0.0000
31210000,51.0008712707,0.0012251628,35.0013,14.714903,-5.290602,145.177729,-10.9469,7.2185,0.0000
31220000,51.0008702857,0.0012261900,35.0013,14.735263,-5.270689,145.292853,-10.9691,7.2024,0.0000
31230000,51.0008692987,0.0012272148,35.0013,14.755560,-5.250784,145.408079,-10.9913,7.1862,0.0000
31240000,51.0008683097,0.0012282374,35.0013,14.775794,-5.230886,145.523406,-11.0134,7.1699,0.0000
31250000,51.0008673188,0.0012292576,35.0013,14.795964,-5.210997,145.638834,-11.0355,7.1536,0.0000
31260000,51.0008663258,0.0012302755,35.0013,14.816072,-5.191114,145.754363,-11.0575,7.1371,0.0000
31270000,51.0008653308,0.0012312910,35.0013,14.836116,-5.171240,145.869993,-11.0795,7.1205,0.0000
31280000,51.0008643339,0.0012323041,35.0013,14.856097,-5.151373,145.985723,-11.1015,7.1039,0.0000
31290000,51.0008633350,0.0012333149,35.0013,14.876014,-5.131513,146.101552,-11.1234,7.0871,0.0000
31300000,51.0008623342,0.0012343233,35.0013,14.895867,-5.111662,146.217481,-11.1453,7.0703,0.0000
31310000,51.0008613313,0.0012353293,35.0013,14.915656,-5.091817,146.333509,-11.1671,7.0533,0.0000
31320000,51.0008603266,0.0012363328,35.0013,14.935381,-5.071981,146.449636,-11.1889,7.0363,0.0000
31330000,51.0008593198,0.0012373340,35.0013,14.955043,-5.052152,146.565861,-11.2107,7.0192,0.0000
31340000,51.0008583111,0.0012383326,35.0013,14.974640,-5.032331,146.682183,-11.2324,7.0020,0.0000
31350000,51.0008573005,0.0012393289,35.0013,14.994172,-5.012517,146.798604,-11.2540,6.9847,0.0000
31360000,51.0008562879,0.0012403226,35.0013,15.013641,-4.992712,146.915121,-11.2756,6.9673,0.0000
31370000,51.0008552733,0.0012413139,35.0013,15.033044,-4.972913,147.031736,-11.2972,6.9498,0.0000
31380000,51.0008542569,0.0012423026,35.0013,15.052383,-4.953123,147.148447,-11.3187,6.9322,0.0000
31390000,51.0008532385,0.0012432889,35.0013,15.071657,-4.933340,147.265254,-11.3402,6.9145,0.0000
31400000,51.0008522182,0.0012442726,35.0013,15.090867,-4.913565,147.382157,-11.3616,6.8968,0.0000
31410000,51.0008511959,0.0012452538,35.0013,15.110011,-4.893797,147.499155,-11.3830,6.8789,0.0000
31420000,51.0008501717,0.0012462324,35.0013,15.129090,-4.874037,147.616248,-11.4044,6.8610,0.0000
31430000,51.0008491456,0.0012472085,35.0013,15.148104,-4.854285,147.733436,-11.4256,6.8429,0.0000
31440000,51.0008481176,0.0012481820,35.0013,15.167052,-4.834540,147.850719,-11.4469,6.8248,0.0000
31450000,51.0008470877,0.0012491529,35.0013,15.185935,-4.814803,147.968095,-11.4681,6.8066,0.0000
31460000,51.0008460559,0.0012501212,35.0013,15.204752,-4.795074,148.085565,-11.4892,6.7883,0.0000
31470000,51.0008450222,0.0012510869,35.0013,15.223504,-4.775352,148.203128,-11.5103,6.7699,0.0000
31480000,51.0008439866,0.0012520500,35.0013,15.242190,-4.755638,148.320784,-11.5314,6.7514,0.0000
31490000,51.0008429491,0.0012530104,35.0013,15.260810,-4.735932,148.438533,-11.5524,6.7328,0.0000
31500000,51.0008419097,0.0012539682,35.0013,15.279364,-4.716233,148.556374,-11.5733,6.7141,0.0000
31510000,51.0008408685,0.0012549233,35.0013,15.297852,-4.696542,148.674306,-11.5942,6.6954,0.0000
31520000,51.0008398254,0.0012558758,35.0013,15.316274,-4.676858,148.792330,-11.6151,6.6765,0.0000
31530000,51.0008387803,0.0012568255,35.0013,15.334629,-4.657183,148.910445,-11.6359,6.6576,0.0000
31540000,51.0008377335,0.0012577725,35.0013,15.352918,-4.637515,149.028651,-11.6566,6.6386,0.0000
31550000,51.0008366847,0.0012587168,35.0013,15.371140,-4.617854,149.146947,-11.6773,6.6194,0.0000
31560000,51.0008356341,0.0012596584,35.0013,15.389296,-4.598201,149.265333,-11.6980,6.6002,0.0000
31570000,51.0008345817,0.0012605973,35.0013,15.407385,-4.578556,149.383809,-11.7186,6.5810,0.0000
31580000,51.0008335274,0.0012615334,35.0013,15.425407,-4.558918,149.502374,-11.7391,6.5616,0.0000
31590000,51.0008324713,0.0012624667,35.0013,15.443363,-4.539288,149.621028,-11.7596,6.5421,0.0000
31600000,51.0008314133,0.0012633972,35.0013,15.461251,-4.519666,149.739770,-11.7800,6.5226,0.0000
31610000,51.0008303535,0.0012643250,35.0013,15.479072,-4.500051,149.858601,-11.8004,6.5029,0.0000
31620000,51.0008292918,0.0012652500,35.0013,15.496826,-4.480443,149.977519,-11.8207,6.4832,0.0000
31630000,51.0008282283,0.0012661721,35.0013,15.514512,-4.460844,150.096525,-11.8410,6.4634,0.0000
31640000,51.0008271631,0.0012670914,35.0013,15.532131,-4.441252,150.215618,-11.8612,6.4435,0.0000
31650000,51.0008260960,0.0012680079,35.0013,15.549683,-4.421667,150.334798,-11.8814,6.4235,0.0000
31660000,51.0008250270,0.0012689215,35.0013,15.567167,-4.402090,150.454064,-11.9015,6.4034,0.0000
31670000,51.0008239563,0.0012698322,35.0013,15.584583,-4.382521,150.573416,-11.9215,6.3833,0.0000
31680000,51.0008228838,0.0012707401,35.0013,15.601931,-4.362959,150.692853,-11.9415,6.3630,0.0000
31690000,51.0008218095,0.0012716451,35.0013,15.619212,-4.343405,150.812376,-11.9615,6.3427,0.0000
31700000,51.0008207334,0.0012725471,35.0013,15.636424,-4.323858,150.931984,-11.9814,6.3223,0.0000
31710000,51.0008196555,0.0012734463,35.0013,15.653568,-4.304319,151.051677,-12.0012,6.3018,0.0000
31720000,51.0008185758,0.0012743425,35.0013,15.670644,-4.284787,151.171453,-12.0209,6.2812,0.0000
31730000,51.0008174944,0.0012752358,35.0013,15.687652,-4.265263,151.291313,-12.0407,6.2605,0.0000
31740000,51.0008164112,0.0012761262,35.0013,15.704591,-4.245746,151.411257,-12.0603,6.2398,0.0000
31750000,51.0008153262,0.0012770136,35.0013,15.721462,-4.226237,151.531284,-12.0799,6.2189,0.0000
31760000,51.0008142395,0.0012778980,35.0013,15.738265,-4.206735,151.651393,-12.0994,6.1980,0.0000
31770000,51.0008131510,0.0012787794,35.0013,15.754998,-4.187241,151.771585,-12.1189,6.1770,0.0000
31780000,51.0008120608,0.0012796578,35.0013,15.771663,-4.167754,151.891859,-12.1383,6.1559,0.0000
31790000,51.0008109688,0.0012805332,35.0013,15.788259,-4.148275,152.012215,-12.1577,6.1348,0.0000
31800000,51.0008098751,0.0012814056,35.0013,15.804786,-4.128803,152.132652,-12.1770,6.1135,0.0000
31810000,51.0008087796,0.0012822750,35.0013,15.821244,-4.109339,152.253169,-12.1962,6.0922,0.0000
31820000,51.0008076824,0.0012831413,35.0013,15.837633,-4.089882,152.373767,-12.2154,6.0708,0.0000
31830000,51.0008065836,0.0012840046,35.0013,15.853953,-4.070432,152.494446,-12.2345,6.0493,0.0000
31840000,51.0008054829,0.0012848648,35.0013,15.870204,-4.050990,152.615204,-12.2536,6.0277,0.0000
31850000,51.0008043806,0.0012857219,35.0013,15.886385,-4.031555,152.736041,-12.2726,6.0060,0.0000
31860000,51.0008032766,0.0012865759,35.0013,15.902496,-4.012127,152.856958,-12.2915,5.9843,0.0000
31870000,51.0008021709,0.0012874268,35.0013,15.918538,-3.992707,152.977953,-12.3104,5.9624,0.0000
31880000,51.0008010635,0.0012882746,35.0013,15.934511,-3.973294,153.099027,-12.3292,5.9405,0.0000
31890000,51.0007999544,0.0012891193,35.0013,15.950414,-3.953889,153.220178,-12.3479,5.9185,0.0000
31900000,51.0007988436,0.0012899608,35.0013,15.966247,-3.934491,153.341408,-12.3666,5.8965,0.0000
31910000,51.0007977311,0.0012907992,35.0013,15.982010,-3.915100,153.462714,-12.3852,5.8743,0.0000
31920000,51.0007966170,0.0012916344,35.0013,15.997703,-3.895716,153.584097,-12.4037,5.8521,0.0000
31930000,51.0007955012,0.0012924665,35.0013,16.013326,-3.876340,153.705557,-12.4222,5.8298,0.0000
31940000,51.0007943837,0.0012932953,35.0013,16.028879,-3.856971,153.827093,-12.4407,5.8074,0.0000
31950000,51.0007932646,0.0012941210,35.0013,16.044361,-3.837609,153.948705,-12.4590,5.7849,0.0000
31960000,51.0007921439,0.0012949435,35.0013,16.059774,-3.818254,154.070392,-12.4773,5.7624,0.0000
31970000,51.0007910215,0.0012957627,35.0013,16.075116,-3.798907,154.192154,-12.4955,5.7398,0.0000
31980000,51.0007898975,0.0012965787,35.0013,16.090387,-3.779567,154.313991,-12.5137,5.7171,0.0000
31990000,51.0007887718,0.0012973915,35.0013,16.105588,-3.760234,154.435902,-12.5318,5.6943,0.0000
32000000,51.0007876445,0.0012982010,35.0013,16.120719,-3.740908,154.557887,-12.5498,5.6714,0.0000
32010000,51.0007865156,0.0012990073,35.0013,16.135779,-3.721589,154.679946,-12.5678,5.6485,0.0000
32020000,51.0007853851,0.0012998103,35.0013,16.150767,-3.702277,154.802078,-12.5857,5.6255,0.0000
32030000,51.0007842530,0.0013006100,35.0012,16.165686,-3.682973,154.924282,-12.6035,5.6024,0.0000
32040000,51.0007831193,0.0013014064,35.0012,16.180533,-3.663675,155.046560,-12.6212,5.5792,0.0000
32050000,51.0007819840,0.0013021995,35.0012,16.195309,-3.644385,155.168909,-12.6389,5.5560,0.0000
32060000,51.0007808471,0.0013029893,35.0012,16.210014,-3.625102,155.291330,-12.6565,5.5327,0.0000
32070000,51.0007797086,0.0013037758,35.0012,16.224648,-3.605825,155.413822,-12.6741,5.5093,0.0000
32080000,51.0007785685,0.0013045589,35.0012,16.239211,-3.586556,155.536386,-12.6916,5.4858,0.0000
32090000,51.0007774269,0.0013053387,35.0012,16.253702,-3.567294,155.659020,-12.7090,5.4623,0.0000
32100000,51.0007762837,0.0013061151,35.0012,16.268122,-3.548038,155.781724,-12.7263,5.4387,0.0000
32110000,51.0007751390,0.0013068882,35.0012,16.282471,-3.528790,155.904498,-12.7436,5.4150,0.0000
32120000,51.0007739927,0.0013076579,35.0012,16.296748,-3.509549,156.027342,-12.7608,5.3912,0.0000
32130000,51.0007728449,0.0013084242,35.0012,16.310954,-3.490314,156.150255,-12.7779,5.3674,0.0000
32140000,51.0007716955,0.0013091870,35.0012,16.325088,-3.471087,156.273237,-12.7950,5.3434,0.0000
32150000,51.0007705446,0.0013099465,35.0012,16.339150,-3.451866,156.396287,-12.8120,5.3195,0.0000
32160000,51.0007693922,0.0013107026,35.0012,16.353140,-3.432652,156.519405,-12.8289,5.2954,0.0000
32170000,51.0007682383,0.0013114552,35.0012,16.367058,-3.413445,156.642591,-12.8457,5.2713,0.0000
32180000,51.0007670828,0.0013122043,35.0012,16.380905,-3.394245,156.765845,-12.8625,5.2471,0.0000
32190000,51.0007659259,0.0013129501,35.0012,16.394679,-3.375051,156.889165,-12.8792,5.2228,0.0000
32200000,51.0007647674,0.0013136923,35.0012,16.408382,-3.355865,157.012552,-12.8958,5.1984,0.0000
32210000,51.0007636075,0.0013144311,35.0012,16.422012,-3.336685,157.136005,-12.9124,5.1740,0.0000
32220000,51.0007624461,0.0013151664,35.0012,16.435570,-3.317512,157.259524,-12.9289,5.1495,0.0000
32230000,51.0007612832,0.0013158982,35.0012,16.449056,-3.298345,157.383109,-12.9453,5.1250,0.0000
32240000,51.0007601188,0.0013166265,35.0012,16.462469,-3.279185,157.506759,-12.9616,5.1003,0.0000
32250000,51.0007589529,0.0013173513,35.0012,16.475810,-3.260032,157.630473,-12.9779,5.0756,0.0000
32260000,51.0007577856,0.0013180725,35.0012,16.489079,-3.240886,157.754252,-12.9941,5.0509,0.0000
32270000,51.0007566169,0.0013187902,35.0012,16.502275,-3.221746,157.878095,-13.0102,5.0260,0.0000
32280000,51.0007554467,0.0013195044,35.0012,16.515398,-3.202613,158.002001,-13.0262,5.0011,0.0000
32290000,51.0007542751,0.0013202151,35.0012,16.528449,-3.183486,158.125971,-13.0422,4.9761,0.0000
32300000,51.0007531020,0.0013209221,35.0012,16.541426,-3.164366,158.250004,-13.0580,4.9511,0.0000
32310000,51.0007519275,0.0013216256,35.0012,16.554332,-3.145252,158.374099,-13.0739,4.9259,0.0000
32320000,51.0007507516,0.0013223255,35.0012,16.567164,-3.126145,158.498257,-13.0896,4.9008,0.0000
32330000,51.0007495743,0.0013230218,35.0012,16.579923,-3.107044,158.622476,-13.1052,4.8755,0.0000
32340000,51.0007483956,0.0013237145,35.0012,16.592609,-3.087950,158.746757,-13.1208,4.8502,0.0000
32350000,51.0007472155,0.0013244036,35.0012,16.605222,-3.068862,158.871099,-13.1363,4.8248,0.0000
32360000,51.0007460340,0.0013250891,35.0012,16.617763,-3.049781,158.995502,-13.1517,4.7993,0.0000
32370000,51.0007448511,0.0013257710,35.0012,16.630229,-3.030705,159.119965,-13.1671,4.7738,0.0000
32380000,51.0007436668,0.0013264492,35.0012,16.642623,-3.011637,159.244488,-13.1823,4.7482,0.0000
32390000,51.0007424812,0.0013271237,35.0012,16.654943,-2.992574,159.369071,-13.1975,4.7226,0.0000
32400000,51.0007412942,0.0013277946,35.0012,16.667190,-2.973518,159.493713,-13.2126,4.6969,0.0000
32410000,51.0007401058,0.0013284618,35.0012,16.679364,-2.954468,159.618414,-13.2277,4.6711,0.0000
32420000,51.0007389161,0.0013291254,35.0012,16.691464,-2.935425,159.743173,-13.2426,4.6452,0.0000
32430000,51.0007377251,0.0013297852,35.0012,16.703491,-2.916387,159.867991,-13.2575,4.6193,0.0000
32440000,51.0007365327,0.0013304414,35.0012,16.715444,-2.897356,159.992866,-13.2723,4.5933,0.0000
32450000,51.0007353390,0.0013310939,35.0012,16.727323,-2.878331,160.117799,-13.2870,4.5673,0.0000
32460000,51.0007341440,0.0013317426,35.0012,16.739129,-2.859312,160.242789,-13.3016,4.5412,0.0000
32470000,51.0007329477,0.0013323876,35.0012,16.750860,-2.840299,160.367835,-13.3162,4.5150,0.0000
32480000,51.0007317501,0.0013330289,35.0012,16.762518,-2.821292,160.492938,-13.3307,4.4888,0.0000
32490000,51.0007305511,0.0013336665,35.0012,16.774102,-2.802291,160.618097,-13.3451,4.4625,0.0000
32500000,51.0007293509,0.0013343003,35.0012,16.785613,-2.783296,160.743311,-13.3594,4.4361,0.0000
32510000,51.0007281494,0.0013349303,35.0012,16.797049,-2.764307,160.868581,-13.3736,4.4097,0.0000
32520000,51.0007269466,0.0013355566,35.0012,16.808411,-2.745325,160.993905,-13.3877,4.3832,0.0000
32530000,51.0007257426,0.0013361791,35.0012,16.819699,-2.726348,161.119284,-13.4018,4.3567,0.0000
32540000,51.0007245373,0.0013367978,35.0012,16.830913,-2.707377,161.244717,-13.4158,4.3301,0.0000
32550000,51.0007233307,0.0013374127,35.0012,16.842053,-2.688411,161.370204,-13.4297,4.3034,0.0000
32560000,51.0007221229,0.0013380238,35.0012,16.853118,-2.669452,161.495744,-13.4435,4.2767,0.0000
32570000,51.0007209139,0.0013386311,35.0012,16.864109,-2.650499,161.621337,-13.4572,4.2499,0.0000
32580000,51.0007197036,0.0013392346,35.0012,16.875026,-2.631551,161.746983,-13.4709,4.2231,0.0000
32590000,51.0007184921,0.0013398343,35.0012,16.885868,-2.612609,161.872681,-13.4844,4.1962,0.0000
32600000,51.0007172794,0.0013404301,35.0012,16.896636,-2.593672,161.998431,-13.4979,4.1692,0.0000
32610000,51.0007160655,0.0013410221,35.0012,16.907330,-2.574742,162.124233,-13.5113,4.1422,0.0000
32620000,51.0007148504,0.0013416102,35.0012,16.917948,-2.555817,162.250085,-13.5246,4.1151,0.0000
32630000,51.0007136341,0.0013421944,35.0012,16.928493,-2.536898,162.375989,-13.5379,4.0880,0.0000
32640000,51.0007124166,0.0013427748,35.0012,16.938962,-2.517984,162.501943,-13.5510,4.0608,0.0000
32650000,51.0007111979,0.0013433513,35.0012,16.949357,-2.499076,162.627947,-13.5641,4.0336,0.0000
32660000,51.0007099780,0.0013439240,35.0012,16.959677,-2.480173,162.754001,-13.5770,4.0063,0.0000
32670000,51.0007087570,0.0013444927,35.0012,16.969922,-2.461276,162.880104,-13.5899,3.9789,0.0000
32680000,51.0007075349,0.0013450576,35.0012,16.980093,-2.442384,163.006256,-13.6027,3.9515,0.0000
32690000,51.0007063116,0.0013456185,35.0012,16.990188,-2.423498,163.132456,-13.6155,3.9240,0.0000
32700000,51.0007050871,0.0013461755,35.0012,17.000209,-2.404617,163.258705,-13.6281,3.8965,0.0000
32710000,51.0007038615,0.0013467286,35.0012,17.010154,-2.385742,163.385002,-13.6406,3.8689,0.0000
32720000,51.0007026348,0.0013472777,35.0012,17.020025,-2.366871,163.511346,-13.6531,3.8413,0.0000
32730000,51.0007014070,0.0013478229,35.0012,17.029820,-2.348007,163.637737,-13.6655,3.8136,0.0000
32740000,51.0007001781,0.0013483642,35.0012,17.039541,-2.329147,163.764175,-13.6777,3.7859,0.0000
32750000,51.0006989481,0.0013489015,35.0012,17.049186,-2.310293,163.890660,-13.6899,3.7581,0.0000
32760000,51.0006977169,0.0013494348,35.0012,17.058756,-2.291443,164.017190,-13.7020,3.7302,0.0000
32770000,51.0006964847,0.0013499642,35.0012,17.068250,-2.272600,164.143766,-13.7141,3.7023,0.0000
32780000,51.0006952515,0.0013504896,35.0012,17.077670,-2.253761,164.270388,-13.7260,3.6744,0.0000
32790000,51.0006940171,0.0013510110,35.0012,17.087014,-2.234927,164.397054,-13.7378,3.6464,0.0000
32800000,51.0006927817,0.0013515285,35.0012,17.096282,-2.216098,164.523765,-13.7496,3.6183,0.0000
32810000,51.0006915452,0.0013520419,35.0012,17.105476,-2.197275,164.650520,-13.7613,3.5902,0.0000
32820000,51.0006903077,0.0013525513,35.0012,17.114593,-2.178456,164.777319,-13.7728,3.5621,0.0000
32830000,51.0006890692,0.0013530567,35.0012,17.123635,-2.159642,164.904161,-13.7843,3.5339,0.0000
32840000,51.0006878296,0.0013535581,35.0012,17.132602,-2.140834,165.031047,-13.7957,3.5056,0.0000
32850000,51.0006865890,0.0013540554,35.0012,17.141493,-2.122030,165.157975,-13.8070,3.4773,0.0000
32860000,51.0006853474,0.0013545487,35.0012,17.150308,-2.103231,165.284945,-13.8183,3.4490,0.0000
32870000,51.0006841048,0.0013550380,35.0012,17.159048,-2.084437,165.411958,-13.8294,3.4206,0.0000
32880000,51.0006828612,0.0013555232,35.0012,17.167712,-2.065647,165.539012,-13.8404,3.3921,0.0000
32890000,51.0006816166,0.0013560044,35.0012,17.176300,-2.046863,165.666107,-13.8514,3.3636,0.0000
32900000,51.0006803710,0.0013564815,35.0012,17.184813,-2.028083,165.793243,-13.8622,3.3351,0.0000
32910000,51.0006791245,0.0013569545,35.0012,17.193249,-2.009307,165.920420,-13.8730,3.3065,0.0000
32920000,51.0006778770,0.0013574235,35.0012,17.201610,-1.990537,166.047637,-13.8837,3.2779,0.0000
32930000,51.0006766285,0.0013578883,35.0012,17.209895,-1.971771,166.174893,-13.8943,3.2492,0.0000
32940000,51.0006753791,0.0013583491,35.0012,17.218104,-1.953010,166.302189,-13.9048,3.2205,0.0000
32950000,51.0006741287,0.0013588058,35.0012,17.226236,-1.934253,166.429524,-13.9152,3.1917,0.0000
32960000,51.0006728775,0.0013592584,35.0012,17.234293,-1.915500,166.556898,-13.9255,3.1629,0.0000
32970000,51.0006716253,0.0013597069,35.0012,17.242274,-1.896752,166.684310,-13.9357,3.1340,0.0000
32980000,51.0006703721,0.0013601512,35.0011,17.250179,-1.878009,166.811760,-13.9458,3.1051,0.0000
32990000,51.0006691181,0.0013605915,35.0011,17.258007,-1.859270,166.939247,-13.9559,3.0761,0.0000
33000000,51.0006678632,0.0013610276,35.0011,17.265760,-1.840535,167.066772,-13.9658,3.0471,0.0000
33010000,51.0006666074,0.0013614596,35.0011,17.273436,-1.821805,167.194333,-13.9757,3.0181,0.0000
33020000,51.0006653507,0.0013618874,35.0011,17.281036,-1.803079,167.321931,-13.9854,2.9890,0.0000
33030000,51.0006640931,0.0013623111,35.0011,17.288559,-1.784357,167.449565,-13.9951,2.9599,0.0000
33040000,51.0006628347,0.0013627306,35.0011,17.296007,-1.765639,167.577235,-14.0047,2.9307,0.0000
33050000,51.0006615754,0.0013631460,35.0011,17.303378,-1.746926,167.704940,-14.0141,2.9015,0.0000
33060000,51.0006603152,0.0013635572,35.0011,17.310672,-1.728216,167.832680,-14.0235,2.8723,0.0000
33070000,51.0006590543,0.0013639643,35.0011,17.317891,-1.709511,167.960455,-14.0328,2.8430,0.0000
33080000,51.0006577925,0.0013643672,35.0011,17.325033,-1.690810,168.088264,-14.0420,2.8137,0.0000
33090000,51.0006565298,0.0013647659,35.0011,17.332098,-1.672112,168.216107,-14.0511,2.7843,0.0000
33100000,51.0006552664,0.0013651604,35.0011,17.339087,-1.653419,168.343983,-14.0601,2.7549,0.0000
33110000,51.0006540021,0.0013655507,35.0011,17.345999,-1.634730,168.471893,-14.0690,2.7254,0.0000
33120000,51.0006527371,0.0013659368,35.0011,17.352835,-1.616044,168.599835,-14.0779,2.6960,0.0000
33130000,51.0006514712,0.0013663187,35.0011,17.359594,-1.597363,168.727809,-14.0866,2.6664,0.0000
33140000,51.0006502046,0.0013666964,35.0011,17.366277,-1.578685,168.855816,-14.0952,2.6369,0.0000
33150000,51.0006489372,0.0013670699,35.0011,17.372883,-1.560011,168.983855,-14.1037,2.6073,0.0000
33160000,51.0006476691,0.0013674392,35.0011,17.379412,-1.541341,169.111924,-14.1122,2.5776,0.0000
33170000,51.0006464002,0.0013678042,35.0011,17.385865,-1.522674,169.240025,-14.1205,2.5480,0.0000
33180000,51.0006451305,0.0013681651,35.0011,17.392240,-1.504011,169.368156,-14.1288,2.5183,0.0000
33190000,51.0006438602,0.0013685216,35.0011,17.398540,-1.485352,169.496318,-14.1369,2.4885,0.0000
33200000,51.0006425890,0.0013688740,35.0011,17.404762,-1.466696,169.624509,-14.1450,2.4587,0.0000
33210000,51.0006413172,0.0013692221,35.0011,17.410907,-1.448044,169.752730,-14.1529,2.4289,0.0000
33220000,51.0006400447,0.0013695659,35.0011,17.416976,-1.429395,169.880979,-14.1608,2.3991,0.0000
33230000,51.0006387714,0.0013699055,35.0011,17.422968,-1.410750,170.009258,-14.1686,2.3692,0.0000
33240000,51.0006374975,0.0013702409,35.0011,17.428883,-1.392108,170.137565,-14.1762,2.3393,0.0000
33250000,51.0006362228,0.0013705720,35.0011,17.434721,-1.373470,170.265900,-14.1838,2.3093,0.0000
33260000,51.0006349475,0.0013708988,35.0011,17.440482,-1.354835,170.394262,-14.1913,2.2793,0.0000
33270000,51.0006336716,0.0013712213,35.0011,17.446166,-1.336203,170.522652,-14.1987,2.2493,0.0000
33280000,51.0006323949,0.0013715395,35.0011,17.451773,-1.317575,170.651069,-14.2060,2.2193,0.0000
33290000,51.0006311177,0.0013718535,35.0011,17.457303,-1.298950,170.779512,-14.2131,2.1892,0.0000
33300000,51.0006298397,0.0013721632,35.0011,17.462756,-1.280327,170.907981,-14.2202,2.1591,0.0000
33310000,51.0006285612,0.0013724686,35.0011,17.468132,-1.261708,171.036477,-14.2272,2.1290,0.0000
33320000,51.0006272820,0.0013727697,35.0011,17.473431,-1.243093,171.164997,-14.2341,2.0988,0.0000
33330000,51.0006260022,0.0013730665,35.0011,17.478652,-1.224480,171.293543,-14.2409,2.0686,0.0000
33340000,51.0006247218,0.0013733590,35.0011,17.483797,-1.205870,171.422113,-14.2476,2.0384,0.0000
33350000,51.0006234408,0.0013736472,35.0011,17.488864,-1.187263,171.550708,-14.2542,2.0081,0.0000
33360000,51.0006221592,0.0013739310,35.0011,17.493855,-1.168659,171.679327,-14.2607,1.9778,0.0000
33370000,51.0006208771,0.0013742106,35.0011,17.498768,-1.150058,171.807969,-14.2671,1.9475,0.0000
33380000,51.0006195943,0.0013744858,35.0011,17.503604,-1.131460,171.936634,-14.2734,1.9172,0.0000
33390000,51.0006183110,0.0013747567,35.0011,17.508362,-1.112865,172.065323,-14.2796,1.8868,0.0000
33400000,51.0006170272,0.0013750233,35.0011,17.513044,-1.094272,172.194033,-14.2857,1.8564,0.0000
33410000,51.0006157428,0.0013752856,35.0011,17.517648,-1.075682,172.322766,-14.2918,1.8260,0.0000
33420000,51.0006144578,0.0013755435,35.0011,17.522174,-1.057095,172.451521,-14.2977,1.7955,0.0000
33430000,51.0006131724,0.0013757971,35.0011,17.526624,-1.038511,172.580297,-14.3035,1.7651,0.0000
33440000,51.0006118864,0.0013760463,35.0011,17.530996,-1.019929,172.709094,-14.3092,1.7346,0.0000
33450000,51.0006105999,0.0013762912,35.0011,17.535291,-1.001349,172.837912,-14.3148,1.7040,0.0000
33460000,51.0006093129,0.0013765317,35.0011,17.539508,-0.982773,172.966750,-14.3203,1.6735,0.0000
33470000,51.0006080254,0.0013767679,35.0011,17.543648,-0.964198,173.095608,-14.3257,1.6429,0.0000
33480000,51.0006067375,0.0013769997,35.0011,17.547711,-0.945626,173.224485,-14.3311,1.6123,0.0000
33490000,51.0006054491,0.0013772272,35.0011,17.551696,-0.927057,173.353382,-14.3363,1.5817,0.0000
33500000,51.0006041602,0.0013774503,35.0011,17.555603,-0.908489,173.482297,-14.3414,1.5511,0.0000
33510000,51.0006028708,0.0013776690,35.0011,17.559434,-0.889924,173.611231,-14.3464,1.5204,0.0000
33520000,51.0006015810,0.0013778834,35.0011,17.563186,-0.871362,173.740183,-14.3513,1.4897,0.0000
33530000,51.0006002908,0.0013780934,35.0011,17.566861,-0.852801,173.869152,-14.3561,1.4590,0.0000
33540000,51.0005990001,0.0013782990,35.0011,17.570459,-0.834243,173.998139,-14.3609,1.4283,0.0000
33550000,51.0005977090,0.0013785003,35.0011,17.573979,-0.815687,174.127143,-14.3655,1.3975,0.0000
33560000,51.0005964175,0.0013786971,35.0011,17.577422,-0.797133,174.256164,-14.3700,1.3668,0.0000
33570000,51.0005951256,0.0013788896,35.0011,17.580787,-0.778581,174.385201,-14.3744,1.3360,0.0000
33580000,51.0005938333,0.0013790777,35.0011,17.584074,-0.760031,174.514253,-14.3787,1.3052,0.0000
33590000,51.0005925406,0.0013792614,35.0011,17.587284,-0.741482,174.643321,-14.3829,1.2744,0.0000
33600000,51.0005912476,0.0013794407,35.0011,17.590417,-0.722936,174.772405,-14.3871,1.2435,0.0000
33610000,51.0005899542,0.0013796156,35.0011,17.593471,-0.704392,174.901503,-14.3911,1.2127,0.0000
33620000,51.0005886604,0.0013797861,35.0011,17.596448,-0.685850,175.030615,-14.3950,1.1818,0.0000
33630000,51.0005873663,0.0013799522,35.0011,17.599348,-0.667309,175.159742,-14.3988,1.1509,0.0000
33640000,51.0005860718,0.0013801139,35.0011,17.602170,-0.648770,175.288882,-14.4025,1.1200,0.0000
33650000,51.0005847770,0.0013802712,35.0011,17.604914,-0.630233,175.418035,-14.4061,1.0890,0.0000
33660000,51.0005834819,0.0013804241,35.0011,17.607580,-0.611697,175.547202,-14.4096,1.0581,0.0000
33670000,51.0005821865,0.0013805726,35.0011,17.610169,-0.593163,175.676381,-14.4130,1.0271,0.0000
33680000,51.0005808908,0.0013807167,35.0011,17.612680,-0.574631,175.805572,-14.4163,0.9962,0.0000
33690000,51.0005795948,0.0013808564,35.0011,17.615113,-0.556100,175.934775,-14.4196,0.9652,0.0000
33700000,51.0005782985,0.0013809916,35.0011,17.617469,-0.537570,176.063989,-14.4227,0.9342,0.0000
33710000,51.0005770019,0.0013811224,35.0011,17.619747,-0.519042,176.193215,-14.4257,0.9032,0.0000
33720000,51.0005757051,0.0013812489,35.0011,17.621947,-0.500516,176.322451,-14.4286,0.8722,0.0000
33730000,51.0005744080,0.0013813708,35.0011,17.624069,-0.481990,176.451697,-14.4314,0.8411,0.0000
33740000,51.0005731107,0.0013814884,35.0011,17.626114,-0.463467,176.580954,-14.4341,0.8101,0.0000
33750000,51.0005718131,0.0013816016,35.0011,17.628081,-0.444944,176.710220,-14.4367,0.7790,0.0000
33760000,51.0005705153,0.0013817103,35.0011,17.629970,-0.426422,176.839496,-14.4392,0.7479,0.0000
33770000,51.0005692173,0.0013818146,35.0011,17.631781,-0.407902,176.968780,-14.4416,0.7168,0.0000
33780000,51.0005679190,0.0013819144,35.0010,17.633515,-0.389383,177.098073,-14.4439,0.6858,0.0000
33790000,51.0005666206,0.0013820099,35.0010,17.635170,-0.370865,177.227374,-14.4461,0.6546,0.0000
33800000,51.0005653220,0.0013821009,35.0010,17.636748,-0.352348,177.356683,-14.4481,0.6235,0.0000
33810000,51.0005640231,0.0013821875,35.0010,17.638248,-0.333832,177.485999,-14.4501,0.5924,0.0000
33820000,51.0005627242,0.0013822696,35.0010,17.639671,-0.315317,177.615322,-14.4520,0.5613,0.0000
33830000,51.0005614250,0.0013823473,35.0010,17.641015,-0.296802,177.744652,-14.4538,0.5301,0.0000
33840000,51.0005601257,0.0013824206,35.0010,17.642282,-0.278289,177.873988,-14.4555,0.4990,0.0000
33850000,51.0005588262,0.0013824894,35.0010,17.643470,-0.259777,178.003331,-14.4571,0.4678,0.0000
33860000,51.0005575266,0.0013825538,35.0010,17.644581,-0.241265,178.132679,-14.4586,0.4367,0.0000
33870000,51.0005562269,0.0013826137,35.0010,17.645615,-0.222754,178.262032,-14.4599,0.4055,0.0000
33880000,51.0005549271,0.0013826692,35.0010,17.646570,-0.204244,178.391389,-14.4612,0.3743,0.0000
33890000,51.0005536271,0.0013827203,35.0010,17.647447,-0.185734,178.520752,-14.4624,0.3432,0.0000
33900000,51.0005523271,0.0013827669,35.0010,17.648247,-0.167225,178.650118,-14.4635,0.3120,0.0000
33910000,51.0005510269,0.0013828091,35.0010,17.648968,-0.148716,178.779489,-14.4644,0.2808,0.0000
33920000,51.0005497267,0.0013828469,35.0010,17.649612,-0.130208,178.908862,-14.4653,0.2496,0.0000
33930000,51.0005484264,0.0013828802,35.0010,17.650178,-0.111701,179.038239,-14.4661,0.2184,0.0000
33940000,51.0005471260,0.0013829090,35.0010,17.650666,-0.093194,179.167618,-14.4667,0.1872,0.0000
33950000,51.0005458256,0.0013829334,35.0010,17.651076,-0.074687,179.297000,-14.4673,0.1560,0.0000
33960000,51.0005445252,0.0013829534,35.0010,17.651409,-0.056180,179.426383,-14.4677,0.1248,0.0000
33970000,51.0005432247,0.0013829689,35.0010,17.651663,-0.037674,179.555768,-14.4681,0.0936,0.0000
33980000,51.0005419241,0.0013829800,35.0010,17.651840,-0.019168,179.685154,-14.4684,0.0624,0.0000
33990000,51.0005406236,0.0013829866,35.0010,17.651938,-0.000663,179.814541,-14.4685,0.0312,0.0000
34000000,51.0005393230,0.0013829888,35.0010,17.651959,0.017843,179.943929,-14.4686,-0.0000,0.0000
34010000,51.0005380225,0.0013829865,35.0010,17.651902,0.036348,-179.926684,-14.4685,-0.0312,0.0000
34020000,51.0005367219,0.0013829798,35.0010,17.651767,0.054854,-179.797297,-14.4684,-0.0624,0.0000
34030000,51.0005354214,0.0013829687,35.0010,17.651555,0.073359,-179.667910,-14.4681,-0.0936,0.0000
34040000,51.0005341209,0.0013829531,35.0010,17.651264,0.091864,-179.538525,-14.4677,-0.1248,0.0000
34050000,51.0005328204,0.0013829330,35.0010,17.650895,0.110370,-179.409141,-14.4673,-0.1560,0.0000
34060000,51.0005315200,0.0013829086,35.0010,17.650449,0.128875,-179.279758,-14.4667,-0.1872,0.0000
34070000,51.0005302196,0.0013828796,35.0010,17.649925,0.147381,-179.150378,-14.4661,-0.2184,0.0000
34080000,51.0005289193,0.0013828462,35.0010,17.649322,0.165887,-179.021000,-14.4653,-0.2496,0.0000
34090000,51.0005276191,0.0013828084,35.0010,17.648642,0.184393,-178.891625,-14.4644,-0.2808,0.0000
34100000,51.0005263190,0.0013827662,35.0010,17.647885,0.202900,-178.762254,-14.4635,-0.3120,0.0000
34110000,51.0005250189,0.0013827195,35.0010,17.647049,0.221406,-178.632886,-14.4624,-0.3432,0.0000
34120000,51.0005237190,0.0013826683,35.0010,17.646135,0.239914,-178.503522,-14.4612,-0.3743,0.0000
34130000,51.0005224191,0.0013826127,35.0010,17.645144,0.258421,-178.374162,-14.4599,-0.4055,0.0000
34140000,51.0005211194,0.0013825527,35.0010,17.644074,0.276929,-178.244807,-14.4586,-0.4367,0.0000
34150000,51.0005198198,0.0013824882,35.0010,17.642927,0.295438,-178.115457,-14.4571,-0.4678,0.0000
34160000,51.0005185204,0.0013824193,35.0010,17.641702,0.313947,-177.986113,-14.4555,-0.4990,0.0000
34170000,51.0005172211,0.0013823460,35.0010,17.640399,0.332457,-177.856774,-14.4538,-0.5301,0.0000
34180000,51.0005159219,0.0013822682,35.0010,17.639019,0.350967,-177.727441,-14.4520,-0.5613,0.0000
34190000,51.0005146229,0.0013821860,35.0010,17.637560,0.369478,-177.598115,-14.4501,-0.5924,0.0000
34200000,51.0005133241,0.0013820993,35.0010,17.636024,0.387990,-177.468796,-14.4481,-0.6235,0.0000
34210000,51.0005120255,0.0013820083,35.0010,17.634410,0.406502,-177.339484,-14.4461,-0.6546,0.0000
34220000,51.0005107271,0.0013819127,35.0010,17.632718,0.425016,-177.210180,-14.4439,-0.6858,0.0000
34230000,51.0005094288,0.0013818128,35.0010,17.630948,0.443530,-177.080884,-14.4416,-0.7168,0.0000
34240000,51.0005081308,0.0013817084,35.0010,17.629101,0.462045,-176.951596,-14.4392,-0.7479,0.0000
34250000,51.0005068330,0.0013815996,35.0010,17.627175,0.480561,-176.822317,-14.4367,-0.7790,0.0000
34260000,51.0005055354,0.0013814864,35.0010,17.625172,0.499079,-176.693047,-14.4341,-0.8101,0.0000
34270000,51.0005042381,0.0013813688,35.0010,17.623091,0.517597,-176.563787,-14.4314,-0.8411,0.0000
34280000,51.0005029410,0.0013812467,35.0010,17.620933,0.536116,-176.434536,-14.4286,-0.8722,0.0000
34290000,51.0005016442,0.0013811202,35.0010,17.618697,0.554636,-176.305295,-14.4257,-0.9032,0.0000
34300000,51.0005003476,0.0013809893,35.0010,17.616382,0.573158,-176.176066,-14.4227,-0.9342,0.0000
34310000,51.0004990513,0.0013808540,35.0010,17.613991,0.591681,-176.046847,-14.4196,-0.9652,0.0000
34320000,51.0004977553,0.0013807142,35.0010,17.611521,0.610205,-175.917639,-14.4163,-0.9962,0.0000
34330000,51.0004964596,0.0013805701,35.0010,17.608974,0.628730,-175.788443,-14.4130,-1.0271,0.0000
34340000,51.0004951642,0.0013804215,35.0010,17.606349,0.647257,-175.659259,-14.4096,-1.0581,0.0000
34350000,51.0004938691,0.0013802685,35.0010,17.603646,0.665785,-175.530088,-14.4061,-1.0890,0.0000
34360000,51.0004925743,0.0013801111,35.0010,17.600866,0.684314,-175.400929,-14.4025,-1.1200,0.0000
34370000,51.0004912798,0.0013799494,35.0010,17.598008,0.702845,-175.271783,-14.3988,-1.1509,0.0000
34380000,51.0004899857,0.0013797832,35.0010,17.595073,0.721378,-175.142651,-14.3950,-1.1818,0.0000
34390000,51.0004886920,0.0013796126,35.0010,17.592059,0.739912,-175.013533,-14.3911,-1.2127,0.0000
34400000,51.0004873985,0.0013794376,35.0010,17.588969,0.758447,-174.884429,-14.3871,-1.2435,0.0000
34410000,51.0004861055,0.0013792582,35.0010,17.585800,0.776985,-174.755340,-14.3829,-1.2744,0.0000
34420000,51.0004848128,0.0013790744,35.0010,17.582554,0.795524,-174.626266,-14.3787,-1.3052,0.0000
34430000,51.0004835205,0.0013788863,35.0010,17.579230,0.814065,-174.497207,-14.3744,-1.3360,0.0000
34440000,51.0004822286,0.0013786937,35.0010,17.575829,0.832607,-174.368164,-14.3700,-1.3668,0.0000
34450000,51.0004809372,0.0013784968,35.0010,17.572350,0.851152,-174.239136,-14.3655,-1.3975,0.0000
34460000,51.0004796461,0.0013782955,35.0010,17.568794,0.869698,-174.110126,-14.3609,-1.4283,0.0000
34470000,51.0004783554,0.0013780898,35.0010,17.565160,0.888246,-173.981132,-14.3561,-1.4590,0.0000
34480000,51.0004770652,0.0013778797,35.0010,17.561449,0.906796,-173.852155,-14.3513,-1.4897,0.0000
34490000,51.0004757754,0.0013776653,35.0010,17.557660,0.925348,-173.723196,-14.3464,-1.5204,0.0000
34500000,51.0004744860,0.0013774465,35.0010,17.553794,0.943902,-173.594255,-14.3414,-1.5511,0.0000
34510000,51.0004731971,0.0013772233,35.0009,17.549850,0.962459,-173.465332,-14.3363,-1.5817,0.0000
34520000,51.0004719087,0.0013769957,35.0009,17.545829,0.981017,-173.336428,-14.3311,-1.6123,0.0000
34530000,51.0004706207,0.0013767638,35.0009,17.541730,0.999578,-173.207542,-14.3257,-1.6429,0.0000
34540000,51.0004693333,0.0013765276,35.0009,17.537554,1.018140,-173.078677,-14.3203,-1.6735,0.0000
34550000,51.0004680463,0.0013762870,35.0009,17.533300,1.036705,-172.949831,-14.3148,-1.7040,0.0000
34560000,51.0004667598,0.0013760420,35.0009,17.528969,1.055273,-172.821005,-14.3092,-1.7346,0.0000
34570000,51.0004654738,0.0013757927,35.0009,17.524561,1.073842,-172.692199,-14.3035,-1.7651,0.0000
34580000,51.0004641884,0.0013755391,35.0009,17.520076,1.092414,-172.563415,-14.2977,-1.7955,0.0000
34590000,51.0004629035,0.0013752811,35.0009,17.515513,1.110989,-172.434651,-14.2918,-1.8260,0.0000
34600000,51.0004616191,0.0013750187,35.0009,17.510873,1.129566,-172.305909,-14.2857,-1.8564,0.0000
34610000,51.0004603352,0.0013747521,35.0009,17.506155,1.148145,-172.177190,-14.2796,-1.8868,0.0000
34620000,51.0004590519,0.0013744811,35.0009,17.501360,1.166727,-172.048492,-14.2734,-1.9172,0.0000
34630000,51.0004577692,0.0013742058,35.0009,17.496489,1.185312,-171.919817,-14.2671,-1.9475,0.0000
34640000,51.0004564870,0.0013739262,35.0009,17.491539,1.203899,-171.791166,-14.2607,-1.9778,0.0000
34650000,51.0004552054,0.0013736422,35.0009,17.486513,1.222489,-171.662537,-14.2542,-2.0081,0.0000
34660000,51.0004539245,0.0013733539,35.0009,17.481409,1.241081,-171.533933,-14.2476,-2.0384,0.0000
34670000,51.0004526441,0.0013730614,35.0009,17.476229,1.259677,-171.405352,-14.2409,-2.0686,0.0000
34680000,51.0004513643,0.0013727645,35.0009,17.470971,1.278275,-171.276797,-14.2341,-2.0988,0.0000
34690000,51.0004500851,0.0013724633,35.0009,17.465636,1.296876,-171.148266,-14.2272,-2.1290,0.0000
34700000,51.0004488066,0.0013721579,35.0009,17.460224,1.315480,-171.019760,-14.2202,-2.1591,0.0000
34710000,51.0004475286,0.0013718481,35.0009,17.454735,1.334086,-170.891280,-14.2131,-2.1892,0.0000
34720000,51.0004462514,0.0013715341,35.0009,17.449169,1.352696,-170.762826,-14.2060,-2.2193,0.0000
34730000,51.0004449747,0.0013712157,35.0009,17.443526,1.371309,-170.634399,-14.1987,-2.2493,0.0000
34740000,51.0004436988,0.0013708931,35.0009,17.437806,1.389925,-170.505998,-14.1913,-2.2793,0.0000
34750000,51.0004424235,0.0013705662,35.0009,17.432009,1.408543,-170.377624,-14.1838,-2.3093,0.0000
34760000,51.0004411489,0.0013702351,35.0009,17.426135,1.427165,-170.249278,-14.1762,-2.3393,0.0000
34770000,51.0004398749,0.0013698997,35.0009,17.420184,1.445791,-170.120959,-14.1686,-2.3692,0.0000
34780000,51.0004386017,0.0013695600,35.0009,17.414156,1.464419,-169.992669,-14.1608,-2.3991,0.0000
34790000,51.0004373292,0.0013692161,35.0009,17.408051,1.483051,-169.864408,-14.1529,-2.4289,0.0000
34800000,51.0004360573,0.0013688679,35.0009,17.401870,1.501686,-169.736175,-14.1450,-2.4587,0.0000
34810000,51.0004347862,0.0013685155,35.0009,17.395611,1.520324,-169.607971,-14.1369,-2.4885,0.0000
34820000,51.0004335159,0.0013681588,35.0009,17.389276,1.538965,-169.479798,-14.1288,-2.5183,0.0000
34830000,51.0004322462,0.0013677979,35.0009,17.382864,1.557610,-169.351654,-14.1205,-2.5480,0.0000
34840000,51.0004309773,0.0013674328,35.0009,17.376376,1.576259,-169.223541,-14.1122,-2.5776,0.0000
34850000,51.0004297092,0.0013670635,35.0009,17.369810,1.594911,-169.095458,-14.1037,-2.6073,0.0000
34860000,51.0004284418,0.0013666899,35.0009,17.363169,1.613566,-168.967407,-14.0952,-2.6369,0.0000
34870000,51.0004271752,0.0013663121,35.0009,17.356450,1.632225,-168.839387,-14.0866,-2.6664,0.0000
34880000,51.0004259094,0.0013659301,35.0009,17.349655,1.650888,-168.711399,-14.0779,-2.6960,0.0000
34890000,51.0004246443,0.0013655440,35.0009,17.342783,1.669554,-168.583444,-14.0690,-2.7254,0.0000
34900000,51.0004233801,0.0013651536,35.0009,17.335835,1.688224,-168.455521,-14.0601,-2.7549,0.0000
34910000,51.0004221167,0.0013647590,35.0009,17.328810,1.706898,-168.327631,-14.0511,-2.7843,0.0000
34920000,51.0004208540,0.0013643602,35.0009,17.321709,1.725576,-168.199774,-14.0420,-2.8137,0.0000
34930000,51.0004195922,0.0013639573,35.0009,17.314531,1.744257,-168.071951,-14.0328,-2.8430,0.0000
34940000,51.0004183313,0.0013635501,35.0009,17.307277,1.762942,-167.944162,-14.0235,-2.8723,0.0000
34950000,51.0004170711,0.0013631389,35.0009,17.299946,1.781631,-167.816408,-14.0141,-2.9015,0.0000
34960000,51.0004158119,0.0013627234,35.0009,17.292539,1.800324,-167.688688,-14.0047,-2.9307,0.0000
34970000,51.0004145534,0.0013623038,35.0009,17.285056,1.819021,-167.561004,-13.9951,-2.9599,0.0000
34980000,51.0004132959,0.0013618800,35.0009,17.277496,1.837721,-167.433355,-13.9854,-2.9890,0.0000
34990000,51.0004120392,0.0013614521,35.0009,17.269860,1.856426,-167.305742,-13.9757,-3.0181,0.0000
35000000,51.0004107834,0.0013610201,35.0009,17.262148,1.875135,-167.178165,-13.9658,-3.0471,0.0000
35010000,51.0004095285,0.0013605839,35.0009,17.254360,1.893848,-167.050625,-13.9559,-3.0761,0.0000
35020000,51.0004082745,0.0013601436,35.0009,17.246496,1.912565,-166.923122,-13.9458,-3.1051,0.0000
35030000,51.0004070213,0.0013596991,35.0009,17.238555,1.931287,-166.795657,-13.9357,-3.1340,0.0000
35040000,51.0004057691,0.0013592506,35.0009,17.230538,1.950012,-166.668229,-13.9255,-3.1629,0.0000
35050000,51.0004045179,0.0013587979,35.0009,17.222446,1.968742,-166.540839,-13.9152,-3.1917,0.0000
35060000,51.0004032675,0.0013583412,35.0009,17.214277,1.987476,-166.413488,-13.9048,-3.2205,0.0000
35070000,51.0004020181,0.0013578803,35.0009,17.206032,2.006215,-166.286176,-13.8943,-3.2492,0.0000
35080000,51.0004007697,0.0013574154,35.0009,17.197712,2.024958,-166.158903,-13.8837,-3.2779,0.0000
35090000,51.0003995222,0.0013569463,35.0009,17.189315,2.043705,-166.031670,-13.8730,-3.3065,0.0000
35100000,51.0003982756,0.0013564732,35.0009,17.180843,2.062457,-165.904476,-13.8622,-3.3351,0.0000
35110000,51.0003970301,0.0013559961,35.0009,17.172295,2.081213,-165.777323,-13.8514,-3.3636,0.0000
35120000,51.0003957855,0.0013555148,35.0009,17.163671,2.099973,-165.650211,-13.8404,-3.3921,0.0000
35130000,51.0003945419,0.0013550295,35.0009,17.154971,2.118738,-165.523139,-13.8294,-3.4206,0.0000
35140000,51.0003932993,0.0013545402,35.0009,17.146195,2.137508,-165.396109,-13.8183,-3.4490,0.0000
35150000,51.0003920577,0.0013540468,35.0009,17.137344,2.156283,-165.269121,-13.8070,-3.4773,0.0000
35160000,51.0003908171,0.0013535494,35.0009,17.128418,2.175062,-165.142175,-13.7957,-3.5056,0.0000
35170000,51.0003895776,0.0013530480,35.0009,17.119415,2.193845,-165.015272,-13.7843,-3.5339,0.0000
35180000,51.0003883390,0.0013525425,35.0009,17.110337,2.212634,-164.888411,-13.7728,-3.5621,0.0000
35190000,51.0003871015,0.0013520330,35.0009,17.101184,2.231427,-164.761594,-13.7613,-3.5902,0.0000
35200000,51.0003858651,0.0013515195,35.0008,17.091955,2.250225,-164.634821,-13.7496,-3.6183,0.0000
35210000,51.0003846297,0.0013510020,35.0008,17.082651,2.269028,-164.508091,-13.7378,-3.6464,0.0000
35220000,51.0003833953,0.0013504806,35.0008,17.073271,2.287836,-164.381406,-13.7260,-3.6744,0.0000
35230000,51.0003821621,0.0013499551,35.0008,17.063816,2.306648,-164.254766,-13.7141,-3.7023,0.0000
35240000,51.0003809299,0.0013494257,35.0008,17.054286,2.325466,-164.128170,-13.7020,-3.7302,0.0000
35250000,51.0003796988,0.0013488922,35.0008,17.044680,2.344288,-164.001620,-13.6899,-3.7581,0.0000
35260000,51.0003784688,0.0013483549,35.0008,17.034999,2.363116,-163.875116,-13.6777,-3.7859,0.0000
35270000,51.0003772398,0.0013478135,35.0008,17.025243,2.381948,-163.748659,-13.6655,-3.8136,0.0000
35280000,51.0003760120,0.0013472683,35.0008,17.015412,2.400786,-163.622248,-13.6531,-3.8413,0.0000
35290000,51.0003747853,0.0013467190,35.0008,17.005506,2.419628,-163.495883,-13.6406,-3.8689,0.0000
35300000,51.0003735598,0.0013461659,35.0008,16.995525,2.438476,-163.369567,-13.6281,-3.8965,0.0000
35310000,51.0003723353,0.0013456088,35.0008,16.985469,2.457329,-163.243297,-13.6155,-3.9240,0.0000
35320000,51.0003711121,0.0013450478,35.0008,16.975338,2.476187,-163.117076,-13.6027,-3.9515,0.0000
35330000,51.0003698899,0.0013444829,35.0008,16.965132,2.495051,-162.990904,-13.5899,-3.9789,0.0000
35340000,51.0003686689,0.0013439141,35.0008,16.954851,2.513919,-162.864780,-13.5770,-4.0063,0.0000
35350000,51.0003674491,0.0013433414,35.0008,16.944495,2.532793,-162.738705,-13.5641,-4.0336,0.0000
35360000,51.0003662304,0.0013427648,35.0008,16.934065,2.551672,-162.612680,-13.5510,-4.0608,0.0000
35370000,51.0003650129,0.0013421844,35.0008,16.923560,2.570557,-162.486704,-13.5379,-4.0880,0.0000
35380000,51.0003637966,0.0013416001,35.0008,16.912980,2.589447,-162.360779,-13.5246,-4.1151,0.0000
35390000,51.0003625815,0.0013410119,35.0008,16.902326,2.608342,-162.234905,-13.5113,-4.1422,0.0000
35400000,51.0003613676,0.0013404198,35.0008,16.891597,2.627243,-162.109081,-13.4979,-4.1692,0.0000
35410000,51.0003601549,0.0013398239,35.0008,16.880793,2.646150,-161.983309,-13.4844,-4.1962,0.0000
35420000,51.0003589434,0.0013392242,35.0008,16.869915,2.665062,-161.857589,-13.4709,-4.2231,0.0000
35430000,51.0003577332,0.0013386207,35.0008,16.858963,2.683979,-161.731921,-13.4572,-4.2499,0.0000
35440000,51.0003565242,0.0013380133,35.0008,16.847937,2.702902,-161.606305,-13.4435,-4.2767,0.0000
35450000,51.0003553164,0.0013374021,35.0008,16.836836,2.721831,-161.480742,-13.4297,-4.3034,0.0000
35460000,51.0003541098,0.0013367871,35.0008,16.825661,2.740765,-161.355232,-13.4158,-4.3301,0.0000
35470000,51.0003529045,0.0013361684,35.0008,16.814411,2.759705,-161.229776,-13.4018,-4.3567,0.0000
35480000,51.0003517005,0.0013355458,35.0008,16.803088,2.778650,-161.104374,-13.3877,-4.3832,0.0000
35490000,51.0003504978,0.0013349195,35.0008,16.791690,2.797602,-160.979026,-13.3736,-4.4097,0.0000
35500000,51.0003492963,0.0013342894,35.0008,16.780219,2.816559,-160.853732,-13.3594,-4.4361,0.0000
35510000,51.0003480961,0.0013336555,35.0008,16.768673,2.835522,-160.728494,-13.3451,-4.4625,0.0000
35520000,51.0003468971,0.0013330179,35.0008,16.757054,2.854490,-160.603311,-13.3307,-4.4888,0.0000
35530000,51.0003456995,0.0013323765,35.0008,16.745360,2.873465,-160.478184,-13.3162,-4.5150,0.0000
35540000,51.0003445032,0.0013317315,35.0008,16.733593,2.892445,-160.353113,-13.3016,-4.5412,0.0000
35550000,51.0003433082,0.0013310827,35.0008,16.721752,2.911431,-160.228099,-13.2870,-4.5673,0.0000
35560000,51.0003421145,0.0013304301,35.0008,16.709838,2.930424,-160.103141,-13.2723,-4.5933,0.0000
35570000,51.0003409222,0.0013297739,35.0008,16.697850,2.949422,-159.978241,-13.2575,-4.6193,0.0000
35580000,51.0003397312,0.0013291140,35.0008,16.685788,2.968426,-159.853398,-13.2426,-4.6452,0.0000
35590000,51.0003385415,0.0013284504,35.0008,16.673652,2.987436,-159.728613,-13.2277,-4.6711,0.0000
35600000,51.0003373531,0.0013277831,35.0008,16.661444,3.006452,-159.603887,-13.2126,-4.6969,0.0000
35610000,51.0003361662,0.0013271121,35.0008,16.649161,3.025474,-159.479219,-13.1975,-4.7226,0.0000
35620000,51.0003349806,0.0013264375,35.0008,16.636806,3.044503,-159.354611,-13.1823,-4.7482,0.0000
35630000,51.0003337963,0.0013257592,35.0008,16.624377,3.063537,-159.230062,-13.1671,-4.7738,0.0000
35640000,51.0003326134,0.0013250773,35.0008,16.611875,3.082578,-159.105572,-13.1517,-4.7993,0.0000
35650000,51.0003314319,0.0013243918,35.0008,16.599300,3.101625,-158.981143,-13.1363,-4.8248,0.0000
35660000,51.0003302518,0.0013237026,35.0008,16.586651,3.120678,-158.856774,-13.1208,-4.8502,0.0000
35670000,51.0003290731,0.0013230099,35.0008,16.573930,3.139737,-158.732467,-13.1052,-4.8755,0.0000
35680000,51.0003278958,0.0013223135,35.0008,16.561136,3.158802,-158.608220,-13.0896,-4.9008,0.0000
35690000,51.0003267199,0.0013216135,35.0008,16.548268,3.177874,-158.484035,-13.0739,-4.9259,0.0000
35700000,51.0003255455,0.0013209100,35.0008,16.535328,3.196952,-158.359913,-13.0580,-4.9511,0.0000
35710000,51.0003243724,0.0013202029,35.0008,16.522315,3.216036,-158.235852,-13.0422,-4.9761,0.0000
35720000,51.0003232008,0.0013194922,35.0008,16.509230,3.235127,-158.111854,-13.0262,-5.0011,0.0000
35730000,51.0003220306,0.0013187779,35.0008,16.496071,3.254224,-157.987920,-13.0102,-5.0260,0.0000
35740000,51.0003208619,0.0013180601,35.0008,16.482840,3.273327,-157.864049,-12.9941,-5.0509,0.0000
35750000,51.0003196946,0.0013173388,35.0008,16.469537,3.292437,-157.740242,-12.9779,-5.0756,0.0000
35760000,51.0003185288,0.0013166140,35.0008,16.456161,3.311554,-157.616499,-12.9616,-5.1003,0.0000
35770000,51.0003173644,0.0013158856,35.0008,16.442713,3.330676,-157.492820,-12.9453,-5.1250,0.0000
35780000,51.0003162015,0.0013151538,35.0008,16.429192,3.349806,-157.369207,-12.9289,-5.1495,0.0000
35790000,51.0003150401,0.0013144184,35.0008,16.415599,3.368941,-157.245658,-12.9124,-5.1740,0.0000
35800000,51.0003138802,0.0013136796,35.0008,16.401934,3.388084,-157.122176,-12.8958,-5.1984,0.0000
35810000,51.0003127218,0.0013129373,35.0008,16.388197,3.407233,-156.998760,-12.8792,-5.2228,0.0000
35820000,51.0003115648,0.0013121915,35.0008,16.374387,3.426388,-156.875409,-12.8625,-5.2471,0.0000
35830000,51.0003104094,0.0013114423,35.0008,16.360506,3.445550,-156.752126,-12.8457,-5.2713,0.0000
35840000,51.0003092555,0.0013106896,35.0008,16.346553,3.464719,-156.628910,-12.8289,-5.2954,0.0000
35850000,51.0003081031,0.0013099335,35.0008,16.332528,3.483894,-156.505762,-12.8120,-5.3195,0.0000
35860000,51.0003069522,0.0013091740,35.0008,16.318431,3.503076,-156.382681,-12.7950,-5.3434,0.0000
35870000,51.0003058029,0.0013084110,35.0008,16.304262,3.522265,-156.259668,-12.7779,-5.3674,0.0000
35880000,51.0003046551,0.0013076447,35.0007,16.290022,3.541460,-156.136724,-12.7608,-5.3912,0.0000
35890000,51.0003035088,0.0013068750,35.0007,16.275710,3.560662,-156.013850,-12.7436,-5.4150,0.0000
35900000,51.0003023641,0.0013061018,35.0007,16.261327,3.579871,-155.891044,-12.7263,-5.4387,0.0000
35910000,51.0003012209,0.0013053254,35.0007,16.246872,3.599087,-155.768308,-12.7090,-5.4623,0.0000
35920000,51.0003000793,0.0013045455,35.0007,16.232346,3.618309,-155.645642,-12.6916,-5.4858,0.0000
35930000,51.0002989393,0.0013037623,35.0007,16.217749,3.637538,-155.523047,-12.6741,-5.5093,0.0000
35940000,51.0002978008,0.0013029758,35.0007,16.203080,3.656775,-155.400523,-12.6565,-5.5327,0.0000
35950000,51.0002966639,0.0013021860,35.0007,16.188340,3.676017,-155.278069,-12.6389,-5.5560,0.0000
35960000,51.0002955286,0.0013013928,35.0007,16.173530,3.695267,-155.155687,-12.6212,-5.5792,0.0000
35970000,51.0002943949,0.0013005963,35.0007,16.158648,3.714524,-155.033378,-12.6035,-5.6024,0.0000
35980000,51.0002932628,0.0012997966,35.0007,16.143695,3.733787,-154.911140,-12.5857,-5.6255,0.0000
35990000,51.0002921324,0.0012989935,35.0007,16.128672,3.753058,-154.788975,-12.5678,-5.6485,0.0000
36000000,51.0002910035,0.0012981872,35.0007,16.113578,3.772335,-154.666883,-12.5498,-5.6714,0.0000
36010000,51.0002898762,0.0012973776,35.0007,16.098413,3.791620,-154.544864,-12.5318,-5.6943,0.0000
36020000,51.0002887506,0.0012965648,35.0007,16.083177,3.810911,-154.422920,-12.5137,-5.7171,0.0000
36030000,51.0002876266,0.0012957487,35.0007,16.067871,3.830209,-154.301049,-12.4955,-5.7398,0.0000
36040000,51.0002865042,0.0012949294,35.0007,16.052495,3.849515,-154.179252,-12.4773,-5.7624,0.0000
36050000,51.0002853834,0.0012941069,35.0007,16.037048,3.868827,-154.057531,-12.4590,-5.7849,0.0000
36060000,51.0002842644,0.0012932811,35.0007,16.021531,3.888147,-153.935885,-12.4407,-5.8074,0.0000
36070000,51.0002831469,0.0012924522,35.0007,16.005944,3.907473,-153.814314,-12.4222,-5.8298,0.0000
36080000,51.0002820311,0.0012916201,35.0007,15.990287,3.926807,-153.692819,-12.4037,-5.8521,0.0000
36090000,51.0002809170,0.0012907848,35.0007,15.974559,3.946147,-153.571401,-12.3852,-5.8743,0.0000
36100000,51.0002798046,0.0012899464,35.0007,15.958762,3.965495,-153.450059,-12.3666,-5.8965,0.0000
36110000,51.0002786938,0.0012891048,35.0007,15.942895,3.984850,-153.328794,-12.3479,-5.9185,0.0000
36120000,51.0002775847,0.0012882601,35.0007,15.926958,4.004212,-153.207607,-12.3292,-5.9405,0.0000
36130000,51.0002764773,0.0012874122,35.0007,15.910951,4.023581,-153.086497,-12.3104,-5.9624,0.0000
36140000,51.0002753716,0.0012865613,35.0007,15.894875,4.042957,-152.965465,-12.2915,-5.9843,0.0000
36150000,51.0002742676,0.0012857072,35.0007,15.878729,4.062341,-152.844512,-12.2726,-6.0060,0.0000
36160000,51.0002731653,0.0012848501,35.0007,15.862514,4.081732,-152.723638,-12.2536,-6.0277,0.0000
36170000,51.0002720647,0.0012839898,35.0007,15.846230,4.101129,-152.602843,-12.2345,-6.0493,0.0000
36180000,51.0002709659,0.0012831265,35.0007,15.829876,4.120535,-152.482128,-12.2154,-6.0708,0.0000
36190000,51.0002698687,0.0012822601,35.0007,15.813453,4.139947,-152.361492,-12.1962,-6.0922,0.0000
36200000,51.0002687733,0.0012813907,35.0007,15.796961,4.159366,-152.240937,-12.1770,-6.1135,0.0000
36210000,51.0002676796,0.0012805183,35.0007,15.780400,4.178793,-152.120463,-12.1577,-6.1348,0.0000
36220000,51.0002665876,0.0012796428,35.0007,15.763770,4.198227,-152.000069,-12.1383,-6.1559,0.0000
36230000,51.0002654974,0.0012787643,35.0007,15.747071,4.217669,-151.879757,-12.1189,-6.1770,0.0000
36240000,51.0002644090,0.0012778829,35.0007,15.730304,4.237117,-151.759527,-12.0994,-6.1980,0.0000
36250000,51.0002633222,0.0012769984,35.0007,15.713468,4.256573,-151.639379,-12.0799,-6.2189,0.0000
36260000,51.0002622373,0.0012761110,35.0007,15.696563,4.276037,-151.519313,-12.0603,-6.2398,0.0000
36270000,51.0002611541,0.0012752206,35.0007,15.679590,4.295507,-151.399330,-12.0407,-6.2605,0.0000
36280000,51.0002600727,0.0012743272,35.0007,15.662548,4.314985,-151.279431,-12.0209,-6.2812,0.0000
36290000,51.0002589930,0.0012734310,35.0007,15.645439,4.334470,-151.159615,-12.0012,-6.3018,0.0000
36300000,51.0002579152,0.0012725317,35.0007,15.628261,4.353963,-151.039882,-11.9814,-6.3223,0.0000
36310000,51.0002568391,0.0012716296,35.0007,15.611015,4.373463,-150.920235,-11.9615,-6.3427,0.0000
36320000,51.0002557648,0.0012707246,35.0007,15.593701,4.392970,-150.800672,-11.9415,-6.3630,0.0000
36330000,51.0002546923,0.0012698167,35.0007,15.576319,4.412485,-150.681194,-11.9215,-6.3833,0.0000
36340000,51.0002536216,0.0012689059,35.0007,15.558869,4.432007,-150.561801,-11.9015,-6.4034,0.0000
36350000,51.0002525527,0.0012679922,35.0007,15.541352,4.451536,-150.442494,-11.8814,-6.4235,0.0000
36360000,51.0002514856,0.0012670757,35.0007,15.523767,4.471073,-150.323273,-11.8612,-6.4435,0.0000
36370000,51.0002504203,0.0012661564,35.0007,15.506114,4.490618,-150.204139,-11.8410,-6.4634,0.0000
36380000,51.0002493569,0.0012652342,35.0007,15.488395,4.510169,-150.085092,-11.8207,-6.4832,0.0000
36390000,51.0002482953,0.0012643092,35.0007,15.470607,4.529728,-149.966131,-11.8004,-6.5029,0.0000
36400000,51.0002472355,0.0012633814,35.0007,15.452753,4.549295,-149.847259,-11.7800,-6.5226,0.0000
36410000,51.0002461775,0.0012624508,35.0007,15.434831,4.568869,-149.728474,-11.7596,-6.5421,0.0000
36420000,51.0002451214,0.0012615174,35.0007,15.416843,4.588450,-149.609778,-11.7391,-6.5616,0.0000
36430000,51.0002440671,0.0012605813,35.0007,15.398788,4.608039,-149.491170,-11.7186,-6.5810,0.0000
36440000,51.0002430147,0.0012596424,35.0007,15.380665,4.627636,-149.372652,-11.6980,-6.6002,0.0000
36450000,51.0002419641,0.0012587008,35.0007,15.362476,4.647239,-149.254222,-11.6773,-6.6194,0.0000
36460000,51.0002409154,0.0012577564,35.0007,15.344221,4.666851,-149.135883,-11.6566,-6.6386,0.0000
36470000,51.0002398685,0.0012568093,35.0007,15.325899,4.686469,-149.017633,-11.6359,-6.6576,0.0000
36480000,51.0002388236,0.0012558595,35.0007,15.307510,4.706096,-148.899475,-11.6151,-6.6765,0.0000
36490000,51.0002377804,0.0012549071,35.0007,15.289056,4.725729,-148.781406,-11.5942,-6.6954,0.0000
36500000,51.0002367392,0.0012539519,35.0007,15.270535,4.745370,-148.663430,-11.5733,-6.7141,0.0000
36510000,51.0002356998,0.0012529941,35.0007,15.251948,4.765019,-148.545544,-11.5524,-6.7328,0.0000
36520000,51.0002346624,0.0012520336,35.0007,15.233295,4.784675,-148.427751,-11.5314,-6.7514,0.0000
36530000,51.0002336268,0.0012510705,35.0007,15.214576,4.804339,-148.310050,-11.5103,-6.7699,0.0000
36540000,51.0002325931,0.0012501048,35.0007,15.195792,4.824010,-148.192441,-11.4892,-6.7883,0.0000
36550000,51.0002315613,0.0012491364,35.0007,15.176941,4.843688,-148.074926,-11.4681,-6.8066,0.0000
36560000,51.0002305314,0.0012481655,35.0007,15.158026,4.863375,-147.957504,-11.4469,-6.8248,0.0000
36570000,51.0002295034,0.0012471919,35.0007,15.139044,4.883068,-147.840176,-11.4256,-6.8429,0.0000
36580000,51.0002284774,0.0012462158,35.0006,15.119998,4.902769,-147.722941,-11.4044,-6.8610,0.0000
36590000,51.0002274532,0.0012452371,35.0006,15.100886,4.922478,-147.605802,-11.3830,-6.8789,0.0000
36600000,51.0002264310,0.0012442559,35.0006,15.081709,4.942194,-147.488757,-11.3616,-6.8968,0.0000
36610000,51.0002254107,0.0012432721,35.0006,15.062468,4.961918,-147.371807,-11.3402,-6.9145,0.0000
36620000,51.0002243923,0.0012422858,35.0006,15.043161,4.981649,-147.254953,-11.3187,-6.9322,0.0000
36630000,51.0002233759,0.0012412970,35.0006,15.023790,5.001387,-147.138194,-11.2972,-6.9498,0.0000
36640000,51.0002223614,0.0012403057,35.0006,15.004353,5.021133,-147.021532,-11.2756,-6.9673,0.0000
36650000,51.0002213488,0.0012393119,35.0006,14.984853,5.040887,-146.904967,-11.2540,-6.9847,0.0000
36660000,51.0002203382,0.0012383157,35.0006,14.965288,5.060648,-146.788498,-11.2324,-7.0020,0.0000
36670000,51.0002193295,0.0012373169,35.0006,14.945659,5.080417,-146.672127,-11.2107,-7.0192,0.0000
36680000,51.0002183228,0.0012363158,35.0006,14.925965,5.100193,-146.555853,-11.1889,-7.0363,0.0000
36690000,51.0002173180,0.0012353122,35.0006,14.906207,5.119976,-146.439678,-11.1671,-7.0533,0.0000
36700000,51.0002163152,0.0012343062,35.0006,14.886386,5.139767,-146.323601,-11.1453,-7.0703,0.0000
36710000,51.0002153144,0.0012332977,35.0006,14.866501,5.159566,-146.207623,-11.1234,-7.0871,0.0000
36720000,51.0002143155,0.0012322869,35.0006,14.846552,5.179372,-146.091744,-11.1015,-7.1039,0.0000
36730000,51.0002133186,0.0012312737,35.0006,14.826539,5.199186,-145.975964,-11.0795,-7.1205,0.0000
36740000,51.0002123237,0.0012302582,35.0006,14.806463,5.219007,-145.860284,-11.0575,-7.1371,0.0000
36750000,51.0002113307,0.0012292403,35.0006,14.786323,5.238835,-145.744705,-11.0355,-7.1536,0.0000
36760000,51.0002103398,0.0012282200,35.0006,14.766121,5.258671,-145.629226,-11.0134,-7.1699,0.0000
36770000,51.0002093508,0.0012271974,35.0006,14.745855,5.278514,-145.513847,-10.9913,-7.1862,0.0000
36780000,51.0002083638,0.0012261725,35.0006,14.725526,5.298365,-145.398571,-10.9691,-7.2024,0.0000
36790000,51.0002073788,0.0012251453,35.0006,14.705134,5.318224,-145.283395,-10.9469,-7.2185,0.0000
36800000,51.0002063958,0.0012241159,35.0006,14.684680,5.338089,-145.168322,-10.9247,-7.2345,0.0000
36810000,51.0002054148,0.0012230841,35.0006,14.664163,5.357963,-145.053351,-10.9024,-7.2504,0.0000
36820000,51.0002044358,0.0012220501,35.0006,14.643583,5.377843,-144.938483,-10.8801,-7.2662,0.0000
36830000,51.0002034589,0.0012210138,35.0006,14.622941,5.397731,-144.823718,-10.8577,-7.2819,0.0000
36840000,51.0002024839,0.0012199754,35.0006,14.602237,5.417627,-144.709057,-10.8353,-7.2976,0.0000
36850000,51.0002015109,0.0012189347,35.0006,14.581471,5.437530,-144.594499,-10.8129,-7.3131,0.0000
36860000,51.0002005400,0.0012178917,35.0006,14.560643,5.457440,-144.480045,-10.7904,-7.3285,0.0000
36870000,51.0001995711,0.0012168466,35.0006,14.539753,5.477358,-144.365696,-10.7679,-7.3439,0.0000
36880000,51.0001986042,0.0012157994,35.0006,14.518801,5.497283,-144.251451,-10.7453,-7.3591,0.0000
36890000,51.0001976394,0.0012147499,35.0006,14.497788,5.517216,-144.137312,-10.7228,-7.3742,0.0000
36900000,51.0001966765,0.0012136983,35.0006,14.476713,5.537155,-144.023278,-10.7001,-7.3893,0.0000
36910000,51.0001957157,0.0012126446,35.0006,14.455576,5.557103,-143.909351,-10.6775,-7.4042,0.0000
36920000,51.0001947570,0.0012115887,35.0006,14.434379,5.577057,-143.795529,-10.6548,-7.4191,0.0000
36930000,51.0001938003,0.0012105308,35.0006,14.413121,5.597019,-143.681815,-10.6321,-7.4339,0.0000
36940000,51.0001928456,0.0012094707,35.0006,14.391801,5.616989,-143.568207,-10.6093,-7.4485,0.0000
36950000,51.0001918930,0.0012084086,35.0006,14.370421,5.636965,-143.454706,-10.5865,-7.4631,0.0000
36960000,51.0001909424,0.0012073444,35.0006,14.348980,5.656949,-143.341313,-10.5637,-7.4776,0.0000
36970000,51.0001899939,0.0012062781,35.0006,14.327479,5.676940,-143.228029,-10.5408,-7.4919,0.0000
36980000,51.0001890474,0.0012052098,35.0006,14.305917,5.696939,-143.114852,-10.5179,-7.5062,0.0000
36990000,51.0001881030,0.0012041395,35.0006,14.284295,5.716945,-143.001785,-10.4950,-7.5204,0.0000
37000000,51.0001871607,0.0012030671,35.0006,14.262613,5.736958,-142.888826,-10.4721,-7.5345,0.0000
37010000,51.0001862204,0.0012019928,35.0006,14.240871,5.756978,-142.775977,-10.4491,-7.5485,0.0000
37020000,51.0001852822,0.0012009165,35.0006,14.219069,5.777006,-142.663238,-10.4260,-7.5624,0.0000
37030000,51.0001843461,0.0011998382,35.0006,14.197207,5.797041,-142.550609,-10.4030,-7.5761,0.0000
37040000,51.0001834120,0.0011987579,35.0006,14.175286,5.817083,-142.438090,-10.3799,-7.5898,0.0000
37050000,51.0001824800,0.0011976757,35.0006,14.153305,5.837132,-142.325683,-10.3568,-7.6034,0.0000
37060000,51.0001815501,0.0011965916,35.0006,14.131265,5.857188,-142.213386,-10.3336,-7.6169,0.0000
37070000,51.0001806223,0.0011955055,35.0006,14.109166,5.877252,-142.101201,-10.3105,-7.6303,0.0000
37080000,51.0001796966,0.0011944176,35.0006,14.087008,5.897323,-141.989128,-10.2873,-7.6436,0.0000
37090000,51.0001787729,0.0011933277,35.0006,14.064791,5.917401,-141.877168,-10.2640,-7.6569,0.0000
37100000,51.0001778514,0.0011922360,35.0006,14.042516,5.937486,-141.765320,-10.2408,-7.6700,0.0000
37110000,51.0001769319,0.0011911424,35.0006,14.020182,5.957578,-141.653585,-10.2175,-7.6830,0.0000
37120000,51.0001760145,0.0011900470,35.0006,13.997789,5.977677,-141.541963,-10.1942,-7.6959,0.0000
37130000,51.0001750992,0.0011889498,35.0006,13.975338,5.997783,-141.430455,-10.1708,-7.7087,0.0000
37140000,51.0001741861,0.0011878507,35.0006,13.952829,6.017897,-141.319061,-10.1475,-7.7214,0.0000
37150000,51.0001732750,0.0011867498,35.0006,13.930262,6.038017,-141.207782,-10.1241,-7.7340,0.0000
37160000,51.0001723660,0.0011856472,35.0006,13.907638,6.058145,-141.096617,-10.1007,-7.7465,0.0000
37170000,51.0001714591,0.0011845427,35.0006,13.884955,6.078279,-140.985567,-10.0772,-7.7590,0.0000
37180000,51.0001705544,0.0011834365,35.0006,13.862215,6.098421,-140.874633,-10.0537,-7.7713,0.0000
37190000,51.0001696517,0.0011823286,35.0006,13.839418,6.118569,-140.763814,-10.0302,-7.7835,0.0000
37200000,51.0001687512,0.0011812189,35.0006,13.816564,6.138725,-140.653112,-10.0067,-7.7956,0.0000
37210000,51.0001678528,0.0011801075,35.0006,13.793652,6.158887,-140.542526,-9.9832,-7.8076,0.0000
37220000,51.0001669565,0.0011789944,35.0006,13.770683,6.179056,-140.432057,-9.9596,-7.8196,0.0000
37230000,51.0001660623,0.0011778796,35.0006,13.747658,6.199233,-140.321705,-9.9360,-7.8314,0.0000
37240000,51.0001651702,0.0011767631,35.0006,13.724576,6.219416,-140.211471,-9.9124,-7.8431,0.0000
37250000,51.0001642803,0.0011756450,35.0006,13.701438,6.239606,-140.101354,-9.8887,-7.8547,0.0000
37260000,51.0001633925,0.0011745252,35.0006,13.678243,6.259803,-139.991356,-9.8651,-7.8663,0.0000
37270000,51.0001625068,0.0011734038,35.0006,13.654993,6.280006,-139.881476,-9.8414,-7.8777,0.0000
37280000,51.0001616232,0.0011722807,35.0006,13.631686,6.300217,-139.771716,-9.8177,-7.8890,0.0000
37290000,51.0001607418,0.0011711561,35.0006,13.608323,6.320434,-139.662074,-9.7940,-7.9002,0.0000
37300000,51.0001598625,0.0011700299,35.0006,13.584905,6.340658,-139.552553,-9.7702,-7.9114,0.0000
37310000,51.0001589854,0.0011689020,35.0006,13.561432,6.360889,-139.443151,-9.7464,-7.9224,0.0000
37320000,51.0001581104,0.0011677727,35.0005,13.537903,6.381126,-139.333869,-9.7226,-7.9333,0.0000
37330000,51.0001572375,0.0011666417,35.0005,13.514318,6.401370,-139.224708,-9.6988,-7.9441,0.0000
37340000,51.0001563668,0.0011655093,35.0005,13.490679,6.421621,-139.115668,-9.6750,-7.9549,0.0000
37350000,51.0001554982,0.0011643753,35.0005,13.466985,6.441878,-139.006750,-9.6511,-7.9655,0.0000
37360000,51.0001546317,0.0011632398,35.0005,13.443236,6.462142,-138.897953,-9.6273,-7.9760,0.0000
37370000,51.0001537675,0.0011621028,35.0005,13.419433,6.482413,-138.789278,-9.6034,-7.9864,0.0000
37380000,51.0001529053,0.0011609643,35.0005,13.395576,6.502690,-138.680726,-9.5795,-7.9967,0.0000
37390000,51.0001520453,0.0011598244,35.0005,13.371664,6.522974,-138.572296,-9.5556,-8.0070,0.0000
37400000,51.0001511875,0.0011586831,35.0005,13.347698,6.543264,-138.463989,-9.5316,-8.0171,0.0000
37410000,51.0001503318,0.0011575402,35.0005,13.323678,6.563561,-138.355806,-9.5077,-8.0271,0.0000
37420000,51.0001494782,0.0011563960,35.0005,13.299605,6.583864,-138.247747,-9.4837,-8.0370,0.0000
37430000,51.0001486268,0.0011552504,35.0005,13.275478,6.604174,-138.139811,-9.4597,-8.0469,0.0000
37440000,51.0001477776,0.0011541034,35.0005,13.251298,6.624490,-138.032000,-9.4357,-8.0566,0.0000
37450000,51.0001469305,0.0011529549,35.0005,13.227064,6.644813,-137.924314,-9.4117,-8.0662,0.0000
37460000,51.0001460856,0.0011518052,35.0005,13.202778,6.665142,-137.816753,-9.3876,-8.0757,0.0000
37470000,51.0001452429,0.0011506541,35.0005,13.178439,6.685477,-137.709318,-9.3636,-8.0851,0.0000
37480000,51.0001444023,0.0011495016,35.0005,13.154047,6.705819,-137.602008,-9.3395,-8.0945,0.0000
37490000,51.0001435639,0.0011483478,35.0005,13.129602,6.726166,-137.494824,-9.3154,-8.1037,0.0000
37500000,51.0001427276,0.0011471928,35.0005,13.105106,6.746521,-137.387767,-9.2913,-8.1128,0.0000
37510000,51.0001418935,0.0011460364,35.0005,13.080557,6.766881,-137.280837,-9.2672,-8.1218,0.0000
37520000,51.0001410616,0.0011448788,35.0005,13.055956,6.787247,-137.174034,-9.2431,-8.1307,0.0000
37530000,51.0001402319,0.0011437199,35.0005,13.031303,6.807620,-137.067358,-9.2190,-8.1395,0.0000
37540000,51.0001394043,0.0011425597,35.0005,13.006599,6.827999,-136.960811,-9.1948,-8.1482,0.0000
37550000,51.0001385789,0.0011413983,35.0005,12.981843,6.848384,-136.854391,-9.1707,-8.1568,0.0000
37560000,51.0001377556,0.0011402357,35.0005,12.957037,6.868775,-136.748100,-9.1465,-8.1654,0.0000
37570000,51.0001369346,0.0011390719,35.0005,12.932179,6.889172,-136.641938,-9.1223,-8.1738,0.0000
37580000,51.0001361157,0.0011379069,35.0005,12.907270,6.909575,-136.535905,-9.0981,-8.1821,0.0000
37590000,51.0001352990,0.0011367407,35.0005,12.882310,6.929984,-136.430002,-9.0739,-8.1903,0.0000
37600000,51.0001344844,0.0011355734,35.0005,12.857300,6.950400,-136.324228,-9.0497,-8.1984,0.0000
37610000,51.0001336720,0.0011344049,35.0005,12.832240,6.970821,-136.218585,-9.0255,-8.2064,0.0000
37620000,51.0001328619,0.0011332353,35.0005,12.807129,6.991248,-136.113072,-9.0012,-8.2143,0.0000
37630000,51.0001320539,0.0011320645,35.0005,12.781969,7.011680,-136.007691,-8.9770,-8.2221,0.0000
37640000,51.0001312480,0.0011308927,35.0005,12.756759,7.032119,-135.902440,-8.9527,-8.2298,0.0000
37650000,51.0001304444,0.0011297198,35.0005,12.731499,7.052563,-135.797321,-8.9285,-8.2374,0.0000
37660000,51.0001296429,0.0011285458,35.0005,12.706190,7.073014,-135.692334,-8.9042,-8.2449,0.0000
37670000,51.0001288436,0.0011273707,35.0005,12.680831,7.093469,-135.587479,-8.8799,-8.2523,0.0000
37680000,51.0001280465,0.0011261946,35.0005,12.655424,7.113931,-135.482757,-8.8557,-8.2596,0.0000
37690000,51.0001272516,0.0011250174,35.0005,12.629967,7.134398,-135.378167,-8.8314,-8.2667,0.0000
37700000,51.0001264589,0.0011238393,35.0005,12.604462,7.154871,-135.273711,-8.8071,-8.2738,0.0000
37710000,51.0001256683,0.0011226601,35.0005,12.578909,7.175350,-135.169389,-8.7828,-8.2808,0.0000
37720000,51.0001248800,0.0011214800,35.0005,12.553307,7.195834,-135.065200,-8.7585,-8.2877,0.0000
37730000,51.0001240938,0.0011202988,35.0005,12.527657,7.216324,-134.961145,-8.7342,-8.2945,0.0000
37740000,51.0001233098,0.0011191167,35.0005,12.501960,7.236819,-134.857225,-8.7098,-8.3012,0.0000
37750000,51.0001225280,0.0011179337,35.0005,12.476214,7.257319,-134.753441,-8.6855,-8.3078,0.0000
37760000,51.0001217483,0.0011167498,35.0005,12.450421,7.277825,-134.649791,-8.6612,-8.3142,0.0000
37770000,51.0001209709,0.0011155649,35.0005,12.424581,7.298337,-134.546277,-8.6369,-8.3206,0.0000
37780000,51.0001201957,0.0011143791,35.0005,12.398694,7.318854,-134.442898,-8.6125,-8.3269,0.0000
37790000,51.0001194226,0.0011131924,35.0005,12.372760,7.339376,-134.339656,-8.5882,-8.3331,0.0000
37800000,51.0001186517,0.0011120049,35.0005,12.346779,7.359903,-134.236551,-8.5638,-8.3392,0.0000
37810000,51.0001178830,0.0011108165,35.0005,12.320752,7.380436,-134.133582,-8.5395,-8.3451,0.0000
37820000,51.0001171165,0.0011096273,35.0005,12.294678,7.400973,-134.030751,-8.5151,-8.3510,0.0000
37830000,51.0001163522,0.0011084372,35.0005,12.268559,7.421516,-133.928057,-8.4908,-8.3568,0.0000
37840000,51.0001155901,0.0011072463,35.0005,12.242393,7.442064,-133.825501,-8.4664,-8.3624,0.0000
37850000,51.0001148302,0.0011060546,35.0005,12.216182,7.462618,-133.723083,-8.4421,-8.3680,0.0000
37860000,51.0001140724,0.0011048622,35.0005,12.189925,7.483176,-133.620804,-8.4177,-8.3735,0.0000
37870000,51.0001133169,0.0011036689,35.0005,12.163623,7.503739,-133.518664,-8.3934,-8.3788,0.0000
37880000,51.0001125635,0.0011024749,35.0005,12.137276,7.524307,-133.416662,-8.3690,-8.3841,0.0000
37890000,51.0001118124,0.0011012802,35.0005,12.110884,7.544880,-133.314801,-8.3447,-8.3893,0.0000
37900000,51.0001110634,0.0011000847,35.0005,12.084448,7.565458,-133.213079,-8.3203,-8.3943,0.0000
37910000,51.0001103166,0.0010988885,35.0005,12.057967,7.586041,-133.111497,-8.2960,-8.3993,0.0000
37920000,51.0001095720,0.0010976917,35.0005,12.031441,7.606629,-133.010056,-8.2716,-8.4041,0.0000
37930000,51.0001088296,0.0010964941,35.0005,12.004872,7.627222,-132.908756,-8.2473,-8.4089,0.0000
37940000,51.0001080893,0.0010952959,35.0005,11.978259,7.647819,-132.807596,-8.2229,-8.4136,0.0000
37950000,51.0001073513,0.0010940970,35.0005,11.951602,7.668421,-132.706578,-8.1986,-8.4181,0.0000
37960000,51.0001066154,0.0010928974,35.0005,11.924902,7.689027,-132.605702,-8.1742,-8.4226,0.0000
37970000,51.0001058818,0.0010916973,35.0005,11.898159,7.709638,-132.504969,-8.1499,-8.4269,0.0000
37980000,51.0001051503,0.0010904965,35.0005,11.871373,7.730254,-132.404377,-8.1255,-8.4312,0.0000
37990000,51.0001044210,0.0010892951,35.0005,11.844544,7.750874,-132.303928,-8.1012,-8.4353,0.0000
38000000,51.0001036939,0.0010880932,35.0005,11.817672,7.771499,-132.203623,-8.0769,-8.4394,0.0000
38010000,51.0001029690,0.0010868907,35.0005,11.790759,7.792128,-132.103460,-8.0525,-8.4433,0.0000
38020000,51.0001022463,0.0010856876,35.0005,11.763803,7.812762,-132.003442,-8.0282,-8.4471,0.0000
38030000,51.0001015257,0.0010844840,35.0005,11.736805,7.833400,-131.903567,-8.0039,-8.4509,0.0000
38040000,51.0001008074,0.0010832798,35.0005,11.709766,7.854042,-131.803837,-7.9796,-8.4545,0.0000
38050000,51.0001000912,0.0010820752,35.0005,11.682685,7.874689,-131.704252,-7.9553,-8.4581,0.0000
38060000,51.0000993772,0.0010808700,35.0005,11.655563,7.895340,-131.604811,-7.9310,-8.4615,0.0000
38070000,51.0000986654,0.0010796644,35.0005,11.628400,7.915994,-131.505516,-7.9067,-8.4649,0.0000
38080000,51.0000979558,0.0010784583,35.0005,11.601196,7.936654,-131.406367,-7.8824,-8.4681,0.0000
38090000,51.0000972484,0.0010772517,35.0005,11.573952,7.957317,-131.307363,-7.8581,-8.4712,0.0000
38100000,51.0000965431,0.0010760447,35.0005,11.546667,7.977984,-131.208506,-7.8338,-8.4743,0.0000
38110000,51.0000958401,0.0010748373,35.0005,11.519342,7.998655,-131.109795,-7.8095,-8.4772,0.0000
38120000,51.0000951392,0.0010736295,35.0005,11.491978,8.019330,-131.011231,-7.7853,-8.4801,0.0000
38130000,51.0000944405,0.0010724212,35.0005,11.464573,8.040009,-130.912815,-7.7610,-8.4828,0.0000
38140000,51.0000937440,0.0010712126,35.0005,11.437130,8.060692,-130.814545,-7.7368,-8.4854,0.0000
38150000,51.0000930496,0.0010700036,35.0004,11.409647,8.081379,-130.716424,-7.7125,-8.4880,0.0000
38160000,51.0000923574,0.0010687943,35.0004,11.382125,8.102070,-130.618451,-7.6883,-8.4904,0.0000
38170000,51.0000916675,0.0010675846,35.0004,11.354565,8.122764,-130.520627,-7.6641,-8.4927,0.0000
38180000,51.0000909796,0.0010663746,35.0004,11.326966,8.143462,-130.422951,-7.6399,-8.4950,0.0000
38190000,51.0000902940,0.0010651643,35.0004,11.299328,8.164163,-130.325424,-7.6157,-8.4971,0.0000
38200000,51.0000896105,0.0010639537,35.0004,11.271653,8.184869,-130.228047,-7.5915,-8.4991,0.0000
38210000,51.0000889292,0.0010627428,35.0004,11.243940,8.205577,-130.130819,-7.5673,-8.5011,0.0000
38220000,51.0000882501,0.0010615316,35.0004,11.216189,8.226290,-130.033741,-7.5431,-8.5029,0.0000
38230000,51.0000875732,0.0010603202,35.0004,11.188402,8.247005,-129.936814,-7.5190,-8.5046,0.0000
38240000,51.0000868984,0.0010591086,35.0004,11.160577,8.267724,-129.840038,-7.4948,-8.5063,0.0000
38250000,51.0000862258,0.0010578967,35.0004,11.132715,8.288447,-129.743412,-7.4707,-8.5078,0.0000
38260000,51.0000855554,0.0010566846,35.0004,11.104817,8.309172,-129.646938,-7.4466,-8.5092,0.0000
38270000,51.0000848871,0.0010554723,35.0004,11.076882,8.329901,-129.550615,-7.4225,-8.5106,0.0000
38280000,51.0000842210,0.0010542598,35.0004,11.048911,8.350633,-129.454444,-7.3984,-8.5118,0.0000
38290000,51.0000835571,0.0010530472,35.0004,11.020904,8.371369,-129.358425,-7.3743,-8.5129,0.0000
38300000,51.0000828953,0.0010518344,35.0004,10.992862,8.392107,-129.262559,-7.3502,-8.5140,0.0000
38310000,51.0000822357,0.0010506214,35.0004,10.964784,8.412849,-129.166846,-7.3261,-8.5149,0.0000
38320000,51.0000815783,0.0010494084,35.0004,10.936671,8.433593,-129.071286,-7.3021,-8.5157,0.0000
38330000,51.0000809230,0.0010481952,35.0004,10.908524,8.454340,-128.975879,-7.2781,-8.5165,0.0000
38340000,51.0000802699,0.0010469819,35.0004,10.880341,8.475091,-128.880626,-7.2540,-8.5171,0.0000
38350000,51.0000796189,0.0010457686,35.0004,10.852125,8.495844,-128.785527,-7.2300,-8.5177,0.0000
38360000,51.0000789701,0.0010445552,35.0004,10.823874,8.516600,-128.690582,-7.2061,-8.5181,0.0000
38370000,51.0000783234,0.0010433417,35.0004,10.795589,8.537359,-128.595792,-7.1821,-8.5184,0.0000
38380000,51.0000776789,0.0010421282,35.0004,10.767270,8.558120,-128.501157,-7.1581,-8.5187,0.0000
38390000,51.0000770366,0.0010409146,35.0004,10.738918,8.578884,-128.406677,-7.1342,-8.5188,0.0000
38400000,51.0000763964,0.0010397010,35.0004,10.710533,8.599651,-128.312352,-7.1103,-8.5189,0.0000
38410000,51.0000757583,0.0010384875,35.0004,10.682116,8.620420,-128.218184,-7.0864,-8.5188,0.0000
38420000,51.0000751224,0.0010372739,35.0004,10.653665,8.641192,-128.124171,-7.0625,-8.5187,0.0000
38430000,51.0000744887,0.0010360604,35.0004,10.625182,8.661966,-128.030316,-7.0386,-8.5184,0.0000
38440000,51.0000738571,0.0010348470,35.0004,10.596667,8.682743,-127.936616,-7.0148,-8.5180,0.0000
38450000,51.0000732276,0.0010336335,35.0004,10.568120,8.703522,-127.843074,-6.9909,-8.5176,0.0000
38460000,51.0000726003,0.0010324202,35.0004,10.539542,8.724303,-127.749689,-6.9671,-8.5170,0.0000
38470000,51.0000719751,0.0010312069,35.0004,10.510932,8.745087,-127.656462,-6.9433,-8.5164,0.0000
38480000,51.0000713521,0.0010299938,35.0004,10.482291,8.765872,-127.563393,-6.9195,-8.5157,0.0000
38490000,51.0000707312,0.0010287807,35.0004,10.453619,8.786660,-127.470482,-6.8958,-8.5148,0.0000
38500000,51.0000701124,0.0010275678,35.0004,10.424917,8.807450,-127.377730,-6.8720,-8.5139,0.0000
38510000,51.0000694957,0.0010263550,35.0004,10.396184,8.828242,-127.285136,-6.8483,-8.5128,0.0000
38520000,51.0000688812,0.0010251424,35.0004,10.367421,8.849036,-127.192702,-6.8246,-8.5117,0.0000
38530000,51.0000682689,0.0010239300,35.0004,10.338629,8.869832,-127.100427,-6.8009,-8.5105,0.0000
38540000,51.0000676586,0.0010227177,35.0004,10.309807,8.890629,-127.008311,-6.7773,-8.5091,0.0000
38550000,51.0000670505,0.0010215056,35.0004,10.280955,8.911429,-126.916356,-6.7536,-8.5077,0.0000
38560000,51.0000664445,0.0010202938,35.0004,10.252075,8.932230,-126.824561,-6.7300,-8.5062,0.0000
38570000,51.0000658406,0.0010190821,35.0004,10.223166,8.953033,-126.732926,-6.7064,-8.5045,0.0000
38580000,51.0000652388,0.0010178707,35.0004,10.194229,8.973838,-126.641453,-6.6828,-8.5028,0.0000
38590000,51.0000646392,0.0010166596,35.0004,10.165263,8.994644,-126.550140,-6.6593,-8.5010,0.0000
38600000,51.0000640417,0.0010154487,35.0004,10.136270,9.015452,-126.458989,-6.6357,-8.4991,0.0000
38610000,51.0000634463,0.0010142381,35.0004,10.107248,9.036261,-126.368000,-6.6122,-8.4971,0.0000
38620000,51.0000628530,0.0010130278,35.0004,10.078200,9.057072,-126.277173,-6.5887,-8.4950,0.0000
38630000,51.0000622618,0.0010118178,35.0004,10.049124,9.077884,-126.186508,-6.5652,-8.4927,0.0000
38640000,51.0000616727,0.0010106081,35.0004,10.020022,9.098697,-126.096006,-6.5418,-8.4904,0.0000
38650000,51.0000610858,0.0010093988,35.0004,9.990893,9.119512,-126.005667,-6.5184,-8.4880,0.0000
38660000,51.0000605009,0.0010081898,35.0004,9.961738,9.140328,-125.915490,-6.4950,-8.4855,0.0000
38670000,51.0000599181,0.0010069811,35.0004,9.932557,9.161145,-125.825478,-6.4716,-8.4830,0.0000
38680000,51.0000593375,0.0010057729,35.0004,9.903350,9.181964,-125.735629,-6.4483,-8.4803,0.0000
38690000,51.0000587589,0.0010045650,35.0004,9.874118,9.202783,-125.645944,-6.4249,-8.4775,0.0000
38700000,51.0000581824,0.0010033576,35.0004,9.844860,9.223603,-125.556423,-6.4016,-8.4746,0.0000
38710000,51.0000576080,0.0010021505,35.0004,9.815578,9.244424,-125.467068,-6.3784,-8.4716,0.0000
38720000,51.0000570358,0.0010009439,35.0004,9.786271,9.265246,-125.377876,-6.3551,-8.4685,0.0000
38730000,51.0000564656,0.0009997377,35.0004,9.756940,9.286069,-125.288851,-6.3319,-8.4654,0.0000
38740000,51.0000558974,0.0009985320,35.0004,9.727584,9.306893,-125.199990,-6.3087,-8.4621,0.0000
38750000,51.0000553314,0.0009973268,35.0004,9.698206,9.327718,-125.111296,-6.2855,-8.4588,0.0000
38760000,51.0000547675,0.0009961220,35.0004,9.668803,9.348543,-125.022767,-6.2624,-8.4553,0.0000
38770000,51.0000542056,0.0009949178,35.0004,9.639378,9.369369,-124.934405,-6.2393,-8.4517,0.0000
38780000,51.0000536458,0.0009937140,35.0004,9.609929,9.390195,-124.846209,-6.2162,-8.4481,0.0000
38790000,51.0000530881,0.0009925108,35.0004,9.580458,9.411022,-124.758180,-6.1931,-8.4444,0.0000
38800000,51.0000525325,0.0009913081,35.0004,9.550965,9.431849,-124.670318,-6.1701,-8.4405,0.0000
38810000,51.0000519789,0.0009901060,35.0004,9.521450,9.452677,-124.582624,-6.1471,-8.4366,0.0000
38820000,51.0000514274,0.0009889045,35.0004,9.491913,9.473504,-124.495097,-6.1241,-8.4326,0.0000
38830000,51.0000508779,0.0009877035,35.0004,9.462354,9.494333,-124.407738,-6.1011,-8.4284,0.0000
38840000,51.0000503306,0.0009865031,35.0004,9.432775,9.515161,-124.320548,-6.0782,-8.4242,0.0000
38850000,51.0000497852,0.0009853033,35.0004,9.403174,9.535990,-124.233526,-6.0553,-8.4199,0.0000
38860000,51.0000492420,0.0009841042,35.0004,9.373553,9.556818,-124.146673,-6.0324,-8.4155,0.0000
38870000,51.0000487008,0.0009829057,35.0004,9.343912,9.577647,-124.059989,-6.0096,-8.4110,0.0000
38880000,51.0000481616,0.0009817078,35.0004,9.314251,9.598476,-123.973474,-5.9868,-8.4064,0.0000
38890000,51.0000476245,0.0009805106,35.0004,9.284570,9.619305,-123.887129,-5.9640,-8.4017,0.0000
38900000,51.0000470894,0.0009793140,35.0004,9.254870,9.640133,-123.800953,-5.9413,-8.3970,0.0000
38910000,51.0000465564,0.0009781182,35.0004,9.225151,9.660962,-123.714948,-5.9185,-8.3921,0.0000
38920000,51.0000460254,0.0009769231,35.0004,9.195413,9.681790,-123.629113,-5.8958,-8.3871,0.0000
38930000,51.0000454965,0.0009757286,35.0004,9.165657,9.702618,-123.543449,-5.8732,-8.3821,0.0000
38940000,51.0000449696,0.0009745349,35.0004,9.135882,9.723445,-123.457956,-5.8506,-8.3769,0.0000
38950000,51.0000444447,0.0009733419,35.0004,9.106090,9.744272,-123.372634,-5.8280,-8.3717,0.0000
38960000,51.0000439219,0.0009721497,35.0004,9.076280,9.765099,-123.287484,-5.8054,-8.3663,0.0000
38970000,51.0000434011,0.0009709583,35.0004,9.046453,9.785925,-123.202505,-5.7829,-8.3609,0.0000
38980000,51.0000428823,0.0009697676,35.0004,9.016609,9.806751,-123.117699,-5.7604,-8.3554,0.0000
38990000,51.0000423655,0.0009685777,35.0004,8.986748,9.827576,-123.033064,-5.7379,-8.3498,0.0000
39000000,51.0000418507,0.0009673887,35.0004,8.956872,9.848400,-122.948603,-5.7154,-8.3441,0.0000
39010000,51.0000413380,0.0009662004,35.0004,8.926979,9.869223,-122.864314,-5.6930,-8.3383,0.0000
39020000,51.0000408273,0.0009650130,35.0004,8.897070,9.890046,-122.780198,-5.6707,-8.3324,0.0000
39030000,51.0000403186,0.0009638265,35.0004,8.867146,9.910868,-122.696255,-5.6483,-8.3264,0.0000
39040000,51.0000398119,0.0009626407,35.0004,8.837207,9.931689,-122.612486,-5.6260,-8.3203,0.0000
39050000,51.0000393072,0.0009614559,35.0004,8.807253,9.952509,-122.528891,-5.6037,-8.3141,0.0000
39060000,51.0000388045,0.0009602720,35.0004,8.777285,9.973327,-122.445470,-5.5815,-8.3079,0.0000
39070000,51.0000383038,0.0009590889,35.0004,8.747303,9.994145,-122.362223,-5.5593,-8.3015,0.0000
39080000,51.0000378050,0.0009579068,35.0004,8.717307,10.014962,-122.279151,-5.5371,-8.2951,0.0000
39090000,51.0000373083,0.0009567255,35.0004,8.687297,10.035777,-122.196254,-5.5150,-8.2886,0.0000
39100000,51.0000368136,0.0009555453,35.0004,8.657275,10.056591,-122.113532,-5.4929,-8.2819,0.0000
39110000,51.0000363209,0.0009543659,35.0004,8.627239,10.077404,-122.030986,-5.4708,-8.2752,0.0000
39120000,51.0000358301,0.0009531876,35.0004,8.597191,10.098216,-121.948615,-5.4487,-8.2684,0.0000
39130000,51.0000353413,0.0009520102,35.0004,8.567131,10.119026,-121.866420,-5.4267,-8.2615,0.0000
39140000,51.0000348545,0.0009508338,35.0003,8.537058,10.139834,-121.784401,-5.4048,-8.2545,0.0000
39150000,51.0000343697,0.0009496584,35.0003,8.506975,10.160641,-121.702559,-5.3828,-8.2475,0.0000
39160000,51.0000338868,0.0009484840,35.0003,8.476880,10.181447,-121.620893,-5.3609,-8.2403,0.0000
39170000,51.0000334059,0.0009473106,35.0003,8.446774,10.202250,-121.539405,-5.3391,-8.2330,0.0000
39180000,51.0000329270,0.0009461383,35.0003,8.416657,10.223052,-121.458093,-5.3173,-8.2257,0.0000
39190000,51.0000324500,0.0009449670,35.0003,8.386530,10.243853,-121.376959,-5.2955,-8.2183,0.0000
39200000,51.0000319750,0.0009437968,35.0003,8.356394,10.264651,-121.296003,-5.2737,-8.2107,0.0000
39210000,51.0000315019,0.0009426277,35.0003,8.326247,10.285448,-121.215224,-5.2520,-8.2031,0.0000
39220000,51.0000310308,0.0009414597,35.0003,8.296092,10.306242,-121.134624,-5.2303,-8.1954,0.0000
39230000,51.0000305617,0.0009402928,35.0003,8.265927,10.327035,-121.054202,-5.2087,-8.1876,0.0000
39240000,51.0000300944,0.0009391270,35.0003,8.235754,10.347825,-120.973959,-5.1871,-8.1797,0.0000
39250000,51.0000296292,0.0009379623,35.0003,8.205573,10.368614,-120.893895,-5.1655,-8.1718,0.0000
39260000,51.0000291658,0.0009367987,35.0003,8.175383,10.389400,-120.814009,-5.1440,-8.1637,0.0000
39270000,51.0000287044,0.0009356364,35.0003,8.145186,10.410184,-120.734304,-5.1225,-8.1556,0.0000
39280000,51.0000282449,0.0009344751,35.0003,8.114982,10.430966,-120.654778,-5.1010,-8.1473,0.0000
39290000,51.0000277874,0.0009333151,35.0003,8.084771,10.451745,-120.575432,-5.0796,-8.1390,0.0000
39300000,51.0000273318,0.0009321563,35.0003,8.054553,10.472522,-120.496266,-5.0582,-8.1306,0.0000
39310000,51.0000268781,0.0009309986,35.0003,8.024329,10.493296,-120.417280,-5.0369,-8.1221,0.0000
39320000,51.0000264263,0.0009298422,35.0003,7.994099,10.514068,-120.338475,-5.0156,-8.1135,0.0000
39330000,51.0000259764,0.0009286870,35.0003,7.963863,10.534838,-120.259851,-4.9943,-8.1048,0.0000
39340000,51.0000255284,0.0009275331,35.0003,7.933622,10.555605,-120.181408,-4.9731,-8.0960,0.0000
39350000,51.0000250823,0.0009263804,35.0003,7.903377,10.576369,-120.103147,-4.9519,-8.0872,0.0000
39360000,51.0000246382,0.0009252289,35.0003,7.873126,10.597130,-120.025067,-4.9308,-8.0783,0.0000
39370000,51.0000241959,0.0009240788,35.0003,7.842872,10.617889,-119.947169,-4.9097,-8.0692,0.0000
39380000,51.0000237556,0.0009229299,35.0003,7.812613,10.638645,-119.869453,-4.8886,-8.0601,0.0000
39390000,51.0000233171,0.0009217824,35.0003,7.782351,10.659398,-119.791919,-4.8676,-8.0509,0.0000
39400000,51.0000228805,0.0009206362,35.0003,7.752086,10.680148,-119.714568,-4.8466,-8.0416,0.0000
39410000,51.0000224458,0.0009194912,35.0003,7.721818,10.700894,-119.637399,-4.8256,-8.0323,0.0000
39420000,51.0000220130,0.0009183477,35.0003,7.691548,10.721638,-119.560414,-4.8047,-8.0228,0.0000
39430000,51.0000215820,0.0009172055,35.0003,7.661275,10.742379,-119.483611,-4.7839,-8.0133,0.0000
39440000,51.0000211530,0.0009160646,35.0003,7.631001,10.763117,-119.406993,-4.7630,-8.0036,0.0000
39450000,51.0000207258,0.0009149252,35.0003,7.600725,10.783851,-119.330557,-4.7423,-7.9939,0.0000
39460000,51.0000203004,0.0009137871,35.0003,7.570448,10.804582,-119.254306,-4.7215,-7.9841,0.0000
39470000,51.0000198770,0.0009126504,35.0003,7.540170,10.825310,-119.178239,-4.7008,-7.9742,0.0000
39480000,51.0000194553,0.0009115151,35.0003,7.509892,10.846034,-119.102357,-4.6802,-7.9643,0.0000
39490000,51.0000190356,0.0009103813,35.0003,7.479614,10.866755,-119.026659,-4.6595,-7.9542,0.0000
39500000,51.0000186177,0.0009092489,35.0003,7.449337,10.887472,-118.951146,-4.6390,-7.9441,0.0000
39510000,51.0000182016,0.0009081180,35.0003,7.419060,10.908186,-118.875818,-4.6184,-7.9338,0.0000
39520000,51.0000177874,0.0009069885,35.0003,7.388784,10.928897,-118.800675,-4.5979,-7.9235,0.0000
39530000,51.0000173750,0.0009058605,35.0003,7.358509,10.949603,-118.725718,-4.5775,-7.9131,0.0000
39540000,51.0000169645,0.0009047340,35.0003,7.328236,10.970306,-118.650946,-4.5571,-7.9026,0.0000
39550000,51.0000165558,0.0009036089,35.0003,7.297965,10.991005,-118.576361,-4.5367,-7.8921,0.0000
39560000,51.0000161489,0.0009024854,35.0003,7.267697,11.011700,-118.501961,-4.5164,-7.8814,0.0000
39570000,51.0000157439,0.0009013635,35.0003,7.237432,11.032392,-118.427748,-4.4961,-7.8707,0.0000
39580000,51.0000153406,0.0009002430,35.0003,7.207170,11.053079,-118.353722,-4.4759,-7.8599,0.0000
39590000,51.0000149392,0.0008991241,35.0003,7.176911,11.073763,-118.279883,-4.4557,-7.8490,0.0000
39600000,51.0000145396,0.0008980068,35.0003,7.146656,11.094442,-118.206231,-4.4355,-7.8380,0.0000
39610000,51.0000141418,0.0008968910,35.0003,7.116406,11.115118,-118.132766,-4.4154,-7.8269,0.0000
39620000,51.0000137459,0.0008957768,35.0003,7.086161,11.135789,-118.059487,-4.3953,-7.8158,0.0000
39630000,51.0000133517,0.0008946642,35.0003,7.055921,11.156455,-117.986391,-4.3753,-7.8045,0.0000
39640000,51.0000129593,0.0008935532,35.0003,7.025688,11.177116,-117.913477,-4.3553,-7.7932,0.0000
39650000,51.0000125687,0.0008924438,35.0003,6.995463,11.197772,-117.840741,-4.3354,-7.7818,0.0000
39660000,51.0000121799,0.0008913361,35.0003,6.965247,11.218422,-117.768181,-4.3155,-7.7704,0.0000
39670000,51.0000117929,0.0008902300,35.0003,6.935040,11.239066,-117.695794,-4.2957,-7.7588,0.0000
39680000,51.0000114077,0.0008891255,35.0003,6.904843,11.259704,-117.623578,-4.2759,-7.7472,0.0000
39690000,51.0000110242,0.0008880227,35.0003,6.874658,11.280334,-117.551530,-4.2561,-7.7354,0.0000
39700000,51.0000106425,0.0008869216,35.0003,6.844485,11.300957,-117.479648,-4.2364,-7.7236,0.0000
39710000,51.0000102626,0.0008858222,35.0003,6.814326,11.321573,-117.407928,-4.2167,-7.7117,0.0000
39720000,51.0000098845,0.0008847245,35.0003,6.784181,11.342181,-117.336369,-4.1971,-7.6998,0.0000
39730000,51.0000095081,0.0008836285,35.0003,6.754051,11.362780,-117.264967,-4.1775,-7.6877,0.0000
39740000,51.0000091335,0.0008825342,35.0003,6.723937,11.383371,-117.193720,-4.1580,-7.6756,0.0000
39750000,51.0000087606,0.0008814416,35.0003,6.693840,11.403953,-117.122626,-4.1385,-7.6634,0.0000
39760000,51.0000083895,0.0008803508,35.0003,6.663762,11.424526,-117.051681,-4.1190,-7.6511,0.0000
39770000,51.0000080201,0.0008792617,35.0003,6.633703,11.445089,-116.980884,-4.0996,-7.6387,0.0000
39780000,51.0000076525,0.0008781745,35.0003,6.603664,11.465642,-116.910231,-4.0803,-7.6263,0.0000
39790000,51.0000072866,0.0008770889,35.0003,6.573646,11.486185,-116.839720,-4.0610,-7.6137,0.0000
39800000,51.0000069224,0.0008760052,35.0003,6.543650,11.506718,-116.769348,-4.0417,-7.6011,0.0000
39810000,51.0000065600,0.0008749233,35.0003,6.513677,11.527241,-116.699113,-4.0225,-7.5884,0.0000
39820000,51.0000061993,0.0008738432,35.0003,6.483729,11.547752,-116.629012,-4.0033,-7.5756,0.0000
39830000,51.0000058403,0.0008727650,35.0003,6.453806,11.568252,-116.559042,-3.9842,-7.5628,0.0000
39840000,51.0000054830,0.0008716885,35.0003,6.423908,11.588740,-116.489201,-3.9651,-7.5499,0.0000
39850000,51.0000051275,0.0008706139,35.0003,6.394039,11.609217,-116.419485,-3.9461,-7.5368,0.0000
39860000,51.0000047736,0.0008695412,35.0003,6.364197,11.629682,-116.349893,-3.9271,-7.5238,0.0000
39870000,51.0000044215,0.0008684703,35.0003,6.334385,11.650134,-116.280422,-3.9081,-7.5106,0.0000
39880000,51.0000040710,0.0008674014,35.0003,6.304603,11.670574,-116.211068,-3.8893,-7.4973,0.0000
39890000,51.0000037223,0.0008663343,35.0003,6.274853,11.691001,-116.141829,-3.8704,-7.4840,0.0000
39900000,51.0000033752,0.0008652691,35.0003,6.245135,11.711415,-116.072704,-3.8516,-7.4706,0.0000
39910000,51.0000030299,0.0008642058,35.0003,6.215450,11.731816,-116.003687,-3.8328,-7.4571,0.0000
39920000,51.0000026862,0.0008631445,35.0003,6.185800,11.752203,-115.934779,-3.8141,-7.4436,0.0000
39930000,51.0000023442,0.0008620851,35.0003,6.156186,11.772577,-115.865974,-3.7955,-7.4299,0.0000
39940000,51.0000020039,0.0008610276,35.0003,6.126609,11.792936,-115.797271,-3.7769,-7.4162,0.0000
39950000,51.0000016652,0.0008599721,35.0003,6.097070,11.813282,-115.728667,-3.7583,-7.4024,0.0000
39960000,51.0000013282,0.0008589186,35.0003,6.067569,11.833614,-115.660160,-3.7398,-7.3885,0.0000
39970000,51.0000009929,0.0008578671,35.0003,6.038109,11.853931,-115.591746,-3.7213,-7.3746,0.0000
39980000,51.0000006592,0.0008568175,35.0003,6.008690,11.874233,-115.523423,-3.7029,-7.3606,0.0000
39990000,51.0000003272,0.0008557700,35.0003,5.979313,11.894520,-115.455188,-3.6845,-7.3465,0.0000
40000000,50.9999999969,0.0008547244,35.0003,5.841465,-2.613039,-116.886935,-3.6662,-7.3323,0.0000
40010000,50.9999996676,0.0008536793,35.0003,5.847683,-2.598495,-116.813612,-3.6592,-7.3408,0.0000
40020000,50.9999993390,0.0008526330,35.0003,5.853875,-2.583942,-116.740351,-3.6522,-7.3493,0.0000
40030000,50.9999990111,0.0008515854,35.0003,5.860040,-2.569379,-116.667150,-3.6452,-7.3578,0.0000
40040000,50.9999986837,0.0008505367,35.0003,5.866178,-2.554806,-116.594006,-3.6382,-7.3662,0.0000
40050000,50.9999983570,0.0008494867,35.0003,5.872288,-2.540225,-116.520918,-3.6311,-7.3746,0.0000
40060000,50.9999980310,0.0008484356,35.0003,5.878371,-2.525635,-116.447882,-3.6240,-7.3830,0.0000
40070000,50.9999977055,0.0008473832,35.0003,5.884426,-2.511036,-116.374897,-3.6168,-7.3914,0.0000
40080000,50.9999973808,0.0008463297,35.0003,5.890453,-2.496429,-116.301960,-3.6097,-7.3997,0.0000
40090000,50.9999970566,0.0008452750,35.0003,5.896451,-2.481813,-116.229068,-3.6025,-7.4080,0.0000
40100000,50.9999967331,0.0008442191,35.0003,5.902421,-2.467190,-116.156219,-3.5952,-7.4163,0.0000
40110000,50.9999964103,0.0008431620,35.0003,5.908362,-2.452560,-116.083411,-3.5880,-7.4246,0.0000
40120000,50.9999960881,0.0008421038,35.0003,5.914275,-2.437922,-116.010641,-3.5807,-7.4328,0.0000
40130000,50.9999957666,0.0008410443,35.0003,5.920157,-2.423276,-115.937907,-3.5734,-7.4410,0.0000
40140000,50.9999954457,0.0008399838,35.0003,5.926011,-2.408624,-115.865205,-3.5660,-7.4491,0.0000
40150000,50.9999951255,0.0008389220,35.0003,5.931835,-2.393966,-115.792535,-3.5586,-7.4573,0.0000
40160000,50.9999948060,0.0008378591,35.0003,5.937628,-2.379301,-115.719894,-3.5512,-7.4654,0.0000
40170000,50.9999944871,0.0008367950,35.0003,5.943392,-2.364630,-115.647278,-3.5438,-7.4735,0.0000
40180000,50.9999941689,0.0008357298,35.0003,5.949125,-2.349953,-115.574686,-3.5363,-7.4816,0.0000
40190000,50.9999938514,0.0008346635,35.0003,5.954828,-2.335270,-115.502115,-3.5288,-7.4896,0.0000
40200000,50.9999935345,0.0008335960,35.0003,5.960500,-2.320582,-115.429562,-3.5213,-7.4976,0.0000
40210000,50.9999932183,0.0008325273,35.0003,5.966141,-2.305889,-115.357026,-3.5137,-7.5056,0.0000
40220000,50.9999929028,0.0008314576,35.0003,5.971751,-2.291191,-115.284504,-3.5061,-7.5135,0.0000
40230000,50.9999925880,0.0008303867,35.0003,5.977330,-2.276489,-115.211993,-3.4985,-7.5214,0.0000
40240000,50.9999922739,0.0008293146,35.0003,5.982877,-2.261783,-115.139491,-3.4908,-7.5293,0.0000
40250000,50.9999919605,0.0008282415,35.0003,5.988393,-2.247072,-115.066995,-3.4832,-7.5372,0.0000
40260000,50.9999916477,0.0008271672,35.0003,5.993876,-2.232358,-114.994504,-3.4755,-7.5450,0.0000
40270000,50.9999913357,0.0008260919,35.0003,5.999327,-2.217640,-114.922014,-3.4677,-7.5528,0.0000
40280000,50.9999910243,0.0008250154,35.0003,6.004747,-2.202919,-114.849523,-3.4599,-7.5606,0.0000
40290000,50.9999907137,0.0008239378,35.0003,6.010133,-2.188195,-114.777030,-3.4521,-7.5683,0.0000
40300000,50.9999904037,0.0008228591,35.0003,6.015487,-2.173468,-114.704530,-3.4443,-7.5761,0.0000
40310000,50.9999900945,0.0008217793,35.0003,6.020809,-2.158739,-114.632022,-3.4365,-7.5837,0.0000
40320000,50.9999897860,0.0008206984,35.0003,6.026097,-2.144008,-114.559504,-3.4286,-7.5914,0.0000
40330000,50.9999894781,0.0008196164,35.0003,6.031352,-2.129275,-114.486973,-3.4207,-7.5990,0.0000
40340000,50.9999891710,0.0008185334,35.0003,6.036574,-2.114540,-114.414426,-3.4127,-7.6066,0.0000
40350000,50.9999888646,0.0008174492,35.0003,6.041762,-2.099805,-114.341861,-3.4048,-7.6142,0.0000
40360000,50.9999885589,0.0008163640,35.0003,6.046917,-2.085068,-114.269276,-3.3968,-7.6218,0.0000
40370000,50.9999882540,0.0008152777,35.0003,6.052039,-2.070330,-114.196669,-3.3888,-7.6293,0.0000
40380000,50.9999879497,0.0008141904,35.0003,6.057126,-2.055592,-114.124036,-3.3807,-7.6367,0.0000
40390000,50.9999876462,0.0008131019,35.0003,6.062179,-2.040854,-114.051375,-3.3726,-7.6442,0.0000
40400000,50.9999873434,0.0008120125,35.0003,6.067198,-2.026115,-113.978684,-3.3645,-7.6516,0.0000
40410000,50.9999870414,0.0008109219,35.0003,6.072183,-2.011378,-113.905961,-3.3564,-7.6590,0.0000
40420000,50.9999867400,0.0008098303,35.0003,6.077133,-1.996640,-113.833204,-3.3482,-7.6664,0.0000
40430000,50.9999864394,0.0008087377,35.0003,6.082049,-1.981903,-113.760414,-3.3400,-7.6737,0.0000
40440000,50.9999861396,0.0008076440,35.0003,6.086930,-1.967167,-113.687590,-3.3318,-7.6810,0.0000
40450000,50.9999858405,0.0008065493,35.0003,6.091777,-1.952431,-113.614734,-3.3236,-7.6883,0.0000
40460000,50.9999855421,0.0008054535,35.0003,6.096589,-1.937696,-113.541844,-3.3153,-7.6955,0.0000
40470000,50.9999852445,0.0008043568,35.0002,6.101367,-1.922961,-113.468923,-3.3070,-7.7027,0.0000
40480000,50.9999849476,0.0008032590,35.0002,6.106109,-1.908227,-113.395969,-3.2987,-7.7099,0.0000
40490000,50.9999846515,0.0008021601,35.0002,6.110818,-1.893493,-113.322983,-3.2903,-7.7171,0.0000
40500000,50.9999843561,0.0008010603,35.0002,6.115491,-1.878760,-113.249966,-3.2820,-7.7242,0.0000
40510000,50.9999840615,0.0007999594,35.0002,6.120130,-1.864028,-113.176917,-3.2736,-7.7313,0.0000
40520000,50.9999837676,0.0007988576,35.0002,6.124734,-1.849295,-113.103836,-3.2651,-7.7383,0.0000
40530000,50.9999834745,0.0007977547,35.0002,6.129303,-1.834564,-113.030725,-3.2567,-7.7454,0.0000
40540000,50.9999831821,0.0007966509,35.0002,6.133837,-1.819832,-112.957583,-3.2482,-7.7524,0.0000
40550000,50.9999828905,0.0007955460,35.0002,6.138336,-1.805102,-112.884411,-3.2397,-7.7593,0.0000
40560000,50.9999825997,0.0007944401,35.0002,6.142800,-1.790372,-112.811208,-3.2312,-7.7663,0.0000
40570000,50.9999823097,0.0007933333,35.0002,6.147229,-1.775642,-112.737975,-3.2226,-7.7732,0.0000
40580000,50.9999820204,0.0007922255,35.0002,6.151623,-1.760913,-112.664713,-3.2140,-7.7801,0.0000
40590000,50.9999817319,0.0007911167,35.0002,6.155982,-1.746184,-112.591421,-3.2054,-7.7869,0.0000
40600000,50.9999814441,0.0007900069,35.0002,6.160306,-1.731456,-112.518099,-3.1968,-7.7937,0.0000
40610000,50.9999811572,0.0007888962,35.0002,6.164595,-1.716728,-112.444749,-3.1881,-7.8005,0.0000
40620000,50.9999808710,0.0007877845,35.0002,6.168849,-1.702000,-112.371370,-3.1794,-7.8072,0.0000
40630000,50.9999805856,0.0007866719,35.0002,6.173067,-1.687274,-112.297962,-3.1707,-7.8139,0.0000
40640000,50.9999803010,0.0007855582,35.0002,6.177250,-1.672547,-112.224526,-3.1620,-7.8206,0.0000
40650000,50.9999800172,0.0007844437,35.0002,6.181398,-1.657821,-112.151062,-3.1532,-7.8273,0.0000
40660000,50.9999797341,0.0007833282,35.0002,6.185510,-1.643096,-112.077570,-3.1444,-7.8339,0.0000
40670000,50.9999794519,0.0007822117,35.0002,6.189587,-1.628371,-112.004051,-3.1356,-7.8405,0.0000
40680000,50.9999791704,0.0007810944,35.0002,6.193629,-1.613646,-111.930504,-3.1268,-7.8470,0.0000
40690000,50.9999788898,0.0007799761,35.0002,6.197635,-1.598922,-111.856930,-3.1179,-7.8536,0.0000
40700000,50.9999786099,0.0007788568,35.0002,6.201606,-1.584199,-111.783329,-3.1091,-7.8601,0.0000
40710000,50.9999783309,0.0007777367,35.0002,6.205541,-1.569476,-111.709702,-3.1002,-7.8665,0.0000
40720000,50.9999780526,0.0007766156,35.0002,6.209441,-1.554753,-111.636048,-3.0912,-7.8729,0.0000
40730000,50.9999777751,0.0007754936,35.0002,6.213305,-1.540031,-111.562368,-3.0823,-7.8793,0.0000
40740000,50.9999774985,0.0007743707,35.0002,6.217133,-1.525309,-111.488663,-3.0733,-7.8857,0.0000
40750000,50.9999772227,0.0007732469,35.0002,6.220926,-1.510588,-111.414931,-3.0643,-7.8920,0.0000
40760000,50.9999769476,0.0007721222,35.0002,6.224684,-1.495867,-111.341174,-3.0553,-7.8983,0.0000
40770000,50.9999766734,0.0007709966,35.0002,6.228405,-1.481146,-111.267393,-3.0462,-7.9046,0.0000
40780000,50.9999764000,0.0007698701,35.0002,6.232091,-1.466426,-111.193586,-3.0372,-7.9108,0.0000
40790000,50.9999761274,0.0007687427,35.0002,6.235741,-1.451706,-111.119754,-3.0281,-7.9170,0.0000
40800000,50.9999758556,0.0007676145,35.0002,6.239355,-1.436987,-111.045899,-3.0190,-7.9232,0.0000
40810000,50.9999755847,0.0007664853,35.0002,6.242934,-1.422269,-110.972019,-3.0098,-7.9293,0.0000
40820000,50.9999753145,0.0007653553,35.0002,6.246476,-1.407550,-110.898115,-3.0007,-7.9354,0.0000
40830000,50.9999750452,0.0007642245,35.0002,6.249983,-1.392832,-110.824187,-2.9915,-7.9415,0.0000
40840000,50.9999747768,0.0007630927,35.0002,6.253454,-1.378115,-110.750236,-2.9823,-7.9475,0.0000
40850000,50.9999745091,0.0007619602,35.0002,6.256889,-1.363398,-110.676262,-2.9730,-7.9535,0.0000
40860000,50.9999742423,0.0007608267,35.0002,6.260288,-1.348681,-110.602265,-2.9638,-7.9595,0.0000
40870000,50.9999739763,0.0007596924,35.0002,6.263650,-1.333965,-110.528245,-2.9545,-7.9654,0.0000
40880000,50.9999737111,0.0007585573,35.0002,6.266977,-1.319249,-110.454203,-2.9452,-7.9713,0.0000
40890000,50.9999734468,0.0007574213,35.0002,6.270268,-1.304533,-110.380138,-2.9359,-7.9771,0.0000
40900000,50.9999731834,0.0007562846,35.0002,6.273523,-1.289818,-110.306052,-2.9266,-7.9830,0.0000
40910000,50.9999729207,0.0007551469,35.0002,6.276742,-1.275104,-110.231944,-2.9172,-7.9888,0.0000
40920000,50.9999726589,0.0007540085,35.0002,6.279924,-1.260389,-110.157814,-2.9078,-7.9945,0.0000
40930000,50.9999723980,0.0007528692,35.0002,6.283071,-1.245675,-110.083663,-2.8984,-8.0003,0.0000
40940000,50.9999721379,0.0007517291,35.0002,6.286181,-1.230962,-110.009492,-2.8890,-8.0060,0.0000
40950000,50.9999718786,0.0007505882,35.0002,6.289255,-1.216249,-109.935299,-2.8796,-8.0116,0.0000
40960000,50.9999716202,0.0007494466,35.0002,6.292293,-1.201536,-109.861086,-2.8701,-8.0172,0.0000
40970000,50.9999713626,0.0007483041,35.0002,6.295294,-1.186823,-109.786853,-2.8606,-8.0228,0.0000
40980000,50.9999711059,0.0007471608,35.0002,6.298259,-1.172111,-109.712599,-2.8511,-8.0284,0.0000
40990000,50.9999708501,0.0007460167,35.0002,6.301188,-1.157400,-109.638326,-2.8416,-8.0339,0.0000
41000000,50.9999705951,0.0007448718,35.0002,6.304081,-1.142688,-109.564034,-2.8321,-8.0394,0.0000
41010000,50.9999703410,0.0007437262,35.0002,6.306937,-1.127977,-109.489722,-2.8225,-8.0449,0.0000
41020000,50.9999700877,0.0007425798,35.0002,6.309757,-1.113267,-109.415391,-2.8129,-8.0503,0.0000
41030000,50.9999698353,0.0007414326,35.0002,6.312540,-1.098557,-109.341041,-2.8033,-8.0557,0.0000
41040000,50.9999695837,0.0007402847,35.0002,6.315287,-1.083847,-109.266673,-2.7937,-8.0610,0.0000
41050000,50.9999693331,0.0007391360,35.0002,6.317998,-1.069137,-109.192287,-2.7840,-8.0663,0.0000
41060000,50.9999690832,0.0007379865,35.0002,6.320672,-1.054428,-109.117882,-2.7744,-8.0716,0.0000
41070000,50.9999688343,0.0007368363,35.0002,6.323310,-1.039719,-109.043460,-2.7647,-8.0769,0.0000
41080000,50.9999685862,0.0007356853,35.0002,6.325911,-1.025010,-108.969020,-2.7550,-8.0821,0.0000
41090000,50.9999683390,0.0007345336,35.0002,6.328476,-1.010302,-108.894563,-2.7453,-8.0872,0.0000
41100000,50.9999680927,0.0007333812,35.0002,6.331004,-0.995594,-108.820089,-2.7355,-8.0924,0.0000
41110000,50.9999678473,0.0007322280,35.0002,6.333495,-0.980887,-108.745598,-2.7258,-8.0975,0.0000
41120000,50.9999676027,0.0007310742,35.0002,6.335950,-0.966179,-108.671090,-2.7160,-8.1026,0.0000
41130000,50.9999673590,0.0007299195,35.0002,6.338368,-0.951472,-108.596566,-2.7062,-8.1076,0.0000
41140000,50.9999671162,0.0007287642,35.0002,6.340750,-0.936766,-108.522026,-2.6964,-8.1126,0.0000
41150000,50.9999668743,0.0007276082,35.0002,6.343095,-0.922059,-108.447471,-2.6865,-8.1176,0.0000
41160000,50.9999666332,0.0007264515,35.0002,6.345403,-0.907353,-108.372899,-2.6767,-8.1225,0.0000
41170000,50.9999663931,0.0007252940,35.0002,6.347675,-0.892648,-108.298312,-2.6668,-8.1274,0.0000
41180000,50.9999661538,0.0007241359,35.0002,6.349909,-0.877942,-108.223711,-2.6569,-8.1322,0.0000
41190000,50.9999659154,0.0007229771,35.0002,6.352108,-0.863237,-108.149094,-2.6470,-8.1371,0.0000
41200000,50.9999656780,0.0007218176,35.0002,6.354269,-0.848532,-108.074463,-2.6371,-8.1419,0.0000
41210000,50.9999654414,0.0007206574,35.0002,6.356394,-0.833828,-107.999817,-2.6272,-8.1466,0.0000
41220000,50.9999652057,0.0007194965,35.0002,6.358481,-0.819123,-107.925157,-2.6172,-8.1513,0.0000
41230000,50.9999649709,0.0007183350,35.0002,6.360532,-0.804419,-107.850483,-2.6072,-8.1560,0.0000
41240000,50.9999647370,0.0007171728,35.0002,6.362547,-0.789716,-107.775796,-2.5972,-8.1606,0.0000
41250000,50.9999645040,0.0007160100,35.0002,6.364524,-0.775012,-107.701095,-2.5872,-8.1653,0.0000
41260000,50.9999642719,0.0007148465,35.0002,6.366465,-0.760309,-107.626382,-2.5772,-8.1698,0.0000
41270000,50.9999640407,0.0007136823,35.0002,6.368368,-0.745606,-107.551655,-2.5671,-8.1744,0.0000
41280000,50.9999638104,0.0007125175,35.0002,6.370235,-0.730903,-107.476916,-2.5571,-8.1789,0.0000
41290000,50.9999635810,0.0007113521,35.0002,6.372065,-0.716201,-107.402164,-2.5470,-8.1833,0.0000
41300000,50.9999633525,0.0007101860,35.0002,6.373858,-0.701498,-107.327400,-2.5369,-8.1878,0.0000
41310000,50.9999631249,0.0007090193,35.0002,6.375614,-0.686796,-107.252624,-2.5268,-8.1921,0.0000
41320000,50.9999628982,0.0007078520,35.0002,6.377333,-0.672095,-107.177837,-2.5167,-8.1965,0.0000
41330000,50.9999626725,0.0007066841,35.0002,6.379015,-0.657393,-107.103038,-2.5065,-8.2008,0.0000
41340000,50.9999624476,0.0007055155,35.0002,6.380660,-0.642692,-107.028228,-2.4964,-8.2051,0.0000
41350000,50.9999622237,0.0007043464,35.0002,6.382269,-0.627991,-106.953407,-2.4862,-8.2093,0.0000
41360000,50.9999620007,0.0007031766,35.0002,6.383840,-0.613290,-106.878575,-2.4760,-8.2136,0.0000
41370000,50.9999617786,0.0007020063,35.0002,6.385374,-0.598589,-106.803733,-2.4658,-8.2177,0.0000
41380000,50.9999615574,0.0007008353,35.0002,6.386871,-0.583889,-106.728881,-2.4556,-8.2219,0.0000
41390000,50.9999613371,0.0006996638,35.0002,6.388331,-0.569189,-106.654019,-2.4454,-8.2260,0.0000
41400000,50.9999611178,0.0006984917,35.0002,6.389754,-0.554489,-106.579147,-2.4351,-8.2300,0.0000
41410000,50.9999608994,0.0006973190,35.0002,6.391140,-0.539789,-106.504266,-2.4249,-8.2340,0.0000
41420000,50.9999606819,0.0006961457,35.0002,6.392489,-0.525089,-106.429375,-2.4146,-8.2380,0.0000
41430000,50.9999604653,0.0006949719,35.0002,6.393801,-0.510390,-106.354476,-2.4043,-8.2420,0.0000
41440000,50.9999602496,0.0006937975,35.0002,6.395076,-0.495691,-106.279567,-2.3940,-8.2459,0.0000
41450000,50.9999600349,0.0006926226,35.0002,6.396314,-0.480992,-106.204651,-2.3837,-8.2498,0.0000
41460000,50.9999598211,0.0006914471,35.0002,6.397514,-0.466293,-106.129726,-2.3733,-8.2536,0.0000
41470000,50.9999596083,0.0006902710,35.0002,6.398678,-0.451594,-106.054793,-2.3630,-8.2574,0.0000
41480000,50.9999593963,0.0006890945,35.0002,6.399804,-0.436896,-105.979852,-2.3526,-8.2612,0.0000
41490000,50.9999591853,0.0006879174,35.0002,6.400893,-0.422198,-105.904904,-2.3423,-8.2649,0.0000
41500000,50.9999589753,0.0006867397,35.0002,6.401945,-0.407499,-105.829949,-2.3319,-8.2686,0.0000
41510000,50.9999587661,0.0006855616,35.0002,6.402960,-0.392801,-105.754987,-2.3215,-8.2723,0.0000
41520000,50.9999585579,0.0006843829,35.0002,6.403938,-0.378103,-105.680018,-2.3110,-8.2759,0.0000
41530000,50.9999583507,0.0006832037,35.0002,6.404879,-0.363406,-105.605042,-2.3006,-8.2795,0.0000
41540000,50.9999581443,0.0006820240,35.0002,6.405782,-0.348708,-105.530061,-2.2902,-8.2830,0.0000
41550000,50.9999579390,0.0006808438,35.0002,6.406648,-0.334011,-105.455073,-2.2797,-8.2865,0.0000
41560000,50.9999577345,0.0006796631,35.0002,6.407477,-0.319314,-105.380079,-2.2693,-8.2900,0.0000
41570000,50.9999575310,0.0006784819,35.0002,6.408269,-0.304616,-105.305080,-2.2588,-8.2934,0.0000
41580000,50.9999573285,0.0006773003,35.0002,6.409023,-0.289919,-105.230076,-2.2483,-8.2968,0.0000
41590000,50.9999571268,0.0006761181,35.0002,6.409741,-0.275222,-105.155067,-2.2378,-8.3001,0.0000
41600000,50.9999569262,0.0006749355,35.0002,6.410421,-0.260526,-105.080053,-2.2273,-8.3035,0.0000
41610000,50.9999567264,0.0006737524,35.0002,6.411064,-0.245829,-105.005034,-2.2167,-8.3067,0.0000
41620000,50.9999565277,0.0006725688,35.0002,6.411670,-0.231132,-104.930011,-2.2062,-8.3100,0.0000
41630000,50.9999563298,0.0006713848,35.0002,6.412238,-0.216436,-104.854984,-2.1956,-8.3132,0.0000
41640000,50.9999561330,0.0006702003,35.0002,6.412769,-0.201740,-104.779953,-2.1851,-8.3163,0.0000
41650000,50.9999559370,0.0006690154,35.0002,6.413263,-0.187043,-104.704919,-2.1745,-8.3195,0.0000
41660000,50.9999557420,0.0006678300,35.0002,6.413720,-0.172347,-104.629881,-2.1639,-8.3226,0.0000
41670000,50.9999555480,0.0006666442,35.0002,6.414139,-0.157651,-104.554841,-2.1533,-8.3256,0.0000
41680000,50.9999553549,0.0006654580,35.0002,6.414522,-0.142955,-104.479797,-2.1427,-8.3286,0.0000
41690000,50.9999551628,0.0006642713,35.0002,6.414867,-0.128259,-104.404751,-2.1321,-8.3316,0.0000
41700000,50.9999549717,0.0006630843,35.0002,6.415174,-0.113563,-104.329703,-2.1215,-8.3345,0.0000
41710000,50.9999547814,0.0006618968,35.0002,6.415445,-0.098868,-104.254653,-2.1108,-8.3374,0.0000
41720000,50.9999545922,0.0006607089,35.0002,6.415678,-0.084172,-104.179601,-2.1002,-8.3403,0.0000
41730000,50.9999544039,0.0006595205,35.0002,6.415874,-0.069476,-104.104547,-2.0895,-8.3431,0.0000
41740000,50.9999542166,0.0006583318,35.0002,6.416032,-0.054781,-104.029492,-2.0788,-8.3459,0.0000
41750000,50.9999540302,0.0006571427,35.0002,6.416154,-0.040085,-103.954436,-2.0682,-8.3486,0.0000
41760000,50.9999538448,0.0006559532,35.0002,6.416238,-0.025390,-103.879378,-2.0575,-8.3513,0.0000
41770000,50.9999536603,0.0006547634,35.0002,6.416285,-0.010694,-103.804321,-2.0468,-8.3540,0.0000
41780000,50.9999534768,0.0006535731,35.0002,6.416294,0.004001,-103.729263,-2.0361,-8.3566,0.0000
41790000,50.9999532943,0.0006523825,35.0002,6.416266,0.018696,-103.654205,-2.0253,-8.3592,0.0000
41800000,50.9999531127,0.0006511915,35.0002,6.416201,0.033392,-103.579147,-2.0146,-8.3618,0.0000
41810000,50.9999529321,0.0006500001,35.0002,6.416099,0.048087,-103.504089,-2.0039,-8.3643,0.0000
41820000,50.9999527525,0.0006488084,35.0002,6.415960,0.062782,-103.429033,-1.9931,-8.3668,0.0000
41830000,50.9999525738,0.0006476164,35.0002,6.415783,0.077478,-103.353977,-1.9824,-8.3692,0.0000
41840000,50.9999523961,0.0006464240,35.0002,6.415569,0.092173,-103.278922,-1.9716,-8.3716,0.0000
41850000,50.9999522194,0.0006452312,35.0002,6.415317,0.106868,-103.203868,-1.9608,-8.3740,0.0000
41860000,50.9999520436,0.0006440382,35.0002,6.415029,0.121563,-103.128816,-1.9500,-8.3763,0.0000
41870000,50.9999518688,0.0006428448,35.0002,6.414703,0.136259,-103.053766,-1.9393,-8.3786,0.0000
41880000,50.9999516950,0.0006416510,35.0002,6.414340,0.150954,-102.978719,-1.9285,-8.3808,0.0000
41890000,50.9999515221,0.0006404570,35.0002,6.413939,0.165649,-102.903673,-1.9177,-8.3830,0.0000
41900000,50.9999513503,0.0006392626,35.0002,6.413501,0.180344,-102.828630,-1.9068,-8.3852,0.0000
41910000,50.9999511794,0.0006380680,35.0002,6.413027,0.195040,-102.753590,-1.8960,-8.3873,0.0000
41920000,50.9999510094,0.0006368730,35.0002,6.412514,0.209735,-102.678553,-1.8852,-8.3894,0.0000
41930000,50.9999508405,0.0006356778,35.0002,6.411965,0.224430,-102.603520,-1.8744,-8.3915,0.0000
41940000,50.9999506725,0.0006344822,35.0002,6.411378,0.239126,-102.528490,-1.8635,-8.3935,0.0000
41950000,50.9999505054,0.0006332864,35.0002,6.410754,0.253821,-102.453463,-1.8527,-8.3954,0.0000
41960000,50.9999503394,0.0006320903,35.0002,6.410093,0.268516,-102.378441,-1.8418,-8.3974,0.0000
41970000,50.9999501743,0.0006308939,35.0002,6.409395,0.283212,-102.303424,-1.8309,-8.3993,0.0000
41980000,50.9999500103,0.0006296973,35.0002,6.408659,0.297907,-102.228411,-1.8201,-8.4011,0.0000
41990000,50.9999498472,0.0006285004,35.0002,6.407887,0.312603,-102.153402,-1.8092,-8.4029,0.0000
42000000,50.9999496850,0.0006273032,35.0002,6.407077,0.327299,-102.078399,-1.7983,-8.4047,0.0000
42010000,50.9999495239,0.0006261058,35.0002,6.406229,0.341994,-102.003401,-1.7874,-8.4065,0.0000
42020000,50.9999493637,0.0006249081,35.0002,6.405345,0.356690,-101.928409,-1.7765,-8.4081,0.0000
42030000,50.9999492045,0.0006237102,35.0002,6.404424,0.371386,-101.853422,-1.7656,-8.4098,0.0000
42040000,50.9999490463,0.0006225121,35.0002,6.403465,0.386082,-101.778441,-1.7547,-8.4114,0.0000
42050000,50.9999488891,0.0006213138,35.0002,6.402469,0.400778,-101.703467,-1.7438,-8.4130,0.0000
42060000,50.9999487328,0.0006201152,35.0002,6.401436,0.415474,-101.628499,-1.7329,-8.4145,0.0000
42070000,50.9999485775,0.0006189164,35.0002,6.400366,0.430170,-101.553539,-1.7220,-8.4160,0.0000
42080000,50.9999484232,0.0006177174,35.0001,6.399258,0.444866,-101.478585,-1.7110,-8.4175,0.0000
42090000,50.9999482699,0.0006165182,35.0001,6.398114,0.459563,-101.403638,-1.7001,-8.4189,0.0000
42100000,50.9999481176,0.0006153188,35.0001,6.396932,0.474259,-101.328699,-1.6892,-8.4203,0.0000
42110000,50.9999479663,0.0006141192,35.0001,6.395714,0.488956,-101.253768,-1.6782,-8.4217,0.0000
42120000,50.9999478159,0.0006129194,35.0001,6.394458,0.503652,-101.178845,-1.6673,-8.4230,0.0000
42130000,50.9999476665,0.0006117194,35.0001,6.393165,0.518349,-101.103930,-1.6563,-8.4242,0.0000
42140000,50.9999475182,0.0006105192,35.0001,6.391835,0.533046,-101.029023,-1.6454,-8.4255,0.0000
42150000,50.9999473708,0.0006093189,35.0001,6.390468,0.547743,-100.954125,-1.6344,-8.4266,0.0000
42160000,50.9999472243,0.0006081184,35.0001,6.389064,0.562440,-100.879237,-1.6235,-8.4278,0.0000
42170000,50.9999470789,0.0006069178,35.0001,6.387622,0.577138,-100.804357,-1.6125,-8.4289,0.0000
42180000,50.9999469345,0.0006057169,35.0001,6.386144,0.591835,-100.729487,-1.6015,-8.4300,0.0000
42190000,50.9999467910,0.0006045160,35.0001,6.384629,0.606533,-100.654627,-1.5905,-8.4310,0.0000
42200000,50.9999466485,0.0006033149,35.0001,6.383077,0.621230,-100.579777,-1.5796,-8.4320,0.0000
42210000,50.9999465071,0.0006021137,35.0001,6.381487,0.635928,-100.504937,-1.5686,-8.4329,0.0000
42220000,50.9999463666,0.0006009123,35.0001,6.379861,0.650626,-100.430107,-1.5576,-8.4338,0.0000
42230000,50.9999462270,0.0005997108,35.0001,6.378198,0.665324,-100.355288,-1.5466,-8.4347,0.0000
42240000,50.9999460885,0.0005985092,35.0001,6.376498,0.680023,-100.280481,-1.5356,-8.4355,0.0000
42250000,50.9999459510,0.0005973074,35.0001,6.374760,0.694721,-100.205684,-1.5246,-8.4363,0.0000
42260000,50.9999458144,0.0005961056,35.0001,6.372986,0.709420,-100.130899,-1.5136,-8.4371,0.0000
42270000,50.9999456789,0.0005949036,35.0001,6.371175,0.724119,-100.056125,-1.5026,-8.4378,0.0000
42280000,50.9999455443,0.0005937016,35.0001,6.369327,0.738818,-99.981364,-1.4916,-8.4385,0.0000
42290000,50.9999454107,0.0005924994,35.0001,6.367443,0.753517,-99.906615,-1.4806,-8.4391,0.0000
42300000,50.9999452781,0.0005912972,35.0001,6.365521,0.768216,-99.831878,-1.4696,-8.4397,0.0000
42310000,50.9999451465,0.0005900949,35.0001,6.363562,0.782916,-99.757154,-1.4586,-8.4402,0.0000
42320000,50.9999450159,0.0005888925,35.0001,6.361567,0.797616,-99.682442,-1.4476,-8.4408,0.0000
42330000,50.9999448863,0.0005876901,35.0001,6.359535,0.812316,-99.607744,-1.4366,-8.4412,0.0000
42340000,50.9999447577,0.0005864875,35.0001,6.357466,0.827016,-99.533060,-1.4256,-8.4417,0.0000
42350000,50.9999446300,0.0005852850,35.0001,6.355360,0.841716,-99.458389,-1.4146,-8.4421,0.0000
42360000,50.9999445034,0.0005840823,35.0001,6.353217,0.856417,-99.383732,-1.4036,-8.4424,0.0000
42370000,50.9999443777,0.0005828797,35.0001,6.351038,0.871118,-99.309089,-1.3926,-8.4427,0.0000
42380000,50.9999442530,0.0005816769,35.0001,6.348822,0.885819,-99.234460,-1.3815,-8.4430,0.0000
42390000,50.9999441294,0.0005804742,35.0001,6.346569,0.900520,-99.159847,-1.3705,-8.4432,0.0000
42400000,50.9999440067,0.0005792714,35.0001,6.344279,0.915221,-99.085248,-1.3595,-8.4434,0.0000
42410000,50.9999438850,0.0005780686,35.0001,6.341953,0.929923,-99.010664,-1.3485,-8.4436,0.0000
42420000,50.9999437643,0.0005768657,35.0001,6.339590,0.944625,-98.936096,-1.3375,-8.4437,0.0000
42430000,50.9999436445,0.0005756629,35.0001,6.337191,0.959327,-98.861543,-1.3265,-8.4438,0.0000
42440000,50.9999435258,0.0005744600,35.0001,6.334755,0.974029,-98.787006,-1.3154,-8.4438,0.0000
42450000,50.9999434081,0.0005732572,35.0001,6.332282,0.988732,-98.712485,-1.3044,-8.4438,0.0000
42460000,50.9999432913,0.0005720543,35.0001,6.329773,1.003435,-98.637981,-1.2934,-8.4438,0.0000
42470000,50.9999431755,0.0005708515,35.0001,6.327227,1.018138,-98.563493,-1.2824,-8.4437,0.0000
42480000,50.9999430608,0.0005696487,35.0001,6.324644,1.032842,-98.489022,-1.2714,-8.4436,0.0000
42490000,50.9999429470,0.0005684459,35.0001,6.322025,1.047545,-98.414569,-1.2604,-8.4434,0.0000
42500000,50.9999428342,0.0005672431,35.0001,6.319370,1.062249,-98.340132,-1.2494,-8.4432,0.0000
42510000,50.9999427224,0.0005660403,35.0001,6.316678,1.076953,-98.265713,-1.2384,-8.4429,0.0000
42520000,50.9999426116,0.0005648376,35.0001,6.313949,1.091658,-98.191312,-1.2273,-8.4427,0.0000
42530000,50.9999425017,0.0005636349,35.0001,6.311184,1.106363,-98.116930,-1.2163,-8.4423,0.0000
42540000,50.9999423929,0.0005624323,35.0001,6.308383,1.121068,-98.042565,-1.2053,-8.4420,0.0000
42550000,50.9999422851,0.0005612298,35.0001,6.305546,1.135773,-97.968219,-1.1943,-8.4416,0.0000
42560000,50.9999421782,0.0005600273,35.0001,6.302672,1.150479,-97.893892,-1.1833,-8.4411,0.0000
42570000,50.9999420723,0.0005588248,35.0001,6.299761,1.165185,-97.819584,-1.1723,-8.4406,0.0000
42580000,50.9999419675,0.0005576224,35.0001,6.296814,1.179891,-97.745295,-1.1613,-8.4401,0.0000
42590000,50.9999418636,0.0005564202,35.0001,6.293832,1.194597,-97.671026,-1.1503,-8.4396,0.0000
42600000,50.9999417607,0.0005552179,35.0001,6.290812,1.209304,-97.596776,-1.1393,-8.4390,0.0000
42610000,50.9999416588,0.0005540158,35.0001,6.287757,1.224011,-97.522547,-1.1283,-8.4383,0.0000
42620000,50.9999415578,0.0005528138,35.0001,6.284665,1.238719,-97.448338,-1.1174,-8.4376,0.0000
42630000,50.9999414579,0.0005516119,35.0001,6.281537,1.253426,-97.374150,-1.1064,-8.4369,0.0000
42640000,50.9999413589,0.0005504101,35.0001,6.278373,1.268134,-97.299982,-1.0954,-8.4362,0.0000
42650000,50.9999412610,0.0005492084,35.0001,6.275173,1.282843,-97.225835,-1.0844,-8.4353,0.0000
42660000,50.9999411640,0.0005480068,35.0001,6.271936,1.297551,-97.151710,-1.0734,-8.4345,0.0000
42670000,50.9999410680,0.0005468053,35.0001,6.268664,1.312260,-97.077606,-1.0625,-8.4336,0.0000
42680000,50.9999409730,0.0005456040,35.0001,6.265356,1.326970,-97.003524,-1.0515,-8.4327,0.0000
42690000,50.9999408790,0.0005444028,35.0001,6.262011,1.341679,-96.929463,-1.0405,-8.4317,0.0000
42700000,50.9999407860,0.0005432017,35.0001,6.258631,1.356389,-96.855425,-1.0296,-8.4307,0.0000
42710000,50.9999406939,0.0005420008,35.0001,6.255214,1.371100,-96.781410,-1.0186,-8.4297,0.0000
42720000,50.9999406028,0.0005408000,35.0001,6.251762,1.385810,-96.707417,-1.0077,-8.4286,0.0000
42730000,50.9999405128,0.0005395994,35.0001,6.248273,1.400521,-96.633448,-0.9967,-8.4275,0.0000
42740000,50.9999404237,0.0005383989,35.0001,6.244749,1.415233,-96.559501,-0.9858,-8.4263,0.0000
42750000,50.9999403355,0.0005371987,35.0001,6.241189,1.429945,-96.485578,-0.9748,-8.4251,0.0000
42760000,50.9999402484,0.0005359986,35.0001,6.237593,1.444657,-96.411679,-0.9639,-8.4239,0.0000
42770000,50.9999401623,0.0005347986,35.0001,6.233961,1.459369,-96.337804,-0.9530,-8.4226,0.0000
42780000,50.9999400771,0.0005335989,35.0001,6.230293,1.474082,-96.263953,-0.9421,-8.4213,0.0000
42790000,50.9999399929,0.0005323993,35.0001,6.226590,1.488795,-96.190126,-0.9311,-8.4199,0.0000
42800000,50.9999399097,0.0005312000,35.0001,6.222851,1.503509,-96.116324,-0.9202,-8.4185,0.0000
42810000,50.9999398275,0.0005300008,35.0001,6.219076,1.518223,-96.042547,-0.9093,-8.4171,0.0000
42820000,50.9999397463,0.0005288019,35.0001,6.215266,1.532937,-95.968795,-0.8984,-8.4156,0.0000
42830000,50.9999396660,0.0005276032,35.0001,6.211420,1.547652,-95.895069,-0.8875,-8.4141,0.0000
42840000,50.9999395867,0.0005264046,35.0001,6.207539,1.562367,-95.821368,-0.8766,-8.4125,0.0000
42850000,50.9999395084,0.0005252064,35.0001,6.203621,1.577082,-95.747693,-0.8657,-8.4109,0.0000
42860000,50.9999394311,0.0005240083,35.0001,6.199669,1.591798,-95.674044,-0.8549,-8.4093,0.0000
42870000,50.9999393547,0.0005228105,35.0001,6.195681,1.606514,-95.600422,-0.8440,-8.4076,0.0000
42880000,50.9999392794,0.0005216129,35.0001,6.191657,1.621231,-95.526827,-0.8331,-8.4059,0.0000
42890000,50.9999392050,0.0005204156,35.0001,6.187598,1.635948,-95.453258,-0.8223,-8.4041,0.0000
42900000,50.9999391315,0.0005192185,35.0001,6.183504,1.650665,-95.379716,-0.8114,-8.4024,0.0000
42910000,50.9999390591,0.0005180217,35.0001,6.179374,1.665383,-95.306202,-0.8006,-8.4005,0.0000
42920000,50.9999389876,0.0005168251,35.0001,6.175209,1.680101,-95.232715,-0.7897,-8.3986,0.0000
42930000,50.9999389171,0.0005156288,35.0001,6.171009,1.694820,-95.159257,-0.7789,-8.3967,0.0000
42940000,50.9999388476,0.0005144328,35.0001,6.166773,1.709539,-95.085826,-0.7681,-8.3948,0.0000
42950000,50.9999387791,0.0005132371,35.0001,6.162502,1.724258,-95.012424,-0.7573,-8.3928,0.0000
42960000,50.9999387115,0.0005120417,35.0001,6.158196,1.738978,-94.939050,-0.7465,-8.3907,0.0000
42970000,50.9999386449,0.0005108465,35.0001,6.153855,1.753698,-94.865705,-0.7357,-8.3887,0.0000
42980000,50.9999385792,0.0005096517,35.0001,6.149479,1.768419,-94.792390,-0.7249,-8.3865,0.0000
42990000,50.9999385146,0.0005084571,35.0001,6.145068,1.783140,-94.719103,-0.7141,-8.3844,0.0000
43000000,50.9999384509,0.0005072629,35.0001,6.140621,1.797862,-94.645846,-0.7033,-8.3822,0.0000
43010000,50.9999383881,0.0005060690,35.0001,6.136140,1.812584,-94.572619,-0.6926,-8.3800,0.0000
43020000,50.9999383264,0.0005048754,35.0001,6.131624,1.827306,-94.499422,-0.6818,-8.3777,0.0000
43030000,50.9999382656,0.0005036821,35.0001,6.127073,1.842029,-94.426256,-0.6711,-8.3754,0.0000
43040000,50.9999382057,0.0005024892,35.0001,6.122487,1.856752,-94.353120,-0.6603,-8.3730,0.0000
43050000,50.9999381469,0.0005012966,35.0001,6.117866,1.871476,-94.280014,-0.6496,-8.3706,0.0000
43060000,50.9999380890,0.0005001043,35.0001,6.113210,1.886200,-94.206940,-0.6389,-8.3682,0.0000
43070000,50.9999380320,0.0004989124,35.0001,6.108519,1.900925,-94.133897,-0.6281,-8.3657,0.0000
43080000,50.9999379760,0.0004977208,35.0001,6.103794,1.915650,-94.060885,-0.6174,-8.3632,0.0000
43090000,50.9999379210,0.0004965296,35.0001,6.099034,1.930375,-93.987906,-0.6067,-8.3607,0.0000
43100000,50.9999378670,0.0004953388,35.0001,6.094240,1.945101,-93.914958,-0.5961,-8.3581,0.0000
43110000,50.9999378139,0.0004941484,35.0001,6.089411,1.959827,-93.842042,-0.5854,-8.3555,0.0000
43120000,50.9999377618,0.0004929583,35.0001,6.084547,1.974554,-93.769159,-0.5747,-8.3528,0.0000
43130000,50.9999377106,0.0004917686,35.0001,6.079649,1.989281,-93.696309,-0.5641,-8.3501,0.0000
43140000,50.9999376604,0.0004905793,35.0001,6.074716,2.004009,-93.623492,-0.5534,-8.3474,0.0000
43150000,50.9999376111,0.0004893904,35.0001,6.069749,2.018737,-93.550707,-0.5428,-8.3446,0.0000
43160000,50.9999375628,0.0004882018,35.0001,6.064747,2.033466,-93.477957,-0.5322,-8.3417,0.0000
43170000,50.9999375154,0.0004870137,35.0001,6.059712,2.048195,-93.405240,-0.5216,-8.3389,0.0000
43180000,50.9999374690,0.0004858260,35.0001,6.054641,2.062925,-93.332557,-0.5110,-8.3360,0.0000
43190000,50.9999374236,0.0004846387,35.0001,6.049537,2.077655,-93.259908,-0.5004,-8.3330,0.0000
43200000,50.9999373791,0.0004834519,35.0001,6.044398,2.092385,-93.187294,-0.4898,-8.3301,0.0000
43210000,50.9999373355,0.0004822654,35.0001,6.039225,2.107116,-93.114714,-0.4792,-8.3270,0.0000
43220000,50.9999372929,0.0004810794,35.0001,6.034018,2.121848,-93.042169,-0.4687,-8.3240,0.0000
43230000,50.9999372513,0.0004798939,35.0001,6.028777,2.136580,-92.969659,-0.4581,-8.3209,0.0000
43240000,50.9999372106,0.0004787088,35.0001,6.023502,2.151312,-92.897185,-0.4476,-8.3177,0.0000
43250000,50.9999371708,0.0004775241,35.0001,6.018193,2.166045,-92.824747,-0.4371,-8.3146,0.0000
43260000,50.9999371320,0.0004763399,35.0001,6.012850,2.180779,-92.752344,-0.4265,-8.3114,0.0000
43270000,50.9999370942,0.0004751561,35.0001,6.007473,2.195512,-92.679977,-0.4160,-8.3081,0.0000
43280000,50.9999370572,0.0004739728,35.0001,6.002062,2.210247,-92.607647,-0.4056,-8.3048,0.0000
43290000,50.9999370213,0.0004727900,35.0001,5.996617,2.224982,-92.535353,-0.3951,-8.3015,0.0000
43300000,50.9999369862,0.0004716077,35.0001,5.991139,2.239717,-92.463096,-0.3846,-8.2981,0.0000
43310000,50.9999369521,0.0004704258,35.0001,5.985626,2.254453,-92.390877,-0.3742,-8.2947,0.0000
43320000,50.9999369190,0.0004692445,35.0001,5.980081,2.269189,-92.318694,-0.3637,-8.2913,0.0000
43330000,50.9999368867,0.0004680636,35.0001,5.974501,2.283926,-92.246550,-0.3533,-8.2878,0.0000
43340000,50.9999368555,0.0004668832,35.0001,5.968888,2.298663,-92.174443,-0.3429,-8.2842,0.0000
43350000,50.9999368251,0.0004657033,35.0001,5.963241,2.313401,-92.102374,-0.3325,-8.2807,0.0000
43360000,50.9999367957,0.0004645240,35.0001,5.957561,2.328139,-92.030343,-0.3221,-8.2771,0.0000
43370000,50.9999367672,0.0004633451,35.0001,5.951848,2.342878,-91.958351,-0.3118,-8.2734,0.0000
43380000,50.9999367396,0.0004621668,35.0001,5.946101,2.357617,-91.886398,-0.3014,-8.2698,0.0000
43390000,50.9999367130,0.0004609890,35.0001,5.940320,2.372357,-91.814483,-0.2911,-8.2660,0.0000
43400000,50.9999366873,0.0004598118,35.0001,5.934507,2.387097,-91.742608,-0.2807,-8.2623,0.0000
43410000,50.9999366626,0.0004586350,35.0001,5.928660,2.401838,-91.670773,-0.2704,-8.2585,0.0000
43420000,50.9999366387,0.0004574588,35.0001,5.922780,2.416580,-91.598977,-0.2601,-8.2547,0.0000
43430000,50.9999366158,0.0004562832,35.0001,5.916867,2.431321,-91.527221,-0.2498,-8.2508,0.0000
43440000,50.9999365938,0.0004551081,35.0001,5.910920,2.446064,-91.455506,-0.2396,-8.2469,0.0000
43450000,50.9999365728,0.0004539336,35.0001,5.904941,2.460806,-91.383831,-0.2293,-8.2429,0.0000
43460000,50.9999365526,0.0004527597,35.0001,5.898929,2.475550,-91.312196,-0.2191,-8.2389,0.0000
43470000,50.9999365334,0.0004515863,35.0001,5.892884,2.490294,-91.240603,-0.2088,-8.2349,0.0000
43480000,50.9999365151,0.0004504135,35.0001,5.886806,2.505038,-91.169051,-0.1986,-8.2308,0.0000
43490000,50.9999364977,0.0004492412,35.0001,5.880695,2.519783,-91.097540,-0.1884,-8.2267,0.0000
43500000,50.9999364812,0.0004480696,35.0001,5.874551,2.534528,-91.026071,-0.1782,-8.2226,0.0000
43510000,50.9999364657,0.0004468986,35.0001,5.868374,2.549274,-90.954644,-0.1681,-8.2184,0.0000
43520000,50.9999364510,0.0004457281,35.0001,5.862165,2.564020,-90.883259,-0.1579,-8.2142,0.0000
43530000,50.9999364373,0.0004445583,35.0001,5.855924,2.578767,-90.811916,-0.1478,-8.2100,0.0000
43540000,50.9999364245,0.0004433890,35.0001,5.849649,2.593515,-90.740616,-0.1376,-8.2057,0.0000
43550000,50.9999364125,0.0004422204,35.0001,5.843343,2.608263,-90.669359,-0.1275,-8.2013,0.0000
43560000,50.9999364015,0.0004410524,35.0001,5.837003,2.623011,-90.598145,-0.1174,-8.1970,0.0000
43570000,50.9999363914,0.0004398850,35.0001,5.830632,2.637760,-90.526974,-0.1074,-8.1926,0.0000
43580000,50.9999363822,0.0004387183,35.0001,5.824228,2.652509,-90.455847,-0.0973,-8.1881,0.0000
43590000,50.9999363739,0.0004375522,35.0001,5.817791,2.667259,-90.384764,-0.0873,-8.1836,0.0000
43600000,50.9999363666,0.0004363867,35.0001,5.811323,2.682010,-90.313725,-0.0772,-8.1791,0.0000
43610000,50.9999363601,0.0004352219,35.0001,5.804822,2.696761,-90.242730,-0.0672,-8.1746,0.0000
43620000,50.9999363545,0.0004340577,35.0001,5.798290,2.711512,-90.171780,-0.0572,-8.1700,0.0000
43630000,50.9999363498,0.0004328942,35.0001,5.791725,2.726264,-90.100874,-0.0473,-8.1653,0.0000
43640000,50.9999363460,0.0004317314,35.0001,5.785128,2.741017,-90.030014,-0.0373,-8.1607,0.0000
43650000,50.9999363431,0.0004305692,35.0001,5.778499,2.755770,-89.959198,-0.0274,-8.1559,0.0000
43660000,50.9999363411,0.0004294077,35.0001,5.771838,2.770524,-89.888429,-0.0175,-8.1512,0.0000
43670000,50.9999363399,0.0004282468,35.0001,5.765146,2.785278,-89.817705,-0.0075,-8.1464,0.0000
43680000,50.9999363397,0.0004270867,35.0001,5.758422,2.800032,-89.747027,0.0023,-8.1416,0.0000
43690000,50.9999363404,0.0004259272,35.0001,5.751666,2.814788,-89.676395,0.0122,-8.1367,0.0000
43700000,50.9999363419,0.0004247685,35.0001,5.744878,2.829543,-89.605810,0.0221,-8.1318,0.0000
43710000,50.9999363444,0.0004236104,35.0001,5.738059,2.844299,-89.535272,0.0319,-8.1269,0.0000
43720000,50.9999363477,0.0004224531,35.0001,5.731208,2.859056,-89.464780,0.0417,-8.1219,0.0000
43730000,50.9999363519,0.0004212964,35.0001,5.724326,2.873813,-89.394336,0.0515,-8.1169,0.0000
43740000,50.9999363569,0.0004201405,35.0001,5.717412,2.888571,-89.323939,0.0613,-8.1119,0.0000
43750000,50.9999363629,0.0004189853,35.0001,5.710467,2.903329,-89.253589,0.0711,-8.1068,0.0000
43760000,50.9999363697,0.0004178308,35.0001,5.703491,2.918088,-89.183288,0.0808,-8.1017,0.0000
43770000,50.9999363774,0.0004166771,35.0001,5.696484,2.932847,-89.113035,0.0905,-8.0965,0.0000
43780000,50.9999363860,0.0004155240,35.0001,5.689445,2.947607,-89.042830,0.1002,-8.0913,0.0000
43790000,50.9999363955,0.0004143718,35.0001,5.682375,2.962368,-88.972674,0.1099,-8.0861,0.0000
43800000,50.9999364058,0.0004132203,35.0001,5.675274,2.977128,-88.902566,0.1196,-8.0808,0.0000
43810000,50.9999364170,0.0004120695,35.0001,5.668143,2.991890,-88.832508,0.1292,-8.0755,0.0000
43820000,50.9999364290,0.0004109195,35.0001,5.660980,3.006652,-88.762499,0.1389,-8.0702,0.0000
43830000,50.9999364419,0.0004097702,35.0001,5.653786,3.021414,-88.692540,0.1485,-8.0648,0.0000
43840000,50.9999364557,0.0004086218,35.0001,5.646562,3.036177,-88.622630,0.1581,-8.0594,0.0000
43850000,50.9999364704,0.0004074741,35.0001,5.639307,3.050940,-88.552771,0.1677,-8.0539,0.0000
43860000,50.9999364859,0.0004063271,35.0001,5.632021,3.065704,-88.482962,0.1772,-8.0484,0.0000
43870000,50.9999365022,0.0004051810,35.0001,5.624705,3.080469,-88.413203,0.1867,-8.0429,0.0000
43880000,50.9999365194,0.0004040356,35.0001,5.617358,3.095234,-88.343495,0.1962,-8.0374,0.0000
43890000,50.9999365375,0.0004028911,35.0001,5.609981,3.109999,-88.273838,0.2057,-8.0318,0.0000
43900000,50.9999365564,0.0004017473,35.0001,5.602573,3.124765,-88.204232,0.2152,-8.0261,0.0000
43910000,50.9999365762,0.0004006044,35.0001,5.595135,3.139532,-88.134678,0.2247,-8.0205,0.0000
43920000,50.9999365968,0.0003994622,35.0001,5.587667,3.154299,-88.065176,0.2341,-8.0148,0.0000
43930000,50.9999366183,0.0003983209,35.0001,5.580169,3.169066,-87.995725,0.2435,-8.0090,0.0000
43940000,50.9999366406,0.0003971804,35.0001,5.572640,3.183834,-87.926327,0.2529,-8.0032,0.0000
43950000,50.9999366638,0.0003960407,35.0001,5.565082,3.198603,-87.856981,0.2623,-7.9974,0.0000
43960000,50.9999366878,0.0003949019,35.0001,5.557493,3.213372,-87.787688,0.2716,-7.9916,0.0000
43970000,50.9999367126,0.0003937639,35.0001,5.549875,3.228141,-87.718447,0.2809,-7.9857,0.0000
43980000,50.9999367383,0.0003926267,35.0001,5.542226,3.242911,-87.649260,0.2902,-7.9797,0.0000
43990000,50.9999367648,0.0003914904,35.0001,5.534548,3.257682,-87.580126,0.2995,-7.9738,0.0000
44000000,50.9999367921,0.0003903549,35.0001,5.526840,3.272453,-87.511046,0.3088,-7.9678,0.0000
44010000,50.9999368203,0.0003892203,35.0001,5.519103,3.287225,-87.442020,0.3180,-7.9618,0.0000
44020000,50.9999368493,0.0003880866,35.0001,5.511335,3.301997,-87.373047,0.3273,-7.9557,0.0000
44030000,50.9999368792,0.0003869537,35.0001,5.503539,3.316769,-87.304129,0.3364,-7.9496,0.0000
44040000,50.9999369098,0.0003858217,35.0001,5.495713,3.331542,-87.235266,0.3456,-7.9434,0.0000
44050000,50.9999369413,0.0003846905,35.0001,5.487857,3.346316,-87.166457,0.3548,-7.9373,0.0000
44060000,50.9999369736,0.0003835603,35.0001,5.479973,3.361090,-87.097703,0.3639,-7.9311,0.0000
44070000,50.9999370067,0.0003824309,35.0001,5.472059,3.375864,-87.029005,0.3730,-7.9248,0.0000
44080000,50.9999370407,0.0003813024,35.0001,5.464116,3.390639,-86.960362,0.3821,-7.9185,0.0000
44090000,50.9999370754,0.0003801749,35.0001,5.456144,3.405415,-86.891775,0.3912,-7.9122,0.0000
44100000,50.9999371110,0.0003790482,35.0001,5.448143,3.420191,-86.823244,0.4002,-7.9059,0.0000
44110000,50.9999371474,0.0003779224,35.0001,5.440112,3.434967,-86.754769,0.4092,-7.8995,0.0000
44120000,50.9999371846,0.0003767976,35.0001,5.432054,3.449744,-86.686351,0.4182,-7.8930,0.0000
44130000,50.9999372226,0.0003756736,35.0001,5.423966,3.464521,-86.617989,0.4272,-7.8866,0.0000
44140000,50.9999372614,0.0003745506,35.0001,5.415849,3.479299,-86.549684,0.4362,-7.8801,0.0000
44150000,50.9999373010,0.0003734285,35.0001,5.407704,3.494078,-86.481436,0.4451,-7.8736,0.0000
44160000,50.9999373414,0.0003723074,35.0001,5.399531,3.508856,-86.413246,0.4540,-7.8670,0.0000
44170000,50.9999373826,0.0003711872,35.0001,5.391329,3.523636,-86.345113,0.4629,-7.8604,0.0000
44180000,50.9999374246,0.0003700679,35.0001,5.383098,3.538415,-86.277038,0.4717,-7.8538,0.0000
44190000,50.9999374674,0.0003689496,35.0001,5.374839,3.553196,-86.209021,0.4806,-7.8471,0.0000
44200000,50.9999375110,0.0003678322,35.0001,5.366552,3.567976,-86.141063,0.4894,-7.8404,0.0000
44210000,50.9999375554,0.0003667158,35.0001,5.358237,3.582758,-86.073163,0.4982,-7.8336,0.0000
44220000,50.9999376006,0.0003656004,35.0001,5.349893,3.597539,-86.005322,0.5069,-7.8269,0.0000
44230000,50.9999376466,0.0003644859,35.0001,5.341522,3.612321,-85.937540,0.5157,-7.8201,0.0000
44240000,50.9999376933,0.0003633724,35.0001,5.333123,3.627104,-85.869817,0.5244,-7.8132,0.0000
44250000,50.9999377408,0.0003622598,35.0001,5.324695,3.641887,-85.802154,0.5331,-7.8063,0.0000
44260000,50.9999377891,0.0003611483,35.0001,5.316240,3.656670,-85.734550,0.5417,-7.7994,0.0000
44270000,50.9999378382,0.0003600377,35.0001,5.307758,3.671454,-85.667006,0.5504,-7.7925,0.0000
44280000,50.9999378881,0.0003589281,35.0001,5.299247,3.686238,-85.599523,0.5590,-7.7855,0.0000
44290000,50.9999379387,0.0003578196,35.0001,5.290709,3.701023,-85.532100,0.5676,-7.7785,0.0000
44300000,50.9999379901,0.0003567120,35.0001,5.282144,3.715809,-85.464738,0.5761,-7.7714,0.0000
44310000,50.9999380423,0.0003556054,35.0001,5.273551,3.730594,-85.397436,0.5847,-7.7643,0.0000
44320000,50.9999380952,0.0003544999,35.0001,5.264931,3.745380,-85.330196,0.5932,-7.7572,0.0000
44330000,50.9999381489,0.0003533953,35.0001,5.256283,3.760167,-85.263017,0.6017,-7.7501,0.0000
44340000,50.9999382034,0.0003522918,35.0001,5.247609,3.774954,-85.195900,0.6101,-7.7429,0.0000
44350000,50.9999382586,0.0003511893,35.0001,5.238907,3.789741,-85.128844,0.6186,-7.7357,0.0000
44360000,50.9999383146,0.0003500879,35.0001,5.230179,3.804529,-85.061851,0.6270,-7.7284,0.0000
44370000,50.9999383714,0.0003489874,35.0001,5.221423,3.819317,-84.994920,0.6354,-7.7211,0.0000
44380000,50.9999384289,0.0003478881,35.0001,5.212641,3.834106,-84.928051,0.6438,-7.7138,0.0000
44390000,50.9999384871,0.0003467897,35.0001,5.203832,3.848895,-84.861245,0.6521,-7.7064,0.0000
44400000,50.9999385461,0.0003456924,35.0000,5.194996,3.863685,-84.794502,0.6604,-7.6991,0.0000
44410000,50.9999386058,0.0003445962,35.0000,5.186133,3.878474,-84.727823,0.6687,-7.6916,0.0000
44420000,50.9999386663,0.0003435010,35.0000,5.177244,3.893265,-84.661207,0.6769,-7.6842,0.0000
44430000,50.9999387275,0.0003424069,35.0000,5.168329,3.908056,-84.594654,0.6852,-7.6767,0.0000
44440000,50.9999387895,0.0003413139,35.0000,5.159388,3.922847,-84.528166,0.6934,-7.6692,0.0000
44450000,50.9999388522,0.0003402219,35.0000,5.150420,3.937638,-84.461742,0.7016,-7.6616,0.0000
44460000,50.9999389156,0.0003391310,35.0000,5.141426,3.952430,-84.395382,0.7097,-7.6540,0.0000
44470000,50.9999389798,0.0003380412,35.0000,5.132405,3.967222,-84.329086,0.7178,-7.6464,0.0000
44480000,50.9999390447,0.0003369525,35.0000,5.123359,3.982015,-84.262856,0.7259,-7.6387,0.0000
44490000,50.9999391103,0.0003358649,35.0000,5.114287,3.996808,-84.196691,0.7340,-7.6310,0.0000
44500000,50.9999391767,0.0003347784,35.0000,5.105190,4.011602,-84.130591,0.7421,-7.6233,0.0000
44510000,50.9999392437,0.0003336930,35.0000,5.096066,4.026396,-84.064556,0.7501,-7.6156,0.0000
44520000,50.9999393115,0.0003326087,35.0000,5.086917,4.041190,-83.998587,0.7581,-7.6078,0.0000
44530000,50.9999393800,0.0003315255,35.0000,5.077742,4.055984,-83.932685,0.7660,-7.6000,0.0000
44540000,50.9999394492,0.0003304434,35.0000,5.068542,4.070779,-83.866848,0.7740,-7.5921,0.0000
44550000,50.9999395192,0.0003293624,35.0000,5.059316,4.085575,-83.801078,0.7819,-7.5842,0.0000
44560000,50.9999395898,0.0003282826,35.0000,5.050065,4.100370,-83.735375,0.7898,-7.5763,0.0000
44570000,50.9999396612,0.0003272039,35.0000,5.040789,4.115166,-83.669739,0.7976,-7.5683,0.0000
44580000,50.9999397332,0.0003261263,35.0000,5.031488,4.129963,-83.604170,0.8055,-7.5604,0.0000
44590000,50.9999398060,0.0003250499,35.0000,5.022161,4.144759,-83.538668,0.8133,-7.5523,0.0000
44600000,50.9999398794,0.0003239746,35.0000,5.012810,4.159557,-83.473234,0.8210,-7.5443,0.0000
44610000,50.9999399536,0.0003229004,35.0000,5.003434,4.174354,-83.407868,0.8288,-7.5362,0.0000
44620000,50.9999400284,0.0003218275,35.0000,4.994033,4.189152,-83.342570,0.8365,-7.5281,0.0000
44630000,50.9999401040,0.0003207556,35.0000,4.984608,4.203950,-83.277340,0.8442,-7.5199,0.0000
44640000,50.9999401802,0.0003196850,35.0000,4.975158,4.218748,-83.212179,0.8518,-7.5118,0.0000
44650000,50.9999402571,0.0003186155,35.0000,4.965683,4.233547,-83.147086,0.8595,-7.5036,0.0000
44660000,50.9999403347,0.0003175472,35.0000,4.956184,4.248346,-83.082063,0.8671,-7.4953,0.0000
44670000,50.9999404130,0.0003164800,35.0000,4.946661,4.263146,-83.017108,0.8746,-7.4870,0.0000
44680000,50.9999404920,0.0003154140,35.0000,4.937113,4.277945,-82.952224,0.8822,-7.4787,0.0000
44690000,50.9999405716,0.0003143493,35.0000,4.927542,4.292745,-82.887409,0.8897,-7.4704,0.0000
44700000,50.9999406519,0.0003132857,35.0000,4.917946,4.307546,-82.822664,0.8972,-7.4620,0.0000
44710000,50.9999407329,0.0003122233,35.0000,4.908327,4.322346,-82.757989,0.9047,-7.4536,0.0000
44720000,50.9999408146,0.0003111621,35.0000,4.898683,4.337147,-82.693384,0.9121,-7.4452,0.0000
44730000,50.9999408969,0.0003101021,35.0000,4.889016,4.351948,-82.628850,0.9195,-7.4367,0.0000
44740000,50.9999409799,0.0003090433,35.0000,4.879325,4.366750,-82.564387,0.9269,-7.4282,0.0000
44750000,50.9999410635,0.0003079857,35.0000,4.869611,4.381552,-82.499995,0.9342,-7.4197,0.0000
44760000,50.9999411478,0.0003069294,35.0000,4.859873,4.396354,-82.435674,0.9415,-7.4111,0.0000
44770000,50.9999412328,0.0003058742,35.0000,4.850112,4.411156,-82.371425,0.9488,-7.4025,0.0000
44780000,50.9999413184,0.0003048203,35.0000,4.840328,4.425959,-82.307248,0.9560,-7.3939,0.0000
44790000,50.9999414047,0.0003037677,35.0000,4.830520,4.440762,-82.243142,0.9633,-7.3853,0.0000
44800000,50.9999414916,0.0003027162,35.0000,4.820690,4.455565,-82.179109,0.9705,-7.3766,0.0000
44810000,50.9999415791,0.0003016660,35.0000,4.810836,4.470368,-82.115149,0.9776,-7.3679,0.0000
44820000,50.9999416673,0.0003006171,35.0000,4.800960,4.485172,-82.051260,0.9848,-7.3591,0.0000
44830000,50.9999417562,0.0002995693,35.0000,4.791060,4.499976,-81.987445,0.9919,-7.3504,0.0000
44840000,50.9999418456,0.0002985229,35.0000,4.781138,4.514780,-81.923703,0.9989,-7.3415,0.0000
44850000,50.9999419358,0.0002974777,35.0000,4.771194,4.529584,-81.860035,1.0060,-7.3327,0.0000
44860000,50.9999420265,0.0002964337,35.0000,4.761227,4.544389,-81.796439,1.0130,-7.3238,0.0000
44870000,50.9999421179,0.0002953911,35.0000,4.751237,4.559194,-81.732918,1.0200,-7.3149,0.0000
44880000,50.9999422099,0.0002943497,35.0000,4.741226,4.573999,-81.669471,1.0269,-7.3060,0.0000
44890000,50.9999423025,0.0002933095,35.0000,4.731192,4.588804,-81.606098,1.0338,-7.2971,0.0000
44900000,50.9999423957,0.0002922707,35.0000,4.721136,4.603609,-81.542799,1.0407,-7.2881,0.0000
44910000,50.9999424896,0.0002912331,35.0000,4.711058,4.618415,-81.479576,1.0476,-7.2790,0.0000
44920000,50.9999425841,0.0002901968,35.0000,4.700958,4.633221,-81.416427,1.0544,-7.2700,0.0000
44930000,50.9999426792,0.0002891618,35.0000,4.690836,4.648027,-81.353353,1.0612,-7.2609,0.0000
44940000,50.9999427749,0.0002881281,35.0000,4.680693,4.662833,-81.290355,1.0680,-7.2518,0.0000
44950000,50.9999428712,0.0002870957,35.0000,4.670528,4.677640,-81.227432,1.0747,-7.2427,0.0000
44960000,50.9999429681,0.0002860646,35.0000,4.660342,4.692447,-81.164585,1.0814,-7.2335,0.0000
44970000,50.9999430656,0.0002850349,35.0000,4.650134,4.707253,-81.101815,1.0881,-7.2243,0.0000
44980000,50.9999431637,0.0002840064,35.0000,4.639905,4.722060,-81.039120,1.0948,-7.2151,0.0000
44990000,50.9999432624,0.0002829792,35.0000,4.629655,4.736868,-80.976502,1.1014,-7.2058,0.0000
45000000,50.9999433617,0.0002819534,35.0000,4.619384,4.751675,-80.913961,1.1079,-7.1965,0.0000
45010000,50.9999434616,0.0002809289,35.0000,4.609091,4.766482,-80.851497,1.1145,-7.1872,0.0000
45020000,50.9999435621,0.0002799057,35.0000,4.598778,4.781290,-80.789110,1.1210,-7.1778,0.0000
45030000,50.9999436631,0.0002788839,35.0000,4.588445,4.796098,-80.726800,1.1275,-7.1685,0.0000
45040000,50.9999437648,0.0002778634,35.0000,4.578090,4.810906,-80.664568,1.1339,-7.1590,0.0000
45050000,50.9999438670,0.0002768442,35.0000,4.567715,4.825714,-80.602414,1.1404,-7.1496,0.0000
45060000,50.9999439698,0.0002758264,35.0000,4.557320,4.840522,-80.540339,1.1468,-7.1401,0.0000
45070000,50.9999440732,0.0002748099,35.0000,4.546904,4.855330,-80.478341,1.1531,-7.1306,0.0000
45080000,50.9999441771,0.0002737948,35.0000,4.536468,4.870139,-80.416422,1.1594,-7.1211,0.0000
45090000,50.9999442816,0.0002727811,35.0000,4.526012,4.884947,-80.354582,1.1657,-7.1116,0.0000
45100000,50.9999443867,0.0002717687,35.0000,4.515536,4.899756,-80.292820,1.1720,-7.1020,0.0000
45110000,50.9999444923,0.0002707577,35.0000,4.505040,4.914564,-80.231138,1.1782,-7.0924,0.0000
45120000,50.9999445985,0.0002697480,35.0000,4.494524,4.929373,-80.169536,1.1844,-7.0827,0.0000
45130000,50.9999447052,0.0002687398,35.0000,4.483988,4.944182,-80.108013,1.1906,-7.0731,0.0000
45140000,50.9999448125,0.0002677329,35.0000,4.473433,4.958991,-80.046570,1.1967,-7.0634,0.0000
45150000,50.9999449204,0.0002667273,35.0000,4.462859,4.973800,-79.985207,1.2028,-7.0536,0.0000
45160000,50.9999450288,0.0002657232,35.0000,4.452265,4.988609,-79.923924,1.2089,-7.0439,0.0000
45170000,50.9999451377,0.0002647205,35.0000,4.441652,5.003418,-79.862722,1.2149,-7.0341,0.0000
45180000,50.9999452472,0.0002637192,35.0000,4.431019,5.018228,-79.801601,1.2209,-7.0243,0.0000
45190000,50.9999453572,0.0002627192,35.0000,4.420368,5.033037,-79.740561,1.2269,-7.0145,0.0000
45200000,50.9999454678,0.0002617207,35.0000,4.409698,5.047846,-79.679601,1.2328,-7.0046,0.0000
45210000,50.9999455788,0.0002607236,35.0000,4.399009,5.062656,-79.618724,1.2387,-6.9947,0.0000
45220000,50.9999456905,0.0002597278,35.0000,4.388301,5.077465,-79.557928,1.2446,-6.9848,0.0000
45230000,50.9999458026,0.0002587335,35.0000,4.377575,5.092274,-79.497214,1.2504,-6.9748,0.0000
45240000,50.9999459152,0.0002577407,35.0000,4.366830,5.107084,-79.436582,1.2562,-6.9648,0.0000
45250000,50.9999460284,0.0002567492,35.0000,4.356067,5.121893,-79.376033,1.2620,-6.9548,0.0000
45260000,50.9999461421,0.0002557592,35.0000,4.345286,5.136703,-79.315566,1.2677,-6.9448,0.0000
45270000,50.9999462563,0.0002547706,35.0000,4.334486,5.151512,-79.255181,1.2734,-6.9347,0.0000
45280000,50.9999463711,0.0002537834,35.0000,4.323669,5.166322,-79.194880,1.2791,-6.9246,0.0000
45290000,50.9999464863,0.0002527977,35.0000,4.312833,5.181131,-79.134662,1.2847,-6.9145,0.0000
45300000,50.9999466020,0.0002518134,35.0000,4.301980,5.195941,-79.074528,1.2903,-6.9044,0.0000
45310000,50.9999467183,0.0002508306,35.0000,4.291109,5.210750,-79.014477,1.2959,-6.8942,0.0000
45320000,50.9999468350,0.0002498492,35.0000,4.280221,5.225560,-78.954510,1.3014,-6.8840,0.0000
45330000,50.9999469522,0.0002488693,35.0000,4.269315,5.240369,-78.894627,1.3069,-6.8738,0.0000
45340000,50.9999470700,0.0002478908,35.0000,4.258391,5.255178,-78.834828,1.3124,-6.8635,0.0000
45350000,50.9999471882,0.0002469138,35.0000,4.247451,5.269987,-78.775114,1.3178,-6.8532,0.0000
45360000,50.9999473069,0.0002459383,35.0000,4.236494,5.284797,-78.715485,1.3232,-6.8429,0.0000
45370000,50.9999474261,0.0002449642,35.0000,4.225519,5.299606,-78.655941,1.3286,-6.8326,0.0000
45380000,50.9999475457,0.0002439917,35.0000,4.214528,5.314415,-78.596482,1.3339,-6.8222,0.0000
45390000,50.9999476659,0.0002430205,35.0000,4.203520,5.329224,-78.537108,1.3392,-6.8118,0.0000
45400000,50.9999477865,0.0002420509,35.0000,4.192495,5.344033,-78.477820,1.3444,-6.8014,0.0000
45410000,50.9999479076,0.0002410828,35.0000,4.181454,5.358842,-78.418618,1.3497,-6.7910,0.0000
45420000,50.9999480291,0.0002401161,35.0000,4.170396,5.373650,-78.359502,1.3549,-6.7805,0.0000
45430000,50.9999481511,0.0002391510,35.0000,4.159322,5.388459,-78.300472,1.3600,-6.7700,0.0000
45440000,50.9999482736,0.0002381873,35.0000,4.148232,5.403267,-78.241529,1.3651,-6.7595,0.0000
45450000,50.9999483966,0.0002372251,35.0000,4.137126,5.418076,-78.182673,1.3702,-6.7489,0.0000
45460000,50.9999485200,0.0002362645,35.0000,4.126004,5.432884,-78.123903,1.3753,-6.7383,0.0000
45470000,50.9999486438,0.0002353053,35.0000,4.114866,5.447692,-78.065221,1.3803,-6.7277,0.0000
45480000,50.9999487681,0.0002343477,35.0000,4.103713,5.462500,-78.006626,1.3853,-6.7171,0.0000
45490000,50.9999488928,0.0002333916,35.0000,4.092544,5.477308,-77.948119,1.3902,-6.7065,0.0000
45500000,50.9999490180,0.0002324370,35.0000,4.081360,5.492116,-77.889699,1.3951,-6.6958,0.0000
45510000,50.9999491437,0.0002314839,35.0000,4.070160,5.506923,-77.831368,1.4000,-6.6851,0.0000
45520000,50.9999492697,0.0002305324,35.0000,4.058945,5.521731,-77.773125,1.4049,-6.6743,0.0000
45530000,50.9999493962,0.0002295823,35.0000,4.047715,5.536538,-77.714970,1.4097,-6.6636,0.0000
45540000,50.9999495232,0.0002286339,35.0000,4.036470,5.551345,-77.656904,1.4144,-6.6528,0.0000
45550000,50.9999496505,0.0002276869,35.0000,4.025211,5.566152,-77.598927,1.4192,-6.6420,0.0000
45560000,50.9999497783,0.0002267415,35.0000,4.013936,5.580959,-77.541039,1.4239,-6.6311,0.0000
45570000,50.9999499065,0.0002257976,35.0000,4.002648,5.595765,-77.483240,1.4285,-6.6203,0.0000
45580000,50.9999500351,0.0002248553,35.0000,3.991344,5.610571,-77.425531,1.4332,-6.6094,0.0000
45590000,50.9999501642,0.0002239146,35.0000,3.980027,5.625377,-77.367912,1.4378,-6.5985,0.0000
45600000,50.9999502936,0.0002229754,35.0000,3.968695,5.640183,-77.310383,1.4423,-6.5875,0.0000
45610000,50.9999504235,0.0002220377,35.0000,3.957349,5.654989,-77.252944,1.4469,-6.5766,0.0000
45620000,50.9999505537,0.0002211017,35.0000,3.945989,5.669794,-77.195595,1.4513,-6.5656,0.0000
45630000,50.9999506844,0.0002201671,35.0000,3.934615,5.684599,-77.138337,1.4558,-6.5546,0.0000
45640000,50.9999508154,0.0002192342,35.0000,3.923228,5.699404,-77.081170,1.4602,-6.5435,0.0000
45650000,50.9999509469,0.0002183028,35.0000,3.911827,5.714209,-77.024094,1.4646,-6.5325,0.0000
45660000,50.9999510787,0.0002173731,35.0000,3.900413,5.729013,-76.967110,1.4689,-6.5214,0.0000
45670000,50.9999512110,0.0002164448,35.0000,3.888985,5.743817,-76.910216,1.4732,-6.5103,0.0000
45680000,50.9999513436,0.0002155182,35.0000,3.877545,5.758621,-76.853415,1.4775,-6.4991,0.0000
45690000,50.9999514766,0.0002145932,35.0000,3.866091,5.773425,-76.796705,1.4818,-6.4880,0.0000
45700000,50.9999516100,0.0002136698,35.0000,3.854624,5.788228,-76.740088,1.4860,-6.4768,0.0000
45710000,50.9999517437,0.0002127479,35.0000,3.843145,5.803031,-76.683563,1.4901,-6.4656,0.0000
45720000,50.9999518779,0.0002118277,35.0000,3.831652,5.817833,-76.627131,1.4943,-6.4543,0.0000
45730000,50.9999520124,0.0002109090,35.0000,3.820148,5.832636,-76.570791,1.4984,-6.4431,0.0000
45740000,50.9999521472,0.0002099920,35.0000,3.808631,5.847438,-76.514544,1.5024,-6.4318,0.0000
45750000,50.9999522825,0.0002090765,35.0000,3.797101,5.862239,-76.458391,1.5064,-6.4205,0.0000
45760000,50.9999524181,0.0002081627,35.0000,3.785560,5.877041,-76.402331,1.5104,-6.4092,0.0000
45770000,50.9999525540,0.0002072505,35.0000,3.774006,5.891842,-76.346365,1.5144,-6.3978,0.0000
45780000,50.9999526903,0.0002063399,35.0000,3.762441,5.906642,-76.290492,1.5183,-6.3864,0.0000
45790000,50.9999528270,0.0002054310,35.0000,3.750864,5.921443,-76.234714,1.5222,-6.3750,0.0000
45800000,50.9999529640,0.0002045237,35.0000,3.739275,5.936242,-76.179030,1.5260,-6.3636,0.0000
45810000,50.9999531013,0.0002036180,35.0000,3.727675,5.951042,-76.123440,1.5298,-6.3521,0.0000
45820000,50.9999532390,0.0002027139,35.0000,3.716064,5.965841,-76.067945,1.5336,-6.3407,0.0000
45830000,50.9999533770,0.0002018114,35.0000,3.704441,5.980640,-76.012545,1.5373,-6.3292,0.0000
45840000,50.9999535154,0.0002009107,35.0000,3.692807,5.995438,-75.957240,1.5410,-6.3176,0.0000
45850000,50.9999536541,0.0002000115,35.0000,3.681163,6.010236,-75.902031,1.5446,-6.3061,0.0000
45860000,50.9999537931,0.0001991140,35.0000,3.669507,6.025034,-75.846917,1.5483,-6.2945,0.0000
45870000,50.9999539324,0.0001982182,35.0000,3.657841,6.039831,-75.791899,1.5518,-6.2829,0.0000
45880000,50.9999540720,0.0001973240,35.0000,3.646164,6.054627,-75.736976,1.5554,-6.2713,0.0000
45890000,50.9999542120,0.0001964314,35.0000,3.634477,6.069424,-75.682150,1.5589,-6.2597,0.0000
45900000,50.9999543523,0.0001955405,35.0000,3.622780,6.084219,-75.627421,1.5624,-6.2480,0.0000
45910000,50.9999544929,0.0001946513,35.0000,3.611072,6.099015,-75.572788,1.5658,-6.2363,0.0000
45920000,50.9999546338,0.0001937638,35.0000,3.599355,6.113810,-75.518252,1.5692,-6.2246,0.0000
45930000,50.9999547750,0.0001928779,35.0000,3.587628,6.128604,-75.463813,1.5726,-6.2129,0.0000
45940000,50.9999549165,0.0001919937,35.0000,3.575891,6.143398,-75.409471,1.5759,-6.2011,0.0000
45950000,50.9999550583,0.0001911111,35.0000,3.564144,6.158192,-75.355226,1.5792,-6.1893,0.0000
45960000,50.9999552004,0.0001902303,35.0000,3.552388,6.172985,-75.301079,1.5824,-6.1775,0.0000
45970000,50.9999553428,0.0001893511,35.0000,3.540623,6.187777,-75.247031,1.5856,-6.1657,0.0000
45980000,50.9999554855,0.0001884736,35.0000,3.528849,6.202569,-75.193080,1.5888,-6.1539,0.0000
45990000,50.9999556284,0.0001875978,35.0000,3.517065,6.217360,-75.139227,1.5920,-6.1420,0.0000
46000000,50.9999557717,0.0001867237,35.0000,3.505273,6.232151,-75.085473,1.5951,-6.1301,0.0000
46010000,50.9999559152,0.0001858513,35.0000,3.493472,6.246942,-75.031818,1.5981,-6.1182,0.0000
46020000,50.9999560590,0.0001849806,35.0000,3.481662,6.261732,-74.978262,1.6012,-6.1062,0.0000
46030000,50.9999562031,0.0001841116,35.0000,3.469844,6.276521,-74.924804,1.6041,-6.0943,0.0000
46040000,50.9999563474,0.0001832443,35.0000,3.458018,6.291310,-74.871446,1.6071,-6.0823,0.0000
46050000,50.9999564920,0.0001823787,35.0000,3.446183,6.306098,-74.818188,1.6100,-6.0703,0.0000
46060000,50.9999566368,0.0001815148,35.0000,3.434341,6.320886,-74.765029,1.6129,-6.0583,0.0000
46070000,50.9999567819,0.0001806527,35.0000,3.422490,6.335673,-74.711971,1.6157,-6.0462,0.0000
46080000,50.9999569273,0.0001797922,35.0000,3.410632,6.350459,-74.659012,1.6185,-6.0342,0.0000
46090000,50.9999570729,0.0001789335,35.0000,3.398766,6.365245,-74.606154,1.6213,-6.0221,0.0000
46100000,50.9999572188,0.0001780765,35.0000,3.386893,6.380031,-74.553396,1.6240,-6.0100,0.0000
46110000,50.9999573649,0.0001772212,35.0000,3.375012,6.394815,-74.500739,1.6267,-5.9978,0.0000
46120000,50.9999575112,0.0001763677,35.0000,3.363125,6.409600,-74.448184,1.6294,-5.9857,0.0000
46130000,50.9999576578,0.0001755158,35.0000,3.351230,6.424383,-74.395729,1.6320,-5.9735,0.0000
46140000,50.9999578046,0.0001746658,35.0000,3.339329,6.439166,-74.343376,1.6346,-5.9613,0.0000
46150000,50.9999579517,0.0001738174,35.0000,3.327420,6.453948,-74.291124,1.6371,-5.9491,0.0000
46160000,50.9999580989,0.0001729708,35.0000,3.315505,6.468730,-74.238974,1.6396,-5.9368,0.0000
46170000,50.9999582464,0.0001721260,35.0000,3.303584,6.483511,-74.186927,1.6421,-5.9245,0.0000
46180000,50.9999583941,0.0001712829,35.0000,3.291656,6.498291,-74.134981,1.6445,-5.9123,0.0000
46190000,50.9999585421,0.0001704415,35.0000,3.279723,6.513071,-74.083138,1.6469,-5.9000,0.0000
46200000,50.9999586902,0.0001696019,35.0000,3.267783,6.527850,-74.031398,1.6492,-5.8876,0.0000
46210000,50.9999588386,0.0001687641,35.0000,3.255837,6.542628,-73.979760,1.6515,-5.8753,0.0000
46220000,50.9999589871,0.0001679280,35.0000,3.243886,6.557405,-73.928225,1.6538,-5.8629,0.0000
46230000,50.9999591359,0.0001670937,35.0000,3.231929,6.572182,-73.876794,1.6560,-5.8505,0.0000
46240000,50.9999592848,0.0001662612,35.0000,3.219967,6.586958,-73.825466,1.6582,-5.8381,0.0000
46250000,50.9999594340,0.0001654304,35.0000,3.207999,6.601734,-73.774242,1.6604,-5.8257,0.0000
46260000,50.9999595833,0.0001646014,35.0000,3.196027,6.616509,-73.723122,1.6625,-5.8132,0.0000
46270000,50.9999597329,0.0001637742,35.0000,3.184049,6.631283,-73.672105,1.6646,-5.8007,0.0000
46280000,50.9999598826,0.0001629487,35.0000,3.172067,6.646056,-73.621193,1.6667,-5.7882,0.0000
46290000,50.9999600325,0.0001621251,35.0000,3.160080,6.660828,-73.570386,1.6687,-5.7757,0.0000
46300000,50.9999601826,0.0001613032,35.0000,3.148089,6.675600,-73.519683,1.6706,-5.7632,0.0000
46310000,50.9999603328,0.0001604831,35.0000,3.136093,6.690371,-73.469085,1.6726,-5.7506,0.0000
46320000,50.9999604833,0.0001596648,35.0000,3.124093,6.705141,-73.418592,1.6745,-5.7381,0.0000
46330000,50.9999606339,0.0001588483,35.0000,3.112089,6.719911,-73.368205,1.6763,-5.7255,0.0000
46340000,50.9999607846,0.0001580335,35.0000,3.100081,6.734680,-73.317922,1.6781,-5.7128,0.0000
46350000,50.9999609356,0.0001572206,35.0000,3.088069,6.749447,-73.267746,1.6799,-5.7002,0.0000
46360000,50.9999610866,0.0001564095,35.0000,3.076054,6.764215,-73.217676,1.6817,-5.6875,0.0000
46370000,50.9999612379,0.0001556002,35.0000,3.064035,6.778981,-73.167711,1.6834,-5.6749,0.0000
46380000,50.9999613893,0.0001547927,35.0000,3.052013,6.793746,-73.117853,1.6850,-5.6622,0.0000
46390000,50.9999615408,0.0001539870,35.0000,3.039988,6.808511,-73.068101,1.6867,-5.6494,0.0000
46400000,50.9999616925,0.0001531831,35.0000,3.027960,6.823275,-73.018456,1.6882,-5.6367,0.0000
46410000,50.9999618443,0.0001523811,35.0000,3.015929,6.838038,-72.968918,1.6898,-5.6240,0.0000
46420000,50.9999619963,0.0001515808,35.0000,3.003896,6.852800,-72.919487,1.6913,-5.6112,0.0000
46430000,50.9999621484,0.0001507824,35.0000,2.991860,6.867561,-72.870164,1.6928,-5.5984,0.0000
46440000,50.9999623006,0.0001499858,35.0000,2.979821,6.882322,-72.820947,1.6942,-5.5856,0.0000
46450000,50.9999624530,0.0001491910,35.0000,2.967781,6.897081,-72.771839,1.6956,-5.5727,0.0000
46460000,50.9999626054,0.0001483981,35.0000,2.955738,6.911840,-72.722838,1.6970,-5.5599,0.0000
46470000,50.9999627580,0.0001476070,35.0000,2.943694,6.926598,-72.673946,1.6983,-5.5470,0.0000
46480000,50.9999629108,0.0001468177,35.0000,2.931647,6.941355,-72.625162,1.6996,-5.5341,0.0000
46490000,50.9999630636,0.0001460303,35.0000,2.919600,6.956111,-72.576486,1.7008,-5.5212,0.0000
46500000,50.9999632165,0.0001452447,35.0000,2.907551,6.970866,-72.527919,1.7020,-5.5082,0.0000
46510000,50.9999633696,0.0001444609,35.0000,2.895500,6.985620,-72.479461,1.7032,-5.4953,0.0000
46520000,50.9999635227,0.0001436790,35.0000,2.883449,7.000373,-72.431112,1.7043,-5.4823,0.0000
46530000,50.9999636760,0.0001428990,35.0000,2.871397,7.015126,-72.382872,1.7054,-5.4693,0.0000
46540000,50.9999638293,0.0001421208,35.0000,2.859344,7.029877,-72.334742,1.7065,-5.4563,0.0000
46550000,50.9999639827,0.0001413444,35.0000,2.847290,7.044627,-72.286721,1.7075,-5.4433,0.0000
46560000,50.9999641363,0.0001405700,35.0000,2.835236,7.059377,-72.238811,1.7084,-5.4302,0.0000
46570000,50.9999642899,0.0001397973,35.0000,2.823181,7.074126,-72.191010,1.7094,-5.4172,0.0000
46580000,50.9999644436,0.0001390266,35.0000,2.811127,7.088873,-72.143320,1.7103,-5.4041,0.0000
46590000,50.9999645974,0.0001382577,35.0000,2.799072,7.103620,-72.095740,1.7111,-5.3910,0.0000
46600000,50.9999647512,0.0001374906,35.0000,2.787018,7.118365,-72.048271,1.7120,-5.3779,0.0000
46610000,50.9999649051,0.0001367255,35.0000,2.774964,7.133110,-72.000912,1.7127,-5.3647,0.0000
46620000,50.9999650591,0.0001359622,35.0000,2.762911,7.147854,-71.953665,1.7135,-5.3516,0.0000
46630000,50.9999652132,0.0001352008,35.0000,2.750858,7.162596,-71.906529,1.7142,-5.3384,0.0000
46640000,50.9999653673,0.0001344412,35.0000,2.738807,7.177338,-71.859504,1.7149,-5.3252,0.0000
46650000,50.9999655215,0.0001336836,35.0000,2.726756,7.192079,-71.812592,1.7155,-5.3120,0.0000
46660000,50.9999656757,0.0001329278,35.0000,2.714706,7.206818,-71.765790,1.7161,-5.2987,0.0000
46670000,50.9999658300,0.0001321739,35.0000,2.702658,7.221557,-71.719101,1.7166,-5.2855,0.0000
46680000,50.9999659843,0.0001314220,35.0000,2.690612,7.236294,-71.672525,1.7171,-5.2722,0.0000
46690000,50.9999661387,0.0001306719,35.0000,2.678567,7.251031,-71.626060,1.7176,-5.2589,0.0000
46700000,50.9999662931,0.0001299237,35.0000,2.666524,7.265766,-71.579709,1.7181,-5.2456,0.0000
46710000,50.9999664476,0.0001291773,35.0000,2.654483,7.280501,-71.533470,1.7185,-5.2323,0.0000
46720000,50.9999666020,0.0001284329,35.0000,2.642444,7.295234,-71.487344,1.7188,-5.2189,0.0000
46730000,50.9999667566,0.0001276904,35.0000,2.630407,7.309966,-71.441331,1.7191,-5.2056,0.0000
46740000,50.9999669111,0.0001269498,35.0000,2.618373,7.324697,-71.395432,1.7194,-5.1922,0.0000
46750000,50.9999670657,0.0001262111,35.0000,2.606342,7.339427,-71.349646,1.7197,-5.1788,0.0000
46760000,50.9999672203,0.0001254744,35.0000,2.594314,7.354156,-71.303974,1.7199,-5.1654,0.0000
46770000,50.9999673749,0.0001247395,35.0000,2.582288,7.368884,-71.258416,1.7200,-5.1519,0.0000
46780000,50.9999675295,0.0001240065,35.0000,2.570266,7.383611,-71.212973,1.7202,-5.1385,0.0000
46790000,50.9999676841,0.0001232755,35.0000,2.558247,7.398336,-71.167643,1.7203,-5.1250,0.0000
46800000,50.9999678388,0.0001225464,35.0000,2.546232,7.413061,-71.122428,1.7203,-5.1115,0.0000
46810000,50.9999679934,0.0001218192,35.0000,2.534220,7.427784,-71.077328,1.7203,-5.0980,0.0000
46820000,50.9999681480,0.0001210939,35.0000,2.522213,7.442506,-71.032343,1.7203,-5.0845,0.0000
46830000,50.9999683027,0.0001203706,35.0000,2.510209,7.457227,-70.987473,1.7202,-5.0710,0.0000
46840000,50.9999684573,0.0001196492,35.0000,2.498210,7.471947,-70.942718,1.7201,-5.0574,0.0000
46850000,50.9999686119,0.0001189297,35.0000,2.486215,7.486666,-70.898079,1.7200,-5.0438,0.0000
46860000,50.9999687665,0.0001182121,35.0000,2.474224,7.501384,-70.853556,1.7198,-5.0302,0.0000
46870000,50.9999689211,0.0001174965,35.0000,2.462239,7.516100,-70.809148,1.7196,-5.0166,0.0000
46880000,50.9999690757,0.0001167829,35.0000,2.450258,7.530815,-70.764857,1.7193,-5.0030,0.0000
46890000,50.9999692302,0.0001160711,35.0000,2.438282,7.545529,-70.720682,1.7191,-4.9894,0.0000
46900000,50.9999693847,0.0001153614,35.0000,2.426312,7.560242,-70.676623,1.7187,-4.9757,0.0000
46910000,50.9999695392,0.0001146535,35.0000,2.414347,7.574954,-70.632681,1.7184,-4.9620,0.0000
46920000,50.9999696936,0.0001139476,35.0000,2.402387,7.589664,-70.588856,1.7179,-4.9483,0.0000
46930000,50.9999698480,0.0001132437,35.0000,2.390434,7.604373,-70.545147,1.7175,-4.9346,0.0000
46940000,50.9999700024,0.0001125417,35.0000,2.378486,7.619081,-70.501556,1.7170,-4.9209,0.0000
46950000,50.9999701567,0.0001118417,35.0000,2.366545,7.633788,-70.458083,1.7165,-4.9071,0.0000
46960000,50.9999703110,0.0001111437,35.0000,2.354609,7.648494,-70.414727,1.7159,-4.8934,0.0000
46970000,50.9999704652,0.0001104476,35.0000,2.342681,7.663198,-70.371489,1.7153,-4.8796,0.0000
46980000,50.9999706193,0.0001097534,35.0000,2.330759,7.677901,-70.328368,1.7147,-4.8658,0.0000
46990000,50.9999707734,0.0001090612,35.0000,2.318843,7.692603,-70.285366,1.7140,-4.8520,0.0000
47000000,50.9999709275,0.0001083711,35.0000,2.306935,7.707303,-70.242483,1.7133,-4.8382,0.0000
47010000,50.9999710815,0.0001076828,35.0000,2.295034,7.722003,-70.199718,1.7125,-4.8243,0.0000
47020000,50.9999712354,0.0001069966,35.0000,2.283141,7.736701,-70.157071,1.7117,-4.8104,0.0000
47030000,50.9999713892,0.0001063123,35.0000,2.271255,7.751397,-70.114544,1.7109,-4.7966,0.0000
47040000,50.9999715429,0.0001056300,35.0000,2.259376,7.766093,-70.072135,1.7100,-4.7827,0.0000
47050000,50.9999716966,0.0001049497,35.0000,2.247506,7.780787,-70.029846,1.7091,-4.7688,0.0000
47060000,50.9999718502,0.0001042713,35.0000,2.235644,7.795480,-69.987677,1.7082,-4.7548,0.0000
47070000,50.9999720037,0.0001035950,35.0000,2.223790,7.810171,-69.945627,1.7072,-4.7409,0.0000
47080000,50.9999721571,0.0001029206,35.0000,2.211944,7.824861,-69.903696,1.7062,-4.7269,0.0000
47090000,50.9999723104,0.0001022483,35.0000,2.200107,7.839550,-69.861886,1.7051,-4.7129,0.0000
47100000,50.9999724637,0.0001015779,35.0000,2.188279,7.854238,-69.820196,1.7040,-4.6989,0.0000
47110000,50.9999726168,0.0001009095,35.0000,2.176460,7.868924,-69.778627,1.7029,-4.6849,0.0000
47120000,50.9999727698,0.0001002431,35.0000,2.164650,7.883609,-69.737178,1.7017,-4.6709,0.0000
47130000,50.9999729227,0.0000995787,35.0000,2.152849,7.898292,-69.695850,1.7005,-4.6569,0.0000
47140000,50.9999730755,0.0000989163,35.0000,2.141058,7.912975,-69.654643,1.6993,-4.6428,0.0000
47150000,50.9999732282,0.0000982559,35.0000,2.129277,7.927655,-69.613557,1.6980,-4.6287,0.0000
47160000,50.9999733808,0.0000975976,35.0000,2.117506,7.942335,-69.572592,1.6967,-4.6146,0.0000
47170000,50.9999735332,0.0000969412,35.0000,2.105744,7.957013,-69.531749,1.6953,-4.6005,0.0000
47180000,50.9999736856,0.0000962868,35.0000,2.093993,7.971690,-69.491027,1.6939,-4.5864,0.0000
47190000,50.9999738378,0.0000956345,35.0000,2.082253,7.986365,-69.450428,1.6925,-4.5723,0.0000
47200000,50.9999739898,0.0000949842,35.0000,2.070523,8.001039,-69.409950,1.6910,-4.5581,0.0000
47210000,50.9999741418,0.0000943358,35.0000,2.058804,8.015712,-69.369595,1.6895,-4.5439,0.0000
47220000,50.9999742935,0.0000936896,35.0000,2.047096,8.030383,-69.329362,1.6879,-4.5298,0.0000
47230000,50.9999744452,0.0000930453,35.0000,2.035399,8.045053,-69.289252,1.6863,-4.5156,0.0000
47240000,50.9999745967,0.0000924030,35.0000,2.023713,8.059721,-69.249264,1.6847,-4.5013,0.0000
47250000,50.9999747481,0.0000917628,35.0000,2.012039,8.074388,-69.209399,1.6830,-4.4871,0.0000
47260000,50.9999748993,0.0000911246,35.0000,2.000377,8.089054,-69.169658,1.6813,-4.4729,0.0000
47270000,50.9999750503,0.0000904885,35.0000,1.988727,8.103718,-69.130040,1.6796,-4.4586,0.0000
47280000,50.9999752012,0.0000898543,35.0000,1.977089,8.118380,-69.090545,1.6778,-4.4443,0.0000
47290000,50.9999753520,0.0000892222,35.0000,1.965463,8.133042,-69.051175,1.6760,-4.4300,0.0000
47300000,50.9999755025,0.0000885922,35.0000,1.953850,8.147701,-69.011927,1.6741,-4.4157,0.0000
47310000,50.9999756529,0.0000879642,35.0000,1.942250,8.162360,-68.972805,1.6722,-4.4014,0.0000
47320000,50.9999758032,0.0000873382,35.0000,1.930662,8.177017,-68.933806,1.6703,-4.3870,0.0000
47330000,50.9999759532,0.0000867143,35.0000,1.919088,8.191672,-68.894931,1.6683,-4.3727,0.0000
47340000,50.9999761031,0.0000860924,35.0000,1.907527,8.206326,-68.856182,1.6663,-4.3583,0.0000
47350000,50.9999762528,0.0000854726,35.0000,1.895979,8.220979,-68.817557,1.6643,-4.3439,0.0000
47360000,50.9999764023,0.0000848548,35.0000,1.884445,8.235630,-68.779057,1.6622,-4.3295,0.0000
47370000,50.9999765516,0.0000842391,35.0000,1.872925,8.250279,-68.740682,1.6601,-4.3151,0.0000
47380000,50.9999767007,0.0000836254,35.0000,1.861419,8.264927,-68.702432,1.6579,-4.3007,0.0000
47390000,50.9999768497,0.0000830138,35.0000,1.849927,8.279574,-68.664308,1.6557,-4.2862,0.0000
47400000,50.9999769984,0.0000824042,35.0000,1.838449,8.294219,-68.626310,1.6535,-4.2717,0.0000
47410000,50.9999771469,0.0000817967,35.0000,1.826986,8.308863,-68.588437,1.6512,-4.2573,0.0000
47420000,50.9999772953,0.0000811913,35.0000,1.815538,8.323505,-68.550690,1.6489,-4.2428,0.0000
47430000,50.9999774434,0.0000805879,35.0000,1.804105,8.338146,-68.513070,1.6466,-4.2283,0.0000
47440000,50.9999775913,0.0000799866,35.0000,1.792687,8.352785,-68.475576,1.6442,-4.2137,0.0000
47450000,50.9999777390,0.0000793874,35.0000,1.781285,8.367422,-68.438208,1.6418,-4.1992,0.0000
47460000,50.9999778864,0.0000787902,35.0000,1.769898,8.382058,-68.400968,1.6394,-4.1846,0.0000
47470000,50.9999780337,0.0000781952,35.0000,1.758527,8.396693,-68.363854,1.6369,-4.1701,0.0000
47480000,50.9999781807,0.0000776021,35.0000,1.747172,8.411326,-68.326867,1.6343,-4.1555,0.0000
47490000,50.9999783275,0.0000770112,35.0000,1.735833,8.425957,-68.290008,1.6318,-4.1409,0.0000
47500000,50.9999784741,0.0000764224,35.0000,1.724511,8.440587,-68.253275,1.6292,-4.1263,0.0000
47510000,50.9999786204,0.0000758356,35.0000,1.713205,8.455216,-68.216671,1.6265,-4.1116,0.0000
47520000,50.9999787665,0.0000752509,35.0000,1.701916,8.469843,-68.180194,1.6239,-4.0970,0.0000
47530000,50.9999789123,0.0000746684,35.0000,1.690644,8.484468,-68.143845,1.6212,-4.0823,0.0000
47540000,50.9999790579,0.0000740879,35.0000,1.679389,8.499092,-68.107625,1.6184,-4.0677,0.0000
47550000,50.9999792033,0.0000735094,35.0000,1.668151,8.513714,-68.071532,1.6156,-4.0530,0.0000
47560000,50.9999793484,0.0000729331,35.0000,1.656931,8.528335,-68.035568,1.6128,-4.0383,0.0000
47570000,50.9999794932,0.0000723589,35.0000,1.645729,8.542954,-67.999733,1.6099,-4.0235,0.0000
47580000,50.9999796378,0.0000717868,35.0000,1.634544,8.557571,-67.964027,1.6070,-4.0088,0.0000
47590000,50.9999797821,0.0000712168,35.0000,1.623378,8.572187,-67.928449,1.6041,-3.9941,0.0000
47600000,50.9999799262,0.0000706489,35.0000,1.612230,8.586801,-67.893001,1.6011,-3.9793,0.0000
47610000,50.9999800700,0.0000700830,35.0000,1.601101,8.601414,-67.857682,1.5981,-3.9645,0.0000
47620000,50.9999802135,0.0000695193,35.0000,1.589990,8.616025,-67.822493,1.5951,-3.9497,0.0000
47630000,50.9999803567,0.0000689577,35.0000,1.578899,8.630635,-67.787433,1.5920,-3.9349,0.0000
47640000,50.9999804997,0.0000683982,35.0000,1.567827,8.645243,-67.752503,1.5889,-3.9201,0.0000
47650000,50.9999806424,0.0000678409,35.0000,1.556774,8.659849,-67.717703,1.5858,-3.9053,0.0000
47660000,50.9999807848,0.0000672856,35.0000,1.545740,8.674454,-67.683033,1.5826,-3.8904,0.0000
47670000,50.9999809269,0.0000667324,35.0000,1.534726,8.689057,-67.648494,1.5793,-3.8756,0.0000
47680000,50.9999810687,0.0000661814,35.0000,1.523733,8.703658,-67.614085,1.5761,-3.8607,0.0000
47690000,50.9999812102,0.0000656325,35.0000,1.512759,8.718258,-67.579807,1.5728,-3.8458,0.0000
47700000,50.9999813515,0.0000650857,35.0000,1.501806,8.732857,-67.545660,1.5695,-3.8309,0.0000
47710000,50.9999814924,0.0000645411,35.0000,1.490874,8.747453,-67.511644,1.5661,-3.8160,0.0000
47720000,50.9999816330,0.0000639985,35.0000,1.479962,8.762048,-67.477759,1.5627,-3.8010,0.0000
47730000,50.9999817733,0.0000634581,35.0000,1.469071,8.776642,-67.444006,1.5592,-3.7861,0.0000
47740000,50.9999819133,0.0000629199,35.0000,1.458202,8.791234,-67.410384,1.5558,-3.7711,0.0000
47750000,50.9999820530,0.0000623837,35.0000,1.447354,8.805824,-67.376893,1.5523,-3.7561,0.0000
47760000,50.9999821924,0.0000618497,35.0000,1.436527,8.820412,-67.343535,1.5487,-3.7411,0.0000
47770000,50.9999823314,0.0000613178,35.0000,1.425723,8.834999,-67.310309,1.5451,-3.7261,0.0000
47780000,50.9999824702,0.0000607881,35.0000,1.414940,8.849584,-67.277215,1.5415,-3.7111,0.0000
47790000,50.9999826086,0.0000602605,35.0000,1.404180,8.864168,-67.244253,1.5379,-3.6961,0.0000
47800000,50.9999827466,0.0000597351,35.0000,1.393442,8.878750,-67.211424,1.5342,-3.6810,0.0000
47810000,50.9999828844,0.0000592118,35.0000,1.382726,8.893330,-67.178728,1.5304,-3.6659,0.0000
47820000,50.9999830218,0.0000586906,35.0000,1.372034,8.907909,-67.146164,1.5267,-3.6509,0.0000
47830000,50.9999831588,0.0000581716,35.0000,1.361365,8.922486,-67.113734,1.5229,-3.6358,0.0000
47840000,50.9999832956,0.0000576548,35.0000,1.350719,8.937061,-67.081437,1.5191,-3.6207,0.0000
47850000,50.9999834319,0.0000571401,35.0000,1.340096,8.951635,-67.049273,1.5152,-3.6055,0.0000
47860000,50.9999835679,0.0000566275,35.0000,1.329497,8.966207,-67.017243,1.5113,-3.5904,0.0000
47870000,50.9999837036,0.0000561171,35.0000,1.318922,8.980777,-66.985346,1.5073,-3.5752,0.0000
47880000,50.9999838389,0.0000556089,35.0000,1.308372,8.995346,-66.953584,1.5034,-3.5601,0.0000
47890000,50.9999839739,0.0000551028,35.0000,1.297845,9.009912,-66.921955,1.4994,-3.5449,0.0000
47900000,50.9999841085,0.0000545989,35.0000,1.287343,9.024478,-66.890461,1.4953,-3.5297,0.0000
47910000,50.9999842427,0.0000540972,35.0000,1.276866,9.039041,-66.859101,1.4912,-3.5145,0.0000
47920000,50.9999843766,0.0000535976,35.0000,1.266414,9.053603,-66.827876,1.4871,-3.4993,0.0000
47930000,50.9999845101,0.0000531002,35.0000,1.255987,9.068163,-66.796785,1.4830,-3.4840,0.0000
47940000,50.9999846432,0.0000526050,35.0000,1.245585,9.082722,-66.765829,1.4788,-3.4688,0.0000
47950000,50.9999847759,0.0000521119,35.0000,1.235209,9.097279,-66.735009,1.4746,-3.4535,0.0000
47960000,50.9999849083,0.0000516211,35.0000,1.224859,9.111834,-66.704323,1.4703,-3.4382,0.0000
47970000,50.9999850402,0.0000511324,35.0000,1.214535,9.126387,-66.673773,1.4660,-3.4229,0.0000
47980000,50.9999851718,0.0000506458,35.0000,1.204237,9.140939,-66.643359,1.4617,-3.4076,0.0000
47990000,50.9999853030,0.0000501615,35.0000,1.193966,9.155489,-66.613080,1.4574,-3.3923,0.0000
48000000,50.9999854338,0.0000496793,35.0000,1.183721,9.170038,-66.582937,1.4530,-3.3770,0.0000
48010000,50.9999855642,0.0000491994,35.0000,1.173503,9.184584,-66.552930,1.4485,-3.3616,0.0000
48020000,50.9999856943,0.0000487216,35.0000,1.163312,9.199129,-66.523059,1.4441,-3.3463,0.0000
48030000,50.9999858239,0.0000482460,35.0000,1.153149,9.213673,-66.493325,1.4396,-3.3309,0.0000
48040000,50.9999859531,0.0000477726,35.0000,1.143013,9.228214,-66.463727,1.4351,-3.3155,0.0000
48050000,50.9999860818,0.0000473014,35.0000,1.132905,9.242754,-66.434265,1.4305,-3.3001,0.0000
48060000,50.9999862102,0.0000468324,35.0000,1.122825,9.257292,-66.404941,1.4259,-3.2847,0.0000
48070000,50.9999863382,0.0000463656,35.0000,1.112773,9.271829,-66.375753,1.4213,-3.2692,0.0000
48080000,50.9999864657,0.0000459009,35.0000,1.102750,9.286363,-66.346703,1.4166,-3.2538,0.0000
48090000,50.9999865929,0.0000454385,35.0000,1.092755,9.300896,-66.317790,1.4119,-3.2383,0.0000
48100000,50.9999867196,0.0000449783,35.0000,1.082789,9.315428,-66.289015,1.4072,-3.2229,0.0000
48110000,50.9999868458,0.0000445203,35.0000,1.072852,9.329957,-66.260377,1.4024,-3.2074,0.0000
48120000,50.9999869717,0.0000440645,35.0000,1.062945,9.344485,-66.231877,1.3976,-3.1919,0.0000
48130000,50.9999870971,0.0000436109,35.0000,1.053067,9.359011,-66.203514,1.3928,-3.1763,0.0000
48140000,50.9999872221,0.0000431595,35.0000,1.043218,9.373536,-66.175290,1.3879,-3.1608,0.0000
48150000,50.9999873466,0.0000427104,35.0000,1.033400,9.388058,-66.147205,1.3830,-3.1453,0.0000
48160000,50.9999874707,0.0000422634,35.0000,1.023612,9.402579,-66.119257,1.3781,-3.1297,0.0000
48170000,50.9999875944,0.0000418187,35.0000,1.013854,9.417098,-66.091448,1.3731,-3.1141,0.0000
48180000,50.9999877176,0.0000413762,35.0000,1.004127,9.431616,-66.063778,1.3681,-3.0985,0.0000
48190000,50.9999878403,0.0000409359,35.0000,0.994431,9.446132,-66.036247,1.3631,-3.0829,0.0000
48200000,50.9999879626,0.0000404978,35.0000,0.984766,9.460646,-66.008855,1.3580,-3.0673,0.0000
48210000,50.9999880845,0.0000400620,35.0000,0.975132,9.475158,-65.981602,1.3529,-3.0517,0.0000
48220000,50.9999882058,0.0000396284,35.0000,0.965530,9.489669,-65.954488,1.3478,-3.0360,0.0000
48230000,50.9999883268,0.0000391970,35.0000,0.955959,9.504178,-65.927514,1.3426,-3.0204,0.0000
48240000,50.9999884472,0.0000387679,35.0000,0.946420,9.518685,-65.900680,1.3374,-3.0047,0.0000
48250000,50.9999885672,0.0000383410,35.0000,0.936914,9.533190,-65.873985,1.3322,-2.9890,0.0000
48260000,50.9999886867,0.0000379163,35.0000,0.927440,9.547694,-65.847431,1.3269,-2.9733,0.0000
48270000,50.9999888057,0.0000374938,35.0000,0.917999,9.562196,-65.821016,1.3216,-2.9576,0.0000
48280000,50.9999889243,0.0000370736,35.0000,0.908590,9.576696,-65.794742,1.3163,-2.9419,0.0000
48290000,50.9999890424,0.0000366557,35.0000,0.899215,9.591195,-65.768608,1.3109,-2.9261,0.0000
48300000,50.9999891600,0.0000362400,35.0000,0.889873,9.605692,-65.742615,1.3055,-2.9104,0.0000
48310000,50.9999892771,0.0000358265,35.0000,0.880564,9.620187,-65.716763,1.3001,-2.8946,0.0000
48320000,50.9999893937,0.0000354153,35.0000,0.871290,9.634680,-65.691051,1.2947,-2.8788,0.0000
48330000,50.9999895098,0.0000350063,35.0000,0.862049,9.649172,-65.665481,1.2892,-2.8630,0.0000
48340000,50.9999896255,0.0000345996,35.0000,0.852843,9.663662,-65.640052,1.2836,-2.8472,0.0000
48350000,50.9999897406,0.0000341951,35.0000,0.843671,9.678150,-65.614764,1.2781,-2.8314,0.0000
48360000,50.9999898552,0.0000337929,35.0000,0.834533,9.692636,-65.589617,1.2725,-2.8155,0.0000
48370000,50.9999899694,0.0000333930,35.0000,0.825431,9.707121,-65.564613,1.2669,-2.7996,0.0000
48380000,50.9999900830,0.0000329953,35.0000,0.816364,9.721604,-65.539750,1.2612,-2.7838,0.0000
48390000,50.9999901961,0.0000325998,35.0000,0.807332,9.736085,-65.515029,1.2556,-2.7679,0.0000
48400000,50.9999903087,0.0000322067,35.0000,0.798336,9.750564,-65.490450,1.2498,-2.7520,0.0000
48410000,50.9999904208,0.0000318158,35.0000,0.789376,9.765042,-65.466014,1.2441,-2.7361,0.0000
48420000,50.9999905324,0.0000314271,35.0000,0.780451,9.779518,-65.441719,1.2383,-2.7201,0.0000
48430000,50.9999906434,0.0000310408,35.0000,0.771564,9.793993,-65.417568,1.2325,-2.7042,0.0000
48440000,50.9999907540,0.0000306567,35.0000,0.762712,9.808465,-65.393559,1.2267,-2.6882,0.0000
48450000,50.9999908640,0.0000302749,35.0000,0.753898,9.822936,-65.369693,1.2208,-2.6723,0.0000
48460000,50.9999909734,0.0000298953,35.0000,0.745120,9.837405,-65.345970,1.2149,-2.6563,0.0000
48470000,50.9999910824,0.0000295181,35.0000,0.736380,9.851872,-65.322391,1.2090,-2.6403,0.0000
48480000,50.9999911908,0.0000291431,35.0000,0.727677,9.866338,-65.298954,1.2030,-2.6243,0.0000
48490000,50.9999912986,0.0000287704,35.0000,0.719012,9.880802,-65.275661,1.1970,-2.6082,0.0000
48500000,50.9999914060,0.0000284000,35.0000,0.710385,9.895264,-65.252512,1.1910,-2.5922,0.0000
48510000,50.9999915128,0.0000280319,35.0000,0.701796,9.909725,-65.229506,1.1849,-2.5761,0.0000
48520000,50.9999916190,0.0000276661,35.0000,0.693245,9.924184,-65.206644,1.1788,-2.5600,0.0000
48530000,50.9999917247,0.0000273025,35.0000,0.684733,9.938641,-65.183927,1.1727,-2.5440,0.0000
48540000,50.9999918298,0.0000269413,35.0000,0.676260,9.953096,-65.161353,1.1666,-2.5279,0.0000
48550000,50.9999919344,0.0000265823,35.0000,0.667826,9.967550,-65.138924,1.1604,-2.5117,0.0000
48560000,50.9999920384,0.0000262256,35.0000,0.659432,9.982001,-65.116640,1.1542,-2.4956,0.0000
48570000,50.9999921419,0.0000258713,35.0000,0.651077,9.996452,-65.094500,1.1480,-2.4795,0.0000
48580000,50.9999922448,0.0000255192,35.0000,0.642762,10.010900,-65.072504,1.1417,-2.4633,0.0000
48590000,50.9999923471,0.0000251695,35.0000,0.634487,10.025347,-65.050654,1.1354,-2.4471,0.0000
48600000,50.9999924489,0.0000248220,35.0000,0.626253,10.039792,-65.028949,1.1291,-2.4309,0.0000
48610000,50.9999925501,0.0000244769,35.0000,0.618058,10.054235,-65.007389,1.1227,-2.4147,0.0000
48620000,50.9999926508,0.0000241341,35.0000,0.609905,10.068677,-64.985974,1.1163,-2.3985,0.0000
48630000,50.9999927508,0.0000237935,35.0000,0.601793,10.083117,-64.964705,1.1099,-2.3823,0.0000
48640000,50.9999928503,0.0000234553,35.0000,0.593722,10.097555,-64.943582,1.1035,-2.3660,0.0000
48650000,50.9999929492,0.0000231194,35.0000,0.585693,10.111991,-64.922604,1.0970,-2.3498,0.0000
48660000,50.9999930475,0.0000227859,35.0000,0.577705,10.126426,-64.901773,1.0905,-2.3335,0.0000
48670000,50.9999931452,0.0000224546,35.0000,0.569759,10.140859,-64.881087,1.0839,-2.3172,0.0000
48680000,50.9999932424,0.0000221257,35.0000,0.561856,10.155291,-64.860548,1.0774,-2.3009,0.0000
48690000,50.9999933389,0.0000217991,35.0000,0.553995,10.169720,-64.840155,1.0708,-2.2845,0.0000
48700000,50.9999934349,0.0000214748,35.0000,0.546177,10.184148,-64.819908,1.0642,-2.2682,0.0000
48710000,50.9999935302,0.0000211528,35.0000,0.538402,10.198574,-64.799808,1.0575,-2.2518,0.0000
48720000,50.9999936250,0.0000208332,35.0000,0.530670,10.212999,-64.779855,1.0508,-2.2355,0.0000
48730000,50.9999937191,0.0000205159,35.0000,0.522981,10.227422,-64.760049,1.0441,-2.2191,0.0000
48740000,50.9999938127,0.0000202010,35.0000,0.515336,10.241843,-64.740390,1.0374,-2.2027,0.0000
48750000,50.9999939056,0.0000198884,35.0000,0.507735,10.256263,-64.720878,1.0306,-2.1863,0.0000
48760000,50.9999939980,0.0000195781,35.0000,0.500179,10.270680,-64.701514,1.0238,-2.1699,0.0000
48770000,50.9999940897,0.0000192702,35.0000,0.492666,10.285097,-64.682297,1.0170,-2.1534,0.0000
48780000,50.9999941808,0.0000189646,35.0000,0.485199,10.299511,-64.663227,1.0102,-2.1369,0.0000
48790000,50.9999942713,0.0000186613,35.0000,0.477776,10.313924,-64.644306,1.0033,-2.1205,0.0000
48800000,50.9999943612,0.0000183604,35.0000,0.470399,10.328335,-64.625532,0.9964,-2.1040,0.0000
48810000,50.9999944504,0.0000180619,35.0000,0.463067,10.342744,-64.606906,0.9894,-2.0875,0.0000
48820000,50.9999945391,0.0000177657,35.0000,0.455781,10.357152,-64.588429,0.9825,-2.0710,0.0000
48830000,50.9999946271,0.0000174719,35.0000,0.448540,10.371558,-64.570100,0.9755,-2.0544,0.0000
48840000,50.9999947144,0.0000171804,35.0000,0.441346,10.385962,-64.551919,0.9685,-2.0379,0.0000
48850000,50.9999948012,0.0000168913,35.0000,0.434198,10.400365,-64.533887,0.9614,-2.0213,0.0000
48860000,50.9999948873,0.0000166045,35.0000,0.427097,10.414766,-64.516004,0.9544,-2.0047,0.0000
48870000,50.9999949727,0.0000163201,35.0000,0.420043,10.429166,-64.498270,0.9473,-1.9881,0.0000
48880000,50.9999950576,0.0000160381,35.0000,0.413036,10.443563,-64.480684,0.9401,-1.9715,0.0000
48890000,50.9999951418,0.0000157584,35.0000,0.406076,10.457959,-64.463248,0.9330,-1.9549,0.0000
48900000,50.9999952253,0.0000154811,35.0000,0.399164,10.472354,-64.445961,0.9258,-1.9382,0.0000
48910000,50.9999953082,0.0000152062,35.0000,0.392300,10.486747,-64.428823,0.9186,-1.9216,0.0000
48920000,50.9999953904,0.0000149336,35.0000,0.385484,10.501138,-64.411835,0.9114,-1.9049,0.0000
48930000,50.9999954720,0.0000146635,35.0000,0.378717,10.515527,-64.394997,0.9041,-1.8882,0.0000
48940000,50.9999955530,0.0000143957,35.0000,0.371998,10.529915,-64.378309,0.8968,-1.8715,0.0000
48950000,50.9999956333,0.0000141303,35.0000,0.365328,10.544301,-64.361770,0.8895,-1.8548,0.0000
48960000,50.9999957129,0.0000138673,35.0000,0.358707,10.558686,-64.345382,0.8822,-1.8380,0.0000
48970000,50.9999957919,0.0000136066,35.0000,0.352136,10.573068,-64.329144,0.8748,-1.8213,0.0000
48980000,50.9999958702,0.0000133484,35.0000,0.345614,10.587450,-64.313056,0.8674,-1.8045,0.0000
48990000,50.9999959478,0.0000130925,35.0000,0.339143,10.601829,-64.297119,0.8600,-1.7877,0.0000
49000000,50.9999960248,0.0000128390,35.0000,0.332721,10.616207,-64.281332,0.8526,-1.7709,0.0000
49010000,50.9999961011,0.0000125880,35.0000,0.326350,10.630584,-64.265696,0.8451,-1.7541,0.0000
49020000,50.9999961767,0.0000123393,35.0000,0.320030,10.644958,-64.250211,0.8376,-1.7372,0.0000
49030000,50.9999962517,0.0000120930,35.0000,0.313761,10.659331,-64.234877,0.8301,-1.7204,0.0000
49040000,50.9999963259,0.0000118491,35.0000,0.307543,10.673703,-64.219694,0.8225,-1.7035,0.0000
49050000,50.9999963995,0.0000116077,35.0000,0.301376,10.688073,-64.204663,0.8150,-1.6866,0.0000
49060000,50.9999964724,0.0000113686,35.0000,0.295261,10.702441,-64.189782,0.8074,-1.6697,0.0000
49070000,50.9999965447,0.0000111319,35.0000,0.289198,10.716808,-64.175054,0.7998,-1.6528,0.0000
49080000,50.9999966162,0.0000108977,35.0000,0.283188,10.731173,-64.160477,0.7921,-1.6359,0.0000
49090000,50.9999966871,0.0000106659,35.0000,0.277230,10.745536,-64.146052,0.7845,-1.6189,0.0000
49100000,50.9999967573,0.0000104364,35.0000,0.271324,10.759898,-64.131779,0.7768,-1.6020,0.0000
49110000,50.9999968267,0.0000102094,35.0000,0.265472,10.774258,-64.117658,0.7690,-1.5850,0.0000
49120000,50.9999968955,0.0000099849,35.0000,0.259673,10.788617,-64.103689,0.7613,-1.5680,0.0000
49130000,50.9999969636,0.0000097627,35.0000,0.253927,10.802974,-64.089872,0.7535,-1.5510,0.0000
49140000,50.9999970310,0.0000095430,35.0000,0.248236,10.817329,-64.076208,0.7457,-1.5339,0.0000
49150000,50.9999970977,0.0000093257,35.0000,0.242598,10.831683,-64.062697,0.7379,-1.5169,0.0000
49160000,50.9999971636,0.0000091108,35.0000,0.237015,10.846035,-64.049338,0.7301,-1.4998,0.0000
49170000,50.9999972289,0.0000088984,35.0000,0.231486,10.860386,-64.036132,0.7222,-1.4827,0.0000
49180000,50.9999972935,0.0000086884,35.0000,0.226012,10.874735,-64.023079,0.7143,-1.4656,0.0000
49190000,50.9999973573,0.0000084808,35.0000,0.220593,10.889082,-64.010179,0.7064,-1.4485,0.0000
49200000,50.9999974205,0.0000082757,35.0000,0.215230,10.903428,-63.997432,0.6985,-1.4314,0.0000
49210000,50.9999974829,0.0000080730,35.0000,0.209922,10.917773,-63.984839,0.6905,-1.4142,0.0000
49220000,50.9999975446,0.0000078727,35.0000,0.204670,10.932115,-63.972399,0.6826,-1.3971,0.0000
49230000,50.9999976056,0.0000076749,35.0000,0.199475,10.946457,-63.960113,0.6746,-1.3799,0.0000
49240000,50.9999976659,0.0000074796,35.0000,0.194336,10.960796,-63.947980,0.6665,-1.3627,0.0000
49250000,50.9999977254,0.0000072867,35.0000,0.189253,10.975134,-63.936002,0.6585,-1.3455,0.0000
49260000,50.9999977843,0.0000070963,35.0000,0.184227,10.989471,-63.924177,0.6504,-1.3282,0.0000
49270000,50.9999978424,0.0000069083,35.0000,0.179259,11.003806,-63.912506,0.6423,-1.3110,0.0000
49280000,50.9999978997,0.0000067228,35.0000,0.174348,11.018139,-63.900990,0.6342,-1.2937,0.0000
49290000,50.9999979564,0.0000065397,35.0000,0.169495,11.032471,-63.889628,0.6261,-1.2764,0.0000
49300000,50.9999980123,0.0000063591,35.0000,0.164700,11.046801,-63.878420,0.6179,-1.2591,0.0000
49310000,50.9999980675,0.0000061810,35.0000,0.159963,11.061130,-63.867367,0.6097,-1.2418,0.0000
49320000,50.9999981219,0.0000060053,35.0000,0.155285,11.075457,-63.856469,0.6015,-1.2244,0.0000
49330000,50.9999981756,0.0000058321,35.0000,0.150665,11.089783,-63.845726,0.5933,-1.2071,0.0000
49340000,50.9999982286,0.0000056614,35.0000,0.146105,11.104107,-63.835137,0.5850,-1.1897,0.0000
49350000,50.9999982808,0.0000054932,35.0000,0.141604,11.118430,-63.824704,0.5768,-1.1723,0.0000
49360000,50.9999983322,0.0000053274,35.0000,0.137163,11.132751,-63.814426,0.5685,-1.1549,0.0000
49370000,50.9999983830,0.0000051641,35.0000,0.132771,11.147071,-63.804359,0.5602,-1.1374,0.0000
49380000,50.9999984330,0.0000050034,35.0000,0.128428,11.161389,-63.794501,0.5518,-1.1200,0.0000
49390000,50.9999984822,0.0000048451,35.0000,0.124136,11.175706,-63.784851,0.5435,-1.1025,0.0000
49400000,50.9999985307,0.0000046892,35.0000,0.119895,11.190021,-63.775405,0.5351,-1.0850,0.0000
49410000,50.9999985784,0.0000045359,35.0000,0.115706,11.204335,-63.766162,0.5267,-1.0675,0.0000
49420000,50.9999986254,0.0000043851,35.0000,0.111569,11.218648,-63.757120,0.5183,-1.0500,0.0000
49430000,50.9999986716,0.0000042368,35.0000,0.107485,11.232959,-63.748277,0.5099,-1.0325,0.0000
49440000,50.9999987170,0.0000040909,35.0000,0.103455,11.247268,-63.739630,0.5014,-1.0149,0.0000
49450000,50.9999987617,0.0000039476,35.0000,0.099479,11.261577,-63.731177,0.4929,-0.9973,0.0000
49460000,50.9999988056,0.0000038068,35.0000,0.095559,11.275883,-63.722917,0.4844,-0.9797,0.0000
49470000,50.9999988488,0.0000036685,35.0000,0.091694,11.290188,-63.714846,0.4759,-0.9621,0.0000
49480000,50.9999988912,0.0000035327,35.0000,0.087886,11.304492,-63.706963,0.4674,-0.9445,0.0000
49490000,50.9999989328,0.0000033994,35.0000,0.084136,11.318794,-63.699266,0.4588,-0.9268,0.0000
49500000,50.9999989737,0.0000032686,35.0000,0.080443,11.333094,-63.691753,0.4502,-0.9092,0.0000
49510000,50.9999990138,0.0000031403,35.0000,0.076809,11.347393,-63.684421,0.4417,-0.8915,0.0000
49520000,50.9999990531,0.0000030146,35.0000,0.073234,11.361691,-63.677268,0.4330,-0.8738,0.0000
49530000,50.9999990916,0.0000028914,35.0000,0.069719,11.375987,-63.670292,0.4244,-0.8560,0.0000
49540000,50.9999991294,0.0000027707,35.0000,0.066265,11.390281,-63.663490,0.4158,-0.8383,0.0000
49550000,50.9999991664,0.0000026526,35.0000,0.062872,11.404574,-63.656862,0.4071,-0.8205,0.0000
49560000,50.9999992026,0.0000025370,35.0000,0.059542,11.418866,-63.650404,0.3984,-0.8027,0.0000
49570000,50.9999992380,0.0000024239,35.0000,0.056275,11.433155,-63.644114,0.3897,-0.7849,0.0000
49580000,50.9999992726,0.0000023133,35.0000,0.053071,11.447444,-63.637990,0.3810,-0.7671,0.0000
49590000,50.9999993065,0.0000022053,35.0000,0.049932,11.461730,-63.632030,0.3722,-0.7493,0.0000
49600000,50.9999993395,0.0000020999,35.0000,0.046858,11.476016,-63.626232,0.3635,-0.7314,0.0000
49610000,50.9999993718,0.0000019969,35.0000,0.043850,11.490299,-63.620593,0.3547,-0.7135,0.0000
49620000,50.9999994033,0.0000018966,35.0000,0.040908,11.504582,-63.615111,0.3459,-0.6956,0.0000
49630000,50.9999994340,0.0000017988,35.0000,0.038034,11.518862,-63.609785,0.3371,-0.6777,0.0000
49640000,50.9999994639,0.0000017035,35.0000,0.035228,11.533141,-63.604611,0.3282,-0.6597,0.0000
49650000,50.9999994930,0.0000016108,35.0000,0.032491,11.547419,-63.599587,0.3194,-0.6418,0.0000
49660000,50.9999995213,0.0000015206,35.0000,0.029824,11.561695,-63.594712,0.3105,-0.6238,0.0000
49670000,50.9999995488,0.0000014331,35.0000,0.027227,11.575970,-63.589983,0.3016,-0.6058,0.0000
49680000,50.9999995755,0.0000013480,35.0000,0.024701,11.590243,-63.585398,0.2927,-0.5878,0.0000
49690000,50.9999996014,0.0000012656,35.0000,0.022247,11.604515,-63.580955,0.2838,-0.5697,0.0000
49700000,50.9999996266,0.0000011857,35.0000,0.019865,11.618785,-63.576651,0.2749,-0.5517,0.0000
49710000,50.9999996509,0.0000011084,35.0000,0.017558,11.633054,-63.572484,0.2659,-0.5336,0.0000
49720000,50.9999996744,0.0000010337,35.0000,0.015324,11.647321,-63.568452,0.2570,-0.5155,0.0000
49730000,50.9999996971,0.0000009616,35.0000,0.013165,11.661587,-63.564552,0.2480,-0.4974,0.0000
49740000,50.9999997189,0.0000008920,35.0000,0.011083,11.675851,-63.560783,0.2390,-0.4792,0.0000
49750000,50.9999997400,0.0000008250,35.0000,0.009077,11.690114,-63.557142,0.2300,-0.4611,0.0000
49760000,50.9999997603,0.0000007606,35.0000,0.007148,11.704375,-63.553626,0.2209,-0.4429,0.0000
49770000,50.9999997797,0.0000006988,35.0000,0.005298,11.718635,-63.550234,0.2119,-0.4247,0.0000
49780000,50.9999997984,0.0000006396,35.0000,0.003526,11.732894,-63.546964,0.2028,-0.4064,0.0000
49790000,50.9999998162,0.0000005830,35.0000,0.001834,11.747151,-63.543812,0.1938,-0.3882,0.0000
49800000,50.9999998332,0.0000005290,35.0000,0.000223,11.761406,-63.540777,0.1847,-0.3699,0.0000
49810000,50.9999998494,0.0000004777,35.0000,-0.001306,11.775660,-63.537856,0.1756,-0.3516,0.0000
49820000,50.9999998648,0.0000004289,35.0000,-0.002754,11.789913,-63.535048,0.1665,-0.3333,0.0000
49830000,50.9999998793,0.0000003827,35.0000,-0.004118,11.804165,-63.532349,0.1573,-0.3150,0.0000
49840000,50.9999998931,0.0000003391,35.0000,-0.005398,11.818415,-63.529758,0.1482,-0.2966,0.0000
49850000,50.9999999060,0.0000002982,35.0000,-0.006594,11.832663,-63.527272,0.1390,-0.2783,0.0000
49860000,50.9999999180,0.0000002598,35.0000,-0.007704,11.846910,-63.524888,0.1298,-0.2599,0.0000
49870000,50.9999999293,0.0000002241,35.0000,-0.008728,11.861156,-63.522605,0.1206,-0.2414,0.0000
49880000,50.9999999397,0.0000001911,35.0000,-0.009665,11.875401,-63.520421,0.1114,-0.2230,0.0000
49890000,50.9999999493,0.0000001606,35.0000,-0.010514,11.889644,-63.518332,0.1022,-0.2045,0.0000
49900000,50.9999999581,0.0000001328,35.0000,-0.011274,11.903885,-63.516337,0.0930,-0.1861,0.0000
49910000,50.9999999661,0.0000001076,35.0000,-0.011944,11.918125,-63.514433,0.0837,-0.1676,0.0000
49920000,50.9999999732,0.0000000851,35.0000,-0.012523,11.932364,-63.512618,0.0745,-0.1490,0.0000
49930000,50.9999999794,0.0000000651,35.0000,-0.013012,11.946602,-63.510889,0.0652,-0.1305,0.0000
49940000,50.9999999849,0.0000000479,35.0000,-0.013408,11.960838,-63.509245,0.0559,-0.1119,0.0000
49950000,50.9999999895,0.0000000333,35.0000,-0.013710,11.975073,-63.507682,0.0466,-0.0933,0.0000
49960000,50.9999999933,0.0000000213,35.0000,-0.013919,11.989306,-63.506199,0.0373,-0.0747,0.0000
49970000,50.9999999962,0.0000000120,35.0000,-0.014033,12.003538,-63.504793,0.0280,-0.0561,0.0000
49980000,50.9999999983,0.0000000053,35.0000,-0.014051,12.017768,-63.503462,0.0187,-0.0374,0.0000
49990000,50.9999999996,0.0000000013,35.0000,-0.013973,12.031998,-63.502203,0.0094,-0.0187,0.0000
50000000,51.0000000000,0.0000000000,35.0000,0.000000,-0.000000,-63.498135,0.0000,0.0000,0.0000
50010000,51.0000000000,0.0000000000,34.9999,0.000000,-0.000000,-63.497067,0.0000,0.0000,0.0117
50020000,51.0000000000,0.0000000000,34.9998,0.000000,-0.000000,-63.496086,0.0000,0.0000,0.0233
50030000,51.0000000000,0.0000000000,34.9995,0.000000,-0.000000,-63.495189,0.0000,0.0000,0.0349
50040000,51.0000000000,0.0000000000,34.9991,0.000000,-0.000000,-63.494374,0.0000,0.0000,0.0465
50050000,51.0000000000,0.0000000000,34.9985,0.000000,-0.000000,-63.493638,0.0000,0.0000,0.0581
50060000,51.0000000000,0.0000000000,34.9979,0.000000,-0.000000,-63.492980,0.0000,0.0000,0.0697
50070000,51.0000000000,0.0000000000,34.9972,0.000000,-0.000000,-63.492398,0.0000,0.0000,0.0813
50080000,51.0000000000,0.0000000000,34.9963,0.000000,-0.000000,-63.491889,0.0000,0.0000,0.0928
50090000,51.0000000000,0.0000000000,34.9953,0.000000,-0.000000,-63.491451,0.0000,0.0000,0.1044
50100000,51.0000000000,0.0000000000,34.9942,0.000000,-0.000000,-63.491082,0.0000,0.0000,0.1159
50110000,51.0000000000,0.0000000000,34.9930,0.000000,-0.000000,-63.490780,0.0000,0.0000,0.1274
50120000,51.0000000000,0.0000000000,34.9916,0.000000,-0.000000,-63.490542,0.0000,0.0000,0.1389
50130000,51.0000000000,0.0000000000,34.9902,0.000000,-0.000000,-63.490368,0.0000,0.0000,0.1503
50140000,51.0000000000,0.0000000000,34.9886,0.000000,-0.000000,-63.490253,0.0000,0.0000,0.1618
50150000,51.0000000000,0.0000000000,34.9870,0.000000,-0.000000,-63.490197,0.0000,0.0000,0.1732
50160000,51.0000000000,0.0000000000,34.9852,0.000000,-0.000000,-63.490197,0.0000,0.0000,0.1847
50170000,51.0000000000,0.0000000000,34.9833,0.000000,-0.000000,-63.490197,0.0000,0.0000,0.1961
50180000,51.0000000000,0.0000000000,34.9813,0.000000,-0.000000,-63.490197,0.0000,0.0000,0.2075
50190000,51.0000000000,0.0000000000,34.9791,0.000000,-0.000000,-63.490197,0.0000,0.0000,0.2188
50200000,51.0000000000,0.0000000000,34.9769,0.000000,-0.000000,-63.490197,0.0000,0.0000,0.2302
50210000,51.0000000000,0.0000000000,34.9745,0.000000,-0.000000,-63.490197,0.0000,0.0000,0.2416
50220000,51.0000000000,0.0000000000,34.9720,0.000000,-0.000000,-63.490197,0.0000,0.0000,0.2529
50230000,51.0000000000,0.0000000000,34.9695,0.000000,-0.000000,-63.490197,0.0000,0.0000,0.2642
50240000,51.0000000000,0.0000000000,34.9668,0.000000,-0.000000,-63.490197,0.0000,0.0000,0.2755
50250000,51.0000000000,0.0000000000,34.9639,0.000000,-0.000000,-63.490197,0.0000,0.0000,0.2868
50260000,51.0000000000,0.0000000000,34.9610,0.000000,-0.000000,-63.490197,0.0000,0.0000,0.2981
50270000,51.0000000000,0.0000000000,34.9580,0.000000,-0.000000,-63.490197,0.0000,0.0000,0.3093
50280000,51.0000000000,0.0000000000,34.9548,0.000000,-0.000000,-63.490197,0.0000,0.0000,0.3205
50290000,51.0000000000,0.0000000000,34.9516,0.000000,-0.000000,-63.490197,0.0000,0.0000,0.3318
50300000,51.0000000000,0.0000000000,34.9482,0.000000,-0.000000,-63.490197,0.0000,0.0000,0.3430
50310000,51.0000000000,0.0000000000,34.9447,0.000000,-0.000000,-63.490197,0.0000,0.0000,0.3542
50320000,51.0000000000,0.0000000000,34.9411,0.000000,-0.000000,-63.490197,0.0000,0.0000,0.3653
50330000,51.0000000000,0.0000000000,34.9374,0.000000,-0.000000,-63.490197,0.0000,0.0000,0.3765
50340000,51.0000000000,0.0000000000,34.9336,0.000000,-0.000000,-63.490197,0.0000,0.0000,0.3876
50350000,51.0000000000,0.0000000000,34.9297,0.000000,-0.000000,-63.490197,0.0000,0.0000,0.3988
50360000,51.0000000000,0.0000000000,34.9256,0.000000,-0.000000,-63.490197,0.0000,0.0000,0.4099
50370000,51.0000000000,0.0000000000,34.9215,0.000000,-0.000000,-63.490197,0.0000,0.0000,0.4210
50380000,51.0000000000,0.0000000000,34.9172,0.000000,-0.000000,-63.490197,0.0000,0.0000,0.4321
50390000,51.0000000000,0.0000000000,34.9128,0.000000,-0.000000,-63.490197,0.0000,0.0000,0.4431
50400000,51.0000000000,0.0000000000,34.9083,0.000000,-0.000000,-63.490197,0.0000,0.0000,0.4542
50410000,51.0000000000,0.0000000000,34.9037,0.000000,-0.000000,-63.490197,0.0000,0.0000,0.4652
50420000,51.0000000000,0.0000000000,34.8990,0.000000,-0.000000,-63.490197,0.0000,0.0000,0.4762
50430000,51.0000000000,0.0000000000,34.8942,0.000000,-0.000000,-63.490197,0.0000,0.0000,0.4872
50440000,51.0000000000,0.0000000000,34.8893,0.000000,-0.000000,-63.490197,0.0000,0.0000,0.4982
50450000,51.0000000000,0.0000000000,34.8842,0.000000,-0.000000,-63.490197,0.0000,0.0000,0.5092
50460000,51.0000000000,0.0000000000,34.8791,0.000000,-0.000000,-63.490197,0.0000,0.0000,0.5201
50470000,51.0000000000,0.0000000000,34.8738,0.000000,-0.000000,-63.490197,0.0000,0.0000,0.5311
50480000,51.0000000000,0.0000000000,34.8685,0.000000,-0.000000,-63.490197,0.0000,0.0000,0.5420
50490000,51.0000000000,0.0000000000,34.8630,0.000000,-0.000000,-63.490197,0.0000,0.0000,0.5529
50500000,51.0000000000,0.0000000000,34.8574,0.000000,-0.000000,-63.490197,0.0000,0.0000,0.5638
50510000,51.0000000000,0.0000000000,34.8517,0.000000,-0.000000,-63.490197,0.0000,0.0000,0.5747
50520000,51.0000000000,0.0000000000,34.8459,0.000000,-0.000000,-63.490197,0.0000,0.0000,0.5855
50530000,51.0000000000,0.0000000000,34.8400,0.000000,-0.000000,-63.490197,0.0000,0.0000,0.5964
50540000,51.0000000000,0.0000000000,34.8340,0.000000,-0.000000,-63.490197,0.0000,0.0000,0.6072
50550000,51.0000000000,0.0000000000,34.8279,0.000000,-0.000000,-63.490197,0.0000,0.0000,0.6180
50560000,51.0000000000,0.0000000000,34.8216,0.000000,-0.000000,-63.490197,0.0000,0.0000,0.6288
50570000,51.0000000000,0.0000000000,34.8153,0.000000,-0.000000,-63.490197,0.0000,0.0000,0.6396
50580000,51.0000000000,0.0000000000,34.8088,0.000000,-0.000000,-63.490197,0.0000,0.0000,0.6504
50590000,51.0000000000,0.0000000000,34.8023,0.000000,-0.000000,-63.490197,0.0000,0.0000,0.6611
50600000,51.0000000000,0.0000000000,34.7956,0.000000,-0.000000,-63.490197,0.0000,0.0000,0.6719
50610000,51.0000000000,0.0000000000,34.7889,0.000000,-0.000000,-63.490197,0.0000,0.0000,0.6826
50620000,51.0000000000,0.0000000000,34.7820,0.000000,-0.000000,-63.490197,0.0000,0.0000,0.6933
50630000,51.0000000000,0.0000000000,34.7750,0.000000,-0.000000,-63.490197,0.0000,0.0000,0.7040
50640000,51.0000000000,0.0000000000,34.7679,0.000000,-0.000000,-63.490197,0.0000,0.0000,0.7147
50650000,51.0000000000,0.0000000000,34.7607,0.000000,-0.000000,-63.490197,0.0000,0.0000,0.7253
50660000,51.0000000000,0.0000000000,34.7534,0.000000,-0.000000,-63.490197,0.0000,0.0000,0.7360
50670000,51.0000000000,0.0000000000,34.7460,0.000000,-0.000000,-63.490197,0.0000,0.0000,0.7466
50680000,51.0000000000,0.0000000000,34.7385,0.000000,-0.000000,-63.490197,0.0000,0.0000,0.7572
50690000,51.0000000000,0.0000000000,34.7308,0.000000,-0.000000,-63.490197,0.0000,0.0000,0.7678
50700000,51.0000000000,0.0000000000,34.7231,0.000000,-0.000000,-63.490197,0.0000,0.0000,0.7784
50710000,51.0000000000,0.0000000000,34.7153,0.000000,-0.000000,-63.490197,0.0000,0.0000,0.7890
50720000,51.0000000000,0.0000000000,34.7073,0.000000,-0.000000,-63.490197,0.0000,0.0000,0.7995
50730000,51.0000000000,0.0000000000,34.6993,0.000000,-0.000000,-63.490197,0.0000,0.0000,0.8100
50740000,51.0000000000,0.0000000000,34.6911,0.000000,-0.000000,-63.490197,0.0000,0.0000,0.8206
50750000,51.0000000000,0.0000000000,34.6829,0.000000,-0.000000,-63.490197,0.0000,0.0000,0.8311
50760000,51.0000000000,0.0000000000,34.6745,0.000000,-0.000000,-63.490197,0.0000,0.0000,0.8415
50770000,51.0000000000,0.0000000000,34.6660,0.000000,-0.000000,-63.490197,0.0000,0.0000,0.8520
50780000,51.0000000000,0.0000000000,34.6575,0.000000,-0.000000,-63.490197,0.0000,0.0000,0.8625
50790000,51.0000000000,0.0000000000,34.6488,0.000000,-0.000000,-63.490197,0.0000,0.0000,0.8729
50800000,51.0000000000,0.0000000000,34.6400,0.000000,-0.000000,-63.490197,0.0000,0.0000,0.8833
50810000,51.0000000000,0.0000000000,34.6311,0.000000,-0.000000,-63.490197,0.0000,0.0000,0.8937
50820000,51.0000000000,0.0000000000,34.6221,0.000000,-0.000000,-63.490197,0.0000,0.0000,0.9041
50830000,51.0000000000,0.0000000000,34.6130,0.000000,-0.000000,-63.490197,0.0000,0.0000,0.9145
50840000,51.0000000000,0.0000000000,34.6038,0.000000,-0.000000,-63.490197,0.0000,0.0000,0.9249
50850000,51.0000000000,0.0000000000,34.5945,0.000000,-0.000000,-63.490197,0.0000,0.0000,0.9352
50860000,51.0000000000,0.0000000000,34.5851,0.000000,-0.000000,-63.490197,0.0000,0.0000,0.9456
50870000,51.0000000000,0.0000000000,34.5756,0.000000,-0.000000,-63.490197,0.0000,0.0000,0.9559
50880000,51.0000000000,0.0000000000,34.5660,0.000000,-0.000000,-63.490197,0.0000,0.0000,0.9662
50890000,51.0000000000,0.0000000000,34.5563,0.000000,-0.000000,-63.490197,0.0000,0.0000,0.9765
50900000,51.0000000000,0.0000000000,34.5465,0.000000,-0.000000,-63.490197,0.0000,0.0000,0.9867
50910000,51.0000000000,0.0000000000,34.5366,0.000000,-0.000000,-63.490197,0.0000,0.0000,0.9970
50920000,51.0000000000,0.0000000000,34.5265,0.000000,-0.000000,-63.490197,0.0000,0.0000,1.0072
50930000,51.0000000000,0.0000000000,34.5164,0.000000,-0.000000,-63.490197,0.0000,0.0000,1.0174
50940000,51.0000000000,0.0000000000,34.5062,0.000000,-0.000000,-63.490197,0.0000,0.0000,1.0276
50950000,51.0000000000,0.0000000000,34.4959,0.000000,-0.000000,-63.490197,0.0000,0.0000,1.0378
50960000,51.0000000000,0.0000000000,34.4854,0.000000,-0.000000,-63.490197,0.0000,0.0000,1.0480
50970000,51.0000000000,0.0000000000,34.4749,0.000000,-0.000000,-63.490197,0.0000,0.0000,1.0582
50980000,51.0000000000,0.0000000000,34.4643,0.000000,-0.000000,-63.490197,0.0000,0.0000,1.0683
50990000,51.0000000000,0.0000000000,34.4535,0.000000,-0.000000,-63.490197,0.0000,0.0000,1.0784
51000000,51.0000000000,0.0000000000,34.4427,0.000000,-0.000000,-63.490197,0.0000,0.0000,1.0885
51010000,51.0000000000,0.0000000000,34.4318,0.000000,-0.000000,-63.490197,0.0000,0.0000,1.0986
51020000,51.0000000000,0.0000000000,34.4207,0.000000,-0.000000,-63.490197,0.0000,0.0000,1.1087
51030000,51.0000000000,0.0000000000,34.4096,0.000000,-0.000000,-63.490197,0.0000,0.0000,1.1188
51040000,51.0000000000,0.0000000000,34.3984,0.000000,-0.000000,-63.490197,0.0000,0.0000,1.1288
51050000,51.0000000000,0.0000000000,34.3870,0.000000,-0.000000,-63.490197,0.0000,0.0000,1.1389
51060000,51.0000000000,0.0000000000,34.3756,0.000000,-0.000000,-63.490197,0.0000,0.0000,1.1489
51070000,51.0000000000,0.0000000000,34.3640,0.000000,-0.000000,-63.490197,0.0000,0.0000,1.1589
51080000,51.0000000000,0.0000000000,34.3524,0.000000,-0.000000,-63.490197,0.0000,0.0000,1.1689
51090000,51.0000000000,0.0000000000,34.3407,0.000000,-0.000000,-63.490197,0.0000,0.0000,1.1788
51100000,51.0000000000,0.0000000000,34.3288,0.000000,-0.000000,-63.490197,0.0000,0.0000,1.1888
51110000,51.0000000000,0.0000000000,34.3169,0.000000,-0.000000,-63.490197,0.0000,0.0000,1.1987
51120000,51.0000000000,0.0000000000,34.3049,0.000000,-0.000000,-63.490197,0.0000,0.0000,1.2087
51130000,51.0000000000,0.0000000000,34.2927,0.000000,-0.000000,-63.490197,0.0000,0.0000,1.2186
51140000,51.0000000000,0.0000000000,34.2805,0.000000,-0.000000,-63.490197,0.0000,0.0000,1.2285
51150000,51.0000000000,0.0000000000,34.2681,0.000000,-0.000000,-63.490197,0.0000,0.0000,1.2383
51160000,51.0000000000,0.0000000000,34.2557,0.000000,-0.000000,-63.490197,0.0000,0.0000,1.2482
51170000,51.0000000000,0.0000000000,34.2432,0.000000,-0.000000,-63.490197,0.0000,0.0000,1.2581
51180000,51.0000000000,0.0000000000,34.2306,0.000000,-0.000000,-63.490197,0.0000,0.0000,1.2679
51190000,51.0000000000,0.0000000000,34.2178,0.000000,-0.000000,-63.490197,0.0000,0.0000,1.2777
51200000,51.0000000000,0.0000000000,34.2050,0.000000,-0.000000,-63.490197,0.0000,0.0000,1.2875
51210000,51.0000000000,0.0000000000,34.1921,0.000000,-0.000000,-63.490197,0.0000,0.0000,1.2973
51220000,51.0000000000,0.0000000000,34.1791,0.000000,-0.000000,-63.490197,0.0000,0.0000,1.3071
51230000,51.0000000000,0.0000000000,34.1659,0.000000,-0.000000,-63.490197,0.0000,0.0000,1.3168
51240000,51.0000000000,0.0000000000,34.1527,0.000000,-0.000000,-63.490197,0.0000,0.0000,1.3265
51250000,51.0000000000,0.0000000000,34.1394,0.000000,-0.000000,-63.490197,0.0000,0.0000,1.3363
51260000,51.0000000000,0.0000000000,34.1260,0.000000,-0.000000,-63.490197,0.0000,0.0000,1.3460
51270000,51.0000000000,0.0000000000,34.1125,0.000000,-0.000000,-63.490197,0.0000,0.0000,1.3557
51280000,51.0000000000,0.0000000000,34.0989,0.000000,-0.000000,-63.490197,0.0000,0.0000,1.3653
51290000,51.0000000000,0.0000000000,34.0852,0.000000,-0.000000,-63.490197,0.0000,0.0000,1.3750
51300000,51.0000000000,0.0000000000,34.0714,0.000000,-0.000000,-63.490197,0.0000,0.0000,1.3846
51310000,51.0000000000,0.0000000000,34.0575,0.000000,-0.000000,-63.490197,0.0000,0.0000,1.3943
51320000,51.0000000000,0.0000000000,34.0435,0.000000,-0.000000,-63.490197,0.0000,0.0000,1.4039
51330000,51.0000000000,0.0000000000,34.0294,0.000000,-0.000000,-63.490197,0.0000,0.0000,1.4135
51340000,51.0000000000,0.0000000000,34.0152,0.000000,-0.000000,-63.490197,0.0000,0.0000,1.4231
51350000,51.0000000000,0.0000000000,34.0009,0.000000,-0.000000,-63.490197,0.0000,0.0000,1.4326
51360000,51.0000000000,0.0000000000,33.9866,0.000000,-0.000000,-63.490197,0.0000,0.0000,1.4422
51370000,51.0000000000,0.0000000000,33.9721,0.000000,-0.000000,-63.490197,0.0000,0.0000,1.4517
51380000,51.0000000000,0.0000000000,33.9575,0.000000,-0.000000,-63.490197,0.0000,0.0000,1.4612
51390000,51.0000000000,0.0000000000,33.9429,0.000000,-0.000000,-63.490197,0.0000,0.0000,1.4707
51400000,51.0000000000,0.0000000000,33.9281,0.000000,-0.000000,-63.490197,0.0000,0.0000,1.4802
51410000,51.0000000000,0.0000000000,33.9133,0.000000,-0.000000,-63.490197,0.0000,0.0000,1.4897
51420000,51.0000000000,0.0000000000,33.8983,0.000000,-0.000000,-63.490197,0.0000,0.0000,1.4991
51430000,51.0000000000,0.0000000000,33.8833,0.000000,-0.000000,-63.490197,0.0000,0.0000,1.5086
51440000,51.0000000000,0.0000000000,33.8682,0.000000,-0.000000,-63.490197,0.0000,0.0000,1.5180
51450000,51.0000000000,0.0000000000,33.8529,0.000000,-0.000000,-63.490197,0.0000,0.0000,1.5274
51460000,51.0000000000,0.0000000000,33.8376,0.000000,-0.000000,-63.490197,0.0000,0.0000,1.5368
51470000,51.0000000000,0.0000000000,33.8222,0.000000,-0.000000,-63.490197,0.0000,0.0000,1.5462
51480000,51.0000000000,0.0000000000,33.8067,0.000000,-0.000000,-63.490197,0.0000,0.0000,1.5555
51490000,51.0000000000,0.0000000000,33.7911,0.000000,-0.000000,-63.490197,0.0000,0.0000,1.5649
51500000,51.0000000000,0.0000000000,33.7754,0.000000,-0.000000,-63.490197,0.0000,0.0000,1.5742
51510000,51.0000000000,0.0000000000,33.7596,0.000000,-0.000000,-63.490197,0.0000,0.0000,1.5835
51520000,51.0000000000,0.0000000000,33.7437,0.000000,-0.000000,-63.490197,0.0000,0.0000,1.5928
51530000,51.0000000000,0.0000000000,33.7277,0.000000,-0.000000,-63.490197,0.0000,0.0000,1.6021
51540000,51.0000000000,0.0000000000,33.7117,0.000000,-0.000000,-63.490197,0.0000,0.0000,1.6114
51550000,51.0000000000,0.0000000000,33.6955,0.000000,-0.000000,-63.490197,0.0000,0.0000,1.6206
51560000,51.0000000000,0.0000000000,33.6793,0.000000,-0.000000,-63.490197,0.0000,0.0000,1.6299
51570000,51.0000000000,0.0000000000,33.6629,0.000000,-0.000000,-63.490197,0.0000,0.0000,1.6391
51580000,51.0000000000,0.0000000000,33.6465,0.000000,-0.000000,-63.490197,0.0000,0.0000,1.6483
51590000,51.0000000000,0.0000000000,33.6300,0.000000,-0.000000,-63.490197,0.0000,0.0000,1.6575
51600000,51.0000000000,0.0000000000,33.6133,0.000000,-0.000000,-63.490197,0.0000,0.0000,1.6667
51610000,51.0000000000,0.0000000000,33.5966,0.000000,-0.000000,-63.490197,0.0000,0.0000,1.6758
51620000,51.0000000000,0.0000000000,33.5798,0.000000,-0.000000,-63.490197,0.0000,0.0000,1.6850
51630000,51.0000000000,0.0000000000,33.5629,0.000000,-0.000000,-63.490197,0.0000,0.0000,1.6941
51640000,51.0000000000,0.0000000000,33.5459,0.000000,-0.000000,-63.490197,0.0000,0.0000,1.7032
51650000,51.0000000000,0.0000000000,33.5289,0.000000,-0.000000,-63.490197,0.0000,0.0000,1.7123
51660000,51.0000000000,0.0000000000,33.5117,0.000000,-0.000000,-63.490197,0.0000,0.0000,1.7214
51670000,51.0000000000,0.0000000000,33.4944,0.000000,-0.000000,-63.490197,0.0000,0.0000,1.7305
51680000,51.0000000000,0.0000000000,33.4771,0.000000,-0.000000,-63.490197,0.0000,0.0000,1.7395
51690000,51.0000000000,0.0000000000,33.4596,0.000000,-0.000000,-63.490197,0.0000,0.0000,1.7485
51700000,51.0000000000,0.0000000000,33.4421,0.000000,-0.000000,-63.490197,0.0000,0.0000,1.7576
51710000,51.0000000000,0.0000000000,33.4245,0.000000,-0.000000,-63.490197,0.0000,0.0000,1.7666
51720000,51.0000000000,0.0000000000,33.4068,0.000000,-0.000000,-63.490197,0.0000,0.0000,1.7755
51730000,51.0000000000,0.0000000000,33.3890,0.000000,-0.000000,-63.490197,0.0000,0.0000,1.7845
51740000,51.0000000000,0.0000000000,33.3711,0.000000,-0.000000,-63.490197,0.0000,0.0000,1.7935
51750000,51.0000000000,0.0000000000,33.3531,0.000000,-0.000000,-63.490197,0.0000,0.0000,1.8024
51760000,51.0000000000,0.0000000000,33.3350,0.000000,-0.000000,-63.490197,0.0000,0.0000,1.8113
51770000,51.0000000000,0.0000000000,33.3169,0.000000,-0.000000,-63.490197,0.0000,0.0000,1.8202
51780000,51.0000000000,0.0000000000,33.2986,0.000000,-0.000000,-63.490197,0.0000,0.0000,1.8291
51790000,51.0000000000,0.0000000000,33.2803,0.000000,-0.000000,-63.490197,0.0000,0.0000,1.8380
51800000,51.0000000000,0.0000000000,33.2619,0.000000,-0.000000,-63.490197,0.0000,0.0000,1.8469
51810000,51.0000000000,0.0000000000,33.2434,0.000000,-0.000000,-63.490197,0.0000,0.0000,1.8557
51820000,51.0000000000,0.0000000000,33.2248,0.000000,-0.000000,-63.490197,0.0000,0.0000,1.8646
51830000,51.0000000000,0.0000000000,33.2061,0.000000,-0.000000,-63.490197,0.0000,0.0000,1.8734
51840000,51.0000000000,0.0000000000,33.1873,0.000000,-0.000000,-63.490197,0.0000,0.0000,1.8822
51850000,51.0000000000,0.0000000000,33.1684,0.000000,-0.000000,-63.490197,0.0000,0.0000,1.8910
51860000,51.0000000000,0.0000000000,33.1495,0.000000,-0.000000,-63.490197,0.0000,0.0000,1.8997
51870000,51.0000000000,0.0000000000,33.1304,0.000000,-0.000000,-63.490197,0.0000,0.0000,1.9085
51880000,51.0000000000,0.0000000000,33.1113,0.000000,-0.000000,-63.490197,0.0000,0.0000,1.9172
51890000,51.0000000000,0.0000000000,33.0921,0.000000,-0.000000,-63.490197,0.0000,0.0000,1.9259
51900000,51.0000000000,0.0000000000,33.0728,0.000000,-0.000000,-63.490197,0.0000,0.0000,1.9346
51910000,51.0000000000,0.0000000000,33.0534,0.000000,-0.000000,-63.490197,0.0000,0.0000,1.9433
51920000,51.0000000000,0.0000000000,33.0339,0.000000,-0.000000,-63.490197,0.0000,0.0000,1.9520
51930000,51.0000000000,0.0000000000,33.0144,0.000000,-0.000000,-63.490197,0.0000,0.0000,1.9607
51940000,51.0000000000,0.0000000000,32.9947,0.000000,-0.000000,-63.490197,0.0000,0.0000,1.9693
51950000,51.0000000000,0.0000000000,32.9750,0.000000,-0.000000,-63.490197,0.0000,0.0000,1.9779
51960000,51.0000000000,0.0000000000,32.9551,0.000000,-0.000000,-63.490197,0.0000,0.0000,1.9865
51970000,51.0000000000,0.0000000000,32.9352,0.000000,-0.000000,-63.490197,0.0000,0.0000,1.9951
51980000,51.0000000000,0.0000000000,32.9152,0.000000,-0.000000,-63.490197,0.0000,0.0000,2.0037
51990000,51.0000000000,0.0000000000,32.8952,0.000000,-0.000000,-63.490197,0.0000,0.0000,2.0123
52000000,51.0000000000,0.0000000000,32.8750,0.000000,-0.000000,-63.490197,0.0000,0.0000,2.0208
52010000,51.0000000000,0.0000000000,32.8547,0.000000,-0.000000,-63.490197,0.0000,0.0000,2.0294
52020000,51.0000000000,0.0000000000,32.8344,0.000000,-0.000000,-63.490197,0.0000,0.0000,2.0379
52030000,51.0000000000,0.0000000000,32.8140,0.000000,-0.000000,-63.490197,0.0000,0.0000,2.0464
52040000,51.0000000000,0.0000000000,32.7935,0.000000,-0.000000,-63.490197,0.0000,0.0000,2.0549
52050000,51.0000000000,0.0000000000,32.7729,0.000000,-0.000000,-63.490197,0.0000,0.0000,2.0633
52060000,51.0000000000,0.0000000000,32.7522,0.000000,-0.000000,-63.490197,0.0000,0.0000,2.0718
52070000,51.0000000000,0.0000000000,32.7315,0.000000,-0.000000,-63.490197,0.0000,0.0000,2.0802
52080000,51.0000000000,0.0000000000,32.7106,0.000000,-0.000000,-63.490197,0.0000,0.0000,2.0887
52090000,51.0000000000,0.0000000000,32.6897,0.000000,-0.000000,-63.490197,0.0000,0.0000,2.0971
52100000,51.0000000000,0.0000000000,32.6687,0.000000,-0.000000,-63.490197,0.0000,0.0000,2.1055
52110000,51.0000000000,0.0000000000,32.6476,0.000000,-0.000000,-63.490197,0.0000,0.0000,2.1138
52120000,51.0000000000,0.0000000000,32.6264,0.000000,-0.000000,-63.490197,0.0000,0.0000,2.1222
52130000,51.0000000000,0.0000000000,32.6051,0.000000,-0.000000,-63.490197,0.0000,0.0000,2.1306
52140000,51.0000000000,0.0000000000,32.5838,0.000000,-0.000000,-63.490197,0.0000,0.0000,2.1389
52150000,51.0000000000,0.0000000000,32.5624,0.000000,-0.000000,-63.490197,0.0000,0.0000,2.1472
52160000,51.0000000000,0.0000000000,32.5408,0.000000,-0.000000,-63.490197,0.0000,0.0000,2.1555
52170000,51.0000000000,0.0000000000,32.5192,0.000000,-0.000000,-63.490197,0.0000,0.0000,2.1638
52180000,51.0000000000,0.0000000000,32.4976,0.000000,-0.000000,-63.490197,0.0000,0.0000,2.1721
52190000,51.0000000000,0.0000000000,32.4758,0.000000,-0.000000,-63.490197,0.0000,0.0000,2.1803
52200000,51.0000000000,0.0000000000,32.4540,0.000000,-0.000000,-63.490197,0.0000,0.0000,2.1885
52210000,51.0000000000,0.0000000000,32.4320,0.000000,-0.000000,-63.490197,0.0000,0.0000,2.1968
52220000,51.0000000000,0.0000000000,32.4100,0.000000,-0.000000,-63.490197,0.0000,0.0000,2.2050
52230000,51.0000000000,0.0000000000,32.3879,0.000000,-0.000000,-63.490197,0.0000,0.0000,2.2132
52240000,51.0000000000,0.0000000000,32.3658,0.000000,-0.000000,-63.490197,0.0000,0.0000,2.2213
52250000,51.0000000000,0.0000000000,32.3435,0.000000,-0.000000,-63.490197,0.0000,0.0000,2.2295
52260000,51.0000000000,0.0000000000,32.3212,0.000000,-0.000000,-63.490197,0.0000,0.0000,2.2376
52270000,51.0000000000,0.0000000000,32.2988,0.000000,-0.000000,-63.490197,0.0000,0.0000,2.2458
52280000,51.0000000000,0.0000000000,32.2763,0.000000,-0.000000,-63.490197,0.0000,0.0000,2.2539
52290000,51.0000000000,0.0000000000,32.2537,0.000000,-0.000000,-63.490197,0.0000,0.0000,2.2620
52300000,51.0000000000,0.0000000000,32.2310,0.000000,-0.000000,-63.490197,0.0000,0.0000,2.2701
52310000,51.0000000000,0.0000000000,32.2083,0.000000,-0.000000,-63.490197,0.0000,0.0000,2.2781
52320000,51.0000000000,0.0000000000,32.1855,0.000000,-0.000000,-63.490197,0.0000,0.0000,2.2862
52330000,51.0000000000,0.0000000000,32.1626,0.000000,-0.000000,-63.490197,0.0000,0.0000,2.2942
52340000,51.0000000000,0.0000000000,32.1396,0.000000,-0.000000,-63.490197,0.0000,0.0000,2.3022
52350000,51.0000000000,0.0000000000,32.1165,0.000000,-0.000000,-63.490197,0.0000,0.0000,2.3102
52360000,51.0000000000,0.0000000000,32.0934,0.000000,-0.000000,-63.490197,0.0000,0.0000,2.3182
52370000,51.0000000000,0.0000000000,32.0701,0.000000,-0.000000,-63.490197,0.0000,0.0000,2.3262
52380000,51.0000000000,0.0000000000,32.0468,0.000000,-0.000000,-63.490197,0.0000,0.0000,2.3341
52390000,51.0000000000,0.0000000000,32.0235,0.000000,-0.000000,-63.490197,0.0000,0.0000,2.3421
52400000,51.0000000000,0.0000000000,32.0000,0.000000,-0.000000,-63.490197,0.0000,0.0000,2.3500
52410000,51.0000000000,0.0000000000,31.9765,0.000000,-0.000000,-63.490197,0.0000,0.0000,2.3579
52420000,51.0000000000,0.0000000000,31.9528,0.000000,-0.000000,-63.490197,0.0000,0.0000,2.3658
52430000,51.0000000000,0.0000000000,31.9291,0.000000,-0.000000,-63.490197,0.0000,0.0000,2.3737
52440000,51.0000000000,0.0000000000,31.9054,0.000000,-0.000000,-63.490197,0.0000,0.0000,2.3815
52450000,51.0000000000,0.0000000000,31.8815,0.000000,-0.000000,-63.490197,0.0000,0.0000,2.3894
52460000,51.0000000000,0.0000000000,31.8576,0.000000,-0.000000,-63.490197,0.0000,0.0000,2.3972
52470000,51.0000000000,0.0000000000,31.8336,0.000000,-0.000000,-63.490197,0.0000,0.0000,2.4050
52480000,51.0000000000,0.0000000000,31.8095,0.000000,-0.000000,-63.490197,0.0000,0.0000,2.4128
52490000,51.0000000000,0.0000000000,31.7853,0.000000,-0.000000,-63.490197,0.0000,0.0000,2.4206
52500000,51.0000000000,0.0000000000,31.7611,0.000000,-0.000000,-63.490197,0.0000,0.0000,2.4284
52510000,51.0000000000,0.0000000000,31.7367,0.000000,-0.000000,-63.490197,0.0000,0.0000,2.4361
52520000,51.0000000000,0.0000000000,31.7123,0.000000,-0.000000,-63.490197,0.0000,0.0000,2.4439
52530000,51.0000000000,0.0000000000,31.6879,0.000000,-0.000000,-63.490197,0.0000,0.0000,2.4516
52540000,51.0000000000,0.0000000000,31.6633,0.000000,-0.000000,-63.490197,0.0000,0.0000,2.4593
52550000,51.0000000000,0.0000000000,31.6387,0.000000,-0.000000,-63.490197,0.0000,0.0000,2.4670
52560000,51.0000000000,0.0000000000,31.6140,0.000000,-0.000000,-63.490197,0.0000,0.0000,2.4747
52570000,51.0000000000,0.0000000000,31.5892,0.000000,-0.000000,-63.490197,0.0000,0.0000,2.4823
52580000,51.0000000000,0.0000000000,31.5643,0.000000,-0.000000,-63.490197,0.0000,0.0000,2.4900
52590000,51.0000000000,0.0000000000,31.5394,0.000000,-0.000000,-63.490197,0.0000,0.0000,2.4976
52600000,51.0000000000,0.0000000000,31.5144,0.000000,-0.000000,-63.490197,0.0000,0.0000,2.5052
52610000,51.0000000000,0.0000000000,31.4893,0.000000,-0.000000,-63.490197,0.0000,0.0000,2.5128
52620000,51.0000000000,0.0000000000,31.4641,0.000000,-0.000000,-63.490197,0.0000,0.0000,2.5204
52630000,51.0000000000,0.0000000000,31.4389,0.000000,-0.000000,-63.490197,0.0000,0.0000,2.5280
52640000,51.0000000000,0.0000000000,31.4136,0.000000,-0.000000,-63.490197,0.0000,0.0000,2.5355
52650000,51.0000000000,0.0000000000,31.3882,0.000000,-0.000000,-63.490197,0.0000,0.0000,2.5430
52660000,51.0000000000,0.0000000000,31.3627,0.000000,-0.000000,-63.490197,0.0000,0.0000,2.5506
52670000,51.0000000000,0.0000000000,31.3372,0.000000,-0.000000,-63.490197,0.0000,0.0000,2.5581
52680000,51.0000000000,0.0000000000,31.3115,0.000000,-0.000000,-63.490197,0.0000,0.0000,2.5655
52690000,51.0000000000,0.0000000000,31.2858,0.000000,-0.000000,-63.490197,0.0000,0.0000,2.5730
52700000,51.0000000000,0.0000000000,31.2601,0.000000,-0.000000,-63.490197,0.0000,0.0000,2.5805
52710000,51.0000000000,0.0000000000,31.2342,0.000000,-0.000000,-63.490197,0.0000,0.0000,2.5879
52720000,51.0000000000,0.0000000000,31.2083,0.000000,-0.000000,-63.490197,0.0000,0.0000,2.5953
52730000,51.0000000000,0.0000000000,31.1823,0.000000,-0.000000,-63.490197,0.0000,0.0000,2.6027
52740000,51.0000000000,0.0000000000,31.1563,0.000000,-0.000000,-63.490197,0.0000,0.0000,2.6101
52750000,51.0000000000,0.0000000000,31.1301,0.000000,-0.000000,-63.490197,0.0000,0.0000,2.6175
52760000,51.0000000000,0.0000000000,31.1039,0.000000,-0.000000,-63.490197,0.0000,0.0000,2.6249
52770000,51.0000000000,0.0000000000,31.0776,0.000000,-0.000000,-63.490197,0.0000,0.0000,2.6322
52780000,51.0000000000,0.0000000000,31.0513,0.000000,-0.000000,-63.490197,0.0000,0.0000,2.6396
52790000,51.0000000000,0.0000000000,31.0248,0.000000,-0.000000,-63.490197,0.0000,0.0000,2.6469
52800000,51.0000000000,0.0000000000,30.9983,0.000000,-0.000000,-63.490197,0.0000,0.0000,2.6542
52810000,51.0000000000,0.0000000000,30.9718,0.000000,-0.000000,-63.490197,0.0000,0.0000,2.6615
52820000,51.0000000000,0.0000000000,30.9451,0.000000,-0.000000,-63.490197,0.0000,0.0000,2.6687
52830000,51.0000000000,0.0000000000,30.9184,0.000000,-0.000000,-63.490197,0.0000,0.0000,2.6760
52840000,51.0000000000,0.0000000000,30.8916,0.000000,-0.000000,-63.490197,0.0000,0.0000,2.6832
52850000,51.0000000000,0.0000000000,30.8647,0.000000,-0.000000,-63.490197,0.0000,0.0000,2.6904
52860000,51.0000000000,0.0000000000,30.8378,0.000000,-0.000000,-63.490197,0.0000,0.0000,2.6976
52870000,51.0000000000,0.0000000000,30.8108,0.000000,-0.000000,-63.490197,0.0000,0.0000,2.7048
52880000,51.0000000000,0.0000000000,30.7837,0.000000,-0.000000,-63.490197,0.0000,0.0000,2.7120
52890000,51.0000000000,0.0000000000,30.7565,0.000000,-0.000000,-63.490197,0.0000,0.0000,2.7192
52900000,51.0000000000,0.0000000000,30.7293,0.000000,-0.000000,-63.490197,0.0000,0.0000,2.7263
52910000,51.0000000000,0.0000000000,30.7020,0.000000,-0.000000,-63.490197,0.0000,0.0000,2.7334
52920000,51.0000000000,0.0000000000,30.6746,0.000000,-0.000000,-63.490197,0.0000,0.0000,2.7405
52930000,51.0000000000,0.0000000000,30.6472,0.000000,-0.000000,-63.490197,0.0000,0.0000,2.7476
52940000,51.0000000000,0.0000000000,30.6197,0.000000,-0.000000,-63.490197,0.0000,0.0000,2.7547
52950000,51.0000000000,0.0000000000,30.5921,0.000000,-0.000000,-63.490197,0.0000,0.0000,2.7618
52960000,51.0000000000,0.0000000000,30.5644,0.000000,-0.000000,-63.490197,0.0000,0.0000,2.7688
52970000,51.0000000000,0.0000000000,30.5367,0.000000,-0.000000,-63.490197,0.0000,0.0000,2.7759
52980000,51.0000000000,0.0000000000,30.5089,0.000000,-0.000000,-63.490197,0.0000,0.0000,2.7829
52990000,51.0000000000,0.0000000000,30.4811,0.000000,-0.000000,-63.490197,0.0000,0.0000,2.7899
53000000,51.0000000000,0.0000000000,30.4531,0.000000,-0.000000,-63.490197,0.0000,0.0000,2.7969
53010000,51.0000000000,0.0000000000,30.4251,0.000000,-0.000000,-63.490197,0.0000,0.0000,2.8038
53020000,51.0000000000,0.0000000000,30.3970,0.000000,-0.000000,-63.490197,0.0000,0.0000,2.8108
53030000,51.0000000000,0.0000000000,30.3689,0.000000,-0.000000,-63.490197,0.0000,0.0000,2.8177
53040000,51.0000000000,0.0000000000,30.3407,0.000000,-0.000000,-63.490197,0.0000,0.0000,2.8247
53050000,51.0000000000,0.0000000000,30.3124,0.000000,-0.000000,-63.490197,0.0000,0.0000,2.8316
53060000,51.0000000000,0.0000000000,30.2841,0.000000,-0.000000,-63.490197,0.0000,0.0000,2.8385
53070000,51.0000000000,0.0000000000,30.2556,0.000000,-0.000000,-63.490197,0.0000,0.0000,2.8453
53080000,51.0000000000,0.0000000000,30.2272,0.000000,-0.000000,-63.490197,0.0000,0.0000,2.8522
53090000,51.0000000000,0.0000000000,30.1986,0.000000,-0.000000,-63.490197,0.0000,0.0000,2.8591
53100000,51.0000000000,0.0000000000,30.1700,0.000000,-0.000000,-63.490197,0.0000,0.0000,2.8659
53110000,51.0000000000,0.0000000000,30.1413,0.000000,-0.000000,-63.490197,0.0000,0.0000,2.8727
53120000,51.0000000000,0.0000000000,30.1125,0.000000,-0.000000,-63.490197,0.0000,0.0000,2.8795
53130000,51.0000000000,0.0000000000,30.0837,0.000000,-0.000000,-63.490197,0.0000,0.0000,2.8863
53140000,51.0000000000,0.0000000000,30.0548,0.000000,-0.000000,-63.490197,0.0000,0.0000,2.8931
53150000,51.0000000000,0.0000000000,30.0258,0.000000,-0.000000,-63.490197,0.0000,0.0000,2.8998
53160000,51.0000000000,0.0000000000,29.9968,0.000000,-0.000000,-63.490197,0.0000,0.0000,2.9065
53170000,51.0000000000,0.0000000000,29.9677,0.000000,-0.000000,-63.490197,0.0000,0.0000,2.9133
53180000,51.0000000000,0.0000000000,29.9385,0.000000,-0.000000,-63.490197,0.0000,0.0000,2.9200
53190000,51.0000000000,0.0000000000,29.9093,0.000000,-0.000000,-63.490197,0.0000,0.0000,2.9267
53200000,51.0000000000,0.0000000000,29.8800,0.000000,-0.000000,-63.490197,0.0000,0.0000,2.9333
53210000,51.0000000000,0.0000000000,29.8506,0.000000,-0.000000,-63.490197,0.0000,0.0000,2.9400
53220000,51.0000000000,0.0000000000,29.8212,0.000000,-0.000000,-63.490197,0.0000,0.0000,2.9466
53230000,51.0000000000,0.0000000000,29.7917,0.000000,-0.000000,-63.490197,0.0000,0.0000,2.9533
53240000,51.0000000000,0.0000000000,29.7621,0.000000,-0.000000,-63.490197,0.0000,0.0000,2.9599
53250000,51.0000000000,0.0000000000,29.7325,0.000000,-0.000000,-63.490197,0.0000,0.0000,2.9665
53260000,51.0000000000,0.0000000000,29.7028,0.000000,-0.000000,-63.490197,0.0000,0.0000,2.9731
53270000,51.0000000000,0.0000000000,29.6730,0.000000,-0.000000,-63.490197,0.0000,0.0000,2.9796
53280000,51.0000000000,0.0000000000,29.6432,0.000000,-0.000000,-63.490197,0.0000,0.0000,2.9862
53290000,51.0000000000,0.0000000000,29.6133,0.000000,-0.000000,-63.490197,0.0000,0.0000,2.9927
53300000,51.0000000000,0.0000000000,29.5834,0.000000,-0.000000,-63.490197,0.0000,0.0000,2.9992
53310000,51.0000000000,0.0000000000,29.5533,0.000000,-0.000000,-63.490197,0.0000,0.0000,3.0057
53320000,51.0000000000,0.0000000000,29.5232,0.000000,-0.000000,-63.490197,0.0000,0.0000,3.0122
53330000,51.0000000000,0.0000000000,29.4931,0.000000,-0.000000,-63.490197,0.0000,0.0000,3.0187
53340000,51.0000000000,0.0000000000,29.4629,0.000000,-0.000000,-63.490197,0.0000,0.0000,3.0251
53350000,51.0000000000,0.0000000000,29.4326,0.000000,-0.000000,-63.490197,0.0000,0.0000,3.0316
53360000,51.0000000000,0.0000000000,29.4022,0.000000,-0.000000,-63.490197,0.0000,0.0000,3.0380
53370000,51.0000000000,0.0000000000,29.3718,0.000000,-0.000000,-63.490197,0.0000,0.0000,3.0444
53380000,51.0000000000,0.0000000000,29.3414,0.000000,-0.000000,-63.490197,0.0000,0.0000,3.0508
53390000,51.0000000000,0.0000000000,29.3108,0.000000,-0.000000,-63.490197,0.0000,0.0000,3.0572
53400000,51.0000000000,0.0000000000,29.2802,0.000000,-0.000000,-63.490197,0.0000,0.0000,3.0635
53410000,51.0000000000,0.0000000000,29.2495,0.000000,-0.000000,-63.490197,0.0000,0.0000,3.0699
53420000,51.0000000000,0.0000000000,29.2188,0.000000,-0.000000,-63.490197,0.0000,0.0000,3.0762
53430000,51.0000000000,0.0000000000,29.1880,0.000000,-0.000000,-63.490197,0.0000,0.0000,3.0825
53440000,51.0000000000,0.0000000000,29.1572,0.000000,-0.000000,-63.490197,0.0000,0.0000,3.0888
53450000,51.0000000000,0.0000000000,29.1262,0.000000,-0.000000,-63.490197,0.0000,0.0000,3.0951
53460000,51.0000000000,0.0000000000,29.0953,0.000000,-0.000000,-63.490197,0.0000,0.0000,3.1014
53470000,51.0000000000,0.0000000000,29.0642,0.000000,-0.000000,-63.490197,0.0000,0.0000,3.1076
53480000,51.0000000000,0.0000000000,29.0331,0.000000,-0.000000,-63.490197,0.0000,0.0000,3.1139
53490000,51.0000000000,0.0000000000,29.0019,0.000000,-0.000000,-63.490197,0.0000,0.0000,3.1201
53500000,51.0000000000,0.0000000000,28.9707,0.000000,-0.000000,-63.490197,0.0000,0.0000,3.1263
53510000,51.0000000000,0.0000000000,28.9394,0.000000,-0.000000,-63.490197,0.0000,0.0000,3.1325
53520000,51.0000000000,0.0000000000,28.9081,0.000000,-0.000000,-63.490197,0.0000,0.0000,3.1387
53530000,51.0000000000,0.0000000000,28.8766,0.000000,-0.000000,-63.490197,0.0000,0.0000,3.1448
53540000,51.0000000000,0.0000000000,28.8452,0.000000,-0.000000,-63.490197,0.0000,0.0000,3.1510
53550000,51.0000000000,0.0000000000,28.8136,0.000000,-0.000000,-63.490197,0.0000,0.0000,3.1571
53560000,51.0000000000,0.0000000000,28.7820,0.000000,-0.000000,-63.490197,0.0000,0.0000,3.1632
53570000,51.0000000000,0.0000000000,28.7504,0.000000,-0.000000,-63.490197,0.0000,0.0000,3.1693
53580000,51.0000000000,0.0000000000,28.7186,0.000000,-0.000000,-63.490197,0.0000,0.0000,3.1754
53590000,51.0000000000,0.0000000000,28.6868,0.000000,-0.000000,-63.490197,0.0000,0.0000,3.1815
53600000,51.0000000000,0.0000000000,28.6550,0.000000,-0.000000,-63.490197,0.0000,0.0000,3.1875
53610000,51.0000000000,0.0000000000,28.6231,0.000000,-0.000000,-63.490197,0.0000,0.0000,3.1935
53620000,51.0000000000,0.0000000000,28.5911,0.000000,-0.000000,-63.490197,0.0000,0.0000,3.1996
53630000,51.0000000000,0.0000000000,28.5591,0.000000,-0.000000,-63.490197,0.0000,0.0000,3.2056
53640000,51.0000000000,0.0000000000,28.5270,0.000000,-0.000000,-63.490197,0.0000,0.0000,3.2115
53650000,51.0000000000,0.0000000000,28.4949,0.000000,-0.000000,-63.490197,0.0000,0.0000,3.2175
53660000,51.0000000000,0.0000000000,28.4627,0.000000,-0.000000,-63.490197,0.0000,0.0000,3.2235
53670000,51.0000000000,0.0000000000,28.4304,0.000000,-0.000000,-63.490197,0.0000,0.0000,3.2294
53680000,51.0000000000,0.0000000000,28.3981,0.000000,-0.000000,-63.490197,0.0000,0.0000,3.2353
53690000,51.0000000000,0.0000000000,28.3657,0.000000,-0.000000,-63.490197,0.0000,0.0000,3.2412
53700000,51.0000000000,0.0000000000,28.3333,0.000000,-0.000000,-63.490197,0.0000,0.0000,3.2471
53710000,51.0000000000,0.0000000000,28.3008,0.000000,-0.000000,-63.490197,0.0000,0.0000,3.2530
53720000,51.0000000000,0.0000000000,28.2682,0.000000,-0.000000,-63.490197,0.0000,0.0000,3.2589
53730000,51.0000000000,0.0000000000,28.2356,0.000000,-0.000000,-63.490197,0.0000,0.0000,3.2647
53740000,51.0000000000,0.0000000000,28.2029,0.000000,-0.000000,-63.490197,0.0000,0.0000,3.2706
53750000,51.0000000000,0.0000000000,28.1702,0.000000,-0.000000,-63.490197,0.0000,0.0000,3.2764
53760000,51.0000000000,0.0000000000,28.1374,0.000000,-0.000000,-63.490197,0.0000,0.0000,3.2822
53770000,51.0000000000,0.0000000000,28.1045,0.000000,-0.000000,-63.490197,0.0000,0.0000,3.2880
53780000,51.0000000000,0.0000000000,28.0716,0.000000,-0.000000,-63.490197,0.0000,0.0000,3.2937
53790000,51.0000000000,0.0000000000,28.0386,0.000000,-0.000000,-63.490197,0.0000,0.0000,3.2995
53800000,51.0000000000,0.0000000000,28.0056,0.000000,-0.000000,-63.490197,0.0000,0.0000,3.3052
53810000,51.0000000000,0.0000000000,27.9725,0.000000,-0.000000,-63.490197,0.0000,0.0000,3.3109
53820000,51.0000000000,0.0000000000,27.9394,0.000000,-0.000000,-63.490197,0.0000,0.0000,3.3166
53830000,51.0000000000,0.0000000000,27.9062,0.000000,-0.000000,-63.490197,0.0000,0.0000,3.3223
53840000,51.0000000000,0.0000000000,27.8730,0.000000,-0.000000,-63.490197,0.0000,0.0000,3.3280
53850000,51.0000000000,0.0000000000,27.8397,0.000000,-0.000000,-63.490197,0.0000,0.0000,3.3337
53860000,51.0000000000,0.0000000000,27.8063,0.000000,-0.000000,-63.490197,0.0000,0.0000,3.3393
53870000,51.0000000000,0.0000000000,27.7729,0.000000,-0.000000,-63.490197,0.0000,0.0000,3.3449
53880000,51.0000000000,0.0000000000,27.7394,0.000000,-0.000000,-63.490197,0.0000,0.0000,3.3505
53890000,51.0000000000,0.0000000000,27.7059,0.000000,-0.000000,-63.490197,0.0000,0.0000,3.3561
53900000,51.0000000000,0.0000000000,27.6723,0.000000,-0.000000,-63.490197,0.0000,0.0000,3.3617
53910000,51.0000000000,0.0000000000,27.6386,0.000000,-0.000000,-63.490197,0.0000,0.0000,3.3673
53920000,51.0000000000,0.0000000000,27.6049,0.000000,-0.000000,-63.490197,0.0000,0.0000,3.3728
53930000,51.0000000000,0.0000000000,27.5712,0.000000,-0.000000,-63.490197,0.0000,0.0000,3.3784
53940000,51.0000000000,0.0000000000,27.5374,0.000000,-0.000000,-63.490197,0.0000,0.0000,3.3839
53950000,51.0000000000,0.0000000000,27.5035,0.000000,-0.000000,-63.490197,0.0000,0.0000,3.3894
53960000,51.0000000000,0.0000000000,27.4696,0.000000,-0.000000,-63.490197,0.0000,0.0000,3.3949
53970000,51.0000000000,0.0000000000,27.4356,0.000000,-0.000000,-63.490197,0.0000,0.0000,3.4003
53980000,51.0000000000,0.0000000000,27.4016,0.000000,-0.000000,-63.490197,0.0000,0.0000,3.4058
53990000,51.0000000000,0.0000000000,27.3675,0.000000,-0.000000,-63.490197,0.0000,0.0000,3.4112
54000000,51.0000000000,0.0000000000,27.3333,0.000000,-0.000000,-63.490197,0.0000,0.0000,3.4167
54010000,51.0000000000,0.0000000000,27.2991,0.000000,-0.000000,-63.490197,0.0000,0.0000,3.4221
54020000,51.0000000000,0.0000000000,27.2649,0.000000,-0.000000,-63.490197,0.0000,0.0000,3.4275
54030000,51.0000000000,0.0000000000,27.2306,0.000000,-0.000000,-63.490197,0.0000,0.0000,3.4328
54040000,51.0000000000,0.0000000000,27.1962,0.000000,-0.000000,-63.490197,0.0000,0.0000,3.4382
54050000,51.0000000000,0.0000000000,27.1618,0.000000,-0.000000,-63.490197,0.0000,0.0000,3.4436
54060000,51.0000000000,0.0000000000,27.1274,0.000000,-0.000000,-63.490197,0.0000,0.0000,3.4489
54070000,51.0000000000,0.0000000000,27.0928,0.000000,-0.000000,-63.490197,0.0000,0.0000,3.4542
54080000,51.0000000000,0.0000000000,27.0583,0.000000,-0.000000,-63.490197,0.0000,0.0000,3.4595
54090000,51.0000000000,0.0000000000,27.0237,0.000000,-0.000000,-63.490197,0.0000,0.0000,3.4648
54100000,51.0000000000,0.0000000000,26.9890,0.000000,-0.000000,-63.490197,0.0000,0.0000,3.4701
54110000,51.0000000000,0.0000000000,26.9543,0.000000,-0.000000,-63.490197,0.0000,0.0000,3.4753
54120000,51.0000000000,0.0000000000,26.9195,0.000000,-0.000000,-63.490197,0.0000,0.0000,3.4805
54130000,51.0000000000,0.0000000000,26.8846,0.000000,-0.000000,-63.490197,0.0000,0.0000,3.4858
54140000,51.0000000000,0.0000000000,26.8498,0.000000,-0.000000,-63.490197,0.0000,0.0000,3.4910
54150000,51.0000000000,0.0000000000,26.8148,0.000000,-0.000000,-63.490197,0.0000,0.0000,3.4962
54160000,51.0000000000,0.0000000000,26.7798,0.000000,-0.000000,-63.490197,0.0000,0.0000,3.5013
54170000,51.0000000000,0.0000000000,26.7448,0.000000,-0.000000,-63.490197,0.0000,0.0000,3.5065
54180000,51.0000000000,0.0000000000,26.7097,0.000000,-0.000000,-63.490197,0.0000,0.0000,3.5116
54190000,51.0000000000,0.0000000000,26.6746,0.000000,-0.000000,-63.490197,0.0000,0.0000,3.5168
54200000,51.0000000000,0.0000000000,26.6394,0.000000,-0.000000,-63.490197,0.0000,0.0000,3.5219
54210000,51.0000000000,0.0000000000,26.6041,0.000000,-0.000000,-63.490197,0.0000,0.0000,3.5270
54220000,51.0000000000,0.0000000000,26.5688,0.000000,-0.000000,-63.490197,0.0000,0.0000,3.5321
54230000,51.0000000000,0.0000000000,26.5335,0.000000,-0.000000,-63.490197,0.0000,0.0000,3.5371
54240000,51.0000000000,0.0000000000,26.4981,0.000000,-0.000000,-63.490197,0.0000,0.0000,3.5422
54250000,51.0000000000,0.0000000000,26.4626,0.000000,-0.000000,-63.490197,0.0000,0.0000,3.5472
54260000,51.0000000000,0.0000000000,26.4271,0.000000,-0.000000,-63.490197,0.0000,0.0000,3.5522
54270000,51.0000000000,0.0000000000,26.3916,0.000000,-0.000000,-63.490197,0.0000,0.0000,3.5572
54280000,51.0000000000,0.0000000000,26.3560,0.000000,-0.000000,-63.490197,0.0000,0.0000,3.5622
54290000,51.0000000000,0.0000000000,26.3204,0.000000,-0.000000,-63.490197,0.0000,0.0000,3.5672
54300000,51.0000000000,0.0000000000,26.2847,0.000000,-0.000000,-63.490197,0.0000,0.0000,3.5721
54310000,51.0000000000,0.0000000000,26.2489,0.000000,-0.000000,-63.490197,0.0000,0.0000,3.5771
54320000,51.0000000000,0.0000000000,26.2131,0.000000,-0.000000,-63.490197,0.0000,0.0000,3.5820
54330000,51.0000000000,0.0000000000,26.1773,0.000000,-0.000000,-63.490197,0.0000,0.0000,3.5869
54340000,51.0000000000,0.0000000000,26.1414,0.000000,-0.000000,-63.490197,0.0000,0.0000,3.5918
54350000,51.0000000000,0.0000000000,26.1054,0.000000,-0.000000,-63.490197,0.0000,0.0000,3.5967
54360000,51.0000000000,0.0000000000,26.0694,0.000000,-0.000000,-63.490197,0.0000,0.0000,3.6015
54370000,51.0000000000,0.0000000000,26.0334,0.000000,-0.000000,-63.490197,0.0000,0.0000,3.6064
54380000,51.0000000000,0.0000000000,25.9973,0.000000,-0.000000,-63.490197,0.0000,0.0000,3.6112
54390000,51.0000000000,0.0000000000,25.9612,0.000000,-0.000000,-63.490197,0.0000,0.0000,3.6160
54400000,51.0000000000,0.0000000000,25.9250,0.000000,-0.000000,-63.490197,0.0000,0.0000,3.6208
54410000,51.0000000000,0.0000000000,25.8888,0.000000,-0.000000,-63.490197,0.0000,0.0000,3.6256
54420000,51.0000000000,0.0000000000,25.8525,0.000000,-0.000000,-63.490197,0.0000,0.0000,3.6304
54430000,51.0000000000,0.0000000000,25.8162,0.000000,-0.000000,-63.490197,0.0000,0.0000,3.6351
54440000,51.0000000000,0.0000000000,25.7798,0.000000,-0.000000,-63.490197,0.0000,0.0000,3.6399
54450000,51.0000000000,0.0000000000,25.7434,0.000000,-0.000000,-63.490197,0.0000,0.0000,3.6446
54460000,51.0000000000,0.0000000000,25.7069,0.000000,-0.000000,-63.490197,0.0000,0.0000,3.6493
54470000,51.0000000000,0.0000000000,25.6704,0.000000,-0.000000,-63.490197,0.0000,0.0000,3.6540
54480000,51.0000000000,0.0000000000,25.6338,0.000000,-0.000000,-63.490197,0.0000,0.0000,3.6587
54490000,51.0000000000,0.0000000000,25.5972,0.000000,-0.000000,-63.490197,0.0000,0.0000,3.6633
54500000,51.0000000000,0.0000000000,25.5605,0.000000,-0.000000,-63.490197,0.0000,0.0000,3.6680
54510000,51.0000000000,0.0000000000,25.5238,0.000000,-0.000000,-63.490197,0.0000,0.0000,3.6726
54520000,51.0000000000,0.0000000000,25.4871,0.000000,-0.000000,-63.490197,0.0000,0.0000,3.6772
54530000,51.0000000000,0.0000000000,25.4503,0.000000,-0.000000,-63.490197,0.0000,0.0000,3.6818
54540000,51.0000000000,0.0000000000,25.4135,0.000000,-0.000000,-63.490197,0.0000,0.0000,3.6864
54550000,51.0000000000,0.0000000000,25.3766,0.000000,-0.000000,-63.490197,0.0000,0.0000,3.6910
54560000,51.0000000000,0.0000000000,25.3396,0.000000,-0.000000,-63.490197,0.0000,0.0000,3.6955
54570000,51.0000000000,0.0000000000,25.3027,0.000000,-0.000000,-63.490197,0.0000,0.0000,3.7000
54580000,51.0000000000,0.0000000000,25.2656,0.000000,-0.000000,-63.490197,0.0000,0.0000,3.7046
54590000,51.0000000000,0.0000000000,25.2286,0.000000,-0.000000,-63.490197,0.0000,0.0000,3.7091
54600000,51.0000000000,0.0000000000,25.1915,0.000000,-0.000000,-63.490197,0.0000,0.0000,3.7135
54610000,51.0000000000,0.0000000000,25.1543,0.000000,-0.000000,-63.490197,0.0000,0.0000,3.7180
54620000,51.0000000000,0.0000000000,25.1171,0.000000,-0.000000,-63.490197,0.0000,0.0000,3.7225
54630000,51.0000000000,0.0000000000,25.0799,0.000000,-0.000000,-63.490197,0.0000,0.0000,3.7269
54640000,51.0000000000,0.0000000000,25.0426,0.000000,-0.000000,-63.490197,0.0000,0.0000,3.7313
54650000,51.0000000000,0.0000000000,25.0052,0.000000,-0.000000,-63.490197,0.0000,0.0000,3.7357
54660000,51.0000000000,0.0000000000,24.9678,0.000000,-0.000000,-63.490197,0.0000,0.0000,3.7401
54670000,51.0000000000,0.0000000000,24.9304,0.000000,-0.000000,-63.490197,0.0000,0.0000,3.7445
54680000,51.0000000000,0.0000000000,24.8930,0.000000,-0.000000,-63.490197,0.0000,0.0000,3.7489
54690000,51.0000000000,0.0000000000,24.8554,0.000000,-0.000000,-63.490197,0.0000,0.0000,3.7532
54700000,51.0000000000,0.0000000000,24.8179,0.000000,-0.000000,-63.490197,0.0000,0.0000,3.7576
54710000,51.0000000000,0.0000000000,24.7803,0.000000,-0.000000,-63.490197,0.0000,0.0000,3.7619
54720000,51.0000000000,0.0000000000,24.7427,0.000000,-0.000000,-63.490197,0.0000,0.0000,3.7662
54730000,51.0000000000,0.0000000000,24.7050,0.000000,-0.000000,-63.490197,0.0000,0.0000,3.7705
54740000,51.0000000000,0.0000000000,24.6672,0.000000,-0.000000,-63.490197,0.0000,0.0000,3.7747
54750000,51.0000000000,0.0000000000,24.6295,0.000000,-0.000000,-63.490197,0.0000,0.0000,3.7790
54760000,51.0000000000,0.0000000000,24.5917,0.000000,-0.000000,-63.490197,0.0000,0.0000,3.7832
54770000,51.0000000000,0.0000000000,24.5538,0.000000,-0.000000,-63.490197,0.0000,0.0000,3.7874
54780000,51.0000000000,0.0000000000,24.5159,0.000000,-0.000000,-63.490197,0.0000,0.0000,3.7916
54790000,51.0000000000,0.0000000000,24.4780,0.000000,-0.000000,-63.490197,0.0000,0.0000,3.7958
54800000,51.0000000000,0.0000000000,24.4400,0.000000,-0.000000,-63.490197,0.0000,0.0000,3.8000
54810000,51.0000000000,0.0000000000,24.4020,0.000000,-0.000000,-63.490197,0.0000,0.0000,3.8042
54820000,51.0000000000,0.0000000000,24.3639,0.000000,-0.000000,-63.490197,0.0000,0.0000,3.8083
54830000,51.0000000000,0.0000000000,24.3258,0.000000,-0.000000,-63.490197,0.0000,0.0000,3.8124
54840000,51.0000000000,0.0000000000,24.2877,0.000000,-0.000000,-63.490197,0.0000,0.0000,3.8165
54850000,51.0000000000,0.0000000000,24.2495,0.000000,-0.000000,-63.490197,0.0000,0.0000,3.8206
54860000,51.0000000000,0.0000000000,24.2113,0.000000,-0.000000,-63.490197,0.0000,0.0000,3.8247
54870000,51.0000000000,0.0000000000,24.1730,0.000000,-0.000000,-63.490197,0.0000,0.0000,3.8288
54880000,51.0000000000,0.0000000000,24.1347,0.000000,-0.000000,-63.490197,0.0000,0.0000,3.8328
54890000,51.0000000000,0.0000000000,24.0963,0.000000,-0.000000,-63.490197,0.0000,0.0000,3.8369
54900000,51.0000000000,0.0000000000,24.0579,0.000000,-0.000000,-63.490197,0.0000,0.0000,3.8409
54910000,51.0000000000,0.0000000000,24.0195,0.000000,-0.000000,-63.490197,0.0000,0.0000,3.8449
54920000,51.0000000000,0.0000000000,23.9810,0.000000,-0.000000,-63.490197,0.0000,0.0000,3.8489
54930000,51.0000000000,0.0000000000,23.9425,0.000000,-0.000000,-63.490197,0.0000,0.0000,3.8528
54940000,51.0000000000,0.0000000000,23.9040,0.000000,-0.000000,-63.490197,0.0000,0.0000,3.8568
54950000,51.0000000000,0.0000000000,23.8654,0.000000,-0.000000,-63.490197,0.0000,0.0000,3.8607
54960000,51.0000000000,0.0000000000,23.8268,0.000000,-0.000000,-63.490197,0.0000,0.0000,3.8647
54970000,51.0000000000,0.0000000000,23.7881,0.000000,-0.000000,-63.490197,0.0000,0.0000,3.8686
54980000,51.0000000000,0.0000000000,23.7494,0.000000,-0.000000,-63.490197,0.0000,0.0000,3.8725
54990000,51.0000000000,0.0000000000,23.7107,0.000000,-0.000000,-63.490197,0.0000,0.0000,3.8763
55000000,51.0000000000,0.0000000000,23.6719,0.000000,-0.000000,-63.490197,0.0000,0.0000,3.8802
55010000,51.0000000000,0.0000000000,23.6331,0.000000,-0.000000,-63.490197,0.0000,0.0000,3.8841
55020000,51.0000000000,0.0000000000,23.5942,0.000000,-0.000000,-63.490197,0.0000,0.0000,3.8879
55030000,51.0000000000,0.0000000000,23.5553,0.000000,-0.000000,-63.490197,0.0000,0.0000,3.8917
55040000,51.0000000000,0.0000000000,23.5164,0.000000,-0.000000,-63.490197,0.0000,0.0000,3.8955
55050000,51.0000000000,0.0000000000,23.4774,0.000000,-0.000000,-63.490197,0.0000,0.0000,3.8993
55060000,51.0000000000,0.0000000000,23.4384,0.000000,-0.000000,-63.490197,0.0000,0.0000,3.9031
55070000,51.0000000000,0.0000000000,23.3993,0.000000,-0.000000,-63.490197,0.0000,0.0000,3.9068
55080000,51.0000000000,0.0000000000,23.3602,0.000000,-0.000000,-63.490197,0.0000,0.0000,3.9105
55090000,51.0000000000,0.0000000000,23.3211,0.000000,-0.000000,-63.490197,0.0000,0.0000,3.9143
55100000,51.0000000000,0.0000000000,23.2820,0.000000,-0.000000,-63.490197,0.0000,0.0000,3.9180
55110000,51.0000000000,0.0000000000,23.2428,0.000000,-0.000000,-63.490197,0.0000,0.0000,3.9217
55120000,51.0000000000,0.0000000000,23.2035,0.000000,-0.000000,-63.490197,0.0000,0.0000,3.9253
55130000,51.0000000000,0.0000000000,23.1642,0.000000,-0.000000,-63.490197,0.0000,0.0000,3.9290
55140000,51.0000000000,0.0000000000,23.1249,0.000000,-0.000000,-63.490197,0.0000,0.0000,3.9326
55150000,51.0000000000,0.0000000000,23.0856,0.000000,-0.000000,-63.490197,0.0000,0.0000,3.9363
55160000,51.0000000000,0.0000000000,23.0462,0.000000,-0.000000,-63.490197,0.0000,0.0000,3.9399
55170000,51.0000000000,0.0000000000,23.0068,0.000000,-0.000000,-63.490197,0.0000,0.0000,3.9435
55180000,51.0000000000,0.0000000000,22.9673,0.000000,-0.000000,-63.490197,0.0000,0.0000,3.9471
55190000,51.0000000000,0.0000000000,22.9279,0.000000,-0.000000,-63.490197,0.0000,0.0000,3.9506
55200000,51.0000000000,0.0000000000,22.8883,0.000000,-0.000000,-63.490197,0.0000,0.0000,3.9542
55210000,51.0000000000,0.0000000000,22.8488,0.000000,-0.000000,-63.490197,0.0000,0.0000,3.9577
55220000,51.0000000000,0.0000000000,22.8092,0.000000,-0.000000,-63.490197,0.0000,0.0000,3.9612
55230000,51.0000000000,0.0000000000,22.7695,0.000000,-0.000000,-63.490197,0.0000,0.0000,3.9647
55240000,51.0000000000,0.0000000000,22.7299,0.000000,-0.000000,-63.490197,0.0000,0.0000,3.9682
55250000,51.0000000000,0.0000000000,22.6902,0.000000,-0.000000,-63.490197,0.0000,0.0000,3.9717
55260000,51.0000000000,0.0000000000,22.6505,0.000000,-0.000000,-63.490197,0.0000,0.0000,3.9751
55270000,51.0000000000,0.0000000000,22.6107,0.000000,-0.000000,-63.490197,0.0000,0.0000,3.9786
55280000,51.0000000000,0.0000000000,22.5709,0.000000,-0.000000,-63.490197,0.0000,0.0000,3.9820
55290000,51.0000000000,0.0000000000,22.5310,0.000000,-0.000000,-63.490197,0.0000,0.0000,3.9854
55300000,51.0000000000,0.0000000000,22.4912,0.000000,-0.000000,-63.490197,0.0000,0.0000,3.9888
55310000,51.0000000000,0.0000000000,22.4513,0.000000,-0.000000,-63.490197,0.0000,0.0000,3.9922
55320000,51.0000000000,0.0000000000,22.4113,0.000000,-0.000000,-63.490197,0.0000,0.0000,3.9955
55330000,51.0000000000,0.0000000000,22.3714,0.000000,-0.000000,-63.490197,0.0000,0.0000,3.9989
55340000,51.0000000000,0.0000000000,22.3314,0.000000,-0.000000,-63.490197,0.0000,0.0000,4.0022
55350000,51.0000000000,0.0000000000,22.2913,0.000000,-0.000000,-63.490197,0.0000,0.0000,4.0055
55360000,51.0000000000,0.0000000000,22.2512,0.000000,-0.000000,-63.490197,0.0000,0.0000,4.0088
55370000,51.0000000000,0.0000000000,22.2111,0.000000,-0.000000,-63.490197,0.0000,0.0000,4.0121
55380000,51.0000000000,0.0000000000,22.1710,0.000000,-0.000000,-63.490197,0.0000,0.0000,4.0154
55390000,51.0000000000,0.0000000000,22.1308,0.000000,-0.000000,-63.490197,0.0000,0.0000,4.0186
55400000,51.0000000000,0.0000000000,22.0906,0.000000,-0.000000,-63.490197,0.0000,0.0000,4.0219
55410000,51.0000000000,0.0000000000,22.0504,0.000000,-0.000000,-63.490197,0.0000,0.0000,4.0251
55420000,51.0000000000,0.0000000000,22.0101,0.000000,-0.000000,-63.490197,0.0000,0.0000,4.0283
55430000,51.0000000000,0.0000000000,21.9698,0.000000,-0.000000,-63.490197,0.0000,0.0000,4.0315
55440000,51.0000000000,0.0000000000,21.9295,0.000000,-0.000000,-63.490197,0.0000,0.0000,4.0347
55450000,51.0000000000,0.0000000000,21.8891,0.000000,-0.000000,-63.490197,0.0000,0.0000,4.0378
55460000,51.0000000000,0.0000000000,21.8487,0.000000,-0.000000,-63.490197,0.0000,0.0000,4.0410
55470000,51.0000000000,0.0000000000,21.8083,0.000000,-0.000000,-63.490197,0.0000,0.0000,4.0441
55480000,51.0000000000,0.0000000000,21.7679,0.000000,-0.000000,-63.490197,0.0000,0.0000,4.0472
55490000,51.0000000000,0.0000000000,21.7274,0.000000,-0.000000,-63.490197,0.0000,0.0000,4.0503
55500000,51.0000000000,0.0000000000,21.6868,0.000000,-0.000000,-63.490197,0.0000,0.0000,4.0534
55510000,51.0000000000,0.0000000000,21.6463,0.000000,-0.000000,-63.490197,0.0000,0.0000,4.0565
55520000,51.0000000000,0.0000000000,21.6057,0.000000,-0.000000,-63.490197,0.0000,0.0000,4.0595
55530000,51.0000000000,0.0000000000,21.5651,0.000000,-0.000000,-63.490197,0.0000,0.0000,4.0625
55540000,51.0000000000,0.0000000000,21.5245,0.000000,-0.000000,-63.490197,0.0000,0.0000,4.0656
55550000,51.0000000000,0.0000000000,21.4838,0.000000,-0.000000,-63.490197,0.0000,0.0000,4.0686
55560000,51.0000000000,0.0000000000,21.4431,0.000000,-0.000000,-63.490197,0.0000,0.0000,4.0715
55570000,51.0000000000,0.0000000000,21.4024,0.000000,-0.000000,-63.490197,0.0000,0.0000,4.0745
55580000,51.0000000000,0.0000000000,21.3616,0.000000,-0.000000,-63.490197,0.0000,0.0000,4.0775
55590000,51.0000000000,0.0000000000,21.3208,0.000000,-0.000000,-63.490197,0.0000,0.0000,4.0804
55600000,51.0000000000,0.0000000000,21.2800,0.000000,-0.000000,-63.490197,0.0000,0.0000,4.0833
55610000,51.0000000000,0.0000000000,21.2392,0.000000,-0.000000,-63.490197,0.0000,0.0000,4.0862
55620000,51.0000000000,0.0000000000,21.1983,0.000000,-0.000000,-63.490197,0.0000,0.0000,4.0891
55630000,51.0000000000,0.0000000000,21.1574,0.000000,-0.000000,-63.490197,0.0000,0.0000,4.0920
55640000,51.0000000000,0.0000000000,21.1164,0.000000,-0.000000,-63.490197,0.0000,0.0000,4.0949
55650000,51.0000000000,0.0000000000,21.0755,0.000000,-0.000000,-63.490197,0.0000,0.0000,4.0977
55660000,51.0000000000,0.0000000000,21.0345,0.000000,-0.000000,-63.490197,0.0000,0.0000,4.1006
55670000,51.0000000000,0.0000000000,20.9935,0.000000,-0.000000,-63.490197,0.0000,0.0000,4.1034
55680000,51.0000000000,0.0000000000,20.9524,0.000000,-0.000000,-63.490197,0.0000,0.0000,4.1062
55690000,51.0000000000,0.0000000000,20.9113,0.000000,-0.000000,-63.490197,0.0000,0.0000,4.1090
55700000,51.0000000000,0.0000000000,20.8702,0.000000,-0.000000,-63.490197,0.0000,0.0000,4.1117
55710000,51.0000000000,0.0000000000,20.8291,0.000000,-0.000000,-63.490197,0.0000,0.0000,4.1145
55720000,51.0000000000,0.0000000000,20.7879,0.000000,-0.000000,-63.490197,0.0000,0.0000,4.1172
55730000,51.0000000000,0.0000000000,20.7468,0.000000,-0.000000,-63.490197,0.0000,0.0000,4.1199
55740000,51.0000000000,0.0000000000,20.7055,0.000000,-0.000000,-63.490197,0.0000,0.0000,4.1226
55750000,51.0000000000,0.0000000000,20.6643,0.000000,-0.000000,-63.490197,0.0000,0.0000,4.1253
55760000,51.0000000000,0.0000000000,20.6230,0.000000,-0.000000,-63.490197,0.0000,0.0000,4.1280
55770000,51.0000000000,0.0000000000,20.5817,0.000000,-0.000000,-63.490197,0.0000,0.0000,4.1307
55780000,51.0000000000,0.0000000000,20.5404,0.000000,-0.000000,-63.490197,0.0000,0.0000,4.1333
55790000,51.0000000000,0.0000000000,20.4991,0.000000,-0.000000,-63.490197,0.0000,0.0000,4.1359
55800000,51.0000000000,0.0000000000,20.4577,0.000000,-0.000000,-63.490197,0.0000,0.0000,4.1385
55810000,51.0000000000,0.0000000000,20.4163,0.000000,-0.000000,-63.490197,0.0000,0.0000,4.1411
55820000,51.0000000000,0.0000000000,20.3749,0.000000,-0.000000,-63.490197,0.0000,0.0000,4.1437
55830000,51.0000000000,0.0000000000,20.3334,0.000000,-0.000000,-63.490197,0.0000,0.0000,4.1463
55840000,51.0000000000,0.0000000000,20.2920,0.000000,-0.000000,-63.490197,0.0000,0.0000,4.1488
55850000,51.0000000000,0.0000000000,20.2505,0.000000,-0.000000,-63.490197,0.0000,0.0000,4.1514
55860000,51.0000000000,0.0000000000,20.2089,0.000000,-0.000000,-63.490197,0.0000,0.0000,4.1539
55870000,51.0000000000,0.0000000000,20.1674,0.000000,-0.000000,-63.490197,0.0000,0.0000,4.1564
55880000,51.0000000000,0.0000000000,20.1258,0.000000,-0.000000,-63.490197,0.0000,0.0000,4.1589
55890000,51.0000000000,0.0000000000,20.0842,0.000000,-0.000000,-63.490197,0.0000,0.0000,4.1613
55900000,51.0000000000,0.0000000000,20.0426,0.000000,-0.000000,-63.490197,0.0000,0.0000,4.1638
55910000,51.0000000000,0.0000000000,20.0009,0.000000,-0.000000,-63.490197,0.0000,0.0000,4.1662
55920000,51.0000000000,0.0000000000,19.9593,0.000000,-0.000000,-63.490197,0.0000,0.0000,4.1687
55930000,51.0000000000,0.0000000000,19.9176,0.000000,-0.000000,-63.490197,0.0000,0.0000,4.1711
55940000,51.0000000000,0.0000000000,19.8758,0.000000,-0.000000,-63.490197,0.0000,0.0000,4.1735
55950000,51.0000000000,0.0000000000,19.8341,0.000000,-0.000000,-63.490197,0.0000,0.0000,4.1758
55960000,51.0000000000,0.0000000000,19.7923,0.000000,-0.000000,-63.490197,0.0000,0.0000,4.1782
55970000,51.0000000000,0.0000000000,19.7505,0.000000,-0.000000,-63.490197,0.0000,0.0000,4.1806
55980000,51.0000000000,0.0000000000,19.7087,0.000000,-0.000000,-63.490197,0.0000,0.0000,4.1829
55990000,51.0000000000,0.0000000000,19.6669,0.000000,-0.000000,-63.490197,0.0000,0.0000,4.1852
56000000,51.0000000000,0.0000000000,19.6250,0.000000,-0.000000,-63.490197,0.0000,0.0000,4.1875
56010000,51.0000000000,0.0000000000,19.5831,0.000000,-0.000000,-63.490197,0.0000,0.0000,4.1898
56020000,51.0000000000,0.0000000000,19.5412,0.000000,-0.000000,-63.490197,0.0000,0.0000,4.1921
56030000,51.0000000000,0.0000000000,19.4993,0.000000,-0.000000,-63.490197,0.0000,0.0000,4.1943
56040000,51.0000000000,0.0000000000,19.4573,0.000000,-0.000000,-63.490197,0.0000,0.0000,4.1965
56050000,51.0000000000,0.0000000000,19.4153,0.000000,-0.000000,-63.490197,0.0000,0.0000,4.1988
56060000,51.0000000000,0.0000000000,19.3733,0.000000,-0.000000,-63.490197,0.0000,0.0000,4.2010
56070000,51.0000000000,0.0000000000,19.3313,0.000000,-0.000000,-63.490197,0.0000,0.0000,4.2032
56080000,51.0000000000,0.0000000000,19.2893,0.000000,-0.000000,-63.490197,0.0000,0.0000,4.2053
56090000,51.0000000000,0.0000000000,19.2472,0.000000,-0.000000,-63.490197,0.0000,0.0000,4.2075
56100000,51.0000000000,0.0000000000,19.2051,0.000000,-0.000000,-63.490197,0.0000,0.0000,4.2096
56110000,51.0000000000,0.0000000000,19.1630,0.000000,-0.000000,-63.490197,0.0000,0.0000,4.2118
56120000,51.0000000000,0.0000000000,19.1209,0.000000,-0.000000,-63.490197,0.0000,0.0000,4.2139
56130000,51.0000000000,0.0000000000,19.0787,0.000000,-0.000000,-63.490197,0.0000,0.0000,4.2160
56140000,51.0000000000,0.0000000000,19.0366,0.000000,-0.000000,-63.490197,0.0000,0.0000,4.2181
56150000,51.0000000000,0.0000000000,18.9944,0.000000,-0.000000,-63.490197,0.0000,0.0000,4.2201
56160000,51.0000000000,0.0000000000,18.9522,0.000000,-0.000000,-63.490197,0.0000,0.0000,4.2222
56170000,51.0000000000,0.0000000000,18.9099,0.000000,-0.000000,-63.490197,0.0000,0.0000,4.2242
56180000,51.0000000000,0.0000000000,18.8677,0.000000,-0.000000,-63.490197,0.0000,0.0000,4.2262
56190000,51.0000000000,0.0000000000,18.8254,0.000000,-0.000000,-63.490197,0.0000,0.0000,4.2282
56200000,51.0000000000,0.0000000000,18.7831,0.000000,-0.000000,-63.490197,0.0000,0.0000,4.2302
56210000,51.0000000000,0.0000000000,18.7408,0.000000,-0.000000,-63.490197,0.0000,0.0000,4.2322
56220000,51.0000000000,0.0000000000,18.6985,0.000000,-0.000000,-63.490197,0.0000,0.0000,4.2341
56230000,51.0000000000,0.0000000000,18.6561,0.000000,-0.000000,-63.490197,0.0000,0.0000,4.2361
56240000,51.0000000000,0.0000000000,18.6138,0.000000,-0.000000,-63.490197,0.0000,0.0000,4.2380
56250000,51.0000000000,0.0000000000,18.5714,0.000000,-0.000000,-63.490197,0.0000,0.0000,4.2399
56260000,51.0000000000,0.0000000000,18.5290,0.000000,-0.000000,-63.490197,0.0000,0.0000,4.2418
56270000,51.0000000000,0.0000000000,18.4865,0.000000,-0.000000,-63.490197,0.0000,0.0000,4.2437
56280000,51.0000000000,0.0000000000,18.4441,0.000000,-0.000000,-63.490197,0.0000,0.0000,4.2455
56290000,51.0000000000,0.0000000000,18.4016,0.000000,-0.000000,-63.490197,0.0000,0.0000,4.2474
56300000,51.0000000000,0.0000000000,18.3591,0.000000,-0.000000,-63.490197,0.0000,0.0000,4.2492
56310000,51.0000000000,0.0000000000,18.3166,0.000000,-0.000000,-63.490197,0.0000,0.0000,4.2510
56320000,51.0000000000,0.0000000000,18.2741,0.000000,-0.000000,-63.490197,0.0000,0.0000,4.2528
56330000,51.0000000000,0.0000000000,18.2316,0.000000,-0.000000,-63.490197,0.0000,0.0000,4.2546
56340000,51.0000000000,0.0000000000,18.1890,0.000000,-0.000000,-63.490197,0.0000,0.0000,4.2564
56350000,51.0000000000,0.0000000000,18.1465,0.000000,-0.000000,-63.490197,0.0000,0.0000,4.2581
56360000,51.0000000000,0.0000000000,18.1039,0.000000,-0.000000,-63.490197,0.0000,0.0000,4.2599
56370000,51.0000000000,0.0000000000,18.0613,0.000000,-0.000000,-63.490197,0.0000,0.0000,4.2616
56380000,51.0000000000,0.0000000000,18.0186,0.000000,-0.000000,-63.490197,0.0000,0.0000,4.2633
56390000,51.0000000000,0.0000000000,17.9760,0.000000,-0.000000,-63.490197,0.0000,0.0000,4.2650
56400000,51.0000000000,0.0000000000,17.9333,0.000000,-0.000000,-63.490197,0.0000,0.0000,4.2667
56410000,51.0000000000,0.0000000000,17.8907,0.000000,-0.000000,-63.490197,0.0000,0.0000,4.2683
56420000,51.0000000000,0.0000000000,17.8480,0.000000,-0.000000,-63.490197,0.0000,0.0000,4.2700
56430000,51.0000000000,0.0000000000,17.8053,0.000000,-0.000000,-63.490197,0.0000,0.0000,4.2716
56440000,51.0000000000,0.0000000000,17.7625,0.000000,-0.000000,-63.490197,0.0000,0.0000,4.2732
56450000,51.0000000000,0.0000000000,17.7198,0.000000,-0.000000,-63.490197,0.0000,0.0000,4.2748
56460000,51.0000000000,0.0000000000,17.6770,0.000000,-0.000000,-63.490197,0.0000,0.0000,4.2764
56470000,51.0000000000,0.0000000000,17.6343,0.000000,-0.000000,-63.490197,0.0000,0.0000,4.2780
56480000,51.0000000000,0.0000000000,17.5915,0.000000,-0.000000,-63.490197,0.0000,0.0000,4.2795
56490000,51.0000000000,0.0000000000,17.5487,0.000000,-0.000000,-63.490197,0.0000,0.0000,4.2810
56500000,51.0000000000,0.0000000000,17.5059,0.000000,-0.000000,-63.490197,0.0000,0.0000,4.2826
56510000,51.0000000000,0.0000000000,17.4630,0.000000,-0.000000,-63.490197,0.0000,0.0000,4.2841
56520000,51.0000000000,0.0000000000,17.4202,0.000000,-0.000000,-63.490197,0.0000,0.0000,4.2855
56530000,51.0000000000,0.0000000000,17.3773,0.000000,-0.000000,-63.490197,0.0000,0.0000,4.2870
56540000,51.0000000000,0.0000000000,17.3344,0.000000,-0.000000,-63.490197,0.0000,0.0000,4.2885
56550000,51.0000000000,0.0000000000,17.2915,0.000000,-0.000000,-63.490197,0.0000,0.0000,4.2899
56560000,51.0000000000,0.0000000000,17.2486,0.000000,-0.000000,-63.490197,0.0000,0.0000,4.2913
56570000,51.0000000000,0.0000000000,17.2057,0.000000,-0.000000,-63.490197,0.0000,0.0000,4.2927
56580000,51.0000000000,0.0000000000,17.1628,0.000000,-0.000000,-63.490197,0.0000,0.0000,4.2941
56590000,51.0000000000,0.0000000000,17.1198,0.000000,-0.000000,-63.490197,0.0000,0.0000,4.2955
56600000,51.0000000000,0.0000000000,17.0769,0.000000,-0.000000,-63.490197,0.0000,0.0000,4.2969
56610000,51.0000000000,0.0000000000,17.0339,0.000000,-0.000000,-63.490197,0.0000,0.0000,4.2982
56620000,51.0000000000,0.0000000000,16.9909,0.000000,-0.000000,-63.490197,0.0000,0.0000,4.2996
56630000,51.0000000000,0.0000000000,16.9479,0.000000,-0.000000,-63.490197,0.0000,0.0000,4.3009
56640000,51.0000000000,0.0000000000,16.9049,0.000000,-0.000000,-63.490197,0.0000,0.0000,4.3022
56650000,51.0000000000,0.0000000000,16.8619,0.000000,-0.000000,-63.490197,0.0000,0.0000,4.3035
56660000,51.0000000000,0.0000000000,16.8188,0.000000,-0.000000,-63.490197,0.0000,0.0000,4.3047
56670000,51.0000000000,0.0000000000,16.7758,0.000000,-0.000000,-63.490197,0.0000,0.0000,4.3060
56680000,51.0000000000,0.0000000000,16.7327,0.000000,-0.000000,-63.490197,0.0000,0.0000,4.3072
56690000,51.0000000000,0.0000000000,16.6896,0.000000,-0.000000,-63.490197,0.0000,0.0000,4.3084
56700000,51.0000000000,0.0000000000,16.6465,0.000000,-0.000000,-63.490197,0.0000,0.0000,4.3096
56710000,51.0000000000,0.0000000000,16.6034,0.000000,-0.000000,-63.490197,0.0000,0.0000,4.3108
56720000,51.0000000000,0.0000000000,16.5603,0.000000,-0.000000,-63.490197,0.0000,0.0000,4.3120
56730000,51.0000000000,0.0000000000,16.5172,0.000000,-0.000000,-63.490197,0.0000,0.0000,4.3132
56740000,51.0000000000,0.0000000000,16.4741,0.000000,-0.000000,-63.490197,0.0000,0.0000,4.3143
56750000,51.0000000000,0.0000000000,16.4309,0.000000,-0.000000,-63.490197,0.0000,0.0000,4.3154
56760000,51.0000000000,0.0000000000,16.3877,0.000000,-0.000000,-63.490197,0.0000,0.0000,4.3165
56770000,51.0000000000,0.0000000000,16.3446,0.000000,-0.000000,-63.490197,0.0000,0.0000,4.3176
56780000,51.0000000000,0.0000000000,16.3014,0.000000,-0.000000,-63.490197,0.0000,0.0000,4.3187
56790000,51.0000000000,0.0000000000,16.2582,0.000000,-0.000000,-63.490197,0.0000,0.0000,4.3198
56800000,51.0000000000,0.0000000000,16.2150,0.000000,-0.000000,-63.490197,0.0000,0.0000,4.3208
56810000,51.0000000000,0.0000000000,16.1718,0.000000,-0.000000,-63.490197,0.0000,0.0000,4.3219
56820000,51.0000000000,0.0000000000,16.1286,0.000000,-0.000000,-63.490197,0.0000,0.0000,4.3229
56830000,51.0000000000,0.0000000000,16.0853,0.000000,-0.000000,-63.490197,0.0000,0.0000,4.3239
56840000,51.0000000000,0.0000000000,16.0421,0.000000,-0.000000,-63.490197,0.0000,0.0000,4.3249
56850000,51.0000000000,0.0000000000,15.9988,0.000000,-0.000000,-63.490197,0.0000,0.0000,4.3258
56860000,51.0000000000,0.0000000000,15.9556,0.000000,-0.000000,-63.490197,0.0000,0.0000,4.3268
56870000,51.0000000000,0.0000000000,15.9123,0.000000,-0.000000,-63.490197,0.0000,0.0000,4.3277
56880000,51.0000000000,0.0000000000,15.8690,0.000000,-0.000000,-63.490197,0.0000,0.0000,4.3287
56890000,51.0000000000,0.0000000000,15.8257,0.000000,-0.000000,-63.490197,0.0000,0.0000,4.3296
56900000,51.0000000000,0.0000000000,15.7824,0.000000,-0.000000,-63.490197,0.0000,0.0000,4.3305
56910000,51.0000000000,0.0000000000,15.7391,0.000000,-0.000000,-63.490197,0.0000,0.0000,4.3313
56920000,51.0000000000,0.0000000000,15.6958,0.000000,-0.000000,-63.490197,0.0000,0.0000,4.3322
56930000,51.0000000000,0.0000000000,15.6525,0.000000,-0.000000,-63.490197,0.0000,0.0000,4.3331
56940000,51.0000000000,0.0000000000,15.6091,0.000000,-0.000000,-63.490197,0.0000,0.0000,4.3339
56950000,51.0000000000,0.0000000000,15.5658,0.000000,-0.000000,-63.490197,0.0000,0.0000,4.3347
56960000,51.0000000000,0.0000000000,15.5224,0.000000,-0.000000,-63.490197,0.0000,0.0000,4.3355
56970000,51.0000000000,0.0000000000,15.4791,0.000000,-0.000000,-63.490197,0.0000,0.0000,4.3363
56980000,51.0000000000,0.0000000000,15.4357,0.000000,-0.000000,-63.490197,0.0000,0.0000,4.3371
56990000,51.0000000000,0.0000000000,15.3923,0.000000,-0.000000,-63.490197,0.0000,0.0000,4.3378
57000000,51.0000000000,0.0000000000,15.3490,0.000000,-0.000000,-63.490197,0.0000,0.0000,4.3385
57010000,51.0000000000,0.0000000000,15.3056,0.000000,-0.000000,-63.490197,0.0000,0.0000,4.3393
57020000,51.0000000000,0.0000000000,15.2622,0.000000,-0.000000,-63.490197,0.0000,0.0000,4.3400
57030000,51.0000000000,0.0000000000,15.2188,0.000000,-0.000000,-63.490197,0.0000,0.0000,4.3407
57040000,51.0000000000,0.0000000000,15.1754,0.000000,-0.000000,-63.490197,0.0000,0.0000,4.3413
57050000,51.0000000000,0.0000000000,15.1319,0.000000,-0.000000,-63.490197,0.0000,0.0000,4.3420
57060000,51.0000000000,0.0000000000,15.0885,0.000000,-0.000000,-63.490197,0.0000,0.0000,4.3426
57070000,51.0000000000,0.0000000000,15.0451,0.000000,-0.000000,-63.490197,0.0000,0.0000,4.3433
57080000,51.0000000000,0.0000000000,15.0017,0.000000,-0.000000,-63.490197,0.0000,0.0000,4.3439
57090000,51.0000000000,0.0000000000,14.9582,0.000000,-0.000000,-63.490197,0.0000,0.0000,4.3445
57100000,51.0000000000,0.0000000000,14.9148,0.000000,-0.000000,-63.490197,0.0000,0.0000,4.3451
57110000,51.0000000000,0.0000000000,14.8713,0.000000,-0.000000,-63.490197,0.0000,0.0000,4.3456
57120000,51.0000000000,0.0000000000,14.8279,0.000000,-0.000000,-63.490197,0.0000,0.0000,4.3462
57130000,51.0000000000,0.0000000000,14.7844,0.000000,-0.000000,-63.490197,0.0000,0.0000,4.3467
57140000,51.0000000000,0.0000000000,14.7409,0.000000,-0.000000,-63.490197,0.0000,0.0000,4.3472
57150000,51.0000000000,0.0000000000,14.6974,0.000000,-0.000000,-63.490197,0.0000,0.0000,4.3477
57160000,51.0000000000,0.0000000000,14.6540,0.000000,-0.000000,-63.490197,0.0000,0.0000,4.3482
57170000,51.0000000000,0.0000000000,14.6105,0.000000,-0.000000,-63.490197,0.0000,0.0000,4.3487
57180000,51.0000000000,0.0000000000,14.5670,0.000000,-0.000000,-63.490197,0.0000,0.0000,4.3491
57190000,51.0000000000,0.0000000000,14.5235,0.000000,-0.000000,-63.490197,0.0000,0.0000,4.3496
57200000,51.0000000000,0.0000000000,14.4800,0.000000,-0.000000,-63.490197,0.0000,0.0000,4.3500
57210000,51.0000000000,0.0000000000,14.4365,0.000000,-0.000000,-63.490197,0.0000,0.0000,4.3504
57220000,51.0000000000,0.0000000000,14.3930,0.000000,-0.000000,-63.490197,0.0000,0.0000,4.3508
57230000,51.0000000000,0.0000000000,14.3495,0.000000,-0.000000,-63.490197,0.0000,0.0000,4.3512
57240000,51.0000000000,0.0000000000,14.3060,0.000000,-0.000000,-63.490197,0.0000,0.0000,4.3515
57250000,51.0000000000,0.0000000000,14.2625,0.000000,-0.000000,-63.490197,0.0000,0.0000,4.3519
57260000,51.0000000000,0.0000000000,14.2189,0.000000,-0.000000,-63.490197,0.0000,0.0000,4.3522
57270000,51.0000000000,0.0000000000,14.1754,0.000000,-0.000000,-63.490197,0.0000,0.0000,4.3525
57280000,51.0000000000,0.0000000000,14.1319,0.000000,-0.000000,-63.490197,0.0000,0.0000,4.3528
57290000,51.0000000000,0.0000000000,14.0884,0.000000,-0.000000,-63.490197,0.0000,0.0000,4.3531
57300000,51.0000000000,0.0000000000,14.0448,0.000000,-0.000000,-63.490197,0.0000,0.0000,4.3534
57310000,51.0000000000,0.0000000000,14.0013,0.000000,-0.000000,-63.490197,0.0000,0.0000,4.3536
57320000,51.0000000000,0.0000000000,13.9577,0.000000,-0.000000,-63.490197,0.0000,0.0000,4.3539
57330000,51.0000000000,0.0000000000,13.9142,0.000000,-0.000000,-63.490197,0.0000,0.0000,4.3541
57340000,51.0000000000,0.0000000000,13.8707,0.000000,-0.000000,-63.490197,0.0000,0.0000,4.3543
57350000,51.0000000000,0.0000000000,13.8271,0.000000,-0.000000,-63.490197,0.0000,0.0000,4.3545
57360000,51.0000000000,0.0000000000,13.7836,0.000000,-0.000000,-63.490197,0.0000,0.0000,4.3547
57370000,51.0000000000,0.0000000000,13.7400,0.000000,-0.000000,-63.490197,0.0000,0.0000,4.3548
57380000,51.0000000000,0.0000000000,13.6965,0.000000,-0.000000,-63.490197,0.0000,0.0000,4.3550
57390000,51.0000000000,0.0000000000,13.6529,0.000000,-0.000000,-63.490197,0.0000,0.0000,4.3551
57400000,51.0000000000,0.0000000000,13.6094,0.000000,-0.000000,-63.490197,0.0000,0.0000,4.3552
57410000,51.0000000000,0.0000000000,13.5658,0.000000,-0.000000,-63.490197,0.0000,0.0000,4.3553
57420000,51.0000000000,0.0000000000,13.5223,0.000000,-0.000000,-63.490197,0.0000,0.0000,4.3554
57430000,51.0000000000,0.0000000000,13.4787,0.000000,-0.000000,-63.490197,0.0000,0.0000,4.3555
57440000,51.0000000000,0.0000000000,13.4352,0.000000,-0.000000,-63.490197,0.0000,0.0000,4.3555
57450000,51.0000000000,0.0000000000,13.3916,0.000000,-0.000000,-63.490197,0.0000,0.0000,4.3555
57460000,51.0000000000,0.0000000000,13.3480,0.000000,-0.000000,-63.490197,0.0000,0.0000,4.3556
57470000,51.0000000000,0.0000000000,13.3045,0.000000,-0.000000,-63.490197,0.0000,0.0000,4.3556
57480000,51.0000000000,0.0000000000,13.2609,0.000000,-0.000000,-63.490197,0.0000,0.0000,4.3555
57490000,51.0000000000,0.0000000000,13.2174,0.000000,-0.000000,-63.490197,0.0000,0.0000,4.3555
57500000,51.0000000000,0.0000000000,13.1738,0.000000,-0.000000,-63.490197,0.0000,0.0000,4.3555
57510000,51.0000000000,0.0000000000,13.1303,0.000000,-0.000000,-63.490197,0.0000,0.0000,4.3554
57520000,51.0000000000,0.0000000000,13.0867,0.000000,-0.000000,-63.490197,0.0000,0.0000,4.3553
57530000,51.0000000000,0.0000000000,13.0432,0.000000,-0.000000,-63.490197,0.0000,0.0000,4.3552
57540000,51.0000000000,0.0000000000,12.9996,0.000000,-0.000000,-63.490197,0.0000,0.0000,4.3551
57550000,51.0000000000,0.0000000000,12.9561,0.000000,-0.000000,-63.490197,0.0000,0.0000,4.3550
57560000,51.0000000000,0.0000000000,12.9125,0.000000,-0.000000,-63.490197,0.0000,0.0000,4.3549
57570000,51.0000000000,0.0000000000,12.8690,0.000000,-0.000000,-63.490197,0.0000,0.0000,4.3547
57580000,51.0000000000,0.0000000000,12.8254,0.000000,-0.000000,-63.490197,0.0000,0.0000,4.3546
57590000,51.0000000000,0.0000000000,12.7819,0.000000,-0.000000,-63.490197,0.0000,0.0000,4.3544
57600000,51.0000000000,0.0000000000,12.7383,0.000000,-0.000000,-63.490197,0.0000,0.0000,4.3542
57610000,51.0000000000,0.0000000000,12.6948,0.000000,-0.000000,-63.490197,0.0000,0.0000,4.3540
57620000,51.0000000000,0.0000000000,12.6513,0.000000,-0.000000,-63.490197,0.0000,0.0000,4.3537
57630000,51.0000000000,0.0000000000,12.6077,0.000000,-0.000000,-63.490197,0.0000,0.0000,4.3535
57640000,51.0000000000,0.0000000000,12.5642,0.000000,-0.000000,-63.490197,0.0000,0.0000,4.3532
57650000,51.0000000000,0.0000000000,12.5207,0.000000,-0.000000,-63.490197,0.0000,0.0000,4.3529
57660000,51.0000000000,0.0000000000,12.4771,0.000000,-0.000000,-63.490197,0.0000,0.0000,4.3526
57670000,51.0000000000,0.0000000000,12.4336,0.000000,-0.000000,-63.490197,0.0000,0.0000,4.3523
57680000,51.0000000000,0.0000000000,12.3901,0.000000,-0.000000,-63.490197,0.0000,0.0000,4.3520
57690000,51.0000000000,0.0000000000,12.3466,0.000000,-0.000000,-63.490197,0.0000,0.0000,4.3517
57700000,51.0000000000,0.0000000000,12.3030,0.000000,-0.000000,-63.490197,0.0000,0.0000,4.3513
57710000,51.0000000000,0.0000000000,12.2595,0.000000,-0.000000,-63.490197,0.0000,0.0000,4.3509
57720000,51.0000000000,0.0000000000,12.2160,0.000000,-0.000000,-63.490197,0.0000,0.0000,4.3505
57730000,51.0000000000,0.0000000000,12.1725,0.000000,-0.000000,-63.490197,0.0000,0.0000,4.3501
57740000,51.0000000000,0.0000000000,12.1290,0.000000,-0.000000,-63.490197,0.0000,0.0000,4.3497
57750000,51.0000000000,0.0000000000,12.0855,0.000000,-0.000000,-63.490197,0.0000,0.0000,4.3493
57760000,51.0000000000,0.0000000000,12.0420,0.000000,-0.000000,-63.490197,0.0000,0.0000,4.3488
57770000,51.0000000000,0.0000000000,11.9986,0.000000,-0.000000,-63.490197,0.0000,0.0000,4.3484
57780000,51.0000000000,0.0000000000,11.9551,0.000000,-0.000000,-63.490197,0.0000,0.0000,4.3479
57790000,51.0000000000,0.0000000000,11.9116,0.000000,-0.000000,-63.490197,0.0000,0.0000,4.3474
57800000,51.0000000000,0.0000000000,11.8681,0.000000,-0.000000,-63.490197,0.0000,0.0000,4.3469
57810000,51.0000000000,0.0000000000,11.8247,0.000000,-0.000000,-63.490197,0.0000,0.0000,4.3463
57820000,51.0000000000,0.0000000000,11.7812,0.000000,-0.000000,-63.490197,0.0000,0.0000,4.3458
57830000,51.0000000000,0.0000000000,11.7377,0.000000,-0.000000,-63.490197,0.0000,0.0000,4.3452
57840000,51.0000000000,0.0000000000,11.6943,0.000000,-0.000000,-63.490197,0.0000,0.0000,4.3447
57850000,51.0000000000,0.0000000000,11.6508,0.000000,-0.000000,-63.490197,0.0000,0.0000,4.3441
57860000,51.0000000000,0.0000000000,11.6074,0.000000,-0.000000,-63.490197,0.0000,0.0000,4.3435
57870000,51.0000000000,0.0000000000,11.5640,0.000000,-0.000000,-63.490197,0.0000,0.0000,4.3428
57880000,51.0000000000,0.0000000000,11.5206,0.000000,-0.000000,-63.490197,0.0000,0.0000,4.3422
57890000,51.0000000000,0.0000000000,11.4771,0.000000,-0.000000,-63.490197,0.0000,0.0000,4.3416
57900000,51.0000000000,0.0000000000,11.4337,0.000000,-0.000000,-63.490197,0.0000,0.0000,4.3409
57910000,51.0000000000,0.0000000000,11.3903,0.000000,-0.000000,-63.490197,0.0000,0.0000,4.3402
57920000,51.0000000000,0.0000000000,11.3469,0.000000,-0.000000,-63.490197,0.0000,0.0000,4.3395
57930000,51.0000000000,0.0000000000,11.3035,0.000000,-0.000000,-63.490197,0.0000,0.0000,4.3388
57940000,51.0000000000,0.0000000000,11.2601,0.000000,-0.000000,-63.490197,0.0000,0.0000,4.3381
57950000,51.0000000000,0.0000000000,11.2168,0.000000,-0.000000,-63.490197,0.0000,0.0000,4.3373
57960000,51.0000000000,0.0000000000,11.1734,0.000000,-0.000000,-63.490197,0.0000,0.0000,4.3365
57970000,51.0000000000,0.0000000000,11.1300,0.000000,-0.000000,-63.490197,0.0000,0.0000,4.3358
57980000,51.0000000000,0.0000000000,11.0867,0.000000,-0.000000,-63.490197,0.0000,0.0000,4.3350
57990000,51.0000000000,0.0000000000,11.0433,0.000000,-0.000000,-63.490197,0.0000,0.0000,4.3342
58000000,51.0000000000,0.0000000000,11.0000,0.000000,-0.000000,-63.490197,0.0000,0.0000,4.3333
