# t_us, lat_deg, lon_deg, h_m, roll_deg, pitch_deg, yaw_deg, vn_mps, ve_mps, vd_mps
# ArduPilot EKF3 (Tools/Replay) -- a second estimate, not a ground truth
2020334726,38.633442100,-0.266873400,861.7600,0.0000,0.0000,0.0000,0.0000,0.0000,0.0000
2020375794,38.633442100,-0.266873400,861.7600,0.0000,0.0000,0.0000,0.0000,0.0000,0.0000
2020416862,38.633442100,-0.266873400,861.7600,0.0000,0.0000,0.0000,0.0000,0.0000,0.0000
2020457930,38.633442100,-0.266873400,861.7600,0.0000,0.0000,0.0000,0.0000,0.0000,0.0000
2020508954,38.633442100,-0.266873400,861.7600,0.0000,0.0000,0.0000,0.0000,0.0000,0.0000
2020559977,38.633442100,-0.266873400,861.7600,0.0000,0.0000,0.0000,0.0000,0.0000,0.0000
2020611001,38.633442100,-0.266873400,861.7600,0.0000,0.0000,0.0000,0.0000,0.0000,0.0000
2020662025,38.633442100,-0.266873400,861.7600,0.0000,0.0000,0.0000,0.0000,0.0000,0.0000
2020713048,38.633442100,-0.266873400,861.7600,0.0000,0.0000,0.0000,0.0000,0.0000,0.0000
2020764072,38.633442100,-0.266873400,861.7600,0.0000,0.0000,0.0000,0.0000,0.0000,0.0000
2020815096,38.633442100,-0.266873400,861.7600,0.0000,0.0000,0.0000,0.0000,0.0000,0.0000
2020856164,38.633442100,-0.266873400,861.7600,0.0000,0.0000,0.0000,0.0000,0.0000,0.0000
2020907187,38.633442100,-0.266873400,861.7600,0.0000,0.0000,0.0000,0.0000,0.0000,0.0000
2020958211,38.633442100,-0.266873400,861.7600,0.0000,0.0000,0.0000,0.0000,0.0000,0.0000
2021009235,38.633442100,-0.266873400,861.7600,0.0000,0.0000,0.0000,0.0000,0.0000,0.0000
2021060258,38.633442100,-0.266873400,861.7600,0.0000,0.0000,0.0000,0.0000,0.0000,0.0000
2021111282,38.633442100,-0.266873400,861.7600,0.0000,0.0000,0.0000,0.0000,0.0000,0.0000
2021162306,38.633442100,-0.266873400,861.7600,0.0000,0.0000,0.0000,0.0000,0.0000,0.0000
2021213329,38.633442100,-0.266873400,861.7600,0.0000,0.0000,0.0000,0.0000,0.0000,0.0000
2021254397,38.633442100,-0.266873400,861.7600,0.0000,0.0000,0.0000,0.0000,0.0000,0.0000
2021305421,38.633442100,-0.266873400,861.7600,0.0000,0.0000,0.0000,0.0000,0.0000,0.0000
2021356445,38.633442100,-0.266873400,861.7600,0.0000,0.0000,0.0000,0.0000,0.0000,0.0000
2021407468,38.633442100,-0.266873400,861.7600,0.0000,0.0000,0.0000,0.0000,0.0000,0.0000
2021458492,38.633442100,-0.266873400,861.7600,0.0000,0.0000,0.0000,0.0000,0.0000,0.0000
2021509516,38.633442100,-0.266873400,861.7600,0.0000,0.0000,0.0000,0.0000,0.0000,0.0000
2021560539,38.633442100,-0.266873400,861.7600,0.0000,0.0000,0.0000,0.0000,0.0000,0.0000
2021611563,38.633442100,-0.266873400,861.7600,0.0000,0.0000,0.0000,0.0000,0.0000,0.0000
2021652631,38.633442100,-0.266873400,861.7600,0.0000,0.0000,0.0000,0.0000,0.0000,0.0000
2021703655,38.633442100,-0.266873400,861.7600,0.0000,0.0000,0.0000,0.0000,0.0000,0.0000
2021754678,38.633442100,-0.266873400,861.7600,0.0000,0.0000,0.0000,0.0000,0.0000,0.0000
2021805702,38.633442100,-0.266873400,861.7600,0.0000,0.0000,0.0000,0.0000,0.0000,0.0000
2021856726,38.633442100,-0.266873400,861.7600,0.0000,0.0000,0.0000,0.0000,0.0000,0.0000
2021907749,38.633442100,-0.266873400,861.7600,0.0000,0.0000,0.0000,0.0000,0.0000,0.0000
2021958773,38.633442100,-0.266873400,861.7600,0.0000,0.0000,0.0000,0.0000,0.0000,0.0000
2022009797,38.633442100,-0.266873400,861.7600,0.0000,0.0000,0.0000,0.0000,0.0000,0.0000
2022050865,38.633442100,-0.266873400,861.7600,0.0000,0.0000,0.0000,0.0000,0.0000,0.0000
2022101888,38.633442100,-0.266873400,861.7600,0.0000,0.0000,0.0000,0.0000,0.0000,0.0000
2022152912,38.633442100,-0.266873400,861.7600,0.0000,0.0000,0.0000,0.0000,0.0000,0.0000
2022203936,38.633442100,-0.266873400,861.7600,0.0000,0.0000,0.0000,0.0000,0.0000,0.0000
2022254959,38.633442100,-0.266873400,861.7600,0.0000,0.0000,0.0000,0.0000,0.0000,0.0000
2022305983,38.633442100,-0.266873400,861.7600,0.0000,0.0000,0.0000,0.0000,0.0000,0.0000
2022357007,38.633442100,-0.266873400,861.7600,0.0000,0.0000,0.0000,0.0000,0.0000,0.0000
2022408031,38.633442100,-0.266873400,861.7600,0.0000,0.0000,0.0000,0.0000,0.0000,0.0000
2022449098,38.633442100,-0.266873400,861.7600,0.0000,0.0000,0.0000,0.0000,0.0000,0.0000
2022500122,38.633442100,-0.266873400,861.7600,0.0000,0.0000,0.0000,0.0000,0.0000,0.0000
2022551146,38.633442100,-0.266873400,861.7600,0.0000,0.0000,0.0000,0.0000,0.0000,0.0000
2022602170,38.633442100,-0.266873400,861.7600,0.0000,0.0000,0.0000,0.0000,0.0000,0.0000
2022653193,38.633442100,-0.266873400,861.7600,0.0000,0.0000,0.0000,0.0000,0.0000,0.0000
2022704217,38.633442100,-0.266873400,861.7600,0.0000,0.0000,0.0000,0.0000,0.0000,0.0000
2022755241,38.633442100,-0.266873400,861.7600,0.0000,0.0000,0.0000,0.0000,0.0000,0.0000
2022806264,38.633442100,-0.266873400,861.7600,0.0000,0.0000,0.0000,0.0000,0.0000,0.0000
2022847332,38.633442100,-0.266873400,861.7600,0.0000,0.0000,0.0000,0.0000,0.0000,0.0000
2022898356,38.633442100,-0.266873400,861.7600,0.0000,0.0000,0.0000,0.0000,0.0000,0.0000
2022949380,38.633442100,-0.266873400,861.7600,0.0000,0.0000,0.0000,0.0000,0.0000,0.0000
2023000403,38.633442100,-0.266873400,861.7600,0.0000,0.0000,0.0000,0.0000,0.0000,0.0000
2023051427,38.633442100,-0.266873400,861.7600,0.0000,0.0000,0.0000,0.0000,0.0000,0.0000
2023102451,38.633442100,-0.266873400,861.7600,0.0000,0.0000,0.0000,0.0000,0.0000,0.0000
2023153474,38.633442100,-0.266873400,861.7600,0.0000,0.0000,0.0000,0.0000,0.0000,0.0000
2023204498,38.633442100,-0.266873400,861.7600,0.0000,0.0000,0.0000,0.0000,0.0000,0.0000
2023245566,38.633442100,-0.266873400,861.7600,0.0000,0.0000,0.0000,0.0000,0.0000,0.0000
2023296590,38.633442100,-0.266873400,861.7600,0.0000,0.0000,0.0000,0.0000,0.0000,0.0000
2023347613,38.633442100,-0.266873400,861.7600,0.0000,0.0000,0.0000,0.0000,0.0000,0.0000
2023398637,38.633442100,-0.266873400,861.7600,0.0000,0.0000,0.0000,0.0000,0.0000,0.0000
2023449661,38.633442100,-0.266873400,861.7600,0.4600,0.6400,-0.0100,0.0000,-0.0001,0.0017
2023500684,38.633442100,-0.266873400,861.7596,0.4500,0.6300,-0.0100,-0.0001,-0.0002,0.0147
2023551708,38.633442100,-0.266873400,861.7583,0.4500,0.6300,-0.0100,-0.0001,-0.0005,0.0376
2023602732,38.633442100,-0.266873400,861.7547,0.4400,0.6200,-0.0200,-0.0001,-0.0009,0.0676
2023643800,38.633442100,-0.266873400,861.7478,0.4400,0.6200,-0.0200,-0.0000,-0.0010,0.0894
2023694823,38.633442100,-0.266873400,861.7385,0.4400,0.6200,-0.0200,0.0001,-0.0013,0.1115
2023745847,38.633442100,-0.266873400,861.7280,0.4300,0.6100,-0.0200,0.0003,-0.0017,0.1294
2023796871,38.633442100,-0.266873400,861.7167,0.4300,0.6100,-0.0300,0.0005,-0.0022,0.1436
2023847894,38.633442000,-0.266873300,861.7047,0.4200,0.6100,-0.0300,0.0008,-0.0027,0.1549
2023898918,38.633442000,-0.266873300,861.6926,0.4200,0.6000,-0.0400,0.0011,-0.0033,0.1639
2023949942,38.633442000,-0.266873300,861.6811,0.4100,0.6000,-0.0400,0.0013,-0.0039,0.1709
2024000966,38.633442000,-0.266873300,861.6702,0.4100,0.5900,-0.0400,0.0018,-0.0045,0.1768
2024042033,38.633442100,-0.266873300,861.6628,0.4100,0.5900,-0.0500,0.0020,-0.0051,0.1802
2024093057,38.633442100,-0.266873300,861.6543,0.4000,0.5900,-0.0500,0.0023,-0.0059,0.1836
2024144081,38.633442100,-0.266873300,861.6460,0.4000,0.5800,-0.0500,0.0028,-0.0066,0.1862
2024195105,38.633442100,-0.266873300,861.6401,0.3900,0.5800,-0.0600,0.0033,-0.0075,0.1878
2024246128,38.633442100,-0.266873300,861.6342,0.3900,0.5700,-0.0600,0.0038,-0.0081,0.1890
2024297152,38.633442100,-0.266873300,861.6287,0.3800,0.5700,-0.0600,0.0043,-0.0089,0.1896
2024348176,38.633442100,-0.266873300,861.6235,0.3800,0.5700,-0.0700,0.0047,-0.0098,0.1898
2024399199,38.633442100,-0.266873300,861.6184,0.3700,0.5600,-0.0700,0.0054,-0.0107,0.1897
2024440267,38.633442100,-0.266873300,861.6150,0.3700,0.5600,-0.0700,0.0059,-0.0114,0.1891
2024491291,38.633442100,-0.266873300,861.6112,0.3700,0.5600,-0.0800,0.0066,-0.0124,0.1882
2024542315,38.633442100,-0.266873300,861.6078,0.3600,0.5500,-0.0800,0.0070,-0.0132,0.1869
2024593338,38.633442100,-0.266873300,861.6038,0.3600,0.5500,-0.0800,0.0076,-0.0139,0.1858
2024644362,38.633442100,-0.266873300,861.6000,0.3600,0.5400,-0.0900,0.0082,-0.0146,0.1845
2024695386,38.633442100,-0.266873300,861.5966,0.3600,0.5400,-0.0900,0.0089,-0.0153,0.1830
2024746410,38.633442100,-0.266873300,861.5933,0.3500,0.5400,-0.0900,0.0095,-0.0161,0.1814
2024797433,38.633442100,-0.266873300,861.5897,0.3500,0.5300,-0.1000,0.0100,-0.0168,0.1797
2024838501,38.633442100,-0.266873300,861.5872,0.3500,0.5300,-0.1000,0.0106,-0.0172,0.1782
2024889525,38.633442100,-0.266873300,861.5841,0.3500,0.5300,-0.1000,0.0111,-0.0179,0.1763
2024940549,38.633442100,-0.266873300,861.5812,0.3500,0.5300,-0.1100,0.0117,-0.0182,0.1742
2024991572,38.633442100,-0.266873300,861.5792,0.3400,0.5200,-0.1100,0.0123,-0.0187,0.1718
2025042596,38.633442100,-0.266873300,861.5782,0.3400,0.5200,-0.1100,0.0128,-0.0192,0.1688
2025093620,38.633442100,-0.266873300,861.5784,0.3400,0.5200,-0.1200,0.0132,-0.0195,0.1653
2025144644,38.633442100,-0.266873300,861.5793,0.3600,0.5100,-48.4400,0.0133,-0.0201,0.1616
2025195667,38.633442100,-0.266873300,861.5798,0.3500,0.5100,-48.4400,0.0128,-0.0212,0.1581
2025236735,38.633442100,-0.266873300,861.5804,0.3500,0.5000,-48.4400,0.0120,-0.0222,0.1552
2025287759,38.633442100,-0.266873300,861.5811,0.3400,0.5000,-48.5100,0.0111,-0.0235,0.1519
2025338783,38.633442100,-0.266873300,861.5818,0.3400,0.5000,-48.5700,0.0101,-0.0250,0.1483
2025389806,38.633442100,-0.266873300,861.5824,0.3300,0.5000,-48.6000,0.0093,-0.0266,0.1450
2025440830,38.633442100,-0.266873300,861.5824,0.3200,0.5000,-48.6200,0.0086,-0.0281,0.1420
2025491854,38.633442100,-0.266873300,861.5825,0.3200,0.4900,-48.5900,0.0078,-0.0298,0.1390
2025542877,38.633442100,-0.266873300,861.5827,0.3100,0.4900,-48.5600,0.0073,-0.0315,0.1360
2025593901,38.633442100,-0.266873300,861.5826,0.3100,0.4900,-48.5200,0.0067,-0.0334,0.1332
2025634969,38.633442000,-0.266873300,861.5830,0.3000,0.4800,-48.4900,0.0062,-0.0350,0.1310
2025685993,38.633442000,-0.266873300,861.5832,0.3000,0.4800,-48.4300,0.0057,-0.0370,0.1279
2025737017,38.633442000,-0.266873300,861.5833,0.2900,0.4700,-48.3800,0.0051,-0.0390,0.1253
2025788040,38.633442000,-0.266873300,861.5844,0.2900,0.4700,-48.3500,0.0046,-0.0410,0.1222
2025839064,38.633442100,-0.266873300,861.5851,0.2900,0.4600,-48.3200,0.0042,-0.0432,0.1192
2025890088,38.633442100,-0.266873300,861.5859,0.2800,0.4600,-48.3100,0.0038,-0.0455,0.1163
2025941111,38.633442100,-0.266873300,861.5863,0.2800,0.4600,-48.3000,0.0035,-0.0478,0.1134
2025992135,38.633442100,-0.266873300,861.5863,0.2700,0.4500,-48.2900,0.0030,-0.0501,0.1109
2026033203,38.633442100,-0.266873300,861.5871,0.2700,0.4500,-48.2900,0.0027,-0.0519,0.1086
2026084227,38.633442100,-0.266873300,861.5884,0.2700,0.4400,-48.2800,0.0024,-0.0542,0.1057
2026135250,38.633442100,-0.266873300,861.5902,0.2600,0.4400,-48.2700,0.0020,-0.0568,0.1025
2026186274,38.633442100,-0.266873300,861.5918,0.2600,0.4400,-48.2500,0.0016,-0.0591,0.0993
2026237298,38.633442100,-0.266873300,861.5932,0.2500,0.4300,-48.2300,0.0013,-0.0616,0.0963
2026288322,38.633442100,-0.266873300,861.5961,0.2500,0.4300,-48.2200,0.0010,-0.0643,0.0926
2026339345,38.633442100,-0.266873300,861.5987,0.2500,0.4200,-48.2100,0.0007,-0.0669,0.0892
2026390369,38.633442100,-0.266873300,861.6007,0.2400,0.4200,-48.2200,0.0004,-0.0695,0.0859
2026431437,38.633442000,-0.266873300,861.6025,0.2400,0.4100,-48.2300,0.0001,-0.0717,0.0834
2026482461,38.633442000,-0.266873300,861.6042,0.2300,0.4100,-48.2500,-0.0002,-0.0746,0.0804
2026533484,38.633442000,-0.266873300,861.6060,0.2300,0.4000,-48.2600,-0.0004,-0.0776,0.0778
2026584508,38.633442000,-0.266873300,861.6084,0.2200,0.4000,-48.2800,-0.0007,-0.0804,0.0747
2026635532,38.633442000,-0.266873300,861.6109,0.2200,0.4000,-48.2900,-0.0010,-0.0832,0.0716
2026686556,38.633442000,-0.266873300,861.6148,0.2100,0.3900,-48.2900,-0.0015,-0.0861,0.0679
2026737579,38.633442000,-0.266873300,861.6189,0.2100,0.3900,-48.2900,-0.0019,-0.0890,0.0640
2026788603,38.633442000,-0.266873300,861.6229,0.2100,0.3800,-48.2800,-0.0022,-0.0920,0.0604
2026829671,38.633442100,-0.266873300,861.6266,0.2000,0.3800,-48.2800,-0.0025,-0.0944,0.0572
2026880695,38.633442100,-0.266873300,861.6304,0.2000,0.3700,-48.2700,-0.0029,-0.0974,0.0538
2026931718,38.633442100,-0.266873300,861.6335,0.1900,0.3700,-48.2600,-0.0032,-0.1006,0.0507
2026982742,38.633442100,-0.266873300,861.6367,0.1900,0.3700,-48.2500,-0.0034,-0.1036,0.0477
2027033766,38.633442100,-0.266873300,861.6396,0.1900,0.3600,-48.2400,-0.0037,-0.1067,0.0447
2027084790,38.633442100,-0.266873300,861.6421,0.1900,0.3600,-48.2400,-0.0042,-0.1097,0.0424
2027135813,38.633442100,-0.266873300,861.6439,0.1800,0.3600,-48.2400,-0.0047,-0.1129,0.0400
2027186837,38.633442100,-0.266873300,861.6452,0.1800,0.3500,-48.2500,-0.0051,-0.1161,0.0382
2027227905,38.633442100,-0.266873300,861.6474,0.1800,0.3500,-48.2500,-0.0054,-0.1186,0.0360
2027278929,38.633442100,-0.266873300,861.6496,0.1700,0.3500,-48.2600,-0.0060,-0.1216,0.0336
2027329952,38.633442100,-0.266873300,861.6517,0.1700,0.3400,-48.2600,-0.0064,-0.1247,0.0312
2027380976,38.633442100,-0.266873300,861.6538,0.1700,0.3400,-48.2700,-0.0069,-0.1276,0.0288
2027432000,38.633442100,-0.266873300,861.6558,0.1600,0.3400,-48.2800,-0.0072,-0.1306,0.0266
2027483024,38.633442100,-0.266873300,861.6587,0.1600,0.3400,-48.2900,-0.0077,-0.1334,0.0239
2027534047,38.633442100,-0.266873300,861.6620,0.1600,0.3300,-48.2900,-0.0081,-0.1361,0.0207
2027585071,38.633442100,-0.266873300,861.6663,0.1500,0.3300,-48.2900,-0.0086,-0.1390,0.0172
2027626139,38.633442100,-0.266873300,861.6692,0.1500,0.3300,-48.2900,-0.0090,-0.1412,0.0148
2027677163,38.633442100,-0.266873300,861.6725,0.1500,0.3300,-48.2900,-0.0093,-0.1439,0.0120
2027728186,38.633442100,-0.266873300,861.6757,0.1500,0.3200,-48.2900,-0.0098,-0.1465,0.0093
2027779210,38.633442100,-0.266873300,861.6790,0.1400,0.3200,-48.3000,-0.0104,-0.1491,0.0066
2027830234,38.633442100,-0.266873300,861.6821,0.1400,0.3200,-48.3000,-0.0108,-0.1519,0.0039
2027881258,38.633442100,-0.266873300,861.6856,0.1400,0.3200,-48.3100,-0.0113,-0.1543,0.0012
2027932281,38.633442100,-0.266873300,861.6888,0.1400,0.3200,-48.3200,-0.0117,-0.1567,-0.0012
2027983305,38.633442100,-0.266873300,861.6917,0.1400,0.3200,-48.3300,-0.0123,-0.1591,-0.0035
2028024373,38.633442100,-0.266873200,861.6944,0.1400,0.3200,-48.3300,-0.0126,-0.1607,-0.0054
2028075397,38.633442100,-0.266873200,861.6977,0.1300,0.3200,-48.3400,-0.0131,-0.1629,-0.0077
2028126421,38.633442100,-0.266873200,861.7007,0.1300,0.3200,-48.3500,-0.0136,-0.1647,-0.0099
2028177444,38.633442100,-0.266873200,861.7032,0.1300,0.3200,-48.3500,-0.0140,-0.1663,-0.0119
2028228468,38.633442100,-0.266873200,861.7054,0.1300,0.3200,-48.3600,-0.0146,-0.1681,-0.0135
2028279492,38.633442100,-0.266873200,861.7088,0.1300,0.3200,-48.3600,-0.0153,-0.1693,-0.0158
2028330516,38.633442100,-0.266873200,861.7121,0.1300,0.3200,-48.3600,-0.0158,-0.1709,-0.0183
2028381539,38.633442100,-0.266873200,861.7154,0.1300,0.3200,-48.3500,-0.0163,-0.1723,-0.0207
2028422607,38.633442100,-0.266873200,861.7179,0.1300,0.3200,-48.3500,-0.0166,-0.1731,-0.0224
2028473631,38.633442100,-0.266873200,861.7207,0.1300,0.3200,-48.3400,-0.0171,-0.1744,-0.0241
2028524655,38.633442100,-0.266873200,861.7247,0.1300,0.3200,-48.3200,-0.0175,-0.1749,-0.0268
2028575678,38.633442100,-0.266873200,861.7287,0.1300,0.3200,-48.3000,-0.0179,-0.1754,-0.0293
2028626702,38.633442100,-0.266873200,861.7326,0.1300,0.3300,-48.2700,-0.0183,-0.1761,-0.0319
2028677726,38.633442100,-0.266873200,861.7365,0.1300,0.3300,-48.2400,-0.0186,-0.1761,-0.0344
2028728750,38.633442100,-0.266873200,861.7398,0.1400,0.3300,-48.2100,-0.0190,-0.1763,-0.0363
2028779773,38.633442100,-0.266873200,861.7426,0.1400,0.3300,-48.1800,-0.0193,-0.1763,-0.0381
2028820841,38.633442100,-0.266873200,861.7447,0.1400,0.3400,-48.1600,-0.0195,-0.1761,-0.0393
2028871865,38.633442100,-0.266873200,861.7473,0.1400,0.3400,-48.1200,-0.0197,-0.1760,-0.0406
2028922889,38.633442100,-0.266873200,861.7489,0.1500,0.3400,-48.0900,-0.0201,-0.1752,-0.0416
2028973913,38.633442100,-0.266873200,861.7505,0.1500,0.3500,-48.0600,-0.0204,-0.1747,-0.0425
2029024936,38.633442100,-0.266873300,861.7521,0.1500,0.3500,-48.0400,-0.0207,-0.1743,-0.0435
2029075960,38.633442100,-0.266873300,861.7545,0.1600,0.3500,-48.0100,-0.0211,-0.1730,-0.0447
2029126984,38.633442100,-0.266873300,861.7569,0.1600,0.3600,-47.9900,-0.0213,-0.1720,-0.0462
2029178008,38.633442100,-0.266873300,861.7599,0.1600,0.3600,-47.9800,-0.0215,-0.1705,-0.0477
2029219076,38.633442100,-0.266873300,861.7620,0.1700,0.3700,-47.9800,-0.0217,-0.1691,-0.0488
2029270099,38.633442100,-0.266873300,861.7645,0.1700,0.3700,-47.9800,-0.0218,-0.1677,-0.0498
2029321123,38.633442100,-0.266873300,861.7661,0.1700,0.3800,-47.9800,-0.0221,-0.1658,-0.0506
2029372147,38.633442100,-0.266873300,861.7676,0.1800,0.3800,-47.9800,-0.0224,-0.1640,-0.0514
2029423171,38.633442100,-0.266873300,861.7691,0.1800,0.3900,-47.9800,-0.0226,-0.1621,-0.0519
2029474194,38.633442100,-0.266873300,861.7699,0.1900,0.3900,-47.9900,-0.0227,-0.1598,-0.0520
2029525218,38.633442100,-0.266873300,861.7708,0.1900,0.4000,-48.0000,-0.0229,-0.1578,-0.0522
2029576242,38.633442100,-0.266873300,861.7724,0.2000,0.4000,-48.0200,-0.0230,-0.1553,-0.0527
2029617310,38.633442100,-0.266873300,861.7739,0.2000,0.4100,-48.0300,-0.0232,-0.1534,-0.0534
2029668334,38.633442100,-0.266873300,861.7759,0.2100,0.4100,-48.0400,-0.0233,-0.1511,-0.0541
2029719357,38.633442100,-0.266873300,861.7778,0.2200,0.4200,-48.0500,-0.0233,-0.1481,-0.0549
2029770381,38.633442100,-0.266873300,861.7796,0.2300,0.4200,-48.0500,-0.0234,-0.1455,-0.0552
2029821405,38.633442000,-0.266873300,861.7816,0.2300,0.4300,-48.0600,-0.0236,-0.1426,-0.0564
2029872429,38.633442000,-0.266873300,861.7824,0.2400,0.4300,-48.0600,-0.0236,-0.1396,-0.0567
2029923452,38.633442000,-0.266873300,861.7831,0.2400,0.4400,-48.0700,-0.0236,-0.1368,-0.0566
2029974476,38.633442000,-0.266873300,861.7835,0.2500,0.4400,-48.0700,-0.0235,-0.1341,-0.0562
2030015544,38.633442100,-0.266873300,861.7839,0.2500,0.4500,-48.0800,-0.0239,-0.1314,-0.0567
2030066568,38.633442100,-0.266873300,861.7845,0.2300,0.5100,-48.0800,-0.0246,-0.1280,-0.0578
2030117592,38.633442100,-0.266873300,861.7854,0.1900,0.6400,-48.0800,-0.0258,-0.1245,-0.0596
2030168615,38.633442100,-0.266873300,861.7862,0.1900,0.6600,-48.0900,-0.0241,-0.1217,-0.0576
2030219639,38.633442100,-0.266873300,861.7870,0.1900,0.6700,-48.0900,-0.0230,-0.1191,-0.0554
2030270663,38.633442100,-0.266873300,861.7876,0.1900,0.6900,-48.0900,-0.0229,-0.1162,-0.0540
2030321687,38.633442100,-0.266873300,861.7884,0.1800,0.7200,-48.0900,-0.0245,-0.1113,-0.0557
2030372710,38.633442100,-0.266873300,861.7895,0.1200,0.7200,-48.0100,-0.0299,-0.1044,-0.0652
2030413778,38.633442100,-0.266873300,861.7911,0.0500,0.6900,-47.8200,-0.0290,-0.0916,-0.0693
2030464802,38.633442100,-0.266873300,861.7943,-0.1900,0.4600,-47.7400,-0.0367,-0.1036,-0.1073
2030515826,38.633442100,-0.266873300,861.8004,-0.7600,-1.0000,-47.6600,-0.0102,-0.1264,-0.1505
2030566850,38.633442100,-0.266873300,861.8082,-1.5300,-2.8600,-47.6100,-0.0025,-0.1275,-0.1400
2030617873,38.633442000,-0.266873300,861.8154,-2.1200,-5.1000,-47.4100,-0.0272,-0.1143,-0.1556
2030668897,38.633442000,-0.266873300,861.8234,-2.8100,-6.4400,-47.0300,-0.0631,-0.0898,-0.1519
2030719921,38.633442000,-0.266873300,861.8303,-3.4000,-7.3200,-46.5800,-0.0600,-0.0794,-0.1558
2030770945,38.633442000,-0.266873300,861.8384,-3.9700,-7.4000,-46.1800,-0.0806,-0.0448,-0.2624
2030812013,38.633441900,-0.266873300,861.8492,-4.4800,-7.4400,-45.8300,-0.0538,-0.0422,-0.3886
2030863036,38.633441900,-0.266873300,861.8703,-5.2400,-7.0200,-45.2300,-0.0288,-0.0367,-0.5764
2030914060,38.633441900,-0.266873300,861.9029,-5.9600,-7.2600,-44.2900,0.0325,-0.0184,-0.8262
2030965084,38.633441900,-0.266873300,861.9491,-7.1000,-7.5400,-42.9200,0.0851,0.0125,-1.0985
2031016108,38.633441900,-0.266873100,862.0088,-8.6500,-6.9900,-41.1500,0.1133,0.0406,-1.3554
2031067131,38.633441900,-0.266873100,862.0798,-10.2200,-5.6900,-39.0100,0.1271,0.0356,-1.5026
2031118155,38.633441900,-0.266873100,862.1599,-11.5800,-4.3500,-36.8400,0.0802,0.0037,-1.6827
2031169179,38.633441900,-0.266873100,862.2442,-12.8900,-3.2800,-34.5000,0.0346,-0.0565,-1.7843
2031210247,38.633441900,-0.266873100,862.3172,-13.9300,-0.6900,-32.8800,-0.0387,-0.1258,-1.8289
2031261271,38.633441900,-0.266872700,862.4081,-14.7400,0.4300,-30.5600,-0.1295,-0.1517,-1.8569
2031312294,38.633441900,-0.266872700,862.4966,-15.5800,2.4300,-28.7700,-0.0916,-0.2167,-1.7140
2031363318,38.633441900,-0.266872700,862.5785,-15.9000,3.5000,-27.7100,-0.1118,-0.2717,-1.5836
2031414342,38.633441700,-0.266872700,862.6531,-15.9100,2.7100,-26.7900,-0.0973,-0.3398,-1.4620
2031465366,38.633441700,-0.266872700,862.7223,-16.1200,2.2200,-26.5400,-0.0792,-0.3775,-1.3437
2031516390,38.633441700,-0.266872700,862.7864,-16.4400,2.2000,-26.8000,-0.1131,-0.3784,-1.2788
2031567413,38.633441700,-0.266872700,862.8464,-16.6800,2.1300,-27.2400,-0.1275,-0.3963,-1.2054
2031608481,38.633441700,-0.266872700,862.8938,-16.9200,2.0500,-27.6600,-0.1696,-0.3613,-1.2032
2031659505,38.633441500,-0.266873500,862.9507,-16.9400,1.9100,-28.0600,-0.1856,-0.3677,-1.1185
2031710529,38.633441500,-0.266873500,863.0044,-16.4900,1.6600,-28.4100,-0.2047,-0.3362,-1.0734
2031761553,38.633441500,-0.266873500,863.0553,-15.9700,1.4700,-28.9000,-0.1949,-0.3415,-0.9937
2031812576,38.633441500,-0.266874200,863.1022,-15.6800,0.9500,-29.4700,-0.1607,-0.3369,-0.9577
2031863600,38.633441500,-0.266874200,863.1451,-15.8400,1.0700,-30.5100,-0.0911,-0.3284,-0.8556
2031914624,38.633441500,-0.266874200,863.1826,-16.4200,1.9300,-31.9700,-0.0485,-0.3331,-0.7398
2031965648,38.633441500,-0.266874200,863.2143,-16.9400,1.8600,-33.3300,0.0004,-0.3338,-0.6186
2032006716,38.633441500,-0.266874200,863.2357,-17.3800,1.3900,-34.4600,0.0347,-0.3451,-0.5253
2032057739,38.633441500,-0.266875000,863.2568,-18.0300,0.3900,-35.8800,0.0676,-0.3572,-0.4209
2032108763,38.633441500,-0.266875000,863.2728,-18.7800,-0.0900,-37.6600,0.0869,-0.3766,-0.3154
2032159787,38.633441500,-0.266875000,863.2832,-19.5000,-0.3000,-39.7700,0.0648,-0.3982,-0.2143
2032210811,38.633441500,-0.266875000,863.2875,-20.1500,0.1900,-42.4000,0.0264,-0.4242,-0.0640
2032261835,38.633441900,-0.266876200,863.2863,-20.4000,0.6100,-45.4500,-0.0442,-0.4598,0.0243
2032312858,38.633441900,-0.266876200,863.2803,-20.3000,0.4500,-48.5700,-0.1382,-0.4884,0.1137
2032363882,38.633441900,-0.266876200,863.2697,-19.8500,0.8400,-51.8400,-0.2453,-0.5201,0.2004
2032404950,38.633441900,-0.266876200,863.2582,-19.2400,0.6100,-54.4600,-0.3493,-0.5370,0.2454
2032455974,38.633442100,-0.266877800,863.2407,-18.4800,0.5600,-57.8200,-0.4687,-0.5805,0.3079
2032506998,38.633442100,-0.266877800,863.2189,-17.6600,0.8900,-61.1600,-0.5902,-0.6360,0.3850
2032558021,38.633442100,-0.266877800,863.1939,-16.3300,0.2200,-64.0300,-0.7203,-0.6853,0.4432
2032609045,38.633442100,-0.266877800,863.1651,-14.6500,-1.3400,-66.4500,-0.8389,-0.7316,0.4944
2032660069,38.633441500,-0.266879700,863.1340,-12.7400,-2.7500,-68.7800,-0.9596,-0.7567,0.5184
2032711093,38.633441500,-0.266879700,863.1027,-10.8000,-2.8500,-71.2100,-1.0705,-0.7637,0.5145
2032762117,38.633441500,-0.266879700,863.0718,-8.7800,-2.7100,-73.5300,-1.1578,-0.7716,0.4717
2032803185,38.633441500,-0.266879700,863.0490,-7.1200,-2.6000,-75.1900,-1.2043,-0.7705,0.4350
2032854208,38.633439800,-0.266882000,863.0229,-4.9100,-2.9200,-77.0500,-1.2425,-0.7575,0.3567
2032905232,38.633439800,-0.266882000,863.0004,-2.5900,-3.4000,-78.6900,-1.2594,-0.7368,0.2799
2032956256,38.633439800,-0.266882000,862.9820,-0.2200,-3.5000,-80.2400,-1.2647,-0.7163,0.2215
2033007280,38.633439800,-0.266882000,862.9670,2.1500,-3.1800,-81.6700,-1.2339,-0.7016,0.1697
2033058304,38.633437400,-0.266884100,862.9547,4.4500,-2.8500,-82.8400,-1.1932,-0.6913,0.1297
2033109327,38.633437400,-0.266884100,862.9453,6.6100,-2.8600,-83.8300,-1.1367,-0.6785,0.0766
2033160351,38.633437400,-0.266884100,862.9378,8.4900,-2.9000,-84.5700,-1.0650,-0.6562,0.0390
2033201419,38.633437400,-0.266884100,862.9335,9.7600,-2.5500,-84.9800,-1.0016,-0.6335,0.0156
2033252443,38.633435200,-0.266886100,862.9295,11.1300,-2.1500,-85.3400,-0.8991,-0.6305,-0.0048
2033303467,38.633435200,-0.266886100,862.9269,12.3100,-2.0300,-85.7400,-0.7891,-0.6216,-0.0293
2033354491,38.633435200,-0.266886100,862.9260,13.2500,-1.9400,-86.0800,-0.6878,-0.6342,-0.0592
2033405514,38.633435200,-0.266886100,862.9270,14.1200,-1.0000,-86.2300,-0.5945,-0.6580,-0.0874
2033456538,38.633433500,-0.266888200,862.9301,14.9500,0.5600,-86.2200,-0.4905,-0.6572,-0.1242
2033507562,38.633433500,-0.266888200,862.9360,15.6800,2.3700,-85.9500,-0.3809,-0.6387,-0.1729
2033558586,38.633433500,-0.266888200,862.9425,16.5700,4.3200,-85.4700,-0.2693,-0.6165,-0.1749
2033599654,38.633433500,-0.266888200,862.9488,17.3100,5.2800,-84.9700,-0.1279,-0.4965,-0.2290
2033650677,38.633432500,-0.266890500,862.9591,17.7400,6.3300,-83.6600,0.0301,-0.4482,-0.2721
2033701701,38.633432500,-0.266890500,862.9696,17.6200,7.2100,-81.9800,0.2036,-0.3493,-0.2709
2033752725,38.633432500,-0.266890500,862.9785,17.5500,7.1700,-80.2400,0.3388,-0.3011,-0.2314
2033803749,38.633432500,-0.266890500,862.9853,17.5500,6.3100,-78.3600,0.4596,-0.2436,-0.1753
2033854773,38.633432400,-0.266892200,862.9893,17.5300,4.9800,-76.2300,0.5565,-0.2046,-0.1124
2033905796,38.633432400,-0.266892200,862.9897,17.4400,3.9600,-73.7300,0.6476,-0.1673,-0.0281
2033956820,38.633432400,-0.266892200,862.9862,17.2200,3.6300,-70.8700,0.7246,-0.1298,0.0455
2033997888,38.633432400,-0.266892200,862.9809,17.0200,3.8000,-68.3100,0.7853,-0.1001,0.1051
2034048912,38.633433100,-0.266893400,862.9719,16.7800,4.6600,-64.8800,0.8663,-0.0464,0.1586
2034099936,38.633433100,-0.266893400,862.9618,16.4000,5.3000,-61.5400,0.9568,0.0343,0.1559
2034150960,38.633433100,-0.266893400,862.9520,15.8400,5.6300,-58.3400,1.0480,0.1068,0.1524
2034201983,38.633433100,-0.266893400,862.9429,15.0800,6.1700,-55.2100,1.1181,0.1906,0.1470
2034253007,38.633434200,-0.266894400,862.9350,13.9500,5.7100,-52.3700,1.1827,0.2802,0.1005
2034304031,38.633434200,-0.266894400,862.9291,12.5600,5.0700,-49.9200,1.2731,0.3057,0.0908
2034355055,38.633434200,-0.266894400,862.9235,10.8300,4.8500,-47.6900,1.3247,0.3715,0.0773
2034396123,38.633434200,-0.266894400,862.9205,9.3700,4.5100,-46.1500,1.3643,0.4074,0.0427
2034447146,38.633435800,-0.266894900,862.9180,7.5200,3.7100,-44.7200,1.4067,0.4356,0.0428
2034498170,38.633435800,-0.266894900,862.9152,5.7200,3.6600,-43.5700,1.4340,0.4411,0.0547
2034549194,38.633435800,-0.266894900,862.9124,3.9600,4.0200,-42.7600,1.4342,0.4066,0.0606
2034600218,38.633435800,-0.266894900,862.9088,2.4300,3.9700,-42.3200,1.4134,0.3564,0.0750
2034651242,38.633437600,-0.266895700,862.9059,1.1400,3.7900,-42.1900,1.3897,0.3064,0.0608
2034702265,38.633437600,-0.266895700,862.9043,0.0800,3.2700,-42.3300,1.3553,0.2762,0.0330
2034753289,38.633437600,-0.266895700,862.9046,-0.6900,3.2400,-42.6400,1.3106,0.2493,-0.0063
2034794357,38.633437600,-0.266895700,862.9062,-1.1500,3.6400,-42.9200,1.2752,0.2358,-0.0415
2034845381,38.633439500,-0.266897200,862.9095,-1.1900,4.3100,-43.4600,1.2180,0.2421,-0.0716
2034896405,38.633439500,-0.266897200,862.9139,-1.0200,4.6200,-43.9300,1.1590,0.2514,-0.1118
2034947428,38.633439500,-0.266897200,862.9194,-0.8200,5.5300,-44.2400,1.1365,0.2403,-0.1029
2034998452,38.633439500,-0.266897200,862.9242,-0.6000,5.7500,-44.4300,1.1079,0.2364,-0.0967
2035049476,38.633441200,-0.266899000,862.9288,-0.4000,4.9800,-44.5400,1.0769,0.2271,-0.0750
2035100500,38.633441200,-0.266899000,862.9318,-0.2600,4.2900,-44.6000,1.0607,0.2188,-0.0261
2035151524,38.633441200,-0.266899000,862.9318,-0.2400,4.4800,-44.7200,1.0641,0.2047,0.0403
2035192592,38.633441200,-0.266899000,862.9296,-0.3100,4.9800,-44.8600,1.0696,0.1969,0.0807
2035243615,38.633442700,-0.266900900,862.9249,-0.5400,5.4700,-45.0400,1.0747,0.1766,0.1232
2035294639,38.633442700,-0.266900900,862.9186,-0.7700,5.5900,-45.1500,1.0844,0.1477,0.1365
2035345663,38.633442700,-0.266900900,862.9123,-1.0300,5.4200,-45.1600,1.1018,0.1152,0.1134
2035396687,38.633442700,-0.266900900,862.9083,-1.2100,4.9400,-45.0100,1.0919,0.0912,0.0496
2035447711,38.633444100,-0.266903200,862.9084,-1.3600,4.5300,-44.7400,1.0906,0.0717,-0.0441
2035498734,38.633444100,-0.266903200,862.9131,-1.5400,4.6800,-44.1900,1.0968,0.0760,-0.1362
2035549758,38.633444100,-0.266903200,862.9228,-1.5200,4.1300,-43.4500,1.1138,0.0924,-0.2557
2035590826,38.633444100,-0.266903200,862.9334,-1.2800,3.6500,-43.1600,1.1355,0.0871,-0.2690
2035641850,38.633445700,-0.266905700,862.9489,-1.0600,3.2400,-42.8900,1.1167,0.1114,-0.3414
2035692874,38.633445700,-0.266905700,862.9669,-1.1200,3.2300,-42.5400,1.0910,0.1101,-0.3572
2035743898,38.633445700,-0.266905700,862.9845,-1.3300,3.2600,-42.2700,1.0840,0.1273,-0.3432
2035794921,38.633445700,-0.266905700,862.9996,-1.6100,4.1300,-42.1200,1.0789,0.1266,-0.2719
2035845945,38.633447400,-0.266908100,863.0112,-1.9200,5.7800,-42.0400,1.0711,0.1356,-0.2138
2035896969,38.633447400,-0.266908100,863.0187,-2.2800,7.7400,-42.0500,1.0595,0.1458,-0.1194
2035947993,38.633447400,-0.266908100,863.0224,-2.6400,9.6200,-42.0700,1.0372,0.1715,-0.0565
2035989061,38.633447400,-0.266908100,863.0232,-2.8500,11.0200,-42.0600,1.0193,0.2015,-0.0019
2036040085,38.633449300,-0.266910700,863.0216,-2.9500,12.3300,-42.2400,0.9672,0.2565,0.0504
2036091108,38.633449300,-0.266910700,863.0184,-2.8700,13.3800,-42.5600,0.9233,0.3195,0.0841
2036142132,38.633449300,-0.266910700,863.0140,-2.8200,14.6900,-42.8900,0.8128,0.3929,0.1311
2036193156,38.633449300,-0.266910700,863.0084,-2.9600,14.9100,-43.2100,0.7374,0.4389,0.1165
2036244180,38.633451200,-0.266913200,863.0029,-3.3000,14.4400,-43.6100,0.6725,0.4645,0.1399
2036295204,38.633451200,-0.266913200,862.9980,-3.3100,12.7100,-43.8700,0.5866,0.5270,0.1025
2036346227,38.633451200,-0.266913200,862.9930,-3.1200,10.4400,-43.9700,0.4869,0.5686,0.1150
2036387295,38.633451200,-0.266913200,862.9894,-3.0500,9.2100,-44.1000,0.4053,0.6107,0.0910
2036438319,38.633452700,-0.266915300,862.9841,-3.1100,7.8300,-44.1700,0.3331,0.6404,0.0911
2036489343,38.633452700,-0.266915300,862.9787,-3.4300,7.5300,-44.2100,0.2591,0.6737,0.1150
2036540367,38.633452700,-0.266915300,862.9705,-3.8800,7.4800,-44.1900,0.2191,0.6934,0.1640
2036591391,38.633452700,-0.266915300,862.9596,-4.2800,7.9600,-43.8500,0.1973,0.6826,0.2364
2036642414,38.633453800,-0.266916900,862.9451,-4.6100,8.1000,-43.2900,0.1573,0.6932,0.3082
2036693438,38.633453800,-0.266916900,862.9270,-4.8400,7.7500,-42.7800,0.1463,0.6952,0.3733
2036744462,38.633453800,-0.266916900,862.9065,-5.0300,7.4600,-42.4100,0.1221,0.6950,0.3972
2036785530,38.633453800,-0.266916900,862.8893,-5.2200,7.1600,-42.1100,0.0967,0.6892,0.4072
2036836554,38.633454600,-0.266918400,862.8675,-5.3600,6.7600,-41.7100,0.0636,0.6783,0.4122
2036887578,38.633454600,-0.266918400,862.8456,-5.3800,6.0200,-41.3000,0.0405,0.6701,0.4004
2036938601,38.633454600,-0.266918400,862.8255,-5.2200,5.2500,-40.8300,0.0235,0.6793,0.3717
2036989625,38.633454600,-0.266918400,862.8074,-4.8300,4.5900,-40.2600,-0.0160,0.7284,0.3344
2037040649,38.633455400,-0.266919900,862.7899,-4.3400,3.3600,-39.7900,-0.0213,0.7399,0.3111
2037091673,38.633455400,-0.266919900,862.7735,-3.8600,2.2300,-39.7100,-0.0353,0.7578,0.3142
2037142697,38.633455400,-0.266919900,862.7570,-3.5400,0.8000,-39.5900,-0.0728,0.7691,0.3082
2037183765,38.633455400,-0.266919900,862.7426,-3.1600,-0.2300,-39.4500,-0.0817,0.7834,0.3618
2037234788,38.633456400,-0.266921500,862.7218,-2.6600,-1.1900,-39.2600,-0.1126,0.8025,0.4121
2037285812,38.633456400,-0.266921500,862.6980,-2.2600,-1.8500,-39.1300,-0.1233,0.8117,0.4804
2037336836,38.633456400,-0.266921500,862.6709,-1.9400,-2.0900,-39.1100,-0.1287,0.8141,0.5456
2037387860,38.633456400,-0.266921500,862.6403,-1.6900,-2.1900,-39.2100,-0.1249,0.8141,0.6043
2037438884,38.633457300,-0.266922900,862.6072,-1.6500,-2.3100,-39.4200,-0.1346,0.8094,0.6417
2037489908,38.633457300,-0.266922900,862.5731,-1.8900,-2.1200,-39.7300,-0.1070,0.7933,0.6700
2037540931,38.633457300,-0.266922900,862.5386,-2.2300,-1.7500,-40.0100,-0.0820,0.7887,0.6608
2037582000,38.633457300,-0.266922900,862.5116,-2.4500,-2.1500,-40.2400,-0.0552,0.7812,0.6483
2037633023,38.633458400,-0.266924400,862.4784,-2.6400,-2.3000,-40.5500,-0.0263,0.7634,0.6535
2037684047,38.633458400,-0.266924400,862.4458,-2.9800,-2.4600,-40.6200,-0.0219,0.7460,0.6112
2037735071,38.633458400,-0.266924400,862.4147,-3.2300,-3.0500,-40.4400,0.0001,0.7044,0.6011
2037786095,38.633458400,-0.266924400,862.3842,-3.1500,-4.0400,-40.3300,0.0269,0.6633,0.5849
2037837118,38.633459700,-0.266926200,862.3535,-2.8200,-4.2200,-40.3400,0.0470,0.6114,0.5940
2037888142,38.633459700,-0.266926200,862.3239,-2.5100,-3.6500,-40.3100,0.0607,0.5620,0.5512
2037939166,38.633459700,-0.266926200,862.2966,-2.3100,-3.0300,-40.1300,0.0999,0.5053,0.5090
2037980234,38.633459700,-0.266926200,862.2771,-2.2500,-2.3300,-39.9600,0.1300,0.4579,0.4503
2038031258,38.633461300,-0.266928300,862.2556,-2.3800,-0.9600,-39.6400,0.1648,0.4155,0.3869
2038082282,38.633461300,-0.266928300,862.2376,-2.4500,0.5600,-39.2600,0.1605,0.4147,0.3058
2038133305,38.633461300,-0.266928300,862.2252,-2.4800,-0.0700,-38.5900,0.1665,0.4070,0.1176
2038184329,38.633461300,-0.266928300,862.2214,-2.1700,-1.0000,-38.4400,0.2051,0.3805,0.0487
2038235353,38.633463000,-0.266930800,862.2214,-2.0400,-1.3300,-38.2200,0.2183,0.3708,-0.0556
2038286377,38.633463000,-0.266930800,862.2234,-1.7300,-0.8800,-38.0700,0.2524,0.3264,-0.0341
2038337401,38.633463000,-0.266930800,862.2244,-1.3200,-0.1500,-37.9700,0.2628,0.2973,-0.0192
2038378469,38.633463000,-0.266930800,862.2237,-1.0200,0.8900,-37.9400,0.2847,0.2658,0.0351
2038429493,38.633465100,-0.266933600,862.2203,-0.8700,2.1300,-38.0600,0.2956,0.2454,0.0510
2038480516,38.633465100,-0.266933600,862.2166,-1.0600,3.1500,-38.4400,0.3033,0.2216,0.0501
2038531540,38.633465100,-0.266933600,862.2147,-1.4500,4.1100,-39.0600,0.2785,0.2346,0.0035
2038582564,38.633465100,-0.266933600,862.2157,-1.9200,5.5100,-39.9000,0.2470,0.2436,-0.0486
2038633588,38.633467300,-0.266936800,862.2200,-2.1600,7.2800,-40.8700,0.2051,0.2531,-0.0978
2038684612,38.633467300,-0.266936800,862.2279,-2.1500,7.3700,-41.8100,0.1620,0.2485,-0.1943
2038735635,38.633467300,-0.266936800,862.2382,-2.1300,7.4800,-42.5500,0.1380,0.2370,-0.1796
2038776703,38.633467300,-0.266936800,862.2455,-2.0500,7.4200,-42.8800,0.1104,0.2553,-0.1690
2038827727,38.633469500,-0.266940000,862.2525,-1.6900,6.8300,-43.1200,0.1149,0.2576,-0.1002
2038878751,38.633469500,-0.266940000,862.2553,-1.3400,6.2900,-43.3300,0.1131,0.2495,-0.0186
2038929775,38.633469500,-0.266940000,862.2539,-1.2300,6.6200,-43.5300,0.1054,0.2369,0.0634
2038980799,38.633469500,-0.266940000,862.2487,-1.3200,7.4300,-43.6800,0.1100,0.2222,0.1362
2039031823,38.633471600,-0.266943100,862.2412,-1.5400,7.9800,-43.6900,0.1178,0.2017,0.1497
2039082846,38.633471600,-0.266943100,862.2349,-1.8400,8.1300,-43.5400,0.1095,0.2037,0.1038
2039133870,38.633471600,-0.266943100,862.2317,-2.1700,7.9900,-43.3300,0.1078,0.2228,0.0258
2039174938,38.633471600,-0.266943100,862.2326,-2.4000,8.1800,-43.0900,0.0905,0.2554,-0.0467
2039225962,38.633473800,-0.266946200,862.2369,-2.5800,7.6600,-42.5300,0.0828,0.2874,-0.1251
2039276986,38.633473800,-0.266946200,862.2442,-2.4500,7.1500,-42.2000,0.0920,0.3123,-0.1347
2039328010,38.633473800,-0.266946200,862.2518,-2.1800,6.4600,-41.9000,0.0598,0.3418,-0.1463
2039379034,38.633473800,-0.266946200,862.2583,-1.8400,6.0600,-41.5200,0.0618,0.3501,-0.0918
2039431302,38.633476100,-0.266949300,862.2608,-1.3200,5.7100,-41.1400,0.0650,0.3532,-0.0201
2039482326,38.633476100,-0.266949300,862.2593,-0.8700,6.1100,-40.7700,0.0771,0.3463,0.0626
2039523394,38.633476100,-0.266949300,862.2552,-0.5800,6.8500,-40.4900,0.0753,0.3513,0.1102
2039574418,38.633476100,-0.266949300,862.2484,-0.4700,8.2700,-40.1600,0.0764,0.3515,0.1510
2039625441,38.633478300,-0.266952400,862.2412,-0.5500,8.9200,-40.0400,0.0724,0.3764,0.1133
2039676465,38.633478300,-0.266952400,862.2367,-0.8000,8.8200,-40.2000,0.0475,0.4016,0.0565
2039727489,38.633478300,-0.266952400,862.2368,-1.2400,8.6000,-40.5600,-0.0025,0.4126,-0.0288
2039778513,38.633478300,-0.266952400,862.2418,-1.9900,8.1900,-40.8600,-0.0539,0.4281,-0.1417
2039829537,38.633480700,-0.266955300,862.2483,-2.7000,7.5400,-41.0600,-0.0708,0.4121,-0.1264
2039880561,38.633480700,-0.266955300,862.2550,-3.0000,6.7100,-41.3100,-0.1022,0.3928,-0.1264
2039921629,38.633480700,-0.266955300,862.2584,-2.9200,5.9800,-41.5300,-0.1032,0.3578,-0.0476
2039972653,38.633480700,-0.266955300,862.2596,-2.7200,6.2600,-41.7800,-0.1341,0.3284,-0.0087
2040023676,38.633483000,-0.266958300,862.2577,-2.5800,6.9700,-42.0200,-0.1384,0.2945,0.0758
2040074700,38.633483000,-0.266958300,862.2532,-2.5400,8.0400,-42.2100,-0.1514,0.2652,0.1111
2040125724,38.633483000,-0.266958300,862.2471,-2.6400,8.8000,-42.1700,-0.1496,0.2373,0.1090
2040176748,38.633483000,-0.266958300,862.2425,-2.7600,9.2900,-41.9600,-0.1683,0.2403,0.0694
2040229016,38.633485300,-0.266961500,862.2408,-2.8800,8.7900,-41.6700,-0.1689,0.2505,-0.0285
2040270084,38.633485300,-0.266961500,862.2418,-3.0300,9.0600,-41.4000,-0.1709,0.2467,-0.0619
2040321108,38.633485300,-0.266961500,862.2458,-3.0600,8.8200,-41.0400,-0.1786,0.2642,-0.1526
2040372132,38.633485300,-0.266961500,862.2518,-3.0000,8.1500,-40.8600,-0.2034,0.2764,-0.1417
2040423156,38.633487500,-0.266964700,862.2583,-2.9200,7.0900,-40.6800,-0.2429,0.3079,-0.1592
2040474180,38.633487500,-0.266964700,862.2637,-2.7300,6.1500,-40.5500,-0.2504,0.3109,-0.0997
2040525204,38.633487500,-0.266964700,862.2652,-2.5200,6.2600,-40.5900,-0.2761,0.3102,-0.0366
2040576227,38.633487500,-0.266964700,862.2633,-2.3600,6.8300,-40.6300,-0.3014,0.3127,0.0354
2040627251,38.633489700,-0.266968000,862.2588,-2.3200,7.4600,-40.6800,-0.3336,0.3191,0.0692
2040668319,38.633489700,-0.266968000,862.2541,-2.5200,8.1000,-40.7200,-0.3635,0.3265,0.0874
2040719343,38.633489700,-0.266968000,862.2490,-2.9600,9.0500,-40.8700,-0.4239,0.3446,0.0610
2040770367,38.633489700,-0.266968000,862.2442,-3.3600,9.7300,-41.1700,-0.4777,0.3600,0.0429
2040821391,38.633491900,-0.266971200,862.2409,-3.6300,10.3500,-41.7500,-0.5436,0.3669,0.0185
2040872415,38.633491900,-0.266971200,862.2409,-3.8700,10.3000,-42.2400,-0.6138,0.3590,-0.0561
2040923438,38.633491900,-0.266971200,862.2416,-3.9800,9.2400,-42.6200,-0.6519,0.3620,-0.0388
2040974462,38.633491900,-0.266971200,862.2421,-3.9200,8.3200,-43.0100,-0.6767,0.3745,-0.0260
2041025486,38.633493800,-0.266974300,862.2391,-3.7100,7.5500,-43.4600,-0.6853,0.3757,0.0428
2041066554,38.633493800,-0.266974300,862.2346,-3.4900,7.6800,-43.8400,-0.6810,0.3621,0.0907
2041117578,38.633493800,-0.266974300,862.2261,-3.2400,8.1600,-44.1900,-0.6774,0.3521,0.1574
2041168602,38.633493800,-0.266974300,862.2156,-3.1000,8.9000,-44.3800,-0.6610,0.3416,0.1891
2041219626,38.633495700,-0.266977500,862.2042,-2.9400,9.4900,-44.4600,-0.6629,0.3491,0.1930
2041270650,38.633495700,-0.266977500,862.1939,-2.8000,10.1600,-44.3200,-0.6732,0.3863,0.1458
2041321674,38.633495700,-0.266977500,862.1860,-2.6000,10.7700,-44.1600,-0.6724,0.4195,0.0983
2041372697,38.633495700,-0.266977500,862.1804,-2.2400,10.9400,-43.7000,-0.7054,0.4631,0.0539
2041423721,38.633497700,-0.266980600,862.1782,-1.6900,10.0700,-43.5300,-0.7081,0.4787,0.0012
2041464789,38.633497700,-0.266980600,862.1774,-1.3800,9.2400,-43.3900,-0.7418,0.4962,-0.0129
2041515813,38.633497700,-0.266980600,862.1779,-1.1800,8.4300,-43.3000,-0.7670,0.5040,-0.0255
2041566837,38.633497700,-0.266980600,862.1773,-0.9100,7.2700,-43.3200,-0.7769,0.4900,0.0152
2041617861,38.633497700,-0.266980600,862.1746,-0.7800,6.9600,-43.3400,-0.7891,0.4819,0.0648
2041668885,38.633499600,-0.266983600,862.1692,-0.7000,7.1200,-43.3500,-0.7877,0.4715,0.1220
2041719909,38.633499600,-0.266983600,862.1622,-0.7600,7.4800,-43.4200,-0.7919,0.4631,0.1438
2041770933,38.633499600,-0.266983600,862.1545,-1.1100,7.9000,-43.5100,-0.8117,0.4540,0.1310
2041821956,38.633501500,-0.266986600,862.1487,-1.7200,8.5000,-43.7100,-0.8526,0.4581,0.0906
2041863024,38.633501500,-0.266986600,862.1459,-2.1400,8.6100,-43.9400,-0.8741,0.4605,0.0230
2041914048,38.633501500,-0.266986600,862.1448,-2.5400,8.9100,-44.3800,-0.9078,0.4611,-0.0096
2041965072,38.633501500,-0.266986600,862.1476,-2.7800,9.1700,-44.7400,-0.9360,0.4722,-0.0848
2042016096,38.633501500,-0.266986600,862.1516,-2.7700,8.0700,-44.9600,-0.9621,0.4841,-0.0915
2042067120,38.633503400,-0.266989600,862.1561,-2.5200,7.1800,-45.1900,-0.9741,0.4822,-0.0724
2042118144,38.633503400,-0.266989600,862.1585,-2.1400,6.7700,-45.3800,-0.9930,0.4812,-0.0217
2042169168,38.633503400,-0.266989600,862.1579,-1.7800,7.1600,-45.4300,-0.9946,0.4664,0.0509
2042220191,38.633505200,-0.266992600,862.1543,-1.5200,7.6300,-45.3100,-0.9932,0.4563,0.1089
2042261259,38.633505200,-0.266992600,862.1493,-1.3800,8.0600,-45.1500,-0.9814,0.4433,0.1552
2042312283,38.633505200,-0.266992600,862.1420,-1.1500,8.7700,-44.7500,-0.9911,0.4577,0.1517
2042363307,38.633505200,-0.266992600,862.1351,-0.9900,9.4200,-44.1300,-1.0054,0.4701,0.1396
2042414331,38.633505200,-0.266992600,862.1298,-0.7500,9.8100,-43.5000,-1.0109,0.4994,0.0841
2042465355,38.633506700,-0.266995700,862.1263,-0.5700,9.7600,-42.5800,-1.0380,0.5261,0.0359
2042516379,38.633506700,-0.266995700,862.1262,-0.2700,9.4800,-41.9600,-1.0289,0.5507,-0.0029
2042567403,38.633506700,-0.266995700,862.1263,0.0600,8.3300,-41.4900,-1.0700,0.5824,-0.0144
2042618426,38.633508400,-0.266998600,862.1276,0.5100,7.2400,-41.1600,-1.0882,0.5967,-0.0073
2042659494,38.633508400,-0.266998600,862.1275,0.8800,6.4000,-40.9100,-1.1003,0.5829,0.0234
2042710518,38.633508400,-0.266998600,862.1255,1.2200,6.3200,-40.6800,-1.1041,0.5737,0.0753
2042761542,38.633508400,-0.266998600,862.1204,1.4700,6.4800,-40.5300,-1.1025,0.5634,0.1451
2042812566,38.633508400,-0.266998600,862.1125,1.5700,6.9500,-40.4200,-1.0915,0.5634,0.1972
2042863590,38.633510100,-0.267001300,862.1024,1.4800,7.3800,-40.4500,-1.0664,0.5557,0.2365
2042914614,38.633510100,-0.267001300,862.0919,1.3000,7.7400,-40.7400,-1.0618,0.5616,0.2166
2042965638,38.633510100,-0.267001300,862.0832,0.9400,8.0000,-41.1500,-1.0613,0.5749,0.1533
2043016662,38.633510100,-0.267001300,862.0773,0.5300,8.2000,-41.6200,-1.0850,0.5966,0.1004
2043057730,38.633511700,-0.267004200,862.0759,0.1900,8.0200,-41.9700,-1.1126,0.6227,0.0105
2043108753,38.633511700,-0.267004200,862.0763,-0.2400,7.2000,-42.2700,-1.1561,0.6517,-0.0072
2043159777,38.633511700,-0.267004200,862.0783,-0.6000,6.5000,-42.4300,-1.1932,0.6818,-0.0288
2043210801,38.633511700,-0.267004200,862.0801,-0.8400,5.5000,-42.5300,-1.2155,0.6987,-0.0178
2043261825,38.633513400,-0.267007000,862.0804,-1.0800,5.2400,-42.5300,-1.2211,0.6872,0.0377
2043312849,38.633513400,-0.267007000,862.0776,-1.3200,5.4600,-42.4400,-1.2041,0.6788,0.1008
2043363873,38.633513400,-0.267007000,862.0718,-1.5000,5.6200,-42.3500,-1.1851,0.6698,0.1545
2043414897,38.633513400,-0.267007000,862.0642,-1.6200,5.9100,-42.1600,-1.1722,0.6574,0.1740
2043455965,38.633514800,-0.267009600,862.0579,-1.6400,6.3400,-41.9400,-1.1739,0.6521,0.1647
2043506989,38.633514800,-0.267009600,862.0507,-1.5700,6.6800,-41.5200,-1.1919,0.6587,0.1264
2043558012,38.633514800,-0.267009600,862.0464,-1.5300,7.3300,-41.1100,-1.1877,0.6623,0.0770
2043609036,38.633514800,-0.267009600,862.0448,-1.6300,7.8000,-40.5000,-1.2043,0.6936,0.0065
2043660060,38.633516300,-0.267012200,862.0464,-1.6300,7.8200,-40.0200,-1.1900,0.7113,-0.0177
2043711084,38.633516300,-0.267012200,862.0476,-1.4900,7.4200,-39.5100,-1.1798,0.7183,-0.0128
2043762108,38.633516300,-0.267012200,862.0484,-1.2600,7.0700,-39.1300,-1.1707,0.7138,0.0161
2043813132,38.633516300,-0.267012200,862.0475,-1.0900,6.2800,-38.8500,-1.1662,0.6992,0.0612
2043854200,38.633517900,-0.267014700,862.0447,-0.9700,5.9700,-38.7000,-1.1620,0.6795,0.1197
2043905224,38.633517900,-0.267014700,862.0374,-0.8600,5.8300,-38.6200,-1.1349,0.6614,0.2040
2043956248,38.633517900,-0.267014700,862.0267,-0.7500,5.9300,-38.6400,-1.1072,0.6552,0.2665
2044007272,38.633517900,-0.267014700,862.0138,-0.8100,5.9300,-38.7400,-1.0814,0.6648,0.2907
2044058296,38.633519500,-0.267017200,862.0009,-1.0300,5.9600,-38.9700,-1.0656,0.6835,0.2816
2044109319,38.633519500,-0.267017200,861.9888,-1.2600,6.0400,-39.3000,-1.0507,0.7077,0.2366
2044160343,38.633519500,-0.267017200,861.9802,-1.5500,6.7900,-39.7400,-1.0457,0.7134,0.1752
2044211367,38.633519500,-0.267017200,861.9750,-1.8000,6.4000,-40.2900,-1.0536,0.7206,0.0688
2044252435,38.633521300,-0.267019900,861.9735,-1.9800,6.1600,-40.7000,-1.0406,0.7024,0.0583
2044303459,38.633521300,-0.267019900,861.9726,-2.0400,4.9300,-41.0200,-1.0719,0.7165,-0.0057
2044354483,38.633521300,-0.267019900,861.9741,-1.9900,3.7400,-41.2700,-1.0878,0.7073,-0.0010
2044405507,38.633521300,-0.267019900,861.9748,-1.9400,3.5400,-41.4800,-1.1060,0.7079,0.0203
2044456531,38.633523000,-0.267022600,861.9733,-1.9300,4.0700,-41.6200,-1.0923,0.7036,0.0759
2044507555,38.633523000,-0.267022600,861.9691,-1.9400,4.6200,-41.7500,-1.0675,0.7003,0.1221
2044558579,38.633523000,-0.267022600,861.9625,-2.0800,5.1500,-41.7600,-1.0565,0.6983,0.1481
2044609602,38.633523000,-0.267022600,861.9568,-2.3700,5.9800,-41.6100,-1.0524,0.6987,0.1398
2044650671,38.633524700,-0.267025300,861.9526,-2.6700,6.5300,-41.3500,-1.0577,0.7062,0.1103
2044701694,38.633524700,-0.267025300,861.9495,-2.9500,7.1100,-41.0200,-1.0692,0.7186,0.0602
2044752718,38.633524700,-0.267025300,861.9484,-3.1600,7.4700,-40.5100,-1.0927,0.7268,0.0254
2044803742,38.633524700,-0.267025300,861.9499,-3.0500,7.0300,-40.2000,-1.0899,0.7307,-0.0188
2044854766,38.633526200,-0.267027800,861.9508,-2.7400,6.0500,-39.9800,-1.0834,0.7318,-0.0066
2044905790,38.633526200,-0.267027800,861.9526,-2.2900,5.2500,-39.7800,-1.0933,0.7394,-0.0230
2044956814,38.633526200,-0.267027800,861.9537,-1.7100,4.2400,-39.5700,-1.0888,0.7252,0.0190
2045007838,38.633526200,-0.267027800,861.9530,-1.0300,4.1300,-39.4600,-1.0804,0.7037,0.0748
2045048906,38.633527800,-0.267030100,861.9500,-0.5500,4.4800,-39.3800,-1.0660,0.6866,0.1336
2045099930,38.633527800,-0.267030100,861.9433,0.0000,4.9300,-39.3800,-1.0339,0.6768,0.1953
2045150953,38.633527800,-0.267030100,861.9340,0.4900,5.3100,-39.5000,-1.0042,0.6595,0.2323
2045201977,38.633527800,-0.267030100,861.9234,0.9500,5.6100,-39.7500,-0.9906,0.6621,0.2300
2045253001,38.633529400,-0.267032600,861.9144,1.3000,6.2600,-40.0300,-1.0046,0.6666,0.1926
2045304025,38.633529400,-0.267032600,861.9069,1.5700,7.2900,-40.2600,-1.0221,0.6840,0.1687
2045355049,38.633529400,-0.267032600,861.9018,1.9400,6.9000,-40.4700,-1.0361,0.7089,0.0919
2045406073,38.633529400,-0.267032600,861.8997,2.2900,6.1300,-40.6500,-1.0370,0.7036,0.0921
2045447141,38.633531000,-0.267035200,861.8983,2.5100,5.1100,-40.7900,-1.0679,0.7198,0.0470
2045498165,38.633531000,-0.267035200,861.8987,2.6300,4.4400,-40.8900,-1.0730,0.7140,0.0493
2045549189,38.633531000,-0.267035200,861.8976,2.6800,3.7900,-40.9100,-1.0714,0.7165,0.0627
2045600213,38.633531000,-0.267035200,861.8945,2.6900,3.7400,-40.8400,-1.0503,0.7058,0.1287
2045651237,38.633532500,-0.267037600,861.8883,2.6800,3.9800,-40.6600,-1.0210,0.7067,0.1813
2045702260,38.633532500,-0.267037600,861.8793,2.6200,4.4000,-40.3600,-0.9795,0.7121,0.2333
2045753284,38.633532500,-0.267037600,861.8686,2.4500,4.7800,-39.9000,-0.9401,0.7375,0.2406
2045804308,38.633532500,-0.267037600,861.8582,2.1200,4.9600,-39.2200,-0.8997,0.7641,0.2271
2045845376,38.633534100,-0.267039800,861.8508,1.8500,4.8900,-38.6300,-0.8705,0.7995,0.1845
2045896400,38.633534100,-0.267039800,861.8436,1.4400,4.9000,-37.6800,-0.8564,0.8525,0.1560
2045947424,38.633534100,-0.267039800,861.8393,1.0500,4.1200,-36.6900,-0.8214,0.8920,0.0845
2045998448,38.633534100,-0.267039800,861.8372,0.5900,3.0400,-35.8100,-0.7802,0.9330,0.0682
2046049472,38.633535800,-0.267041900,861.8364,-0.0100,2.2100,-34.9800,-0.7611,0.9697,0.0362
2046100496,38.633535800,-0.267041900,861.8370,-0.7300,1.4200,-34.2100,-0.7407,0.9941,0.0186
2046151520,38.633535800,-0.267041900,861.8376,-1.6400,0.7100,-33.5100,-0.7026,1.0071,0.0195
2046202544,38.633535800,-0.267041900,861.8380,-2.8200,0.2900,-32.9600,-0.6511,1.0164,0.0197
2046243612,38.633537700,-0.267043500,861.8377,-3.9600,0.4500,-32.6900,-0.6043,1.0192,0.0462
2046294635,38.633537700,-0.267043500,861.8374,-5.3800,0.8200,-32.5800,-0.5720,1.0100,0.0393
2046345659,38.633537700,-0.267043500,861.8375,-6.8200,1.2800,-32.7000,-0.5294,0.9812,0.0300
2046396683,38.633537700,-0.267043500,861.8393,-8.2000,1.7700,-33.0800,-0.5367,0.9525,-0.0162
2046447707,38.633540000,-0.267045100,861.8441,-9.4600,2.0100,-33.6000,-0.5528,0.9039,-0.0874
2046498731,38.633540000,-0.267045100,861.8515,-10.5100,2.4700,-34.4200,-0.5642,0.8420,-0.1246
2046549755,38.633540000,-0.267045100,861.8620,-11.5300,2.9800,-35.4300,-0.6044,0.7839,-0.1954
2046600779,38.633540000,-0.267045100,861.8741,-12.5400,2.7000,-36.2900,-0.6477,0.7116,-0.2061
2046641847,38.633542500,-0.267046900,861.8844,-13.3000,2.2500,-36.9500,-0.6795,0.6526,-0.1989
2046692871,38.633542500,-0.267046900,861.8961,-14.1300,0.9400,-37.7100,-0.7154,0.5883,-0.1619
2046743895,38.633542500,-0.267046900,861.9056,-14.7500,-0.1400,-38.5700,-0.7353,0.5352,-0.1176
2046794919,38.633542500,-0.267046900,861.9125,-15.1500,-0.2800,-39.6200,-0.7409,0.4693,-0.0543
2046845943,38.633544700,-0.267049400,861.9163,-15.4200,0.6100,-40.8400,-0.7523,0.4048,0.0087
2046896967,38.633544700,-0.267049400,861.9173,-15.6300,1.6600,-41.9600,-0.7730,0.3525,0.0417
2046947990,38.633544700,-0.267049400,861.9165,-15.8400,2.4100,-42.7500,-0.8007,0.2971,0.0463
2046999014,38.633544700,-0.267049400,861.9157,-16.0700,2.7600,-43.3200,-0.8445,0.2427,0.0413
2047040082,38.633546600,-0.267052200,861.9159,-16.2500,2.9600,-43.6900,-0.8904,0.2265,0.0007
2047091106,38.633546600,-0.267052200,861.9162,-16.4100,2.8300,-44.0600,-0.9170,0.1855,0.0151
2047142130,38.633546600,-0.267052200,861.9178,-16.1900,2.8400,-44.8900,-0.9199,0.1503,0.0083
2047193154,38.633546600,-0.267052200,861.9178,-15.8700,2.4600,-45.8800,-0.9550,0.1102,0.0385
2047244178,38.633548000,-0.267055400,861.9159,-15.4300,2.3100,-47.1400,-0.9639,0.0472,0.0928
2047295202,38.633548000,-0.267055400,861.9100,-14.9300,1.8600,-48.4800,-0.9831,-0.0111,0.1724
2047346226,38.633548000,-0.267055400,861.8994,-14.4400,1.9400,-50.0400,-0.9965,-0.0793,0.2812
2047397250,38.633548000,-0.267055400,861.8839,-13.9600,2.2900,-51.8000,-0.9978,-0.1270,0.3662
2047438318,38.633549200,-0.267059100,861.8684,-13.6500,2.5700,-53.2400,-1.0133,-0.1648,0.4275
2047489342,38.633549200,-0.267059100,861.8473,-13.1900,2.7200,-55.0600,-1.0171,-0.1993,0.4624
2047540366,38.633549200,-0.267059100,861.8251,-12.6100,2.8800,-56.8000,-1.0535,-0.2181,0.4542
2047591390,38.633549200,-0.267059100,861.8049,-11.9300,3.5000,-58.5300,-1.0933,-0.2479,0.3994
2047642414,38.633550200,-0.267063200,861.7868,-10.9000,3.1600,-60.1200,-1.1577,-0.2631,0.3361
2047693438,38.633550200,-0.267063200,861.7730,-9.5800,2.3200,-61.5800,-1.1976,-0.2892,0.2709
2047744462,38.633550200,-0.267063200,861.7615,-8.2300,1.5800,-62.8800,-1.2435,-0.3039,0.2263
2047795485,38.633550200,-0.267063200,861.7511,-7.0100,1.0600,-63.9900,-1.3069,-0.3201,0.2205
2047836554,38.633550900,-0.267067500,861.7425,-5.9800,0.7600,-64.8100,-1.3199,-0.3450,0.2515
2047887577,38.633550900,-0.267067500,861.7290,-4.7200,1.0400,-65.6400,-1.3599,-0.3674,0.3097
2047938601,38.633550900,-0.267067500,861.7128,-3.3600,1.7700,-66.3300,-1.3606,-0.3879,0.3522
2047989625,38.633550900,-0.267067500,861.6946,-1.9500,2.6300,-66.7800,-1.3277,-0.4064,0.3854
2048040649,38.633551300,-0.267071700,861.6766,-0.5300,3.5300,-66.9100,-1.2995,-0.3991,0.3638
2048091673,38.633551300,-0.267071700,861.6599,0.9500,4.1800,-66.7400,-1.2674,-0.3744,0.3217
2048142697,38.633551300,-0.267071700,861.6467,2.4700,4.9500,-66.3000,-1.2050,-0.3189,0.2240
2048193721,38.633551300,-0.267071700,861.6386,3.7600,4.9600,-65.6200,-1.1525,-0.2385,0.1146
2048234789,38.633551600,-0.267075800,861.6363,4.8900,4.6000,-65.2300,-1.0995,-0.1998,0.0507
2048285813,38.633551600,-0.267075800,861.6350,6.0000,3.4300,-64.8700,-1.0557,-0.1705,0.0256
2048336837,38.633551600,-0.267075800,861.6356,6.7700,3.0800,-64.3300,-1.0144,-0.1533,0.0280
2048387861,38.633551600,-0.267075800,861.6348,7.4300,2.0100,-63.9300,-0.9807,-0.1550,0.0803
2048438885,38.633552300,-0.267079500,861.6309,7.9200,1.4600,-63.5000,-0.9429,-0.1622,0.1622
2048489909,38.633552300,-0.267079500,861.6221,8.3300,1.2700,-62.9400,-0.9043,-0.1839,0.2448
2048540933,38.633552300,-0.267079500,861.6100,8.6800,1.6600,-62.3600,-0.8508,-0.1829,0.3065
2048591957,38.633552300,-0.267079500,861.5951,8.9500,2.5400,-61.8400,-0.7991,-0.1775,0.3376
2048633025,38.633553200,-0.267082900,861.5833,9.1100,3.6300,-61.4600,-0.7589,-0.1431,0.3169
2048684049,38.633553200,-0.267082900,861.5707,9.1600,4.8200,-61.1100,-0.7345,-0.0981,0.2754
2048735073,38.633553200,-0.267082900,861.5610,8.9200,5.0200,-61.0800,-0.6944,-0.0627,0.1908
2048786096,38.633553200,-0.267082900,861.5551,8.4000,4.5500,-60.9900,-0.6783,-0.0593,0.1556
2048837120,38.633554500,-0.267086400,861.5502,7.8300,2.6700,-61.0000,-0.6635,-0.0223,0.1200
2048888144,38.633554500,-0.267086400,861.5450,7.2100,0.7600,-60.9300,-0.6288,-0.0270,0.1542
2048939168,38.633554500,-0.267086400,861.5375,6.6700,-0.1200,-60.7000,-0.5833,-0.0371,0.2109
2048990192,38.633554500,-0.267086400,861.5267,6.1200,0.0000,-60.2800,-0.5397,-0.0617,0.2659
2049031260,38.633555900,-0.267089800,861.5159,5.5700,0.3700,-59.8900,-0.4984,-0.0860,0.3101
2049082284,38.633555900,-0.267089800,861.5009,4.7800,0.9600,-59.3400,-0.4373,-0.1218,0.3399
2049133308,38.633555900,-0.267089800,861.4854,3.9700,1.6800,-58.6800,-0.3724,-0.1149,0.3266
2049184332,38.633555900,-0.267089800,861.4728,3.2800,1.8100,-58.0300,-0.2881,-0.0671,0.2309
2049235356,38.633557800,-0.267093000,861.4652,2.5900,2.2600,-57.2700,-0.2358,-0.0078,0.1437
2049286380,38.633557800,-0.267093000,861.4644,1.8500,2.1400,-56.3600,-0.2003,0.0640,-0.0229
2049337404,38.633557800,-0.267093000,861.4686,0.9100,1.4100,-55.4100,-0.1615,0.1129,-0.0814
2049388428,38.633557800,-0.267093000,861.4764,0.0000,1.0900,-54.5400,-0.1292,0.1765,-0.1357
2049429496,38.633559900,-0.267096200,861.4829,-0.5900,0.5200,-53.9100,-0.0986,0.1984,-0.1236
2049480520,38.633559900,-0.267096200,861.4910,-1.2500,0.3300,-53.1500,-0.0607,0.2258,-0.1342
2049531544,38.633559900,-0.267096200,861.4984,-2.0900,0.3700,-52.4000,-0.0284,0.2421,-0.1235
2049582568,38.633559900,-0.267096200,861.5057,-3.0800,1.2000,-51.6300,-0.0323,0.2534,-0.1230
2049633592,38.633562100,-0.267099100,861.5132,-4.2600,2.0200,-50.9000,-0.0700,0.2578,-0.1460
2049684616,38.633562100,-0.267099100,861.5223,-5.6600,2.7700,-50.2000,-0.1149,0.2654,-0.2002
2049735639,38.633562100,-0.267099100,861.5341,-7.1900,4.0400,-49.5800,-0.1792,0.2542,-0.2333
2049786663,38.633562100,-0.267099100,861.5483,-8.5800,4.2200,-48.8500,-0.2419,0.2412,-0.3291
2049827731,38.633564200,-0.267101900,861.5631,-9.7700,4.5700,-48.3400,-0.2930,0.2130,-0.3455
2049878755,38.633564200,-0.267101900,861.5812,-11.2400,3.9700,-47.6200,-0.3526,0.1864,-0.3518
2049929779,38.633564200,-0.267101900,861.5979,-12.2800,2.8700,-47.0700,-0.3460,0.1301,-0.2828
2049980803,38.633564200,-0.267101900,861.6098,-13.0000,1.8000,-46.7200,-0.3401,0.0775,-0.1886
2050031827,38.633565900,-0.267104700,861.6171,-13.5500,1.9100,-46.8100,-0.3356,0.0325,-0.0863
2050082851,38.633565900,-0.267104700,861.6190,-13.9800,2.5200,-47.1000,-0.3633,-0.0093,-0.0060
2050133875,38.633565900,-0.267104700,861.6177,-14.4100,3.5500,-47.4000,-0.3922,-0.0590,0.0582
2050184899,38.633565900,-0.267104700,861.6142,-14.6400,3.9700,-47.3400,-0.4512,-0.0883,0.0721
2050225967,38.633567600,-0.267107800,861.6110,-14.6400,4.0500,-47.1200,-0.4865,-0.1044,0.0829
2050276991,38.633567600,-0.267107800,861.6076,-14.6300,4.7300,-46.8200,-0.5320,-0.1121,0.0750
2050328015,38.633567600,-0.267107800,861.6034,-14.2200,3.9100,-46.4900,-0.5528,-0.1397,0.0734
2050379039,38.633567600,-0.267107800,861.5988,-13.7500,3.5900,-46.2000,-0.5750,-0.1637,0.1334
2050430063,38.633569100,-0.267111200,861.5913,-13.2300,2.8200,-46.0500,-0.6162,-0.1794,0.1715
2050481087,38.633569100,-0.267111200,861.5812,-12.6400,1.8200,-46.0600,-0.6222,-0.2144,0.2423
2050532111,38.633569100,-0.267111200,861.5670,-12.1100,1.4800,-46.3200,-0.6669,-0.2539,0.3319
2050583135,38.633569100,-0.267111200,861.5479,-11.6300,1.5700,-46.7200,-0.7051,-0.3134,0.4252
2050624203,38.633570200,-0.267114900,861.5301,-11.2800,1.8100,-47.1500,-0.7308,-0.3487,0.4762
2050675227,38.633570200,-0.267114900,861.5051,-11.0100,2.2500,-47.7900,-0.7520,-0.3985,0.5313
2050726251,38.633570200,-0.267114900,861.4783,-10.5600,2.5500,-48.6900,-0.7900,-0.4078,0.5349
2050777275,38.633570200,-0.267114900,861.4527,-9.9600,2.9600,-49.7400,-0.8245,-0.4485,0.4791
2050828299,38.633571100,-0.267119200,861.4299,-9.0500,3.2700,-50.7400,-0.8837,-0.4381,0.4172
2050879323,38.633571100,-0.267119200,861.4117,-7.8700,3.0000,-51.6500,-0.9155,-0.4586,0.3141
2050930347,38.633571100,-0.267119200,861.3973,-6.5700,2.1800,-52.4300,-0.9401,-0.4648,0.2594
2050981371,38.633571100,-0.267119200,861.3852,-5.3900,1.4600,-53.1000,-0.9636,-0.5012,0.2289
2051022439,38.633571100,-0.267119200,861.3758,-4.5300,0.9300,-53.6000,-0.9671,-0.5165,0.2507
2051073463,38.633571700,-0.267123600,861.3616,-3.4900,0.9000,-54.2400,-0.9783,-0.5547,0.3222
2051124487,38.633571700,-0.267123600,861.3440,-2.3000,1.2400,-54.8900,-0.9680,-0.5717,0.3813
2051175511,38.633571700,-0.267123600,861.3248,-0.9900,1.6400,-55.3600,-0.9510,-0.5679,0.4017
2051226535,38.633572000,-0.267128200,861.3058,0.3600,2.0900,-55.6600,-0.9234,-0.5364,0.3676
2051277559,38.633572000,-0.267128200,861.2900,1.6200,2.8600,-55.9000,-0.8842,-0.4805,0.2900
2051328583,38.633572000,-0.267128200,861.2787,2.7200,3.4600,-55.9800,-0.8566,-0.3880,0.1837
2051379607,38.633572000,-0.267128200,861.2738,3.6400,3.5700,-56.2500,-0.8122,-0.3411,0.0593
2051420675,38.633572000,-0.267128200,861.2733,4.0600,3.1600,-56.5000,-0.7885,-0.2960,-0.0041
2051471699,38.633572500,-0.267132400,861.2772,4.1800,3.1200,-56.7200,-0.7711,-0.2617,-0.0816
2051522723,38.633572500,-0.267132400,861.2819,4.2800,2.5500,-57.0000,-0.7374,-0.2408,-0.0596
2051573747,38.633572500,-0.267132400,861.2851,4.5000,2.5700,-57.3000,-0.6972,-0.2411,-0.0194
2051624771,38.633572500,-0.267132400,861.2853,4.7600,2.9000,-57.6800,-0.6551,-0.2434,0.0470
2051675795,38.633573400,-0.267136200,861.2827,5.1900,3.3900,-58.2400,-0.5928,-0.2331,0.1018
2051726819,38.633573400,-0.267136200,861.2781,5.8000,4.0600,-58.9700,-0.5374,-0.2251,0.1437
2051777843,38.633573400,-0.267136200,861.2741,6.3400,4.8400,-59.8300,-0.4822,-0.1692,0.0948
2051818911,38.633573400,-0.267136200,861.2723,6.6500,5.5400,-60.5100,-0.4554,-0.1433,0.0820
2051869935,38.633574300,-0.267140100,861.2708,7.1700,6.1100,-61.3700,-0.4197,-0.0610,0.0443
2051920959,38.633574300,-0.267140100,861.2727,7.6100,6.3100,-61.8200,-0.4119,-0.0267,-0.0337
2051971983,38.633574300,-0.267140100,861.2755,7.9500,5.2600,-62.2600,-0.3831,0.0150,-0.0402
2052023007,38.633575500,-0.267143800,861.2795,8.0000,4.5500,-62.4800,-0.3535,0.0408,-0.0474
2052074031,38.633575500,-0.267143800,861.2811,7.9000,3.3500,-62.5700,-0.2977,0.0498,-0.0012
2052125055,38.633575500,-0.267143800,861.2796,7.9800,3.1000,-62.4800,-0.2484,0.0431,0.0879
2052176079,38.633575500,-0.267143800,861.2736,8.2100,3.5800,-62.1300,-0.1973,0.0552,0.1438
2052217147,38.633575500,-0.267143800,861.2666,8.4700,4.7700,-61.6100,-0.1666,0.0461,0.1985
2052268171,38.633576800,-0.267147100,861.2560,8.8400,5.9000,-60.7800,-0.1285,0.0864,0.1873
2052319195,38.633576800,-0.267147100,861.2468,9.0800,6.6300,-59.7300,-0.0823,0.1006,0.1579
2052370219,38.633576800,-0.267147100,861.2399,9.3500,6.9800,-58.7100,-0.0212,0.1552,0.1060
2052421243,38.633576800,-0.267147100,861.2357,9.4100,6.3800,-57.5900,0.0297,0.2013,0.0398
2052472267,38.633578500,-0.267150300,861.2356,9.3500,5.8000,-56.6000,0.0966,0.2376,0.0105
2052523291,38.633578500,-0.267150300,861.2356,9.0600,4.8400,-55.4600,0.1493,0.3228,-0.0080
2052574315,38.633578500,-0.267150300,861.2359,8.7100,4.7000,-54.1000,0.2143,0.3681,0.0273
2052615383,38.633578500,-0.267150300,861.2352,8.3900,4.3900,-53.0600,0.2543,0.3982,0.0404
2052666407,38.633580300,-0.267153100,861.2334,7.8600,4.8900,-51.9800,0.3089,0.4073,0.0786
2052717431,38.633580300,-0.267153100,861.2298,7.1000,5.7900,-51.1700,0.3298,0.4218,0.0865
2052768455,38.633580300,-0.267153100,861.2268,6.1900,7.4400,-50.4500,0.3517,0.4602,0.0940
2052819479,38.633582600,-0.267155500,861.2238,5.3100,8.5100,-50.0300,0.3597,0.5024,0.0558
2052870503,38.633582600,-0.267155500,861.2230,4.3700,9.4100,-49.8000,0.3805,0.4978,0.0298
2052921527,38.633582600,-0.267155500,861.2237,3.6500,9.7200,-50.0500,0.3958,0.5041,-0.0102
2052972551,38.633582600,-0.267155500,861.2267,2.8300,8.8200,-50.4300,0.3640,0.5032,-0.0821
2053013619,38.633582600,-0.267155500,861.2312,2.0000,8.6300,-50.4800,0.3362,0.5063,-0.0998
2053064643,38.633585100,-0.267158100,861.2374,0.8200,7.8400,-50.4100,0.3127,0.5107,-0.1180
2053115667,38.633585100,-0.267158100,861.2429,-0.1900,6.4500,-50.4000,0.3177,0.4856,-0.0755
2053166691,38.633585100,-0.267158100,861.2463,-1.1600,5.3300,-50.2600,0.3090,0.4542,-0.0210
2053217715,38.633585100,-0.267158100,861.2464,-2.0100,4.9900,-50.0000,0.2951,0.4397,0.0539
2053268739,38.633587400,-0.267160600,861.2433,-2.7300,5.1300,-49.5700,0.2976,0.4269,0.0978
2053319763,38.633587400,-0.267160600,861.2395,-3.4400,5.4200,-48.8800,0.2882,0.4276,0.0931
2053370787,38.633587400,-0.267160600,861.2374,-4.2200,5.2100,-47.9900,0.2836,0.4557,0.0271
2053411855,38.633587400,-0.267160600,861.2375,-4.9000,4.8400,-47.1000,0.2747,0.4777,-0.0175
2053462879,38.633589700,-0.267163000,861.2407,-5.8000,4.5500,-45.7900,0.2635,0.4924,-0.0843
2053513903,38.633589700,-0.267163000,861.2480,-6.4800,3.7200,-44.6600,0.2401,0.5220,-0.1575
2053564927,38.633589700,-0.267163000,861.2560,-7.2200,2.7600,-43.2700,0.2227,0.5215,-0.1675
2053615951,38.633589700,-0.267163000,861.2646,-7.6300,1.7000,-42.1200,0.2255,0.5113,-0.1499
2053666975,38.633591900,-0.267165200,861.2707,-7.8100,0.8900,-41.2900,0.2300,0.4878,-0.0770
2053717999,38.633591900,-0.267165200,861.2740,-7.8700,1.2400,-40.8600,0.2101,0.4643,-0.0146
2053769023,38.633591900,-0.267165200,861.2738,-7.9500,2.0700,-40.6600,0.2042,0.4235,0.0537
2053810091,38.633591900,-0.267165200,861.2713,-8.1200,3.1300,-40.6600,0.1976,0.4017,0.0899
2053861115,38.633594100,-0.267167600,861.2667,-8.4300,3.6500,-40.6900,0.2030,0.3813,0.1028
2053912139,38.633594100,-0.267167600,861.2632,-8.6700,3.3200,-40.7200,0.1961,0.3660,0.0856
2053963163,38.633594100,-0.267167600,861.2617,-8.8800,2.0600,-40.9400,0.2056,0.3452,-0.0005
2054014187,38.633594100,-0.267167600,861.2640,-9.3800,1.6900,-41.3600,0.1552,0.3337,-0.0594
2054065211,38.633596100,-0.267170300,861.2695,-10.1100,2.8100,-41.9100,0.1081,0.3128,-0.1057
2054116235,38.633596100,-0.267170300,861.2752,-10.6600,2.8100,-42.3200,0.0656,0.2931,-0.1101
2054167259,38.633596100,-0.267170300,861.2818,-10.9700,1.6300,-42.5900,0.0594,0.2575,-0.1004
2054208327,38.633596100,-0.267170300,861.2858,-11.1800,0.3300,-42.7200,0.0687,0.2311,-0.0760
2054259351,38.633597900,-0.267173200,861.2891,-11.6100,-0.0800,-43.1300,0.0828,0.2117,-0.0317
2054310375,38.633597900,-0.267173200,861.2895,-12.0800,0.4800,-43.6900,0.0848,0.2034,0.0247
2054361399,38.633597900,-0.267173200,861.2880,-12.6000,1.4800,-44.2400,0.0777,0.2008,0.0571
2054412423,38.633597900,-0.267173200,861.2853,-13.0500,2.2700,-44.6700,0.0754,0.1889,0.0754
2054463447,38.633599700,-0.267176200,861.2828,-13.4400,2.8300,-45.0300,0.0535,0.1771,0.0668
2054514471,38.633599700,-0.267176200,861.2813,-13.7500,2.9800,-45.1800,0.0355,0.1798,0.0206
2054565495,38.633599700,-0.267176200,861.2810,-14.0900,3.0900,-44.9800,0.0058,0.1650,0.0186
2054606563,38.633599700,-0.267176200,861.2810,-14.0600,3.3500,-45.0200,-0.0145,0.1527,0.0225
2054657587,38.633601500,-0.267179200,861.2779,-13.7700,3.2300,-44.9800,-0.0352,0.1420,0.0896
2054708611,38.633601500,-0.267179200,861.2724,-12.9900,2.7700,-45.1100,-0.0610,0.1218,0.1513
2054759635,38.633601500,-0.267179200,861.2632,-11.8800,1.5400,-45.1700,-0.1056,0.0866,0.2139
2054810659,38.633601500,-0.267179200,861.2495,-10.7100,0.9800,-45.4500,-0.1440,0.0309,0.3165
2054861683,38.633603200,-0.267182300,861.2323,-9.4700,1.4800,-45.9600,-0.1667,-0.0224,0.3931
2054912707,38.633603200,-0.267182300,861.2109,-8.2400,1.8900,-46.6000,-0.1861,-0.0653,0.4616
2054963731,38.633603200,-0.267182300,861.1876,-7.0200,2.4900,-47.3400,-0.2020,-0.1061,0.4883
2055004800,38.633603200,-0.267182300,861.1689,-6.0000,2.7900,-48.0500,-0.2222,-0.1327,0.4779
2055055824,38.633604700,-0.267185700,861.1475,-4.5600,3.3700,-49.1100,-0.2434,-0.1496,0.4156
2055106848,38.633604700,-0.267185700,861.1299,-3.0400,3.6600,-50.3100,-0.2825,-0.1560,0.3281
2055157872,38.633604700,-0.267185700,861.1189,-1.5800,3.4300,-51.5200,-0.3062,-0.1868,0.1944
2055208896,38.633604700,-0.267185700,861.1127,-0.4200,2.3300,-52.6500,-0.3330,-0.2020,0.1062
2055259920,38.633605900,-0.267189600,861.1101,0.6100,1.3200,-53.7000,-0.3573,-0.2321,0.0746
2055310944,38.633605900,-0.267189600,861.1083,1.7600,0.2200,-54.6500,-0.3732,-0.2521,0.0476
2055361968,38.633605900,-0.267189600,861.1065,3.0100,0.0000,-55.4600,-0.3692,-0.2845,0.0607
2055403036,38.633605900,-0.267189600,861.1048,3.9400,0.5400,-55.9800,-0.3532,-0.2993,0.0575
2055454060,38.633607000,-0.267193500,861.1025,5.1500,1.1800,-56.5500,-0.3155,-0.3143,0.0614
2055505084,38.633607000,-0.267193500,861.1003,6.4600,2.0000,-56.9200,-0.2812,-0.3138,0.0558
2055556108,38.633607000,-0.267193500,861.0993,7.8800,2.7400,-57.0900,-0.2483,-0.2914,0.0025
2055607132,38.633607000,-0.267193500,861.1014,9.2200,3.6500,-57.0600,-0.1953,-0.2465,-0.0581
2055658156,38.633608000,-0.267197500,861.1065,10.2400,4.3100,-56.7300,-0.1746,-0.1640,-0.1312
2055709180,38.633608000,-0.267197500,861.1157,11.1300,4.0900,-56.5100,-0.1157,-0.1169,-0.1977
2055760204,38.633608000,-0.267197500,861.1253,11.9100,3.2900,-56.2800,-0.0985,-0.0356,-0.1927
2055801272,38.633608000,-0.267197500,861.1334,12.4100,2.7900,-55.8800,-0.0653,0.0330,-0.2063
2055852296,38.633609400,-0.267201000,861.1417,13.1500,1.6900,-55.5100,-0.0185,0.0590,-0.1357
2055903320,38.633609400,-0.267201000,861.1464,13.9200,0.8100,-55.1200,0.0227,0.0813,-0.0910
2055954344,38.633609400,-0.267201000,861.1475,14.6400,0.5100,-54.5700,0.0794,0.0908,-0.0006
2056005368,38.633609400,-0.267201000,861.1449,15.0900,1.0400,-53.9400,0.1222,0.1004,0.0542
2056056392,38.633610800,-0.267204000,861.1401,15.2300,1.6400,-53.4600,0.1635,0.1320,0.0912
2056107416,38.633610800,-0.267204000,861.1341,15.0100,2.2600,-53.2700,0.1915,0.1597,0.1067
2056158440,38.633610800,-0.267204000,861.1285,14.4200,2.9500,-53.1800,0.1999,0.1635,0.0921
2056199508,38.633610800,-0.267204000,861.1237,13.9000,3.2600,-53.4700,0.1987,0.1898,0.1055
2056250532,38.633612600,-0.267206900,861.1185,12.8500,3.1600,-53.7200,0.1692,0.2313,0.0602
2056301556,38.633612600,-0.267206900,861.1135,11.3900,2.8500,-53.6300,0.1273,0.2391,0.1125
2056352580,38.633612600,-0.267206900,861.1051,9.9600,1.8100,-53.5900,0.1066,0.2597,0.1882
2056403605,38.633612600,-0.267206900,861.0912,8.6000,0.5300,-53.4600,0.1055,0.2279,0.3218
2056454629,38.633614400,-0.267209500,861.0705,7.2300,-0.6100,-53.3000,0.1092,0.2386,0.4570
2056505653,38.633614400,-0.267209500,861.0426,5.8400,-1.6800,-53.0600,0.1109,0.2385,0.5974
2056556677,38.633614400,-0.267209500,861.0083,4.5400,-2.2400,-52.7200,0.1118,0.2170,0.7150
2056597745,38.633614400,-0.267209500,860.9781,3.6100,-2.6000,-52.3500,0.1110,0.2162,0.7344
2056648769,38.633616100,-0.267212000,860.9402,2.6300,-3.3300,-51.7100,0.0929,0.2140,0.7349
2056699793,38.633616100,-0.267212000,860.9053,1.9400,-4.0000,-50.9500,0.0942,0.2099,0.6500
2056750817,38.633616100,-0.267212000,860.8742,1.2300,-4.0800,-50.1200,0.0699,0.2349,0.5624
2056801841,38.633616100,-0.267212000,860.8485,0.6300,-3.9900,-49.2800,0.0828,0.2146,0.4570
2056852865,38.633617600,-0.267214700,860.8271,0.1200,-4.2500,-48.5100,0.0843,0.2154,0.3817
2056903889,38.633617600,-0.267214700,860.8096,-0.1900,-4.6100,-47.8700,0.1077,0.2220,0.3130
2056954913,38.633617600,-0.267214700,860.7959,-0.2700,-5.0300,-47.3900,0.1360,0.2095,0.2387
2056995981,38.633617600,-0.267214700,860.7868,-0.2700,-5.3300,-47.0900,0.1688,0.1822,0.1882
2057047005,38.633619100,-0.267217300,860.7785,-0.2300,-4.8300,-46.8200,0.1974,0.1368,0.1208
2057098029,38.633619100,-0.267217300,860.7737,-0.4000,-3.9400,-46.6200,0.2262,0.0942,0.0421
2057149053,38.633619100,-0.267217300,860.7728,-0.6500,-3.3600,-46.6100,0.2584,0.0627,-0.0393
2057200077,38.633619100,-0.267217300,860.7769,-0.7200,-3.0000,-46.7900,0.2591,0.0377,-0.1513
2057251101,38.633621000,-0.267220100,860.7866,-0.6500,-2.0400,-47.0100,0.2428,0.0423,-0.2600
2057302125,38.633621000,-0.267220100,860.8024,-0.5300,-1.0400,-47.3600,0.2358,0.0489,-0.3984
2057353149,38.633621000,-0.267220100,860.8254,-0.7900,0.3900,-47.6200,0.2252,0.0195,-0.5058
2057394218,38.633621000,-0.267220100,860.8466,-0.9500,0.9200,-47.7300,0.2052,0.0130,-0.5534
2057445242,38.633623000,-0.267223100,860.8759,-1.1500,1.5000,-47.7600,0.1968,0.0018,-0.6098
2057496266,38.633623000,-0.267223100,860.9069,-1.3900,2.2700,-47.8000,0.2131,-0.0155,-0.6253
2057547290,38.633623000,-0.267223100,860.9384,-1.4600,3.8800,-47.9200,0.2260,-0.0310,-0.6169
2057598314,38.633623000,-0.267223100,860.9697,-1.4900,6.3500,-48.0200,0.2301,-0.0190,-0.6174
2057649338,38.633624700,-0.267226200,861.0006,-1.5800,9.3600,-47.9700,0.2339,-0.0001,-0.5984
2057700362,38.633624700,-0.267226200,861.0311,-1.7800,12.4600,-47.7700,0.2343,0.0247,-0.5953
2057751386,38.633624700,-0.267226200,861.0603,-2.0300,14.6300,-47.3700,0.2296,0.0567,-0.5842
2057792454,38.633624700,-0.267226200,861.0837,-2.2600,15.8500,-46.9800,0.2404,0.0725,-0.5778
2057843478,38.633626700,-0.267229300,861.1120,-2.5700,16.1900,-46.1500,0.2092,0.1324,-0.5643
2057894502,38.633626700,-0.267229300,861.1400,-2.7700,15.3000,-45.3300,0.2144,0.1566,-0.5492
2057945526,38.633626700,-0.267229300,861.1666,-2.9700,14.2000,-44.5500,0.1902,0.2255,-0.5233
2057996550,38.633626700,-0.267229300,861.1918,-3.2200,13.7900,-43.8100,0.1555,0.2763,-0.4821
2058047574,38.633628600,-0.267232100,861.2140,-3.4200,13.5400,-43.0900,0.1390,0.3032,-0.4062
2058098598,38.633628600,-0.267232100,861.2312,-3.6700,13.4000,-42.4500,0.1217,0.3194,-0.2704
2058149623,38.633628600,-0.267232100,861.2395,-3.7500,12.9000,-41.7400,0.1114,0.3322,-0.0885
2058190691,38.633628600,-0.267232100,861.2396,-3.7200,12.5300,-41.2300,0.1100,0.3298,0.0610
2058241715,38.633630400,-0.267234400,861.2316,-3.5400,11.4400,-40.7000,0.1069,0.3486,0.2252
2058292739,38.633630400,-0.267234400,861.2162,-3.4300,10.5100,-40.2700,0.0847,0.3550,0.3635
2058343763,38.633630400,-0.267234400,861.1944,-3.2700,10.0100,-39.9100,0.0444,0.3825,0.4737
2058394787,38.633630400,-0.267234400,861.1680,-3.0900,10.3900,-39.5500,-0.0229,0.4209,0.5683
2058445811,38.633632100,-0.267236500,861.1388,-2.7900,10.4900,-38.8800,-0.0764,0.4512,0.5756
2058496835,38.633632100,-0.267236500,861.1086,-2.3400,9.9200,-37.8800,-0.1381,0.4581,0.5994
2058547859,38.633632100,-0.267236500,861.0802,-1.9300,9.1000,-36.7300,-0.2103,0.4654,0.5779
2058588927,38.633632100,-0.267236500,861.0574,-1.5700,8.1300,-35.6200,-0.2356,0.4580,0.5710
2058639951,38.633633300,-0.267238300,861.0302,-0.8800,7.4200,-34.1200,-0.2527,0.4737,0.5594
2058690975,38.633633300,-0.267238300,861.0037,-0.0500,7.0800,-32.4100,-0.2575,0.4779,0.5220
2058742000,38.633633300,-0.267238300,860.9783,0.8800,7.5100,-30.5000,-0.2412,0.4995,0.5079
2058793024,38.633633300,-0.267238300,860.9552,1.8600,8.2000,-28.3700,-0.2000,0.5290,0.4398
2058844048,38.633634200,-0.267239900,860.9348,3.0300,8.3800,-26.0000,-0.1601,0.5774,0.3817
2058895072,38.633634200,-0.267239900,860.9192,4.4600,8.5900,-23.3400,-0.1210,0.6517,0.2824
2058946096,38.633634200,-0.267239900,860.9080,6.0900,8.8900,-20.3200,-0.0943,0.7203,0.2012
2058987164,38.633634200,-0.267239900,860.9019,7.4100,8.9000,-17.5200,-0.0920,0.7988,0.1163
2059038188,38.633635100,-0.267241400,860.8987,8.9400,8.5400,-13.7700,-0.0725,0.8961,0.0427
2059089212,38.633635100,-0.267241400,860.8982,10.1700,8.0800,-9.9200,-0.0660,1.0128,-0.0117
2059140236,38.633635100,-0.267241400,860.8988,11.1400,7.7200,-6.1600,-0.0176,1.0991,-0.0144
2059191260,38.633635100,-0.267241400,860.8994,11.8400,7.3400,-2.4200,0.0147,1.1867,-0.0191
2059242284,38.633636000,-0.267242000,860.8998,12.1300,6.3600,1.1100,0.0596,1.2758,-0.0078
2059293308,38.633636000,-0.267242000,860.8992,12.2000,5.6200,4.4500,0.1023,1.3573,0.0308
2059344332,38.633636000,-0.267242000,860.8966,12.1800,5.1500,7.6300,0.1157,1.4394,0.0452
2059385400,38.633636000,-0.267242000,860.8944,12.0900,5.2800,10.1400,0.1183,1.5087,0.0502
2059436424,38.633637000,-0.267241900,860.8917,11.9400,5.4600,13.0500,0.1256,1.5913,0.0341
2059487449,38.633637000,-0.267241900,860.8911,11.7100,5.7000,15.7500,0.1309,1.6687,-0.0163
2059538473,38.633637000,-0.267241900,860.8937,11.4100,5.5600,18.2000,0.1113,1.7257,-0.0745
2059589497,38.633637000,-0.267241900,860.8983,11.1600,5.3900,20.4300,0.0751,1.7870,-0.1177
2059640521,38.633638400,-0.267241400,860.9064,10.4800,4.8100,22.3800,0.0345,1.8232,-0.2182
2059691545,38.633638400,-0.267241400,860.9181,9.3200,5.0000,24.6600,0.0451,1.8429,-0.2244
2059742569,38.633638400,-0.267241400,860.9295,8.1200,4.4500,26.8900,0.0255,1.8458,-0.2528
2059783637,38.633638400,-0.267241400,860.9401,7.1500,3.5000,28.6800,0.0308,1.8470,-0.2560
2059834661,38.633640000,-0.267240100,860.9534,6.1000,1.6000,30.8600,-0.0035,1.8559,-0.2484
2059885685,38.633640000,-0.267240100,860.9653,5.2600,0.5800,33.2000,-0.0207,1.8574,-0.1991
2059936709,38.633640000,-0.267240100,860.9759,4.4900,0.4400,35.6000,-0.0608,1.8484,-0.1962
2059987733,38.633640000,-0.267240100,860.9836,3.8800,0.9200,37.9400,-0.0684,1.8505,-0.1217
2060038757,38.633641400,-0.267238700,860.9892,3.3700,2.3000,40.1000,-0.0740,1.8468,-0.0915
2060089782,38.633641400,-0.267238700,860.9930,2.8200,3.1500,41.9800,-0.0645,1.8399,-0.0819
2060140805,38.633641400,-0.267238700,860.9976,2.1300,3.5700,43.6100,-0.0505,1.8250,-0.1188
2060181874,38.633641400,-0.267238700,861.0036,1.4700,3.3600,44.7700,-0.0338,1.8024,-0.1872
2060232898,38.633642500,-0.267237600,861.0148,0.6200,3.2700,46.1200,-0.0471,1.7719,-0.2629
2060283922,38.633642500,-0.267237600,861.0294,-0.0500,3.2500,47.4500,-0.0650,1.7366,-0.3508
2060334946,38.633642500,-0.267237600,861.0468,-0.4500,3.4900,48.8300,-0.0832,1.7211,-0.3698
2060385970,38.633642500,-0.267237600,861.0661,-0.6100,3.1500,50.1900,-0.1099,1.7114,-0.4253
2060436994,38.633644000,-0.267236500,861.0850,-0.7100,2.4700,51.4600,-0.0988,1.7521,-0.3807
2060488018,38.633644000,-0.267236500,861.1042,-0.6700,1.8500,52.3900,-0.1166,1.7670,-0.3955
2060539042,38.633644000,-0.267236500,861.1217,-0.6000,0.9300,53.0900,-0.1101,1.7956,-0.3628
2060580110,38.633644000,-0.267236500,861.1357,-0.5700,0.9500,53.5200,-0.0972,1.8058,-0.3622
2060631134,38.633645800,-0.267235300,861.1522,-0.6700,0.8900,53.9600,-0.0780,1.8336,-0.3428
2060682158,38.633645800,-0.267235300,861.1676,-0.7300,0.9600,54.2800,-0.0577,1.8703,-0.3214
2060733183,38.633645800,-0.267235300,861.1825,-0.7800,0.8400,54.4400,-0.0602,1.9072,-0.3333
2060784207,38.633645800,-0.267235300,861.1985,-0.8500,0.4400,54.4200,-0.0542,1.9345,-0.3492
2060835231,38.633647100,-0.267234200,861.2150,-0.8400,0.1100,54.2000,-0.0422,1.9759,-0.3495
2060886255,38.633647100,-0.267234200,861.2326,-0.8800,0.0200,53.8000,-0.0221,2.0092,-0.3762
2060937279,38.633647100,-0.267234200,861.2505,-0.8500,0.0100,53.1200,-0.0117,2.0438,-0.3721
2060978347,38.633647100,-0.267234200,861.2656,-0.6200,0.3400,52.3400,-0.0261,2.0382,-0.3828
2061029371,38.633648500,-0.267232100,861.2846,-0.4000,0.3600,51.2600,-0.0180,2.0412,-0.4065
2061080395,38.633648500,-0.267232100,861.3049,-0.3200,1.4200,50.2200,-0.0088,2.0058,-0.3898
2061131419,38.633648500,-0.267232100,861.3243,-0.3500,1.8700,49.3500,-0.0030,1.9603,-0.3854
2061182443,38.633648500,-0.267232100,861.3419,-0.3500,1.8600,48.5900,0.0117,1.9360,-0.3167
2061233467,38.633650300,-0.267229700,861.3555,-0.2800,1.7700,47.9000,0.0356,1.9266,-0.2301
2061284492,38.633650300,-0.267229700,861.3648,-0.1700,1.9400,47.2900,0.0599,1.9196,-0.1383
2061335516,38.633650300,-0.267229700,861.3699,-0.1000,2.2700,46.7900,0.0629,1.9160,-0.0762
2061376584,38.633650300,-0.267229700,861.3716,-0.0900,2.7400,46.5200,0.0762,1.9173,-0.0221
2061427608,38.633650300,-0.267229700,861.3721,-0.1500,3.7700,46.3400,0.0754,1.9170,-0.0074
2061478632,38.633650300,-0.267229700,861.3718,-0.2100,4.2700,46.3900,0.0655,1.9050,-0.0013
2061529656,38.633650300,-0.267229700,861.3724,-0.1600,4.5100,46.6600,0.0437,1.8757,-0.0208
2061580680,38.633650300,-0.267229700,861.3730,-0.0200,4.4400,47.1400,0.0286,1.8370,-0.0331
2061631704,38.633654400,-0.267225200,861.3748,0.2900,3.4000,47.5400,0.0175,1.8242,-0.0807
2061682728,38.633656437,-0.267227224,861.3785,0.4100,2.5200,47.9000,0.8328,0.8599,-0.0937
2061733752,38.633656928,-0.267226813,861.3822,0.3400,1.8900,48.1500,0.8014,0.8410,-0.1006
2061774821,38.633657348,-0.267226409,861.3851,0.3100,1.2700,48.2600,0.7784,0.8302,-0.0769
2061825845,38.633657879,-0.267225851,861.3869,0.4200,0.2700,48.3100,0.7519,0.8159,-0.0424
2061876869,38.633658368,-0.267225303,861.3865,0.6000,-0.3400,48.3400,0.7413,0.8235,0.0013
2061927893,38.633658823,-0.267224759,861.3836,0.7900,-0.1900,48.3500,0.7350,0.8396,0.0533
2061978917,38.633659252,-0.267224217,861.3777,0.9600,0.3900,48.3800,0.7291,0.8413,0.0897
2062029941,38.633659718,-0.267223622,861.3694,1.1600,0.9900,48.3100,0.7264,0.8543,0.1158
2062080965,38.633660370,-0.267222840,861.3594,1.3500,2.0200,48.1300,0.7317,0.8499,0.0964
2062131989,38.633660972,-0.267222101,861.3517,1.5100,3.0800,47.8700,0.7207,0.8217,0.0454
2062173057,38.633661419,-0.267221550,861.3475,1.6400,3.8000,47.7600,0.7070,0.7687,0.0165
2062224082,38.633661960,-0.267220882,861.3471,1.6900,3.8000,47.6100,0.7083,0.7411,-0.0969
2062275106,38.633662552,-0.267220148,861.3529,1.6400,3.5200,47.5400,0.7277,0.7245,-0.1299
2062326130,38.633663107,-0.267219463,861.3609,1.7800,2.5800,47.5100,0.7320,0.7091,-0.1939
2062377154,38.633663634,-0.267218817,861.3722,1.9800,0.8500,47.4700,0.7485,0.7039,-0.2672
2062428178,38.633664146,-0.267218195,861.3878,1.8500,0.0300,47.5000,0.7725,0.6978,-0.3293
2062479202,38.633664656,-0.267217577,861.4083,1.4500,0.7000,47.5600,0.7731,0.6907,-0.3575
2062530226,38.633665141,-0.267216998,861.4283,0.9000,1.8100,47.7000,0.7727,0.6630,-0.3522
2062571294,38.633665514,-0.267216564,861.4432,0.4700,3.0400,47.8500,0.7652,0.6483,-0.3086
2062622318,38.633665960,-0.267216052,861.4593,0.0900,4.1600,48.0100,0.7606,0.6364,-0.2681
2062673343,38.633666394,-0.267215567,861.4759,-0.0600,4.8400,48.1500,0.7575,0.6366,-0.2411
2062724367,38.633666809,-0.267215107,861.4919,-0.0700,4.9500,48.2200,0.7550,0.6172,-0.2716
2062775391,38.633667208,-0.267214675,861.5083,-0.1500,5.0300,48.3200,0.7332,0.5805,-0.3037
2062826415,38.633667555,-0.267214298,861.5277,-0.3600,5.5700,48.5600,0.6930,0.5278,-0.4036
2062877439,38.633667795,-0.267214002,861.5480,-0.7400,6.8700,49.1000,0.6373,0.4775,-0.4396
2062928463,38.633668019,-0.267213722,861.5695,-0.9800,8.0100,49.5900,0.5985,0.4624,-0.4621
2062969531,38.633668195,-0.267213495,861.5883,-1.0300,8.2200,49.8600,0.5854,0.4641,-0.4910
2063020555,38.633668392,-0.267213230,861.6115,-1.1300,8.4000,50.1600,0.5675,0.4478,-0.4577
2063071579,38.633668500,-0.267213025,861.6330,-1.0700,8.3800,50.4500,0.5211,0.4110,-0.4432
2063122603,38.633668613,-0.267212826,861.6528,-1.0400,8.4600,50.7700,0.5009,0.3917,-0.3802
2063173628,38.633668727,-0.267212625,861.6696,-1.0500,8.7600,51.1000,0.4774,0.3805,-0.3255
2063224652,38.633668838,-0.267212424,861.6829,-1.0500,8.9500,51.4100,0.4700,0.3962,-0.2719
2063275676,38.633668925,-0.267212234,861.6909,-1.0900,9.1200,51.6900,0.4643,0.4109,-0.2411
2063326700,38.633669029,-0.267212022,861.6982,-1.2100,9.5300,51.9500,0.4656,0.4268,-0.2168
2063367768,38.633669124,-0.267211841,861.7046,-1.3600,9.7900,52.1400,0.4665,0.4263,-0.2339
2063418792,38.633669251,-0.267211597,861.7136,-1.5100,9.4900,52.3300,0.4641,0.4457,-0.2671
2063469816,38.633669389,-0.267211311,861.7236,-1.4300,9.3200,52.3800,0.4914,0.4608,-0.3018
2063520840,38.633669551,-0.267211018,861.7361,-1.1200,9.1200,52.2100,0.4855,0.4409,-0.3399
2063571864,38.633669725,-0.267210722,861.7507,-0.8400,8.7700,51.9400,0.5055,0.4562,-0.3833
2063622889,38.633669913,-0.267210421,861.7681,-0.6300,8.6700,51.5000,0.5129,0.4512,-0.4005
2063673913,38.633670093,-0.267210130,861.7861,-0.3700,8.4000,51.0900,0.5054,0.4228,-0.4037
2063724937,38.633670285,-0.267209853,861.8040,-0.1900,8.6500,50.8400,0.5116,0.3972,-0.3679
2063766005,38.633670448,-0.267209634,861.8168,-0.0300,9.0100,50.7200,0.5186,0.3988,-0.3189
2063817029,38.633670652,-0.267209361,861.8301,0.2400,9.2800,50.5700,0.5287,0.4222,-0.2543
2063868053,38.633670831,-0.267209106,861.8412,0.4900,9.1500,50.3500,0.5420,0.4478,-0.2074
2063919077,38.633671021,-0.267208835,861.8513,0.6900,9.1600,50.1100,0.5345,0.4553,-0.1986
2063970101,38.633671217,-0.267208559,861.8615,0.8500,9.4900,49.9400,0.5206,0.4511,-0.2125
2064021125,38.633671405,-0.267208296,861.8733,0.9700,10.0400,49.9400,0.5060,0.4220,-0.2543
2064072150,38.633671578,-0.267208050,861.8866,1.0600,10.3000,50.1300,0.4776,0.3957,-0.3187
2064123174,38.633671749,-0.267207813,861.9029,0.9200,10.7300,50.6800,0.4561,0.3805,-0.3692
2064164242,38.633671886,-0.267207627,861.9185,0.7100,10.7900,51.2200,0.4593,0.3736,-0.4227
2064215266,38.633672056,-0.267207392,861.9408,0.4300,9.9700,51.6900,0.4609,0.4038,-0.4575
2064266290,38.633672191,-0.267207160,861.9653,0.2100,9.8800,52.0000,0.4501,0.4191,-0.4129
2064317314,38.633672326,-0.267206925,861.9879,0.1200,10.0300,52.2200,0.4191,0.4041,-0.3973
2064368338,38.633672459,-0.267206692,862.0080,0.1100,10.0000,52.4000,0.4101,0.4057,-0.3268
2064419362,38.633672588,-0.267206450,862.0238,0.1100,10.1400,52.5900,0.4071,0.4220,-0.2453
2064470387,38.633672692,-0.267206175,862.0333,0.1700,9.9600,52.7700,0.4112,0.4547,-0.1539
2064521411,38.633672808,-0.267205886,862.0391,0.2800,9.7000,52.9000,0.4235,0.4745,-0.0842
2064562479,38.633672914,-0.267205646,862.0418,0.3600,9.4400,52.9900,0.4332,0.4745,-0.0744
2064613503,38.633673056,-0.267205354,862.0460,0.3200,9.8500,53.0600,0.4460,0.4682,-0.0872
2064664527,38.633673223,-0.267205045,862.0513,0.2800,9.9400,52.9400,0.4558,0.4685,-0.1675
2064715551,38.633673407,-0.267204736,862.0609,0.2500,9.4300,52.6100,0.4773,0.4634,-0.2456
2064766575,38.633673598,-0.267204442,862.0745,0.3800,8.7600,52.0400,0.4808,0.4417,-0.3034
2064817600,38.633673809,-0.267204151,862.0922,0.3200,7.5000,51.3300,0.5183,0.4510,-0.4073
2064868624,38.633674056,-0.267203861,862.1136,0.0800,6.9700,50.5500,0.5676,0.4590,-0.4030
2064919648,38.633674325,-0.267203568,862.1349,-0.0900,5.9100,49.8300,0.5886,0.4545,-0.4366
2064960716,38.633674548,-0.267203334,862.1532,-0.2300,5.3600,49.3000,0.6011,0.4595,-0.4285
2065011740,38.633674833,-0.267203041,862.1744,-0.4400,4.9300,48.6600,0.6034,0.4672,-0.4020
2065062764,38.633675111,-0.267202793,862.1947,-0.5900,5.5800,47.9900,0.6011,0.4725,-0.3664
2065113788,38.633675393,-0.267202539,862.2121,-0.7700,6.5700,47.2800,0.6014,0.4751,-0.3060
2065164812,38.633675675,-0.267202282,862.2269,-0.9500,7.6700,46.6200,0.6003,0.4747,-0.2650
2065215837,38.633675951,-0.267202026,862.2395,-1.2200,8.3700,46.1700,0.5973,0.4732,-0.2550
2065266861,38.633676187,-0.267201785,862.2491,-1.4700,8.6300,45.9800,0.5680,0.4575,-0.2628
2065317885,38.633676414,-0.267201552,862.2599,-1.6900,8.6400,45.9700,0.5313,0.4370,-0.2865
2065358953,38.633676586,-0.267201371,862.2700,-1.8100,8.7500,46.0800,0.4991,0.4169,-0.3092
2065409977,38.633676784,-0.267201159,862.2837,-1.9000,8.9000,46.5200,0.4607,0.3793,-0.3198
2065461001,38.633676919,-0.267201002,862.2967,-1.9400,8.2800,47.1900,0.4660,0.3782,-0.3203
2065512026,38.633677069,-0.267200834,862.3112,-1.9000,7.3000,47.7800,0.4782,0.3742,-0.3335
2065563050,38.633677235,-0.267200662,862.3256,-2.0700,6.3700,48.3800,0.4904,0.3688,-0.3233
2065614074,38.633677400,-0.267200490,862.3399,-2.2000,6.0100,48.8400,0.4791,0.3718,-0.2945
2065665098,38.633677557,-0.267200310,862.3505,-2.2300,5.4900,49.2000,0.4689,0.3820,-0.2443
2065716122,38.633677721,-0.267200115,862.3590,-2.2400,5.6700,49.4300,0.4772,0.4110,-0.1803
2065757190,38.633677861,-0.267199939,862.3639,-2.2600,5.8700,49.5400,0.4882,0.4400,-0.1440
2065808214,38.633678047,-0.267199696,862.3687,-2.3200,6.0300,49.6300,0.5014,0.4810,-0.1217
2065859238,38.633678306,-0.267199384,862.3707,-2.4700,6.1000,49.6800,0.5124,0.5253,-0.1324
2065910262,38.633678561,-0.267199052,862.3751,-2.7000,6.4200,49.7000,0.5100,0.5541,-0.1746
2065961287,38.633678808,-0.267198715,862.3830,-2.8600,6.7000,49.6600,0.4960,0.5456,-0.2441
2066012311,38.633679051,-0.267198385,862.3952,-2.8900,6.6600,49.5300,0.4897,0.5338,-0.3169
2066063335,38.633679327,-0.267198028,862.4131,-2.8500,6.9000,49.2000,0.4756,0.5099,-0.3517
2066114359,38.633679590,-0.267197688,862.4329,-2.8200,6.7700,48.8100,0.4741,0.4952,-0.4087
2066155427,38.633679801,-0.267197423,862.4505,-2.7700,6.6000,48.5200,0.4913,0.4865,-0.4113
2066206451,38.633680061,-0.267197108,862.4714,-2.6400,6.0100,48.1900,0.4923,0.4591,-0.3975
2066257475,38.633680347,-0.267196818,862.4931,-2.4900,5.7400,47.9200,0.5034,0.4449,-0.3614
2066308500,38.633680628,-0.267196530,862.5118,-2.2700,5.8500,47.6300,0.5120,0.4577,-0.3046
2066359524,38.633680907,-0.267196238,862.5278,-2.1000,6.2600,47.3000,0.5280,0.4726,-0.2646
2066410548,38.633681185,-0.267195940,862.5422,-2.0300,6.6700,46.8800,0.5334,0.4841,-0.2494
2066461572,38.633681493,-0.267195628,862.5535,-2.0400,7.3800,46.4100,0.5277,0.4855,-0.2467
2066512596,38.633681786,-0.267195323,862.5656,-2.0800,8.3300,46.0500,0.5145,0.4736,-0.2647
2066553664,38.633682011,-0.267195087,862.5762,-2.1300,8.9300,45.9400,0.5068,0.4595,-0.2797
2066604688,38.633682280,-0.267194806,862.5909,-2.1800,9.2900,46.0100,0.4946,0.4460,-0.3181
2066655713,38.633682553,-0.267194556,862.6046,-2.1500,9.1900,46.3100,0.4739,0.4315,-0.3330
2066706737,38.633682810,-0.267194316,862.6202,-2.1200,9.1000,46.8000,0.4686,0.4303,-0.3531
2066757761,38.633683058,-0.267194068,862.6366,-1.9700,8.5700,47.1500,0.4581,0.4335,-0.3608
2066808785,38.633683296,-0.267193827,862.6528,-1.9200,8.4500,47.5200,0.4521,0.4201,-0.3356
2066859809,38.633683529,-0.267193581,862.6664,-1.8600,8.4400,47.9000,0.4430,0.4139,-0.2861
2066910833,38.633683756,-0.267193334,862.6768,-1.7100,7.9600,48.2500,0.4535,0.4217,-0.2071
2066951901,38.633683942,-0.267193132,862.6826,-1.5600,7.6500,48.5100,0.4705,0.4294,-0.1444
2067002926,38.633684177,-0.267192874,862.6867,-1.3600,7.3700,48.8100,0.4926,0.4499,-0.0773
2067053950,38.633684448,-0.267192601,862.6864,-1.2800,7.6200,49.1100,0.5151,0.4606,-0.0423
2067104974,38.633684720,-0.267192322,862.6858,-1.3000,8.1700,49.4100,0.5243,0.4708,-0.0452
2067155998,38.633684990,-0.267192042,862.6866,-1.4400,8.7700,49.7100,0.5344,0.4715,-0.0795
2067207022,38.633685257,-0.267191761,862.6906,-1.5700,9.0800,49.9600,0.5364,0.4803,-0.1573
2067258046,38.633685534,-0.267191480,862.7001,-1.7400,9.0200,50.1800,0.5332,0.4719,-0.2369
2067309070,38.633685803,-0.267191211,862.7129,-1.8100,8.7500,50.2200,0.5337,0.4655,-0.2802
2067350139,38.633686016,-0.267190995,862.7252,-1.7900,8.4800,50.1600,0.5305,0.4551,-0.3300
2067401163,38.633686280,-0.267190735,862.7416,-1.7400,8.1100,50.0300,0.5457,0.4370,-0.3183
2067452187,38.633686570,-0.267190511,862.7601,-1.5200,7.7800,49.8400,0.5541,0.4074,-0.3044
2067503211,38.633686866,-0.267190306,862.7772,-1.4000,7.5800,49.7000,0.5685,0.3828,-0.2622
2067554235,38.633687163,-0.267190106,862.7915,-1.3200,7.6300,49.6300,0.5845,0.3787,-0.2084
2067605259,38.633687461,-0.267189903,862.8029,-1.2700,7.6200,49.5900,0.5957,0.3821,-0.1687
2067656283,38.633687761,-0.267189716,862.8107,-1.2800,7.6100,49.5500,0.6105,0.3856,-0.1583
2067707308,38.633688063,-0.267189525,862.8190,-1.3800,8.0700,49.5700,0.6195,0.3774,-0.1754
2067748376,38.633688303,-0.267189371,862.8268,-1.4100,8.3500,49.7000,0.6131,0.3715,-0.2057
2067799400,38.633688599,-0.267189182,862.8387,-1.2600,8.2400,50.0400,0.6218,0.3713,-0.2595
2067850424,38.633688885,-0.267188998,862.8522,-1.0100,7.7200,50.4900,0.6333,0.4031,-0.3193
2067901448,38.633689168,-0.267188800,862.8684,-0.7800,7.0900,51.1000,0.6408,0.4178,-0.3728
2067952472,38.633689460,-0.267188583,862.8874,-0.6200,5.8300,51.6700,0.6573,0.4495,-0.4376
2068003496,38.633689756,-0.267188347,862.9091,-0.5500,5.2100,52.0400,0.6672,0.4655,-0.4472
2068054521,38.633690076,-0.267188080,862.9320,-0.6200,5.4800,52.3000,0.6492,0.4842,-0.4580
2068105545,38.633690384,-0.267187799,862.9545,-0.5900,5.8200,52.4300,0.6400,0.5026,-0.4200
2068146613,38.633690629,-0.267187565,862.9707,-0.5100,6.0300,52.5200,0.6374,0.5116,-0.3816
2068197637,38.633690928,-0.267187266,862.9885,-0.4100,6.0100,52.6400,0.6226,0.5271,-0.3189
2068248661,38.633691225,-0.267186944,862.9998,-0.4500,5.8000,52.7600,0.6031,0.5330,-0.2571
2068299685,38.633691509,-0.267186614,863.0075,-0.6100,6.0600,52.8000,0.5722,0.5438,-0.1747
2068350710,38.633691775,-0.267186286,863.0127,-0.8600,6.9200,52.8000,0.5363,0.5254,-0.1418
2068401734,38.633692024,-0.267185974,863.0171,-1.1300,7.6800,52.7100,0.5047,0.4951,-0.1171
2068452758,38.633692254,-0.267185671,863.0197,-1.3100,8.3200,52.6200,0.4794,0.4597,-0.1218
2068503782,38.633692473,-0.267185388,863.0222,-1.2800,8.2000,52.5100,0.4503,0.4185,-0.1120
2068544850,38.633692636,-0.267185180,863.0247,-1.1600,7.4700,52.3600,0.4275,0.3945,-0.1182
2068595874,38.633692836,-0.267184929,863.0285,-1.0500,6.1700,52.1800,0.4320,0.3918,-0.1244
2068646899,38.633693026,-0.267184699,863.0294,-0.9500,5.2300,52.0300,0.4076,0.3888,-0.1050
2068697923,38.633693203,-0.267184474,863.0295,-0.9000,4.4300,51.9000,0.3831,0.3862,-0.0867
2068748947,38.633693374,-0.267184247,863.0292,-0.9200,3.7600,51.8100,0.3795,0.3943,-0.0476
2068799971,38.633693549,-0.267184012,863.0280,-0.9400,3.1100,51.7900,0.4008,0.4082,-0.0228
2068850995,38.633693707,-0.267183770,863.0264,-0.9900,2.5000,51.8000,0.4175,0.4263,-0.0184
2068902019,38.633693869,-0.267183522,863.0256,-1.1100,2.2700,51.8700,0.4256,0.4279,-0.0298
2068943088,38.633694001,-0.267183322,863.0264,-1.1800,2.4800,51.9600,0.4149,0.4262,-0.0522
2068994112,38.633694166,-0.267183080,863.0288,-1.2000,2.9600,52.1600,0.4244,0.4067,-0.0839
2069045136,38.633694349,-0.267182836,863.0364,-1.1800,3.0000,52.5500,0.4587,0.3936,-0.1559
2069096160,38.633694549,-0.267182593,863.0495,-1.3300,2.3900,53.1600,0.4653,0.3821,-0.2386
2069147184,38.633694755,-0.267182352,863.0655,-1.4100,0.9200,53.8300,0.4860,0.4038,-0.2924
2069198209,38.633694972,-0.267182092,863.0847,-1.2800,-0.3800,54.1700,0.5077,0.4335,-0.3575
2069249233,38.633695194,-0.267181842,863.1073,-1.3000,-0.5900,54.3000,0.5265,0.4322,-0.3739
2069300257,38.633695418,-0.267181607,863.1316,-1.3500,-0.0100,54.2700,0.5311,0.4182,-0.3769
2069341325,38.633695604,-0.267181419,863.1499,-1.3500,0.1300,54.2000,0.5464,0.4220,-0.3430
2069392349,38.633695844,-0.267181179,863.1701,-1.3100,0.2800,54.0900,0.5604,0.4341,-0.2934
2069443373,38.633696079,-0.267180952,863.1895,-1.3100,0.7100,53.9600,0.5656,0.4526,-0.2365
2069494398,38.633696310,-0.267180727,863.2068,-1.2900,1.5700,53.7700,0.5639,0.4625,-0.1939
2069545422,38.633696545,-0.267180490,863.2218,-1.2800,2.7300,53.5300,0.5621,0.4742,-0.1788
2069596446,38.633696778,-0.267180248,863.2361,-1.2000,3.9400,53.2000,0.5473,0.4631,-0.1960
2069647470,38.633697012,-0.267179992,863.2491,-1.0300,4.4100,52.8300,0.5098,0.4427,-0.2358
2069698494,38.633697238,-0.267179733,863.2630,-0.7700,4.6100,52.3800,0.4812,0.4371,-0.2659
2069739563,38.633697404,-0.267179530,863.2745,-0.4500,4.6700,51.9400,0.4297,0.4152,-0.2619
2069790587,38.633697589,-0.267179292,863.2891,-0.0200,4.0500,51.3800,0.3913,0.3917,-0.2872
2069841611,38.633697760,-0.267179070,863.3036,0.1700,3.3100,50.8200,0.3810,0.3918,-0.2880
2069892635,38.633697925,-0.267178858,863.3155,0.1600,3.0100,50.2800,0.3753,0.3747,-0.2407
2069943659,38.633698089,-0.267178658,863.3261,-0.0100,3.1900,49.8300,0.3759,0.3554,-0.2002
2069994683,38.633698258,-0.267178459,863.3343,-0.2900,2.9300,49.4500,0.3912,0.3555,-0.1469
2070045708,38.633698429,-0.267178278,863.3396,-0.5700,2.5300,49.1100,0.4056,0.3572,-0.1195
2070096732,38.633698603,-0.267178106,863.3440,-0.8600,2.1400,48.8300,0.4134,0.3625,-0.1236
2070137800,38.633698744,-0.267177959,863.3488,-1.0600,2.1800,48.6800,0.4053,0.3657,-0.1431
2070188824,38.633698916,-0.267177775,863.3562,-1.1800,2.3300,48.6100,0.3853,0.3604,-0.1794
2070239848,38.633699079,-0.267177589,863.3669,-1.1800,2.5200,48.7400,0.3722,0.3600,-0.2183
2070290872,38.633699236,-0.267177400,863.3805,-1.1400,2.5000,49.0700,0.3469,0.3566,-0.2680
2070341897,38.633699385,-0.267177214,863.3964,-1.1700,2.1000,49.6900,0.3296,0.3358,-0.3173
2070392921,38.633699529,-0.267177033,863.4143,-1.3400,1.3700,50.5400,0.3278,0.3329,-0.3447
2070443945,38.633699672,-0.267176844,863.4348,-1.5200,0.9500,51.2600,0.3365,0.3497,-0.3551
2070494969,38.633699813,-0.267176641,863.4547,-1.7400,0.9800,51.8200,0.3309,0.3577,-0.3360
2070536037,38.633699927,-0.267176477,863.4700,-1.9400,1.4100,52.2100,0.3317,0.3580,-0.3047
2070587061,38.633700071,-0.267176267,863.4855,-2.0200,1.1400,52.7200,0.3369,0.3677,-0.2295
2070638086,38.633700210,-0.267176052,863.4963,-2.0400,0.8800,53.2100,0.3499,0.3881,-0.1476
2070689110,38.633700340,-0.267175829,863.5018,-2.0500,0.8700,53.6500,0.3546,0.4074,-0.0662
2070740134,38.633700475,-0.267175594,863.5040,-2.1100,1.2200,53.9600,0.3549,0.4248,-0.0100
2070791158,38.633700613,-0.267175347,863.5042,-2.2100,1.5600,54.1300,0.3536,0.4374,0.0146
2070842182,38.633700757,-0.267175094,863.5036,-2.3100,1.7600,54.1700,0.3506,0.4394,-0.0143
2070893206,38.633700906,-0.267174833,863.5045,-2.2500,1.5600,54.0900,0.3588,0.4548,-0.0608
2070934275,38.633701031,-0.267174621,863.5083,-2.1700,1.2100,53.9500,0.3704,0.4538,-0.1393
2070985299,38.633701194,-0.267174353,863.5167,-1.9500,0.5800,53.6400,0.3819,0.4586,-0.1928
2071036323,38.633701352,-0.267174102,863.5295,-1.6700,-0.3500,53.2000,0.3858,0.4363,-0.2759
2071087347,38.633701502,-0.267173878,863.5486,-1.8300,-1.5400,52.8200,0.3818,0.4235,-0.3522
2071138371,38.633701649,-0.267173655,863.5687,-1.9400,-2.3600,52.3600,0.3653,0.4108,-0.3450
2071189396,38.633701795,-0.267173443,863.5888,-2.0000,-2.2100,51.8200,0.3612,0.3811,-0.3454
2071240420,38.633701962,-0.267173226,863.6091,-2.1200,-1.7400,51.3000,0.3782,0.3595,-0.3097
2071291444,38.633702149,-0.267173007,863.6273,-2.3300,-1.1300,50.8200,0.4023,0.3548,-0.2422
2071332512,38.633702307,-0.267172832,863.6389,-2.5300,-0.7200,50.4600,0.4233,0.3565,-0.1853
2071383537,38.633702514,-0.267172610,863.6498,-2.7100,-0.3800,50.0000,0.4484,0.3707,-0.1236
2071434561,38.633702733,-0.267172402,863.6582,-2.7600,-0.1100,49.6100,0.4668,0.3715,-0.1199
2071485585,38.633702960,-0.267172219,863.6669,-2.8200,0.4900,49.3700,0.4700,0.3632,-0.1622
2071536609,38.633703190,-0.267172035,863.6784,-2.9600,1.0400,49.3200,0.4834,0.3649,-0.2346
2071587633,38.633703423,-0.267171843,863.6940,-3.2000,1.0100,49.3700,0.4874,0.3766,-0.3274
2071638657,38.633703638,-0.267171654,863.7138,-3.6300,0.3800,49.4600,0.4710,0.3852,-0.4092
2071689682,38.633703832,-0.267171473,863.7369,-4.1300,-0.6200,49.5000,0.4732,0.3914,-0.4778
2071730750,38.633703991,-0.267171325,863.7585,-4.5500,-1.5200,49.4400,0.4755,0.3779,-0.5428
2071781774,38.633704195,-0.267171140,863.7862,-5.0900,-1.9700,49.2400,0.4908,0.3736,-0.5274
2071832798,38.633704407,-0.267170964,863.8143,-5.6200,-1.2400,48.9900,0.5018,0.3404,-0.5198
2071883822,38.633704623,-0.267170795,863.8405,-5.8600,-0.9200,48.7000,0.4983,0.3305,-0.4589
2071934846,38.633704841,-0.267170627,863.8627,-5.8500,-0.7700,48.3200,0.5065,0.3228,-0.3720
2071985871,38.633705068,-0.267170460,863.8801,-5.8200,-0.2700,47.8400,0.5258,0.3158,-0.2632
2072036895,38.633705306,-0.267170294,863.8915,-5.7900,0.5000,47.2900,0.5490,0.3101,-0.1442
2072087919,38.633705557,-0.267170123,863.8965,-5.7000,1.3200,46.7000,0.5783,0.3237,-0.0272
2072128987,38.633705769,-0.267169978,863.8977,-5.5200,1.6200,46.2100,0.5964,0.3299,-0.0036
2072180012,38.633706042,-0.267169788,863.8987,-5.2900,1.7200,45.5100,0.6151,0.3470,-0.0087
2072231036,38.633706321,-0.267169590,863.9014,-5.0200,1.6800,44.6700,0.6109,0.3476,-0.0769
2072282060,38.633706599,-0.267169395,863.9076,-4.7200,1.4800,43.8100,0.6215,0.3368,-0.1430
2072333084,38.633706881,-0.267169204,863.9180,-4.4300,1.1400,42.9400,0.6129,0.3248,-0.2282
2072384108,38.633707164,-0.267169015,863.9311,-4.2600,0.4900,42.0400,0.6247,0.3266,-0.2664
2072435132,38.633707448,-0.267168831,863.9479,-4.2500,-0.9200,41.1800,0.6283,0.3068,-0.3518
2072486157,38.633707745,-0.267168649,863.9667,-4.4400,-2.3200,40.3600,0.6649,0.3090,-0.3582
2072527225,38.633707993,-0.267168506,863.9826,-4.7500,-2.4700,39.6400,0.6801,0.2922,-0.3817
2072578249,38.633708313,-0.267168338,864.0026,-5.3900,-1.9600,38.7000,0.7094,0.2797,-0.3755
2072629273,38.633708680,-0.267168186,864.0220,-6.1700,-1.4700,37.7200,0.7576,0.2739,-0.3460
2072680298,38.633709111,-0.267168051,864.0396,-6.9800,-1.3200,36.7400,0.8132,0.2726,-0.2857
2072731322,38.633709562,-0.267167916,864.0534,-7.7000,-1.4300,35.7800,0.8759,0.2544,-0.2073
2072782346,38.633710031,-0.267167789,864.0633,-8.3000,-1.1500,34.7500,0.9345,0.2363,-0.1129
2072833370,38.633710522,-0.267167673,864.0687,-8.8200,-0.5600,33.6100,0.9959,0.2065,-0.0409
2072884395,38.633711036,-0.267167571,864.0702,-9.3500,-0.0600,32.3700,1.0636,0.1779,0.0300
2072925463,38.633711470,-0.267167501,864.0692,-9.7700,0.3100,31.3200,1.1234,0.1549,0.0686
2072976487,38.633712037,-0.267167427,864.0660,-10.3600,0.7400,30.0300,1.2030,0.1176,0.0975
2073027511,38.633712635,-0.267167375,864.0619,-10.9400,1.3400,28.8000,1.2746,0.0804,0.1098
2073078535,38.633713259,-0.267167344,864.0576,-11.3700,1.7100,27.7400,1.3301,0.0448,0.1020
2073129559,38.633713897,-0.267167327,864.0541,-11.5400,2.0100,26.7900,1.3575,0.0166,0.0851
2073180584,38.633714543,-0.267167335,864.0509,-11.3900,2.7700,25.9800,1.3713,-0.0362,0.0796
2073231608,38.633715191,-0.267167368,864.0490,-10.9300,2.7700,25.1500,1.3833,-0.0751,0.0245
2073282632,38.633715844,-0.267167418,864.0484,-10.4700,2.2700,23.9500,1.4029,-0.0983,0.0182
2073323700,38.633716375,-0.267167470,864.0482,-10.2200,2.2600,22.8100,1.4200,-0.1271,0.0057
2073374724,38.633717043,-0.267167547,864.0477,-9.7500,1.5600,21.3000,1.4406,-0.1431,0.0222
2073425749,38.633717713,-0.267167639,864.0471,-9.0100,0.3400,19.6400,1.4485,-0.1793,0.0289
2073476773,38.633718390,-0.267167748,864.0451,-8.3500,-0.1200,17.7300,1.4660,-0.2051,0.0626
2073527797,38.633719075,-0.267167871,864.0417,-7.8600,0.2800,15.5500,1.4918,-0.2258,0.0958
2073578821,38.633719773,-0.267168004,864.0364,-7.5300,0.5300,13.2800,1.5255,-0.2431,0.1420
2073629846,38.633720410,-0.267168266,864.0280,-7.3100,0.7800,10.8800,1.5552,-0.2718,0.1695
2073680870,38.633720962,-0.267168695,864.0174,-7.1900,1.1900,8.2900,1.5691,-0.3167,0.1765
2073721938,38.633721426,-0.267169034,864.0094,-7.1100,1.7900,6.0500,1.5696,-0.3579,0.1626
2073772962,38.633722016,-0.267169454,864.0011,-6.8900,2.0400,3.2100,1.5495,-0.4071,0.1094
2073823986,38.633722621,-0.267169896,863.9966,-6.5600,2.8600,0.2500,1.5171,-0.4652,0.0529
2073875011,38.633723272,-0.267170397,863.9936,-6.2800,2.6000,-2.7100,1.4743,-0.5101,-0.0407
2073926035,38.633723905,-0.267170901,863.9956,-6.0500,2.3200,-5.7700,1.4491,-0.5714,-0.0663
2073977059,38.633724530,-0.267171412,863.9981,-5.9300,1.6900,-8.6200,1.3963,-0.6246,-0.0879
2074028083,38.633725051,-0.267172007,864.0030,-5.9000,1.2600,-11.3600,1.3555,-0.6798,-0.0646
2074079107,38.633725454,-0.267172708,864.0084,-5.9600,0.6500,-13.9900,1.3137,-0.7321,-0.0338
2074120176,38.633725787,-0.267173260,864.0108,-6.0600,0.5500,-16.0600,1.2868,-0.7638,0.0149
2074171200,38.633726208,-0.267173936,864.0109,-6.2400,0.7600,-18.4600,1.2532,-0.7996,0.0690
2074222224,38.633726622,-0.267174604,864.0086,-6.4100,1.1800,-20.6100,1.2263,-0.8348,0.1098
2074273248,38.633726987,-0.267175277,864.0048,-6.4900,1.4200,-22.4100,1.1949,-0.8647,0.1165
2074324272,38.633727362,-0.267175944,864.0012,-6.5100,1.8300,-23.8300,1.1577,-0.9001,0.1078
2074375297,38.633727738,-0.267176605,863.9985,-6.4600,2.2700,-24.8300,1.1019,-0.9247,0.0674
2074426321,38.633728109,-0.267177239,863.9987,-6.4200,2.4400,-25.4700,1.0515,-0.9315,0.0161
2074477345,38.633728476,-0.267177791,864.0029,-6.4400,2.4600,-25.7700,1.0126,-0.9376,-0.0054
2074518413,38.633728772,-0.267178238,864.0068,-6.4000,1.6900,-25.9000,0.9887,-0.9422,-0.0408
2074569438,38.633729140,-0.267178793,864.0120,-6.1800,0.7600,-26.2300,0.9651,-0.9551,-0.0242
2074620462,38.633729492,-0.267179343,864.0175,-5.9800,0.4700,-26.7200,0.9302,-0.9548,-0.0303
2074671486,38.633729783,-0.267179865,864.0260,-5.8100,0.1200,-27.3400,0.9031,-0.9579,-0.0364
2074722510,38.633730085,-0.267180391,864.0329,-5.7400,-0.2000,-28.0500,0.8903,-0.9593,-0.0046
2074773534,38.633730400,-0.267180920,864.0367,-5.6400,-0.0200,-28.9100,0.8976,-0.9669,0.0577
2074824559,38.633730732,-0.267181445,864.0366,-5.4500,0.1300,-29.8700,0.9105,-0.9778,0.1105
2074875583,38.633731070,-0.267181938,864.0332,-5.2900,0.1800,-30.8100,0.9241,-0.9897,0.1521
2074916651,38.633731354,-0.267182344,864.0290,-5.2300,0.4300,-31.5600,0.9253,-0.9962,0.1618
2074967675,38.633731719,-0.267182861,864.0225,-5.3000,0.8700,-32.4700,0.9377,-1.0017,0.1740
2075018700,38.633732110,-0.267183380,864.0163,-5.3500,1.0700,-33.3500,0.9365,-1.0019,0.1467
2075069724,38.633732562,-0.267183892,864.0114,-5.3800,0.9000,-34.1100,0.9326,-0.9995,0.1031
2075120748,38.633733007,-0.267184408,864.0086,-5.2800,1.0200,-34.7400,0.9219,-0.9950,0.0727
2075171772,38.633733443,-0.267184931,864.0082,-4.8900,0.1800,-35.3600,0.9004,-0.9990,0.0023
2075222796,38.633733876,-0.267185469,864.0094,-4.5400,-0.1700,-35.8800,0.9022,-1.0194,0.0191
2075273821,38.633734305,-0.267186011,864.0135,-4.1500,-0.4100,-36.2100,0.8683,-1.0094,-0.0301
2075314889,38.633734640,-0.267186451,864.0170,-3.8700,-0.9300,-36.2300,0.8619,-1.0141,-0.0168
2075365913,38.633735050,-0.267186998,864.0211,-3.5600,-1.2600,-36.0200,0.8465,-0.9969,-0.0332
2075416937,38.633735465,-0.267187529,864.0246,-3.2500,-1.1400,-35.5300,0.8613,-0.9841,-0.0007
2075467962,38.633735900,-0.267188009,864.0284,-2.8400,-0.4900,-34.7200,0.8789,-0.9662,0.0268
2075518986,38.633736344,-0.267188488,864.0307,-2.3500,0.2200,-33.5400,0.9122,-0.9404,0.0383
2075570010,38.633736797,-0.267188958,864.0326,-1.8400,0.8500,-32.0300,0.9361,-0.8990,0.0087
2075621034,38.633737266,-0.267189387,864.0356,-1.2800,1.4800,-30.1600,0.9477,-0.8371,-0.0258
2075672059,38.633737774,-0.267189717,864.0395,-0.4200,1.7600,-27.9300,0.9526,-0.7475,-0.0822
2075713127,38.633738177,-0.267189959,864.0438,0.4200,2.0600,-25.8800,0.9519,-0.6833,-0.0969
2075764151,38.633738669,-0.267190230,864.0511,1.3900,2.2500,-23.2200,0.9498,-0.6083,-0.1593
2075815175,38.633739167,-0.267190445,864.0606,2.1700,1.9800,-20.6600,0.9499,-0.5321,-0.1807
2075866200,38.633739699,-0.267190543,864.0708,2.6600,1.6100,-18.0500,0.9358,-0.4505,-0.1877
2075917224,38.633740211,-0.267190615,864.0812,3.1100,0.9100,-15.5300,0.9303,-0.3703,-0.1790
2075968248,38.633740713,-0.267190661,864.0906,3.5200,0.0300,-13.1400,0.9290,-0.2908,-0.1633
2076019272,38.633741222,-0.267190673,864.0988,3.9000,0.0900,-10.8300,0.9371,-0.2224,-0.1143
2076070296,38.633741781,-0.267190639,864.1053,4.2100,0.7800,-8.6300,0.9501,-0.1590,-0.0728
2076111365,38.633742225,-0.267190601,864.1083,4.5100,1.2800,-6.9800,0.9678,-0.1179,-0.0226
2076162389,38.633742771,-0.267190542,864.1100,4.8600,1.7600,-5.0500,0.9871,-0.0723,0.0049
2076213413,38.633743315,-0.267190469,864.1100,5.1800,2.0600,-3.3200,1.0069,-0.0175,0.0280
2076264437,38.633743961,-0.267190380,864.1078,5.4000,2.4300,-1.7800,1.0191,0.0299,0.0221
2076315462,38.633744580,-0.267190274,864.1075,5.5000,2.8200,-0.2800,1.0019,0.0766,-0.0224
2076366486,38.633745167,-0.267190154,864.1081,5.6200,2.9400,1.2200,0.9683,0.1160,-0.0336
2076417510,38.633745742,-0.267190029,864.1119,5.6400,2.6200,2.7100,0.9609,0.1375,-0.0953
2076468534,38.633746371,-0.267189921,864.1196,5.4300,2.1900,4.1800,0.9753,0.1444,-0.0896
2076509603,38.633746861,-0.267189835,864.1257,5.2400,1.6800,5.3400,0.9687,0.1485,-0.1110
2076560627,38.633747447,-0.267189729,864.1340,4.9500,0.8800,6.7200,0.9726,0.1535,-0.1038
2076611651,38.633748015,-0.267189621,864.1416,4.5700,0.5700,8.1300,0.9732,0.1686,-0.0920
2076662675,38.633748676,-0.267189525,864.1484,4.1300,0.8900,9.6200,0.9909,0.1790,-0.0519
2076713700,38.633749317,-0.267189422,864.1528,3.8000,1.2300,11.1000,1.0241,0.1987,-0.0109
2076764724,38.633749950,-0.267189306,864.1548,3.5500,1.4600,12.5400,1.0617,0.2187,0.0186
2076815748,38.633750577,-0.267189180,864.1559,3.3500,1.9600,13.9400,1.0910,0.2357,0.0152
2076866772,38.633751239,-0.267189083,864.1556,3.2300,2.5300,15.3100,1.1067,0.2454,-0.0173
2076907841,38.633751758,-0.267188999,864.1569,3.1700,3.0700,16.4600,1.1133,0.2477,-0.0480
2076958865,38.633752387,-0.267188885,864.1609,3.1400,3.3300,17.8700,1.1042,0.2724,-0.1119
2077009889,38.633752991,-0.267188753,864.1679,2.8300,3.7200,19.5000,1.0865,0.2915,-0.1567
2077060913,38.633753581,-0.267188610,864.1765,2.4600,3.5700,21.0500,1.0644,0.3231,-0.2210
2077111937,38.633754155,-0.267188451,864.1850,2.2100,3.6000,22.6200,1.0676,0.3348,-0.1666
2077162962,38.633754709,-0.267188288,864.1927,2.1700,3.5800,24.0700,1.0418,0.3244,-0.1661
2077213986,38.633755247,-0.267188125,864.1989,2.1400,2.5200,25.3300,1.0421,0.3220,-0.1183
2077265010,38.633755807,-0.267187998,864.2009,1.9800,2.1300,26.5700,1.0546,0.3131,-0.0718
2077306079,38.633756255,-0.267187890,864.2006,1.7900,2.2200,27.5600,1.0723,0.3192,-0.0174
2077357103,38.633756811,-0.267187746,864.1980,1.5600,2.8500,28.7200,1.0975,0.3349,0.0505
2077408127,38.633757370,-0.267187585,864.1927,1.4500,3.3400,29.7000,1.1290,0.3524,0.0964
2077459151,38.633757970,-0.267187424,864.1831,1.3700,4.0900,30.4500,1.1650,0.3720,0.1112
2077510175,38.633758574,-0.267187244,864.1743,1.2600,4.8600,30.9300,1.1867,0.4007,0.0930
2077561200,38.633759172,-0.267187043,864.1682,1.3200,5.1400,31.1700,1.1984,0.4201,0.0405
2077612224,38.633759765,-0.267186824,864.1649,1.4500,5.1600,31.2600,1.1927,0.4423,-0.0077
2077663248,38.633760427,-0.267186565,864.1654,1.6300,4.4800,31.0400,1.2015,0.4633,-0.0720
2077704316,38.633760953,-0.267186348,864.1679,1.7600,4.2600,30.7500,1.2221,0.4727,-0.0842
2077755341,38.633761601,-0.267186076,864.1712,1.9300,3.7800,30.4100,1.2269,0.4731,-0.0981
2077806365,38.633762236,-0.267185803,864.1755,2.1700,3.1700,30.0000,1.2321,0.4736,-0.0933
2077857389,38.633762901,-0.267185548,864.1789,2.3000,2.5300,29.6000,1.2455,0.4690,-0.0668
2077908413,38.633763568,-0.267185296,864.1802,2.3600,2.5700,29.3200,1.2702,0.4709,-0.0093
2077959438,38.633764233,-0.267185039,864.1786,2.4300,2.9800,29.2000,1.2903,0.4707,0.0300
2078010462,38.633764894,-0.267184782,864.1759,2.4100,4.0600,29.2900,1.3108,0.4711,0.0602
2078061486,38.633765559,-0.267184533,864.1711,2.4700,5.1300,29.5500,1.3090,0.4704,0.0370
2078102554,38.633766089,-0.267184334,864.1680,2.5500,5.7600,29.8600,1.3208,0.4608,0.0327
2078153579,38.633766740,-0.267184089,864.1664,2.7000,6.3500,30.4100,1.3145,0.4511,-0.0348
2078204603,38.633767379,-0.267183840,864.1679,2.6900,6.7200,31.1400,1.2954,0.4620,-0.0815
2078255627,38.633768002,-0.267183619,864.1710,2.4800,6.4800,32.0000,1.2734,0.4722,-0.1371
2078306651,38.633768611,-0.267183392,864.1761,2.2400,5.9300,32.6100,1.2708,0.4830,-0.1354
2078357676,38.633769213,-0.267183154,864.1810,2.0300,5.5000,33.1400,1.2552,0.4829,-0.1363
2078408700,38.633769799,-0.267182913,864.1863,1.9600,4.8800,33.5500,1.2330,0.4804,-0.1167
2078459724,38.633770392,-0.267182680,864.1894,2.0000,4.4900,33.8800,1.2295,0.4970,-0.0646
2078500792,38.633770868,-0.267182482,864.1898,2.1100,4.7700,34.1300,1.2353,0.5127,-0.0166
2078551817,38.633771459,-0.267182220,864.1877,2.3000,5.4500,34.4700,1.2485,0.5339,0.0468
2078602841,38.633772053,-0.267181938,864.1825,2.4600,6.1400,34.8400,1.2667,0.5595,0.1055
2078653865,38.633772662,-0.267181628,864.1752,2.5500,6.9000,35.1700,1.2827,0.5843,0.1280
2078704889,38.633773277,-0.267181300,864.1673,2.5500,7.3900,35.3700,1.2949,0.5956,0.1104
2078755914,38.633773889,-0.267180969,864.1618,2.4100,7.6400,35.4900,1.2987,0.5885,0.0512
2078806938,38.633774498,-0.267180636,864.1595,2.2500,7.8300,35.7000,1.2925,0.5903,-0.0024
2078857962,38.633775120,-0.267180289,864.1635,2.1300,7.0000,35.6900,1.2711,0.5648,-0.0879
2078899031,38.633775622,-0.267180012,864.1687,2.0300,6.6500,35.7400,1.2876,0.5592,-0.0812
2078950055,38.633776242,-0.267179679,864.1754,1.9100,6.1800,35.8400,1.2811,0.5311,-0.1192
2079001079,38.633776856,-0.267179363,864.1829,1.7100,5.6200,35.8800,1.2940,0.5101,-0.1035
2079052103,38.633777481,-0.267179083,864.1887,1.4400,5.3300,35.8300,1.3078,0.5046,-0.0610
2079103128,38.633778110,-0.267178819,864.1924,1.1700,5.6300,35.7800,1.3217,0.5031,-0.0109
2079154152,38.633778739,-0.267178549,864.1936,0.9200,6.2400,35.8200,1.3364,0.5126,0.0299
2079205176,38.633779371,-0.267178267,864.1931,0.7200,6.8500,35.9600,1.3481,0.5279,0.0440
2079256200,38.633780018,-0.267177991,864.1920,0.6100,7.3700,36.2100,1.3491,0.5408,0.0362
2079297269,38.633780537,-0.267177765,864.1914,0.6100,7.8100,36.5200,1.3455,0.5410,0.0210
2079348293,38.633781173,-0.267177482,864.1922,0.6800,8.1300,37.0300,1.3301,0.5356,-0.0356
2079399317,38.633781795,-0.267177196,864.1955,0.7200,8.3200,37.6800,1.3103,0.5319,-0.0706
2079450342,38.633782408,-0.267176913,864.2008,0.8900,7.3600,38.4100,1.2782,0.5411,-0.1273
2079501366,38.633783005,-0.267176623,864.2084,1.0900,6.4500,38.9600,1.2691,0.5445,-0.1386
2079552390,38.633783594,-0.267176330,864.2159,1.1000,6.1300,39.6400,1.2431,0.5339,-0.1572
2079603414,38.633784164,-0.267176040,864.2241,1.1000,6.0100,40.3600,1.2160,0.5272,-0.1486
2079654439,38.633784728,-0.267175747,864.2321,1.0800,5.4900,41.0400,1.2033,0.5290,-0.1162
2079695507,38.633785177,-0.267175508,864.2370,1.0800,5.5100,41.5100,1.2050,0.5367,-0.0686
2079746531,38.633785736,-0.267175198,864.2396,1.0600,5.9900,42.0100,1.2115,0.5583,-0.0057
2079797555,38.633786294,-0.267174875,864.2392,1.0800,6.8900,42.4100,1.2204,0.5813,0.0460
2079848580,38.633786870,-0.267174531,864.2351,1.1000,7.6100,42.6800,1.2420,0.6166,0.0773
2079899604,38.633787460,-0.267174166,864.2298,1.0200,8.2300,42.7400,1.2650,0.6499,0.0786
2079950628,38.633788054,-0.267173781,864.2246,0.8700,8.4700,42.6500,1.2716,0.6701,0.0653
2080001653,38.633788643,-0.267173392,864.2214,0.6700,8.7600,42.5300,1.2575,0.6651,0.0145
2080052677,38.633789254,-0.267172978,864.2200,0.5500,8.4300,42.3100,1.2357,0.6742,-0.0414
2080093745,38.633789737,-0.267172639,864.2217,0.4800,7.9400,42.0400,1.2183,0.6741,-0.1019
2080144769,38.633790327,-0.267172227,864.2257,0.3300,7.4000,41.7700,1.2090,0.6574,-0.1105
2080195794,38.633790902,-0.267171828,864.2305,0.1000,6.9800,41.5600,1.1787,0.6343,-0.1273
2080246818,38.633791460,-0.267171450,864.2368,-0.2700,6.5400,41.4300,1.1679,0.6316,-0.0904
2080297842,38.633792007,-0.267171079,864.2422,-0.8100,6.5900,41.4300,1.1535,0.6375,-0.0477
2080348866,38.633792547,-0.267170701,864.2438,-1.3300,6.2700,41.5200,1.1465,0.6524,0.0221
2080399891,38.633793079,-0.267170315,864.2425,-1.7100,6.1500,41.7400,1.1378,0.6611,0.0712
2080450915,38.633793607,-0.267169926,864.2375,-1.9100,6.3600,42.2000,1.1314,0.6825,0.1077
2080491983,38.633794027,-0.267169608,864.2328,-1.9400,6.9200,42.7200,1.1210,0.6888,0.0990
2080543007,38.633794542,-0.267169210,864.2276,-1.8200,7.5300,43.6100,1.1096,0.6929,0.0814
2080594032,38.633795047,-0.267168807,864.2249,-1.5600,7.7700,44.7200,1.0818,0.6995,0.0084
2080645056,38.633795525,-0.267168402,864.2244,-1.4400,7.9700,46.0900,1.0477,0.6970,-0.0462
2080696080,38.633795980,-0.267167990,864.2261,-1.4200,7.2300,47.6100,1.0069,0.7115,-0.1139
2080747105,38.633796423,-0.267167565,864.2295,-1.3400,6.3400,49.0700,0.9909,0.7411,-0.0989
2080798129,38.633796855,-0.267167131,864.2325,-1.2600,5.6200,50.4700,0.9551,0.7392,-0.1089
2080849153,38.633797273,-0.267166694,864.2360,-1.0900,4.7600,51.7700,0.9247,0.7474,-0.0902
2080890221,38.633797600,-0.267166338,864.2382,-0.9300,4.2700,52.7300,0.8997,0.7508,-0.0738
2080941246,38.633798000,-0.267165890,864.2396,-0.7700,4.1100,53.8300,0.8977,0.7664,-0.0279
2080992270,38.633798401,-0.267165432,864.2390,-0.6700,4.3800,54.8100,0.9000,0.7896,0.0162
2081043294,38.633798805,-0.267164942,864.2347,-0.5900,4.8300,55.6800,0.9141,0.8295,0.0756
2081094318,38.633799213,-0.267164423,864.2291,-0.5400,5.2900,56.4100,0.9143,0.8686,0.0807
2081145343,38.633799622,-0.267163886,864.2243,-0.5100,5.6000,56.9700,0.9129,0.8992,0.0676
2081196367,38.633800021,-0.267163342,864.2218,-0.4600,6.0500,57.4700,0.8774,0.8949,-0.0101
2081247391,38.633800418,-0.267162777,864.2224,-0.3700,6.5100,58.0100,0.8372,0.8903,-0.0651
2081288460,38.633800729,-0.267162315,864.2251,-0.2800,6.2700,58.3900,0.8099,0.8847,-0.1299
2081339484,38.633801105,-0.267161750,864.2318,-0.2000,5.4700,58.9200,0.7929,0.8798,-0.1799
2081390508,38.633801475,-0.267161193,864.2399,-0.1700,4.6300,59.5000,0.7908,0.8699,-0.1963
2081441533,38.633801837,-0.267160654,864.2497,-0.3100,4.3100,60.1000,0.7854,0.8510,-0.2045
2081492557,38.633802189,-0.267160124,864.2595,-0.6300,3.9500,60.6800,0.7725,0.8489,-0.1767
2081543581,38.633802535,-0.267159597,864.2673,-1.0200,4.1000,61.2700,0.7650,0.8586,-0.1221
2081594605,38.633802880,-0.267159070,864.2725,-1.5100,4.5900,61.9300,0.7644,0.8583,-0.0763
2081645630,38.633803227,-0.267158539,864.2743,-1.9600,5.1100,62.6800,0.7695,0.8771,-0.0158
2081686698,38.633803511,-0.267158107,864.2735,-2.2800,5.4600,63.3100,0.7853,0.8842,0.0069
2081737722,38.633803871,-0.267157566,864.2721,-2.6900,5.6800,64.1800,0.8031,0.8904,-0.0008
2081788746,38.633804240,-0.267157026,864.2718,-3.1300,6.2600,64.7000,0.8219,0.8952,-0.0110
2081839771,38.633804621,-0.267156490,864.2723,-3.5500,6.6000,65.6400,0.8370,0.8807,-0.0728
2081890795,38.633805008,-0.267155954,864.2752,-3.9200,6.7000,66.5800,0.8305,0.8808,-0.1209
2081941819,38.633805389,-0.267155426,864.2804,-4.2700,6.5900,67.6800,0.8102,0.8750,-0.1594
2081992844,38.633805757,-0.267154900,864.2885,-4.3000,5.4800,68.6400,0.7966,0.8788,-0.2054
2082043868,38.633806128,-0.267154373,864.2969,-4.2500,4.6500,69.3200,0.8056,0.8847,-0.1826
2082084936,38.633806431,-0.267153975,864.3041,-4.3100,4.8700,69.6600,0.8116,0.8608,-0.1857
2082135960,38.633806813,-0.267153488,864.3123,-4.5300,5.0400,69.9000,0.8343,0.8544,-0.1554
2082186985,38.633807206,-0.267152999,864.3186,-4.8600,5.0400,69.8200,0.8622,0.8591,-0.1155
2082238009,38.633807618,-0.267152501,864.3218,-5.3200,5.3000,69.3400,0.8989,0.8769,-0.0556
2082289033,38.633808052,-0.267151986,864.3215,-5.8800,5.8200,68.4300,0.9358,0.8943,0.0008
2082340058,38.633808506,-0.267151462,864.3187,-6.4900,6.3300,67.1500,0.9905,0.9124,0.0449
2082391082,38.633808986,-0.267150930,864.3148,-7.1300,6.6300,65.5300,1.0559,0.9219,0.0546
2082442106,38.633809500,-0.267150382,864.3110,-7.7900,6.6600,63.5700,1.1121,0.9169,0.0292
2082483175,38.633809935,-0.267149933,864.3093,-8.3200,6.5100,61.7600,1.1587,0.8951,-0.0104
2082534199,38.633810496,-0.267149399,864.3101,-8.9600,6.8700,59.2600,1.2105,0.8495,-0.0615
2082585223,38.633811082,-0.267148894,864.3127,-9.3400,6.4000,56.6400,1.2566,0.7954,-0.1160
2082636247,38.633811700,-0.267148434,864.3193,-9.5900,5.9600,53.7500,1.3218,0.7406,-0.1412
2082687272,38.633812368,-0.267148017,864.3273,-9.9100,5.2800,50.7500,1.3817,0.6658,-0.1647
2082738296,38.633813060,-0.267147652,864.3358,-10.1500,4.7100,47.5800,1.4449,0.5864,-0.1520
2082789320,38.633813778,-0.267147337,864.3434,-10.4800,4.1600,44.3600,1.5072,0.4975,-0.1407
2082840345,38.633814517,-0.267147092,864.3501,-10.9600,4.4000,40.9500,1.5635,0.4268,-0.0831
2082881413,38.633815121,-0.267146952,864.3539,-11.4200,4.8300,38.0900,1.6055,0.3639,-0.0399
2082932437,38.633815890,-0.267146812,864.3560,-12.0000,5.2700,34.6600,1.6459,0.2975,0.0044
2082983462,38.633816672,-0.267146714,864.3560,-12.5100,5.5400,31.4500,1.6817,0.2182,0.0320
2083034486,38.633817456,-0.267146667,864.3542,-12.9500,5.8900,28.3900,1.7067,0.1414,0.0317
2083085510,38.633818231,-0.267146679,864.3512,-13.2700,6.1000,25.4800,1.7130,0.0463,0.0128
2083136534,38.633819006,-0.267146739,864.3490,-13.4300,6.3300,22.7500,1.7174,-0.0304,-0.0137
2083187559,38.633819772,-0.267146842,864.3488,-13.6900,6.8400,20.2200,1.6900,-0.1165,-0.0423
2083238583,38.633820506,-0.267146994,864.3491,-13.6500,6.1400,17.9900,1.6719,-0.1760,-0.0721
2083279651,38.633821072,-0.267147150,864.3486,-13.3800,5.5200,15.8700,1.6843,-0.2261,-0.0312
2083330676,38.633821776,-0.267147375,864.3463,-12.9600,5.1600,13.0000,1.6651,-0.3033,-0.0051
2083381700,38.633822470,-0.267147640,864.3432,-12.5600,4.7200,10.0700,1.6389,-0.3823,0.0231
2083432724,38.633823151,-0.267147941,864.3377,-12.2400,4.2400,7.1700,1.6149,-0.4443,0.0791
2083483749,38.633823813,-0.267148275,864.3276,-11.9700,4.1800,4.1400,1.5971,-0.5041,0.1462
2083534773,38.633824472,-0.267148634,864.3151,-11.7600,4.4500,1.0400,1.5871,-0.5550,0.2112
2083585797,38.633825133,-0.267149017,864.2998,-11.5800,4.6000,-2.1200,1.5805,-0.6049,0.2619
2083636821,38.633825772,-0.267149423,864.2831,-11.4600,4.7400,-5.3800,1.5671,-0.6681,0.2924
2083677890,38.633826258,-0.267149767,864.2695,-11.2900,4.7300,-8.1300,1.5283,-0.7138,0.2663
2083728914,38.633826847,-0.267150228,864.2545,-11.1100,5.1800,-11.5100,1.4744,-0.7899,0.2336
2083779938,38.633827414,-0.267150722,864.2423,-10.8200,5.2200,-14.5800,1.3994,-0.8441,0.1702
2083832207,38.633827964,-0.267151258,864.2343,-10.1700,3.6000,-17.5500,1.3284,-0.9143,0.0939
2083883232,38.633828458,-0.267151819,864.2288,-9.7100,2.8800,-20.6000,1.2739,-0.9948,0.0917
2083934256,38.633828931,-0.267152422,864.2243,-9.3400,2.7300,-23.7300,1.2002,-1.0712,0.0667
2083985280,38.633829387,-0.267153069,864.2194,-9.0800,1.9600,-26.6300,1.1495,-1.1470,0.1011
2084026348,38.633829736,-0.267153621,864.2151,-8.9100,1.5000,-28.9400,1.1077,-1.1952,0.1336
2084077373,38.633830140,-0.267154346,864.2098,-8.7600,1.2600,-31.7300,1.0616,-1.2393,0.1776
2084128397,38.633830533,-0.267155091,864.2020,-8.6500,1.6000,-34.3300,1.0221,-1.2774,0.2177
2084179421,38.633830918,-0.267155851,864.1922,-8.4700,1.9400,-36.5400,0.9809,-1.3015,0.2235
2084230446,38.633831280,-0.267156619,864.1827,-8.1900,2.3300,-38.3300,0.9318,-1.3128,0.1953
2084281470,38.633831578,-0.267157390,864.1743,-7.7800,2.8600,-39.8000,0.8672,-1.3112,0.1381
2084332494,38.633831859,-0.267158150,864.1698,-7.4900,3.9700,-40.8500,0.8099,-1.2956,0.0679
2084383519,38.633832137,-0.267158901,864.1683,-7.1000,3.6100,-41.4700,0.7904,-1.2764,-0.0190
2084424587,38.633832349,-0.267159489,864.1703,-6.6700,3.1800,-42.1100,0.7846,-1.2792,-0.0414
2084475611,38.633832574,-0.267160183,864.1745,-6.1600,2.8100,-43.0200,0.7764,-1.2704,-0.0578
2084526636,38.633832809,-0.267160868,864.1798,-5.5300,2.4400,-44.0100,0.7657,-1.2498,-0.0695
2084577660,38.633833054,-0.267161550,864.1840,-4.9300,1.8700,-44.9600,0.7534,-1.2478,-0.0317
2084628684,38.633833307,-0.267162232,864.1856,-4.4200,2.2300,-45.9200,0.7457,-1.2543,0.0321
2084679708,38.633833581,-0.267162910,864.1839,-3.9500,2.9600,-46.8500,0.7666,-1.2628,0.1056
2084730733,38.633833876,-0.267163598,864.1785,-3.5600,3.6000,-47.7100,0.7909,-1.2765,0.1678
2084781757,38.633834191,-0.267164298,864.1708,-3.2500,4.0200,-48.5800,0.8129,-1.2854,0.1981
2084822825,38.633834457,-0.267164872,864.1638,-3.0800,4.4000,-49.3100,0.8156,-1.2944,0.1904
2084873850,38.633834797,-0.267165595,864.1557,-2.9800,5.0900,-50.2500,0.8138,-1.2799,0.1460
2084924874,38.633835142,-0.267166313,864.1504,-2.9200,5.9100,-51.1600,0.8112,-1.2710,0.0820
2084975898,38.633835496,-0.267167034,864.1478,-2.7800,6.4800,-52.1700,0.8195,-1.2817,0.0411
2085026923,38.633835851,-0.267167760,864.1485,-2.5200,6.1700,-53.2700,0.7964,-1.2759,-0.0285
2085077947,38.633836196,-0.267168484,864.1528,-2.3800,5.5300,-54.1900,0.7784,-1.2655,-0.0560
2085128971,38.633836536,-0.267169199,864.1584,-2.2400,4.9400,-55.0000,0.7625,-1.2477,-0.0762
2085179996,38.633836877,-0.267169911,864.1631,-2.2000,4.4300,-55.7700,0.7668,-1.2393,-0.0387
2085221064,38.633837157,-0.267170482,864.1648,-2.1800,4.5800,-56.3400,0.7751,-1.2372,0.0107
2085272088,38.633837505,-0.267171183,864.1643,-2.1700,5.1400,-56.9500,0.7930,-1.2397,0.0822
2085323113,38.633837865,-0.267171888,864.1604,-2.1200,5.6900,-57.3900,0.8174,-1.2455,0.1288
2085374137,38.633838241,-0.267172599,864.1548,-1.9900,6.3100,-57.6600,0.8431,-1.2501,0.1359
2085425161,38.633838630,-0.267173317,864.1487,-1.8400,7.0000,-57.7600,0.8553,-1.2505,0.1125
2085476186,38.633839029,-0.267174028,864.1442,-1.6600,7.5200,-57.7200,0.8708,-1.2298,0.0547
2085527210,38.633839438,-0.267174728,864.1422,-1.4400,7.9600,-57.5300,0.8868,-1.1983,0.0022
2085578234,38.633839856,-0.267175410,864.1430,-1.2700,7.6700,-57.0200,0.9041,-1.1607,-0.0781
2085619303,38.633840199,-0.267175944,864.1465,-1.1800,7.4800,-56.6900,0.9253,-1.1473,-0.0999
2085670327,38.633840633,-0.267176600,864.1510,-1.1200,6.8100,-56.1300,0.9371,-1.1239,-0.0943
2085721351,38.633841071,-0.267177241,864.1552,-0.9600,6.2800,-55.5400,0.9515,-1.1040,-0.0628
2085772376,38.633841518,-0.267177878,864.1569,-0.6400,5.4000,-54.9400,0.9646,-1.0998,-0.0040
2085823435,38.633841973,-0.267178515,864.1552,-0.3000,4.9800,-54.3800,0.9841,-1.0989,0.0674
2085874424,38.633842434,-0.267179140,864.1497,-0.0800,4.9900,-53.9100,1.0113,-1.1026,0.1358
2085925449,38.633842909,-0.267179773,864.1412,0.0100,5.3000,-53.5500,1.0373,-1.1130,0.1868
2085976473,38.633843395,-0.267180414,864.1314,0.0000,5.6700,-53.3400,1.0552,-1.1225,0.1925
2086017541,38.633843791,-0.267180936,864.1234,-0.0400,5.7400,-53.3000,1.0551,-1.1262,0.1834
2086068566,38.633844288,-0.267181595,864.1155,-0.1300,6.0900,-53.3300,1.0429,-1.1148,0.1175
2086119590,38.633844778,-0.267182250,864.1104,-0.2100,6.3300,-53.3600,1.0217,-1.1049,0.0731
2086170614,38.633845255,-0.267182893,864.1098,-0.1800,5.8300,-53.5600,0.9891,-1.0868,-0.0201
2086221639,38.633845714,-0.267183534,864.1119,-0.2900,4.7800,-53.6900,0.9386,-1.0791,-0.0706
2086272663,38.633846131,-0.267184170,864.1176,-0.6100,4.4800,-53.7000,0.8941,-1.0769,-0.0851
2086323687,38.633846537,-0.267184806,864.1228,-0.9300,3.9800,-53.8100,0.8815,-1.0756,-0.0585
2086374712,38.633846942,-0.267185446,864.1254,-1.2300,3.2800,-53.9800,0.8798,-1.0885,0.0011
2086415780,38.633847268,-0.267185967,864.1251,-1.5300,3.0800,-54.1000,0.8816,-1.1026,0.0590
2086466804,38.633847643,-0.267186625,864.1208,-1.9100,2.9800,-54.1800,0.8761,-1.1197,0.1121
2086517829,38.633848011,-0.267187293,864.1147,-2.3500,3.4500,-54.2000,0.8683,-1.1353,0.1353
2086568853,38.633848378,-0.267187966,864.1085,-2.7800,3.7800,-54.1900,0.8526,-1.1391,0.1074
2086619877,38.633848741,-0.267188642,864.1037,-3.0900,3.7400,-54.0600,0.8357,-1.1433,0.0671
2086670902,38.633849100,-0.267189322,864.1004,-3.3800,3.9000,-53.8200,0.8266,-1.1258,0.0079
2086721926,38.633849459,-0.267189989,864.0999,-3.6900,3.3600,-53.3900,0.8286,-1.1086,-0.0601
2086772950,38.633849824,-0.267190646,864.1030,-3.9100,2.7800,-53.2500,0.8349,-1.1068,-0.0789
2086814019,38.633850122,-0.267191177,864.1050,-4.0300,2.0500,-53.2000,0.8270,-1.1009,-0.0883
2086865043,38.633850466,-0.267191826,864.1095,-4.0000,1.5000,-53.4000,0.8147,-1.0951,-0.0887
2086916067,38.633850806,-0.267192475,864.1132,-3.8800,0.6900,-53.7200,0.7941,-1.1039,-0.0713
2086967092,38.633851142,-0.267193133,864.1155,-3.8100,0.5000,-54.1500,0.7887,-1.1246,-0.0283
2087018116,38.633851481,-0.267193805,864.1155,-3.8000,0.6200,-54.7000,0.7878,-1.1505,0.0281
2087069140,38.633851820,-0.267194498,864.1106,-3.8200,0.8300,-55.3400,0.7970,-1.1672,0.0766
2087120165,38.633852167,-0.267195202,864.1039,-3.9600,1.1600,-56.1500,0.8115,-1.1893,0.1082
2087171189,38.633852522,-0.267195914,864.0967,-4.1800,1.5400,-57.2800,0.8090,-1.2016,0.1086
2087212257,38.633852804,-0.267196487,864.0922,-4.4000,1.9800,-58.3400,0.7791,-1.1924,0.0621
2087263282,38.633853144,-0.267197207,864.0887,-4.7800,2.7200,-59.7400,0.7464,-1.1999,0.0033
2087314306,38.633853476,-0.267197929,864.0883,-5.1400,3.4100,-61.3400,0.7177,-1.2099,-0.0421
2087365330,38.633853792,-0.267198655,864.0904,-5.4500,3.0900,-63.0200,0.6714,-1.2149,-0.0825
2087416355,38.633854085,-0.267199385,864.0937,-5.7300,1.9700,-64.6300,0.6075,-1.2229,-0.0896
2087467379,38.633854334,-0.267200137,864.0993,-6.0200,0.8600,-66.2300,0.5406,-1.2278,-0.0946
2087518403,38.633854559,-0.267200892,864.1039,-6.3500,0.1200,-67.8400,0.4941,-1.2439,-0.0579
2087569428,38.633854768,-0.267201652,864.1063,-6.6500,-0.1500,-69.4500,0.4557,-1.2609,-0.0049
2087610496,38.633854926,-0.267202269,864.1060,-6.8300,-0.4100,-70.6700,0.4276,-1.2713,0.0404
2087661520,38.633855072,-0.267203044,864.1027,-7.0500,-0.4900,-72.0300,0.3862,-1.2937,0.0941
2087712545,38.633855197,-0.267203825,864.0973,-7.1800,-0.4000,-73.2700,0.3458,-1.3004,0.1175
2087763569,38.633855308,-0.267204610,864.0914,-7.3100,-0.1300,-74.3600,0.2970,-1.3080,0.1185
2087814593,38.633855400,-0.267205394,864.0859,-7.3800,0.2000,-75.3200,0.2506,-1.3105,0.1088
2087865618,38.633855455,-0.267206183,864.0823,-7.4000,0.2300,-76.1600,0.2234,-1.3007,0.0459
2087916642,38.633855504,-0.267206965,864.0813,-7.6600,0.1300,-76.7100,0.2063,-1.2994,0.0132
2087967667,38.633855558,-0.267207743,864.0829,-7.7900,-0.2800,-77.5500,0.2034,-1.3054,-0.0173
2088008735,38.633855602,-0.267208373,864.0838,-7.7800,-1.2700,-78.3300,0.1879,-1.3058,-0.0050
2088059759,38.633855635,-0.267209140,864.0877,-7.6900,-2.0900,-79.5400,0.1602,-1.2989,-0.0149
2088110784,38.633855657,-0.267209900,864.0912,-7.6400,-3.4400,-80.9100,0.1253,-1.2921,0.0020
2088161808,38.633855673,-0.267210662,864.0934,-7.6000,-4.2600,-82.5400,0.1049,-1.3061,0.0361
2088212832,38.633855681,-0.267211433,864.0929,-7.5000,-4.4500,-84.3300,0.0642,-1.3212,0.0895
2088263857,38.633855672,-0.267212251,864.0891,-7.3100,-4.1500,-86.2300,0.0328,-1.3448,0.1300
2088314881,38.633855654,-0.267213080,864.0832,-7.1300,-3.8400,-88.1800,0.0008,-1.3687,0.1643
2088365905,38.633855626,-0.267213916,864.0761,-6.9500,-3.5900,-90.2900,-0.0306,-1.3869,0.1839
2088406974,38.633855595,-0.267214592,864.0699,-6.8000,-3.4900,-92.1000,-0.0639,-1.3869,0.1739
2088457998,38.633855516,-0.267215446,864.0629,-6.6800,-2.8300,-94.4200,-0.1136,-1.3848,0.1389
2088509022,38.633855413,-0.267216297,864.0573,-6.4700,-2.1200,-96.6100,-0.1745,-1.3799,0.1046
2088560047,38.633855284,-0.267217136,864.0541,-6.1800,-2.1100,-98.9700,-0.2492,-1.3565,0.0700
2088611071,38.633855127,-0.267217955,864.0515,-5.8300,-2.9100,-101.2100,-0.3230,-1.3228,0.0412
2088662096,38.633854921,-0.267218761,864.0525,-5.6100,-3.4200,-103.3600,-0.4087,-1.2896,0.0328
2088713120,38.633854685,-0.267219544,864.0537,-5.4800,-3.7900,-105.5000,-0.4773,-1.2665,0.0341
2088764144,38.633854428,-0.267220314,864.0533,-5.2900,-4.4100,-107.6100,-0.5259,-1.2502,0.0591
2088805213,38.633854209,-0.267220924,864.0521,-5.0800,-4.5700,-109.3400,-0.5608,-1.2454,0.0891
2088856237,38.633853902,-0.267221664,864.0502,-4.8700,-4.1900,-111.3700,-0.6065,-1.2329,0.1135
2088907261,38.633853576,-0.267222391,864.0467,-4.6400,-3.2500,-113.2400,-0.6441,-1.2203,0.1452
2088958286,38.633853240,-0.267223104,864.0425,-4.2400,-2.3200,-114.9400,-0.6851,-1.1899,0.1402
2089009310,38.633852888,-0.267223797,864.0385,-3.9300,-1.3800,-116.4100,-0.7315,-1.1538,0.1127
2089060334,38.633852533,-0.267224453,864.0359,-3.8000,-0.1600,-117.6700,-0.7535,-1.1157,0.0817
2089111359,38.633852173,-0.267225092,864.0344,-3.6400,0.0200,-118.6900,-0.7705,-1.1048,0.0365
2089162383,38.633851811,-0.267225732,864.0348,-3.5400,-0.1500,-120.0300,-0.7739,-1.1033,0.0226
2089203452,38.633851522,-0.267226237,864.0351,-3.5400,-0.3600,-121.0500,-0.7718,-1.0716,0.0107
2089254476,38.633851166,-0.267226842,864.0363,-3.4000,-0.8200,-122.2200,-0.7706,-1.0272,0.0087
2089305500,38.633850811,-0.267227423,864.0374,-3.1900,-1.8800,-123.3800,-0.7796,-0.9926,0.0104
2089356525,38.633850452,-0.267227991,864.0377,-3.1500,-2.1500,-124.5900,-0.7889,-0.9860,0.0476
2089407549,38.633850090,-0.267228560,864.0357,-3.2300,-2.0200,-125.8900,-0.8004,-0.9875,0.1019
2089458573,38.633849726,-0.267229125,864.0303,-3.2600,-1.7700,-127.2500,-0.8171,-0.9990,0.1724
2089509598,38.633849352,-0.267229695,864.0217,-3.3200,-1.2800,-128.6100,-0.8402,-1.0068,0.2203
2089560622,38.633848969,-0.267230268,864.0107,-3.3200,-0.6500,-130.0100,-0.8660,-1.0062,0.2668
2089601691,38.633848654,-0.267230725,864.0012,-3.1800,-0.3000,-131.1300,-0.8680,-0.9787,0.2620
2089652715,38.633848251,-0.267231318,863.9866,-2.8800,0.0400,-131.8200,-0.8689,-0.8936,0.2848
2089703739,38.633847842,-0.267231854,863.9738,-2.0600,-1.2300,-132.2000,-0.8885,-0.7958,0.2018
2089754764,38.633847419,-0.267232367,863.9645,-1.4100,-2.4000,-132.9900,-0.9309,-0.8061,0.1743
2089805788,38.633846976,-0.267232874,863.9578,-1.3900,-2.0600,-133.8500,-0.9785,-0.7945,0.1110
2089856812,38.633846513,-0.267233321,863.9539,-1.4400,-2.1700,-134.8600,-1.0422,-0.7641,0.0888
2089907837,38.633846021,-0.267233741,863.9507,-1.5000,-2.9000,-135.9100,-1.0981,-0.7176,0.0685
2089958861,38.633845504,-0.267234136,863.9482,-1.6600,-3.2700,-137.0600,-1.1613,-0.6855,0.0823
2089999930,38.633845069,-0.267234442,863.9462,-1.7800,-3.7800,-138.0800,-1.1976,-0.6535,0.0668
2090050954,38.633844498,-0.267234815,863.9434,-2.0200,-3.9000,-139.3100,-1.2506,-0.6190,0.1010
2090101978,38.633843900,-0.267235171,863.9398,-2.3600,-3.3100,-140.3900,-1.2890,-0.5708,0.1008
2090153003,38.633843289,-0.267235502,863.9359,-2.6700,-2.8000,-141.1600,-1.3209,-0.5325,0.0987
2090204027,38.633842670,-0.267235809,863.9329,-2.8600,-2.4300,-141.7000,-1.3337,-0.5104,0.0742
2090255052,38.633842057,-0.267236095,863.9324,-3.2100,-1.7900,-142.0100,-1.2983,-0.4847,-0.0199
2090306076,38.633841464,-0.267236354,863.9340,-3.6200,-0.9600,-141.8300,-1.2718,-0.4475,-0.0191
2090357100,38.633840879,-0.267236607,863.9367,-3.3500,-0.5500,-141.6500,-1.2768,-0.4597,-0.0240
2090398169,38.633840404,-0.267236821,863.9379,-2.8700,-0.9700,-141.6400,-1.2855,-0.4688,0.0003
2090449193,38.633839833,-0.267237092,863.9406,-2.2000,-1.5100,-141.7200,-1.2783,-0.4668,-0.0071
2090500217,38.633839272,-0.267237368,863.9442,-1.6000,-2.2600,-141.8500,-1.2854,-0.4624,0.0048
2090551242,38.633838704,-0.267237643,863.9463,-1.2000,-2.2100,-142.0200,-1.2952,-0.4756,0.0299
2090602266,38.633838130,-0.267237930,863.9457,-0.9800,-1.7500,-142.2300,-1.3008,-0.5007,0.0881
2090653290,38.633837538,-0.267238268,863.9429,-0.9200,-1.0400,-142.4100,-1.3057,-0.5265,0.1454
2090704315,38.633836941,-0.267238620,863.9375,-0.9500,-0.2900,-142.6300,-1.3058,-0.5377,0.1730
2090755339,38.633836343,-0.267238973,863.9310,-1.0600,0.7600,-143.0000,-1.3053,-0.5476,0.1792
2090796407,38.633835866,-0.267239253,863.9263,-1.0800,1.6800,-143.3400,-1.2922,-0.5393,0.1583
2090847432,38.633835278,-0.267239643,863.9222,-1.1200,3.0300,-143.8100,-1.2702,-0.5592,0.0919
2090898456,38.633834694,-0.267240059,863.9205,-1.0700,3.8400,-144.3600,-1.2628,-0.5671,0.0393
2090949480,38.633834116,-0.267240467,863.9224,-0.9600,4.7100,-144.6300,-1.2497,-0.5722,-0.0155
2091000505,38.633833545,-0.267240876,863.9251,-0.8300,4.4900,-144.7700,-1.2238,-0.6047,-0.0216
2091051529,38.633833008,-0.267241308,863.9287,-0.5000,3.7100,-144.9100,-1.1968,-0.6378,-0.0024
2091102554,38.633832486,-0.267241755,863.9307,-0.3000,2.7700,-144.9400,-1.1833,-0.6673,0.0330
2091153578,38.633831968,-0.267242213,863.9306,-0.2600,2.5700,-144.8500,-1.1715,-0.7074,0.0943
2091194646,38.633831553,-0.267242595,863.9281,-0.2300,2.5100,-144.6600,-1.1598,-0.7406,0.1438
2091245671,38.633831059,-0.267243098,863.9219,-0.1100,2.8300,-144.2300,-1.1432,-0.7761,0.1863
2091296695,38.633830580,-0.267243622,863.9142,-0.1100,3.5700,-143.4700,-1.1153,-0.8030,0.1844
2091347719,38.633830110,-0.267244152,863.9071,-0.1000,4.4200,-142.3400,-1.0812,-0.8228,0.1629
2091398744,38.633829658,-0.267244684,863.9021,0.0000,4.5800,-140.9600,-1.0236,-0.8436,0.0911
2091449768,38.633829246,-0.267245245,863.8996,0.0800,4.3500,-139.3600,-0.9849,-0.8778,0.0554
2091500793,38.633828869,-0.267245825,863.9003,0.2800,3.7600,-137.9500,-0.9207,-0.8983,-0.0183
2091551817,38.633828497,-0.267246417,863.9011,0.3300,3.1800,-136.5800,-0.9074,-0.9389,-0.0049
2091592885,38.633828206,-0.267246897,863.9030,0.4500,3.0000,-135.4700,-0.8685,-0.9441,-0.0308
2091643910,38.633827856,-0.267247509,863.9045,0.6700,1.7100,-134.1200,-0.8572,-0.9714,0.0257
2091694934,38.633827517,-0.267248140,863.9047,0.8400,0.9500,-132.8400,-0.8448,-0.9924,0.0617
2091745958,38.633827176,-0.267248783,863.9019,0.8400,0.7600,-131.6300,-0.8371,-1.0336,0.1303
2091796983,38.633826834,-0.267249446,863.8958,0.9400,0.9200,-130.6600,-0.8248,-1.0853,0.1836
2091848007,38.633826491,-0.267250148,863.8872,0.9500,1.3000,-129.8700,-0.8244,-1.1364,0.2027
2091899032,38.633826146,-0.267250887,863.8780,0.9100,1.6000,-129.3800,-0.8157,-1.1951,0.1949
2091950056,38.633825803,-0.267251644,863.8700,0.9300,1.8700,-129.1600,-0.8028,-1.2330,0.1600
2091991124,38.633825528,-0.267252262,863.8654,0.9500,2.2600,-128.9800,-0.7924,-1.2462,0.1170
2092042149,38.633825191,-0.267253056,863.8622,1.1400,1.7300,-128.7500,-0.7741,-1.2638,0.0266
2092093173,38.633824867,-0.267253872,863.8634,1.3900,0.9800,-128.7400,-0.7705,-1.2528,-0.0310
2092144197,38.633824532,-0.267254668,863.8654,1.5000,0.5300,-128.6800,-0.7743,-1.2280,-0.0632
2092195222,38.633824198,-0.267255441,863.8692,1.5700,0.3600,-128.7000,-0.7715,-1.2175,-0.0688
2092246246,38.633823844,-0.267256191,863.8721,1.5800,-0.0800,-128.8500,-0.7725,-1.2183,-0.0369
2092297271,38.633823479,-0.267256929,863.8732,1.4600,0.0600,-129.0600,-0.7783,-1.2238,0.0172
2092348295,38.633823111,-0.267257662,863.8715,1.1400,0.6700,-129.2100,-0.7884,-1.2197,0.0741
2092389363,38.633822811,-0.267258247,863.8675,0.8600,0.9200,-129.2400,-0.7984,-1.2076,0.1137
2092440388,38.633822431,-0.267258954,863.8605,0.4900,1.1300,-129.1100,-0.8004,-1.1785,0.1298
2092491412,38.633822042,-0.267259634,863.8519,0.0600,1.3100,-128.7100,-0.8065,-1.1397,0.1211
2092542437,38.633821654,-0.267260290,863.8449,-0.2900,1.6400,-128.1000,-0.8063,-1.1079,0.0871
2092593461,38.633821273,-0.267260932,863.8400,-0.5000,2.0300,-127.3600,-0.7890,-1.0868,0.0593
2092644485,38.633820894,-0.267261548,863.8371,-0.4900,1.1500,-126.4800,-0.7806,-1.0948,-0.0139
2092695510,38.633820518,-0.267262146,863.8376,-0.3300,0.2700,-125.8700,-0.7908,-1.1172,-0.0132
2092746534,38.633820141,-0.267262759,863.8383,-0.2100,-0.4800,-125.3100,-0.7748,-1.1123,-0.0470
2092787603,38.633819846,-0.267263254,863.8401,-0.1000,-0.9600,-124.8500,-0.7667,-1.1240,-0.0426
2092838627,38.633819480,-0.267263895,863.8424,0.0400,-1.7800,-124.2400,-0.7613,-1.1386,-0.0229
2092889651,38.633819114,-0.267264568,863.8445,0.1000,-1.5500,-123.6200,-0.7676,-1.1697,0.0298
2092940676,38.633818748,-0.267265264,863.8435,0.1100,-0.8100,-123.0800,-0.7650,-1.2126,0.0888
2092991700,38.633818386,-0.267265985,863.8393,0.1100,-0.0900,-122.7700,-0.7657,-1.2571,0.1429
2093042724,38.633818029,-0.267266729,863.8333,-0.0800,0.5900,-122.6900,-0.7639,-1.2821,0.1312
2093093749,38.633817684,-0.267267484,863.8274,-0.3300,1.3600,-122.9300,-0.7578,-1.2905,0.0965
2093144773,38.633817343,-0.267268237,863.8245,-0.5200,2.0700,-123.4000,-0.7427,-1.2768,0.0230
2093185842,38.633817068,-0.267268839,863.8239,-0.5400,2.3200,-123.8600,-0.7589,-1.2852,0.0080
2093236866,38.633816724,-0.267269588,863.8271,-0.3500,1.7400,-124.6100,-0.7464,-1.2631,-0.0914
2093287890,38.633816371,-0.267270341,863.8336,-0.2300,1.0000,-125.3100,-0.7638,-1.2658,-0.0676
2093338915,38.633816021,-0.267271070,863.8412,-0.1700,0.6800,-125.9000,-0.7524,-1.2106,-0.1107
2093389939,38.633815669,-0.267271783,863.8479,-0.2900,-0.1600,-126.4100,-0.7621,-1.1963,-0.0750
2093440964,38.633815322,-0.267272473,863.8529,-0.5400,-0.1200,-126.8700,-0.7569,-1.1887,-0.0295
2093491988,38.633814984,-0.267273150,863.8548,-0.8600,0.1600,-127.2400,-0.7561,-1.1909,0.0211
2093543012,38.633814644,-0.267273832,863.8540,-1.2100,0.9100,-127.5400,-0.7603,-1.2021,0.0769
2093584081,38.633814367,-0.267274387,863.8518,-1.5300,1.4100,-127.7300,-0.7701,-1.2094,0.0847
2093635105,38.633814022,-0.267275079,863.8487,-1.9600,2.0500,-127.8800,-0.7793,-1.2047,0.0703
2093686130,38.633813688,-0.267275769,863.8454,-2.4600,2.2900,-127.9300,-0.7829,-1.1835,0.0091
2093737154,38.633813351,-0.267276445,863.8452,-2.8700,2.6900,-128.0200,-0.7802,-1.1584,-0.0305
2093788178,38.633813010,-0.267277109,863.8461,-3.1300,2.6600,-127.8800,-0.7827,-1.1466,-0.0573
2093839203,38.633812674,-0.267277757,863.8499,-3.0300,1.7800,-127.8700,-0.7818,-1.1495,-0.0845
2093890227,38.633812337,-0.267278391,863.8539,-2.8900,0.6700,-127.8800,-0.7859,-1.1351,-0.0684
2093941251,38.633812002,-0.267279012,863.8582,-2.7400,0.2400,-127.9100,-0.7755,-1.1066,-0.0766
2093982320,38.633811730,-0.267279506,863.8613,-2.5500,-0.5500,-127.9700,-0.7813,-1.0900,-0.0640
2094033344,38.633811391,-0.267280106,863.8643,-2.3400,-0.8100,-128.1900,-0.7889,-1.0769,-0.0344
2094084369,38.633811058,-0.267280686,863.8651,-2.2200,-0.4400,-128.5600,-0.8016,-1.0724,0.0150
2094135393,38.633810714,-0.267281272,863.8633,-2.2400,0.2100,-129.1300,-0.8220,-1.0793,0.0698
2094186417,38.633810355,-0.267281868,863.8593,-2.4400,0.6200,-129.8600,-0.8486,-1.0899,0.1008
2094237442,38.633809975,-0.267282475,863.8535,-2.7400,0.9900,-130.8600,-0.8807,-1.1001,0.1135
2094288466,38.633809575,-0.267283081,863.8476,-3.0100,1.3000,-132.1500,-0.8935,-1.0774,0.0649
2094339491,38.633809173,-0.267283674,863.8450,-3.2300,1.8100,-133.6100,-0.8923,-1.0451,0.0100
2094380559,38.633808847,-0.267284141,863.8445,-3.2900,2.2900,-134.8900,-0.9056,-1.0317,-0.0131
2094431583,38.633808435,-0.267284711,863.8463,-3.2200,1.9800,-136.5900,-0.8912,-0.9956,-0.0757
2094482608,38.633808007,-0.267285256,863.8485,-3.1600,0.8300,-138.1300,-0.8892,-0.9529,-0.0837
2094533632,38.633807587,-0.267285770,863.8521,-3.1600,-0.0900,-139.4900,-0.8778,-0.8950,-0.0939
2094584657,38.633807170,-0.267286262,863.8546,-3.1300,-1.0300,-140.6600,-0.8785,-0.8640,-0.0656
2094635681,38.633806753,-0.267286741,863.8546,-3.0200,-1.1700,-141.7500,-0.8813,-0.8624,-0.0006
2094686705,38.633806331,-0.267287194,863.8516,-3.0800,-0.4600,-142.7400,-0.8894,-0.8608,0.0539
2094737730,38.633805905,-0.267287656,863.8458,-3.3600,0.3300,-143.5700,-0.9103,-0.8676,0.0992
2094778798,38.633805556,-0.267288035,863.8405,-3.6200,0.4900,-144.1000,-0.9212,-0.8670,0.0991
2094829823,38.633805117,-0.267288503,863.8343,-3.9100,0.5600,-144.6000,-0.9387,-0.8632,0.0881
2094880847,38.633804676,-0.267288952,863.8294,-4.2200,1.0400,-144.9600,-0.9346,-0.8386,0.0307
2094931871,38.633804237,-0.267289399,863.8270,-4.4000,1.6000,-145.3500,-0.9303,-0.8300,-0.0072
2094982896,38.633803803,-0.267289842,863.8266,-4.5800,2.3000,-145.6900,-0.9360,-0.8183,-0.0354
2095033920,38.633803361,-0.267290282,863.8289,-4.7200,1.9500,-145.9400,-0.9318,-0.8097,-0.0923
2095084945,38.633802903,-0.267290708,863.8335,-4.7300,1.2400,-146.2700,-0.9523,-0.8157,-0.0573
2095135969,38.633802450,-0.267291133,863.8379,-4.5800,0.4800,-146.7200,-0.9298,-0.7893,-0.0914
2095177037,38.633802092,-0.267291469,863.8418,-4.4000,-0.5000,-147.1100,-0.9275,-0.7700,-0.0884
2095228062,38.633801648,-0.267291876,863.8452,-4.1600,-0.7400,-147.6800,-0.9289,-0.7479,-0.0524
2095279086,38.633801192,-0.267292269,863.8455,-3.9400,-0.3800,-148.3200,-0.9413,-0.7294,-0.0126
2095330111,38.633800730,-0.267292660,863.8432,-3.8200,0.0100,-148.9800,-0.9672,-0.7233,0.0507
2095381135,38.633800260,-0.267293053,863.8382,-3.8200,0.3000,-149.6900,-0.9950,-0.7197,0.0875
2095432159,38.633799779,-0.267293451,863.8321,-3.9500,0.3900,-150.5400,-1.0168,-0.7256,0.1048
2095483184,38.633799291,-0.267293862,863.8267,-4.1800,0.4600,-151.6200,-1.0327,-0.7345,0.1060
2095534208,38.633798803,-0.267294281,863.8215,-4.4000,0.5000,-152.8500,-1.0320,-0.7372,0.0763
2095575277,38.633798409,-0.267294616,863.8182,-4.5000,0.7300,-153.8800,-1.0396,-0.7250,0.0637
2095626301,38.633797922,-0.267295029,863.8148,-4.3600,0.0400,-155.1100,-1.0411,-0.7166,0.0086
2095677325,38.633797453,-0.267295432,863.8150,-4.2100,-0.3900,-156.4600,-1.0337,-0.6934,-0.0200
2095728350,38.633796985,-0.267295819,863.8150,-4.3800,-0.5800,-157.7400,-1.0163,-0.6489,-0.0378
2095779374,38.633796522,-0.267296181,863.8147,-4.5700,-0.7500,-158.9800,-1.0298,-0.6116,-0.0046
2095830399,38.633796057,-0.267296520,863.8148,-4.7600,-1.8600,-160.0900,-1.0255,-0.5717,-0.0218
2095881423,38.633795593,-0.267296835,863.8178,-5.0200,-2.7400,-161.1800,-1.0446,-0.5483,0.0071
2095932447,38.633795121,-0.267297138,863.8196,-5.3800,-2.6400,-162.3100,-1.0616,-0.5319,0.0138
2095973516,38.633794731,-0.267297380,863.8199,-5.7100,-2.4400,-163.2200,-1.0878,-0.5266,0.0367
2096024540,38.633794226,-0.267297678,863.8185,-6.0800,-2.1000,-164.3400,-1.1177,-0.5169,0.0579
2096075565,38.633793682,-0.267297968,863.8156,-6.4500,-1.7600,-165.3500,-1.1435,-0.4903,0.0537
2096126589,38.633793134,-0.267298240,863.8137,-6.8100,-1.3900,-166.2500,-1.1482,-0.4547,0.0069
2096177613,38.633792590,-0.267298492,863.8141,-7.1500,-0.6100,-167.1600,-1.1352,-0.4213,-0.0258
2096228638,38.633792059,-0.267298720,863.8152,-7.3500,-0.4400,-167.8900,-1.1456,-0.3795,-0.0848
2096279662,38.633791556,-0.267298919,863.8161,-7.3100,-0.8800,-168.7900,-1.1534,-0.3555,-0.1213
2096330687,38.633791046,-0.267299103,863.8176,-7.3900,-1.3500,-169.8200,-1.1419,-0.3123,-0.1364
2096371755,38.633790643,-0.267299231,863.8209,-7.4600,-1.2600,-170.7300,-1.1276,-0.2742,-0.1686
2096422779,38.633790143,-0.267299368,863.8260,-7.4600,-1.8000,-171.8100,-1.1209,-0.2296,-0.1763
2096473804,38.633789675,-0.267299441,863.8298,-7.4100,-1.4400,-173.1500,-1.1214,-0.1867,-0.1417
2096524828,38.633789199,-0.267299494,863.8320,-7.4100,-0.7600,-174.6800,-1.1265,-0.1414,-0.1061
2096575853,38.633788714,-0.267299527,863.8319,-7.5000,-0.3200,-176.2800,-1.1450,-0.0958,-0.0395
2096626877,38.633788219,-0.267299531,863.8291,-7.7500,-0.1100,-177.9900,-1.1527,-0.0438,-0.0055
2096677902,38.633787716,-0.267299494,863.8224,-8.0900,0.3500,-179.9700,-1.1612,0.0142,0.0370
2096728926,38.633787213,-0.267299426,863.8157,-8.4300,0.9000,177.7300,-1.1436,0.0826,0.0275
2096769994,38.633786813,-0.267299348,863.8114,-8.6900,1.2400,175.6600,-1.1268,0.1274,0.0180
2096821019,38.633786325,-0.267299223,863.8071,-8.9500,1.9800,172.7600,-1.0918,0.1953,0.0088
2096872043,38.633785873,-0.267299005,863.8003,-9.1100,1.6400,169.7800,-1.0487,0.2669,-0.0275
2096923068,38.633785439,-0.267298755,863.7960,-9.1600,1.1500,166.6900,-1.0163,0.3419,-0.0059
2096974092,38.633785018,-0.267298470,863.7909,-9.2400,0.3000,163.7200,-0.9499,0.4150,-0.0126
2097025116,38.633784634,-0.267298157,863.7858,-9.2800,-0.6200,160.8400,-0.9090,0.4832,0.0193
2097076141,38.633784301,-0.267297838,863.7773,-9.0900,-1.7300,158.0000,-0.8613,0.5315,0.0492
2097127165,38.633783979,-0.267297493,863.7678,-8.8300,-2.2400,155.1600,-0.8237,0.5859,0.0823
2097168234,38.633783727,-0.267297194,863.7602,-8.7900,-2.1200,152.9200,-0.7980,0.6271,0.0993
2097219258,38.633783418,-0.267296798,863.7497,-8.8100,-2.1500,150.3100,-0.7809,0.6778,0.1346
2097270283,38.633783112,-0.267296390,863.7356,-8.7900,-2.2700,147.9000,-0.7646,0.7240,0.1489
2097321307,38.633782807,-0.267295953,863.7224,-8.7900,-2.2800,145.7600,-0.7476,0.7747,0.1384
2097372331,38.633782507,-0.267295492,863.7117,-8.7600,-2.1600,143.8800,-0.7260,0.8113,0.0960
2097423356,38.633782222,-0.267295029,863.7037,-8.7100,-2.0900,142.2200,-0.7001,0.8352,0.0317
2097474380,38.633781982,-0.267294618,863.6969,-8.7100,-1.6700,140.7000,-0.6809,0.8605,0.0167
2097525405,38.633781738,-0.267294183,863.6929,-8.5300,-2.5300,139.4400,-0.6691,0.8813,-0.0447
2097566473,38.633781539,-0.267293815,863.6915,-8.3000,-3.3900,138.3500,-0.6602,0.9080,-0.0400
2097617498,38.633781297,-0.267293337,863.6905,-8.2300,-3.1500,136.9400,-0.6199,0.9235,-0.0345
2097668522,38.633781002,-0.267292887,863.6916,-8.0900,-2.6500,135.5800,-0.5964,0.9351,-0.0301
2097719546,38.633780718,-0.267292418,863.6928,-7.8600,-3.0500,134.3400,-0.5759,0.9451,-0.0250
2097770571,38.633780444,-0.267291933,863.6934,-7.6100,-3.1000,132.9900,-0.5566,0.9569,0.0049
2097821595,38.633780183,-0.267291443,863.6935,-7.4100,-2.5900,131.5400,-0.5352,0.9681,0.0394
2097872620,38.633779942,-0.267290969,863.6948,-7.2700,-2.1700,130.0700,-0.5252,0.9925,0.0851
2097923644,38.633779705,-0.267290469,863.6935,-7.1900,-2.1100,128.6200,-0.5093,1.0130,0.1194
2097964712,38.633779519,-0.267290047,863.6912,-7.1600,-1.9000,127.4100,-0.4968,1.0356,0.1372
2098015737,38.633779291,-0.267289507,863.6877,-6.9400,-1.6700,125.7800,-0.4887,1.0404,0.1249
2098066761,38.633779085,-0.267288951,863.6816,-6.5700,-1.3900,124.0500,-0.4652,1.0414,0.1041
2098117786,38.633778892,-0.267288392,863.6775,-6.2300,-0.1900,122.2600,-0.4277,1.0318,0.0653
2098168810,38.633778712,-0.267287813,863.6742,-5.7700,1.2400,120.3700,-0.3903,1.0676,0.0491
2098219834,38.633778554,-0.267287227,863.6744,-5.3100,2.1300,118.4400,-0.3391,1.0662,-0.0135
2098270859,38.633778417,-0.267286699,863.6750,-5.0800,1.6700,116.7100,-0.2983,1.0807,0.0016
2098321883,38.633778304,-0.267286160,863.6766,-4.9900,1.0100,115.0300,-0.2409,1.0837,-0.0172
2098362952,38.633778230,-0.267285710,863.6774,-5.0700,-0.2200,113.7900,-0.1999,1.0971,0.0044
2098413976,38.633778156,-0.267285132,863.6783,-5.1800,-1.3100,112.1400,-0.1457,1.1243,0.0153
2098465001,38.633778118,-0.267284572,863.6787,-5.4900,-1.9700,110.4500,-0.0874,1.1402,-0.0088
2098516025,38.633778101,-0.267283985,863.6795,-5.9400,-1.7800,108.6900,-0.0478,1.1804,0.0113
2098567049,38.633778097,-0.267283368,863.6805,-6.2900,-1.2500,106.9100,-0.0097,1.2017,-0.0225
2098618074,38.633778106,-0.267282716,863.6822,-6.6100,-0.8300,105.2400,0.0099,1.2530,-0.0258
2098669098,38.633778121,-0.267282064,863.6832,-6.8000,-0.7700,103.7700,0.0610,1.2525,-0.0704
2098720123,38.633778155,-0.267281397,863.6861,-7.0600,-1.0000,102.5800,0.1064,1.2490,-0.0885
2098761191,38.633778200,-0.267280850,863.6892,-7.3200,-1.0700,101.8100,0.1512,1.2777,-0.1017
2098812215,38.633778277,-0.267280153,863.6947,-7.4200,-1.7000,100.7000,0.1987,1.2873,-0.1262
2098863240,38.633778365,-0.267279448,863.6988,-7.3900,-1.8300,99.4500,0.2437,1.3089,-0.0852
2098914264,38.633778476,-0.267278742,863.7027,-7.0700,-1.5200,98.1700,0.3024,1.2908,-0.0990
2098965289,38.633778614,-0.267278031,863.7069,-6.6300,-1.1100,96.8800,0.3585,1.2893,-0.0758
2099016313,38.633778777,-0.267277318,863.7102,-6.2200,-0.6400,95.6000,0.4054,1.2776,-0.0603
2099067338,38.633778959,-0.267276614,863.7129,-5.8300,-0.5500,94.2700,0.4313,1.2917,-0.0084
2099118362,38.633779153,-0.267275903,863.7130,-5.3500,-0.5400,92.8800,0.4552,1.2926,0.0459
2099159430,38.633779318,-0.267275323,863.7109,-4.9400,-0.6400,91.8100,0.4768,1.2991,0.0848
2099210455,38.633779535,-0.267274597,863.7077,-4.5700,-0.3100,90.3300,0.5081,1.2990,0.1001
2099261479,38.633779714,-0.267273852,863.7019,-4.3300,-0.0500,88.8900,0.5227,1.2902,0.0908
2099312504,38.633779900,-0.267273105,863.6965,-4.1700,0.8800,87.5100,0.5559,1.2700,0.0789
2099363528,38.633780106,-0.267272378,863.6927,-3.8800,1.9500,86.2400,0.5846,1.2478,0.0507
2099414553,38.633780332,-0.267271645,863.6907,-3.2500,1.2200,84.9600,0.6147,1.2537,-0.0219
2099465577,38.633780550,-0.267270906,863.6937,-2.7800,0.4000,83.4800,0.6531,1.2604,-0.0440
2099516601,38.633780794,-0.267270172,863.6975,-2.5600,-0.2200,82.0500,0.6868,1.2200,-0.0833
2099557670,38.633781007,-0.267269599,863.7016,-2.5000,-0.3600,80.8300,0.7180,1.2075,-0.0727
2099608694,38.633781291,-0.267268893,863.7053,-2.3500,-0.7500,79.3100,0.7436,1.1811,-0.0458
2099659719,38.633781569,-0.267268166,863.7069,-2.1600,-0.8900,77.8100,0.7622,1.1944,0.0017
2099710743,38.633781858,-0.267267425,863.7059,-1.9600,-0.8500,76.3200,0.7765,1.2111,0.0458
2099761768,38.633782159,-0.267266680,863.7034,-1.7400,-0.5800,74.9700,0.7815,1.2346,0.0697
2099812792,38.633782468,-0.267265921,863.7007,-1.4400,-0.4700,73.7500,0.7780,1.2553,0.0528
2099863816,38.633782769,-0.267265105,863.6973,-1.0600,-0.4700,72.8100,0.7763,1.2611,0.0280
2099914841,38.633783078,-0.267264298,863.6961,-0.5800,-0.6200,72.1600,0.7820,1.2587,-0.0299
2099955909,38.633783331,-0.267263659,863.6975,-0.1800,-0.6900,71.8500,0.7745,1.2388,-0.0669
2100006934,38.633783648,-0.267262886,863.7016,0.2100,-1.2000,71.7300,0.7649,1.2274,-0.1283
2100057958,38.633783918,-0.267262081,863.7101,0.5000,-2.0500,71.3500,0.7319,1.2372,-0.1650
2100108983,38.633784172,-0.267261281,863.7194,0.6900,-2.4200,70.9400,0.6942,1.2186,-0.1752
2100160007,38.633784421,-0.267260503,863.7289,0.8500,-2.2500,70.5900,0.6685,1.2056,-0.1657
2100211031,38.633784666,-0.267259739,863.7375,1.1200,-2.4500,70.2300,0.6400,1.2005,-0.1398
2100262056,38.633784870,-0.267258924,863.7428,1.3600,-2.4300,69.9500,0.6206,1.2104,-0.0907
2100313080,38.633785067,-0.267258100,863.7454,1.5700,-1.8400,69.7300,0.5947,1.2303,-0.0359
2100354149,38.633785226,-0.267257439,863.7455,1.7400,-1.2400,69.5700,0.5804,1.2491,0.0078
2100405173,38.633785423,-0.267256617,863.7440,1.9600,-0.4800,69.3500,0.5559,1.2703,0.0370
2100456198,38.633785600,-0.267255742,863.7418,2.0400,0.4100,68.9900,0.5396,1.3004,0.0359
2100507222,38.633785776,-0.267254860,863.7403,1.9200,1.5400,68.5300,0.5292,1.3068,0.0077
2100558247,38.633785959,-0.267253995,863.7412,1.7300,2.6100,68.0700,0.5231,1.2917,-0.0263
2100609271,38.633786149,-0.267253158,863.7440,1.7900,2.2600,67.6100,0.5228,1.2711,-0.0860
2100660295,38.633786303,-0.267252286,863.7527,1.7800,2.1600,67.1000,0.5280,1.2482,-0.1308
2100711320,38.633786460,-0.267251441,863.7632,1.6000,2.0700,66.7500,0.5248,1.1938,-0.1697
2100752388,38.633786595,-0.267250794,863.7725,1.4500,2.0300,66.4700,0.5272,1.1746,-0.1639
2100803413,38.633786772,-0.267250011,863.7825,1.2700,1.7900,66.0700,0.5249,1.1629,-0.1254
2100854437,38.633786920,-0.267249213,863.7897,1.0300,2.1300,65.7300,0.5247,1.1641,-0.0725
2100905462,38.633787073,-0.267248422,863.7935,0.7700,2.6800,65.5200,0.5225,1.1691,-0.0055
2100956486,38.633787239,-0.267247643,863.7941,0.6500,3.2900,65.5000,0.5222,1.1821,0.0499
2101007510,38.633787414,-0.267246871,863.7924,0.7100,3.7600,65.7200,0.5142,1.1885,0.0680
2101058535,38.633787538,-0.267246052,863.7896,0.8000,4.3600,66.2600,0.5009,1.1880,0.0568
2101109559,38.633787657,-0.267245244,863.7877,0.9800,4.8400,67.1000,0.4824,1.1783,0.0264
2101150628,38.633787755,-0.267244611,863.7877,1.1300,5.0000,67.9100,0.4459,1.1565,-0.0116
2101201652,38.633787873,-0.267243849,863.7890,1.3400,4.4500,69.1300,0.4098,1.1544,-0.0459
2101252677,38.633787932,-0.267243062,863.7920,1.5600,3.8100,70.1400,0.3701,1.1553,-0.0680
2101303701,38.633787981,-0.267242290,863.7953,1.8000,3.1700,71.2000,0.3354,1.1326,-0.0721
2101354726,38.633788033,-0.267241547,863.7993,2.1400,2.5100,72.2200,0.3063,1.1148,-0.0661
2101405750,38.633788085,-0.267240826,863.8023,2.5700,1.6300,73.1800,0.2761,1.1001,-0.0337
2101456774,38.633788100,-0.267240082,863.8031,2.9700,1.5800,74.2000,0.2586,1.0995,0.0193
2101507799,38.633788115,-0.267239340,863.8010,3.4100,1.8300,75.2000,0.2420,1.1158,0.0748
2101548867,38.633788134,-0.267238744,863.7972,3.7800,2.0200,75.9300,0.2300,1.1408,0.1207
2101599892,38.633788163,-0.267237998,863.7907,4.1800,2.4700,76.7600,0.2140,1.1701,0.1476
2101650916,38.633788171,-0.267237199,863.7814,4.5500,2.8800,77.4200,0.1960,1.1952,0.1477
2101701941,38.633788177,-0.267236399,863.7736,4.9200,3.2400,77.8900,0.1751,1.1904,0.1008
2101752965,38.633788188,-0.267235621,863.7685,5.1500,4.0300,78.4700,0.1570,1.1677,0.0570
2101803989,38.633788203,-0.267234872,863.7663,5.4800,3.6400,79.0700,0.1291,1.1420,-0.0206
2101855014,38.633788183,-0.267234105,863.7682,5.8200,3.1400,79.5800,0.1216,1.1331,-0.0450
2101906038,38.633788168,-0.267233350,863.7708,6.0100,2.9400,80.2600,0.1161,1.1069,-0.0750
2101947107,38.633788164,-0.267232763,863.7743,6.0800,2.9900,80.8700,0.1152,1.1031,-0.0795
2101998131,38.633788163,-0.267232042,863.7780,6.1100,2.4700,81.5500,0.0888,1.1091,-0.0549
2102049156,38.633788146,-0.267231311,863.7804,6.1100,2.5800,82.3800,0.0603,1.1221,-0.0072
2102100180,38.633788118,-0.267230574,863.7800,6.1000,3.1200,83.4600,0.0257,1.1372,0.0428
2102151205,38.633788084,-0.267229839,863.7772,6.2500,3.5100,84.7400,-0.0055,1.1552,0.0947
2102202229,38.633788042,-0.267229109,863.7729,6.5300,3.6500,86.2500,-0.0459,1.1564,0.1030
2102253253,38.633787973,-0.267228361,863.7680,6.7900,4.1200,88.1000,-0.0851,1.1475,0.0892
2102304278,38.633787892,-0.267227629,863.7646,7.0700,4.6500,90.2900,-0.1192,1.1214,0.0426
2102345346,38.633787820,-0.267227056,863.7638,7.3000,4.8300,92.1800,-0.1532,1.1099,0.0067
2102396371,38.633787722,-0.267226368,863.7649,7.5000,4.7800,94.8100,-0.1773,1.0819,-0.0381
2102447395,38.633787607,-0.267225694,863.7708,7.5300,4.1300,97.3900,-0.2117,1.0696,-0.1006
2102498420,38.633787477,-0.267225030,863.7783,7.4900,3.7700,99.9500,-0.2363,1.0641,-0.0906
2102549444,38.633787341,-0.267224385,863.7853,7.5600,3.4300,102.5200,-0.2707,1.0330,-0.0993
2102600469,38.633787193,-0.267223759,863.7921,7.6900,2.4900,104.8900,-0.3075,1.0219,-0.0833
2102651493,38.633787025,-0.267223146,863.7979,7.7200,2.0000,107.1800,-0.3438,1.0154,-0.0513
2102702517,38.633786839,-0.267222536,863.8013,7.6500,2.3800,109.4600,-0.3912,1.0293,0.0108
2102743586,38.633786676,-0.267222041,863.8019,7.5900,2.8500,111.1900,-0.4375,1.0423,0.0546
2102794610,38.633786453,-0.267221421,863.8003,7.5500,3.1900,113.0800,-0.4893,1.0633,0.0830
2102845635,38.633786208,-0.267220774,863.7965,7.5000,3.4800,114.6800,-0.5338,1.0827,0.0805
2102896659,38.633785943,-0.267220112,863.7925,7.4800,3.9200,115.9500,-0.5714,1.0868,0.0606
2102947684,38.633785670,-0.267219461,863.7906,7.4400,4.4600,117.0500,-0.5926,1.0704,0.0116
2102998708,38.633785390,-0.267218823,863.7906,7.4900,4.9100,118.1000,-0.6179,1.0618,-0.0088
2103049733,38.633785094,-0.267218178,863.7934,7.7000,4.6200,118.9300,-0.6476,1.0303,-0.0735
2103100757,38.633784789,-0.267217530,863.7982,7.7200,4.4700,119.7900,-0.6585,1.0376,-0.0762
2103141826,38.633784543,-0.267217017,863.8023,7.6900,4.5200,120.6000,-0.6585,1.0185,-0.0876
2103192850,38.633784238,-0.267216397,863.8076,7.6400,4.0700,121.5500,-0.6733,0.9992,-0.0806
2103243874,38.633783928,-0.267215795,863.8139,7.5400,3.6500,122.5100,-0.7065,0.9736,-0.0592
2103294899,38.633783606,-0.267215208,863.8185,7.3900,3.9800,123.6300,-0.7395,0.9632,-0.0092
2103345923,38.633783268,-0.267214630,863.8207,7.3200,4.6000,124.8300,-0.7836,0.9620,0.0333
2103396948,38.633782910,-0.267214053,863.8206,7.3600,4.8600,126.0300,-0.8189,0.9644,0.0604
2103447972,38.633782535,-0.267213475,863.8183,7.4600,5.1400,127.3400,-0.8575,0.9712,0.0674
2103498997,38.633782144,-0.267212900,863.8156,7.5600,5.7200,128.7600,-0.8857,0.9630,0.0480
2103540065,38.633781821,-0.267212443,863.8146,7.6000,6.1700,129.9500,-0.9051,0.9510,0.0209
2103591090,38.633781408,-0.267211889,863.8149,7.5600,6.6400,131.4500,-0.9363,0.9250,-0.0243
2103642114,38.633780990,-0.267211355,863.8169,7.4500,7.1200,133.2100,-0.9534,0.8806,-0.0444
2103693139,38.633780567,-0.267210841,863.8201,7.4400,6.4800,134.9900,-0.9804,0.8251,-0.0895
2103744163,38.633780130,-0.267210354,863.8240,7.4900,5.8800,136.7000,-1.0106,0.8073,-0.0630
2103795188,38.633779685,-0.267209889,863.8279,7.4400,5.5600,138.4800,-1.0146,0.7601,-0.0826
2103846212,38.633779232,-0.267209450,863.8321,7.4100,4.8600,140.1300,-1.0416,0.7242,-0.0612
2103897236,38.633778764,-0.267209033,863.8349,7.5700,4.3400,141.6600,-1.0695,0.6989,-0.0285
2103938305,38.633778377,-0.267208704,863.8358,7.6400,4.5900,142.9000,-1.0939,0.6948,0.0098
2103989329,38.633777881,-0.267208299,863.8346,7.6100,5.4200,144.4200,-1.1327,0.6900,0.0635
2104040354,38.633777365,-0.267207896,863.8302,7.5300,5.9400,145.7700,-1.1771,0.6877,0.1029
2104091378,38.633776829,-0.267207501,863.8241,7.4000,6.5600,146.9600,-1.2191,0.6765,0.1094
2104142403,38.633776274,-0.267207111,863.8182,7.2600,7.2800,147.9500,-1.2503,0.6646,0.0919
2104193427,38.633775710,-0.267206735,863.8145,7.2100,7.9600,148.7800,-1.2574,0.6413,0.0532
2104244452,38.633775147,-0.267206364,863.8130,7.1500,8.4300,149.6400,-1.2491,0.6241,0.0210
2104295476,38.633774582,-0.267206002,863.8132,7.2000,7.5700,150.2600,-1.2544,0.5926,-0.0328
2104336545,38.633774127,-0.267205722,863.8151,7.2000,6.9700,150.7600,-1.2568,0.5935,-0.0448
2104387569,38.633773563,-0.267205374,863.8180,6.9500,6.1400,151.5100,-1.2335,0.5876,-0.0725
2104438593,38.633773030,-0.267205022,863.8224,6.6100,5.5000,152.3100,-1.2263,0.5884,-0.0596
2104489618,38.633772520,-0.267204662,863.8258,6.2400,4.8900,153.0500,-1.2314,0.5759,-0.0206
2104540642,38.633771999,-0.267204316,863.8269,5.8800,4.9500,153.8000,-1.2457,0.5615,0.0273
2104591667,38.633771464,-0.267203979,863.8254,5.4400,5.3800,154.6400,-1.2674,0.5532,0.0787
2104642691,38.633770931,-0.267203649,863.8207,5.0500,5.7100,155.5600,-1.2924,0.5414,0.1125
2104693716,38.633770391,-0.267203329,863.8144,4.7200,5.6500,156.6200,-1.3131,0.5237,0.1126
2104734784,38.633769946,-0.267203083,863.8101,4.4500,5.6900,157.6000,-1.3153,0.5037,0.0876
2104785809,38.633769388,-0.267202793,863.8065,4.0300,5.9400,159.0000,-1.3182,0.4691,0.0459
2104836833,38.633768828,-0.267202543,863.8056,3.6200,6.1700,160.4200,-1.3185,0.4168,-0.0014
2104887858,38.633768269,-0.267202328,863.8063,3.1400,6.0700,162.1400,-1.3210,0.3935,-0.0391
2104938882,38.633767704,-0.267202136,863.8104,2.6200,5.2100,163.8100,-1.3254,0.3413,-0.0903
2104989906,38.633767123,-0.267201965,863.8142,2.1100,4.1000,165.4000,-1.3509,0.3039,-0.0664
2105040931,38.633766547,-0.267201835,863.8193,1.6800,3.5600,166.9200,-1.3492,0.2457,-0.0873
2105091955,38.633765972,-0.267201752,863.8247,1.4600,2.4700,168.2700,-1.3634,0.1814,-0.0809
2105133024,38.633765503,-0.267201707,863.8293,1.3100,2.4900,169.3000,-1.3711,0.1429,-0.0753
2105184048,38.633764908,-0.267201674,863.8340,1.0000,3.2000,170.5400,-1.3879,0.0887,-0.0569
2105235073,38.633764299,-0.267201667,863.8387,0.6100,4.1100,171.6800,-1.4199,0.0438,-0.0549
2105286097,38.633763668,-0.267201687,863.8437,0.1300,4.6300,172.6000,-1.4553,-0.0064,-0.0721
2105337122,38.633763019,-0.267201726,863.8499,-0.4800,5.0100,173.2800,-1.4841,-0.0410,-0.1152
2105388146,38.633762363,-0.267201783,863.8589,-1.3100,5.5000,173.7200,-1.4735,-0.0686,-0.1774
2105439171,38.633761708,-0.267201848,863.8713,-2.4400,6.0200,174.0200,-1.4597,-0.0767,-0.2524
2105490195,38.633761060,-0.267201904,863.8867,-3.8500,5.9100,174.2600,-1.4330,-0.0569,-0.3115
2105531264,38.633760547,-0.267201940,863.9019,-5.0800,5.7400,174.3500,-1.4176,-0.0333,-0.3271
2105582288,38.633759913,-0.267201963,863.9203,-6.6500,5.0400,174.5900,-1.3983,0.0018,-0.3171
2105633312,38.633759289,-0.267201965,863.9395,-8.0300,3.9700,174.8200,-1.4080,0.0313,-0.2837
2105684337,38.633758688,-0.267201943,863.9620,-9.3400,2.8300,175.1300,-1.4155,0.0570,-0.2403
2105735361,38.633758078,-0.267201906,863.9807,-10.5300,2.1500,175.3900,-1.4144,0.0860,-0.1902
2105786386,38.633757463,-0.267201849,863.9960,-11.6500,2.1000,175.6000,-1.4112,0.1234,-0.1369
2105837410,38.633756839,-0.267201755,864.0083,-12.5600,2.3400,175.7900,-1.4133,0.1610,-0.1113
2105888435,38.633756199,-0.267201621,864.0186,-13.3600,2.4900,176.1000,-1.4184,0.1973,-0.0996
2105929503,38.633755683,-0.267201499,864.0277,-13.6900,2.1700,176.5000,-1.4186,0.2328,-0.1524
2105980528,38.633755038,-0.267201328,864.0407,-13.9100,1.9800,177.3500,-1.4125,0.2767,-0.1974
2106031552,38.633754407,-0.267201128,864.0561,-13.8900,2.2900,178.1800,-1.4068,0.3108,-0.2523
2106082577,38.633753798,-0.267200898,864.0722,-13.9100,2.0800,178.7300,-1.3956,0.3351,-0.3359
2106133601,38.633753200,-0.267200660,864.0908,-14.5500,3.6800,178.9700,-1.3411,0.3614,-0.2921
2106184626,38.633752604,-0.267200412,864.1050,-14.7600,4.1500,179.2500,-1.3815,0.3723,-0.2463
2106235650,38.633751988,-0.267200170,864.1174,-14.2400,4.1500,179.1500,-1.3992,0.3636,-0.1635
2106286675,38.633751377,-0.267199947,864.1270,-13.4400,3.1800,178.9500,-1.3651,0.3494,-0.1681
2106327743,38.633750895,-0.267199768,864.1346,-13.0900,3.2100,178.5100,-1.3448,0.3621,-0.1241
2106378768,38.633750300,-0.267199539,864.1418,-13.0100,3.4500,177.8200,-1.3297,0.3801,-0.0957
2106429792,38.633749707,-0.267199299,864.1459,-13.2100,3.8900,177.0600,-1.3300,0.4074,-0.0232
2106480816,38.633749115,-0.267199053,864.1439,-13.5000,4.3500,176.1600,-1.3358,0.4439,0.0720
2106531841,38.633748514,-0.267198782,864.1375,-13.7700,4.5600,175.1300,-1.3473,0.4866,0.1385
2106582865,38.633747908,-0.267198485,864.1283,-14.0900,4.8300,173.9800,-1.3469,0.5359,0.2017
2106633890,38.633747293,-0.267198152,864.1165,-14.3500,4.9000,172.6600,-1.3520,0.5763,0.2204
2106684915,38.633746641,-0.267197771,864.1030,-14.6900,5.1600,171.0100,-1.3307,0.6222,0.2062
2106725983,38.633746132,-0.267197442,864.0924,-14.9900,5.0800,169.6300,-1.3153,0.6771,0.2179
2106777007,38.633745502,-0.267197007,864.0806,-15.1600,4.0900,167.8000,-1.3155,0.7218,0.1801
2106828032,38.633744875,-0.267196550,864.0685,-15.2500,2.4600,166.0800,-1.3175,0.7760,0.2109
2106879056,38.633744265,-0.267196063,864.0569,-15.1800,1.2200,164.1000,-1.2950,0.8339,0.2099
2106930081,38.633743661,-0.267195545,864.0440,-14.9300,0.1900,162.1100,-1.2847,0.8868,0.2410
2106981105,38.633743065,-0.267195004,864.0301,-14.5100,0.1200,159.9300,-1.2738,0.9239,0.2728
2107032130,38.633742480,-0.267194445,864.0143,-13.9300,-0.0300,157.8500,-1.2570,0.9635,0.3070
2107083154,38.633741925,-0.267193876,863.9965,-13.2600,0.1300,155.8900,-1.2459,1.0091,0.3479
2107124223,38.633741479,-0.267193403,863.9816,-12.6800,0.2900,154.4700,-1.2356,1.0230,0.3450
2107175247,38.633740932,-0.267192802,863.9633,-12.0100,0.6900,152.9500,-1.2015,1.0513,0.3549
2107226272,38.633740403,-0.267192192,863.9466,-11.2500,0.9400,151.7200,-1.1718,1.0494,0.2968
2107277296,38.633739896,-0.267191581,863.9312,-10.6500,1.4100,150.8000,-1.1318,1.0418,0.2639
2107328321,38.633739397,-0.267190977,863.9194,-9.6600,0.7800,150.0300,-1.1218,1.0297,0.1662
2107379345,38.633738901,-0.267190375,863.9112,-8.5500,0.4000,149.0700,-1.1044,1.0289,0.1581
2107430370,38.633738412,-0.267189782,863.9052,-7.3700,0.6600,148.0300,-1.0849,1.0280,0.1161
2107481394,38.633737924,-0.267189211,863.9029,-6.1700,0.2500,147.0100,-1.0714,1.0372,0.1175
2107522463,38.633737534,-0.267188740,863.9005,-5.2300,-0.0300,146.1200,-1.0614,1.0601,0.1362
2107573487,38.633737053,-0.267188136,863.8951,-4.2800,0.4000,144.9300,-1.0583,1.0903,0.1867
2107624511,38.633736571,-0.267187518,863.8872,-3.5200,1.2900,143.6100,-1.0705,1.1136,0.2346
2107675536,38.633736089,-0.267186905,863.8782,-2.9000,1.7500,142.1800,-1.0899,1.1275,0.2591
2107726560,38.633735596,-0.267186281,863.8678,-2.4500,2.2400,140.4400,-1.1122,1.1315,0.2710
2107777585,38.633735092,-0.267185657,863.8576,-2.0900,3.2000,138.4200,-1.1208,1.1080,0.2311
2107828609,38.633734578,-0.267185042,863.8494,-1.8600,4.4300,136.2200,-1.1177,1.0831,0.1764
2107879634,38.633734029,-0.267184434,863.8429,-1.5700,5.0600,134.0100,-1.1184,1.0690,0.1181
2107920702,38.633733593,-0.267183949,863.8404,-1.3900,4.5000,132.2600,-1.1020,1.0524,0.0381
2107971727,38.633733064,-0.267183346,863.8397,-1.3900,3.5400,130.3600,-1.0709,1.0553,0.0138
2108022751,38.633732562,-0.267182752,863.8409,-1.5000,2.8300,128.6300,-1.0306,1.0477,-0.0060
2108073776,38.633732085,-0.267182187,863.8431,-1.4000,1.8200,126.9400,-1.0052,1.0468,0.0089
2108124800,38.633731620,-0.267181610,863.8438,-1.4600,2.0000,125.3400,-0.9952,1.0692,0.0582
2108175825,38.633731156,-0.267181017,863.8414,-1.6500,2.7500,123.8300,-1.0017,1.0769,0.1059
2108226849,38.633730689,-0.267180426,863.8359,-1.9100,3.3900,122.4500,-1.0222,1.0841,0.1727
2108277874,38.633730227,-0.267179876,863.8282,-2.1300,4.2400,121.3300,-1.0342,1.0663,0.2236
2108318942,38.633729852,-0.267179439,863.8198,-2.1500,4.8600,120.7000,-1.0337,1.0269,0.2402
2108369967,38.633729389,-0.267178916,863.8095,-2.0900,5.7300,120.2200,-1.0247,0.9719,0.2185
2108420991,38.633728927,-0.267178435,863.8008,-2.1000,6.7000,120.0800,-1.0019,0.9047,0.1760
2108472016,38.633728460,-0.267178020,863.7937,-2.2800,6.4400,120.3700,-1.0035,0.8843,0.1145
2108523040,38.633727996,-0.267177602,863.7885,-2.1200,5.4700,120.5900,-0.9960,0.8832,0.1231
2108574065,38.633727542,-0.267177178,863.7842,-1.8500,4.5000,120.8700,-0.9635,0.8545,0.0797
2108625089,38.633727099,-0.267176748,863.7807,-1.5700,3.6200,121.1500,-0.9656,0.8774,0.1018
2108676114,38.633726662,-0.267176318,863.7780,-1.2300,2.3000,121.3300,-0.9696,0.8920,0.1051
2108717182,38.633726308,-0.267175950,863.7748,-0.9700,1.1600,121.4400,-0.9763,0.9211,0.1384
2108768207,38.633725863,-0.267175472,863.7695,-0.5900,0.7800,121.5800,-0.9898,0.9381,0.1586
2108819231,38.633725412,-0.267174966,863.7632,-0.1200,0.9100,121.6200,-1.0050,0.9668,0.1670
2108870256,38.633724961,-0.267174428,863.7577,0.3900,1.6000,121.6300,-1.0099,0.9641,0.1327
2108921280,38.633724507,-0.267173890,863.7538,0.9400,2.6100,121.6700,-1.0137,0.9547,0.0921
2108972305,38.633724053,-0.267173363,863.7529,1.4900,4.1300,121.7800,-0.9998,0.9234,0.0280
2109023329,38.633723592,-0.267172840,863.7550,2.0000,4.0800,121.9600,-0.9989,0.9050,-0.0758
2109074353,38.633723114,-0.267172344,863.7621,2.5000,4.3300,122.4100,-0.9756,0.8820,-0.1108
2109115422,38.633722741,-0.267171954,863.7688,2.9900,3.7800,122.9600,-0.9448,0.8357,-0.1635
2109166446,38.633722293,-0.267171494,863.7797,3.6100,3.2700,123.7200,-0.9257,0.8076,-0.1867
2109217471,38.633721859,-0.267171048,863.7903,3.8600,3.1800,124.5300,-0.9146,0.7906,-0.1589
2109268495,38.633721447,-0.267170637,863.7992,3.8400,4.2600,125.3500,-0.9135,0.7879,-0.0752
2109319520,38.633721035,-0.267170218,863.8037,3.6100,5.3700,126.1100,-0.9137,0.7897,0.0020
2109370544,38.633720621,-0.267169786,863.8042,3.2500,5.8400,126.7700,-0.9110,0.8027,0.0695
2109421569,38.633720208,-0.267169352,863.8019,2.7600,6.2500,127.4400,-0.8955,0.8141,0.0931
2109472593,38.633719787,-0.267168931,863.7972,2.2100,6.3400,128.1000,-0.8771,0.8083,0.0751
2109513662,38.633719455,-0.267168586,863.7947,1.8700,6.1700,128.5500,-0.8674,0.8166,0.0540
2109564686,38.633719054,-0.267168150,863.7935,1.4900,6.1100,129.1600,-0.8390,0.8287,0.0220
2109615711,38.633718664,-0.267167701,863.7951,1.2300,5.0200,129.7600,-0.8213,0.8285,-0.0542
2109666735,38.633718263,-0.267167193,863.8007,1.1000,3.7200,130.1800,-0.8290,0.8629,-0.0688
2109717760,38.633717865,-0.267166678,863.8074,1.2100,2.9600,130.5600,-0.8146,0.8611,-0.1059
2109768784,38.633717477,-0.267166158,863.8165,1.5600,2.2800,130.8500,-0.8022,0.8745,-0.1510
2109819827,38.633717095,-0.267165631,863.8270,2.0200,2.1700,131.0800,-0.7965,0.8915,-0.1584
2109870833,38.633716734,-0.267165050,863.8367,2.5800,2.7900,131.2600,-0.7935,0.9237,-0.1536
2109911902,38.633716442,-0.267164573,863.8448,2.9200,3.4200,131.3200,-0.8005,0.9488,-0.1690
2109962926,38.633716069,-0.267163963,863.8564,3.0800,4.2200,131.2700,-0.8420,0.9943,-0.2024
2110013951,38.633715675,-0.267163329,863.8707,2.9600,4.6500,131.0100,-0.8813,1.0494,-0.2775
2110064975,38.633715289,-0.267162629,863.8891,2.5300,4.5900,130.5200,-0.9103,1.1052,-0.3616
2110116000,38.633714890,-0.267161913,863.9121,1.8900,4.8900,129.9000,-0.9126,1.1345,-0.4506
2110167024,38.633714495,-0.267161196,863.9398,1.0900,6.0500,129.2900,-0.8852,1.1355,-0.5426
2110218049,38.633714117,-0.267160486,863.9723,0.3500,7.2300,128.8200,-0.8303,1.1278,-0.6497
2110269073,38.633713757,-0.267159739,864.0125,-0.1100,8.1800,128.4500,-0.7954,1.1322,-0.7050
2110310142,38.633713480,-0.267159147,864.0461,-0.2600,8.8100,128.2000,-0.7438,1.1322,-0.7534
2110361166,38.633713167,-0.267158414,864.0904,-0.2600,9.3500,128.1300,-0.6709,1.1374,-0.8242
2110412191,38.633712875,-0.267157690,864.1365,-0.0900,9.8600,128.0500,-0.6459,1.1328,-0.8526
2110463215,38.633712622,-0.267156974,864.1830,0.0700,10.8800,127.9800,-0.6009,1.1018,-0.8730
2110514240,38.633712385,-0.267156292,864.2299,0.1400,11.8800,128.1400,-0.5641,1.0408,-0.8934
2110565264,38.633712142,-0.267155648,864.2755,0.2600,12.9900,128.2300,-0.6006,0.9945,-0.8371
2110616289,38.633711892,-0.267155041,864.3187,0.4100,14.4000,128.3800,-0.5847,0.9455,-0.8050
2110667313,38.633711628,-0.267154516,864.3607,0.3700,15.1600,128.6200,-0.5997,0.8950,-0.7332
2110708382,38.633711413,-0.267154114,864.3916,0.3100,15.3900,128.9000,-0.5952,0.8463,-0.6756
2110759406,38.633711144,-0.267153645,864.4265,0.0100,15.4800,129.2800,-0.6001,0.7960,-0.6043
2110810431,38.633710876,-0.267153192,864.4577,-0.2100,15.2400,129.8000,-0.5974,0.7916,-0.5552
2110861455,38.633710627,-0.267152760,864.4835,-0.2800,14.9600,130.5600,-0.5827,0.7852,-0.5114
2110912480,38.633710380,-0.267152324,864.5070,-0.1500,14.3200,131.4400,-0.5823,0.7974,-0.4877
2110963504,38.633710131,-0.267151882,864.5296,0.2300,13.8000,132.4800,-0.5691,0.7860,-0.4433
2111014529,38.633709892,-0.267151450,864.5508,0.2500,13.8600,133.3300,-0.5356,0.7647,-0.4081
2111065553,38.633709642,-0.267151008,864.5661,0.3300,13.8300,134.5300,-0.5184,0.7117,-0.3755
2111106622,38.633709454,-0.267150672,864.5784,0.2000,14.0500,135.4100,-0.4699,0.6831,-0.3342
2111157646,38.633709239,-0.267150274,864.5902,-0.0200,13.4900,136.4600,-0.4331,0.6525,-0.2643
2111208671,38.633709038,-0.267149886,864.6006,-0.2500,13.6400,137.5600,-0.4199,0.6413,-0.2179
2111259695,38.633708858,-0.267149515,864.6082,-0.4300,13.0800,138.5800,-0.4004,0.6347,-0.1786
2111310720,38.633708684,-0.267149151,864.6136,-0.3900,12.3800,139.4800,-0.3997,0.6205,-0.1151
2111361744,38.633708511,-0.267148794,864.6165,-0.1700,12.0200,140.1400,-0.3936,0.6018,-0.0551
2111412769,38.633708336,-0.267148448,864.6171,0.0800,12.1600,140.5600,-0.4003,0.5847,-0.0166
2111463793,38.633708150,-0.267148106,864.6152,0.1600,12.7300,140.8200,-0.4082,0.5565,0.0132
2111504862,38.633707999,-0.267147845,864.6127,0.0600,13.1800,140.9400,-0.4187,0.5395,0.0381
2111555886,38.633707807,-0.267147529,864.6089,-0.1900,12.9500,140.9100,-0.4154,0.5280,0.0382
2111606911,38.633707619,-0.267147214,864.6060,-0.6700,12.1800,140.5900,-0.3992,0.5231,0.0186
2111657935,38.633707435,-0.267146911,864.6034,-1.2000,12.3900,140.0400,-0.3629,0.4938,0.0753
2111708960,38.633707261,-0.267146605,864.5982,-1.9300,12.9200,139.2700,-0.3512,0.5151,0.1125
2111759984,38.633707097,-0.267146299,864.5906,-2.4400,13.1200,138.2800,-0.3198,0.5119,0.1972
2111811009,38.633706952,-0.267145988,864.5781,-2.8000,12.4400,137.4300,-0.2644,0.5062,0.2543
2111862033,38.633706817,-0.267145686,864.5618,-3.3100,12.1800,136.6100,-0.2390,0.4927,0.3096
2111903102,38.633706715,-0.267145451,864.5473,-3.7900,12.0100,136.0400,-0.2226,0.4726,0.3276
2111954126,38.633706594,-0.267145165,864.5289,-4.1600,11.3300,135.4000,-0.2150,0.4669,0.3326
2112005151,38.633706482,-0.267144882,864.5109,-4.3500,10.9000,134.7800,-0.1935,0.4649,0.3156
2112056175,38.633706359,-0.267144633,864.4947,-4.4000,10.7300,134.0700,-0.1911,0.4541,0.2789
2112107200,38.633706238,-0.267144398,864.4812,-4.3200,10.1600,133.2600,-0.1771,0.4316,0.2105
2112158224,38.633706129,-0.267144165,864.4714,-4.1500,9.7300,132.6200,-0.1621,0.4296,0.1347
2112209249,38.633706032,-0.267143944,864.4671,-3.9700,9.4500,132.3100,-0.1299,0.3842,0.0119
2112260273,38.633705938,-0.267143764,864.4699,-3.6800,8.7600,132.4500,-0.0953,0.3389,-0.0361
2112301342,38.633705873,-0.267143639,864.4746,-3.3700,8.6700,132.8200,-0.1068,0.3022,-0.1074
2112352366,38.633705783,-0.267143487,864.4813,-2.8100,8.5000,133.4800,-0.1270,0.2998,-0.0896
2112403391,38.633705695,-0.267143345,864.4885,-2.0400,8.2400,134.3200,-0.1370,0.2731,-0.1267
2112454415,38.633705605,-0.267143232,864.4972,-1.3900,7.5300,135.3700,-0.1200,0.2558,-0.1001
2112505440,38.633705521,-0.267143126,864.5054,-0.8800,7.4900,136.6100,-0.1393,0.2597,-0.1017
2112556464,38.633705431,-0.267143011,864.5123,-0.5800,7.6900,138.0500,-0.1501,0.2548,-0.0794
2112607489,38.633705338,-0.267142892,864.5184,-0.4100,7.9400,139.5000,-0.1782,0.2689,-0.0830
2112658513,38.633705228,-0.267142777,864.5243,-0.3700,8.1000,140.8400,-0.2028,0.2607,-0.1000
2112699582,38.633705132,-0.267142683,864.5293,-0.4800,8.1600,141.8000,-0.2216,0.2557,-0.1112
2112750606,38.633705008,-0.267142573,864.5366,-0.6200,8.5300,142.9000,-0.2335,0.2339,-0.1374
2112801631,38.633704887,-0.267142472,864.5447,-0.7400,9.0200,143.8300,-0.2254,0.2053,-0.1513
2112852655,38.633704772,-0.267142382,864.5538,-0.8300,9.0400,144.4700,-0.2073,0.1794,-0.1794
2112903680,38.633704673,-0.267142301,864.5636,-0.9900,8.8200,145.0500,-0.1795,0.1735,-0.1884
2112954704,38.633704589,-0.267142215,864.5738,-1.0400,8.6100,145.6900,-0.1479,0.1805,-0.1911
2113005729,38.633704523,-0.267142119,864.5829,-0.8500,8.1300,146.4100,-0.1109,0.1984,-0.1627
2113056753,38.633704472,-0.267142014,864.5910,-0.3600,7.9700,147.1900,-0.0866,0.1957,-0.1359
2113097822,38.633704438,-0.267141924,864.5957,0.0100,8.1700,147.9100,-0.0797,0.2187,-0.0878
2113148846,38.633704400,-0.267141803,864.6001,0.4900,8.9200,148.8400,-0.0725,0.2256,-0.0671
2113199871,38.633704362,-0.267141664,864.6030,0.8300,9.1000,149.7800,-0.0756,0.2648,-0.0482
2113250895,38.633704323,-0.267141490,864.6039,1.0700,9.1500,150.6600,-0.0783,0.2886,-0.0345
2113301920,38.633704288,-0.267141304,864.6050,1.1100,8.9400,151.5500,-0.0650,0.2919,-0.0668
2113352944,38.633704254,-0.267141115,864.6078,0.9100,9.1000,152.4800,-0.0657,0.2910,-0.0961
2113403969,38.633704227,-0.267140935,864.6139,0.5700,9.8400,153.5300,-0.0519,0.2849,-0.1737
2113454995,38.633704205,-0.267140730,864.6240,0.2700,9.7000,154.7300,-0.0504,0.2842,-0.2338
2113496062,38.633704187,-0.267140564,864.6347,0.0700,9.3800,155.7200,-0.0619,0.2870,-0.2783
2113547087,38.633704156,-0.267140360,864.6500,-0.1000,8.3100,156.9200,-0.0833,0.2897,-0.3121
2113598111,38.633704117,-0.267140166,864.6666,-0.0900,6.7200,158.1600,-0.0969,0.2648,-0.3362
2113649136,38.633704059,-0.267139984,864.6847,0.0700,5.3800,159.4900,-0.1209,0.2711,-0.3118
2113700160,38.633703992,-0.267139810,864.7012,0.4300,4.8300,160.7600,-0.1250,0.2538,-0.2761
2113751185,38.633703926,-0.267139639,864.7154,0.7200,4.7800,162.0500,-0.1292,0.2725,-0.2301
2113802209,38.633703852,-0.267139457,864.7266,0.8700,5.0900,163.3100,-0.1555,0.2909,-0.1615
2113853234,38.633703755,-0.267139249,864.7336,0.9100,5.5100,164.5600,-0.1726,0.3130,-0.1107
2113894302,38.633703670,-0.267139073,864.7370,0.9400,5.6000,165.5700,-0.1741,0.3225,-0.0772
2113945327,38.633703574,-0.267138853,864.7409,1.1000,6.2700,166.9100,-0.1626,0.3348,-0.0889
2113996351,38.633703484,-0.267138630,864.7454,1.4000,7.1300,168.2300,-0.1380,0.3371,-0.1153
2114047376,38.633703391,-0.267138414,864.7507,1.7300,8.0200,169.5000,-0.1212,0.3394,-0.1618
2114098400,38.633703291,-0.267138206,864.7573,2.1600,8.4300,170.5200,-0.1199,0.3306,-0.2010
2114149425,38.633703201,-0.267137996,864.7662,2.5100,8.0800,171.1300,-0.1076,0.3534,-0.2474
2114200449,38.633703126,-0.267137780,864.7786,2.5000,7.1000,171.8000,-0.0823,0.3527,-0.2954
2114251474,38.633703034,-0.267137563,864.7902,2.7500,5.9600,172.4800,-0.1114,0.3799,-0.2010
2114292542,38.633702954,-0.267137380,864.7976,3.1300,5.0900,173.0300,-0.1044,0.3795,-0.1928
2114343567,38.633702860,-0.267137150,864.8052,3.5100,4.1100,173.7700,-0.1287,0.4006,-0.1337
2114394591,38.633702764,-0.267136908,864.8107,3.7500,3.6700,174.5500,-0.1257,0.4195,-0.1139
2114445616,38.633702687,-0.267136644,864.8148,3.8700,3.7400,175.3200,-0.1335,0.4306,-0.1139
2114496641,38.633702618,-0.267136373,864.8196,4.0300,4.1600,175.9900,-0.1431,0.4288,-0.1438
2114547665,38.633702544,-0.267136101,864.8266,4.1100,4.6500,176.6600,-0.1476,0.4368,-0.2076
2114598690,38.633702475,-0.267135832,864.8382,3.9600,5.2700,177.4000,-0.1368,0.4327,-0.2907
2114649714,38.633702382,-0.267135587,864.8553,3.7100,5.3500,178.1900,-0.1231,0.4197,-0.3721
2114690783,38.633702308,-0.267135394,864.8719,3.5700,5.6200,179.0300,-0.1365,0.4356,-0.4123
2114741807,38.633702217,-0.267135151,864.8956,3.3900,4.9800,-179.8200,-0.1252,0.4259,-0.5078
2114792832,38.633702129,-0.267134905,864.9217,3.3800,4.6300,-178.4100,-0.1442,0.4293,-0.4943
2114843856,38.633702026,-0.267134679,864.9470,3.7200,4.5000,-177.1400,-0.1602,0.3910,-0.4628
2114894881,38.633701911,-0.267134477,864.9708,4.0800,4.9400,-176.0800,-0.1905,0.3709,-0.3989
2114945905,38.633701782,-0.267134274,864.9897,4.3500,5.1800,-175.2000,-0.2286,0.3739,-0.3168
2114996930,38.633701642,-0.267134067,865.0039,4.5300,5.5600,-174.3700,-0.2711,0.3803,-0.2185
2115047954,38.633701470,-0.267133876,865.0124,4.6000,5.9900,-173.6700,-0.3055,0.3704,-0.1644
2115089023,38.633701320,-0.267133733,865.0167,4.6300,6.7400,-173.2500,-0.3183,0.3636,-0.1240
2115140047,38.633701139,-0.267133550,865.0215,4.6300,7.4700,-172.9900,-0.2995,0.3729,-0.1502
2115191072,38.633700971,-0.267133357,865.0282,4.5600,8.1700,-172.9000,-0.2945,0.3818,-0.1864
2115242096,38.633700823,-0.267133154,865.0379,4.3600,8.5200,-172.9100,-0.2334,0.3569,-0.2536
2115293121,38.633700699,-0.267132954,865.0487,4.1200,7.8500,-173.4400,-0.2071,0.3500,-0.2624
2115344145,38.633700600,-0.267132756,865.0626,3.7000,6.9900,-173.8500,-0.1485,0.3449,-0.3376
2115395170,38.633700505,-0.267132558,865.0764,3.6200,6.0000,-174.0600,-0.1956,0.3360,-0.2615
2115446194,38.633700415,-0.267132380,865.0889,3.7900,5.3200,-174.5000,-0.2085,0.2862,-0.2607
2115487263,38.633700339,-0.267132246,865.0987,3.7300,4.8200,-174.9800,-0.2505,0.2864,-0.2213
2115538287,38.633700236,-0.267132078,865.1093,3.4800,4.8000,-175.4500,-0.2401,0.2907,-0.1975
2115589312,38.633700134,-0.267131902,865.1179,3.2100,4.7600,-175.7900,-0.2333,0.2991,-0.1603
2115640336,38.633700023,-0.267131740,865.1244,3.0900,5.1900,-175.9400,-0.2310,0.3095,-0.1238
2115691361,38.633699897,-0.267131582,865.1295,3.1200,5.2600,-176.0900,-0.2351,0.3006,-0.1337
2115742386,38.633699772,-0.267131427,865.1366,3.1100,5.0600,-176.4200,-0.2440,0.2858,-0.1919
2115793410,38.633699650,-0.267131282,865.1473,2.7300,5.7700,-176.6500,-0.2366,0.2652,-0.2648
2115844435,38.633699529,-0.267131130,865.1633,2.2800,6.2300,-176.7700,-0.2122,0.2560,-0.3682
2115885503,38.633699442,-0.267131001,865.1801,1.4900,7.7500,-176.7400,-0.1925,0.2556,-0.4337
2115936528,38.633699330,-0.267130841,865.2033,0.5300,7.9000,-176.7800,-0.2190,0.2617,-0.4603
2115987552,38.633699227,-0.267130667,865.2276,-0.4900,8.5100,-176.7600,-0.2026,0.3096,-0.4651
2116038577,38.633699116,-0.267130476,865.2505,-1.1800,7.8800,-176.6000,-0.2368,0.3248,-0.4133
2116089601,38.633699015,-0.267130284,865.2718,-1.2800,6.9300,-176.4400,-0.2287,0.3267,-0.3401
2116140626,38.633698904,-0.267130079,865.2889,-1.1700,6.0000,-176.1100,-0.2530,0.3552,-0.2821
2116191650,38.633698785,-0.267129863,865.3034,-1.0900,5.9800,-175.7800,-0.2996,0.3882,-0.2009
2116242675,38.633698642,-0.267129608,865.3110,-1.0100,6.0300,-175.5400,-0.3377,0.3938,-0.1410
2116283743,38.633698514,-0.267129394,865.3140,-0.9200,6.5600,-175.5300,-0.3897,0.4006,-0.0898
2116334768,38.633698331,-0.267129133,865.3162,-0.8700,7.3400,-175.7900,-0.4313,0.3851,-0.0842
2116385792,38.633698136,-0.267128885,865.3207,-0.8600,7.8100,-176.4600,-0.4539,0.3727,-0.1664
2116436817,38.633697916,-0.267128651,865.3303,-0.9500,7.4600,-177.3400,-0.4469,0.3661,-0.2668
2116487841,38.633697680,-0.267128418,865.3448,-1.0300,7.3500,-178.2200,-0.4345,0.3857,-0.3317
2116538866,38.633697446,-0.267128181,865.3611,-0.9200,6.5300,-179.2600,-0.4429,0.3855,-0.3698
2116589891,38.633697226,-0.267127942,865.3813,-0.8800,4.9100,179.8300,-0.4155,0.4019,-0.4551
2116640915,38.633696996,-0.267127708,865.4037,-0.6500,3.1800,178.9800,-0.4355,0.4074,-0.3980
2116681984,38.633696807,-0.267127526,865.4214,-0.2500,2.7100,178.2200,-0.4327,0.4144,-0.4045
2116733008,38.633696573,-0.267127287,865.4429,0.1000,2.9400,177.3200,-0.4475,0.4443,-0.3952
2116784033,38.633696342,-0.267127030,865.4642,0.2000,4.0600,176.5100,-0.4429,0.4671,-0.4000
2116835057,38.633696122,-0.267126776,865.4853,0.1900,5.5800,175.7800,-0.4169,0.4455,-0.3939
2116886082,38.633695926,-0.267126546,865.5067,0.2200,7.4400,175.0600,-0.3869,0.4269,-0.3762
2116937106,38.633695750,-0.267126328,865.5270,0.2100,8.6100,174.5100,-0.3310,0.3972,-0.3722
2116988131,38.633695598,-0.267126118,865.5457,0.0800,8.8700,174.1700,-0.2930,0.3779,-0.3397
2117039155,38.633695480,-0.267125934,865.5630,-0.2300,8.5900,174.0300,-0.2471,0.3495,-0.3275
2117080224,38.633695406,-0.267125805,865.5755,-0.6000,8.1100,174.0900,-0.2120,0.3319,-0.3113
2117131249,38.633695332,-0.267125655,865.5906,-1.1500,8.1100,174.3600,-0.1893,0.2992,-0.2887
2117182273,38.633695257,-0.267125518,865.6030,-1.3800,7.5000,174.7100,-0.1937,0.2771,-0.2543
2117233298,38.633695190,-0.267125383,865.6144,-1.6100,6.4900,175.0100,-0.2059,0.2723,-0.2529
2117284322,38.633695130,-0.267125243,865.6244,-1.9200,5.2000,175.3500,-0.2132,0.2680,-0.2358
2117335347,38.633695060,-0.267125102,865.6331,-2.2100,4.8100,175.6300,-0.2381,0.2713,-0.1850
2117386371,38.633694976,-0.267124955,865.6389,-2.4600,4.8800,175.7300,-0.2583,0.2817,-0.1423
2117437396,38.633694862,-0.267124810,865.6424,-2.6400,5.1200,175.6900,-0.3024,0.2932,-0.1058
2117478464,38.633694744,-0.267124696,865.6438,-2.7200,5.2900,175.5000,-0.3226,0.2968,-0.0935
2117529489,38.633694586,-0.267124549,865.6453,-2.7400,5.7600,175.0600,-0.3510,0.3051,-0.0999
2117580513,38.633694420,-0.267124393,865.6483,-2.6600,6.3100,174.4200,-0.3608,0.3076,-0.1391
2117631538,38.633694248,-0.267124236,865.6545,-2.5300,6.1000,173.6600,-0.3435,0.3157,-0.2180
2117682562,38.633694074,-0.267124073,865.6651,-2.1900,5.7000,172.8000,-0.3210,0.3283,-0.2712
2117733587,38.633693917,-0.267123895,865.6777,-1.8600,5.6200,171.6900,-0.2759,0.3534,-0.3077
2117784612,38.633693797,-0.267123706,865.6931,-1.8800,5.3300,170.5800,-0.1995,0.3602,-0.3800
2117835636,38.633693693,-0.267123501,865.7095,-1.8100,5.0900,169.5900,-0.2034,0.3730,-0.3405
2117876705,38.633693615,-0.267123324,865.7219,-1.4700,5.5600,168.7400,-0.1884,0.3697,-0.3210
2117927729,38.633693523,-0.267123105,865.7356,-1.0600,6.1600,167.7400,-0.1851,0.3745,-0.2806
2117978754,38.633693435,-0.267122877,865.7484,-0.8100,6.4100,166.8700,-0.1815,0.3990,-0.2598
2118029778,38.633693347,-0.267122634,865.7579,-0.5900,6.0300,166.2000,-0.1962,0.4156,-0.1913
2118080803,38.633693275,-0.267122378,865.7640,-0.3100,6.0100,165.6300,-0.2010,0.4318,-0.1375
2118131827,38.633693195,-0.267122114,865.7673,0.0300,6.1200,165.0500,-0.2209,0.4474,-0.0970
2118182852,38.633693107,-0.267121843,865.7702,0.5100,6.6500,164.5000,-0.2229,0.4516,-0.1105
2118233876,38.633693018,-0.267121557,865.7737,0.9700,7.4300,164.0800,-0.2304,0.4768,-0.1487
2118274945,38.633692954,-0.267121315,865.7775,1.3300,7.9500,163.9100,-0.2060,0.4688,-0.2038
2118325969,38.633692878,-0.267121016,865.7855,1.6800,8.1600,164.0300,-0.2031,0.4733,-0.2615
2118376994,38.633692805,-0.267120726,865.7972,1.9200,7.7000,164.4700,-0.1900,0.4508,-0.3299
2118428019,38.633692734,-0.267120459,865.8113,2.0300,7.1500,165.2200,-0.1762,0.4258,-0.3536
2118479043,38.633692675,-0.267120235,865.8293,2.0400,6.1400,166.2600,-0.1463,0.3947,-0.3881
2118530068,38.633692619,-0.267120018,865.8473,2.1100,4.5900,167.6400,-0.1507,0.4002,-0.3483
2118581092,38.633692561,-0.267119796,865.8635,2.2000,3.4500,169.0300,-0.1512,0.3977,-0.3066
2118632117,38.633692512,-0.267119575,865.8767,2.1300,3.1100,170.2600,-0.1532,0.3952,-0.2535
2118673185,38.633692483,-0.267119397,865.8851,1.9400,3.7300,171.0900,-0.1643,0.4059,-0.2069
2118724210,38.633692439,-0.267119162,865.8928,1.6200,4.7400,171.9600,-0.1616,0.4350,-0.1433
2118775234,38.633692392,-0.267118906,865.8976,1.4200,5.7700,172.7100,-0.1646,0.4704,-0.0739
2118826259,38.633692336,-0.267118627,865.8990,1.4100,6.3200,173.4500,-0.1758,0.4848,-0.0398
2118877283,38.633692262,-0.267118320,865.8994,1.5900,6.3800,174.0600,-0.1952,0.4926,-0.0440
2118928308,38.633692183,-0.267118014,865.9014,1.9500,6.4400,174.3800,-0.1905,0.4859,-0.0845
2118979333,38.633692109,-0.267117715,865.9066,2.3600,6.4900,174.5700,-0.1654,0.4771,-0.1706
2119030357,38.633692037,-0.267117430,865.9160,2.8100,6.7400,174.5400,-0.1691,0.4721,-0.2251
2119071426,38.633691961,-0.267117227,865.9252,3.1600,6.3100,174.3100,-0.1658,0.4559,-0.2826
2119122450,38.633691872,-0.267116985,865.9407,3.5400,5.7600,174.2400,-0.1653,0.4308,-0.3410
2119173475,38.633691775,-0.267116752,865.9563,4.1000,4.9400,174.2900,-0.2005,0.4101,-0.3075
2119224499,38.633691663,-0.267116545,865.9724,4.7800,4.7700,174.2300,-0.2227,0.3861,-0.2927
2119275524,38.633691526,-0.267116380,865.9882,5.1900,4.6400,174.1700,-0.2201,0.3801,-0.2628
2119326548,38.633691399,-0.267116205,866.0026,5.2900,5.3000,174.2800,-0.2206,0.4014,-0.2032
2119377573,38.633691272,-0.267116012,866.0128,5.3700,5.5600,174.4200,-0.2162,0.4133,-0.1195
2119428597,38.633691160,-0.267115807,866.0198,5.5400,5.6200,174.5700,-0.2141,0.4336,-0.0594
2119469666,38.633691081,-0.267115634,866.0238,5.6500,5.5800,174.6800,-0.2165,0.4428,-0.0229
2119520691,38.633690983,-0.267115411,866.0282,5.6400,5.8600,174.7600,-0.2115,0.4487,-0.0481
2119571715,38.633690886,-0.267115178,866.0346,5.2600,6.0800,174.7100,-0.2082,0.4532,-0.1014
2119622740,38.633690793,-0.267114938,866.0450,4.4800,6.4200,174.7500,-0.1914,0.4739,-0.1803
2119673764,38.633690697,-0.267114696,866.0573,3.7600,6.8000,174.9000,-0.1947,0.4897,-0.1967
2119724789,38.633690603,-0.267114445,866.0718,3.1200,6.9800,175.0000,-0.1961,0.4992,-0.2499
2119775813,38.633690504,-0.267114181,866.0879,2.7200,6.4200,175.2400,-0.2032,0.5036,-0.2546
2119826838,38.633690414,-0.267113900,866.1045,2.7700,5.5700,175.6200,-0.2177,0.4956,-0.2355
2119867906,38.633690366,-0.267113651,866.1182,3.0000,4.7900,175.7700,-0.2320,0.4951,-0.2247
2119918931,38.633690294,-0.267113341,866.1346,3.1900,4.7000,175.7900,-0.2509,0.4955,-0.2119
2119969956,38.633690207,-0.267113024,866.1507,3.1000,4.7800,175.7100,-0.2824,0.5257,-0.2165
2120020980,38.633690104,-0.267112702,866.1667,2.7300,4.7400,175.4500,-0.3136,0.5343,-0.1874
2120072005,38.633690007,-0.267112390,866.1815,2.3400,5.0300,175.0900,-0.3302,0.5424,-0.1294
2120123029,38.633689896,-0.267112079,866.1924,2.1600,5.4100,174.6300,-0.3494,0.5370,-0.0469
2120174054,38.633689768,-0.267111769,866.1991,2.2300,5.5400,173.9000,-0.3798,0.5309,0.0360
2120225078,38.633689612,-0.267111475,866.2021,2.4000,5.5700,173.0600,-0.4107,0.5357,0.0914
2120266147,38.633689443,-0.267111283,866.2028,2.6800,5.6000,172.3900,-0.4465,0.5434,0.1350
2120317171,38.633689219,-0.267111026,866.2021,3.2100,5.8300,171.5200,-0.4818,0.5660,0.1469
2120368196,38.633688979,-0.267110752,866.2013,3.7400,5.7400,170.5000,-0.5198,0.5683,0.1089
2120419221,38.633688719,-0.267110478,866.2038,4.0700,5.6300,169.3800,-0.5676,0.5344,0.0473
2120470245,38.633688473,-0.267110256,866.2103,4.1900,5.2400,168.0900,-0.6006,0.4817,-0.0352
2120521270,38.633688207,-0.267110044,866.2196,3.8700,4.4700,166.7900,-0.6268,0.4520,-0.0780
2120572294,38.633687935,-0.267109854,866.2321,3.2400,3.8300,165.7000,-0.6311,0.3939,-0.1279
2120623319,38.633687678,-0.267109692,866.2446,2.6000,2.9300,164.8800,-0.6325,0.3429,-0.0959
2120664387,38.633687549,-0.267109612,866.2570,2.3200,2.6200,164.3900,-0.6156,0.2762,-0.0928
2120715412,38.633687378,-0.267109540,866.2709,2.0200,2.5500,164.1800,-0.6044,0.2176,-0.0844
2120766436,38.633687198,-0.267109496,866.2837,1.8000,3.1200,164.3000,-0.5974,0.1413,-0.0780
2120817461,38.633687008,-0.267109481,866.2956,1.5500,3.6300,164.7500,-0.5925,0.0874,-0.0739
2120868486,38.633686895,-0.267109581,866.3081,1.3400,3.8400,165.4400,-0.5814,0.0269,-0.0496
2120919510,38.633686768,-0.267109694,866.3187,1.2200,3.7800,166.4400,-0.5610,-0.0204,-0.0341
2120970535,38.633686631,-0.267109816,866.3275,1.1700,3.6300,167.7400,-0.5523,-0.0638,-0.0100
2121021559,38.633686494,-0.267109959,866.3355,1.0700,3.2300,169.2500,-0.5479,-0.1004,-0.0110
2121062628,38.633686409,-0.267110108,866.3451,0.8500,2.9900,170.5600,-0.5562,-0.1328,0.0022
2121113652,38.633686282,-0.267110298,866.3543,0.5000,2.6800,172.2700,-0.5679,-0.1622,0.0186
2121164677,38.633686129,-0.267110487,866.3624,0.0000,2.8500,174.0600,-0.5965,-0.1812,0.0273
2121215702,38.633685945,-0.267110675,866.3687,-0.4400,2.6500,175.8900,-0.6283,-0.2052,0.0385
2121266726,38.633685745,-0.267110869,866.3742,-0.7000,2.1800,177.7700,-0.6622,-0.2187,0.0319
2121317751,38.633685518,-0.267111058,866.3795,-0.9300,1.2600,179.7300,-0.6769,-0.2308,-0.0010
2121368775,38.633685271,-0.267111249,866.3857,-1.2300,0.6800,-178.2300,-0.7066,-0.2534,-0.0135
2121419800,38.633685006,-0.267111442,866.3922,-1.5400,-0.1000,-176.0300,-0.7122,-0.2718,-0.0474
2121460868,38.633684785,-0.267111559,866.3958,-1.7300,-0.9800,-174.2000,-0.7352,-0.2813,-0.0337
2121511893,38.633684499,-0.267111712,866.4004,-2.0900,-1.0900,-171.8500,-0.7402,-0.2984,-0.0507
2121562917,38.633684196,-0.267111879,866.4044,-2.5200,-0.8500,-169.5600,-0.7550,-0.3291,-0.0576
2121613942,38.633683880,-0.267112062,866.4091,-3.0000,-0.3300,-167.4800,-0.7750,-0.3545,-0.0542
2121664967,38.633683585,-0.267112226,866.4132,-3.3500,-0.0900,-165.5900,-0.7807,-0.3827,-0.0542
2121715991,38.633683277,-0.267112409,866.4169,-3.4500,0.1100,-163.9000,-0.7934,-0.4057,-0.0378
2121767016,38.633682956,-0.267112610,866.4196,-3.3800,0.3700,-162.3900,-0.7987,-0.4331,-0.0302
2121818040,38.633682623,-0.267112830,866.4212,-3.2200,0.6600,-161.0700,-0.8085,-0.4558,-0.0134
2121859109,38.633682343,-0.267113004,866.4204,-3.0100,0.9200,-160.1600,-0.8177,-0.4678,-0.0018
2121910133,38.633681985,-0.267113231,866.4188,-2.6100,1.2500,-159.2000,-0.8322,-0.4819,0.0132
2121961158,38.633681615,-0.267113471,866.4167,-2.0500,1.3900,-158.5200,-0.8484,-0.4937,0.0116
2122012183,38.633681234,-0.267113721,866.4154,-1.4900,1.3900,-158.0600,-0.8648,-0.4996,-0.0123
2122063207,38.633680851,-0.267113959,866.4150,-0.9600,1.8200,-157.8400,-0.8755,-0.5102,-0.0311
2122114232,38.633680456,-0.267114201,866.4154,-0.7200,1.7500,-157.8200,-0.8896,-0.4997,-0.0908
2122165256,38.633680056,-0.267114443,866.4186,-0.6100,1.8200,-157.7500,-0.8948,-0.5005,-0.1073
2122216281,38.633679655,-0.267114692,866.4219,-0.3700,1.2200,-157.7300,-0.8722,-0.4973,-0.1416
2122257349,38.633679320,-0.267114888,866.4273,-0.3100,0.9100,-157.7100,-0.8428,-0.4928,-0.1957
2122308374,38.633678920,-0.267115133,866.4356,-0.4100,0.2600,-157.5700,-0.8049,-0.4802,-0.2122
2122359398,38.633678539,-0.267115374,866.4437,-0.4900,0.0600,-157.2900,-0.7781,-0.4726,-0.1859
2122410423,38.633678166,-0.267115616,866.4502,-0.5900,-0.1300,-156.9100,-0.7666,-0.4671,-0.1619
2122461447,38.633677784,-0.267115835,866.4536,-0.7800,-0.1100,-156.4700,-0.7679,-0.4741,-0.1121
2122512472,38.633677405,-0.267116058,866.4546,-0.9200,0.5100,-155.9800,-0.7617,-0.4829,-0.0759
2122563497,38.633677028,-0.267116294,866.4541,-0.9400,1.3700,-155.3900,-0.7608,-0.4917,-0.0497
2122614521,38.633676654,-0.267116536,866.4533,-0.9000,2.1400,-154.6300,-0.7630,-0.4848,-0.0520
2122655590,38.633676343,-0.267116713,866.4498,-0.9300,2.5800,-153.8600,-0.7535,-0.4817,-0.0602
2122706614,38.633675961,-0.267116933,866.4452,-0.8800,2.9000,-152.8400,-0.7365,-0.4887,-0.0693
2122757639,38.633675586,-0.267117169,866.4418,-0.9000,3.4700,-151.7700,-0.7472,-0.5053,-0.0738
2122808663,38.633675213,-0.267117416,866.4403,-1.1100,3.3100,-150.5700,-0.7417,-0.5063,-0.1311
2122859688,38.633674834,-0.267117666,866.4398,-1.3800,2.7000,-149.4400,-0.7576,-0.5281,-0.1185
2122910712,38.633674453,-0.267117932,866.4389,-1.5500,2.5600,-148.4000,-0.7650,-0.5460,-0.1106
2122961737,38.633674072,-0.267118216,866.4384,-1.6400,2.1000,-147.4500,-0.7685,-0.5656,-0.0971
2123012762,38.633673696,-0.267118516,866.4377,-1.6400,1.4900,-146.6300,-0.7682,-0.5821,-0.0611
2123053830,38.633673388,-0.267118764,866.4368,-1.5500,1.5400,-146.0000,-0.7663,-0.5976,-0.0201
2123104855,38.633673006,-0.267119087,866.4340,-1.2500,2.3300,-145.3200,-0.7776,-0.6253,0.0429
2123155879,38.633672621,-0.267119431,866.4289,-0.8200,2.8600,-144.8400,-0.7903,-0.6498,0.0788
2123206904,38.633672234,-0.267119793,866.4224,-0.4100,3.1500,-144.6500,-0.8014,-0.6698,0.0959
2123257928,38.633671813,-0.267120175,866.4140,-0.1200,3.6800,-144.7900,-0.8070,-0.6735,0.0858
2123308953,38.633671391,-0.267120558,866.4073,-0.0700,4.1700,-145.1900,-0.7974,-0.6622,0.0327
2123359977,38.633670980,-0.267120937,866.4031,-0.2000,4.8700,-145.7300,-0.7981,-0.6594,0.0051
2123411002,38.633670570,-0.267121317,866.4004,-0.4400,5.2500,-146.3600,-0.8038,-0.6497,-0.0298
2123452071,38.633670229,-0.267121620,866.4018,-0.6000,5.0200,-146.9400,-0.7913,-0.6372,-0.0627
2123503095,38.633669799,-0.267122001,866.4042,-0.8000,4.6300,-147.5500,-0.8116,-0.6454,-0.0374
2123554120,38.633669379,-0.267122379,866.4067,-0.9100,4.3200,-148.0500,-0.7906,-0.6352,-0.0624
2123605144,38.633668973,-0.267122756,866.4095,-0.9200,3.5200,-148.4400,-0.7778,-0.6402,-0.0460
2123656169,38.633668561,-0.267123128,866.4108,-0.8800,3.3500,-148.6500,-0.7545,-0.6375,-0.0312
2123707193,38.633668150,-0.267123500,866.4102,-0.9000,3.7100,-148.5900,-0.7479,-0.6407,-0.0076
2123758218,38.633667747,-0.267123875,866.4086,-0.9800,4.2000,-148.2200,-0.7576,-0.6514,0.0261
2123809242,38.633667350,-0.267124257,866.4063,-1.0100,4.5600,-147.6000,-0.7601,-0.6574,0.0365
2123850311,38.633667027,-0.267124566,866.4038,-1.0500,4.8300,-146.9000,-0.7546,-0.6572,0.0270
2123901336,38.633666636,-0.267124951,866.4016,-1.0800,5.6300,-145.7800,-0.7385,-0.6540,-0.0010
2123952360,38.633666261,-0.267125331,866.4013,-1.0800,6.4800,-144.4000,-0.7147,-0.6432,-0.0390
2124003385,38.633665901,-0.267125707,866.4027,-0.9600,7.3400,-142.9100,-0.7062,-0.6377,-0.0578
2124054409,38.633665538,-0.267126080,866.4057,-0.8500,7.3200,-141.3200,-0.6869,-0.6250,-0.1112
2124105434,38.633665184,-0.267126453,866.4119,-0.7500,6.4200,-139.8100,-0.6564,-0.6280,-0.1492
2124156458,38.633664849,-0.267126827,866.4184,-0.7700,6.5300,-138.3600,-0.6375,-0.6342,-0.1160
2124207483,38.633664533,-0.267127203,866.4240,-0.7700,6.8800,-136.9500,-0.6067,-0.6310,-0.0990
2124248552,38.633664270,-0.267127517,866.4282,-0.6500,6.1400,-135.9600,-0.5894,-0.6348,-0.0742
2124299576,38.633663951,-0.267127911,866.4321,-0.5100,5.3500,-134.9100,-0.5702,-0.6326,-0.0385
2124350601,38.633663648,-0.267128301,866.4345,-0.4500,5.6400,-134.0900,-0.5496,-0.6325,-0.0086
2124401625,38.633663361,-0.267128693,866.4354,-0.3900,6.0400,-133.5000,-0.5411,-0.6389,0.0225
2124452650,38.633663063,-0.267129087,866.4341,-0.3000,6.0400,-133.1800,-0.5420,-0.6455,0.0458
2124503674,38.633662760,-0.267129485,866.4313,-0.2500,6.1400,-133.1400,-0.5475,-0.6451,0.0621
2124554699,38.633662465,-0.267129876,866.4289,-0.2400,6.3900,-133.3800,-0.5399,-0.6311,0.0381
2124605724,38.633662183,-0.267130250,866.4281,-0.3300,6.8700,-133.8200,-0.5255,-0.5906,-0.0055
2124646792,38.633661938,-0.267130547,866.4285,-0.5400,7.7900,-134.1800,-0.5217,-0.5560,-0.0247
2124697817,38.633661639,-0.267130895,866.4303,-0.7400,8.0400,-134.6600,-0.4998,-0.5136,-0.0645
2124748841,38.633661358,-0.267131216,866.4340,-0.9100,7.5300,-135.1200,-0.4864,-0.4774,-0.0891
2124799866,38.633661091,-0.267131516,866.4379,-1.0700,7.4900,-135.5200,-0.4740,-0.4532,-0.0755
2124850890,38.633660763,-0.267131754,866.4426,-1.0800,7.3700,-135.8700,-0.4574,-0.4247,-0.0720
2124901915,38.633660413,-0.267131950,866.4476,-1.1000,6.8600,-136.1200,-0.4445,-0.3920,-0.0735
2124952940,38.633660088,-0.267132138,866.4516,-1.2200,7.0200,-136.2000,-0.4417,-0.3734,-0.0469
2125003964,38.633659785,-0.267132319,866.4545,-1.4000,7.8500,-136.0900,-0.4389,-0.3553,-0.0250
2125045033,38.633659484,-0.267132439,866.4557,-1.5500,8.1000,-135.8300,-0.4412,-0.3409,-0.0165
2125096057,38.633659105,-0.267132578,866.4562,-1.7300,8.3400,-135.2500,-0.4605,-0.3321,0.0187
2125147082,38.633658744,-0.267132719,866.4556,-1.8500,8.3300,-134.3800,-0.4685,-0.3137,0.0198
2125198106,38.633658402,-0.267132856,866.4547,-1.8600,8.3400,-133.3000,-0.4827,-0.2961,0.0278
2125249131,38.633658012,-0.267132966,866.4541,-1.8400,8.5900,-132.0400,-0.4897,-0.2598,-0.0004
2125300156,38.633657607,-0.267133054,866.4544,-1.8600,8.9600,-130.6000,-0.4980,-0.2356,-0.0186
2125351180,38.633657226,-0.267133138,866.4555,-1.8700,9.1200,-129.0300,-0.4983,-0.2153,-0.0398
2125402205,38.633656872,-0.267133219,866.4576,-1.9000,8.7900,-127.5200,-0.4950,-0.2033,-0.0492
2125443273,38.633656563,-0.267133278,866.4594,-1.8600,8.0700,-126.4500,-0.4892,-0.1945,-0.0575
2125494298,38.633656160,-0.267133336,866.4626,-1.6700,7.5200,-125.2800,-0.4766,-0.1656,-0.0645
2125545323,38.633655793,-0.267133385,866.4657,-1.5300,7.6300,-124.1800,-0.4564,-0.1400,-0.0596
2125596347,38.633655459,-0.267133430,866.4683,-1.4700,7.9000,-123.2400,-0.4367,-0.1282,-0.0440
2125647372,38.633655113,-0.267133466,866.4696,-1.4600,7.7100,-122.6200,-0.4214,-0.1243,-0.0301
2125698396,38.633654771,-0.267133499,866.4703,-1.5600,7.5700,-122.3600,-0.4075,-0.1165,-0.0265
2125749421,38.633654459,-0.267133536,866.4710,-1.8000,7.7700,-122.5000,-0.3944,-0.1149,-0.0203
2125800446,38.633654174,-0.267133577,866.4718,-2.1200,7.8700,-122.9900,-0.3887,-0.1130,-0.0131
2125841514,38.633653927,-0.267133615,866.4722,-2.4000,7.7000,-123.6200,-0.3908,-0.1054,-0.0106
2125892539,38.633653600,-0.267133664,866.4727,-2.7800,7.4500,-124.6800,-0.3956,-0.0897,-0.0120
2125943563,38.633653296,-0.267133703,866.4737,-3.1300,7.3100,-126.0700,-0.3968,-0.0693,-0.0116
2125994588,38.633653011,-0.267133732,866.4747,-3.3800,7.2300,-127.7400,-0.4003,-0.0432,-0.0124
2126045612,38.633652701,-0.267133749,866.4761,-3.5300,7.2000,-129.7000,-0.4068,-0.0211,-0.0108
2126096637,38.633652389,-0.267133754,866.4777,-3.5900,7.3500,-131.9200,-0.4063,0.0007,-0.0150
2126147662,38.633652096,-0.267133747,866.4792,-3.6100,7.4700,-134.3000,-0.4063,0.0288,-0.0225
2126198686,38.633651822,-0.267133728,866.4807,-3.5500,7.4900,-136.7500,-0.4100,0.0425,-0.0175
2126239755,38.633651591,-0.267133704,866.4813,-3.4700,7.4100,-138.7500,-0.4043,0.0598,-0.0227
2126290779,38.633651298,-0.267133663,866.4809,-3.3400,7.5500,-141.2400,-0.4040,0.0672,0.0007
2126341804,38.633651026,-0.267133616,866.4801,-3.1900,7.7300,-143.7600,-0.3944,0.0811,0.0072
2126392829,38.633650775,-0.267133566,866.4787,-3.0200,7.5000,-146.3500,-0.3867,0.0910,0.0225
2126443853,38.633650523,-0.267133509,866.4767,-2.8200,7.2900,-149.1200,-0.3721,0.1194,0.0245
2126494878,38.633650267,-0.267133438,866.4744,-2.6700,7.3400,-152.0800,-0.3572,0.1558,0.0272
2126545902,38.633650035,-0.267133344,866.4723,-2.5600,7.5100,-155.2500,-0.3404,0.1974,0.0281
2126596927,38.633649821,-0.267133223,866.4695,-2.4500,7.3100,-158.5900,-0.3324,0.2442,0.0431
2126637996,38.633649641,-0.267133102,866.4671,-2.3600,6.9900,-161.4000,-0.3118,0.2900,0.0315
2126689020,38.633649413,-0.267132921,866.4636,-2.3300,6.3900,-164.9800,-0.2928,0.3471,0.0341
2126740045,38.633649212,-0.267132704,866.4609,-2.4300,6.1400,-168.6500,-0.2681,0.4075,0.0254
2126791069,38.633649038,-0.267132453,866.4587,-2.5800,5.9100,-172.3100,-0.2330,0.4633,0.0171
2126842094,38.633648886,-0.267132155,866.4574,-2.7200,5.6900,-175.9700,-0.1967,0.5150,0.0191
2126893119,38.633648758,-0.267131806,866.4577,-2.8600,5.8700,-179.6200,-0.1557,0.5612,0.0195
2126944143,38.633648658,-0.267131437,866.4574,-2.9800,6.1000,176.7900,-0.1164,0.5990,0.0172
2126995168,38.633648583,-0.267131051,866.4573,-3.0400,6.1100,173.2100,-0.0885,0.6341,0.0177
2127036236,38.633648535,-0.267130723,866.4566,-2.9900,5.8700,170.2700,-0.0658,0.6627,0.0190
2127087261,38.633648492,-0.267130286,866.4545,-2.7100,5.4000,166.4200,-0.0269,0.6918,0.0071
2127138286,38.633648470,-0.267129836,866.4528,-2.4400,5.3200,162.3800,-0.0007,0.7218,0.0052
2127189310,38.633648464,-0.267129379,866.4517,-2.2500,5.6100,158.2300,0.0119,0.7350,-0.0013
2127240335,38.633648458,-0.267128911,866.4502,-2.1300,5.6300,153.9500,0.0168,0.7399,-0.0092
2127291359,38.633648451,-0.267128435,866.4487,-2.0100,5.6600,149.5500,0.0230,0.7313,-0.0066
2127342384,38.633648453,-0.267127973,866.4477,-1.7700,5.5400,144.9300,0.0342,0.7171,-0.0118
2127393409,38.633648468,-0.267127522,866.4475,-1.5800,5.3800,140.1200,0.0567,0.7078,-0.0378
2127434477,38.633648488,-0.267127169,866.4483,-1.5600,5.5100,136.1300,0.0736,0.6991,-0.0466
2127485502,38.633648519,-0.267126741,866.4495,-1.6300,5.8300,131.0300,0.0938,0.6915,-0.0461
2127536526,38.633648566,-0.267126325,866.4511,-1.7000,6.0500,125.7800,0.1261,0.6766,-0.0500
2127587551,38.633648633,-0.267125919,866.4526,-1.7300,6.1400,120.4100,0.1637,0.6557,-0.0434
2127638576,38.633648725,-0.267125539,866.4533,-1.7100,6.3700,114.9300,0.2136,0.6326,-0.0394
2127689600,38.633648851,-0.267125188,866.4527,-1.6700,6.6400,109.4300,0.2753,0.6052,-0.0380
2127740625,38.633649007,-0.267124851,866.4519,-1.6700,6.8200,104.0300,0.3465,0.5700,-0.0300
2127791649,38.633649199,-0.267124538,866.4515,-1.6500,6.9800,98.7600,0.4163,0.5281,-0.0261
2127832718,38.633649386,-0.267124310,866.4513,-1.6000,7.1300,94.6100,0.4715,0.4807,-0.0265
2127883743,38.633649676,-0.267124069,866.4520,-1.5900,7.4100,89.5700,0.5366,0.4118,-0.0375
2127934767,38.633649988,-0.267123865,866.4532,-1.5000,7.4600,84.6500,0.5883,0.3528,-0.0331
2127985792,38.633650318,-0.267123693,866.4539,-1.2600,7.4900,79.8400,0.6326,0.2972,-0.0140
2128036816,38.633650667,-0.267123573,866.4534,-0.8700,7.3600,75.1800,0.6734,0.2398,-0.0053
2128087841,38.633651033,-0.267123512,866.4518,-0.4600,7.2000,70.7000,0.7083,0.1850,0.0108
2128138866,38.633651411,-0.267123473,866.4497,-0.0400,7.1300,66.4100,0.7378,0.1394,0.0234
2128189890,38.633651797,-0.267123453,866.4472,0.3300,7.2500,62.3400,0.7605,0.0988,0.0441
2128230959,38.633652116,-0.267123452,866.4446,0.5200,7.3400,59.2800,0.7780,0.0764,0.0503
2128281983,38.633652532,-0.267123475,866.4405,0.6400,7.2800,55.7200,0.7980,0.0490,0.0565
2128333008,38.633652953,-0.267123504,866.4359,0.6500,6.9600,52.4300,0.8148,0.0319,0.0715
2128384033,38.633653376,-0.267123536,866.4310,0.6500,6.5800,49.4100,0.8295,0.0195,0.0802
2128435057,38.633653789,-0.267123572,866.4272,0.6500,6.3300,46.7700,0.8279,0.0193,0.0804
2128486082,38.633654183,-0.267123610,866.4247,0.7500,5.7300,44.4000,0.8175,0.0312,0.0808
2128537106,38.633654573,-0.267123635,866.4219,0.9800,4.9900,42.1300,0.8133,0.0413,0.0845
2128588131,38.633654959,-0.267123648,866.4190,1.1900,4.3700,40.1100,0.8019,0.0486,0.0682
2128629200,38.633655265,-0.267123650,866.4170,1.2700,3.9400,38.6800,0.7997,0.0517,0.0675
2128680224,38.633655637,-0.267123638,866.4147,1.3200,3.0900,37.1000,0.7944,0.0497,0.0591
2128731249,38.633656008,-0.267123626,866.4120,1.3100,2.6200,35.6600,0.7940,0.0443,0.0867
2128782273,38.633656380,-0.267123618,866.4079,1.3000,2.2600,34.2500,0.7944,0.0257,0.1043
2128833298,38.633656751,-0.267123618,866.4026,1.3400,1.6600,32.7900,0.7989,0.0058,0.1208
2128884322,38.633657124,-0.267123625,866.3959,1.2700,1.4500,31.3600,0.8089,-0.0122,0.1302
2128935347,38.633657500,-0.267123636,866.3883,1.2800,1.4200,29.8700,0.8134,-0.0175,0.1486
2128986372,38.633657883,-0.267123646,866.3798,1.4400,1.0800,28.3500,0.8293,-0.0063,0.1687
2129027440,38.633658200,-0.267123644,866.3725,1.5600,0.8200,27.1400,0.8416,0.0109,0.1678
2129078465,38.633658610,-0.267123626,866.3627,1.6300,0.8500,25.6000,0.8508,0.0455,0.1761
2129129489,38.633659023,-0.267123582,866.3530,1.8000,0.9500,23.9600,0.8590,0.0927,0.1715
2129180514,38.633659438,-0.267123505,866.3436,2.0000,0.9000,22.2800,0.8670,0.1583,0.1627
2129231539,38.633659855,-0.267123383,866.3359,2.2600,1.0000,20.5400,0.8634,0.2215,0.1412
2129282563,38.633660273,-0.267123198,866.3306,2.5900,1.3500,18.8500,0.8465,0.2833,0.1155
2129333588,38.633660681,-0.267122985,866.3266,3.0500,1.5500,17.2100,0.8296,0.3348,0.0790
2129384612,38.633661081,-0.267122752,866.3248,3.3900,1.3000,15.6700,0.8264,0.3588,0.0470
2129425681,38.633661401,-0.267122550,866.3242,3.5900,1.0800,14.5600,0.8249,0.3796,0.0313
2129476706,38.633661798,-0.267122266,866.3243,3.6800,0.6900,13.4700,0.8153,0.3923,0.0097
2129527730,38.633662183,-0.267121981,866.3260,3.6300,0.0800,12.6400,0.7936,0.4073,-0.0142
2129578755,38.633662561,-0.267121691,866.3279,3.4100,-0.2900,12.1400,0.7823,0.4260,-0.0164
2129629779,38.633662931,-0.267121393,866.3293,3.1500,0.0000,11.9900,0.7793,0.4476,0.0101
2129680804,38.633663288,-0.267121081,866.3306,2.9000,0.7200,12.2300,0.7851,0.4658,0.0295
2129731829,38.633663655,-0.267120762,866.3304,2.7300,1.1800,12.7100,0.8040,0.4887,0.0393
2129782853,38.633664033,-0.267120438,866.3298,2.5800,1.6800,13.4500,0.8347,0.5036,0.0478
2129823922,38.633664346,-0.267120173,866.3293,2.4500,2.2600,14.2300,0.8511,0.5152,0.0259
2129874946,38.633664738,-0.267119834,866.3282,2.2800,3.1800,15.4300,0.8596,0.5132,0.0185
2129925971,38.633665133,-0.267119502,866.3286,2.0900,4.1600,16.8600,0.8644,0.5118,-0.0213
2129976996,38.633665532,-0.267119172,866.3310,1.7900,5.1200,18.4300,0.8704,0.5119,-0.0567
2130028020,38.633665937,-0.267118850,866.3345,1.4100,5.3900,20.2600,0.8793,0.5036,-0.0758
2130079045,38.633666341,-0.267118537,866.3409,1.2700,4.2200,21.8400,0.8741,0.5006,-0.1002
2130130070,38.633666747,-0.267118227,866.3466,1.1600,3.1700,23.2400,0.8767,0.5020,-0.0643
2130181094,38.633667152,-0.267117915,866.3506,1.0200,3.4000,24.5700,0.8655,0.5116,-0.0412
2130222163,38.633667473,-0.267117661,866.3523,1.0500,2.9700,25.5600,0.8549,0.5280,-0.0036
2130273187,38.633667865,-0.267117367,866.3512,1.2600,2.3000,26.6900,0.8365,0.5327,0.0521
2130324212,38.633668252,-0.267117067,866.3470,1.4900,1.6200,27.7900,0.8238,0.5410,0.0978
2130375237,38.633668639,-0.267116756,866.3404,1.7100,1.1800,28.7500,0.8369,0.5688,0.1632
2130426261,38.633669031,-0.267116425,866.3312,2.0100,0.1900,29.4300,0.8483,0.5955,0.1859
2130477286,38.633669430,-0.267116067,866.3206,2.1900,-0.3700,29.8600,0.8647,0.6170,0.1994
2130528310,38.633669836,-0.267115698,866.3102,2.2600,-0.0700,30.0900,0.8838,0.6388,0.1931
2130579335,38.633670253,-0.267115315,866.3008,2.3100,0.1800,30.0600,0.9030,0.6589,0.1662
2130620404,38.633670593,-0.267115002,866.2944,2.3700,0.3500,29.9400,0.9146,0.6631,0.1380
2130671428,38.633671014,-0.267114616,866.2894,2.3000,1.1900,29.9300,0.9203,0.6598,0.1031
2130722453,38.633671441,-0.267114232,866.2860,2.2300,1.3100,29.8400,0.9236,0.6447,0.0446
2130773477,38.633671868,-0.267113866,866.2865,1.8500,1.0800,29.7600,0.9365,0.6136,0.0013
2130824502,38.633672301,-0.267113512,866.2869,1.4600,0.7000,29.7300,0.9406,0.5974,0.0141
2130875527,38.633672725,-0.267113187,866.2897,1.3200,0.1900,29.7100,0.9319,0.5659,0.0159
2130926551,38.633673144,-0.267112883,866.2921,1.2100,-0.6400,29.7400,0.9153,0.5340,0.0213
2130977576,38.633673553,-0.267112591,866.2936,1.1600,-1.2700,29.8700,0.8823,0.5071,0.0326
2131018645,38.633673873,-0.267112363,866.2939,1.1500,-1.4900,30.0500,0.8655,0.5035,0.0485
2131069669,38.633674228,-0.267112120,866.2933,1.1400,-1.3000,30.3700,0.8554,0.4985,0.0675
2131120694,38.633674588,-0.267111874,866.2914,1.1400,-1.3200,30.8100,0.8595,0.4934,0.0795
2131171719,38.633674956,-0.267111627,866.2892,1.0400,-1.3200,31.4000,0.8731,0.4837,0.0669
2131222743,38.633675332,-0.267111384,866.2874,0.7800,-0.7900,32.2100,0.8718,0.4583,0.0358
2131273768,38.633675683,-0.267111163,866.2863,0.4800,0.2700,33.2500,0.8724,0.4404,0.0109
2131324792,38.633676042,-0.267110947,866.2866,0.2900,0.9800,34.4000,0.8745,0.4288,-0.0223
2131375817,38.633676403,-0.267110732,866.2890,0.0900,0.7600,35.4900,0.8631,0.4144,-0.0800
2131416885,38.633676697,-0.267110561,866.2929,-0.1400,0.2300,36.2400,0.8626,0.4076,-0.1218
2131467910,38.633677037,-0.267110394,866.2996,-0.4900,0.1200,37.0200,0.8487,0.3895,-0.1350
2131518935,38.633677383,-0.267110223,866.3054,-0.8200,0.6100,37.7800,0.8474,0.3900,-0.1038
2131569959,38.633677734,-0.267110045,866.3101,-1.0200,0.7100,38.4400,0.8494,0.3897,-0.0850
2131620984,38.633678090,-0.267109863,866.3139,-1.1100,0.1500,39.0000,0.8473,0.3782,-0.0631
2131672008,38.633678423,-0.267109716,866.3143,-1.1500,-0.1100,39.4900,0.8403,0.3705,-0.0310
2131723033,38.633678761,-0.267109561,866.3132,-1.1400,0.2400,39.8600,0.8441,0.3745,0.0145
2131774058,38.633679108,-0.267109399,866.3103,-1.1600,0.6600,40.0700,0.8453,0.3679,0.0488
2131815126,38.633679394,-0.267109263,866.3069,-1.2100,1.1000,40.0600,0.8628,0.3719,0.0886
2131866151,38.633679747,-0.267109094,866.2995,-1.4000,1.4700,39.8100,0.8786,0.3672,0.1109
2131917175,38.633680115,-0.267108921,866.2919,-1.7800,2.2000,39.3000,0.9045,0.3627,0.1277
2131968200,38.633680500,-0.267108745,866.2837,-2.2500,2.8200,38.4700,0.9263,0.3543,0.1276
2132019224,38.633680902,-0.267108573,866.2761,-2.7000,3.6500,37.3300,0.9525,0.3348,0.1245
2132070249,38.633681275,-0.267108444,866.2679,-3.0400,4.5600,36.0600,0.9711,0.2953,0.0994
2132121274,38.633681669,-0.267108331,866.2619,-3.2100,5.4500,34.6400,1.0068,0.2599,0.0669
2132172298,38.633682088,-0.267108232,866.2584,-3.4600,5.3400,33.0400,1.0343,0.2138,-0.0088
2132213367,38.633682440,-0.267108168,866.2586,-3.7900,4.9700,31.6300,1.0557,0.1787,-0.0470
2132264391,38.633682905,-0.267108108,866.2644,-4.3100,4.5500,29.8000,1.0539,0.1283,-0.0698
2132315416,38.633683372,-0.267108077,866.2715,-4.7800,4.3200,27.9400,1.0289,0.0637,-0.0786
2132366441,38.633683832,-0.267108086,866.2780,-5.1700,4.3100,26.1500,1.0144,-0.0224,-0.0675
2132417465,38.633684286,-0.267108142,866.2833,-5.5200,4.5500,24.4300,0.9911,-0.1084,-0.0645
2132468490,38.633684661,-0.267108236,866.2897,-5.7000,4.6500,22.7600,0.9662,-0.1834,-0.0379
2132519514,38.633685033,-0.267108371,866.2942,-5.7400,4.9800,21.1300,0.9353,-0.2657,-0.0192
2132570539,38.633685402,-0.267108548,866.2968,-5.6300,4.9700,19.5600,0.9066,-0.3275,0.0050
2132611608,38.633685694,-0.267108717,866.2981,-5.4600,5.0900,18.2700,0.8768,-0.3828,0.0169
2132662632,38.633686028,-0.267108942,866.3018,-5.2800,5.4400,16.6000,0.8226,-0.4512,0.0148
2132713657,38.633686335,-0.267109202,866.3050,-5.0000,6.2900,14.8300,0.7597,-0.5120,0.0493
2132764681,38.633686624,-0.267109502,866.3072,-4.6100,6.7000,12.9400,0.6966,-0.5834,0.0084
2132815706,38.633686894,-0.267109843,866.3102,-4.4300,6.9200,11.0000,0.6504,-0.6445,0.0073
2132866730,38.633687073,-0.267110244,866.3147,-4.1700,6.9200,9.0000,0.5981,-0.6690,0.0202
2132917755,38.633687246,-0.267110653,866.3168,-3.7100,5.8900,6.9600,0.5442,-0.6895,0.0302
2132968780,38.633687402,-0.267111071,866.3183,-3.2900,5.1100,4.9800,0.4822,-0.7082,0.0322
2133009848,38.633687514,-0.267111413,866.3194,-3.0500,5.0200,3.4400,0.4265,-0.7233,0.0082
2133060873,38.633687651,-0.267111818,866.3222,-2.6900,5.2000,1.5500,0.3780,-0.7385,0.0012
2133111897,38.633687774,-0.267112221,866.3255,-2.2100,5.4500,-0.2900,0.3209,-0.7281,-0.0220
2133162922,38.633687880,-0.267112614,866.3288,-1.6700,6.1300,-2.0900,0.2863,-0.7082,-0.0339
2133213947,38.633687975,-0.267113000,866.3333,-1.0800,6.4500,-3.9000,0.2393,-0.6884,-0.0893
2133264971,38.633688029,-0.267113374,866.3431,-0.3700,6.2700,-5.8100,0.2075,-0.6859,-0.1116
2133315996,38.633688072,-0.267113751,866.3535,0.2500,6.4300,-7.5400,0.1704,-0.6873,-0.1504
2133367020,38.633688112,-0.267114125,866.3645,0.9300,5.9800,-9.4200,0.1598,-0.6710,-0.1594
2133408089,38.633688145,-0.267114418,866.3729,1.6300,5.2300,-11.0900,0.1482,-0.6459,-0.1586
2133459114,38.633688150,-0.267114755,866.3838,2.4300,4.4400,-13.2900,0.1501,-0.6298,-0.1560
2133510138,38.633688155,-0.267115089,866.3946,3.1300,3.8100,-15.7000,0.1477,-0.6352,-0.1514
2133561163,38.633688165,-0.267115432,866.4048,3.7600,3.2800,-18.1100,0.1245,-0.6391,-0.1552
2133612187,38.633688175,-0.267115779,866.4136,4.2800,2.9000,-20.5300,0.1096,-0.6395,-0.1309
2133663212,38.633688163,-0.267116129,866.4217,4.4500,3.0200,-22.8900,0.0814,-0.6397,-0.1119
2133714237,38.633688150,-0.267116480,866.4271,4.4100,3.0500,-25.2400,0.0534,-0.6304,-0.0738
2133765261,38.633688131,-0.267116835,866.4311,4.1200,3.6000,-27.3600,0.0323,-0.6386,-0.0467
2133806330,38.633688116,-0.267117124,866.4329,3.8500,3.8300,-28.9700,0.0202,-0.6444,-0.0209
2133857354,38.633688083,-0.267117415,866.4336,3.4200,4.3300,-30.7300,-0.0039,-0.6405,-0.0183
2133908379,38.633688045,-0.267117693,866.4334,3.0900,4.6200,-32.3300,-0.0244,-0.6210,-0.0047
2133959404,38.633688002,-0.267117972,866.4335,2.9600,4.8400,-33.7900,-0.0450,-0.6081,-0.0248
2134010428,38.633687955,-0.267118254,866.4344,2.8400,5.1100,-35.1600,-0.0570,-0.5950,-0.0358
2134061453,38.633687962,-0.267118451,866.4380,2.6600,5.1000,-36.4600,-0.0471,-0.5694,-0.0741
2134112477,38.633687974,-0.267118658,866.4435,2.2500,4.9700,-37.5500,-0.0218,-0.5542,-0.1135
2134163502,38.633687998,-0.267118866,866.4490,1.9800,4.4500,-38.7900,0.0110,-0.5208,-0.1009
2134204571,38.633688026,-0.267119030,866.4531,1.8900,4.0000,-39.9400,0.0283,-0.5008,-0.1100
2134255595,38.633688070,-0.267119208,866.4575,1.7800,3.5400,-41.4200,0.0336,-0.4797,-0.1107
2134306620,38.633688114,-0.267119383,866.4618,1.5700,3.2200,-42.9400,0.0369,-0.4677,-0.0964
2134357645,38.633688156,-0.267119565,866.4651,1.2300,2.8600,-44.5000,0.0323,-0.4524,-0.0775
2134408669,38.633688195,-0.267119755,866.4666,0.7500,2.5300,-46.0800,0.0321,-0.4500,-0.0298
2134459694,38.633688215,-0.267119922,866.4618,0.2400,2.6600,-47.5600,0.0233,-0.4457,0.0305
2134510718,38.633688230,-0.267120100,866.4537,-0.1800,2.5400,-48.9700,0.0139,-0.4378,0.0992
2134561743,38.633688243,-0.267120286,866.4425,-0.4900,2.2100,-50.3400,0.0074,-0.4324,0.1805
2134602812,38.633688250,-0.267120440,866.4311,-0.7300,2.1300,-51.4400,0.0069,-0.4201,0.2170
2134653836,38.633688289,-0.267120581,866.4104,-1.0400,2.9900,-52.8900,0.0209,-0.4056,0.2914
2134704861,38.633688333,-0.267120708,866.3878,-1.2200,4.4700,-54.5100,0.0236,-0.3674,0.2952
2134755885,38.633688375,-0.267120838,866.3662,-1.5000,5.7400,-56.0400,0.0179,-0.3506,0.2944
2134806910,38.633688410,-0.267120958,866.3459,-1.6700,6.3500,-57.4500,0.0164,-0.3155,0.2979
2134857935,38.633688471,-0.267121056,866.3251,-1.8800,5.6500,-58.3600,-0.0147,-0.2680,0.2540
2134908959,38.633688523,-0.267121142,866.3052,-2.0500,4.0300,-58.9400,-0.0346,-0.2507,0.2760
2134959984,38.633688558,-0.267121234,866.2854,-2.1300,2.8900,-59.4100,-0.0485,-0.2489,0.3018
2135001052,38.633688578,-0.267121316,866.2688,-2.1400,2.2700,-59.8000,-0.0516,-0.2569,0.3457
2135052077,38.633688639,-0.267121408,866.2468,-2.2400,1.9600,-60.1600,-0.0418,-0.2648,0.3662
2135103102,38.633688728,-0.267121502,866.2228,-2.4500,1.8400,-60.3700,-0.0117,-0.2688,0.4270
2135154126,38.633688815,-0.267121609,866.1983,-2.7100,1.8000,-60.6100,0.0150,-0.2799,0.4530
2135205151,38.633688905,-0.267121740,866.1733,-3.0600,1.6500,-60.8600,0.0457,-0.3137,0.4544
2135256175,38.633689060,-0.267121896,866.1486,-3.4700,1.7400,-61.1700,0.0797,-0.3372,0.4050
2135307200,38.633689226,-0.267122072,866.1285,-3.7500,1.6800,-61.4500,0.1022,-0.3538,0.3102
2135358225,38.633689382,-0.267122259,866.1121,-3.7800,1.3300,-61.8700,0.1150,-0.3554,0.2526
2135399293,38.633689502,-0.267122409,866.1023,-3.7000,1.2300,-62.4100,0.1260,-0.3372,0.1906
2135450318,38.633689673,-0.267122585,866.0927,-3.6300,0.5700,-62.9600,0.1339,-0.3119,0.1349
2135501342,38.633689852,-0.267122761,866.0847,-3.5400,0.3600,-63.3300,0.1468,-0.3180,0.1416
2135552367,38.633690022,-0.267122946,866.0769,-3.4400,0.6000,-63.6500,0.1657,-0.3312,0.1532
2135603392,38.633690188,-0.267123141,866.0684,-3.3700,0.8200,-64.0400,0.1881,-0.3428,0.1599
2135654416,38.633690409,-0.267123356,866.0605,-3.4600,1.4100,-64.5100,0.2130,-0.3561,0.1575
2135705441,38.633690638,-0.267123577,866.0526,-3.6800,2.6400,-65.0100,0.2439,-0.3573,0.1561
2135756465,38.633690860,-0.267123795,866.0444,-3.9500,4.5100,-65.5600,0.2588,-0.3402,0.1683
2135797534,38.633691031,-0.267123963,866.0379,-4.0800,5.4500,-65.8500,0.2592,-0.3301,0.1491
2135848559,38.633691264,-0.267124185,866.0317,-4.1000,6.6800,-66.0500,0.2580,-0.3014,0.1550
2135899583,38.633691500,-0.267124396,866.0259,-4.1300,7.2200,-65.9200,0.2520,-0.2640,0.1210
2135950608,38.633691719,-0.267124589,866.0207,-4.1300,7.6200,-65.5300,0.2597,-0.2592,0.1516
2136001632,38.633691926,-0.267124784,866.0133,-4.0200,7.4400,-65.1600,0.2652,-0.2781,0.1886
2136052657,38.633692157,-0.267124978,866.0018,-3.9200,7.2800,-64.8300,0.2798,-0.2988,0.2424
2136103682,38.633692383,-0.267125173,865.9876,-3.9600,7.5000,-64.4700,0.2841,-0.3013,0.2911
2136154706,38.633692594,-0.267125367,865.9704,-4.0000,7.9700,-63.9900,0.2792,-0.2979,0.3492
2136195775,38.633692753,-0.267125520,865.9547,-3.9300,8.4900,-63.5700,0.2688,-0.2957,0.3864
2136246799,38.633692969,-0.267125741,865.9298,-3.6700,8.8000,-63.0500,0.2718,-0.2927,0.4141
2136297824,38.633693179,-0.267125961,865.9040,-3.2600,8.6300,-62.5500,0.2688,-0.2886,0.4033
2136348849,38.633693375,-0.267126169,865.8804,-2.8300,8.7400,-62.1700,0.2600,-0.2610,0.3898
2136399873,38.633693554,-0.267126355,865.8569,-2.4300,8.0100,-61.9600,0.2561,-0.2429,0.3673
2136450898,38.633693747,-0.267126577,865.8359,-2.1300,7.6200,-61.9100,0.2740,-0.2697,0.3545
2136501922,38.633693938,-0.267126812,865.8154,-2.0800,6.6900,-61.8300,0.2864,-0.2884,0.3276
2136552947,38.633694129,-0.267127058,865.7958,-2.2100,5.9600,-61.8100,0.3146,-0.3303,0.3444
2136594016,38.633694280,-0.267127258,865.7795,-2.3400,5.7600,-61.8700,0.3059,-0.3234,0.3590
2136645040,38.633694488,-0.267127532,865.7601,-2.6200,6.1100,-62.0700,0.3036,-0.3002,0.3791
2136696065,38.633694708,-0.267127808,865.7402,-2.9000,6.7400,-62.4300,0.3204,-0.2860,0.3995
2136747089,38.633694923,-0.267128065,865.7192,-3.2300,7.7400,-62.7600,0.3372,-0.2821,0.4231
2136798114,38.633695136,-0.267128313,865.6971,-3.5700,8.0000,-62.9300,0.3592,-0.2904,0.4244
2136849139,38.633695351,-0.267128570,865.6732,-3.7600,7.9900,-62.9000,0.3897,-0.3104,0.4226
2136900163,38.633695567,-0.267128819,865.6486,-3.8100,7.4000,-62.6200,0.3991,-0.3048,0.4230
2136951188,38.633695781,-0.267129058,865.6254,-3.5700,6.8500,-62.2100,0.4162,-0.3119,0.4216
2136992257,38.633695953,-0.267129251,865.6063,-3.2700,6.1700,-61.8600,0.4198,-0.3257,0.4246
2137043281,38.633696178,-0.267129520,865.5829,-3.0400,5.9700,-61.4500,0.4257,-0.3421,0.4098
2137094306,38.633696407,-0.267129803,865.5602,-3.0900,5.9400,-60.9300,0.4262,-0.3415,0.4060
2137145330,38.633696628,-0.267130069,865.5363,-3.2400,6.3800,-60.3700,0.4274,-0.3320,0.4476
2137196355,38.633696844,-0.267130318,865.5109,-3.3700,7.0800,-59.7700,0.4188,-0.3111,0.4743
2137247380,38.633697037,-0.267130568,865.4834,-3.4600,7.4600,-59.1200,0.4024,-0.2968,0.4895
2137298404,38.633697211,-0.267130817,865.4566,-3.3900,7.4800,-58.4900,0.3911,-0.2913,0.4583
2137349429,38.633697382,-0.267131057,865.4311,-3.1100,7.0400,-58.1000,0.3807,-0.2998,0.4353
2137390498,38.633697512,-0.267131241,865.4126,-2.8600,6.9100,-57.9900,0.3622,-0.2882,0.3854
2137441522,38.633697672,-0.267131487,865.3932,-2.6300,6.4300,-57.7400,0.3425,-0.2945,0.3536
2137492547,38.633697835,-0.267131748,865.3759,-2.4800,5.7900,-57.6100,0.3561,-0.3265,0.3358
2137543571,38.633698005,-0.267132021,865.3591,-2.5000,5.2100,-57.6700,0.3771,-0.3656,0.3284
2137594596,38.633698180,-0.267132303,865.3432,-2.6600,4.9900,-58.0100,0.3914,-0.3958,0.2955
2137645621,38.633698381,-0.267132634,865.3314,-2.9900,5.4700,-58.6200,0.4057,-0.4149,0.2673
2137696645,38.633698595,-0.267132986,865.3222,-3.4400,6.6100,-59.2600,0.4079,-0.4292,0.2372
2137747670,38.633698810,-0.267133328,865.3135,-3.7400,7.6300,-59.9000,0.4309,-0.4236,0.2215
2137788739,38.633698985,-0.267133592,865.3072,-3.8700,8.3200,-60.4500,0.4376,-0.4334,0.1913
2137839763,38.633699174,-0.267133950,865.3012,-4.0400,9.5900,-60.9500,0.4252,-0.4440,0.1663
2137890788,38.633699344,-0.267134320,865.2972,-4.2400,10.4200,-61.0400,0.4171,-0.4542,0.1124
2137941812,38.633699515,-0.267134680,865.2940,-4.2400,11.0200,-60.9900,0.4285,-0.4636,0.1387
2137992837,38.633699689,-0.267135028,865.2892,-3.9700,11.3800,-60.8800,0.4220,-0.4633,0.1585
2138043862,38.633699864,-0.267135372,865.2822,-3.6200,11.4800,-60.7300,0.4153,-0.4558,0.2100
2138094886,38.633700039,-0.267135702,865.2720,-3.2800,11.4300,-60.4600,0.4058,-0.4366,0.2739
2138145911,38.633700208,-0.267136013,865.2587,-3.0300,11.4800,-60.0100,0.3893,-0.4293,0.3236
2138186980,38.633700338,-0.267136251,865.2463,-2.8600,11.6700,-59.5800,0.3706,-0.4144,0.3514
2138238004,38.633700481,-0.267136545,865.2294,-2.7100,11.4800,-59.2000,0.3552,-0.4060,0.3555
2138289029,38.633700602,-0.267136835,865.2122,-2.5900,11.7700,-59.0600,0.3311,-0.3776,0.3776
2138340054,38.633700717,-0.267137098,865.1933,-2.4300,11.6400,-59.1600,0.3071,-0.3526,0.3874
2138391078,38.633700829,-0.267137350,865.1745,-2.2100,11.1500,-59.2500,0.3097,-0.3645,0.3855
2138442103,38.633700920,-0.267137603,865.1537,-2.1700,10.4700,-59.3100,0.3309,-0.3821,0.3807
2138493127,38.633701010,-0.267137856,865.1322,-2.2500,9.3300,-59.5200,0.3585,-0.3820,0.3615
2138544152,38.633701118,-0.267138100,865.1113,-2.3000,8.6200,-59.8800,0.3668,-0.3704,0.3802
2138585221,38.633701209,-0.267138283,865.0941,-2.3600,8.8000,-60.3100,0.3630,-0.3523,0.3789
2138636245,38.633701353,-0.267138511,865.0727,-2.5300,9.3700,-60.9700,0.3789,-0.3444,0.3993
2138687270,38.633701536,-0.267138741,865.0516,-2.7700,9.9600,-61.5600,0.3855,-0.3247,0.3951
2138738294,38.633701724,-0.267138958,865.0303,-3.0400,10.5400,-61.9700,0.4007,-0.3192,0.4064
2138789319,38.633701915,-0.267139158,865.0098,-3.1300,10.9400,-62.2600,0.4055,-0.2890,0.3833
2138840344,38.633702101,-0.267139334,864.9894,-3.0700,10.8200,-62.2400,0.4062,-0.2820,0.3829
2138891368,38.633702286,-0.267139500,864.9700,-2.9000,10.4200,-62.1300,0.4185,-0.3013,0.3552
2138942393,38.633702476,-0.267139680,864.9520,-2.6500,9.4000,-61.9400,0.4220,-0.3254,0.3318
2138983462,38.633702631,-0.267139836,864.9383,-2.6000,8.9000,-61.7900,0.4273,-0.3525,0.3239
2139034486,38.633702822,-0.267140059,864.9221,-2.7000,8.8400,-61.4600,0.4349,-0.3612,0.3159
2139085511,38.633703013,-0.267140313,864.9063,-2.9000,9.1200,-60.9200,0.4446,-0.3725,0.3214
2139136535,38.633703212,-0.267140569,864.8900,-3.0500,9.6000,-60.2900,0.4569,-0.3905,0.3338
2139187560,38.633703415,-0.267140828,864.8731,-3.0200,9.9600,-59.7000,0.4638,-0.4047,0.3452
2139238585,38.633703606,-0.267141109,864.8559,-2.8400,10.1900,-59.1200,0.4487,-0.4187,0.3457
2139289609,38.633703777,-0.267141418,864.8386,-2.5800,10.3000,-58.6900,0.4371,-0.4346,0.3328
2139340634,38.633703942,-0.267141717,864.8217,-2.1900,10.8100,-58.5100,0.4039,-0.4130,0.3493
2139381702,38.633704066,-0.267141943,864.8071,-1.8400,10.7500,-58.5800,0.3807,-0.4005,0.3641
2139432727,38.633704213,-0.267142237,864.7901,-1.3700,10.5900,-58.8400,0.3760,-0.4025,0.3532
2139483752,38.633704355,-0.267142559,864.7734,-1.0300,9.9200,-59.0600,0.3702,-0.4111,0.3539
2139534776,38.633704502,-0.267142875,864.7572,-0.7800,9.3800,-59.3300,0.3775,-0.4254,0.3515
2139585801,38.633704652,-0.267143180,864.7402,-0.5500,8.8600,-59.6700,0.3674,-0.4100,0.3569
2139636826,38.633704799,-0.267143472,864.7231,-0.3200,9.0100,-60.1600,0.3745,-0.3917,0.3714
2139687850,38.633704953,-0.267143752,864.7054,-0.1800,9.7300,-60.7500,0.3938,-0.3848,0.3843
2139738875,38.633705118,-0.267144022,864.6872,-0.1200,10.3800,-61.4000,0.4090,-0.3829,0.3957
2139779943,38.633705258,-0.267144236,864.6723,-0.1200,10.6100,-61.8300,0.4264,-0.3990,0.3924
2139830968,38.633705438,-0.267144496,864.6539,0.0000,11.1400,-62.2300,0.4347,-0.3832,0.3967
2139881993,38.633705614,-0.267144732,864.6348,0.1900,11.1500,-62.3800,0.4290,-0.3632,0.3824
2139933017,38.633705792,-0.267144962,864.6164,0.4200,11.1900,-62.2500,0.4310,-0.3861,0.4006
2139984042,38.633705968,-0.267145209,864.5973,0.6900,10.4000,-62.1200,0.4142,-0.4177,0.3958
2140035066,38.633706125,-0.267145468,864.5788,0.8200,9.7700,-61.9800,0.4087,-0.4255,0.4021
2140086091,38.633706254,-0.267145730,864.5599,0.7800,9.9100,-61.6700,0.3934,-0.4197,0.4238
2140137116,38.633706388,-0.267145984,864.5401,0.6900,10.2800,-61.2800,0.3919,-0.4172,0.4445
2140178184,38.633706500,-0.267146185,864.5235,0.6100,10.2400,-60.9800,0.3967,-0.4130,0.4458
2140229209,38.633706636,-0.267146444,864.5029,0.5400,9.9100,-60.6900,0.3968,-0.4242,0.4322
2140280234,38.633706741,-0.267146739,864.4845,0.6100,9.4000,-60.5800,0.3886,-0.4316,0.3812
2140331258,38.633706852,-0.267147031,864.4671,0.8200,8.8800,-60.7100,0.3821,-0.4387,0.3773
2140382283,38.633706967,-0.267147319,864.4509,1.1600,8.0900,-61.1400,0.3717,-0.4462,0.3317
2140433307,38.633707080,-0.267147642,864.4377,1.4100,6.7400,-61.4600,0.3688,-0.4549,0.2917
2140484332,38.633707199,-0.267148009,864.4280,1.5000,5.9700,-61.7300,0.3944,-0.4684,0.2748
2140535357,38.633707337,-0.267148365,864.4181,1.4600,5.4600,-62.1300,0.4116,-0.4578,0.2692
2140576425,38.633707456,-0.267148634,864.4097,1.4200,5.5200,-62.5800,0.4174,-0.4377,0.2868
2140627450,38.633707606,-0.267148949,864.3979,1.3300,6.0200,-63.3500,0.4255,-0.4144,0.3108
2140678475,38.633707741,-0.267149253,864.3855,1.2300,7.1600,-64.2100,0.4288,-0.4034,0.3384
2140729499,38.633707887,-0.267149544,864.3713,1.0600,8.0300,-65.1400,0.4357,-0.3977,0.3563
2140780524,38.633708042,-0.267149824,864.3562,0.9500,8.4400,-66.0800,0.4381,-0.3934,0.3700
2140832793,38.633708207,-0.267150096,864.3409,0.9900,8.6900,-66.9200,0.4391,-0.3918,0.3462
2140883818,38.633708363,-0.267150339,864.3259,1.1600,8.8700,-67.4700,0.4290,-0.3834,0.3554
2140924886,38.633708488,-0.267150525,864.3153,1.3300,8.6400,-67.6100,0.4121,-0.3699,0.3025
2140975911,38.633708643,-0.267150760,864.3023,1.5800,7.3500,-67.6500,0.4019,-0.4003,0.3196
2141026936,38.633708789,-0.267150997,864.2888,1.6900,6.7000,-67.5900,0.3935,-0.4098,0.3266
2141077960,38.633708907,-0.267151210,864.2742,1.7400,6.1000,-67.4900,0.3855,-0.4093,0.3591
2141128985,38.633709029,-0.267151419,864.2577,1.5900,6.0400,-67.2600,0.3706,-0.3869,0.3953
2141180009,38.633709151,-0.267151618,864.2386,1.2200,6.4300,-66.8800,0.3619,-0.3783,0.4465
2141231034,38.633709279,-0.267151812,864.2162,0.8800,6.6400,-66.5900,0.3717,-0.3948,0.5056
2141282059,38.633709413,-0.267152015,864.1904,0.6300,6.3400,-66.4900,0.3769,-0.4251,0.5437
2141323127,38.633709527,-0.267152191,864.1687,0.3700,6.0700,-66.5100,0.3757,-0.4334,0.5694
2141374152,38.633709668,-0.267152408,864.1411,-0.0200,5.5900,-66.6600,0.3610,-0.4200,0.5614
2141425177,38.633709804,-0.267152631,864.1134,-0.5300,5.4000,-66.9100,0.3180,-0.4200,0.5722
2141476201,38.633709937,-0.267152873,864.0851,-1.1200,5.0900,-67.3300,0.2832,-0.4285,0.5463
2141527226,38.633710056,-0.267153121,864.0572,-1.7800,4.1800,-67.9700,0.2404,-0.4316,0.5730
2141578250,38.633710151,-0.267153368,864.0294,-2.4000,2.9400,-68.4800,0.1866,-0.4409,0.5536
2141629275,38.633710214,-0.267153633,864.0003,-3.0600,1.8100,-68.8900,0.1457,-0.4683,0.6003
2141680300,38.633710208,-0.267153917,863.9698,-3.7400,1.3300,-69.4300,0.0816,-0.4852,0.5997
2141721368,38.633710190,-0.267154148,863.9458,-4.3400,1.1900,-70.0500,0.0462,-0.4795,0.5974
2141772393,38.633710163,-0.267154439,863.9156,-5.1100,2.0700,-71.2700,0.0276,-0.5029,0.6071
2141823418,38.633710131,-0.267154745,863.8859,-5.7100,3.2200,-73.0000,0.0126,-0.5308,0.5973
2141874442,38.633710096,-0.267155079,863.8582,-6.2000,4.0500,-75.1200,-0.0103,-0.5547,0.5409
2141925467,38.633710055,-0.267155424,863.8327,-6.5900,5.1900,-77.6100,-0.0405,-0.5784,0.5019
2141976492,38.633710000,-0.267155776,863.8101,-6.6900,5.5300,-80.2900,-0.0863,-0.5828,0.4387
2142027516,38.633709925,-0.267156121,863.7903,-6.4400,4.6400,-82.8800,-0.1255,-0.5858,0.3977
2142078541,38.633709824,-0.267156447,863.7696,-5.9200,3.4200,-85.3100,-0.1988,-0.5926,0.3630
2142119609,38.633709725,-0.267156717,863.7547,-5.4700,2.6000,-87.2800,-0.2413,-0.6124,0.3427
2142170634,38.633709583,-0.267157069,863.7365,-4.9400,1.6800,-89.7900,-0.2808,-0.6419,0.3465
2142221659,38.633709421,-0.267157443,863.7200,-4.7300,1.6700,-92.4100,-0.3110,-0.6781,0.3138
2142272683,38.633709206,-0.267157850,863.7053,-4.6000,2.3300,-95.0300,-0.3434,-0.7206,0.3163
2142323708,38.633708988,-0.267158278,863.6913,-4.3000,3.3800,-97.5600,-0.3746,-0.7527,0.2814
2142374733,38.633708760,-0.267158725,863.6794,-3.8400,4.0500,-100.0300,-0.4147,-0.7852,0.2419
2142425757,38.633708519,-0.267159177,863.6710,-3.1800,3.3700,-102.6000,-0.4342,-0.7782,0.1458
2142476782,38.633708263,-0.267159608,863.6658,-2.2400,1.7500,-105.4300,-0.4493,-0.7600,0.0608
2142517850,38.633708056,-0.267159947,863.6655,-1.6800,1.4800,-107.8000,-0.4710,-0.7399,-0.0065
2142568875,38.633707792,-0.267160362,863.6678,-1.1500,2.0300,-110.6300,-0.4986,-0.7365,-0.0470
2142619900,38.633707520,-0.267160775,863.6730,-0.4600,1.5100,-113.4900,-0.5187,-0.7265,-0.0969
2142670924,38.633707226,-0.267161179,863.6825,0.1100,0.7000,-116.3600,-0.5313,-0.7047,-0.1325
2142721949,38.633706938,-0.267161572,863.6920,0.5400,0.9400,-119.1600,-0.5334,-0.6898,-0.1242
2142772974,38.633706657,-0.267161962,863.7011,0.8600,1.7900,-121.9200,-0.5340,-0.6939,-0.0956
2142823998,38.633706375,-0.267162358,863.7075,1.1600,1.9400,-124.6400,-0.5353,-0.7152,-0.0514
2142875023,38.633706080,-0.267162742,863.7118,1.4300,2.0200,-127.2100,-0.5348,-0.7412,-0.0119
2142916092,38.633705848,-0.267163066,863.7141,1.5800,2.0800,-129.1300,-0.5337,-0.7579,0.0054
2142967116,38.633705567,-0.267163486,863.7156,1.8000,2.7000,-131.3300,-0.5369,-0.7886,0.0429
2143018141,38.633705285,-0.267163927,863.7156,1.9300,3.3600,-133.4300,-0.5590,-0.8156,0.0569
2143069166,38.633704971,-0.267164394,863.7159,1.9700,3.9100,-135.5600,-0.5759,-0.8402,0.0433
2143120190,38.633704657,-0.267164875,863.7167,1.8100,4.2700,-137.6700,-0.5884,-0.8500,0.0165
2143171215,38.633704345,-0.267165360,863.7191,1.7200,4.9800,-139.8900,-0.6081,-0.8551,0.0146
2143222239,38.633704023,-0.267165847,863.7208,1.7000,5.1600,-142.2900,-0.6484,-0.8409,0.0067
2143273264,38.633703706,-0.267166317,863.7258,1.6500,4.6000,-144.8000,-0.6244,-0.8140,-0.0557
2143314333,38.633703455,-0.267166689,863.7300,1.5300,4.2300,-146.7000,-0.6344,-0.7917,-0.0262
2143365357,38.633703147,-0.267167130,863.7344,1.4600,4.5800,-148.9400,-0.6290,-0.7465,-0.0224
2143416382,38.633702837,-0.267167547,863.7387,1.5600,3.8100,-151.1700,-0.6539,-0.7027,0.0065
2143467407,38.633702515,-0.267167902,863.7417,1.7400,2.9200,-153.3400,-0.6878,-0.6692,0.0322
2143518431,38.633702176,-0.267168251,863.7434,1.8400,2.0500,-155.4400,-0.7309,-0.6522,0.0185
2143569456,38.633701814,-0.267168600,863.7460,1.8300,1.5900,-157.5300,-0.8115,-0.6556,0.0169
2143620481,38.633701416,-0.267168959,863.7494,1.8000,1.2600,-159.6700,-0.8871,-0.6693,-0.0328
2143671505,38.633700979,-0.267169316,863.7583,1.6600,1.6400,-161.8400,-0.9565,-0.6838,-0.0850
2143712574,38.633700611,-0.267169613,863.7673,1.4800,2.4000,-163.5400,-0.9854,-0.6878,-0.1541
2143763599,38.633700148,-0.267169985,863.7816,1.1100,3.5900,-165.5200,-0.9906,-0.6865,-0.2247
2143814623,38.633699693,-0.267170361,863.7991,0.6000,4.7900,-167.1700,-0.9610,-0.6806,-0.3008
2143865648,38.633699317,-0.267170827,863.8226,-0.1400,6.1400,-168.2300,-0.9020,-0.6627,-0.3383
2143916673,38.633698961,-0.267171274,863.8461,-0.6200,6.6700,-168.9900,-0.8449,-0.6586,-0.3385
2143967697,38.633698622,-0.267171710,863.8680,-1.0200,7.1200,-169.4900,-0.7871,-0.6456,-0.3292
2144018722,38.633698304,-0.267172137,863.8872,-1.4800,7.8500,-169.8000,-0.7306,-0.6493,-0.2584
2144069747,38.633698134,-0.267172581,863.9055,-1.7800,7.8100,-170.0500,-0.6543,-0.6347,-0.1860
2144110815,38.633698004,-0.267172925,863.9162,-1.8500,7.3500,-170.2600,-0.6014,-0.6177,-0.1043
2144161840,38.633697854,-0.267173330,863.9239,-1.8500,7.3500,-170.4800,-0.5418,-0.5871,0.0106
2144212865,38.633697714,-0.267173712,863.9246,-1.7100,7.3800,-170.7100,-0.4858,-0.5561,0.1282
2144263889,38.633697670,-0.267174064,863.9164,-1.4800,7.0800,-170.8800,-0.4344,-0.5249,0.2695
2144314914,38.633697640,-0.267174393,863.9006,-1.2200,6.5600,-171.0600,-0.3992,-0.5007,0.4104
2144365939,38.633697604,-0.267174711,863.8777,-0.7100,5.8800,-171.2800,-0.3618,-0.4951,0.5456
2144416963,38.633697568,-0.267175023,863.8496,0.0100,5.1500,-171.4000,-0.3154,-0.4977,0.6009
2144467988,38.633697622,-0.267175313,863.8127,0.6400,5.4800,-171.4600,-0.2837,-0.5182,0.6711
2144509057,38.633697655,-0.267175555,863.7817,1.1600,5.7800,-171.4800,-0.2566,-0.5297,0.6785
2144560081,38.633697683,-0.267175863,863.7437,1.7000,5.7800,-171.5400,-0.2519,-0.5447,0.6781
2144611106,38.633697695,-0.267176178,863.7073,2.1300,5.2100,-171.7200,-0.2370,-0.5530,0.6389
2144662130,38.633697744,-0.267176508,863.6735,2.4100,4.3200,-171.9500,-0.2199,-0.5491,0.5690
2144713155,38.633697791,-0.267176841,863.6440,2.5800,3.1400,-172.0400,-0.1973,-0.5555,0.4920
2144764180,38.633697835,-0.267177175,863.6197,2.8000,1.3200,-171.8900,-0.1515,-0.5600,0.3885
2144815204,38.633697869,-0.267177509,863.5990,2.9300,-0.0700,-171.3100,-0.1536,-0.5631,0.3473
2144866229,38.633697922,-0.267177831,863.5824,3.2200,-1.2000,-170.5300,-0.1796,-0.5999,0.3289
2144907298,38.633697941,-0.267178106,863.5691,3.6400,-2.4700,-169.8600,-0.1975,-0.6212,0.3220
2144958322,38.633697941,-0.267178462,863.5534,4.0900,-3.1900,-168.8300,-0.2206,-0.6394,0.3133
2145009347,38.633697911,-0.267178824,863.5375,4.1300,-2.6800,-167.4000,-0.2657,-0.6390,0.3296
2145060372,38.633697854,-0.267179184,863.5225,3.8300,-1.6300,-165.5700,-0.3175,-0.6189,0.3507
2145111396,38.633697764,-0.267179532,863.5057,3.5100,-0.9600,-163.4100,-0.3606,-0.5958,0.3873
2145162421,38.633697647,-0.267179870,863.4875,3.2900,-0.3600,-161.0200,-0.3847,-0.5764,0.3964
2145213446,38.633697513,-0.267180192,863.4693,3.1700,0.1100,-158.5500,-0.4006,-0.5428,0.3742
2145264470,38.633697357,-0.267180466,863.4529,2.9200,0.8100,-156.0200,-0.4131,-0.4987,0.3062
2145305539,38.633697221,-0.267180668,863.4421,2.6300,1.0200,-154.0500,-0.4163,-0.4736,0.2500
2145356564,38.633697046,-0.267180913,863.4317,2.4600,0.4800,-151.7900,-0.4205,-0.4635,0.1854
2145407588,38.633696865,-0.267181160,863.4237,2.5700,-0.6000,-149.8500,-0.4269,-0.4699,0.1620
2145458613,38.633696692,-0.267181377,863.4190,2.7200,-1.4900,-148.0900,-0.4107,-0.4571,0.1119
2145509638,38.633696518,-0.267181592,863.4159,2.7400,-2.2800,-146.6000,-0.4192,-0.4620,0.0987
2145560663,38.633696331,-0.267181817,863.4124,2.6300,-2.7800,-145.4400,-0.4417,-0.4664,0.1155
2145611687,38.633696131,-0.267182050,863.4067,2.4900,-2.6200,-144.6000,-0.4683,-0.4715,0.1684
2145662712,38.633695929,-0.267182271,863.3979,2.3700,-2.0900,-144.0600,-0.4878,-0.4782,0.2401
2145703781,38.633695761,-0.267182456,863.3879,2.3300,-1.7100,-143.7900,-0.4979,-0.4888,0.2969
2145754805,38.633695545,-0.267182698,863.3722,2.3300,-1.2600,-143.6200,-0.5010,-0.5007,0.3637
2145805830,38.633695328,-0.267182954,863.3533,2.3400,-0.7800,-143.5300,-0.4913,-0.5212,0.4145
2145856855,38.633695129,-0.267183210,863.3278,2.3400,-0.2200,-143.4600,-0.4878,-0.5419,0.4703
2145907879,38.633694931,-0.267183477,863.3004,2.3200,0.0000,-143.4000,-0.4923,-0.5511,0.4766
2145958904,38.633694727,-0.267183759,863.2742,2.3000,-0.6200,-143.3600,-0.4864,-0.5628,0.4437
2146009929,38.633694525,-0.267184052,863.2511,2.2900,-1.4700,-143.1600,-0.4711,-0.5724,0.3812
2146060953,38.633694350,-0.267184362,863.2308,2.3000,-2.3200,-142.7800,-0.4494,-0.5645,0.2684
2146102022,38.633694216,-0.267184617,863.2178,2.3100,-3.0000,-142.3200,-0.4298,-0.5740,0.2141
2146153046,38.633694054,-0.267184940,863.2048,2.3800,-3.4200,-141.5400,-0.4107,-0.5772,0.1675
2146204071,38.633693895,-0.267185266,863.1930,2.3700,-3.7900,-140.5900,-0.3935,-0.5743,0.1723
2146255096,38.633693771,-0.267185555,863.1814,2.4100,-4.1000,-139.5800,-0.3730,-0.5723,0.2046
2146306120,38.633693652,-0.267185841,863.1678,2.4100,-3.9200,-138.5100,-0.3662,-0.5705,0.2603
2146357145,38.633693527,-0.267186135,863.1512,2.3000,-3.2700,-137.3300,-0.3667,-0.5762,0.3206
2146408170,38.633693394,-0.267186436,863.1315,2.1300,-3.0000,-136.0100,-0.3784,-0.5736,0.3838
2146459194,38.633693248,-0.267186730,863.1086,2.0100,-3.5100,-134.5800,-0.3869,-0.5783,0.4128
2146500263,38.633693124,-0.267186975,863.0902,1.9400,-4.2400,-133.4700,-0.3840,-0.5928,0.3875
2146551288,38.633692972,-0.267187290,863.0697,1.7700,-4.6400,-132.1400,-0.3706,-0.6025,0.3294
2146602312,38.633692826,-0.267187605,863.0529,1.4600,-4.4100,-130.8300,-0.3529,-0.5744,0.2620
2146653337,38.633692680,-0.267187907,863.0395,1.2500,-5.1700,-129.9300,-0.3463,-0.5593,0.1661
2146704362,38.633692536,-0.267188194,863.0297,1.0600,-6.3500,-129.2800,-0.3397,-0.5237,0.1129
2146755386,38.633692391,-0.267188464,863.0231,0.8700,-6.9900,-128.7400,-0.3470,-0.4947,0.0744
2146806411,38.633692234,-0.267188729,863.0179,0.6400,-7.8500,-128.3500,-0.3825,-0.4898,0.0551
2146857436,38.633692058,-0.267188962,863.0141,0.3000,-8.3400,-128.2000,-0.4469,-0.5111,0.0653
2146898504,38.633691892,-0.267189162,863.0106,0.0600,-7.9600,-128.3200,-0.5069,-0.5408,0.0923
2146949529,38.633691652,-0.267189440,863.0048,-0.1800,-7.0500,-128.8200,-0.5841,-0.5882,0.1235
2147000554,38.633691377,-0.267189751,862.9981,-0.5100,-6.0500,-129.6400,-0.6470,-0.6263,0.1309
2147051578,38.633691059,-0.267190086,862.9903,-0.9400,-4.5800,-130.7700,-0.6800,-0.6512,0.1235
2147102603,38.633690719,-0.267190431,862.9830,-1.4100,-2.7300,-132.1300,-0.6905,-0.6535,0.0882
2147153628,38.633690384,-0.267190778,862.9784,-1.9300,-0.7700,-133.6000,-0.6762,-0.6388,0.0383
2147204652,38.633690056,-0.267191119,862.9770,-2.3300,0.6300,-134.9800,-0.6648,-0.6109,-0.0322
2147255677,38.633689733,-0.267191433,862.9797,-2.5300,1.0500,-136.2300,-0.6332,-0.5575,-0.0990
2147296746,38.633689484,-0.267191658,862.9856,-2.6900,1.3000,-137.0700,-0.6072,-0.5067,-0.1622
2147347770,38.633689187,-0.267191915,862.9940,-2.8900,1.8500,-137.9200,-0.5903,-0.4660,-0.1555
2147398795,38.633688899,-0.267192159,863.0008,-2.9300,2.9400,-138.7000,-0.5765,-0.4466,-0.0935
2147449820,38.633688625,-0.267192369,863.0030,-2.9600,3.9100,-139.3800,-0.5831,-0.4342,0.0195
2147500844,38.633688356,-0.267192562,862.9988,-3.0100,4.7700,-139.9200,-0.5833,-0.4249,0.1420
2147551869,38.633688086,-0.267192757,862.9885,-3.0900,5.3700,-140.2800,-0.5781,-0.4090,0.2559
2147602894,38.633687826,-0.267192943,862.9732,-3.1200,5.8200,-140.5600,-0.5578,-0.3767,0.3448
2147653918,38.633687552,-0.267193111,862.9515,-3.1000,6.4300,-140.7700,-0.5346,-0.3297,0.4041
2147694987,38.633687337,-0.267193231,862.9323,-2.9900,7.4700,-140.9700,-0.5227,-0.3029,0.4388
2147746012,38.633687081,-0.267193364,862.9075,-2.7700,7.9800,-141.1000,-0.4957,-0.2536,0.4354
2147797036,38.633686840,-0.267193478,862.8841,-2.4800,7.8300,-141.1900,-0.4680,-0.2281,0.4312
2147848061,38.633686613,-0.267193574,862.8594,-2.1000,6.5200,-141.3300,-0.4455,-0.1958,0.4264
2147899086,38.633686399,-0.267193651,862.8351,-1.5500,4.9800,-141.6800,-0.4247,-0.1666,0.4370
2147950110,38.633686195,-0.267193715,862.8103,-0.8900,2.7500,-142.1100,-0.4097,-0.1384,0.4444
2148001135,38.633685993,-0.267193777,862.7847,-0.3300,1.1400,-142.6000,-0.4237,-0.1467,0.4975
2148052160,38.633685761,-0.267193841,862.7557,0.0600,-0.1200,-143.0900,-0.4410,-0.1610,0.5371
2148093228,38.633685566,-0.267193902,862.7307,0.3000,-0.9800,-143.4900,-0.4596,-0.1813,0.5852
2148144253,38.633685323,-0.267193994,862.6984,0.6000,-1.6500,-144.0600,-0.4623,-0.2028,0.5976
2148195278,38.633685084,-0.267194108,862.6660,0.9400,-1.7700,-144.7500,-0.4601,-0.2462,0.5956
2148246302,38.633684842,-0.267194250,862.6358,1.2600,-1.5100,-145.5900,-0.4586,-0.2888,0.5538
2148297327,38.633684599,-0.267194420,862.6090,1.4600,-1.2800,-146.4300,-0.4662,-0.3302,0.4888
2148348352,38.633684356,-0.267194620,862.5865,1.7000,-1.3600,-147.1500,-0.4722,-0.3843,0.3937
2148399376,38.633684112,-0.267194854,862.5686,2.0000,-1.6500,-147.6500,-0.4877,-0.4349,0.3217
2148450401,38.633683869,-0.267195123,862.5565,2.1800,-2.2800,-147.7700,-0.4892,-0.4667,0.2095
2148491470,38.633683671,-0.267195359,862.5491,2.2800,-3.0500,-147.6500,-0.5025,-0.4936,0.1907
2148542494,38.633683420,-0.267195669,862.5406,2.4500,-3.1100,-147.3000,-0.5291,-0.5264,0.1933
2148593519,38.633683157,-0.267195998,862.5317,2.4000,-2.6600,-146.7700,-0.5565,-0.5597,0.1859
2148644544,38.633682881,-0.267196361,862.5235,2.2200,-1.7700,-146.1100,-0.5770,-0.5840,0.2196
2148695569,38.633682595,-0.267196743,862.5147,2.0300,-0.2200,-145.3400,-0.6082,-0.6008,0.2276
2148746593,38.633682295,-0.267197134,862.5060,1.8000,1.1700,-144.5300,-0.6361,-0.6209,0.1900
2148797618,38.633681987,-0.267197533,862.5002,1.5600,1.9900,-143.8200,-0.6539,-0.6387,0.1071
2148848643,38.633681672,-0.267197937,862.4998,1.3200,2.9000,-143.2300,-0.6423,-0.6202,0.0040
2148889711,38.633681421,-0.267198253,862.5033,1.1700,3.1700,-142.8800,-0.6288,-0.6020,-0.0958
2148940736,38.633681124,-0.267198629,862.5131,0.9900,3.7500,-142.5600,-0.6023,-0.5794,-0.1816
2148991761,38.633680837,-0.267198996,862.5254,0.8000,4.1500,-142.3000,-0.5881,-0.5811,-0.2146
2149042785,38.633680550,-0.267199376,862.5395,0.7400,4.7500,-142.1600,-0.5875,-0.6119,-0.1601
2149093810,38.633680261,-0.267199773,862.5514,0.6800,4.9400,-142.0900,-0.5949,-0.6335,-0.1061
2149144835,38.633679971,-0.267200181,862.5594,0.4800,5.2700,-142.1200,-0.5986,-0.6623,-0.0288
2149195859,38.633679686,-0.267200594,862.5623,0.1700,5.6800,-142.2800,-0.5828,-0.6533,0.0462
2149246884,38.633679405,-0.267201005,862.5615,-0.2500,6.4600,-142.5400,-0.5558,-0.6421,0.1129
2149287953,38.633679187,-0.267201335,862.5575,-0.6700,6.9900,-142.8100,-0.5176,-0.6335,0.1679
2149338977,38.633678936,-0.267201731,862.5504,-1.3000,7.8300,-143.1700,-0.4922,-0.6119,0.2128
2149390002,38.633678704,-0.267202106,862.5412,-1.9600,8.4600,-143.5100,-0.4494,-0.5714,0.2421
2149441027,38.633678498,-0.267202450,862.5308,-2.5100,8.3300,-143.7600,-0.4089,-0.5352,0.2049
2149492052,38.633678333,-0.267202764,862.5210,-2.9000,8.5900,-143.9000,-0.3494,-0.5084,0.1886
2149543076,38.633678193,-0.267203060,862.5133,-3.2800,8.6600,-143.9000,-0.2984,-0.4717,0.1258
2149594101,38.633678062,-0.267203338,862.5078,-3.5500,8.2200,-143.7700,-0.3041,-0.4564,0.1127
2149645126,38.633677936,-0.267203596,862.5025,-3.7400,7.6200,-143.4700,-0.3248,-0.4542,0.1155
2149686194,38.633677831,-0.267203802,862.4974,-3.8300,7.1600,-143.1200,-0.3425,-0.4669,0.1491
2149737219,38.633677689,-0.267204064,862.4891,-3.9500,6.8200,-142.5100,-0.3636,-0.4698,0.1992
2149788244,38.633677535,-0.267204329,862.4783,-4.1800,6.7800,-141.7600,-0.3879,-0.4735,0.2426
2149839268,38.633677365,-0.267204595,862.4638,-4.4500,7.0300,-140.9500,-0.4140,-0.4594,0.2852
2149890293,38.633677175,-0.267204849,862.4452,-4.6900,7.5500,-140.2000,-0.4507,-0.4336,0.3154
2149941318,38.633676967,-0.267205091,862.4268,-5.0100,8.4000,-139.5800,-0.4872,-0.4095,0.3152
2149992343,38.633676742,-0.267205320,862.4093,-5.4300,9.2100,-138.9100,-0.5163,-0.3830,0.2960
2150043367,38.633676494,-0.267205515,862.3942,-5.7000,9.2500,-138.1900,-0.5243,-0.3401,0.2666
2150084436,38.633676288,-0.267205648,862.3837,-5.8800,9.2400,-137.6100,-0.5199,-0.2981,0.2427
2150135460,38.633676031,-0.267205796,862.3723,-6.0300,9.2700,-137.1700,-0.5302,-0.2737,0.2045
2150186485,38.633675772,-0.267205939,862.3612,-5.8600,9.0600,-137.1100,-0.5426,-0.2675,0.2197
2150237510,38.633675495,-0.267206080,862.3505,-5.5600,8.3300,-137.2100,-0.5765,-0.2750,0.2106
2150288534,38.633675188,-0.267206225,862.3390,-5.4500,7.4900,-137.3500,-0.6091,-0.2897,0.2654
2150339559,38.633674875,-0.267206386,862.3250,-5.3000,6.6300,-137.5900,-0.6346,-0.3120,0.2963
2150390584,38.633674551,-0.267206559,862.3083,-5.0100,6.4500,-137.9800,-0.6649,-0.3270,0.3544
2150441608,38.633674220,-0.267206756,862.2892,-4.6900,7.1400,-138.4700,-0.6601,-0.3360,0.3808
2150482677,38.633673952,-0.267206939,862.2723,-4.3800,7.6800,-138.9200,-0.6499,-0.3510,0.4211
2150533702,38.633673627,-0.267207168,862.2494,-3.9700,8.3800,-139.3300,-0.6418,-0.3541,0.4637
2150584726,38.633673311,-0.267207397,862.2247,-3.4700,8.8300,-139.5200,-0.6249,-0.3569,0.4940
2150635751,38.633673010,-0.267207627,862.1983,-2.9300,8.5600,-139.4200,-0.5855,-0.3428,0.5025
2150686776,38.633672732,-0.267207860,862.1710,-2.2500,8.3500,-139.1000,-0.5504,-0.3380,0.5377
2150737801,38.633672472,-0.267208080,862.1430,-1.5700,7.8900,-138.5700,-0.5138,-0.3156,0.5190
2150788825,38.633672226,-0.267208294,862.1155,-0.9600,7.3000,-137.9400,-0.5006,-0.3236,0.5438
2150839850,38.633671999,-0.267208501,862.0876,-0.3800,6.5400,-137.2100,-0.4869,-0.3186,0.5570
2150880919,38.633671827,-0.267208664,862.0640,0.0700,5.5300,-136.6200,-0.4796,-0.3266,0.5988
2150931943,38.633671621,-0.267208866,862.0326,0.5800,4.6900,-135.9400,-0.4719,-0.3188,0.6263
2150982968,38.633671415,-0.267209062,861.9995,0.8600,4.3300,-135.1300,-0.4667,-0.3167,0.6505
2151033993,38.633671206,-0.267209263,861.9655,1.1300,3.9200,-134.2900,-0.4585,-0.3236,0.6457
2151085017,38.633670997,-0.267209473,861.9334,1.2100,3.6600,-133.3700,-0.4417,-0.3312,0.5617
2151136042,38.633670794,-0.267209686,861.9065,1.0700,3.8700,-132.3200,-0.4289,-0.3406,0.4321
2151187067,38.633670602,-0.267209895,861.8884,0.8300,5.0900,-131.3200,-0.4263,-0.3406,0.2742
2151238091,38.633670410,-0.267210123,861.8767,0.7800,3.3800,-130.8800,-0.4205,-0.3898,0.1354
2151279160,38.633670268,-0.267210324,861.8731,0.9500,2.0500,-130.8900,-0.4340,-0.4397,0.0732
2151330185,38.633670082,-0.267210596,861.8702,1.1000,0.5400,-130.9500,-0.4445,-0.4646,0.0369
2151381209,38.633669889,-0.267210883,861.8694,1.1300,1.1400,-131.0400,-0.4656,-0.5013,0.0230
2151432234,38.633669679,-0.267211203,861.8682,1.0100,1.3200,-131.2500,-0.4911,-0.5419,0.0409
2151483259,38.633669446,-0.267211576,861.8670,0.7800,1.8600,-131.6000,-0.5330,-0.6017,0.0922
2151534283,38.633669197,-0.267211975,861.8627,0.6200,2.4900,-132.1300,-0.5531,-0.6423,0.1267
2151585308,38.633668942,-0.267212392,861.8574,0.5100,3.5500,-132.8100,-0.5605,-0.6716,0.1349
2151636333,38.633668689,-0.267212820,861.8511,0.2800,5.1700,-133.5100,-0.5435,-0.6758,0.1213
2151677402,38.633668490,-0.267213174,861.8451,-0.0300,6.5000,-134.0200,-0.5246,-0.6766,0.1099
2151728426,38.633668255,-0.267213607,861.8386,-0.4500,7.8900,-134.5200,-0.4919,-0.6729,0.0923
2151779451,38.633668039,-0.267214033,861.8337,-0.8200,8.2100,-134.9100,-0.4487,-0.6700,0.0491
2151830476,38.633667851,-0.267214445,861.8299,-1.0700,8.7200,-135.0800,-0.3986,-0.6555,0.0421
2151881500,38.633667712,-0.267214815,861.8267,-1.2800,8.9400,-135.0500,-0.3431,-0.6258,0.0108
2151932525,38.633667592,-0.267215174,861.8244,-1.2400,8.0000,-134.8200,-0.3060,-0.6166,0.0163
2151983550,38.633667476,-0.267215534,861.8213,-1.0600,7.1100,-134.3600,-0.3068,-0.6255,0.0563
2152034574,38.633667365,-0.267215892,861.8153,-0.9600,7.0000,-133.7600,-0.3152,-0.6311,0.1296
2152075643,38.633667282,-0.267216176,861.8064,-0.9800,7.3200,-133.1900,-0.3200,-0.6353,0.2284
2152126668,38.633667171,-0.267216532,861.7903,-1.1000,8.0500,-132.2900,-0.3281,-0.6367,0.3323
2152177692,38.633667051,-0.267216891,861.7690,-1.2900,8.6600,-131.1700,-0.3369,-0.6360,0.4314
2152228717,38.633666927,-0.267217248,861.7432,-1.4900,9.0000,-129.9600,-0.3501,-0.6250,0.4981
2152279742,38.633666814,-0.267217592,861.7125,-1.5700,8.9300,-128.7500,-0.3517,-0.5902,0.5097
2152330767,38.633666695,-0.267217920,861.6825,-1.6200,8.9700,-127.4600,-0.3382,-0.5609,0.5043
2152381791,38.633666582,-0.267218225,861.6548,-1.6700,8.6300,-126.2000,-0.3162,-0.5163,0.4773
2152432816,38.633666468,-0.267218504,861.6284,-1.8100,8.4900,-125.0800,-0.3132,-0.4817,0.4865
2152473885,38.633666366,-0.267218695,861.6068,-1.8800,7.0300,-124.5200,-0.3054,-0.4420,0.4629
2152524909,38.633666239,-0.267218925,861.5806,-1.8800,4.7100,-124.2400,-0.3155,-0.4397,0.4919
2152575934,38.633666104,-0.267219145,861.5540,-1.9800,2.6600,-124.1500,-0.3327,-0.4035,0.4955
2152626959,38.633665951,-0.267219353,861.5257,-2.0600,0.8800,-124.2100,-0.3597,-0.3812,0.5506
2152677983,38.633665765,-0.267219559,861.4962,-2.1300,-0.4600,-124.3500,-0.3937,-0.3853,0.5836
2152729008,38.633665564,-0.267219781,861.4643,-2.0500,-2.0700,-124.6000,-0.4253,-0.4196,0.6269
2152780033,38.633665351,-0.267220030,861.4316,-1.8700,-2.8900,-125.0600,-0.4493,-0.4627,0.6385
2152831057,38.633665129,-0.267220304,861.3992,-1.7300,-2.7300,-125.7000,-0.4694,-0.5058,0.6256
2152872126,38.633664951,-0.267220556,861.3723,-1.5400,-2.5500,-126.3900,-0.4739,-0.5523,0.6122
2152923151,38.633664725,-0.267220897,861.3408,-1.3600,-1.8500,-127.3500,-0.4888,-0.6018,0.5707
2152974176,38.633664491,-0.267221260,861.3122,-1.3200,-1.6400,-128.2900,-0.5069,-0.6171,0.4804
2153025200,38.633664251,-0.267221627,861.2890,-1.4000,-0.9700,-129.1900,-0.5290,-0.6374,0.4184
2153076225,38.633664018,-0.267222026,861.2679,-1.2900,-1.7700,-129.8900,-0.5513,-0.6448,0.3374
2153127250,38.633663773,-0.267222418,861.2526,-1.1100,-3.0400,-130.3300,-0.5859,-0.6448,0.2683
2153178274,38.633663509,-0.267222808,861.2398,-1.0000,-4.1500,-130.5200,-0.6169,-0.6359,0.2285
2153229299,38.633663225,-0.267223196,861.2285,-1.0800,-3.6100,-130.6100,-0.6662,-0.6497,0.2275
2153270368,38.633662974,-0.267223521,861.2190,-1.1900,-3.1500,-130.7100,-0.6982,-0.6730,0.2428
2153321392,38.633662643,-0.267223943,861.2050,-1.3200,-2.5400,-130.8600,-0.7439,-0.7141,0.3136
2153372417,38.633662293,-0.267224383,861.1874,-1.3700,-1.5200,-130.9600,-0.7794,-0.7423,0.3803
2153423442,38.633661927,-0.267224835,861.1678,-1.4700,-0.4400,-130.8800,-0.8146,-0.7540,0.3941
2153474466,38.633661566,-0.267225289,861.1467,-1.6000,0.3700,-130.5700,-0.8261,-0.7610,0.3844
2153525491,38.633661202,-0.267225741,861.1274,-1.7800,1.5300,-130.0500,-0.8319,-0.7516,0.3350
2153576516,38.633660834,-0.267226190,861.1113,-2.0000,1.9600,-129.4800,-0.8221,-0.7480,0.2512
2153627612,38.633660466,-0.267226637,861.1002,-2.0300,1.7300,-129.2200,-0.8422,-0.7596,0.1839
2153668609,38.633660132,-0.267227007,861.0943,-2.2300,1.1000,-129.1100,-0.8605,-0.7446,0.1114
2153719634,38.633659712,-0.267227451,861.0913,-2.5600,0.0400,-129.2000,-0.8838,-0.7292,0.0462
2153770659,38.633659280,-0.267227891,861.0891,-2.7900,-1.1500,-129.5000,-0.9155,-0.7246,0.0628
2153821683,38.633658837,-0.267228329,861.0856,-2.9500,-1.3400,-130.0000,-0.9447,-0.7351,0.1084
2153872708,38.633658405,-0.267228780,861.0793,-2.9100,-1.6100,-130.6600,-0.9586,-0.7661,0.1626
2153923733,38.633657964,-0.267229247,861.0710,-2.8300,-1.6800,-131.5000,-0.9830,-0.7882,0.1862
2153974757,38.633657511,-0.267229722,861.0623,-2.8300,-1.0400,-132.5900,-1.0039,-0.7952,0.1795
2154025782,38.633657053,-0.267230192,861.0549,-2.7800,0.2100,-133.9500,-1.0107,-0.7854,0.1477
2154066851,38.633656689,-0.267230577,861.0489,-2.7200,1.0400,-135.0900,-1.0164,-0.7757,0.1046
2154117875,38.633656232,-0.267231045,861.0440,-2.5400,1.2000,-136.5300,-1.0201,-0.7581,0.0534
2154168900,38.633655778,-0.267231494,861.0420,-2.3000,0.6700,-137.9700,-1.0115,-0.7300,0.0155
2154219925,38.633655321,-0.267231931,861.0400,-2.0900,0.4400,-139.3000,-1.0186,-0.7123,0.0215
2154270949,38.633654882,-0.267232363,861.0396,-1.8700,-0.2000,-140.5400,-1.0007,-0.6880,0.0046
2154321974,38.633654448,-0.267232780,861.0387,-1.6100,-1.4900,-141.5900,-0.9782,-0.6719,0.0206
2154372999,38.633654022,-0.267233188,861.0371,-1.5300,-1.4200,-142.3700,-0.9619,-0.6686,0.0525
2154424024,38.633653597,-0.267233599,861.0333,-1.4900,-0.9300,-142.8500,-0.9604,-0.6847,0.0947
2154465092,38.633653287,-0.267233915,861.0274,-1.4300,-0.7200,-143.0500,-0.9642,-0.7015,0.1307
2154516117,38.633652892,-0.267234319,861.0185,-1.3600,-0.5100,-143.0800,-0.9671,-0.7126,0.1548
2154567142,38.633652491,-0.267234724,861.0097,-1.4000,0.1200,-142.8800,-0.9670,-0.7010,0.1394
2154618166,38.633652084,-0.267235119,861.0027,-1.6000,0.9400,-142.4400,-0.9685,-0.6795,0.1160
2154669191,38.633651676,-0.267235546,860.9966,-1.8000,1.4500,-141.9500,-0.9731,-0.6593,0.0907
2154720216,38.633651261,-0.267235955,860.9923,-2.0500,1.3100,-141.4000,-0.9635,-0.6366,0.0619
2154771240,38.633650853,-0.267236351,860.9900,-2.1900,0.9800,-140.9000,-0.9386,-0.6355,0.0581
2154822265,38.633650447,-0.267236753,860.9863,-2.1300,0.2500,-140.4400,-0.9198,-0.6565,0.0817
2154863334,38.633650127,-0.267237093,860.9846,-1.8700,-0.7100,-140.1600,-0.8920,-0.6630,0.0594
2154914359,38.633649735,-0.267237517,860.9826,-1.5200,-2.3000,-139.8700,-0.8742,-0.6670,0.0725
2154965383,38.633649348,-0.267237934,860.9797,-1.2200,-2.6000,-139.7000,-0.8689,-0.6677,0.1045
2155016408,38.633648959,-0.267238355,860.9748,-0.9100,-2.4100,-139.6900,-0.8689,-0.6837,0.1507
2155067433,38.633648585,-0.267238790,860.9686,-0.6100,-2.1600,-139.9300,-0.8799,-0.7000,0.1943
2155118457,38.633648210,-0.267239230,860.9611,-0.4200,-1.5700,-140.4500,-0.8755,-0.7109,0.2079
2155169482,38.633647837,-0.267239670,860.9544,-0.3400,-0.9300,-141.3100,-0.8484,-0.7064,0.1594
2155220507,38.633647477,-0.267240099,860.9498,-0.3600,0.1400,-142.3900,-0.8152,-0.6895,0.1243
2155261575,38.633647224,-0.267240414,860.9457,-0.4400,1.1100,-143.3100,-0.8145,-0.6857,0.1099
2155312600,38.633646911,-0.267240803,860.9423,-0.4400,1.3000,-144.5200,-0.7856,-0.6727,0.0672
2155363625,38.633646594,-0.267241185,860.9392,-0.4800,0.4800,-145.7200,-0.7879,-0.6589,0.0816
2155414649,38.633646277,-0.267241551,860.9369,-0.6300,-0.2600,-146.8300,-0.7681,-0.6255,0.0644
2155465674,38.633645987,-0.267241853,860.9347,-0.6200,-2.1600,-147.8600,-0.7326,-0.5896,0.0508
2155516699,38.633645710,-0.267242124,860.9327,-0.5600,-3.5800,-148.6000,-0.7035,-0.5434,0.0549
2155567724,38.633645437,-0.267242378,860.9303,-0.6000,-3.7700,-149.0300,-0.6878,-0.5090,0.0711
2155618748,38.633645158,-0.267242623,860.9265,-0.7300,-3.7200,-149.2300,-0.6939,-0.4868,0.0945
2155659817,38.633644939,-0.267242783,860.9232,-0.9200,-3.5800,-149.2000,-0.6933,-0.4644,0.0987
2155710842,38.633644662,-0.267242975,860.9187,-1.1300,-3.4400,-148.9600,-0.6864,-0.4389,0.1005
2155761866,38.633644384,-0.267243160,860.9148,-1.2900,-2.9400,-148.6100,-0.6788,-0.4091,0.0893
2155812891,38.633644097,-0.267243337,860.9104,-1.5200,-2.6600,-148.2100,-0.6924,-0.3840,0.0944
2155863916,38.633643799,-0.267243509,860.9099,-1.8100,-3.0600,-147.9700,-0.6977,-0.3540,0.0680
2155914940,38.633643488,-0.267243677,860.9084,-2.1300,-3.4700,-148.0000,-0.7180,-0.3376,0.1161
2155965965,38.633643171,-0.267243838,860.9048,-2.3900,-3.6100,-148.3900,-0.7241,-0.3223,0.1309
2156016990,38.633642846,-0.267243994,860.9002,-2.7600,-4.2700,-149.0800,-0.7334,-0.3007,0.1427
2156058059,38.633642563,-0.267244125,860.8948,-3.1800,-4.5100,-149.8200,-0.7377,-0.2843,0.1813
2156109083,38.633642203,-0.267244283,860.8855,-3.7800,-4.3300,-150.9300,-0.7397,-0.2708,0.2269
2156160108,38.633641842,-0.267244440,860.8732,-4.3800,-4.0200,-152.2600,-0.7561,-0.2727,0.3032
2156211133,38.633641476,-0.267244596,860.8577,-4.9500,-3.9200,-153.7800,-0.7657,-0.2724,0.3494
2156262157,38.633641102,-0.267244759,860.8383,-5.5500,-3.6100,-155.6400,-0.7781,-0.2905,0.4058
2156313182,38.633640724,-0.267244927,860.8173,-6.2700,-3.0500,-157.8900,-0.7886,-0.2902,0.4189
2156364207,38.633640342,-0.267245093,860.7950,-7.1300,-2.1700,-160.5600,-0.8063,-0.2827,0.4737
2156415232,38.633639951,-0.267245249,860.7697,-8.0900,-1.1300,-163.5600,-0.8294,-0.2523,0.5184
2156456300,38.633639629,-0.267245359,860.7474,-8.9200,-0.5100,-166.1900,-0.8555,-0.2171,0.5372
2156507325,38.633639218,-0.267245459,860.7203,-9.8700,-0.7300,-169.6200,-0.8712,-0.1262,0.4622
2156558350,38.633638808,-0.267245501,860.6995,-10.7000,-0.4600,-173.2100,-0.8838,-0.0278,0.3558
2156609374,38.633638380,-0.267245480,860.6833,-11.3700,-0.9800,-176.6500,-0.9207,0.0994,0.2425
2156660399,38.633637939,-0.267245344,860.6718,-11.6900,-2.8800,-179.7200,-0.9424,0.2165,0.1712
2156711424,38.633637479,-0.267245143,860.6605,-11.5900,-5.5100,177.5000,-0.9779,0.3200,0.1748
2156762448,38.633637006,-0.267244891,860.6493,-11.2100,-6.4100,174.5000,-1.0197,0.4071,0.2038
2156813473,38.633636517,-0.267244591,860.6370,-10.6300,-6.8300,171.4800,-1.0585,0.4912,0.2173
2156854542,38.633636117,-0.267244291,860.6273,-10.2200,-6.9300,169.0200,-1.0885,0.5603,0.2109
2156905567,38.633635610,-0.267243871,860.6174,-9.9000,-6.5800,166.0400,-1.1123,0.6441,0.1391
2156956591,38.633635093,-0.267243411,860.6123,-9.8000,-5.9800,163.3600,-1.1303,0.7189,0.0266
2157007616,38.633634572,-0.267242919,860.6138,-9.8200,-4.9400,161.0000,-1.1434,0.7748,-0.0827
2157058641,38.633634037,-0.267242401,860.6212,-10.0900,-3.7900,159.0300,-1.1647,0.8268,-0.1825
2157109665,38.633633477,-0.267241857,860.6326,-10.4600,-4.3700,157.6100,-1.2134,0.8674,-0.2465
2157160690,38.633632909,-0.267241298,860.6471,-10.5500,-4.9400,155.9500,-1.2341,0.9093,-0.2482
2157211715,38.633632335,-0.267240719,860.6593,-10.6900,-4.1800,154.1100,-1.2364,0.9420,-0.2238
2157252783,38.633631875,-0.267240248,860.6677,-10.5300,-3.2100,152.4800,-1.2485,0.9559,-0.1848
2157303808,38.633631301,-0.267239647,860.6749,-10.1900,-3.1700,150.7100,-1.2424,1.0063,-0.1222
2157354833,38.633630731,-0.267239024,860.6786,-10.0000,-2.9500,148.9800,-1.2372,1.0408,-0.0491
2157405857,38.633630167,-0.267238383,860.6789,-9.9700,-2.0700,147.2100,-1.2297,1.0773,0.0240
2157456882,38.633629595,-0.267237752,860.6734,-10.0100,-1.2900,145.5000,-1.2253,1.1145,0.0855
2157507907,38.633629027,-0.267237101,860.6655,-10.0900,-0.8000,143.8000,-1.2177,1.1642,0.1316
2157558932,38.633628467,-0.267236416,860.6574,-10.2800,-0.2300,141.9800,-1.1955,1.2219,0.1373
2157609956,38.633627921,-0.267235702,860.6503,-10.4000,0.3400,140.0100,-1.1595,1.2582,0.1045
2157651025,38.633627490,-0.267235124,860.6449,-10.4300,0.8500,138.3700,-1.1244,1.2802,0.0696
2157702050,38.633626975,-0.267234392,860.6393,-10.1500,0.7600,136.4700,-1.0585,1.3113,0.0409
2157753074,38.633626499,-0.267233641,860.6378,-9.5300,-0.3600,134.5400,-0.9890,1.3421,-0.0363
2157804099,38.633626047,-0.267232868,860.6381,-8.9700,-1.2400,132.6100,-0.9326,1.3692,-0.0452
2157855124,38.633625627,-0.267232103,860.6402,-8.5000,-1.1900,130.4100,-0.8841,1.4004,-0.0408
2157906148,38.633625227,-0.267231326,860.6405,-8.0900,-1.4900,128.2500,-0.8411,1.4368,0.0250
2157957173,38.633624842,-0.267230524,860.6377,-7.7300,-1.5800,126.1200,-0.8260,1.4679,0.1001
2158008198,38.633624464,-0.267229697,860.6315,-7.5000,-1.4900,124.1800,-0.8172,1.4933,0.1535
2158049267,38.633624148,-0.267229041,860.6265,-7.2700,-1.2100,122.8100,-0.8189,1.5069,0.1646
2158100291,38.633623753,-0.267228220,860.6208,-6.9300,-0.7500,121.5000,-0.8087,1.5112,0.1291
2158151316,38.633623371,-0.267227389,860.6179,-6.6900,0.2300,120.6800,-0.7849,1.5113,0.0762
2158202341,38.633622999,-0.267226554,860.6181,-6.4700,0.6900,120.3200,-0.7754,1.5014,-0.0053
2158253365,38.633622610,-0.267225771,860.6242,-6.5900,1.0700,120.2500,-0.7760,1.4857,-0.0699
2158304390,38.633622209,-0.267225011,860.6329,-6.6900,0.3200,120.5600,-0.7823,1.4700,-0.1025
2158355415,38.633621808,-0.267224244,860.6416,-6.2600,-0.8100,120.6300,-0.8048,1.4720,-0.0641
2158406440,38.633621411,-0.267223468,860.6478,-5.7300,-1.4800,120.5000,-0.7849,1.4554,-0.0568
2158447508,38.633621086,-0.267222875,860.6525,-5.3700,-1.7300,120.2900,-0.7843,1.4562,-0.0230
2158498533,38.633620684,-0.267222132,860.6550,-5.0000,-2.1100,119.9800,-0.7786,1.4702,0.0589
2158549558,38.633620286,-0.267221362,860.6522,-4.5700,-1.9600,119.5500,-0.7838,1.4947,0.1693
2158600582,38.633619894,-0.267220564,860.6446,-3.9000,-1.8900,119.0400,-0.7821,1.5194,0.2232
2158651607,38.633619480,-0.267219763,860.6348,-3.2200,-1.5300,118.4100,-0.7815,1.5499,0.2167
2158702632,38.633619059,-0.267218950,860.6266,-2.6000,-0.5000,117.5100,-0.7767,1.5603,0.1439
2158753657,38.633618653,-0.267218122,860.6229,-2.1100,0.6000,116.4500,-0.7513,1.5585,0.0375
2158804681,38.633618268,-0.267217276,860.6244,-1.7100,1.3400,115.4300,-0.7232,1.5791,-0.0329
2158845750,38.633617965,-0.267216590,860.6288,-1.1800,0.2400,114.5800,-0.6900,1.5832,-0.1161
2158896775,38.633617603,-0.267215741,860.6390,-0.4200,-0.3500,113.6100,-0.6550,1.5963,-0.1557
2158947799,38.633617270,-0.267214869,860.6493,0.1500,-0.3700,112.8400,-0.5914,1.6019,-0.1764
2158998824,38.633616964,-0.267213983,860.6600,0.8400,-0.2900,112.0900,-0.5730,1.6277,-0.1383
2159049849,38.633616677,-0.267213094,860.6669,1.6800,-0.7200,111.3800,-0.5497,1.6484,-0.0652
2159100874,38.633616401,-0.267212199,860.6696,2.6000,-0.3500,110.7300,-0.5558,1.6718,0.0102
2159151898,38.633616126,-0.267211278,860.6692,3.5600,0.3000,110.1400,-0.5662,1.6914,0.0466
2159202923,38.633615847,-0.267210333,860.6675,4.4700,1.2000,109.7300,-0.5796,1.7192,0.0518
2159243992,38.633615616,-0.267209572,860.6654,5.1000,2.3500,109.6700,-0.5821,1.7172,0.0025
2159295016,38.633615327,-0.267208637,860.6639,5.7300,3.7400,109.8700,-0.5742,1.7014,-0.0698
2159346041,38.633615041,-0.267207700,860.6678,6.4600,4.6500,110.2000,-0.5844,1.6923,-0.1627
2159397066,38.633614755,-0.267206767,860.6762,7.1900,4.6600,110.7400,-0.5917,1.6640,-0.2426
2159448091,38.633614459,-0.267205867,860.6897,8.1000,4.4000,111.4100,-0.6222,1.6353,-0.2996
2159499115,38.633614150,-0.267205009,860.7048,9.0000,3.9900,112.0600,-0.6339,1.5865,-0.3021
2159550140,38.633613837,-0.267204181,860.7214,9.7700,3.9400,112.8400,-0.6599,1.5241,-0.2992
2159601165,38.633613513,-0.267203361,860.7353,10.5900,3.0800,113.5600,-0.6937,1.4954,-0.2196
2159642233,38.633613227,-0.267202725,860.7444,11.4300,2.8900,114.2400,-0.7446,1.4777,-0.1335
2159693258,38.633612834,-0.267201956,860.7513,12.6500,2.7600,115.0200,-0.8061,1.4553,-0.0409
2159744283,38.633612420,-0.267201190,860.7543,13.9300,3.2400,115.9000,-0.8652,1.4260,0.0298
2159795308,38.633611984,-0.267200437,860.7553,15.1300,4.0700,116.8500,-0.9183,1.3762,0.0477
2159846332,38.633611505,-0.267199702,860.7540,16.1600,5.0000,117.8000,-0.9760,1.3476,0.0607
2159897357,38.633610990,-0.267198990,860.7536,16.7800,5.7200,118.6300,-1.0413,1.2819,0.0091
2159948382,38.633610459,-0.267198297,860.7552,16.9300,5.9100,119.3100,-1.0728,1.2392,-0.0141
2159999406,38.633609925,-0.267197622,860.7575,17.1000,5.4500,119.7900,-1.0987,1.2172,-0.0298
2160040475,38.633609482,-0.267197091,860.7607,17.1700,5.1500,120.3700,-1.1342,1.1798,-0.0461
2160091500,38.633608913,-0.267196465,860.7643,17.0700,4.1300,121.0000,-1.1576,1.1405,-0.0141
2160142525,38.633608339,-0.267195868,860.7685,16.8300,3.0700,122.0200,-1.1792,1.0713,-0.0118
2160193549,38.633607758,-0.267195294,860.7701,16.5900,1.7900,123.2300,-1.2233,1.0233,0.0582
2160244574,38.633607150,-0.267194766,860.7683,16.4100,1.5200,124.8000,-1.2891,0.9900,0.1490
2160295599,38.633606511,-0.267194293,860.7636,15.9400,2.0900,126.6100,-1.3573,0.9550,0.2130
2160346624,38.633605846,-0.267193821,860.7556,15.1400,2.4400,128.4100,-1.4185,0.9281,0.2408
2160397648,38.633605160,-0.267193358,860.7473,14.2100,2.3600,130.2400,-1.4730,0.8894,0.2267
2160438717,38.633604587,-0.267193003,860.7408,13.4100,1.9200,131.7300,-1.5049,0.8724,0.2029
2160489742,38.633603859,-0.267192589,860.7348,12.4300,0.9700,133.5500,-1.5381,0.8174,0.1241
2160540766,38.633603123,-0.267192198,860.7322,11.1800,-0.4300,135.4400,-1.5565,0.7571,0.0430
2160591791,38.633602379,-0.267191833,860.7341,9.6600,-1.3100,137.4200,-1.5991,0.6986,-0.0343
2160642816,38.633601634,-0.267191503,860.7389,7.8900,-2.0800,139.2600,-1.6153,0.6493,-0.0713
2160693840,38.633600901,-0.267191216,860.7475,6.1100,-2.6000,140.9500,-1.6365,0.6165,-0.1028
2160744865,38.633600157,-0.267190932,860.7559,4.4000,-3.1600,142.4600,-1.6563,0.5918,-0.1028
2160795890,38.633599401,-0.267190648,860.7631,2.7400,-2.8800,143.7000,-1.6925,0.5727,-0.0694
2160836959,38.633598783,-0.267190420,860.7679,1.4600,-2.4500,144.4400,-1.7043,0.5680,-0.0603
2160887983,38.633598011,-0.267190130,860.7735,-0.0700,-1.7700,145.0500,-1.7164,0.5703,-0.0802
2160939008,38.633597236,-0.267189827,860.7816,-1.7000,-0.8800,145.3800,-1.7094,0.5843,-0.1601
2160990033,38.633596465,-0.267189507,860.7940,-3.4700,0.1500,145.3700,-1.6960,0.6051,-0.2528
2161041057,38.633595715,-0.267189165,860.8117,-5.3900,1.1300,145.0100,-1.6490,0.6336,-0.3502
2161092082,38.633595001,-0.267188797,860.8344,-7.2600,1.7800,144.4400,-1.5854,0.6714,-0.4172
2161143107,38.633594314,-0.267188397,860.8607,-8.9000,1.6800,143.6900,-1.5302,0.7220,-0.4934
2161194132,38.633593645,-0.267187963,860.8875,-10.2900,1.3200,142.8500,-1.4735,0.7732,-0.4856
2161235200,38.633593127,-0.267187574,860.9114,-11.1800,1.2600,141.9400,-1.4365,0.8266,-0.4857
2161286225,38.633592498,-0.267187034,860.9416,-12.1200,0.8400,140.6700,-1.3923,0.9023,-0.4545
2161337250,38.633591885,-0.267186451,860.9693,-13.0300,0.8100,139.1700,-1.3676,0.9845,-0.4204
2161388274,38.633591286,-0.267185820,860.9948,-13.9700,1.0400,137.5900,-1.3136,1.0698,-0.3984
2161439299,38.633590728,-0.267185119,861.0170,-14.8700,1.4000,136.0500,-1.2495,1.1460,-0.3765
2161490324,38.633590226,-0.267184337,861.0374,-15.7300,1.8100,134.6800,-1.1559,1.2304,-0.3854
2161541349,38.633589763,-0.267183521,861.0584,-16.5400,2.0600,133.4200,-1.0476,1.3035,-0.3964
2161592373,38.633589343,-0.267182678,861.0785,-17.0500,1.7400,132.3800,-0.9562,1.3386,-0.3820
2161633442,38.633589036,-0.267181976,861.0945,-17.2700,1.9300,131.6600,-0.9061,1.3749,-0.3793
2161684467,38.633588672,-0.267181063,861.1124,-17.3600,1.6800,130.9200,-0.8798,1.4254,-0.3345
2161735491,38.633588320,-0.267180140,861.1280,-17.2300,1.3700,129.8600,-0.8393,1.4595,-0.2711
2161786516,38.633587983,-0.267179205,861.1398,-17.2700,1.4700,128.7500,-0.7845,1.4934,-0.1894
2161837541,38.633587671,-0.267178257,861.1451,-16.9500,1.0000,127.4700,-0.7330,1.5222,-0.0618
2161888566,38.633587376,-0.267177284,861.1425,-16.5100,0.6500,126.1000,-0.6803,1.5669,0.0652
2161939590,38.633587105,-0.267176298,861.1341,-16.0000,0.4900,124.6400,-0.6231,1.6046,0.1759
2161990615,38.633586854,-0.267175296,861.1206,-15.5900,0.7800,123.0900,-0.5717,1.6403,0.2923
2162031684,38.633586670,-0.267174461,861.1049,-15.1700,1.0800,121.7900,-0.5430,1.6760,0.3515
2162082708,38.633586456,-0.267173393,861.0810,-14.4200,0.9300,120.2200,-0.5217,1.7074,0.4122
2162133733,38.633586250,-0.267172315,861.0566,-13.4200,0.5800,118.5700,-0.4895,1.7461,0.4294
2162184758,38.633586061,-0.267171227,861.0336,-12.0700,-0.5800,117.0800,-0.4222,1.7710,0.3511
2162235783,38.633585903,-0.267170129,861.0138,-10.6700,-1.1000,115.6900,-0.3262,1.7753,0.3221
2162286807,38.633585769,-0.267169028,860.9968,-9.0600,-1.8000,114.1500,-0.2973,1.7823,0.2318
2162337832,38.633585641,-0.267167924,860.9828,-7.7500,-1.9300,112.7400,-0.2591,1.7958,0.1977
2162388857,38.633585544,-0.267166828,860.9713,-6.6500,-1.2800,111.3100,-0.1749,1.7930,0.2016
2162429925,38.633585500,-0.267165949,860.9603,-5.7600,-1.2400,110.3000,-0.1278,1.8021,0.2348
2162480950,38.633585516,-0.267164862,860.9439,-4.6200,-1.0000,109.1200,-0.0527,1.8100,0.2835
2162531975,38.633585547,-0.267163768,860.9263,-3.4200,-1.5300,108.1600,-0.0202,1.8282,0.2936
2162583000,38.633585585,-0.267162674,860.9096,-2.0600,-1.6800,107.2000,0.0072,1.8294,0.2806
2162634024,38.633585612,-0.267161591,860.8966,-0.7500,-0.9100,106.4400,0.0185,1.8215,0.1911
2162685049,38.633585613,-0.267160526,860.8883,0.7500,-0.2400,105.8700,0.0034,1.7964,0.0956
2162736074,38.633585611,-0.267159479,860.8861,2.3700,0.4300,105.7200,-0.0072,1.7632,-0.0207
2162787099,38.633585590,-0.267158463,860.8902,4.0400,1.2300,105.9000,-0.0646,1.6958,-0.1295
2162828167,38.633585562,-0.267157662,860.8973,5.4800,1.0700,106.1700,-0.1123,1.6759,-0.2030
2162879192,38.633585518,-0.267156676,860.9116,7.5200,1.0300,106.5300,-0.1933,1.6460,-0.2308
2162930217,38.633585434,-0.267155717,860.9270,9.3900,0.3700,106.9500,-0.2692,1.5804,-0.2879
2162981241,38.633585306,-0.267154792,860.9439,11.1200,-0.2700,107.4300,-0.3628,1.5476,-0.2804
2163032266,38.633585132,-0.267153895,860.9602,12.9400,-0.4900,108.0900,-0.4446,1.5241,-0.2551
2163083291,38.633584899,-0.267153048,860.9753,14.6100,0.1200,108.9800,-0.5517,1.5211,-0.2416
2163134316,38.633584617,-0.267152196,860.9889,16.1100,1.2200,109.9600,-0.6565,1.5117,-0.2120
2163185340,38.633584283,-0.267151353,861.0016,17.4500,2.5000,110.8700,-0.7810,1.4727,-0.2098
2163226409,38.633583958,-0.267150689,861.0112,18.4500,3.5900,111.5300,-0.8926,1.4553,-0.2077
2163277434,38.633583457,-0.267149885,861.0219,19.6100,4.4100,111.9800,-1.0276,1.4077,-0.2297
2163328458,38.633582917,-0.267149106,861.0343,20.5100,4.8600,112.3100,-1.1013,1.3556,-0.2452
2163379483,38.633582353,-0.267148364,861.0471,21.2900,5.2700,112.6600,-1.1621,1.2803,-0.2547
2163430508,38.633581761,-0.267147644,861.0608,21.4700,6.3000,113.7700,-1.2121,1.2678,-0.2813
2163481533,38.633581114,-0.267146945,861.0696,21.0900,6.7600,114.7800,-1.2704,1.2404,-0.2136
2163532557,38.633580456,-0.267146260,861.0756,20.4100,6.6700,115.9300,-1.3063,1.2194,-0.1245
2163583582,38.633579786,-0.267145574,861.0766,19.7000,5.8500,116.7800,-1.3648,1.2097,-0.0038
2163624651,38.633579234,-0.267145030,861.0724,19.0800,5.6300,117.6600,-1.4153,1.2000,0.0902
2163675675,38.633578541,-0.267144372,861.0594,18.2200,5.8300,119.0100,-1.4649,1.1855,0.1957
2163726700,38.633577833,-0.267143720,861.0431,17.2800,6.4400,120.5400,-1.5023,1.1633,0.2588
2163777725,38.633577110,-0.267143068,861.0251,16.1300,6.8900,122.0800,-1.5421,1.1541,0.2826
2163828750,38.633576384,-0.267142427,861.0076,14.6600,7.0500,123.6000,-1.5687,1.1195,0.2447
2163879774,38.633575669,-0.267141795,860.9878,13.0200,6.3300,124.7700,-1.5903,1.0477,0.2037
2163930799,38.633574950,-0.267141203,860.9723,11.1000,5.1000,125.8000,-1.5977,1.0013,0.1263
2163981824,38.633574228,-0.267140637,860.9623,9.0500,4.2400,126.9200,-1.5930,0.9548,0.0752
2164022892,38.633573648,-0.267140204,860.9564,7.2900,2.9300,127.6800,-1.5854,0.8972,0.0308
2164073917,38.633572923,-0.267139748,860.9569,5.2100,1.6300,128.6100,-1.6099,0.8677,0.0319
2164124942,38.633572185,-0.267139297,860.9560,3.3000,0.7400,129.3700,-1.6354,0.8520,0.0632
2164175967,38.633571439,-0.267138844,860.9544,1.5500,0.3900,130.0000,-1.6357,0.8468,0.0401
2164226991,38.633570690,-0.267138388,860.9536,-0.1400,0.6500,130.5000,-1.6497,0.8417,0.0344
2164278016,38.633569945,-0.267137880,860.9518,-1.9200,1.4400,130.7700,-1.6193,0.8465,-0.0388
2164329041,38.633569212,-0.267137365,860.9540,-3.7300,1.6600,130.8000,-1.5885,0.8660,-0.1198
2164380066,38.633568497,-0.267136842,860.9618,-5.2900,1.5900,130.5100,-1.5456,0.8818,-0.2265
2164421134,38.633567942,-0.267136410,860.9726,-6.4800,1.9000,130.1600,-1.4820,0.9197,-0.3162
2164472159,38.633567282,-0.267135788,860.9931,-7.6500,2.5400,129.5000,-1.4198,0.9713,-0.4081
2164523184,38.633566648,-0.267135138,861.0179,-8.6800,2.5800,128.6700,-1.3629,1.0358,-0.4849
2164574208,38.633566044,-0.267134460,861.0444,-9.8100,2.6700,127.8300,-1.2897,1.0948,-0.4844
2164625233,38.633565472,-0.267133744,861.0717,-10.9900,2.4700,126.9100,-1.2192,1.1517,-0.4754
2164676258,38.633564929,-0.267132948,861.1002,-11.9900,1.6400,125.9600,-1.1676,1.2226,-0.4100
2164727283,38.633564409,-0.267132124,861.1252,-12.9100,1.2800,124.9100,-1.1204,1.2992,-0.3582
2164778307,38.633563911,-0.267131271,861.1477,-13.8600,1.6200,123.7300,-1.0590,1.3549,-0.3382
2164819376,38.633563532,-0.267130571,861.1643,-14.7300,2.4400,122.7000,-1.0075,1.3838,-0.3066
2164870401,38.633563092,-0.267129650,861.1807,-15.7200,3.2900,121.5200,-0.9392,1.4139,-0.3077
2164921425,38.633562682,-0.267128730,861.1968,-16.5100,3.4600,120.6900,-0.8705,1.4223,-0.2961
2164972450,38.633562304,-0.267127817,861.2119,-16.9500,3.3400,120.2400,-0.8000,1.4289,-0.2727
2165023475,38.633561950,-0.267126900,861.2261,-17.0100,3.0600,120.0400,-0.7774,1.4803,-0.2431
2165074500,38.633561639,-0.267125923,861.2390,-16.8000,2.2600,119.5700,-0.7155,1.5037,-0.2191
2165125524,38.633561350,-0.267124942,861.2500,-16.8900,2.5600,118.9600,-0.6666,1.5299,-0.1532
2165176549,38.633561082,-0.267123969,861.2579,-16.6800,2.1600,118.2700,-0.6195,1.5330,-0.0854
2165217618,38.633560877,-0.267123188,861.2611,-16.3800,1.4600,117.7400,-0.5809,1.5467,-0.0066
2165268643,38.633560633,-0.267122190,861.2599,-15.9400,0.9100,116.7500,-0.5314,1.5626,0.0681
2165319667,38.633560406,-0.267121189,861.2555,-15.5900,0.9900,115.4500,-0.4924,1.5919,0.1343
2165370692,38.633560194,-0.267120182,861.2477,-15.2700,1.5300,113.8900,-0.4647,1.6275,0.2145
2165421717,38.633559993,-0.267119166,861.2376,-14.8200,1.9000,112.2600,-0.4492,1.6494,0.2534
2165472741,38.633559796,-0.267118118,861.2236,-14.0900,1.6500,110.6800,-0.4266,1.6710,0.2839
2165523766,38.633559612,-0.267117069,861.2101,-13.1300,1.1400,109.1500,-0.4001,1.7041,0.2478
2165574791,38.633559443,-0.267116015,861.1987,-12.1100,0.5900,107.6400,-0.3450,1.7071,0.2316
2165615860,38.633559328,-0.267115168,861.1910,-11.1600,-0.5400,106.4200,-0.2977,1.7258,0.1719
2165666884,38.633559184,-0.267114115,861.1858,-10.0800,-1.6800,104.8500,-0.2441,1.7258,0.1529
2165717909,38.633559070,-0.267113070,861.1822,-9.1800,-2.4600,103.3200,-0.1637,1.7257,0.1138
2165768934,38.633558990,-0.267112028,861.1788,-8.4400,-2.7800,101.7600,-0.0944,1.7302,0.1449
2165819959,38.633558944,-0.267110985,861.1719,-7.6300,-2.8300,100.1400,-0.0352,1.7474,0.2083
2165870983,38.633558973,-0.267109903,861.1659,-6.7800,-2.6200,98.5600,0.0306,1.7561,0.2486
2165922008,38.633559030,-0.267108825,861.1573,-5.8600,-2.3900,97.1700,0.1036,1.7610,0.2609
2165973033,38.633559114,-0.267107756,861.1486,-4.7300,-2.0600,96.1300,0.1667,1.7523,0.2255
2166014101,38.633559197,-0.267106905,861.1437,-3.6800,-1.8400,95.5400,0.1867,1.7366,0.1545
2166065126,38.633559301,-0.267105885,861.1411,-2.1700,-1.5000,95.1500,0.1824,1.6914,0.0656
2166116151,38.633559400,-0.267104918,861.1434,-0.4900,-0.9900,95.1900,0.1707,1.6102,-0.0254
2166167176,38.633559487,-0.267103983,861.1493,1.3900,-1.7700,95.3900,0.1329,1.5740,-0.1360
2166218200,38.633559551,-0.267103071,861.1595,2.9300,-1.5500,95.7400,0.0948,1.5518,-0.1754
2166269225,38.633559603,-0.267102188,861.1711,4.2100,-1.3400,96.2500,0.0622,1.5087,-0.2123
2166320250,38.633559641,-0.267101326,861.1829,5.6200,-1.6100,96.7500,0.0558,1.4935,-0.1791
2166371275,38.633559676,-0.267100471,861.1930,7.0500,-2.0100,97.3500,0.0417,1.4811,-0.1671
2166412343,38.633559694,-0.267099777,861.2002,8.0500,-1.7600,97.8600,0.0139,1.5138,-0.1314
2166463368,38.633559697,-0.267098878,861.2088,9.1100,-1.1300,98.4700,-0.0257,1.5385,-0.1202
2166514393,38.633559678,-0.267097961,861.2163,10.0200,-0.0900,99.1100,-0.0734,1.5646,-0.0914
2166565418,38.633559634,-0.267097044,861.2236,10.9100,1.1900,99.7600,-0.1348,1.5453,-0.1281
2166616442,38.633559555,-0.267096140,861.2324,11.8100,2.3300,100.5400,-0.2145,1.5181,-0.1619
2166667467,38.633559418,-0.267095211,861.2448,12.8200,3.5500,101.5200,-0.2825,1.4846,-0.1909
2166718492,38.633559257,-0.267094311,861.2577,14.0200,4.2900,102.4100,-0.3309,1.4324,-0.2176
2166769517,38.633559075,-0.267093430,861.2728,14.9000,4.4700,103.2100,-0.3803,1.4501,-0.3030
2166810585,38.633558915,-0.267092721,861.2869,15.4000,4.7000,103.7900,-0.4209,1.4452,-0.3013
2166861610,38.633558698,-0.267091830,861.3050,15.8100,3.8700,104.1000,-0.4765,1.4154,-0.3164
2166912635,38.633558466,-0.267090965,861.3235,15.8500,3.4000,104.6500,-0.5066,1.3864,-0.2925
2166963659,38.633558210,-0.267090120,861.3395,15.8600,3.0200,105.1400,-0.5837,1.3608,-0.2439
2167014684,38.633557925,-0.267089287,861.3520,15.9300,3.3100,105.7900,-0.6331,1.3589,-0.1793
2167065709,38.633557607,-0.267088450,861.3625,16.0300,4.3900,106.7300,-0.6937,1.3508,-0.1028
2167116734,38.633557263,-0.267087617,861.3692,16.1000,5.6200,107.8000,-0.7492,1.3567,-0.0477
2167167758,38.633556893,-0.267086784,861.3734,16.0900,6.8200,109.0500,-0.8048,1.3610,-0.0149
2167208827,38.633556582,-0.267086121,861.3756,16.0700,7.1600,110.0200,-0.8384,1.3426,-0.0141
2167259852,38.633556158,-0.267085314,861.3763,15.9600,7.2000,111.2900,-0.8973,1.3084,-0.0270
2167310877,38.633555709,-0.267084542,861.3770,15.5600,7.2600,112.8700,-0.9474,1.2465,-0.0276
2167361901,38.633555235,-0.267083793,861.3786,14.7300,6.7900,114.3600,-1.0127,1.2303,-0.0588
2167412926,38.633554743,-0.267083065,861.3794,13.7000,6.2900,115.8600,-1.0456,1.1917,0.0081
2167463951,38.633554202,-0.267082435,861.3802,12.4800,5.3900,117.3900,-1.0851,1.1044,0.0095
2167514976,38.633553644,-0.267081837,861.3791,11.0800,3.8500,118.8100,-1.1471,1.0575,0.0741
2167566000,38.633553063,-0.267081262,861.3744,9.7200,2.7300,120.1400,-1.2127,1.0268,0.1461
2167607069,38.633552579,-0.267080807,861.3683,8.6400,2.2300,121.1800,-1.2533,1.0084,0.1755
2167658094,38.633551968,-0.267080258,861.3567,7.3500,2.2600,122.4000,-1.3093,0.9878,0.2218
2167709118,38.633551341,-0.267079724,861.3440,6.1200,2.4300,123.4500,-1.3471,0.9538,0.2094
2167760143,38.633550700,-0.267079207,861.3340,4.6500,2.6600,124.2600,-1.3814,0.9147,0.1328
2167811168,38.633550052,-0.267078711,861.3287,2.8600,2.8700,124.8200,-1.3808,0.8701,0.0260
2167862193,38.633549406,-0.267078235,861.3293,0.9900,3.1300,125.2300,-1.3637,0.8400,-0.0895
2167913217,38.633548773,-0.267077778,861.3357,-0.9900,2.2500,125.4300,-1.3260,0.8068,-0.2133
2167964242,38.633548160,-0.267077324,861.3485,-3.0300,1.5300,125.4800,-1.2957,0.8173,-0.2938
2168005311,38.633547681,-0.267076949,861.3603,-4.6200,1.0000,125.5200,-1.2495,0.8351,-0.3233
2168056336,38.633547146,-0.267076453,861.3817,-6.3700,0.9300,125.5000,-1.1859,0.8685,-0.3590
2168107360,38.633546643,-0.267075923,861.4036,-7.8100,0.2000,125.5300,-1.1300,0.9221,-0.3409
2168158385,38.633546156,-0.267075361,861.4239,-8.9800,-0.3500,125.4400,-1.1049,0.9844,-0.3191
2168209410,38.633545683,-0.267074760,861.4421,-9.9300,-0.7800,125.2400,-1.0596,1.0542,-0.3033
2168260434,38.633545224,-0.267074093,861.4596,-10.4000,-0.6500,124.8200,-1.0274,1.1164,-0.3151
2168311459,38.633544776,-0.267073387,861.4767,-10.7000,0.2100,124.3100,-0.9844,1.1711,-0.3377
2168362484,38.633544356,-0.267072656,861.4958,-11.0300,1.5000,123.8200,-0.9144,1.2191,-0.3899
2168403553,38.633544040,-0.267072054,861.5131,-11.4900,2.4000,123.6100,-0.8543,1.2383,-0.4405
2168454577,38.633543678,-0.267071291,861.5369,-12.1200,3.2300,123.5700,-0.7863,1.2376,-0.4603
2168505602,38.633543330,-0.267070520,861.5606,-12.5000,3.7600,123.7200,-0.7827,1.2789,-0.4328
2168556627,38.633542995,-0.267069730,861.5829,-12.7500,3.5200,123.7500,-0.7274,1.3068,-0.4147
2168607652,38.633542680,-0.267068926,861.6024,-13.1000,3.3900,123.7800,-0.6816,1.3299,-0.3307
2168658676,38.633542388,-0.267068110,861.6189,-13.4000,3.2000,123.7900,-0.6309,1.3374,-0.2474
2168709701,38.633542114,-0.267067287,861.6294,-13.4200,2.5800,123.7600,-0.6014,1.3566,-0.1088
2168760726,38.633541851,-0.267066453,861.6328,-13.2900,2.4300,123.5300,-0.5717,1.3911,0.0287
2168801794,38.633541649,-0.267065771,861.6302,-13.0900,2.2900,123.2100,-0.5514,1.4129,0.1375
2168852819,38.633541407,-0.267064912,861.6212,-12.6900,2.2300,122.7400,-0.5310,1.4452,0.2475
2168903844,38.633541169,-0.267064039,861.6071,-12.0300,2.0700,122.1300,-0.5220,1.4727,0.3133
2168954869,38.633540937,-0.267063152,861.5909,-11.0700,1.8300,121.3100,-0.5077,1.4962,0.3391
2169005894,38.633540711,-0.267062257,861.5753,-9.8900,1.9700,120.3100,-0.4879,1.5162,0.3028
2169056918,38.633540488,-0.267061350,861.5604,-8.7000,1.9100,119.3900,-0.4374,1.5293,0.2348
2169107943,38.633540292,-0.267060437,861.5483,-7.3200,1.1800,118.6200,-0.3708,1.5521,0.1756
2169158968,38.633540116,-0.267059515,861.5400,-5.7800,0.0800,117.7200,-0.3462,1.5614,0.1016
2169200036,38.633539987,-0.267058771,861.5351,-4.6900,-0.2500,117.0400,-0.3000,1.5696,0.0826
2169251061,38.633539852,-0.267057850,861.5308,-3.3900,-0.7700,116.1300,-0.2535,1.5731,0.0413
2169302086,38.633539740,-0.267056922,861.5266,-2.3300,-1.2000,115.2400,-0.2050,1.5941,0.0734
2169353111,38.633539646,-0.267055979,861.5209,-1.5300,-0.7600,114.4000,-0.1735,1.6252,0.1102
2169404135,38.633539560,-0.267055020,861.5130,-0.7000,-0.8600,113.6400,-0.1746,1.6547,0.1376
2169455160,38.633539466,-0.267054049,861.5049,0.2300,-1.0600,112.8900,-0.1937,1.6655,0.1418
2169506185,38.633539353,-0.267053073,861.4979,1.2400,-0.5900,112.3200,-0.2319,1.6713,0.0785
2169557210,38.633539224,-0.267052099,861.4950,2.4000,0.5600,111.9700,-0.2914,1.6636,0.0018
2169598278,38.633539098,-0.267051321,861.4958,3.4000,1.3200,111.8300,-0.3370,1.6340,-0.0851
2169649303,38.633538865,-0.267050389,861.5019,4.7100,1.9000,111.8400,-0.3871,1.5632,-0.1726
2169700328,38.633538579,-0.267049510,861.5122,6.0200,1.9200,112.1900,-0.4449,1.4737,-0.2673
2169751353,38.633538273,-0.267048668,861.5277,7.1900,1.9100,112.6800,-0.5231,1.4219,-0.3603
2169802377,38.633537947,-0.267047862,861.5459,8.0900,1.8500,113.3700,-0.5828,1.3461,-0.3913
2169853402,38.633537574,-0.267047150,861.5690,8.8000,1.7800,114.1700,-0.6535,1.2598,-0.4046
2169904427,38.633537161,-0.267046503,861.5927,9.3700,1.5600,115.0500,-0.7265,1.1905,-0.3635
2169955452,38.633536728,-0.267045878,861.6127,9.9000,2.0100,116.1400,-0.8036,1.1553,-0.2743
2169996520,38.633536360,-0.267045385,861.6248,10.3400,2.3000,117.1000,-0.8708,1.1189,-0.1992
2170047545,38.633535877,-0.267044804,861.6349,10.8400,2.7000,118.3100,-0.9525,1.0947,-0.0993
2170098570,38.633535365,-0.267044260,861.6396,11.3100,3.6100,119.7000,-1.0320,1.0534,-0.0113
2170149594,38.633534829,-0.267043726,861.6406,11.7500,4.9000,121.2400,-1.0946,1.0198,0.0340
2170200619,38.633534272,-0.267043204,861.6396,12.1500,5.6000,122.5700,-1.1463,0.9776,0.0469
2170251644,38.633533715,-0.267042711,861.6364,12.2100,5.9400,123.7600,-1.1628,0.9162,0.0040
2170302669,38.633533162,-0.267042249,861.6332,11.7900,6.2700,124.7800,-1.1581,0.8563,-0.0239
2170353693,38.633532618,-0.267041809,861.6333,10.7900,6.1300,125.6900,-1.1461,0.8270,-0.0826
2170394762,38.633532187,-0.267041455,861.6344,9.8700,5.7200,126.4600,-1.1301,0.8290,-0.0632
2170445787,38.633531673,-0.267041019,861.6352,8.7000,4.7800,127.2900,-1.0975,0.8183,-0.0372
2170496812,38.633531185,-0.267040598,861.6369,7.4900,3.5700,128.0500,-1.0775,0.8057,-0.0115
2170547836,38.633530699,-0.267040177,861.6367,6.3300,1.7900,128.5900,-1.0800,0.7943,0.0140
2170598861,38.633530214,-0.267039751,861.6346,5.2700,0.7800,129.1200,-1.0714,0.7975,0.0750
2170649886,38.633529767,-0.267039299,861.6291,4.2600,0.5100,129.7200,-1.0391,0.8141,0.1012
2170700911,38.633529344,-0.267038806,861.6221,3.2900,0.3800,130.2700,-1.0267,0.8801,0.1234
2170751935,38.633528923,-0.267038275,861.6148,2.4200,0.2900,130.7400,-1.0090,0.9471,0.1198
2170793004,38.633528586,-0.267037822,861.6097,1.8000,0.2500,131.1200,-0.9874,0.9824,0.0898
2170844029,38.633528204,-0.267037215,861.6055,1.1200,0.4400,131.6400,-0.9513,0.9990,0.0277
2170895054,38.633527868,-0.267036575,861.6052,0.5100,1.3300,132.2500,-0.9068,0.9805,-0.0694
2170946078,38.633527539,-0.267035954,861.6085,0.0300,2.1000,133.0100,-0.8720,0.9675,-0.1250
2170997103,38.633527212,-0.267035343,861.6158,0.0000,1.7000,133.6200,-0.8631,0.9719,-0.1899
2171048128,38.633526890,-0.267034729,861.6263,0.1000,1.1100,134.1200,-0.8519,0.9681,-0.2040
2171099152,38.633526582,-0.267034118,861.6405,0.1600,1.1700,134.6500,-0.8538,0.9520,-0.2302
2171150177,38.633526257,-0.267033520,861.6541,0.2900,0.8900,135.0900,-0.8703,0.9481,-0.2030
2171191246,38.633525982,-0.267033042,861.6633,0.4800,0.9600,135.3600,-0.8857,0.9520,-0.1517
2171242271,38.633525639,-0.267032438,861.6711,0.7600,2.0100,135.7400,-0.9021,0.9669,-0.0620
2171293295,38.633525295,-0.267031817,861.6738,1.1500,2.9400,136.1100,-0.9409,0.9797,0.0274
2171344320,38.633524917,-0.267031191,861.6726,1.5400,3.1200,136.3300,-0.9928,1.0057,0.0895
2171395345,38.633524510,-0.267030559,861.6693,1.7800,2.9900,136.2900,-1.0276,1.0253,0.1009
2171446369,38.633524072,-0.267029905,861.6651,1.8100,3.5600,135.9900,-1.0411,1.0382,0.0792
2171497394,38.633523606,-0.267029235,861.6627,1.5300,4.6200,135.4500,-1.0587,1.0341,0.0144
2171548419,38.633523126,-0.267028572,861.6630,1.3500,4.6800,134.6100,-1.0865,1.0479,-0.0332
2171589488,38.633522729,-0.267028034,861.6650,1.3900,4.0800,133.6100,-1.1049,1.0703,-0.0647
2171640512,38.633522230,-0.267027355,861.6708,1.3400,3.7200,132.2900,-1.1016,1.0723,-0.1148
2171691537,38.633521733,-0.267026671,861.6788,0.9900,3.7000,131.2500,-1.0764,1.0573,-0.1366
2171742562,38.633521250,-0.267026005,861.6873,0.4700,3.3300,130.4500,-1.0439,1.0511,-0.1237
2171793586,38.633520778,-0.267025347,861.6929,0.0000,2.8600,129.8100,-1.0234,1.0497,-0.0413
2171844611,38.633520334,-0.267024679,861.6928,-0.3900,3.2600,129.2700,-1.0233,1.0526,0.0534
2171895636,38.633519901,-0.267024008,861.6875,-0.6500,4.0500,128.8500,-1.0319,1.0611,0.1435
2171946661,38.633519455,-0.267023336,861.6784,-0.8000,4.6400,128.5600,-1.0512,1.0838,0.2042
2171987729,38.633519087,-0.267022789,861.6700,-0.8900,4.8600,128.4200,-1.0607,1.1035,0.2050
2172038754,38.633518627,-0.267022089,861.6605,-1.1400,5.0200,128.4200,-1.0529,1.1110,0.1395
2172089779,38.633518175,-0.267021375,861.6540,-1.5700,5.3600,128.6000,-1.0391,1.1134,0.0492
2172140804,38.633517721,-0.267020668,861.6524,-2.2000,5.9200,128.7500,-1.0428,1.1162,-0.0411
2172191828,38.633517261,-0.267019967,861.6543,-2.7900,5.2700,129.0900,-1.0425,1.1125,-0.1180
2172242853,38.633516806,-0.267019275,861.6618,-3.0500,4.5600,129.3400,-1.0534,1.1114,-0.1421
2172293878,38.633516356,-0.267018590,861.6706,-2.8600,3.9000,129.5400,-1.0452,1.0822,-0.1438
2172344902,38.633515912,-0.267017927,861.6801,-2.5500,4.0100,129.7400,-1.0175,1.0713,-0.1325
2172385971,38.633515555,-0.267017398,861.6857,-2.2000,3.9200,129.9300,-1.0193,1.0717,-0.0654
2172436996,38.633515107,-0.267016737,861.6880,-1.6900,4.2600,130.0700,-1.0317,1.0809,0.0266
2172488021,38.633514652,-0.267016068,861.6852,-1.2400,4.7400,130.1100,-1.0574,1.0919,0.0983
2172539045,38.633514181,-0.267015397,861.6801,-0.9900,5.4600,130.0500,-1.0832,1.1045,0.1287
2172590070,38.633513696,-0.267014723,861.6749,-0.9300,6.0800,129.8000,-1.0977,1.1162,0.1042
2172641095,38.633513196,-0.267014043,861.6715,-1.0400,6.7000,129.3500,-1.0824,1.1224,0.0484
2172692120,38.633512687,-0.267013359,861.6716,-1.4100,7.2400,128.8200,-1.0546,1.1253,-0.0366
2172743144,38.633512193,-0.267012675,861.6744,-1.8400,6.8300,128.1900,-1.0270,1.1261,-0.0819
2172784213,38.633511806,-0.267012132,861.6793,-2.1200,6.1500,127.7100,-1.0039,1.1228,-0.1387
2172835238,38.633511337,-0.267011457,861.6861,-2.4000,5.0900,127.2500,-0.9717,1.1223,-0.1225
2172886262,38.633510891,-0.267010794,861.6934,-2.5200,4.3800,126.7900,-0.9204,1.1092,-0.1354
2172937287,38.633510462,-0.267010133,861.6996,-2.6000,4.0800,126.3400,-0.9019,1.1094,-0.0668
2172988312,38.633510037,-0.267009470,861.7017,-2.5800,4.6400,125.8400,-0.9017,1.1308,0.0239
2173039337,38.633509614,-0.267008793,861.6993,-2.6300,5.2700,125.3900,-0.8992,1.1620,0.1054
2173090361,38.633509191,-0.267008097,861.6939,-2.7900,5.4000,125.0900,-0.9000,1.1935,0.1434
2173141386,38.633508770,-0.267007387,861.6878,-2.9800,5.4300,125.0400,-0.8981,1.2130,0.1319
2173182455,38.633508433,-0.267006812,861.6842,-3.1900,5.9000,125.2000,-0.8897,1.2181,0.1022
2173233480,38.633508019,-0.267006095,861.6812,-3.3500,6.4000,125.5600,-0.8751,1.2195,0.0440
2173284504,38.633507609,-0.267005375,861.6813,-3.4400,6.8000,126.1300,-0.8630,1.2296,-0.0346
2173335529,38.633507199,-0.267004649,861.6845,-3.4300,5.9900,126.9200,-0.8777,1.2346,-0.0915
2173386554,38.633506780,-0.267003920,861.6907,-3.2800,4.6600,127.5000,-0.9058,1.2509,-0.1143
2173437579,38.633506362,-0.267003192,861.6977,-3.1400,3.6600,127.9100,-0.9050,1.2377,-0.1220
2173488603,38.633505957,-0.267002486,861.7061,-2.9000,3.0800,128.2100,-0.8960,1.2073,-0.1243
2173539628,38.633505554,-0.267001788,861.7127,-2.6300,2.7900,128.5200,-0.8853,1.2079,-0.0599
2173580697,38.633505230,-0.267001224,861.7156,-2.4000,3.0000,128.7800,-0.8906,1.2105,0.0065
2173631722,38.633504817,-0.267000528,861.7142,-2.0800,3.3500,129.0500,-0.9148,1.2209,0.1093
2173682746,38.633504385,-0.266999860,861.7067,-1.7000,3.7300,129.2100,-0.9473,1.2309,0.1858
2173733771,38.633503938,-0.266999178,861.6973,-1.4000,4.1500,129.1700,-0.9705,1.2402,0.1942
2173784796,38.633503485,-0.266998488,861.6889,-1.3200,4.4200,128.8900,-0.9758,1.2374,0.1524
2173835820,38.633503020,-0.266997773,861.6836,-1.4300,5.0000,128.4800,-0.9615,1.2313,0.0812
2173886845,38.633502539,-0.266997013,861.6813,-1.5800,5.1600,128.0100,-0.9562,1.2584,0.0215
2173937870,38.633502071,-0.266996247,861.6825,-1.4200,3.5900,127.2600,-0.9246,1.2600,-0.0588
2173978939,38.633501708,-0.266995631,861.6863,-1.4800,2.8800,126.6600,-0.8996,1.2719,-0.0867
2174029963,38.633501281,-0.266994863,861.6922,-1.6900,2.5600,126.0200,-0.8608,1.2571,-0.1108
2174080988,38.633500888,-0.266994083,861.6992,-1.8900,2.4200,125.3800,-0.8535,1.2667,-0.0625
2174132013,38.633500492,-0.266993298,861.7019,-1.9800,2.1800,124.6900,-0.8665,1.2836,0.0421
2174183038,38.633500089,-0.266992508,861.6993,-2.0400,2.3500,124.0300,-0.8818,1.3056,0.1422
2174234062,38.633499680,-0.266991710,861.6919,-2.1100,2.3800,123.5600,-0.8926,1.3252,0.2054
2174285087,38.633499269,-0.266990907,861.6820,-2.1800,2.3900,123.3600,-0.8955,1.3455,0.2009
2174336112,38.633498860,-0.266990101,861.6746,-2.4200,2.9300,123.5300,-0.8858,1.3439,0.1263
2174377181,38.633498534,-0.266989460,861.6719,-2.7200,3.6800,123.9000,-0.8756,1.3295,0.0586
2174428205,38.633498140,-0.266988674,861.6724,-3.0400,3.8900,124.5300,-0.8734,1.3253,-0.0295
2174479230,38.633497772,-0.266987901,861.6778,-3.4700,3.7200,125.4000,-0.8797,1.3209,-0.0848
2174530255,38.633497396,-0.266987147,861.6864,-3.6000,2.7500,126.2600,-0.8906,1.2840,-0.1410
2174581280,38.633497008,-0.266986401,861.6948,-3.5400,2.1600,127.0400,-0.9028,1.2668,-0.1205
2174632305,38.633496617,-0.266985674,861.7044,-3.3200,1.9200,127.8300,-0.8996,1.2337,-0.1224
2174683329,38.633496227,-0.266984956,861.7131,-3.0100,1.1300,128.6700,-0.9048,1.2303,-0.0537
2174734354,38.633495830,-0.266984236,861.7175,-2.5900,0.8700,129.4400,-0.9166,1.2406,0.0310
2174775423,38.633495502,-0.266983651,861.7181,-2.2900,1.0700,129.9700,-0.9315,1.2538,0.0956
2174826448,38.633495083,-0.266982914,861.7153,-1.9700,1.5100,130.5100,-0.9624,1.2741,0.1517
2174877472,38.633494644,-0.266982156,861.7091,-1.7900,1.9900,130.9200,-0.9857,1.2888,0.1596
2174928497,38.633494195,-0.266981393,861.7042,-1.8700,2.7000,131.1600,-0.9975,1.2907,0.1116
2174979522,38.633493743,-0.266980638,861.7022,-1.9900,3.3700,131.2500,-0.9906,1.2730,0.0419
2175030546,38.633493294,-0.266979889,861.7043,-2.0300,3.8800,131.2900,-0.9869,1.2815,-0.0274
2175081571,38.633492803,-0.266979133,861.7125,-1.8500,2.9200,131.1800,-0.9699,1.2583,-0.1093
2175132596,38.633492325,-0.266978388,861.7235,-1.7300,2.6200,131.0100,-0.9632,1.2690,-0.1136
2175173665,38.633491948,-0.266977787,861.7316,-1.6000,2.3100,130.8300,-0.9381,1.2575,-0.1247
2175224689,38.633491496,-0.266977048,861.7415,-1.5100,2.3300,130.5500,-0.9166,1.2540,-0.0994
2175275714,38.633491055,-0.266976309,861.7499,-1.4900,2.0600,130.3200,-0.9156,1.2490,-0.0251
2175326739,38.633490612,-0.266975572,861.7538,-1.5200,2.4000,130.0900,-0.9321,1.2557,0.0661
2175377764,38.633490164,-0.266974830,861.7529,-1.6100,2.7700,129.9400,-0.9536,1.2672,0.1323
2175428789,38.633489700,-0.266974084,861.7496,-1.6400,3.1500,129.9100,-0.9759,1.2894,0.1614
2175479813,38.633489211,-0.266973351,861.7464,-1.7700,3.7400,130.1100,-0.9847,1.2869,0.1049
2175530838,38.633488723,-0.266972622,861.7464,-2.0500,4.4200,130.5200,-0.9914,1.2656,0.0326
2175571907,38.633488335,-0.266972045,861.7500,-2.2800,4.8700,130.9500,-0.9874,1.2469,-0.0658
2175622932,38.633487850,-0.266971328,861.7579,-2.6900,5.2900,131.6000,-1.0144,1.2570,-0.1124
2175673956,38.633487361,-0.266970674,861.7714,-2.9400,4.6200,132.1700,-1.0318,1.2289,-0.1881
2175724981,38.633486860,-0.266970017,861.7854,-3.0700,3.5500,132.6200,-1.0638,1.2166,-0.1636
2175776006,38.633486355,-0.266969376,861.7989,-2.9300,2.6600,133.0500,-1.0706,1.1597,-0.1759
2175827031,38.633485848,-0.266968752,861.8120,-2.5900,2.0600,133.5000,-1.0770,1.1392,-0.1148
2175878055,38.633485336,-0.266968122,861.8209,-2.1700,2.5400,133.9500,-1.0825,1.1376,-0.0198
2175929080,38.633484818,-0.266967489,861.8246,-1.7600,3.3000,134.4000,-1.1104,1.1327,0.0815
2175970149,38.633484390,-0.266966976,861.8241,-1.4200,3.8500,134.7200,-1.1436,1.1338,0.1486
2176021174,38.633483846,-0.266966337,861.8204,-1.0600,4.4200,134.9800,-1.1746,1.1327,0.1752
2176072198,38.633483285,-0.266965697,861.8162,-0.8500,5.0000,134.9700,-1.1876,1.1311,0.1404
2176123223,38.633482728,-0.266965062,861.8155,-0.8900,5.5800,134.6500,-1.1668,1.1172,0.0525
2176174248,38.633482182,-0.266964422,861.8185,-1.1300,5.7800,134.1800,-1.1520,1.1288,-0.0106
2176225273,38.633481654,-0.266963789,861.8264,-1.2700,4.3800,133.7300,-1.0962,1.0903,-0.1246
2176276297,38.633481121,-0.266963162,861.8385,-1.6400,3.6600,133.5300,-1.0770,1.1086,-0.1006
2176327322,38.633480604,-0.266962529,861.8491,-1.9200,3.1500,133.3100,-1.0430,1.0972,-0.1046
2176368391,38.633480199,-0.266962020,861.8566,-2.1000,2.2000,133.0700,-1.0375,1.1035,-0.0555
2176419416,38.633479702,-0.266961387,861.8625,-2.2500,1.1700,132.7500,-1.0240,1.0901,-0.0035
2176470440,38.633479244,-0.266960766,861.8639,-2.4000,1.3600,132.3900,-1.0245,1.0884,0.0700
2176521465,38.633478792,-0.266960140,861.8615,-2.5500,2.0300,132.1100,-1.0274,1.1080,0.1103
2176572490,38.633478333,-0.266959494,861.8575,-2.7300,2.4200,132.0000,-1.0373,1.1456,0.1203
2176623515,38.633477871,-0.266958826,861.8547,-2.9100,2.6100,132.1200,-1.0352,1.1728,0.0640
2176674540,38.633477433,-0.266958115,861.8548,-3.2300,3.0800,132.4200,-1.0270,1.1849,-0.0157
2176725564,38.633476992,-0.266957401,861.8593,-3.4700,3.3700,132.7500,-1.0256,1.1939,-0.1074
2176766633,38.633476634,-0.266956825,861.8660,-3.6700,4.1600,133.0500,-1.0314,1.2052,-0.1535
2176817658,38.633476180,-0.266956101,861.8760,-3.8500,4.0900,133.6100,-1.0489,1.2127,-0.2079
2176868683,38.633475721,-0.266955374,861.8895,-3.8400,3.4500,133.9700,-1.0684,1.2329,-0.2037
2176919707,38.633475253,-0.266954638,861.9020,-3.6400,2.5200,134.2600,-1.0695,1.2298,-0.2013
2176970732,38.633474779,-0.266953906,861.9134,-3.2500,2.2200,134.4100,-1.0942,1.2405,-0.1502
2177021757,38.633474289,-0.266953167,861.9220,-2.6600,1.9400,134.4500,-1.1140,1.2523,-0.1100
2177072782,38.633473768,-0.266952409,861.9268,-2.1000,2.3700,134.4400,-1.1336,1.2685,-0.0260
2177123806,38.633473236,-0.266951646,861.9280,-1.5300,3.3000,134.3700,-1.1415,1.2789,0.0286
2177164875,38.633472805,-0.266951029,861.9271,-1.1600,3.8900,134.2700,-1.1563,1.2845,0.0660
2177215900,38.633472267,-0.266950261,861.9252,-0.8700,4.2300,134.0700,-1.1499,1.2911,0.0522
2177266925,38.633471724,-0.266949483,861.9231,-0.7800,4.7500,133.7600,-1.1421,1.2827,0.0272
2177317950,38.633471194,-0.266948723,861.9234,-0.7400,5.1300,133.3700,-1.0986,1.2422,-0.0457
2177368974,38.633470684,-0.266947985,861.9266,-0.6900,5.1800,132.9300,-1.0673,1.2148,-0.0795
2177419999,38.633470187,-0.266947267,861.9339,-0.5900,4.6200,132.3400,-1.0431,1.1911,-0.1785
2177471024,38.633469713,-0.266946564,861.9451,-0.6700,4.2200,131.8500,-0.9938,1.1723,-0.1759
2177522049,38.633469265,-0.266945879,861.9571,-0.7200,4.0400,131.3500,-0.9542,1.1477,-0.1733
2177563117,38.633468914,-0.266945337,861.9652,-0.7200,3.4600,130.9500,-0.9346,1.1250,-0.1259
2177614142,38.633468487,-0.266944680,861.9719,-0.7100,3.0500,130.4700,-0.9181,1.1066,-0.0450
2177665167,38.633468082,-0.266944039,861.9748,-0.7400,3.1400,130.0800,-0.9088,1.0947,0.0466
2177716192,38.633467682,-0.266943406,861.9738,-0.8800,3.2600,129.8000,-0.9083,1.0918,0.1069
2177767216,38.633467277,-0.266942769,861.9702,-1.0700,3.3900,129.7200,-0.9132,1.0990,0.1257
2177818241,38.633466869,-0.266942132,861.9670,-1.3400,3.6900,129.8500,-0.9125,1.0927,0.1000
2177869266,38.633466471,-0.266941488,861.9641,-1.4900,3.7100,130.1700,-0.9109,1.0809,0.0540
2177920291,38.633466072,-0.266940856,861.9640,-1.5500,3.7400,130.5700,-0.9078,1.0554,0.0083
2177961360,38.633465750,-0.266940356,861.9655,-1.5500,3.0100,131.1200,-0.9073,1.0399,-0.0412
2178012384,38.633465343,-0.266939742,861.9704,-1.5500,2.1200,131.7200,-0.9330,1.0424,-0.0770
2178063409,38.633464934,-0.266939132,861.9769,-1.5100,1.0500,132.2500,-0.9510,1.0254,-0.0978
2178114434,38.633464522,-0.266938537,861.9850,-1.4300,-0.0700,132.7300,-0.9680,0.9951,-0.1222
2178165459,38.633464094,-0.266937958,861.9932,-1.3200,-0.9000,133.1200,-1.0046,0.9811,-0.1029
2178216483,38.633463645,-0.266937381,861.9999,-1.1400,-0.8400,133.4600,-1.0441,0.9887,-0.0629
2178267508,38.633463145,-0.266936808,862.0053,-0.8200,-0.3800,133.7400,-1.1044,1.0078,-0.0217
2178318533,38.633462615,-0.266936220,862.0090,-0.3500,0.0100,133.9500,-1.1720,1.0303,0.0052
2178359602,38.633462170,-0.266935737,862.0114,0.0800,0.4600,134.0600,-1.2122,1.0489,-0.0049
2178410626,38.633461596,-0.266935127,862.0150,0.5000,1.2000,134.0300,-1.2583,1.0529,-0.0417
2178461651,38.633460987,-0.266934503,862.0209,0.7100,2.3500,133.7800,-1.2657,1.0421,-0.1017
2178512676,38.633460377,-0.266933884,862.0300,0.6200,3.4800,133.3500,-1.2535,1.0260,-0.1845
2178563701,38.633459779,-0.266933271,862.0423,0.3300,4.0900,132.6200,-1.2249,1.0244,-0.2340
2178614725,38.633459203,-0.266932665,862.0588,0.0000,4.2700,131.8100,-1.1789,1.0173,-0.3159
2178665750,38.633458662,-0.266932069,862.0784,-0.4000,4.2700,131.1900,-1.1077,1.0004,-0.3310
2178716775,38.633458157,-0.266931486,862.0994,-0.8000,4.2100,130.6400,-1.0445,0.9915,-0.3425
2178757844,38.633457769,-0.266931017,862.1154,-1.1500,4.0400,130.2500,-1.0164,0.9917,-0.3110
2178808868,38.633457298,-0.266930434,862.1328,-1.4900,4.0700,129.8000,-0.9941,0.9949,-0.2497
2178859893,38.633456877,-0.266929841,862.1453,-1.7000,4.5200,129.4000,-0.9691,0.9916,-0.1616
2178910918,38.633456474,-0.266929251,862.1537,-1.8300,5.2300,129.1100,-0.9426,0.9848,-0.0996
2178961943,38.633456077,-0.266928665,862.1595,-1.8400,5.9200,128.9900,-0.9214,0.9803,-0.0449
2179012968,38.633455687,-0.266928088,862.1639,-1.7800,6.7600,129.0800,-0.8916,0.9605,-0.0393
2179063992,38.633455321,-0.266927540,862.1646,-1.7600,7.5600,129.3800,-0.8572,0.9112,-0.0411
2179115017,38.633454963,-0.266927018,862.1659,-1.8100,8.3300,129.8000,-0.8388,0.8781,-0.0678
2179156086,38.633454681,-0.266926617,862.1684,-2.0300,9.0700,130.3500,-0.8111,0.8327,-0.0683
2179207110,38.633454338,-0.266926137,862.1716,-2.1800,7.7000,131.1600,-0.7972,0.8183,-0.0867
2179258135,38.633454005,-0.266925673,862.1771,-2.2200,6.4400,131.7900,-0.7985,0.8230,-0.0570
2179309160,38.633453678,-0.266925216,862.1815,-2.2800,5.1900,132.4200,-0.7792,0.8126,-0.0586
2179360185,38.633453352,-0.266924763,862.1867,-2.3400,4.2800,132.8300,-0.7772,0.8066,-0.0455
2179411209,38.633453025,-0.266924307,862.1903,-2.3800,3.4900,133.1700,-0.7574,0.8064,-0.0349
2179462234,38.633452708,-0.266923830,862.1938,-2.4000,3.6900,133.4400,-0.7444,0.8144,-0.0316
2179513259,38.633452388,-0.266923349,862.1981,-2.2900,3.8300,133.6200,-0.7528,0.8120,-0.0492
2179554328,38.633452125,-0.266922963,862.2020,-2.0500,3.7600,133.6300,-0.7593,0.8080,-0.0662
2179605352,38.633451794,-0.266922487,862.2087,-1.7000,3.7500,133.5100,-0.7534,0.7982,-0.1133
2179656377,38.633451473,-0.266922014,862.2203,-1.4100,3.7800,133.2700,-0.7055,0.7654,-0.2122
2179707402,38.633451168,-0.266921550,862.2373,-1.1500,3.6900,132.8100,-0.6631,0.7353,-0.3076
2179758427,38.633450883,-0.266921110,862.2577,-0.8300,3.7700,132.1300,-0.6086,0.7063,-0.3623
2179809451,38.633450620,-0.266920680,862.2820,-0.7200,3.7400,131.5100,-0.5745,0.6970,-0.4381
2179860476,38.633450376,-0.266920260,862.3077,-0.5900,3.3200,131.0000,-0.5501,0.6853,-0.4103
2179911501,38.633450152,-0.266919853,862.3330,-0.4400,3.0200,130.5400,-0.5171,0.6655,-0.3920
2179952570,38.633449978,-0.266919534,862.3511,-0.3600,2.9000,130.2300,-0.5030,0.6516,-0.3311
2180003595,38.633449766,-0.266919147,862.3697,-0.1800,3.0900,129.8600,-0.4894,0.6340,-0.2541
2180054619,38.633449558,-0.266918775,862.3845,0.0000,3.1500,129.5300,-0.4887,0.6232,-0.2037
2180105644,38.633449351,-0.266918410,862.3974,0.2000,3.5100,129.2100,-0.4861,0.6168,-0.1927
2180156669,38.633449146,-0.266918055,862.4114,0.2800,4.0300,128.9700,-0.4710,0.5932,-0.2446
2180207694,38.633448945,-0.266917716,862.4278,0.2500,4.4500,128.8500,-0.4553,0.5627,-0.2912
2180258718,38.633448753,-0.266917402,862.4453,0.1000,4.5700,128.9200,-0.4393,0.5294,-0.3398
2180309743,38.633448566,-0.266917114,862.4647,-0.1000,4.3900,129.1300,-0.4342,0.4945,-0.3878
2180350812,38.633448417,-0.266916894,862.4817,-0.3300,4.1400,129.4800,-0.4275,0.4676,-0.4114
2180401837,38.633448226,-0.266916637,862.5041,-0.4300,3.1500,129.8300,-0.4455,0.4418,-0.4604
2180452861,38.633448034,-0.266916402,862.5292,-0.6100,3.1700,130.0600,-0.4446,0.4181,-0.4588
2180503886,38.633447840,-0.266916186,862.5539,-0.8200,3.7400,130.2900,-0.4494,0.3939,-0.4544
2180554911,38.633447639,-0.266915979,862.5773,-0.7800,3.7000,130.3700,-0.4692,0.3803,-0.3928
2180605936,38.633447428,-0.266915771,862.5969,-0.4500,3.3200,130.3600,-0.4844,0.3835,-0.3129
2180656960,38.633447207,-0.266915556,862.6116,-0.0200,3.5800,130.3400,-0.5026,0.3916,-0.2152
2180707985,38.633446977,-0.266915336,862.6222,0.3700,3.9300,130.3000,-0.5105,0.3931,-0.1369
2180749054,38.633446789,-0.266915156,862.6278,0.5900,4.2900,130.3100,-0.5132,0.3988,-0.0812
2180800079,38.633446553,-0.266914928,862.6327,0.7100,4.9600,130.4200,-0.5260,0.4072,-0.0564
2180851103,38.633446307,-0.266914686,862.6366,0.7200,5.2500,130.5500,-0.5373,0.4111,-0.0741
2180902128,38.633446052,-0.266914427,862.6412,0.6100,5.3000,130.6900,-0.5594,0.4252,-0.1085
2180953153,38.633445789,-0.266914163,862.6487,0.4300,5.2300,130.7400,-0.5656,0.4385,-0.1772
2181004178,38.633445530,-0.266913895,862.6606,0.1800,5.0000,130.6800,-0.5504,0.4331,-0.2702
2181055203,38.633445279,-0.266913624,862.6765,-0.0900,4.8400,130.6500,-0.5237,0.4269,-0.3221
2181106227,38.633445039,-0.266913350,862.6948,-0.1100,4.2800,130.5300,-0.5185,0.4427,-0.3574
2181147296,38.633444846,-0.266913120,862.7097,0.0500,3.3800,130.3600,-0.5067,0.4590,-0.3544
2181198321,38.633444615,-0.266912831,862.7287,0.3300,2.7500,130.1400,-0.4862,0.4648,-0.3673
2181249346,38.633444396,-0.266912535,862.7477,0.5600,2.5800,129.9700,-0.4623,0.4692,-0.3586
2181300370,38.633444189,-0.266912228,862.7664,0.6700,2.9600,129.8000,-0.4457,0.4887,-0.3356
2181351395,38.633443987,-0.266911910,862.7833,0.5800,3.5600,129.6700,-0.4405,0.5189,-0.2903
2181402420,38.633443784,-0.266911573,862.7969,0.3800,4.2400,129.5600,-0.4439,0.5581,-0.2086
2181453445,38.633443577,-0.266911214,862.8066,0.1600,4.8300,129.4300,-0.4573,0.5989,-0.1264
2181504470,38.633443362,-0.266910830,862.8122,-0.0800,5.2000,129.2800,-0.4710,0.6370,-0.0482
2181545538,38.633443184,-0.266910508,862.8139,-0.2700,5.3600,129.1400,-0.4828,0.6683,0.0074
2181596563,38.633442958,-0.266910087,862.8134,-0.5100,5.4400,128.9900,-0.5003,0.7150,0.0562
2181647588,38.633442722,-0.266909629,862.8100,-0.7200,5.5700,128.9500,-0.5177,0.7678,0.0825
2181698613,38.633442478,-0.266909129,862.8045,-0.8000,5.4400,128.9700,-0.5408,0.8167,0.0841
2181749637,38.633442227,-0.266908608,862.8002,-0.8200,5.4000,129.1000,-0.5426,0.8514,0.0507
2181800662,38.633441974,-0.266908076,862.7984,-0.9200,5.4400,129.3200,-0.5548,0.8761,-0.0077
2181851687,38.633441707,-0.266907524,862.7987,-1.1300,6.0400,129.8400,-0.5701,0.8849,-0.0376
2181902712,38.633441430,-0.266906958,862.7994,-1.2300,5.8300,130.7200,-0.5893,0.9151,-0.0425
2181943780,38.633441200,-0.266906492,862.8002,-1.0800,4.5900,131.2200,-0.6078,0.9439,-0.0367
2181994805,38.633440906,-0.266905896,862.7999,-0.8900,3.6500,131.7300,-0.6315,0.9825,0.0137
2182045830,38.633440604,-0.266905286,862.7972,-0.7800,3.4500,132.2500,-0.6437,0.9989,0.0376
2182096855,38.633440299,-0.266904663,862.7921,-0.6500,3.0400,132.7100,-0.6524,1.0237,0.0922
2182147880,38.633439991,-0.266904031,862.7846,-0.5600,3.0800,133.1800,-0.6598,1.0437,0.1523
2182198904,38.633439673,-0.266903392,862.7742,-0.3800,3.3700,133.5300,-0.6996,1.0582,0.2151
2182249929,38.633439341,-0.266902736,862.7616,-0.1100,3.4600,133.7100,-0.7348,1.0768,0.2471
2182300954,38.633438998,-0.266902057,862.7491,0.0500,3.6800,133.6700,-0.7593,1.0818,0.2308
2182342022,38.633438719,-0.266901517,862.7402,0.0800,4.2100,133.5100,-0.7512,1.0744,0.1988
2182393047,38.633438378,-0.266900856,862.7323,0.1600,4.5900,133.1800,-0.7339,1.0636,0.1175
2182444072,38.633438043,-0.266900211,862.7297,0.2500,4.4700,132.8000,-0.6921,1.0618,0.0280
2182495097,38.633437713,-0.266899569,862.7318,0.2500,3.9900,132.2500,-0.6699,1.0802,-0.0414
2182546122,38.633437394,-0.266898913,862.7361,0.1600,3.5300,131.5300,-0.6408,1.1144,-0.0663
2182597146,38.633437093,-0.266898247,862.7421,-0.1500,2.6000,130.7000,-0.6082,1.1210,-0.0989
2182648171,38.633436811,-0.266897583,862.7492,-0.6400,1.4700,129.7700,-0.5857,1.1139,-0.0867
2182699196,38.633436539,-0.266896926,862.7549,-1.0900,1.0500,128.7400,-0.5902,1.1033,-0.0390
2182740265,38.633436319,-0.266896404,862.7575,-1.3300,1.1700,127.8800,-0.5940,1.0923,-0.0043
2182791289,38.633436042,-0.266895756,862.7584,-1.5400,1.5300,126.8900,-0.5988,1.1002,0.0483
2182842314,38.633435767,-0.266895106,862.7573,-1.7200,2.0400,126.1000,-0.5913,1.1070,0.0518
2182893339,38.633435490,-0.266894452,862.7558,-1.9800,2.4900,125.6200,-0.5897,1.1089,0.0244
2182944364,38.633435220,-0.266893806,862.7567,-2.2700,3.0700,125.5400,-0.5654,1.0866,-0.0447
2182995388,38.633434959,-0.266893175,862.7608,-2.5100,3.6800,125.8000,-0.5601,1.0578,-0.0979
2183046413,38.633434701,-0.266892566,862.7677,-2.7300,4.1700,126.3500,-0.5669,1.0482,-0.1406
2183097438,38.633434447,-0.266891972,862.7767,-2.7700,3.3100,127.0000,-0.5609,1.0203,-0.1891
2183138507,38.633434242,-0.266891501,862.7852,-2.7400,2.5200,127.3300,-0.5678,1.0190,-0.1917
2183189531,38.633433987,-0.266890919,862.7959,-2.7300,2.4600,127.6300,-0.5630,1.0051,-0.1988
2183240556,38.633433735,-0.266890346,862.8066,-2.7000,2.7600,127.8400,-0.5557,0.9876,-0.1810
2183291581,38.633433492,-0.266889779,862.8160,-2.5500,2.6500,127.9200,-0.5399,0.9880,-0.1481
2183342606,38.633433252,-0.266889209,862.8235,-2.3700,2.8700,127.8000,-0.5314,0.9956,-0.0933
2183393631,38.633433014,-0.266888628,862.8281,-2.1800,3.1800,127.4000,-0.5326,1.0178,-0.0388
2183444655,38.633432773,-0.266888031,862.8297,-2.1000,3.2500,126.7200,-0.5370,1.0520,0.0016
2183495680,38.633432526,-0.266887414,862.8287,-2.1600,3.1100,125.6800,-0.5451,1.0780,0.0166
2183536749,38.633432325,-0.266886906,862.8277,-2.3800,3.3400,124.5700,-0.5431,1.1027,0.0199
2183587774,38.633432077,-0.266886261,862.8270,-2.7400,3.9600,122.8500,-0.5445,1.1201,0.0083
2183638798,38.633431827,-0.266885606,862.8271,-2.9100,3.9200,120.7900,-0.5208,1.1127,-0.0275
2183689823,38.633431567,-0.266884941,862.8291,-2.9900,4.4900,118.4600,-0.5127,1.1197,-0.0497
2183740848,38.633431321,-0.266884273,862.8327,-2.9200,4.4200,115.8900,-0.4603,1.1102,-0.1031
2183791873,38.633431107,-0.266883620,862.8395,-2.8800,3.5500,113.1700,-0.3927,1.0983,-0.1404
2183842897,38.633430932,-0.266882961,862.8460,-3.0300,3.3800,110.4600,-0.3328,1.1024,-0.1142
2183893922,38.633430794,-0.266882303,862.8519,-3.1100,3.4000,107.6500,-0.2761,1.0829,-0.1096
2183934991,38.633430701,-0.266881786,862.8562,-3.0600,2.8300,105.3800,-0.2287,1.0574,-0.1005
2183986016,38.633430611,-0.266881164,862.8612,-3.0300,2.6900,102.5800,-0.1695,1.0203,-0.0862
2184037041,38.633430545,-0.266880565,862.8650,-3.0800,3.3700,99.8800,-0.1231,0.9859,-0.0580
2184088065,38.633430535,-0.266879996,862.8665,-3.2000,4.1800,97.4400,-0.0730,0.9608,-0.0317
2184139090,38.633430542,-0.266879442,862.8670,-3.3900,4.6100,95.3100,-0.0286,0.9328,-0.0100
2184190115,38.633430567,-0.266878909,862.8668,-3.7000,5.0400,93.4100,0.0227,0.8847,-0.0029
2184241140,38.633430616,-0.266878418,862.8662,-3.9700,5.6800,91.6500,0.0693,0.8215,-0.0033
2184292164,38.633430697,-0.266877989,862.8659,-4.0800,6.1000,89.9000,0.1006,0.7705,0.0003
2184333233,38.633430768,-0.266877664,862.8658,-3.8900,5.5800,88.4100,0.1188,0.7237,-0.0157
2184384258,38.633430864,-0.266877280,862.8666,-3.8300,4.9800,86.4000,0.1583,0.6844,-0.0324
2184435283,38.633430972,-0.266876923,862.8686,-3.9700,4.6000,84.2900,0.1684,0.6396,-0.0419
2184486308,38.633431084,-0.266876592,862.8707,-4.0500,4.2000,82.0200,0.1656,0.6165,-0.0095
2184537332,38.633431190,-0.266876274,862.8710,-3.9400,3.8000,79.4700,0.1607,0.5821,0.0225
2184588357,38.633431290,-0.266875974,862.8697,-3.7400,3.4900,76.6600,0.1596,0.5402,0.0517
2184639382,38.633431386,-0.266875698,862.8668,-3.4800,3.1200,73.6400,0.1548,0.4936,0.0728
2184690407,38.633431473,-0.266875452,862.8624,-3.1600,2.6600,70.3800,0.1456,0.4516,0.0993
2184731475,38.633431536,-0.266875268,862.8581,-2.8500,2.2500,67.5400,0.1288,0.4233,0.1091
2184782500,38.633431604,-0.266875050,862.8521,-2.4600,1.5300,63.7200,0.1072,0.3998,0.1208
2184833525,38.633431657,-0.266874847,862.8460,-2.0800,1.4800,59.5200,0.0768,0.3734,0.1264
2184884550,38.633431700,-0.266874658,862.8389,-1.8000,1.5000,55.0100,0.0475,0.3456,0.1168
2184935575,38.633431728,-0.266874483,862.8324,-1.6100,1.5000,50.2500,0.0259,0.3189,0.1165
2184986599,38.633431746,-0.266874322,862.8263,-1.5900,1.1800,45.4400,0.0092,0.2850,0.0969
2185037624,38.633431750,-0.266874190,862.8218,-1.7100,0.3800,40.6700,-0.0061,0.2471,0.0625
2185088649,38.633431742,-0.266874090,862.8175,-1.8200,-0.5300,36.0600,-0.0067,0.2051,0.0630
2185129718,38.633431735,-0.266874028,862.8144,-1.9300,-1.1800,32.5200,-0.0109,0.1601,0.0502
2185180742,38.633431728,-0.266873976,862.8111,-2.0000,-2.0600,28.3400,0.0028,0.1000,0.0480
2185231767,38.633431727,-0.266873966,862.8087,-2.0200,-2.9200,24.4100,0.0047,0.0379,0.0292
2185282792,38.633431735,-0.266874010,862.8067,-1.9600,-4.0300,20.7200,0.0202,-0.0051,0.0253
2185333817,38.633431749,-0.266874071,862.8052,-1.7500,-4.7100,17.2300,0.0415,-0.0473,0.0220
2185384842,38.633431777,-0.266874148,862.8037,-1.4700,-4.9700,14.0200,0.0698,-0.0797,0.0223
2185435866,38.633431813,-0.266874254,862.8021,-1.0700,-5.4800,11.0900,0.1017,-0.1116,0.0134
2185486891,38.633431857,-0.266874389,862.8005,-0.7700,-6.0800,8.5600,0.1322,-0.1250,0.0127
2185527960,38.633431904,-0.266874493,862.7991,-0.6000,-6.3000,6.7900,0.1546,-0.1246,0.0103
2185578985,38.633431973,-0.266874614,862.7975,-0.4200,-6.2800,4.9300,0.1771,-0.1141,0.0143
2185630009,38.633432056,-0.266874719,862.7959,-0.1700,-6.5100,3.2700,0.2066,-0.0941,0.0143
2185681034,38.633432163,-0.266874807,862.7942,-0.1000,-6.4600,1.8100,0.2376,-0.0612,0.0181
2185732059,38.633432281,-0.266874869,862.7924,-0.2500,-5.8800,0.6400,0.2614,-0.0296,0.0316
2185783084,38.633432409,-0.266874910,862.7903,-0.3800,-6.0500,-0.2900,0.2775,-0.0067,0.0196
2185834108,38.633432541,-0.266874932,862.7885,-0.5400,-6.1800,-1.0000,0.2827,0.0066,0.0328
2185885133,38.633432667,-0.266874932,862.7852,-0.6200,-5.9000,-1.5200,0.2785,0.0167,0.0519
2185926202,38.633432769,-0.266874926,862.7820,-0.5700,-5.6900,-1.8700,0.2782,0.0246,0.0637
2185977227,38.633432897,-0.266874913,862.7772,-0.4400,-5.8700,-2.3100,0.2865,0.0340,0.0840
2186028251,38.633433030,-0.266874892,862.7710,-0.3300,-6.0700,-2.8100,0.2974,0.0440,0.1059
2186079276,38.633433170,-0.266874860,862.7626,-0.3100,-6.2300,-3.4500,0.3090,0.0577,0.1259
2186130301,38.633433316,-0.266874821,862.7532,-0.2700,-6.4800,-4.3000,0.3232,0.0640,0.1533
2186181326,38.633433467,-0.266874780,862.7426,-0.2600,-6.5700,-5.3600,0.3359,0.0622,0.1875
2186232351,38.633433627,-0.266874742,862.7300,-0.3600,-6.7900,-6.6000,0.3424,0.0479,0.2142
2186283375,38.633433802,-0.266874705,862.7157,-0.5300,-7.2900,-7.9700,0.3589,0.0396,0.2468
2186324444,38.633433944,-0.266874680,862.7039,-0.6800,-7.7500,-9.0600,0.3610,0.0236,0.2471
2186375469,38.633434123,-0.266874661,862.6885,-0.8700,-8.0600,-10.3700,0.3702,0.0061,0.2778
2186426494,38.633434300,-0.266874655,862.6730,-1.1300,-8.2200,-11.5600,0.3614,-0.0208,0.2654
2186477518,38.633434496,-0.266874663,862.6606,-1.4500,-8.8400,-12.5900,0.3604,-0.0480,0.2518
2186528543,38.633434685,-0.266874685,862.6491,-1.7200,-9.6100,-13.4800,0.3447,-0.0678,0.2292
2186579568,38.633434867,-0.266874722,862.6379,-2.0300,-10.3900,-14.2400,0.3444,-0.0894,0.2138
2186630593,38.633435042,-0.266874772,862.6269,-2.4200,-10.7600,-14.8600,0.3398,-0.1017,0.2180
2186681618,38.633435203,-0.266874845,862.6141,-2.8400,-11.0200,-15.2600,0.3383,-0.1084,0.2388
2186722686,38.633435332,-0.266874904,862.6028,-3.1100,-10.9400,-15.4600,0.3471,-0.1108,0.2757
2186773711,38.633435497,-0.266874975,862.5873,-3.4800,-11.1500,-15.5800,0.3478,-0.1059,0.2904
2186824736,38.633435660,-0.266875046,862.5707,-4.0800,-11.3100,-15.5600,0.3479,-0.1158,0.3363
2186875761,38.633435818,-0.266875114,862.5508,-4.7500,-11.2600,-15.4000,0.3383,-0.1207,0.3711
2186926785,38.633435979,-0.266875187,862.5289,-5.2700,-11.3200,-15.1800,0.3490,-0.1306,0.4123
2186977810,38.633436144,-0.266875260,862.5055,-5.5600,-11.5000,-15.1200,0.3618,-0.1228,0.4568
2187028835,38.633436314,-0.266875327,862.4792,-5.6800,-12.1600,-15.1600,0.3682,-0.1123,0.4798
2187079860,38.633436488,-0.266875388,862.4489,-5.8100,-12.4700,-15.3200,0.3760,-0.0950,0.5377
2187120929,38.633436627,-0.266875424,862.4235,-5.9900,-12.2200,-15.5700,0.3663,-0.0726,0.5525
2187171953,38.633436795,-0.266875461,862.3897,-6.1300,-11.7100,-15.9500,0.3555,-0.0581,0.6327
2187222978,38.633436955,-0.266875486,862.3533,-6.3200,-10.9000,-16.2900,0.3324,-0.0336,0.6788
2187274003,38.633437075,-0.266875490,862.3143,-6.4600,-10.2700,-16.6600,0.3080,-0.0066,0.7297
2187325028,38.633437184,-0.266875478,862.2735,-6.5600,-9.4200,-16.9800,0.2658,0.0286,0.7678
2187376052,38.633437277,-0.266875447,862.2315,-6.6600,-8.5500,-17.3200,0.2266,0.0439,0.7906
2187427077,38.633437349,-0.266875411,862.1888,-6.9000,-7.7300,-17.6400,0.1865,0.0560,0.8098
2187478102,38.633437393,-0.266875361,862.1437,-7.0800,-7.4800,-17.9700,0.1502,0.0663,0.8070
2187519171,38.633437423,-0.266875324,862.1077,-7.2600,-7.5900,-18.2700,0.1408,0.0529,0.8055
2187570196,38.633437459,-0.266875288,862.0652,-7.5300,-7.2800,-18.7600,0.1327,0.0340,0.7638
2187621220,38.633437498,-0.266875268,862.0253,-7.8900,-7.0800,-19.4200,0.1411,0.0016,0.7078
2187672245,38.633437589,-0.266875243,861.9888,-8.1500,-6.5900,-20.3200,0.1714,-0.0101,0.6572
2187723270,38.633437692,-0.266875228,861.9551,-8.3300,-6.2700,-21.4500,0.1977,-0.0213,0.5929
2187774295,38.633437804,-0.266875226,861.9238,-8.3900,-6.2900,-22.7800,0.2252,-0.0397,0.5891
2187825320,38.633437939,-0.266875227,861.8929,-8.2500,-6.8300,-24.2400,0.2455,-0.0345,0.5793
2187876344,38.633438135,-0.266875221,861.8613,-8.0300,-7.7400,-25.8400,0.2493,-0.0297,0.5894
2187917413,38.633438282,-0.266875216,861.8359,-7.7800,-8.3900,-27.3300,0.2415,-0.0246,0.6005
2187968438,38.633438455,-0.266875208,861.8041,-7.4400,-9.1900,-29.3200,0.2353,-0.0202,0.6012
2188019463,38.633438627,-0.266875211,861.7738,-7.2400,-9.9300,-31.4800,0.2680,-0.0527,0.5463
2188070488,38.633438816,-0.266875254,861.7452,-6.8800,-10.6700,-33.7900,0.2693,-0.0584,0.4922
2188121512,38.633438993,-0.266875292,861.7198,-6.3600,-9.8800,-36.0200,0.2581,-0.0529,0.4460
2188172537,38.633439155,-0.266875335,861.6981,-5.9200,-8.1700,-38.2300,0.2391,-0.0692,0.3502
2188223562,38.633439306,-0.266875372,861.6798,-5.2600,-7.1200,-40.2700,0.2192,-0.0374,0.3187
2188274587,38.633439436,-0.266875374,861.6679,-4.2000,-7.7600,-42.0000,0.1485,-0.0255,0.1837
2188315656,38.633439527,-0.266875385,861.6606,-3.5000,-7.6300,-42.8800,0.1527,-0.0545,0.1996
2188366680,38.633439631,-0.266875407,861.6535,-3.1400,-5.9900,-43.5900,0.1397,-0.0449,0.1029
2188417705,38.633439734,-0.266875419,861.6488,-3.2100,-4.1600,-44.3400,0.1558,-0.0292,0.0967
2188468730,38.633439801,-0.266875405,861.6449,-3.2800,-2.7800,-44.8400,0.1339,0.0551,0.1097
2188519755,38.633439865,-0.266875356,861.6391,-3.0000,-3.5200,-45.0900,0.1491,0.0786,0.1339
2188570780,38.633439930,-0.266875297,861.6334,-2.8900,-4.7300,-45.2900,0.1289,0.0881,0.1252
2188621804,38.633439980,-0.266875245,861.6271,-2.9600,-5.8700,-45.5000,0.0939,0.0678,0.1404
2188672829,38.633440007,-0.266875198,861.6208,-2.8900,-6.2900,-45.7500,0.0654,0.0223,0.0700
2188713898,38.633440020,-0.266875189,861.6187,-2.7900,-5.8000,-46.0600,0.0525,-0.0322,0.0135
2188764923,38.633440034,-0.266875200,861.6177,-2.5300,-4.6900,-46.5200,0.0384,-0.0506,-0.0048
2188815948,38.633440046,-0.266875217,861.6150,-2.2300,-3.9400,-46.9200,0.0501,-0.0529,0.0818
2188866972,38.633440054,-0.266875254,861.6134,-1.9100,-3.4600,-47.3400,0.0541,-0.0172,0.0102
2188917997,38.633440062,-0.266875267,861.6141,-1.6700,-3.0400,-47.6800,0.0262,0.0400,0.0259
2188969022,38.633440055,-0.266875255,861.6143,-1.4400,-2.0300,-47.7800,0.0061,0.0443,0.0235
2189020047,38.633440051,-0.266875246,861.6144,-1.0300,-1.9900,-47.7800,0.0154,0.0418,0.0277
2189071072,38.633440037,-0.266875215,861.6140,-0.6400,-1.7200,-47.7600,0.0164,0.0404,0.0181
2189112140,38.633440027,-0.266875190,861.6140,-0.4500,-1.4200,-47.7600,0.0074,0.0453,0.0029
2189163165,38.633440011,-0.266875155,861.6155,-0.4600,-1.5600,-47.5700,0.0050,0.0481,0.0001
2189214190,38.633440003,-0.266875125,861.6164,-0.3800,-1.5200,-47.5700,0.0104,0.0377,-0.0325
2189265215,38.633439987,-0.266875106,861.6184,-0.3900,-1.5000,-47.4600,-0.0094,0.0617,-0.0056
2189316240,38.633439967,-0.266875079,861.6210,-0.4900,-1.6400,-47.0800,-0.0076,0.0629,-0.0021
2189367264,38.633439953,-0.266875049,861.6187,0.3300,-0.5500,-46.9200,0.0027,0.0738,0.1345
2189418289,38.633439942,-0.266875022,861.6181,0.5200,0.7700,-46.8900,0.0021,0.0542,-0.0511
2189469314,38.633439935,-0.266875025,861.6190,0.5800,0.9500,-47.0900,0.0145,0.0405,0.0003
2189510383,38.633439942,-0.266875030,861.6193,0.5600,0.5000,-46.9800,0.0355,0.0287,-0.0106
2189561408,38.633439943,-0.266875029,861.6196,0.5600,0.4700,-46.9700,-0.0013,0.0549,-0.0034
2189612432,38.633439943,-0.266875021,861.6202,0.5400,0.9100,-47.0000,0.0094,0.0452,-0.0093
2189663457,38.633439937,-0.266875010,861.6213,0.5400,0.9000,-47.0100,0.0138,0.0430,-0.0039
2189714482,38.633439933,-0.266874997,861.6224,0.5500,0.8800,-47.0000,0.0116,0.0447,-0.0084
2189765507,38.633439929,-0.266874980,861.6235,0.5400,0.9300,-47.0200,0.0096,0.0456,-0.0090
2189816532,38.633439927,-0.266874962,861.6243,0.5500,0.8900,-47.0200,0.0118,0.0454,-0.0077
2189867556,38.633439931,-0.266874966,861.6241,0.5500,0.8900,-47.0300,0.0106,0.0455,-0.0095
2189908625,38.633439935,-0.266874966,861.6240,0.5400,0.9200,-47.0400,0.0119,0.0446,-0.0089
2189959650,38.633439941,-0.266874963,861.6238,0.5500,0.8800,-47.0500,0.0130,0.0440,-0.0084
2190010675,38.633439947,-0.266874956,861.6237,0.5400,0.9000,-47.0600,0.0127,0.0445,-0.0093
2190061700,38.633439943,-0.266874958,861.6235,0.5400,0.9000,-47.0700,0.0138,0.0431,-0.0077
2190112724,38.633439939,-0.266874958,861.6232,0.5500,0.8800,-47.0800,0.0128,0.0430,-0.0082
2190163749,38.633439935,-0.266874955,861.6229,0.5400,0.9000,-47.0900,0.0123,0.0429,-0.0082
2190214774,38.633439933,-0.266874948,861.6227,0.5400,0.8900,-47.1000,0.0131,0.0422,-0.0074
2190265799,38.633439933,-0.266874939,861.6226,0.5400,0.8900,-47.1100,0.0124,0.0428,-0.0083
2190306868,38.633439933,-0.266874929,861.6225,0.5400,0.9100,-47.1200,0.0127,0.0428,-0.0079
2190357892,38.633439935,-0.266874915,861.6224,0.5400,0.8900,-47.1200,0.0133,0.0427,-0.0073
2190408917,38.633439937,-0.266874898,861.6225,0.5400,0.9000,-47.1300,0.0128,0.0436,-0.0080
2190459942,38.633439940,-0.266874879,861.6228,0.5400,0.9000,-47.1500,0.0137,0.0437,-0.0071
2190510967,38.633439943,-0.266874858,861.6231,0.5500,0.8900,-47.1500,0.0137,0.0445,-0.0078
2190561992,38.633439948,-0.266874835,861.6235,0.5400,0.9000,-47.1600,0.0139,0.0452,-0.0082
2190613016,38.633439953,-0.266874810,861.6239,0.5500,0.9000,-47.1700,0.0149,0.0457,-0.0079
2190664041,38.633439954,-0.266874788,861.6235,0.5500,0.8900,-47.1800,0.0145,0.0464,-0.0084
2190705110,38.633439955,-0.266874769,861.6232,0.5400,0.9000,-47.1900,0.0148,0.0468,-0.0080
2190756135,38.633439956,-0.266874744,861.6230,0.5500,0.8900,-47.2000,0.0153,0.0470,-0.0075
2190807160,38.633439959,-0.266874718,861.6231,0.5500,0.9000,-47.2100,0.0150,0.0477,-0.0078
2190858184,38.633439963,-0.266874691,861.6233,0.5500,0.9000,-47.2200,0.0158,0.0482,-0.0070
2190909209,38.633439967,-0.266874663,861.6235,0.5500,0.8900,-47.2300,0.0159,0.0492,-0.0075
2190960234,38.633439972,-0.266874633,861.6238,0.5500,0.9000,-47.2300,0.0160,0.0500,-0.0078
2191011259,38.633439978,-0.266874603,861.6242,0.5500,0.9000,-47.2400,0.0166,0.0503,-0.0077
2191062284,38.633439985,-0.266874571,861.6246,0.5500,0.9000,-47.2500,0.0167,0.0513,-0.0080
2191103352,38.633439990,-0.266874545,861.6249,0.5500,0.9000,-47.2600,0.0171,0.0520,-0.0079
2191154377,38.633439998,-0.266874511,861.6251,0.5500,0.9000,-47.2600,0.0177,0.0527,-0.0075
2191205402,38.633440006,-0.266874476,861.6250,0.5500,0.9000,-47.2700,0.0179,0.0538,-0.0078
2191256427,38.633440015,-0.266874441,861.6247,0.5500,0.9000,-47.2800,0.0188,0.0545,-0.0073
2191307452,38.633440026,-0.266874404,861.6244,0.5500,0.9000,-47.2900,0.0193,0.0557,-0.0074
2191358476,38.633440036,-0.266874367,861.6238,0.5500,0.9000,-47.3000,0.0198,0.0566,-0.0075
2191409501,38.633440047,-0.266874329,861.6235,0.5500,0.9000,-47.3100,0.0207,0.0576,-0.0072
2191460526,38.633440058,-0.266874290,861.6233,0.5500,0.9000,-47.3100,0.0209,0.0585,-0.0073
2191501595,38.633440068,-0.266874258,861.6232,0.5500,0.9100,-47.3200,0.0215,0.0592,-0.0073
2191552620,38.633440081,-0.266874218,861.6231,0.5500,0.9000,-47.3200,0.0220,0.0600,-0.0072
2191603645,38.633440094,-0.266874177,861.6229,0.5600,0.9000,-47.3300,0.0224,0.0612,-0.0074
2191654669,38.633440108,-0.266874158,861.6223,0.5600,0.9000,-47.3400,0.0231,0.0610,-0.0068
2191705694,38.633440123,-0.266874149,861.6215,0.5600,0.9000,-47.3500,0.0238,0.0608,-0.0066
2191756719,38.633440138,-0.266874136,861.6205,0.5600,0.9000,-47.3600,0.0244,0.0604,-0.0062
2191807744,38.633440154,-0.266874119,861.6198,0.5600,0.9000,-47.3600,0.0254,0.0601,-0.0058
2191858769,38.633440170,-0.266874100,861.6193,0.5600,0.9000,-47.3700,0.0258,0.0604,-0.0059
2191899837,38.633440183,-0.266874081,861.6188,0.5600,0.9000,-47.3800,0.0265,0.0605,-0.0057
2191950862,38.633440199,-0.266874056,861.6184,0.5600,0.9000,-47.3800,0.0273,0.0608,-0.0054
2192001887,38.633440217,-0.266874027,861.6180,0.5600,0.9000,-47.3900,0.0280,0.0615,-0.0053
2192052912,38.633440235,-0.266873996,861.6180,0.5600,0.9000,-47.4000,0.0290,0.0620,-0.0052
2192103937,38.633440254,-0.266873962,861.6182,0.5600,0.9000,-47.4100,0.0298,0.0626,-0.0055
2192154961,38.633440273,-0.266873927,861.6183,0.5600,0.9000,-47.4200,0.0307,0.0634,-0.0056
2192205986,38.633440294,-0.266873889,861.6184,0.5600,0.9000,-47.4200,0.0316,0.0643,-0.0054
2192257011,38.633440315,-0.266873850,861.6184,0.5700,0.9000,-47.4300,0.0326,0.0652,-0.0055
2192298080,38.633440332,-0.266873817,861.6182,0.5700,0.9000,-47.4400,0.0335,0.0658,-0.0051
2192349105,38.633440354,-0.266873776,861.6179,0.5700,0.9000,-47.4500,0.0343,0.0667,-0.0051
2192400129,38.633440377,-0.266873732,861.6177,0.5700,0.9000,-47.4500,0.0351,0.0676,-0.0050
2192451154,38.633440391,-0.266873728,861.6180,0.5700,0.9000,-47.4600,0.0356,0.0669,-0.0050
2192502179,38.633440403,-0.266873743,861.6186,0.5700,0.9000,-47.4700,0.0358,0.0656,-0.0052
2192553204,38.633440417,-0.266873750,861.6192,0.5700,0.9000,-47.4800,0.0362,0.0649,-0.0054
2192604229,38.633440431,-0.266873749,861.6198,0.5700,0.9000,-47.4800,0.0367,0.0643,-0.0055
2192655253,38.633440436,-0.266873780,861.6202,0.5600,0.9000,-47.4900,0.0363,0.0623,-0.0057
2192696322,38.633440438,-0.266873814,861.6205,0.5600,0.9000,-47.5000,0.0361,0.0604,-0.0057
2192747347,38.633440443,-0.266873848,861.6209,0.5600,0.8900,-47.5000,0.0359,0.0585,-0.0057
2192798372,38.633440449,-0.266873871,861.6212,0.5600,0.8900,-47.5100,0.0360,0.0573,-0.0058
2192849397,38.633440443,-0.266873911,861.6214,0.5600,0.8900,-47.5200,0.0353,0.0553,-0.0056
2192900421,38.633440432,-0.266873955,861.6215,0.5500,0.8900,-47.5200,0.0343,0.0532,-0.0056
2192951446,38.633440425,-0.266873988,861.6218,0.5500,0.8900,-47.5300,0.0335,0.0516,-0.0054
2193002471,38.633440421,-0.266874012,861.6220,0.5500,0.8900,-47.5400,0.0331,0.0503,-0.0055
2193053496,38.633440415,-0.266874049,861.6222,0.5500,0.8900,-47.5500,0.0323,0.0483,-0.0056
2193094565,38.633440411,-0.266874083,861.6222,0.5400,0.8900,-47.5500,0.0320,0.0467,-0.0056
2193145589,38.633440408,-0.266874117,861.6222,0.5400,0.8900,-47.5600,0.0315,0.0452,-0.0056
2193196614,38.633440408,-0.266874142,861.6222,0.5400,0.8900,-47.5600,0.0313,0.0439,-0.0056
2193247639,38.633440408,-0.266874175,861.6222,0.5400,0.8900,-47.5700,0.0312,0.0423,-0.0057
2193298664,38.633440409,-0.266874210,861.6224,0.5400,0.8900,-47.5800,0.0312,0.0412,-0.0057
2193349689,38.633440412,-0.266874236,861.6226,0.5400,0.8900,-47.5800,0.0311,0.0399,-0.0057
2193400714,38.633440418,-0.266874254,861.6229,0.5400,0.8900,-47.5900,0.0314,0.0391,-0.0059
2193451738,38.633440409,-0.266874283,861.6234,0.5400,0.8900,-47.5900,0.0308,0.0377,-0.0061
2193492807,38.633440397,-0.266874309,861.6239,0.5400,0.8900,-47.6000,0.0301,0.0367,-0.0062
2193543832,38.633440386,-0.266874334,861.6244,0.5300,0.8800,-47.6100,0.0292,0.0355,-0.0065
2193594857,38.633440379,-0.266874351,861.6250,0.5300,0.8900,-47.6100,0.0288,0.0347,-0.0065
2193645882,38.633440368,-0.266874371,861.6257,0.5300,0.8900,-47.6200,0.0281,0.0337,-0.0067
2193696906,38.633440354,-0.266874396,861.6265,0.5300,0.8900,-47.6300,0.0272,0.0327,-0.0069
2193747931,38.633440343,-0.266874415,861.6271,0.5300,0.8900,-47.6400,0.0265,0.0318,-0.0072
2193798956,38.633440336,-0.266874427,861.6276,0.5300,0.8900,-47.6400,0.0260,0.0312,-0.0072
2193849981,38.633440320,-0.266874448,861.6278,0.5300,0.8900,-47.6500,0.0251,0.0303,-0.0074
2193891050,38.633440304,-0.266874468,861.6280,0.5200,0.8900,-47.6600,0.0241,0.0295,-0.0075
2193942074,38.633440289,-0.266874487,861.6281,0.5200,0.8900,-47.6600,0.0230,0.0287,-0.0076
2193993099,38.633440277,-0.266874500,861.6283,0.5200,0.8900,-47.6700,0.0224,0.0281,-0.0076
2194044124,38.633440263,-0.266874515,861.6284,0.5200,0.8900,-47.6700,0.0216,0.0276,-0.0077
2194095149,38.633440243,-0.266874534,861.6283,0.5200,0.8900,-47.6800,0.0207,0.0266,-0.0077
2194146174,38.633440228,-0.266874547,861.6279,0.5200,0.8900,-47.6900,0.0198,0.0260,-0.0075
2194197198,38.633440217,-0.266874556,861.6275,0.5200,0.8900,-47.6900,0.0193,0.0257,-0.0072
2194248223,38.633440198,-0.266874572,861.6269,0.5200,0.8900,-47.7000,0.0181,0.0249,-0.0072
2194289292,38.633440180,-0.266874587,861.6265,0.5200,0.8900,-47.7000,0.0173,0.0244,-0.0071
2194340317,38.633440162,-0.266874601,861.6258,0.5200,0.8900,-47.7100,0.0164,0.0238,-0.0071
2194391342,38.633440148,-0.266874609,861.6252,0.5200,0.8900,-47.7200,0.0157,0.0233,-0.0070
2194442366,38.633440133,-0.266874621,861.6247,0.5200,0.8900,-47.7200,0.0148,0.0229,-0.0070
2194493391,38.633440115,-0.266874637,861.6241,0.5100,0.8900,-47.7300,0.0140,0.0224,-0.0069
2194544416,38.633440100,-0.266874649,861.6235,0.5100,0.8900,-47.7400,0.0133,0.0218,-0.0069
2194595441,38.633440089,-0.266874656,861.6230,0.5100,0.8900,-47.7500,0.0126,0.0215,-0.0068
2194646466,38.633440078,-0.266874663,861.6225,0.5100,0.8900,-47.7500,0.0120,0.0212,-0.0066
2194687535,38.633440066,-0.266874671,861.6222,0.5100,0.8900,-47.7600,0.0114,0.0210,-0.0066
2194738559,38.633440055,-0.266874677,861.6220,0.5100,0.8900,-47.7600,0.0108,0.0208,-0.0065
2194789584,38.633440046,-0.266874680,861.6215,0.5100,0.8900,-47.7700,0.0102,0.0207,-0.0064
2194840609,38.633440039,-0.266874686,861.6208,0.5100,0.8900,-47.7800,0.0100,0.0205,-0.0063
2194891634,38.633440033,-0.266874697,861.6197,0.5100,0.8900,-47.7900,0.0097,0.0201,-0.0060
2194942659,38.633440028,-0.266874704,861.6187,0.5100,0.8900,-47.7900,0.0095,0.0199,-0.0055
2194993683,38.633440026,-0.266874707,861.6178,0.5100,0.8900,-47.8000,0.0094,0.0197,-0.0053
2195044708,38.633440023,-0.266874714,861.6173,0.5100,0.8900,-47.8000,0.0093,0.0195,-0.0053
2195085777,38.633440020,-0.266874724,861.6171,0.5100,0.8900,-47.8100,0.0092,0.0192,-0.0052
2195136802,38.633440018,-0.266874733,861.6167,0.5100,0.8900,-47.8200,0.0090,0.0188,-0.0052
2195187827,38.633440017,-0.266874738,861.6161,0.5100,0.8900,-47.8200,0.0092,0.0186,-0.0052
2195238852,38.633440017,-0.266874746,861.6156,0.5100,0.8900,-47.8300,0.0092,0.0182,-0.0051
2195289876,38.633440018,-0.266874759,861.6152,0.5100,0.8900,-47.8300,0.0095,0.0177,-0.0049
2195340901,38.633440019,-0.266874768,861.6146,0.5100,0.8900,-47.8400,0.0096,0.0174,-0.0050
2195391926,38.633440022,-0.266874773,861.6140,0.5100,0.8900,-47.8500,0.0100,0.0172,-0.0051
2195442951,38.633440023,-0.266874780,861.6137,0.5100,0.8900,-47.8500,0.0101,0.0171,-0.0051
2195484020,38.633440022,-0.266874788,861.6136,0.5100,0.8900,-47.8600,0.0101,0.0169,-0.0052
2195535044,38.633440022,-0.266874795,861.6132,0.5100,0.8900,-47.8600,0.0101,0.0165,-0.0050
2195586069,38.633440024,-0.266874799,861.6128,0.5100,0.8900,-47.8700,0.0103,0.0164,-0.0051
2195637094,38.633440025,-0.266874803,861.6126,0.5100,0.8900,-47.8800,0.0105,0.0162,-0.0051
2195688119,38.633440021,-0.266874815,861.6124,0.5200,0.8800,-47.8900,0.0103,0.0158,-0.0050
2195739144,38.633440020,-0.266874823,861.6124,0.5200,0.8900,-47.8900,0.0104,0.0155,-0.0052
2195790169,38.633440020,-0.266874828,861.6124,0.5100,0.8800,-47.9000,0.0105,0.0154,-0.0053
2195841193,38.633440019,-0.266874834,861.6120,0.5100,0.8800,-47.9000,0.0104,0.0153,-0.0054
2195882262,38.633440017,-0.266874841,861.6119,0.5100,0.8800,-47.9100,0.0104,0.0151,-0.0056
2195933287,38.633440016,-0.266874847,861.6119,0.5100,0.8800,-47.9100,0.0106,0.0150,-0.0057
2195984312,38.633440016,-0.266874849,861.6119,0.5100,0.8800,-47.9200,0.0106,0.0148,-0.0058
2196035337,38.633440018,-0.266874850,861.6120,0.5100,0.8800,-47.9200,0.0107,0.0147,-0.0058
2196086362,38.633440016,-0.266874858,861.6115,0.5100,0.8800,-47.9300,0.0107,0.0145,-0.0058
2196137386,38.633440015,-0.266874863,861.6108,0.5100,0.8800,-47.9300,0.0106,0.0143,-0.0057
2196188411,38.633440016,-0.266874865,861.6100,0.5100,0.8800,-47.9400,0.0106,0.0142,-0.0056
2196239436,38.633440014,-0.266874870,861.6092,0.5100,0.8800,-47.9400,0.0104,0.0141,-0.0053
2196280505,38.633440010,-0.266874877,861.6083,0.5100,0.8800,-47.9400,0.0102,0.0139,-0.0051
2196331530,38.633440006,-0.266874882,861.6074,0.5100,0.8800,-47.9500,0.0099,0.0137,-0.0048
2196382554,38.633440004,-0.266874885,861.6067,0.5100,0.8900,-47.9500,0.0098,0.0135,-0.0046
2196433579,38.633440002,-0.266874889,861.6061,0.5100,0.8900,-47.9600,0.0097,0.0132,-0.0044
2196484604,38.633439997,-0.266874901,861.6057,0.5100,0.8800,-47.9600,0.0096,0.0127,-0.0043
2196535629,38.633439994,-0.266874910,861.6055,0.5100,0.8800,-47.9700,0.0095,0.0123,-0.0043
2196586654,38.633439992,-0.266874916,861.6055,0.5100,0.8800,-47.9700,0.0096,0.0120,-0.0042
2196637678,38.633439988,-0.266874922,861.6054,0.5100,0.8800,-47.9700,0.0094,0.0117,-0.0043
2196678747,38.633439983,-0.266874927,861.6055,0.5100,0.8800,-47.9800,0.0090,0.0117,-0.0042
2196729772,38.633439978,-0.266874931,861.6055,0.5100,0.8800,-47.9800,0.0087,0.0115,-0.0044
2196780797,38.633439974,-0.266874932,861.6055,0.5100,0.8800,-47.9800,0.0086,0.0115,-0.0045
2196831822,38.633439971,-0.266874934,861.6055,0.5100,0.8900,-47.9900,0.0086,0.0115,-0.0043
2196882847,38.633439966,-0.266874938,861.6046,0.5100,0.8900,-47.9900,0.0084,0.0115,-0.0042
2196933871,38.633439962,-0.266874941,861.6039,0.5100,0.8900,-48.0000,0.0083,0.0115,-0.0040
2196984896,38.633439960,-0.266874941,861.6031,0.5100,0.8900,-48.0000,0.0081,0.0117,-0.0038
2197035921,38.633439958,-0.266874941,861.6022,0.5100,0.8900,-48.0100,0.0078,0.0118,-0.0035
2197076990,38.633439953,-0.266874946,861.6018,0.5100,0.8900,-48.0100,0.0077,0.0116,-0.0035
2197128015,38.633439948,-0.266874950,861.6011,0.5100,0.8900,-48.0200,0.0073,0.0116,-0.0034
2197179039,38.633439945,-0.266874951,861.6006,0.5100,0.8900,-48.0200,0.0071,0.0116,-0.0034
2197230064,38.633439942,-0.266874953,861.6000,0.5100,0.8900,-48.0300,0.0069,0.0116,-0.0033
2197281089,38.633439935,-0.266874963,861.5990,0.5200,0.8900,-48.0300,0.0065,0.0113,-0.0032
2197332114,38.633439930,-0.266874970,861.5982,0.5200,0.8900,-48.0400,0.0063,0.0110,-0.0029
2197383139,38.633439926,-0.266874974,861.5975,0.5200,0.8900,-48.0500,0.0063,0.0109,-0.0027
2197434164,38.633439923,-0.266874979,861.5965,0.5200,0.8900,-48.0500,0.0062,0.0108,-0.0026
2197475232,38.633439918,-0.266874990,861.5954,0.5200,0.8900,-48.0600,0.0059,0.0102,-0.0024
2197526257,38.633439913,-0.266875002,861.5941,0.5200,0.8900,-48.0600,0.0058,0.0098,-0.0020
2197577282,38.633439909,-0.266875010,861.5929,0.5200,0.8900,-48.0700,0.0057,0.0095,-0.0016
2197628307,38.633439907,-0.266875018,861.5919,0.5100,0.8900,-48.0700,0.0057,0.0092,-0.0013
2197679332,38.633439906,-0.266875030,861.5904,0.5100,0.8900,-48.0800,0.0060,0.0086,-0.0010
2197730357,38.633439907,-0.266875040,861.5892,0.5100,0.8900,-48.0900,0.0062,0.0084,-0.0008
2197781381,38.633439908,-0.266875047,861.5881,0.5100,0.8800,-48.0900,0.0063,0.0082,-0.0005
2197832406,38.633439910,-0.266875053,861.5873,0.5100,0.8800,-48.1000,0.0065,0.0079,-0.0001
2197873475,38.633439910,-0.266875061,861.5864,0.5100,0.8800,-48.1000,0.0067,0.0075,0.0001
2197924500,38.633439911,-0.266875069,861.5854,0.5100,0.8800,-48.1100,0.0069,0.0073,0.0004
2197975525,38.633439914,-0.266875074,861.5845,0.5100,0.8800,-48.1100,0.0073,0.0071,0.0007
2198026549,38.633439916,-0.266875079,861.5836,0.5100,0.8800,-48.1200,0.0076,0.0070,0.0009
2198077574,38.633439914,-0.266875088,861.5822,0.5100,0.8800,-48.1200,0.0075,0.0068,0.0013
2198128599,38.633439914,-0.266875094,861.5809,0.5200,0.8800,-48.1300,0.0075,0.0065,0.0015
2198179624,38.633439915,-0.266875098,861.5795,0.5100,0.8800,-48.1300,0.0076,0.0065,0.0018
2198230649,38.633439915,-0.266875102,861.5784,0.5100,0.8800,-48.1400,0.0076,0.0065,0.0022
2198271718,38.633439913,-0.266875109,861.5780,0.5100,0.8800,-48.1400,0.0075,0.0062,0.0023
2198322742,38.633439912,-0.266875116,861.5774,0.5100,0.8800,-48.1400,0.0077,0.0060,0.0024
2198373767,38.633439912,-0.266875121,861.5768,0.5100,0.8800,-48.1500,0.0076,0.0058,0.0023
2198424792,38.633439913,-0.266875124,861.5764,0.5100,0.8800,-48.1600,0.0077,0.0058,0.0022
2198475817,38.633439911,-0.266875132,861.5761,0.5100,0.8800,-48.1600,0.0077,0.0055,0.0021
2198526842,38.633439910,-0.266875138,861.5759,0.5100,0.8800,-48.1600,0.0077,0.0053,0.0020
2198577867,38.633439909,-0.266875143,861.5758,0.5100,0.8800,-48.1700,0.0076,0.0051,0.0020
2198628891,38.633439908,-0.266875147,861.5756,0.5100,0.8800,-48.1700,0.0075,0.0049,0.0019
2198669960,38.633439904,-0.266875154,861.5752,0.5100,0.8800,-48.1700,0.0071,0.0046,0.0020
2198720985,38.633439899,-0.266875161,861.5746,0.5100,0.8800,-48.1800,0.0068,0.0043,0.0021
2198772010,38.633439896,-0.266875166,861.5740,0.5100,0.8800,-48.1800,0.0066,0.0041,0.0022
2198823035,38.633439893,-0.266875169,861.5735,0.5100,0.8800,-48.1800,0.0064,0.0041,0.0023
2198874059,38.633439890,-0.266875175,861.5725,0.5100,0.8800,-48.1800,0.0062,0.0040,0.0026
2198925084,38.633439888,-0.266875180,861.5716,0.5100,0.8800,-48.1900,0.0061,0.0039,0.0028
2198976109,38.633439887,-0.266875183,861.5707,0.5100,0.8800,-48.1900,0.0061,0.0040,0.0029
2199027134,38.633439886,-0.266875185,861.5699,0.5100,0.8800,-48.2000,0.0062,0.0039,0.0031
2199068203,38.633439882,-0.266875190,861.5695,0.5100,0.8800,-48.2000,0.0059,0.0038,0.0030
2199119228,38.633439879,-0.266875195,861.5693,0.5100,0.8800,-48.2000,0.0057,0.0036,0.0030
2199170252,38.633439876,-0.266875198,861.5689,0.5100,0.8800,-48.2100,0.0053,0.0037,0.0029
2199221277,38.633439874,-0.266875200,861.5684,0.5100,0.8800,-48.2100,0.0053,0.0037,0.0029
2199272302,38.633439871,-0.266875205,861.5680,0.5100,0.8800,-48.2200,0.0050,0.0035,0.0027
2199323327,38.633439869,-0.266875208,861.5677,0.5100,0.8800,-48.2200,0.0050,0.0033,0.0027
2199374352,38.633439868,-0.266875210,861.5672,0.5100,0.8800,-48.2300,0.0051,0.0033,0.0026
2199425376,38.633439868,-0.266875211,861.5667,0.5100,0.8800,-48.2300,0.0051,0.0034,0.0026
2199466445,38.633439865,-0.266875212,861.5661,0.5100,0.8800,-48.2400,0.0050,0.0035,0.0027
2199517470,38.633439862,-0.266875212,861.5651,0.5100,0.8800,-48.2400,0.0048,0.0038,0.0030
2199568495,38.633439860,-0.266875211,861.5639,0.5100,0.8800,-48.2500,0.0048,0.0039,0.0031
2199619520,38.633439860,-0.266875209,861.5624,0.5100,0.8800,-48.2500,0.0048,0.0041,0.0035
2199670544,38.633439860,-0.266875212,861.5604,0.5100,0.8800,-48.2600,0.0050,0.0041,0.0038
2199721569,38.633439861,-0.266875214,861.5586,0.5100,0.8800,-48.2600,0.0054,0.0041,0.0043
2199772594,38.633439863,-0.266875214,861.5568,0.5100,0.8800,-48.2700,0.0056,0.0040,0.0047
2199823620,38.633439866,-0.266875214,861.5553,0.5100,0.8800,-48.2700,0.0059,0.0039,0.0051
2199864688,38.633439865,-0.266875215,861.5549,0.5200,0.8800,-48.2800,0.0059,0.0041,0.0050
2199915713,38.633439865,-0.266875215,861.5545,0.5200,0.8800,-48.2800,0.0060,0.0041,0.0049
2199966737,38.633439866,-0.266875214,861.5540,0.5200,0.8800,-48.2900,0.0061,0.0043,0.0049
2200017762,38.633439867,-0.266875212,861.5534,0.5200,0.8800,-48.2900,0.0064,0.0044,0.0049
2200068787,38.633439866,-0.266875214,861.5534,0.5200,0.8700,-48.3000,0.0062,0.0044,0.0048
2200119812,38.633439866,-0.266875215,861.5533,0.5200,0.8700,-48.3000,0.0063,0.0045,0.0048
2200170837,38.633439866,-0.266875215,861.5525,0.5200,0.8700,-48.3100,0.0063,0.0046,0.0048
2200221862,38.633439867,-0.266875214,861.5517,0.5200,0.8700,-48.3200,0.0065,0.0046,0.0048
2200262930,38.633439867,-0.266875215,861.5514,0.5200,0.8700,-48.3200,0.0067,0.0047,0.0047
2200313955,38.633439869,-0.266875215,861.5508,0.5200,0.8700,-48.3300,0.0070,0.0048,0.0045
2200364980,38.633439871,-0.266875214,861.5502,0.5200,0.8700,-48.3300,0.0073,0.0048,0.0045
2200416005,38.633439873,-0.266875213,861.5497,0.5200,0.8700,-48.3400,0.0075,0.0051,0.0044
2200467030,38.633439877,-0.266875212,861.5493,0.5200,0.8700,-48.3400,0.0080,0.0054,0.0043
2200518054,38.633439882,-0.266875210,861.5489,0.5200,0.8700,-48.3400,0.0084,0.0055,0.0042
2200569079,38.633439888,-0.266875208,861.5487,0.5200,0.8700,-48.3500,0.0091,0.0056,0.0041
2200620104,38.633439894,-0.266875205,861.5485,0.5300,0.8700,-48.3500,0.0097,0.0057,0.0040
2200661173,38.633439897,-0.266875204,861.5484,0.5300,0.8700,-48.3500,0.0101,0.0058,0.0041
2200712198,38.633439903,-0.266875203,861.5482,0.5300,0.8700,-48.3600,0.0107,0.0059,0.0040
2200763223,38.633439909,-0.266875200,861.5480,0.5300,0.8700,-48.3600,0.0113,0.0060,0.0039
2200814247,38.633439915,-0.266875196,861.5483,0.5300,0.8700,-48.3700,0.0119,0.0062,0.0037
2200865272,38.633439917,-0.266875195,861.5487,0.5300,0.8700,-48.3700,0.0118,0.0063,0.0035
2200916297,38.633439918,-0.266875193,861.5491,0.5300,0.8700,-48.3800,0.0120,0.0064,0.0033
2200967322,38.633439920,-0.266875191,861.5492,0.5300,0.8700,-48.3900,0.0120,0.0065,0.0032
2201018347,38.633439923,-0.266875188,861.5493,0.5300,0.8700,-48.3900,0.0121,0.0068,0.0031
2201059416,38.633439924,-0.266875186,861.5499,0.5300,0.8700,-48.4000,0.0121,0.0069,0.0029
2201110440,38.633439924,-0.266875183,861.5505,0.5300,0.8700,-48.4000,0.0122,0.0071,0.0024
2201161465,38.633439926,-0.266875179,861.5511,0.5300,0.8700,-48.4100,0.0122,0.0072,0.0020
2201212490,38.633439929,-0.266875175,861.5514,0.5300,0.8700,-48.4100,0.0124,0.0074,0.0018
2201263515,38.633439929,-0.266875171,861.5515,0.5300,0.8700,-48.4200,0.0125,0.0076,0.0018
2201314540,38.633439929,-0.266875166,861.5515,0.5300,0.8700,-48.4200,0.0126,0.0077,0.0018
2201365565,38.633439931,-0.266875160,861.5513,0.5300,0.8700,-48.4200,0.0127,0.0079,0.0017
2201416589,38.633439934,-0.266875154,861.5510,0.5300,0.8700,-48.4300,0.0130,0.0082,0.0017
2201457658,38.633439932,-0.266875153,861.5508,0.5300,0.8700,-48.4300,0.0128,0.0082,0.0017
2201508683,38.633439928,-0.266875151,861.5508,0.5300,0.8700,-48.4300,0.0125,0.0080,0.0017
2201559708,38.633439925,-0.266875149,861.5509,0.5200,0.8700,-48.4400,0.0123,0.0078,0.0015
2201610733,38.633439924,-0.266875146,861.5512,0.5200,0.8700,-48.4400,0.0121,0.0077,0.0012
2201661757,38.633439919,-0.266875146,861.5511,0.5200,0.8700,-48.4400,0.0118,0.0076,0.0010
2201712782,38.633439914,-0.266875145,861.5510,0.5200,0.8700,-48.4400,0.0114,0.0075,0.0010
2201763807,38.633439910,-0.266875144,861.5511,0.5200,0.8700,-48.4500,0.0110,0.0074,0.0007
2201814832,38.633439908,-0.266875142,861.5512,0.5200,0.8700,-48.4500,0.0109,0.0073,0.0006
2201855901,38.633439905,-0.266875140,861.5515,0.5200,0.8700,-48.4500,0.0107,0.0073,0.0006
2201906926,38.633439903,-0.266875138,861.5519,0.5200,0.8700,-48.4600,0.0107,0.0075,0.0003
2201957950,38.633439902,-0.266875135,861.5524,0.5200,0.8700,-48.4600,0.0107,0.0074,0.0002
2202008975,38.633439902,-0.266875131,861.5531,0.5200,0.8700,-48.4600,0.0107,0.0076,-0.0001
2202060000,38.633439902,-0.266875129,861.5538,0.5200,0.8700,-48.4600,0.0107,0.0074,-0.0003
2202111025,38.633439900,-0.266875130,861.5546,0.5200,0.8700,-48.4700,0.0106,0.0073,-0.0006
2202162050,38.633439899,-0.266875130,861.5559,0.5200,0.8700,-48.4700,0.0105,0.0071,-0.0009
2202213075,38.633439900,-0.266875129,861.5571,0.5200,0.8700,-48.4800,0.0104,0.0070,-0.0011
2202254143,38.633439898,-0.266875133,861.5578,0.5200,0.8700,-48.4800,0.0102,0.0065,-0.0013
2202305168,38.633439895,-0.266875140,861.5588,0.5200,0.8700,-48.4800,0.0102,0.0060,-0.0014
2202356193,38.633439893,-0.266875146,861.5598,0.5200,0.8700,-48.4900,0.0101,0.0055,-0.0017
2202407218,38.633439893,-0.266875150,861.5605,0.5200,0.8700,-48.4900,0.0101,0.0052,-0.0018
2202458243,38.633439892,-0.266875157,861.5612,0.5200,0.8700,-48.5000,0.0102,0.0050,-0.0020
2202509268,38.633439891,-0.266875165,861.5620,0.5200,0.8700,-48.5000,0.0103,0.0045,-0.0022
2202560293,38.633439891,-0.266875171,861.5626,0.5200,0.8600,-48.5100,0.0103,0.0039,-0.0023
2202611317,38.633439892,-0.266875176,861.5632,0.5200,0.8600,-48.5100,0.0103,0.0037,-0.0024
2202652386,38.633439892,-0.266875179,861.5636,0.5200,0.8600,-48.5100,0.0104,0.0035,-0.0025
2202703411,38.633439892,-0.266875183,861.5640,0.5200,0.8600,-48.5200,0.0106,0.0034,-0.0027
2202754436,38.633439893,-0.266875186,861.5645,0.5200,0.8600,-48.5200,0.0109,0.0034,-0.0029
2202805461,38.633439895,-0.266875187,861.5650,0.5200,0.8600,-48.5300,0.0111,0.0033,-0.0031
2202856486,38.633439894,-0.266875192,861.5656,0.5200,0.8600,-48.5300,0.0111,0.0030,-0.0032
2202907510,38.633439892,-0.266875197,861.5663,0.5100,0.8600,-48.5300,0.0110,0.0026,-0.0033
2202958535,38.633439891,-0.266875202,861.5670,0.5100,0.8600,-48.5400,0.0108,0.0023,-0.0034
2203009560,38.633439891,-0.266875205,861.5677,0.5100,0.8600,-48.5400,0.0106,0.0021,-0.0035
2203050629,38.633439889,-0.266875210,861.5681,0.5100,0.8600,-48.5500,0.0104,0.0018,-0.0037
2203101654,38.633439886,-0.266875216,861.5684,0.5100,0.8600,-48.5500,0.0100,0.0013,-0.0036
2203152678,38.633439883,-0.266875222,861.5688,0.5100,0.8600,-48.5600,0.0100,0.0009,-0.0036
2203203703,38.633439882,-0.266875227,861.5690,0.5100,0.8600,-48.5600,0.0099,0.0007,-0.0037
2203254728,38.633439881,-0.266875231,861.5694,0.5100,0.8600,-48.5600,0.0098,0.0004,-0.0037
2203305753,38.633439879,-0.266875236,861.5700,0.5100,0.8600,-48.5700,0.0097,-0.0000,-0.0038
2203356778,38.633439878,-0.266875240,861.5708,0.5100,0.8600,-48.5700,0.0096,-0.0002,-0.0040
2203407803,38.633439878,-0.266875243,861.5716,0.5100,0.8600,-48.5800,0.0096,-0.0005,-0.0042
2203448871,38.633439877,-0.266875244,861.5724,0.5100,0.8600,-48.5800,0.0096,-0.0006,-0.0043
2203499896,38.633439876,-0.266875245,861.5737,0.5100,0.8600,-48.5900,0.0096,-0.0005,-0.0047
2203550921,38.633439876,-0.266875244,861.5751,0.5100,0.8600,-48.5900,0.0095,-0.0004,-0.0051
2203601946,38.633439877,-0.266875243,861.5762,0.5100,0.8600,-48.6000,0.0096,-0.0002,-0.0052
2203652971,38.633439876,-0.266875243,861.5773,0.5100,0.8600,-48.6000,0.0096,-0.0000,-0.0056
2203703996,38.633439875,-0.266875244,861.5782,0.5100,0.8600,-48.6100,0.0095,-0.0001,-0.0057
2203755020,38.633439874,-0.266875245,861.5792,0.5100,0.8600,-48.6100,0.0096,-0.0003,-0.0059
2203806045,38.633439875,-0.266875245,861.5802,0.5100,0.8600,-48.6200,0.0096,-0.0002,-0.0061
2203847114,38.633439874,-0.266875247,861.5810,0.5100,0.8600,-48.6200,0.0096,-0.0001,-0.0062
2203898139,38.633439874,-0.266875251,861.5818,0.5100,0.8600,-48.6300,0.0097,-0.0004,-0.0062
2203949164,38.633439874,-0.266875255,861.5828,0.5100,0.8600,-48.6400,0.0099,-0.0006,-0.0063
2204000188,38.633439876,-0.266875258,861.5839,0.5100,0.8600,-48.6400,0.0100,-0.0009,-0.0064
2204051213,38.633439875,-0.266875259,861.5850,0.5100,0.8600,-48.6500,0.0098,-0.0011,-0.0065
2204102238,38.633439871,-0.266875258,861.5860,0.5100,0.8600,-48.6600,0.0095,-0.0008,-0.0067
2204153263,38.633439868,-0.266875258,861.5872,0.5100,0.8600,-48.6600,0.0094,-0.0009,-0.0069
2204204288,38.633439867,-0.266875257,861.5883,0.5100,0.8600,-48.6600,0.0091,-0.0009,-0.0074
2204245357,38.633439865,-0.266875257,861.5886,0.5100,0.8600,-48.6700,0.0090,-0.0009,-0.0073
2204296381,38.633439865,-0.266875259,861.5885,0.5100,0.8600,-48.6700,0.0088,-0.0010,-0.0071
2204347406,38.633439865,-0.266875260,861.5884,0.5100,0.8600,-48.6700,0.0088,-0.0010,-0.0071
2204398431,38.633439865,-0.266875261,861.5884,0.5100,0.8600,-48.6800,0.0087,-0.0011,-0.0069
2204449456,38.633439866,-0.266875263,861.5884,0.5100,0.8600,-48.6800,0.0089,-0.0012,-0.0068
2204500481,38.633439867,-0.266875266,861.5885,0.5100,0.8600,-48.6800,0.0091,-0.0013,-0.0068
2204551506,38.633439868,-0.266875268,861.5889,0.5100,0.8600,-48.6900,0.0092,-0.0014,-0.0066
2204602531,38.633439870,-0.266875270,861.5893,0.5100,0.8600,-48.6900,0.0091,-0.0015,-0.0066
2204643599,38.633439872,-0.266875271,861.5896,0.5100,0.8600,-48.7000,0.0091,-0.0014,-0.0066
2204694624,38.633439870,-0.266875271,861.5897,0.5100,0.8600,-48.7000,0.0091,-0.0012,-0.0066
2204745649,38.633439869,-0.266875271,861.5901,0.5100,0.8600,-48.7100,0.0090,-0.0011,-0.0065
2204796674,38.633439870,-0.266875271,861.5905,0.5100,0.8600,-48.7100,0.0090,-0.0010,-0.0067
2204847699,38.633439869,-0.266875271,861.5909,0.5100,0.8600,-48.7100,0.0088,-0.0010,-0.0066
2204898724,38.633439868,-0.266875270,861.5913,0.5100,0.8600,-48.7200,0.0087,-0.0008,-0.0066
2204949748,38.633439868,-0.266875269,861.5919,0.5100,0.8600,-48.7200,0.0087,-0.0008,-0.0066
2205000773,38.633439869,-0.266875268,861.5927,0.5100,0.8600,-48.7200,0.0086,-0.0007,-0.0068
2205041842,38.633439869,-0.266875267,861.5932,0.5100,0.8600,-48.7300,0.0085,-0.0005,-0.0069
2205092867,38.633439865,-0.266875265,861.5939,0.5100,0.8600,-48.7300,0.0081,-0.0004,-0.0071
2205143892,38.633439863,-0.266875262,861.5945,0.5100,0.8600,-48.7400,0.0079,-0.0004,-0.0072
2205194917,38.633439862,-0.266875259,861.5951,0.5100,0.8700,-48.7400,0.0078,-0.0001,-0.0074
2205245941,38.633439858,-0.266875256,861.5956,0.5100,0.8700,-48.7500,0.0075,0.0002,-0.0076
2205296966,38.633439852,-0.266875252,861.5959,0.5100,0.8700,-48.7500,0.0070,0.0006,-0.0076
2205347991,38.633439847,-0.266875248,861.5963,0.5100,0.8700,-48.7600,0.0067,0.0009,-0.0077
2205399016,38.633439844,-0.266875244,861.5967,0.5100,0.8700,-48.7600,0.0064,0.0012,-0.0077
2205440085,38.633439841,-0.266875242,861.5970,0.5100,0.8700,-48.7700,0.0062,0.0015,-0.0079
2205491110,38.633439837,-0.266875242,861.5975,0.5100,0.8700,-48.7700,0.0058,0.0015,-0.0080
2205542134,38.633439834,-0.266875242,861.5979,0.5100,0.8700,-48.7800,0.0055,0.0015,-0.0081
2205593159,38.633439832,-0.266875241,861.5982,0.5100,0.8700,-48.7800,0.0053,0.0013,-0.0083
2205644184,38.633439829,-0.266875240,861.5983,0.5100,0.8700,-48.7800,0.0050,0.0013,-0.0082
2205695209,38.633439824,-0.266875236,861.5978,0.5100,0.8700,-48.7900,0.0045,0.0015,-0.0081
2205746234,38.633439820,-0.266875233,861.5975,0.5100,0.8700,-48.7900,0.0041,0.0018,-0.0080
2205797259,38.633439818,-0.266875230,861.5974,0.5100,0.8700,-48.7900,0.0039,0.0020,-0.0078
2205838328,38.633439816,-0.266875227,861.5970,0.5100,0.8700,-48.8000,0.0038,0.0021,-0.0077
2205889352,38.633439813,-0.266875224,861.5963,0.5100,0.8700,-48.8000,0.0038,0.0022,-0.0073
2205940377,38.633439812,-0.266875221,861.5958,0.5100,0.8700,-48.8000,0.0037,0.0023,-0.0071
2205991402,38.633439811,-0.266875217,861.5954,0.5100,0.8700,-48.8100,0.0037,0.0024,-0.0067
2206042427,38.633439810,-0.266875216,861.5951,0.5200,0.8700,-48.8100,0.0038,0.0024,-0.0064
2206093452,38.633439810,-0.266875217,861.5945,0.5200,0.8700,-48.8100,0.0039,0.0022,-0.0063
2206144477,38.633439810,-0.266875218,861.5940,0.5200,0.8700,-48.8100,0.0037,0.0019,-0.0063
2206195501,38.633439811,-0.266875218,861.5936,0.5200,0.8700,-48.8200,0.0040,0.0019,-0.0061
2206236570,38.633439811,-0.266875218,861.5933,0.5200,0.8700,-48.8200,0.0039,0.0021,-0.0062
2206287595,38.633439808,-0.266875216,861.5933,0.5200,0.8700,-48.8200,0.0037,0.0021,-0.0063
2206338620,38.633439805,-0.266875214,861.5931,0.5200,0.8700,-48.8300,0.0036,0.0022,-0.0063
2206389645,38.633439803,-0.266875212,861.5929,0.5200,0.8700,-48.8300,0.0035,0.0023,-0.0064
2206440670,38.633439802,-0.266875209,861.5927,0.5200,0.8700,-48.8400,0.0034,0.0024,-0.0064
2206491694,38.633439801,-0.266875204,861.5920,0.5200,0.8700,-48.8400,0.0033,0.0028,-0.0062
2206542719,38.633439800,-0.266875198,861.5916,0.5200,0.8700,-48.8500,0.0035,0.0032,-0.0061
2206593744,38.633439800,-0.266875193,861.5914,0.5200,0.8700,-48.8500,0.0036,0.0036,-0.0060
2206634813,38.633439801,-0.266875189,861.5913,0.5200,0.8700,-48.8500,0.0038,0.0037,-0.0060
2206685838,38.633439801,-0.266875183,861.5912,0.5200,0.8700,-48.8600,0.0038,0.0040,-0.0058
2206736863,38.633439801,-0.266875178,861.5913,0.5200,0.8700,-48.8600,0.0039,0.0043,-0.0057
2206787887,38.633439803,-0.266875173,861.5913,0.5200,0.8700,-48.8700,0.0040,0.0045,-0.0056
2206838912,38.633439804,-0.266875168,861.5912,0.5200,0.8700,-48.8700,0.0041,0.0049,-0.0055
2206889937,38.633439803,-0.266875164,861.5906,0.5200,0.8700,-48.8700,0.0041,0.0050,-0.0052
2206940962,38.633439803,-0.266875161,861.5901,0.5200,0.8700,-48.8800,0.0043,0.0052,-0.0051
2206991987,38.633439804,-0.266875157,861.5896,0.5200,0.8700,-48.8800,0.0044,0.0053,-0.0048
2207033056,38.633439805,-0.266875154,861.5895,0.5200,0.8700,-48.8800,0.0044,0.0054,-0.0048
2207084080,38.633439806,-0.266875153,861.5895,0.5200,0.8700,-48.8800,0.0046,0.0053,-0.0048
2207135105,38.633439807,-0.266875151,861.5895,0.5200,0.8700,-48.8900,0.0047,0.0053,-0.0048
2207186130,38.633439809,-0.266875149,861.5894,0.5200,0.8700,-48.8900,0.0051,0.0055,-0.0047
2207237155,38.633439812,-0.266875148,861.5892,0.5200,0.8700,-48.8900,0.0053,0.0055,-0.0046
2207288180,38.633439812,-0.266875148,861.5887,0.5200,0.8700,-48.9000,0.0054,0.0056,-0.0044
2207339205,38.633439813,-0.266875148,861.5882,0.5200,0.8700,-48.9000,0.0056,0.0055,-0.0042
2207390229,38.633439815,-0.266875147,861.5878,0.5200,0.8700,-48.9000,0.0059,0.0055,-0.0040
2207431298,38.633439816,-0.266875147,861.5876,0.5200,0.8700,-48.9100,0.0060,0.0056,-0.0038
2207482323,38.633439814,-0.266875146,861.5873,0.5200,0.8700,-48.9100,0.0060,0.0056,-0.0037
2207533348,38.633439813,-0.266875145,861.5873,0.5200,0.8700,-48.9100,0.0059,0.0056,-0.0038
2207584373,38.633439813,-0.266875143,861.5876,0.5200,0.8700,-48.9100,0.0061,0.0058,-0.0036
2207635398,38.633439813,-0.266875141,861.5881,0.5200,0.8700,-48.9100,0.0060,0.0060,-0.0037
2207686422,38.633439812,-0.266875141,861.5885,0.5200,0.8700,-48.9200,0.0059,0.0061,-0.0038
2207737447,38.633439812,-0.266875141,861.5889,0.5200,0.8700,-48.9200,0.0058,0.0061,-0.0040
2207788472,38.633439812,-0.266875139,861.5892,0.5300,0.8700,-48.9200,0.0058,0.0062,-0.0041
2207829541,38.633439812,-0.266875139,861.5894,0.5300,0.8700,-48.9200,0.0057,0.0061,-0.0041
2207880566,38.633439813,-0.266875141,861.5896,0.5300,0.8700,-48.9300,0.0059,0.0062,-0.0042
2207931591,38.633439814,-0.266875142,861.5900,0.5300,0.8700,-48.9300,0.0061,0.0062,-0.0043
2207982615,38.633439816,-0.266875142,861.5904,0.5300,0.8700,-48.9300,0.0062,0.0062,-0.0044
2208033640,38.633439818,-0.266875142,861.5908,0.5300,0.8700,-48.9400,0.0067,0.0061,-0.0046
2208084665,38.633439816,-0.266875141,861.5915,0.5300,0.8700,-48.9400,0.0066,0.0061,-0.0049
2208135690,38.633439814,-0.266875140,861.5922,0.5300,0.8700,-48.9400,0.0065,0.0062,-0.0051
2208186715,38.633439814,-0.266875139,861.5929,0.5300,0.8700,-48.9400,0.0064,0.0063,-0.0054
2208227784,38.633439815,-0.266875138,861.5933,0.5300,0.8700,-48.9400,0.0066,0.0063,-0.0054
2208268852,38.633439815,-0.266875140,861.5935,0.5300,0.8700,-48.9400,0.0068,0.0063,-0.0053
2208309921,38.633439816,-0.266875140,861.5939,0.5300,0.8700,-48.9500,0.0070,0.0064,-0.0054
2208350990,38.633439818,-0.266875141,861.5944,0.5300,0.8700,-48.9500,0.0071,0.0064,-0.0054
2208392059,38.633439820,-0.266875141,861.5946,0.5300,0.8700,-48.9500,0.0072,0.0064,-0.0054
2208433127,38.633439822,-0.266875141,861.5948,0.5300,0.8700,-48.9500,0.0074,0.0063,-0.0054
2208484152,38.633439822,-0.266875143,861.5952,0.5300,0.8700,-48.9500,0.0075,0.0061,-0.0055
2208535177,38.633439822,-0.266875145,861.5957,0.5300,0.8700,-48.9500,0.0075,0.0061,-0.0055
2208576246,38.633439823,-0.266875146,861.5962,0.5300,0.8700,-48.9500,0.0076,0.0061,-0.0055
2208627271,38.633439825,-0.266875147,861.5967,0.5300,0.8700,-48.9500,0.0079,0.0060,-0.0055
2208678296,38.633439828,-0.266875152,861.5963,0.5300,0.8700,-48.9500,0.0081,0.0057,-0.0052
2208729321,38.633439831,-0.266875155,861.5961,0.5300,0.8600,-48.9500,0.0084,0.0055,-0.0049
2208780345,38.633439835,-0.266875158,861.5962,0.5300,0.8600,-48.9600,0.0086,0.0052,-0.0047
2208831370,38.633439840,-0.266875160,861.5966,0.5300,0.8600,-48.9600,0.0090,0.0051,-0.0046
2208882395,38.633439845,-0.266875161,861.5970,0.5300,0.8600,-48.9600,0.0092,0.0050,-0.0047
2208933420,38.633439850,-0.266875162,861.5974,0.5300,0.8600,-48.9600,0.0094,0.0050,-0.0048
2208974489,38.633439854,-0.266875162,861.5978,0.5300,0.8600,-48.9600,0.0097,0.0048,-0.0049
2209025514,38.633439860,-0.266875162,861.5986,0.5300,0.8600,-48.9600,0.0100,0.0048,-0.0049
2209076538,38.633439865,-0.266875162,861.5995,0.5400,0.8600,-48.9600,0.0103,0.0047,-0.0049
2209127563,38.633439872,-0.266875162,861.6006,0.5300,0.8600,-48.9600,0.0107,0.0047,-0.0049
2209178588,38.633439878,-0.266875161,861.6018,0.5400,0.8600,-48.9600,0.0110,0.0046,-0.0052
2209229613,38.633439886,-0.266875161,861.6031,0.5300,0.8600,-48.9600,0.0115,0.0044,-0.0055
2209280638,38.633439893,-0.266875160,861.6046,0.5400,0.8600,-48.9600,0.0120,0.0044,-0.0058
2209331663,38.633439901,-0.266875158,861.6061,0.5400,0.8600,-48.9600,0.0124,0.0046,-0.0061
2209372732,38.633439908,-0.266875156,861.6072,0.5400,0.8600,-48.9600,0.0127,0.0047,-0.0062
2209423756,38.633439915,-0.266875154,861.6085,0.5400,0.8600,-48.9700,0.0131,0.0047,-0.0063
2209474781,38.633439921,-0.266875148,861.6096,0.5400,0.8600,-48.9700,0.0133,0.0048,-0.0065
2209525806,38.633439927,-0.266875143,861.6112,0.5400,0.8600,-48.9700,0.0135,0.0049,-0.0066
2209576831,38.633439934,-0.266875138,861.6128,0.5400,0.8600,-48.9700,0.0139,0.0049,-0.0068
2209627856,38.633439940,-0.266875133,861.6142,0.5400,0.8600,-48.9800,0.0141,0.0050,-0.0070
2209678881,38.633439939,-0.266875122,861.6155,0.5400,0.8600,-48.9800,0.0139,0.0052,-0.0071
2209729906,38.633439940,-0.266875113,861.6167,0.5400,0.8600,-48.9800,0.0137,0.0054,-0.0072
2209770974,38.633439941,-0.266875106,861.6176,0.5400,0.8600,-48.9800,0.0138,0.0055,-0.0074
2209821999,38.633439945,-0.266875098,861.6188,0.5400,0.8600,-48.9800,0.0137,0.0055,-0.0075
2209873024,38.633439941,-0.266875096,861.6196,0.5400,0.8600,-48.9800,0.0135,0.0052,-0.0076
2209924049,38.633439939,-0.266875095,861.6206,0.5300,0.8600,-48.9800,0.0132,0.0051,-0.0076
2209975074,38.633439938,-0.266875093,861.6216,0.5300,0.8600,-48.9800,0.0130,0.0050,-0.0077
2210026099,38.633439939,-0.266875092,861.6227,0.5300,0.8600,-48.9800,0.0130,0.0047,-0.0078
2210077123,38.633439937,-0.266875090,861.6231,0.5300,0.8600,-48.9800,0.0127,0.0046,-0.0076
2210128148,38.633439937,-0.266875089,861.6235,0.5300,0.8600,-48.9800,0.0126,0.0046,-0.0075
2210169217,38.633439938,-0.266875087,861.6238,0.5300,0.8600,-48.9800,0.0126,0.0046,-0.0074
2210220242,38.633439940,-0.266875085,861.6242,0.5300,0.8600,-48.9800,0.0126,0.0045,-0.0073
2210271267,38.633439941,-0.266875088,861.6248,0.5300,0.8600,-48.9800,0.0125,0.0042,-0.0073
2210322292,38.633439943,-0.266875091,861.6255,0.5300,0.8500,-48.9900,0.0126,0.0040,-0.0073
2210373316,38.633439945,-0.266875092,861.6261,0.5300,0.8500,-48.9900,0.0127,0.0036,-0.0073
2210424341,38.633439950,-0.266875094,861.6270,0.5300,0.8500,-48.9900,0.0130,0.0033,-0.0071
2210475366,38.633439954,-0.266875100,861.6277,0.5300,0.8500,-48.9900,0.0132,0.0029,-0.0071
2210526391,38.633439959,-0.266875106,861.6284,0.5300,0.8500,-49.0000,0.0134,0.0026,-0.0072
2210567460,38.633439964,-0.266875110,861.6292,0.5300,0.8500,-49.0000,0.0137,0.0024,-0.0071
2210618485,38.633439971,-0.266875114,861.6300,0.5300,0.8500,-49.0000,0.0143,0.0022,-0.0071
2210669509,38.633439975,-0.266875118,861.6310,0.5300,0.8500,-49.0000,0.0145,0.0020,-0.0072
2210720534,38.633439980,-0.266875121,861.6319,0.5300,0.8500,-49.0000,0.0149,0.0017,-0.0073
2210771559,38.633439986,-0.266875123,861.6328,0.5400,0.8500,-49.0000,0.0151,0.0016,-0.0076
2210822584,38.633439992,-0.266875125,861.6340,0.5400,0.8500,-49.0000,0.0153,0.0015,-0.0076
2210873609,38.633439987,-0.266875130,861.6354,0.5400,0.8500,-49.0000,0.0148,0.0012,-0.0078
2210924634,38.633439984,-0.266875134,861.6367,0.5400,0.8400,-49.0000,0.0146,0.0009,-0.0080
2210965703,38.633439982,-0.266875137,861.6376,0.5400,0.8500,-49.0000,0.0145,0.0008,-0.0081
2211016727,38.633439983,-0.266875140,861.6386,0.5300,0.8400,-49.0000,0.0145,0.0006,-0.0083
2211067752,38.633439975,-0.266875145,861.6397,0.5300,0.8500,-49.0000,0.0140,0.0004,-0.0085
2211118777,38.633439968,-0.266875150,861.6407,0.5300,0.8500,-49.0000,0.0136,0.0003,-0.0086
2211169802,38.633439962,-0.266875155,861.6417,0.5300,0.8500,-48.9900,0.0131,0.0001,-0.0089
2211220827,38.633439959,-0.266875158,861.6427,0.5300,0.8500,-48.9900,0.0130,-0.0002,-0.0093
2211271852,38.633439954,-0.266875168,861.6436,0.5300,0.8500,-48.9900,0.0129,-0.0005,-0.0095
2211322877,38.633439952,-0.266875176,861.6445,0.5300,0.8500,-48.9900,0.0127,-0.0009,-0.0096
2211363945,38.633439950,-0.266875182,861.6453,0.5300,0.8500,-48.9900,0.0126,-0.0012,-0.0097
2211414970,38.633439950,-0.266875188,861.6462,0.5300,0.8500,-48.9900,0.0125,-0.0014,-0.0099
2211465995,38.633439950,-0.266875197,861.6469,0.5300,0.8500,-48.9900,0.0126,-0.0018,-0.0099
2211517020,38.633439951,-0.266875205,861.6475,0.5300,0.8500,-49.0000,0.0125,-0.0020,-0.0099
2211568045,38.633439953,-0.266875212,861.6482,0.5300,0.8400,-49.0000,0.0125,-0.0024,-0.0101
2211619070,38.633439957,-0.266875219,861.6488,0.5300,0.8400,-49.0000,0.0126,-0.0029,-0.0103
2211670094,38.633439955,-0.266875225,861.6496,0.5300,0.8400,-49.0000,0.0124,-0.0030,-0.0105
2211721119,38.633439952,-0.266875231,861.6504,0.5300,0.8400,-49.0100,0.0122,-0.0032,-0.0105
2211762188,38.633439952,-0.266875235,861.6509,0.5300,0.8400,-49.0100,0.0120,-0.0033,-0.0105
2211813213,38.633439951,-0.266875240,861.6515,0.5300,0.8400,-49.0100,0.0117,-0.0036,-0.0106
2211864238,38.633439948,-0.266875249,861.6519,0.5300,0.8500,-49.0100,0.0115,-0.0041,-0.0105
2211915263,38.633439946,-0.266875259,861.6522,0.5300,0.8400,-49.0100,0.0112,-0.0045,-0.0105
2211966288,38.633439944,-0.266875268,861.6526,0.5300,0.8400,-49.0200,0.0110,-0.0049,-0.0104
2212017312,38.633439944,-0.266875276,861.6529,0.5300,0.8400,-49.0200,0.0109,-0.0053,-0.0106
2212068337,38.633439942,-0.266875278,861.6535,0.5300,0.8500,-49.0200,0.0108,-0.0054,-0.0105
2212119362,38.633439941,-0.266875280,861.6541,0.5300,0.8500,-49.0200,0.0106,-0.0054,-0.0104
2212160431,38.633439941,-0.266875281,861.6546,0.5300,0.8500,-49.0200,0.0107,-0.0053,-0.0104
2212211456,38.633439942,-0.266875282,861.6553,0.5300,0.8500,-49.0200,0.0107,-0.0053,-0.0104
2212262481,38.633439943,-0.266875286,861.6559,0.5300,0.8500,-49.0300,0.0108,-0.0052,-0.0105
2212313506,38.633439945,-0.266875290,861.6564,0.5300,0.8500,-49.0300,0.0108,-0.0054,-0.0104
2212364530,38.633439948,-0.266875294,861.6569,0.5300,0.8500,-49.0300,0.0108,-0.0054,-0.0104
2212415555,38.633439951,-0.266875297,861.6571,0.5300,0.8500,-49.0300,0.0108,-0.0056,-0.0104
2212466580,38.633439950,-0.266875302,861.6575,0.5300,0.8500,-49.0300,0.0106,-0.0058,-0.0105
2212517605,38.633439948,-0.266875306,861.6581,0.5300,0.8500,-49.0400,0.0106,-0.0059,-0.0105
2212558674,38.633439948,-0.266875310,861.6585,0.5300,0.8500,-49.0400,0.0106,-0.0060,-0.0106
2212609699,38.633439949,-0.266875314,861.6589,0.5300,0.8500,-49.0400,0.0107,-0.0059,-0.0106
2212660724,38.633439947,-0.266875314,861.6591,0.5300,0.8500,-49.0400,0.0107,-0.0058,-0.0106
2212711748,38.633439944,-0.266875313,861.6594,0.5300,0.8500,-49.0500,0.0107,-0.0058,-0.0106
2212762773,38.633439943,-0.266875312,861.6599,0.5300,0.8500,-49.0500,0.0106,-0.0056,-0.0106
2212813798,38.633439943,-0.266875312,861.6607,0.5300,0.8500,-49.0500,0.0107,-0.0055,-0.0110
2212864823,38.633439942,-0.266875307,861.6617,0.5300,0.8500,-49.0500,0.0106,-0.0051,-0.0112
2212915848,38.633439942,-0.266875302,861.6628,0.5300,0.8600,-49.0600,0.0106,-0.0048,-0.0104
2212956917,38.633439942,-0.266875298,861.6635,0.5300,0.8700,-49.0600,0.0105,-0.0047,-0.0103
2213007942,38.633439944,-0.266875294,861.6642,0.5300,0.8700,-49.0600,0.0109,-0.0045,-0.0105
2213058966,38.633439943,-0.266875292,861.6650,0.5300,0.8600,-49.0600,0.0109,-0.0045,-0.0109
2213109991,38.633439941,-0.266875291,861.6658,0.5300,0.8600,-49.0600,0.0107,-0.0044,-0.0110
2213161016,38.633439941,-0.266875290,861.6667,0.5300,0.8600,-49.0700,0.0106,-0.0042,-0.0112
2213212041,38.633439941,-0.266875290,861.6676,0.5300,0.8600,-49.0700,0.0107,-0.0042,-0.0112
2213263066,38.633439940,-0.266875289,861.6682,0.5300,0.8600,-49.0700,0.0107,-0.0040,-0.0115
2213314091,38.633439939,-0.266875289,861.6687,0.5300,0.8700,-49.0700,0.0105,-0.0039,-0.0112
2213355159,38.633439938,-0.266875288,861.6691,0.5300,0.8700,-49.0700,0.0105,-0.0038,-0.0115
