# t_us, lat_deg, lon_deg, h_m, roll_deg, pitch_deg, yaw_deg, vn_mps, ve_mps, vd_mps
0,51.0000000000,0.0000000000,10.0000,0.331078,-0.931895,-15.916950,0.7149,-0.2160,-1.6833
10000,51.0000000643,-0.0000000308,10.0168,0.332587,-0.931150,-15.893632,0.7166,-0.2159,-1.6835
20000,51.0000001288,-0.0000000615,10.0337,0.334095,-0.930402,-15.870300,0.7183,-0.2158,-1.6837
30000,51.0000001935,-0.0000000922,10.0505,0.335602,-0.929654,-15.846956,0.7200,-0.2156,-1.6839
40000,51.0000002583,-0.0000001229,10.0673,0.337106,-0.928904,-15.823598,0.7217,-0.2155,-1.6840
50000,51.0000003232,-0.0000001536,10.0842,0.338609,-0.928152,-15.800226,0.7233,-0.2154,-1.6842
60000,51.0000003883,-0.0000001843,10.1010,0.340111,-0.927400,-15.776842,0.7250,-0.2153,-1.6843
70000,51.0000004535,-0.0000002150,10.1179,0.341611,-0.926646,-15.753445,0.7267,-0.2151,-1.6845
80000,51.0000005189,-0.0000002456,10.1347,0.343109,-0.925890,-15.730036,0.7284,-0.2150,-1.6846
90000,51.0000005845,-0.0000002762,10.1516,0.344606,-0.925134,-15.706613,0.7301,-0.2149,-1.6848
100000,51.0000006502,-0.0000003068,10.1684,0.346101,-0.924376,-15.683178,0.7318,-0.2147,-1.6849
110000,51.0000007161,-0.0000003374,10.1853,0.347594,-0.923617,-15.659730,0.7335,-0.2146,-1.6851
120000,51.0000007821,-0.0000003680,10.2021,0.349085,-0.922856,-15.636270,0.7351,-0.2144,-1.6852
130000,51.0000008482,-0.0000003985,10.2190,0.350575,-0.922094,-15.612798,0.7368,-0.2143,-1.6853
140000,51.0000009145,-0.0000004290,10.2358,0.352062,-0.921331,-15.589313,0.7385,-0.2141,-1.6854
150000,51.0000009810,-0.0000004595,10.2527,0.353548,-0.920566,-15.565817,0.7402,-0.2140,-1.6856
160000,51.0000010476,-0.0000004900,10.2695,0.355032,-0.919801,-15.542308,0.7419,-0.2138,-1.6857
170000,51.0000011144,-0.0000005204,10.2864,0.356515,-0.919033,-15.518787,0.7436,-0.2136,-1.6858
180000,51.0000011813,-0.0000005508,10.3033,0.357995,-0.918265,-15.495254,0.7452,-0.2135,-1.6859
190000,51.0000012483,-0.0000005812,10.3201,0.359473,-0.917495,-15.471710,0.7469,-0.2133,-1.6860
200000,51.0000013156,-0.0000006116,10.3370,0.360949,-0.916724,-15.448153,0.7486,-0.2131,-1.6861
210000,51.0000013829,-0.0000006420,10.3538,0.362423,-0.915952,-15.424586,0.7503,-0.2129,-1.6861
220000,51.0000014504,-0.0000006723,10.3707,0.363895,-0.915178,-15.401006,0.7520,-0.2128,-1.6862
230000,51.0000015181,-0.0000007026,10.3876,0.365366,-0.914403,-15.377416,0.7536,-0.2126,-1.6863
240000,51.0000015859,-0.0000007328,10.4044,0.366833,-0.913627,-15.353814,0.7553,-0.2124,-1.6864
250000,51.0000016539,-0.0000007631,10.4213,0.368299,-0.912849,-15.330200,0.7570,-0.2122,-1.6864
260000,51.0000017220,-0.0000007933,10.4381,0.369763,-0.912070,-15.306576,0.7587,-0.2120,-1.6865
270000,51.0000017903,-0.0000008235,10.4550,0.371224,-0.911290,-15.282941,0.7603,-0.2118,-1.6866
280000,51.0000018587,-0.0000008536,10.4719,0.372684,-0.910508,-15.259294,0.7620,-0.2116,-1.6866
290000,51.0000019273,-0.0000008838,10.4887,0.374141,-0.909725,-15.235637,0.7637,-0.2114,-1.6867
300000,51.0000019960,-0.0000009139,10.5056,0.375595,-0.908941,-15.211969,0.7653,-0.2112,-1.6867
310000,51.0000020649,-0.0000009439,10.5225,0.377048,-0.908156,-15.188291,0.7670,-0.2110,-1.6867
320000,51.0000021339,-0.0000009740,10.5393,0.378498,-0.907369,-15.164602,0.7687,-0.2107,-1.6868
330000,51.0000022031,-0.0000010040,10.5562,0.379946,-0.906581,-15.140902,0.7704,-0.2105,-1.6868
340000,51.0000022724,-0.0000010339,10.5731,0.381391,-0.905792,-15.117192,0.7720,-0.2103,-1.6868
350000,51.0000023419,-0.0000010639,10.5900,0.382834,-0.905001,-15.093472,0.7737,-0.2101,-1.6868
360000,51.0000024115,-0.0000010938,10.6068,0.384274,-0.904209,-15.069741,0.7754,-0.2098,-1.6869
370000,51.0000024812,-0.0000011237,10.6237,0.385712,-0.903416,-15.046001,0.7770,-0.2096,-1.6869
380000,51.0000025512,-0.0000011535,10.6406,0.387148,-0.902622,-15.022250,0.7787,-0.2094,-1.6869
390000,51.0000026212,-0.0000011833,10.6574,0.388581,-0.901826,-14.998490,0.7804,-0.2091,-1.6869
400000,51.0000026915,-0.0000012131,10.6743,0.390011,-0.901029,-14.974720,0.7820,-0.2089,-1.6869
410000,51.0000027618,-0.0000012428,10.6912,0.391072,-0.900391,-14.927615,0.7837,-0.2086,-1.6869
420000,51.0000028323,-0.0000012725,10.7080,0.392131,-0.899752,-14.880474,0.7853,-0.2084,-1.6869
430000,51.0000029030,-0.0000013022,10.7249,0.393188,-0.899113,-14.833298,0.7870,-0.2081,-1.6868
440000,51.0000029738,-0.0000013318,10.7418,0.394242,-0.898473,-14.786086,0.7887,-0.2079,-1.6868
450000,51.0000030448,-0.0000013614,10.7586,0.395293,-0.897834,-14.738839,0.7903,-0.2076,-1.6868
460000,51.0000031159,-0.0000013910,10.7755,0.396342,-0.897195,-14.691558,0.7920,-0.2073,-1.6867
470000,51.0000031872,-0.0000014205,10.7924,0.397388,-0.896556,-14.644243,0.7936,-0.2071,-1.6867
480000,51.0000032586,-0.0000014500,10.8092,0.398432,-0.895916,-14.596893,0.7953,-0.2068,-1.6867
490000,51.0000033301,-0.0000014794,10.8261,0.399473,-0.895277,-14.549511,0.7969,-0.2065,-1.6866
500000,51.0000034019,-0.0000015088,10.8430,0.400512,-0.894638,-14.502095,0.7986,-0.2062,-1.6866
510000,51.0000034737,-0.0000015382,10.8598,0.401548,-0.893998,-14.454647,0.8002,-0.2060,-1.6865
520000,51.0000035457,-0.0000015675,10.8767,0.402581,-0.893358,-14.407166,0.8019,-0.2057,-1.6865
530000,51.0000036179,-0.0000015968,10.8936,0.403612,-0.892719,-14.359653,0.8035,-0.2054,-1.6864
540000,51.0000036902,-0.0000016260,10.9104,0.404640,-0.892079,-14.312109,0.8052,-0.2051,-1.6863
550000,51.0000037626,-0.0000016552,10.9273,0.405665,-0.891439,-14.264534,0.8068,-0.2048,-1.6862
560000,51.0000038352,-0.0000016844,10.9442,0.406687,-0.890799,-14.216928,0.8085,-0.2045,-1.6862
570000,51.0000039080,-0.0000017135,10.9610,0.407707,-0.890159,-14.169292,0.8101,-0.2042,-1.6861
580000,51.0000039809,-0.0000017425,10.9779,0.408724,-0.889519,-14.121625,0.8118,-0.2039,-1.6860
590000,51.0000040539,-0.0000017716,10.9947,0.409738,-0.888879,-14.073929,0.8134,-0.2036,-1.6859
600000,51.0000041271,-0.0000018005,11.0116,0.410749,-0.888239,-14.026204,0.8151,-0.2033,-1.6858
610000,51.0000042005,-0.0000018295,11.0285,0.411757,-0.887599,-13.978449,0.8167,-0.2030,-1.6857
620000,51.0000042740,-0.0000018584,11.0453,0.412763,-0.886959,-13.930667,0.8184,-0.2026,-1.6856
630000,51.0000043476,-0.0000018872,11.0622,0.413766,-0.886319,-13.882856,0.8200,-0.2023,-1.6855
640000,51.0000044214,-0.0000019160,11.0790,0.414765,-0.885678,-13.835017,0.8216,-0.2020,-1.6854
650000,51.0000044953,-0.0000019448,11.0959,0.415762,-0.885038,-13.787151,0.8233,-0.2017,-1.6852
660000,51.0000045694,-0.0000019735,11.1127,0.416756,-0.884397,-13.739258,0.8249,-0.2013,-1.6851
670000,51.0000046436,-0.0000020021,11.1296,0.417747,-0.883757,-13.691338,0.8266,-0.2010,-1.6850
680000,51.0000047180,-0.0000020307,11.1464,0.418735,-0.883116,-13.643393,0.8282,-0.2007,-1.6848
690000,51.0000047925,-0.0000020593,11.1633,0.419719,-0.882475,-13.595421,0.8298,-0.2003,-1.6847
700000,51.0000048672,-0.0000020878,11.1801,0.420701,-0.881835,-13.547424,0.8315,-0.2000,-1.6845
710000,51.0000049420,-0.0000021163,11.1970,0.421680,-0.881194,-13.499402,0.8331,-0.1996,-1.6844
720000,51.0000050169,-0.0000021447,11.2138,0.422656,-0.880553,-13.451355,0.8347,-0.1993,-1.6842
730000,51.0000050920,-0.0000021730,11.2306,0.423628,-0.879912,-13.403284,0.8364,-0.1989,-1.6841
740000,51.0000051673,-0.0000022014,11.2475,0.424598,-0.879271,-13.355188,0.8380,-0.1986,-1.6839
750000,51.0000052427,-0.0000022296,11.2643,0.425564,-0.878630,-13.307070,0.8396,-0.1982,-1.6837
760000,51.0000053182,-0.0000022578,11.2812,0.426527,-0.877989,-13.258928,0.8413,-0.1978,-1.6836
770000,51.0000053939,-0.0000022860,11.2980,0.427487,-0.877347,-13.210763,0.8429,-0.1975,-1.6834
780000,51.0000054698,-0.0000023141,11.3148,0.428444,-0.876706,-13.162576,0.8445,-0.1971,-1.6832
790000,51.0000055458,-0.0000023421,11.3317,0.429397,-0.876065,-13.114367,0.8461,-0.1967,-1.6830
800000,51.0000056219,-0.0000023701,11.3485,0.430347,-0.875423,-13.066137,0.8478,-0.1964,-1.6828
810000,51.0000056982,-0.0000023981,11.3653,0.431294,-0.874782,-13.017885,0.8494,-0.1960,-1.6826
820000,51.0000057746,-0.0000024260,11.3821,0.432238,-0.874141,-12.969612,0.8510,-0.1956,-1.6824
830000,51.0000058512,-0.0000024538,11.3990,0.433179,-0.873499,-12.921319,0.8526,-0.1952,-1.6822
840000,51.0000059279,-0.0000024816,11.4158,0.434116,-0.872857,-12.873005,0.8542,-0.1948,-1.6820
850000,51.0000060047,-0.0000025093,11.4326,0.435049,-0.872216,-12.824672,0.8559,-0.1944,-1.6818
860000,51.0000060817,-0.0000025370,11.4494,0.435980,-0.871574,-12.776320,0.8575,-0.1940,-1.6815
870000,51.0000061589,-0.0000025646,11.4662,0.436907,-0.870932,-12.727949,0.8591,-0.1936,-1.6813
880000,51.0000062362,-0.0000025922,11.4830,0.437830,-0.870290,-12.679559,0.8607,-0.1932,-1.6811
890000,51.0000063136,-0.0000026197,11.4999,0.438750,-0.869648,-12.631151,0.8623,-0.1928,-1.6809
900000,51.0000063912,-0.0000026471,11.5167,0.439667,-0.869006,-12.582725,0.8639,-0.1924,-1.6806
910000,51.0000064689,-0.0000026745,11.5335,0.440580,-0.868364,-12.534282,0.8655,-0.1920,-1.6804
920000,51.0000065468,-0.0000027018,11.5503,0.441489,-0.867722,-12.485822,0.8671,-0.1916,-1.6801
930000,51.0000066248,-0.0000027291,11.5671,0.442396,-0.867080,-12.437345,0.8688,-0.1912,-1.6799
940000,51.0000067030,-0.0000027563,11.5839,0.443298,-0.866437,-12.388852,0.8704,-0.1908,-1.6796
950000,51.0000067813,-0.0000027834,11.6007,0.444197,-0.865795,-12.340343,0.8720,-0.1903,-1.6793
960000,51.0000068597,-0.0000028105,11.6175,0.445093,-0.865153,-12.291819,0.8736,-0.1899,-1.6791
970000,51.0000069383,-0.0000028375,11.6342,0.445985,-0.864510,-12.243279,0.8752,-0.1895,-1.6788
980000,51.0000070171,-0.0000028645,11.6510,0.446873,-0.863868,-12.194725,0.8768,-0.1890,-1.6785
990000,51.0000070960,-0.0000028914,11.6678,0.447757,-0.863225,-12.146157,0.8784,-0.1886,-1.6782
1000000,51.0000071750,-0.0000029182,11.6846,0.448638,-0.862582,-12.097574,0.8800,-0.1882,-1.6779
1010000,51.0000072542,-0.0000029450,11.7014,0.449516,-0.861940,-12.048979,0.8816,-0.1877,-1.6776
1020000,51.0000073335,-0.0000029717,11.7181,0.450389,-0.861297,-12.000370,0.8832,-0.1873,-1.6773
1030000,51.0000074129,-0.0000029984,11.7349,0.451259,-0.860654,-11.951748,0.8848,-0.1868,-1.6770
1040000,51.0000074925,-0.0000030249,11.7517,0.452125,-0.860011,-11.903114,0.8864,-0.1864,-1.6767
1050000,51.0000075723,-0.0000030515,11.7685,0.452987,-0.859368,-11.854468,0.8880,-0.1859,-1.6764
1060000,51.0000076522,-0.0000030779,11.7852,0.453846,-0.858725,-11.805810,0.8896,-0.1855,-1.6761
1070000,51.0000077322,-0.0000031043,11.8020,0.454701,-0.858082,-11.757142,0.8912,-0.1850,-1.6758
1080000,51.0000078124,-0.0000031306,11.8187,0.455551,-0.857439,-11.708462,0.8927,-0.1846,-1.6754
1090000,51.0000078927,-0.0000031569,11.8355,0.456398,-0.856796,-11.659772,0.8943,-0.1841,-1.6751
1100000,51.0000079732,-0.0000031831,11.8522,0.457242,-0.856152,-11.611072,0.8959,-0.1836,-1.6748
1110000,51.0000080538,-0.0000032092,11.8690,0.458081,-0.855509,-11.562363,0.8975,-0.1831,-1.6744
1120000,51.0000081345,-0.0000032353,11.8857,0.458916,-0.854866,-11.513644,0.8991,-0.1827,-1.6741
1130000,51.0000082154,-0.0000032612,11.9025,0.459748,-0.854222,-11.464916,0.9007,-0.1822,-1.6737
1140000,51.0000082964,-0.0000032872,11.9192,0.460575,-0.853579,-11.416180,0.9023,-0.1817,-1.6734
1150000,51.0000083776,-0.0000033130,11.9359,0.461399,-0.852935,-11.367436,0.9038,-0.1812,-1.6730
1160000,51.0000084589,-0.0000033388,11.9527,0.462219,-0.852291,-11.318684,0.9054,-0.1807,-1.6727
1170000,51.0000085404,-0.0000033645,11.9694,0.463034,-0.851648,-11.269925,0.9070,-0.1803,-1.6723
1180000,51.0000086220,-0.0000033902,11.9861,0.463846,-0.851004,-11.221159,0.9086,-0.1798,-1.6719
1190000,51.0000087037,-0.0000034157,12.0028,0.464653,-0.850360,-11.172387,0.9102,-0.1793,-1.6715
1200000,51.0000087856,-0.0000034412,12.0195,0.465457,-0.849716,-11.123608,0.9117,-0.1788,-1.6712
1210000,51.0000088676,-0.0000034667,12.0362,0.466256,-0.849072,-11.074824,0.9133,-0.1783,-1.6708
1220000,51.0000089498,-0.0000034920,12.0529,0.467051,-0.848428,-11.026034,0.9149,-0.1778,-1.6704
1230000,51.0000090321,-0.0000035173,12.0696,0.467843,-0.847784,-10.977240,0.9165,-0.1773,-1.6700
1240000,51.0000091146,-0.0000035425,12.0863,0.468630,-0.847140,-10.928441,0.9180,-0.1768,-1.6696
1250000,51.0000091972,-0.0000035677,12.1030,0.469412,-0.846496,-10.879638,0.9196,-0.1762,-1.6692
1260000,51.0000092799,-0.0000035927,12.1197,0.470191,-0.845851,-10.830831,0.9212,-0.1757,-1.6687
1270000,51.0000093628,-0.0000036177,12.1364,0.470966,-0.845207,-10.782020,0.9227,-0.1752,-1.6683
1280000,51.0000094458,-0.0000036427,12.1531,0.471736,-0.844563,-10.733207,0.9243,-0.1747,-1.6679
1290000,51.0000095289,-0.0000036675,12.1698,0.472502,-0.843918,-10.684391,0.9258,-0.1742,-1.6675
1300000,51.0000096122,-0.0000036923,12.1864,0.473264,-0.843274,-10.635573,0.9274,-0.1736,-1.6670
1310000,51.0000096957,-0.0000037170,12.2031,0.474021,-0.842629,-10.586753,0.9290,-0.1731,-1.6666
1320000,51.0000097792,-0.0000037416,12.2198,0.474774,-0.841984,-10.537932,0.9305,-0.1726,-1.6662
1330000,51.0000098629,-0.0000037661,12.2364,0.475523,-0.841340,-10.489110,0.9321,-0.1720,-1.6657
1340000,51.0000099468,-0.0000037906,12.2531,0.476268,-0.840695,-10.440287,0.9336,-0.1715,-1.6653
1350000,51.0000100308,-0.0000038150,12.2697,0.477008,-0.840050,-10.391464,0.9352,-0.1710,-1.6648
1360000,51.0000101149,-0.0000038393,12.2864,0.477744,-0.839405,-10.342641,0.9368,-0.1704,-1.6644
1370000,51.0000101992,-0.0000038636,12.3030,0.478475,-0.838760,-10.293819,0.9383,-0.1699,-1.6639
1380000,51.0000102836,-0.0000038877,12.3197,0.479202,-0.838115,-10.244998,0.9399,-0.1693,-1.6634
1390000,51.0000103682,-0.0000039118,12.3363,0.479924,-0.837470,-10.196178,0.9414,-0.1688,-1.6630
1400000,51.0000104529,-0.0000039358,12.3529,0.480643,-0.836825,-10.147360,0.9430,-0.1682,-1.6625
1410000,51.0000105377,-0.0000039597,12.3695,0.481356,-0.836180,-10.098544,0.9445,-0.1677,-1.6620
1420000,51.0000106227,-0.0000039836,12.3862,0.482065,-0.835535,-10.049730,0.9460,-0.1671,-1.6615
1430000,51.0000107078,-0.0000040073,12.4028,0.482770,-0.834889,-10.000920,0.9476,-0.1665,-1.6610
1440000,51.0000107930,-0.0000040310,12.4194,0.483470,-0.834244,-9.952113,0.9491,-0.1660,-1.6605
1450000,51.0000108784,-0.0000040546,12.4360,0.484165,-0.833598,-9.903309,0.9507,-0.1654,-1.6600
1460000,51.0000109639,-0.0000040782,12.4526,0.484856,-0.832953,-9.854510,0.9522,-0.1648,-1.6595
1470000,51.0000110496,-0.0000041016,12.4692,0.485543,-0.832307,-9.805715,0.9538,-0.1643,-1.6590
1480000,51.0000111354,-0.0000041250,12.4858,0.486225,-0.831662,-9.756926,0.9553,-0.1637,-1.6585
1490000,51.0000112213,-0.0000041482,12.5023,0.486902,-0.831016,-9.708141,0.9568,-0.1631,-1.6579
1500000,51.0000113074,-0.0000041714,12.5189,0.487574,-0.830370,-9.659362,0.9584,-0.1625,-1.6574
1510000,51.0000113936,-0.0000041945,12.5355,0.488242,-0.829725,-9.610590,0.9599,-0.1620,-1.6569
1520000,51.0000114800,-0.0000042176,12.5521,0.488905,-0.829079,-9.561824,0.9614,-0.1614,-1.6564
1530000,51.0000115665,-0.0000042405,12.5686,0.489564,-0.828433,-9.513064,0.9629,-0.1608,-1.6558
1540000,51.0000116531,-0.0000042634,12.5852,0.490217,-0.827787,-9.464313,0.9645,-0.1602,-1.6553
1550000,51.0000117399,-0.0000042862,12.6017,0.490866,-0.827141,-9.415568,0.9660,-0.1596,-1.6547
1560000,51.0000118268,-0.0000043089,12.6183,0.491510,-0.826495,-9.366832,0.9675,-0.1590,-1.6542
1570000,51.0000119138,-0.0000043315,12.6348,0.492150,-0.825848,-9.318105,0.9691,-0.1584,-1.6536
1580000,51.0000120010,-0.0000043540,12.6513,0.492785,-0.825202,-9.269386,0.9706,-0.1578,-1.6530
1590000,51.0000120883,-0.0000043764,12.6679,0.493414,-0.824556,-9.220677,0.9721,-0.1572,-1.6525
1600000,51.0000121757,-0.0000043988,12.6844,0.494039,-0.823910,-9.171977,0.9736,-0.1566,-1.6519
1610000,51.0000122633,-0.0000044211,12.7009,0.494660,-0.823263,-9.123287,0.9751,-0.1560,-1.6513
1620000,51.0000123510,-0.0000044432,12.7174,0.495275,-0.822617,-9.074608,0.9766,-0.1554,-1.6507
1630000,51.0000124389,-0.0000044653,12.7339,0.495885,-0.821970,-9.025940,0.9782,-0.1548,-1.6501
1640000,51.0000125269,-0.0000044873,12.7504,0.496491,-0.821324,-8.977283,0.9797,-0.1542,-1.6495
1650000,51.0000126150,-0.0000045092,12.7669,0.497091,-0.820677,-8.928637,0.9812,-0.1535,-1.6489
1660000,51.0000127033,-0.0000045311,12.7834,0.497687,-0.820030,-8.880004,0.9827,-0.1529,-1.6483
1670000,51.0000127917,-0.0000045528,12.7999,0.498278,-0.819383,-8.831383,0.9842,-0.1523,-1.6477
1680000,51.0000128802,-0.0000045745,12.8164,0.498863,-0.818737,-8.782775,0.9857,-0.1517,-1.6471
1690000,51.0000129689,-0.0000045960,12.8328,0.499444,-0.818090,-8.734181,0.9872,-0.1510,-1.6465
1700000,51.0000130577,-0.0000046175,12.8493,0.500020,-0.817443,-8.685600,0.9887,-0.1504,-1.6459
1710000,51.0000131466,-0.0000046389,12.8657,0.500590,-0.816796,-8.637033,0.9902,-0.1498,-1.6453
1720000,51.0000132357,-0.0000046602,12.8822,0.501156,-0.816149,-8.588480,0.9917,-0.1492,-1.6446
1730000,51.0000133249,-0.0000046814,12.8986,0.501716,-0.815502,-8.539943,0.9932,-0.1485,-1.6440
1740000,51.0000134143,-0.0000047025,12.9151,0.502272,-0.814854,-8.491420,0.9947,-0.1479,-1.6434
1750000,51.0000135038,-0.0000047235,12.9315,0.502822,-0.814207,-8.442914,0.9962,-0.1472,-1.6427
1760000,51.0000135934,-0.0000047444,12.9479,0.503367,-0.813560,-8.394423,0.9977,-0.1466,-1.6421
1770000,51.0000136831,-0.0000047653,12.9643,0.503907,-0.812912,-8.345949,0.9992,-0.1459,-1.6414
1780000,51.0000137730,-0.0000047860,12.9808,0.504442,-0.812265,-8.297492,1.0007,-0.1453,-1.6407
1790000,51.0000138630,-0.0000048067,12.9972,0.504972,-0.811618,-8.249052,1.0022,-0.1446,-1.6401
1800000,51.0000139532,-0.0000048272,13.0136,0.505496,-0.810970,-8.200629,1.0037,-0.1440,-1.6394
1810000,51.0000140435,-0.0000048477,13.0299,0.506016,-0.810322,-8.152225,1.0052,-0.1433,-1.6387
1820000,51.0000141339,-0.0000048681,13.0463,0.506530,-0.809675,-8.103839,1.0066,-0.1427,-1.6381
1830000,51.0000142244,-0.0000048883,13.0627,0.507038,-0.809027,-8.055472,1.0081,-0.1420,-1.6374
1840000,51.0000143151,-0.0000049085,13.0791,0.507542,-0.808379,-8.007124,1.0096,-0.1414,-1.6367
1850000,51.0000144059,-0.0000049286,13.0954,0.508040,-0.807731,-7.958796,1.0111,-0.1407,-1.6360
1860000,51.0000144969,-0.0000049486,13.1118,0.508533,-0.807084,-7.910488,1.0126,-0.1400,-1.6353
1870000,51.0000145880,-0.0000049685,13.1281,0.509021,-0.806436,-7.862200,1.0140,-0.1394,-1.6346
1880000,51.0000146792,-0.0000049883,13.1445,0.509503,-0.805788,-7.813933,1.0155,-0.1387,-1.6339
1890000,51.0000147705,-0.0000050080,13.1608,0.509980,-0.805139,-7.765688,1.0170,-0.1380,-1.6332
1900000,51.0000148620,-0.0000050276,13.1772,0.510451,-0.804491,-7.717464,1.0185,-0.1373,-1.6325
1910000,51.0000149536,-0.0000050472,13.1935,0.510918,-0.803843,-7.669262,1.0199,-0.1367,-1.6317
1920000,51.0000150454,-0.0000050666,13.2098,0.511378,-0.803195,-7.621083,1.0214,-0.1360,-1.6310
1930000,51.0000151373,-0.0000050859,13.2261,0.511834,-0.802547,-7.572926,1.0229,-0.1353,-1.6303
1940000,51.0000152293,-0.0000051051,13.2424,0.512283,-0.801898,-7.524793,1.0243,-0.1346,-1.6295
1950000,51.0000153214,-0.0000051243,13.2587,0.512728,-0.801250,-7.476683,1.0258,-0.1339,-1.6288
1960000,51.0000154137,-0.0000051433,13.2750,0.513167,-0.800601,-7.428598,1.0273,-0.1332,-1.6281
1970000,51.0000155061,-0.0000051622,13.2912,0.513600,-0.799953,-7.380536,1.0287,-0.1326,-1.6273
1980000,51.0000155986,-0.0000051811,13.3075,0.514028,-0.799304,-7.332500,1.0302,-0.1319,-1.6265
1990000,51.0000156913,-0.0000051998,13.3238,0.514450,-0.798655,-7.284489,1.0316,-0.1312,-1.6258
2000000,51.0000157841,-0.0000052184,13.3400,0.514867,-0.798007,-7.236504,1.0331,-0.1305,-1.6250
2010000,51.0000158770,-0.0000052370,13.3563,0.515278,-0.797358,-7.188544,1.0345,-0.1298,-1.6243
2020000,51.0000159701,-0.0000052554,13.3725,0.515684,-0.796709,-7.140612,1.0360,-0.1291,-1.6235
2030000,51.0000160633,-0.0000052737,13.3887,0.516084,-0.796060,-7.092706,1.0374,-0.1284,-1.6227
2040000,51.0000161566,-0.0000052920,13.4050,0.516479,-0.795411,-7.044827,1.0389,-0.1277,-1.6219
2050000,51.0000162500,-0.0000053101,13.4212,0.516867,-0.794762,-6.996976,1.0403,-0.1270,-1.6211
2060000,51.0000163436,-0.0000053282,13.4374,0.517250,-0.794113,-6.949153,1.0418,-0.1263,-1.6203
2070000,51.0000164373,-0.0000053461,13.4536,0.517628,-0.793464,-6.901358,1.0432,-0.1256,-1.6195
2080000,51.0000165312,-0.0000053639,13.4698,0.518000,-0.792815,-6.853592,1.0447,-0.1248,-1.6187
2090000,51.0000166251,-0.0000053817,13.4860,0.518366,-0.792166,-6.805856,1.0461,-0.1241,-1.6179
2100000,51.0000167192,-0.0000053993,13.5021,0.518726,-0.791516,-6.758149,1.0475,-0.1234,-1.6171
2110000,51.0000168135,-0.0000054168,13.5183,0.519081,-0.790867,-6.710472,1.0490,-0.1227,-1.6163
2120000,51.0000169078,-0.0000054343,13.5345,0.519430,-0.790217,-6.662826,1.0504,-0.1220,-1.6155
2130000,51.0000170023,-0.0000054516,13.5506,0.519773,-0.789568,-6.615211,1.0519,-0.1213,-1.6147
2140000,51.0000170969,-0.0000054688,13.5668,0.520110,-0.788918,-6.567627,1.0533,-0.1205,-1.6138
2150000,51.0000171917,-0.0000054859,13.5829,0.520442,-0.788269,-6.520074,1.0547,-0.1198,-1.6130
2160000,51.0000172865,-0.0000055029,13.5990,0.520767,-0.787619,-6.472554,1.0561,-0.1191,-1.6122
2170000,51.0000173815,-0.0000055198,13.6151,0.521087,-0.786969,-6.425066,1.0576,-0.1184,-1.6113
2180000,51.0000174767,-0.0000055367,13.6312,0.521401,-0.786320,-6.377611,1.0590,-0.1176,-1.6105
2190000,51.0000175719,-0.0000055534,13.6473,0.521709,-0.785670,-6.330189,1.0604,-0.1169,-1.6096
2200000,51.0000176673,-0.0000055700,13.6634,0.522011,-0.785020,-6.282801,1.0618,-0.1162,-1.6087
2210000,51.0000177628,-0.0000055864,13.6795,0.522308,-0.784370,-6.235447,1.0633,-0.1154,-1.6079
2220000,51.0000178584,-0.0000056028,13.6956,0.522598,-0.783720,-6.188127,1.0647,-0.1147,-1.6070
2230000,51.0000179542,-0.0000056191,13.7117,0.522883,-0.783070,-6.140843,1.0661,-0.1139,-1.6061
2240000,51.0000180501,-0.0000056353,13.7277,0.523161,-0.782420,-6.093593,1.0675,-0.1132,-1.6053
2250000,51.0000181461,-0.0000056514,13.7438,0.523434,-0.781770,-6.046380,1.0689,-0.1125,-1.6044
2260000,51.0000182423,-0.0000056673,13.7598,0.523700,-0.781119,-5.999202,1.0703,-0.1117,-1.6035
2270000,51.0000183385,-0.0000056832,13.7758,0.523961,-0.780469,-5.952061,1.0717,-0.1110,-1.6026
2280000,51.0000184349,-0.0000056990,13.7919,0.524215,-0.779819,-5.904957,1.0732,-0.1102,-1.6017
2290000,51.0000185315,-0.0000057146,13.8079,0.524464,-0.779168,-5.857890,1.0746,-0.1095,-1.6008
2300000,51.0000186281,-0.0000057302,13.8239,0.524706,-0.778518,-5.810861,1.0760,-0.1087,-1.5999
2310000,51.0000187249,-0.0000057456,13.8399,0.524943,-0.777867,-5.763870,1.0774,-0.1080,-1.5990
2320000,51.0000188218,-0.0000057609,13.8559,0.525173,-0.777217,-5.716917,1.0788,-0.1072,-1.5981
2330000,51.0000189188,-0.0000057761,13.8718,0.525397,-0.776566,-5.670003,1.0802,-0.1065,-1.5971
2340000,51.0000190160,-0.0000057912,13.8878,0.525615,-0.775915,-5.623129,1.0816,-0.1057,-1.5962
2350000,51.0000191133,-0.0000058062,13.9038,0.525827,-0.775265,-5.576294,1.0830,-0.1049,-1.5953
2360000,51.0000192107,-0.0000058211,13.9197,0.526033,-0.774614,-5.529500,1.0844,-0.1042,-1.5943
2370000,51.0000193082,-0.0000058359,13.9356,0.526233,-0.773963,-5.482745,1.0857,-0.1034,-1.5934
2380000,51.0000194059,-0.0000058506,13.9516,0.526426,-0.773312,-5.436032,1.0871,-0.1027,-1.5925
2390000,51.0000195037,-0.0000058652,13.9675,0.526613,-0.772661,-5.389360,1.0885,-0.1019,-1.5915
2400000,51.0000196016,-0.0000058796,13.9834,0.526795,-0.772010,-5.342730,1.0899,-0.1011,-1.5906
2410000,51.0000196996,-0.0000058940,13.9993,0.526969,-0.771359,-5.296142,1.0913,-0.1004,-1.5896
2420000,51.0000197978,-0.0000059082,14.0152,0.527138,-0.770708,-5.249597,1.0927,-0.0996,-1.5886
2430000,51.0000198961,-0.0000059224,14.0311,0.527300,-0.770057,-5.203094,1.0941,-0.0988,-1.5877
2440000,51.0000199945,-0.0000059364,14.0469,0.527456,-0.769405,-5.156635,1.0954,-0.0980,-1.5867
2450000,51.0000200930,-0.0000059503,14.0628,0.527606,-0.768754,-5.110219,1.0968,-0.0973,-1.5857
2460000,51.0000201916,-0.0000059641,14.0787,0.527750,-0.768103,-5.063848,1.0982,-0.0965,-1.5847
2470000,51.0000202904,-0.0000059778,14.0945,0.527887,-0.767451,-5.017521,1.0996,-0.0957,-1.5837
2480000,51.0000203893,-0.0000059914,14.1103,0.528018,-0.766800,-4.971239,1.1009,-0.0949,-1.5828
2490000,51.0000204883,-0.0000060048,14.1262,0.528142,-0.766148,-4.925002,1.1023,-0.0942,-1.5818
2500000,51.0000205875,-0.0000060182,14.1420,0.528260,-0.765496,-4.878811,1.1037,-0.0934,-1.5808
2510000,51.0000206868,-0.0000060314,14.1578,0.528372,-0.764845,-4.832666,1.1051,-0.0926,-1.5798
2520000,51.0000207862,-0.0000060446,14.1736,0.528477,-0.764193,-4.786568,1.1064,-0.0918,-1.5787
2530000,51.0000208857,-0.0000060576,14.1893,0.528576,-0.763541,-4.740517,1.1078,-0.0910,-1.5777
2540000,51.0000209853,-0.0000060705,14.2051,0.528669,-0.762889,-4.694513,1.1091,-0.0902,-1.5767
2550000,51.0000210851,-0.0000060833,14.2209,0.528755,-0.762238,-4.648556,1.1105,-0.0895,-1.5757
2560000,51.0000211850,-0.0000060960,14.2366,0.528834,-0.761586,-4.602648,1.1119,-0.0887,-1.5746
2570000,51.0000212850,-0.0000061086,14.2524,0.528907,-0.760934,-4.556789,1.1132,-0.0879,-1.5736
2580000,51.0000213851,-0.0000061210,14.2681,0.528974,-0.760281,-4.510978,1.1146,-0.0871,-1.5726
2590000,51.0000214853,-0.0000061334,14.2838,0.529034,-0.759629,-4.465217,1.1159,-0.0863,-1.5715
2600000,51.0000215857,-0.0000061456,14.2995,0.529088,-0.758977,-4.419505,1.1173,-0.0855,-1.5705
2610000,51.0000216862,-0.0000061578,14.3152,0.529135,-0.758325,-4.373844,1.1186,-0.0847,-1.5694
2620000,51.0000217868,-0.0000061698,14.3309,0.529175,-0.757673,-4.328233,1.1200,-0.0839,-1.5684
2630000,51.0000218875,-0.0000061817,14.3466,0.529209,-0.757020,-4.282673,1.1213,-0.0831,-1.5673
2640000,51.0000219884,-0.0000061934,14.3623,0.529237,-0.756368,-4.237165,1.1227,-0.0823,-1.5662
2650000,51.0000220894,-0.0000062051,14.3779,0.529258,-0.755715,-4.191708,1.1240,-0.0815,-1.5652
2660000,51.0000221905,-0.0000062167,14.3936,0.529272,-0.755063,-4.146304,1.1253,-0.0807,-1.5641
2670000,51.0000222917,-0.0000062281,14.4092,0.529279,-0.754410,-4.100952,1.1267,-0.0799,-1.5630
2680000,51.0000223930,-0.0000062394,14.4248,0.529280,-0.753758,-4.055653,1.1280,-0.0791,-1.5619
2690000,51.0000224945,-0.0000062507,14.4404,0.529275,-0.753105,-4.010407,1.1294,-0.0783,-1.5608
2700000,51.0000225961,-0.0000062618,14.4561,0.529262,-0.752452,-3.965215,1.1307,-0.0775,-1.5597
2710000,51.0000226978,-0.0000062727,14.4716,0.529243,-0.751800,-3.920077,1.1320,-0.0767,-1.5586
2720000,51.0000227996,-0.0000062836,14.4872,0.529217,-0.751147,-3.874994,1.1334,-0.0759,-1.5575
2730000,51.0000229015,-0.0000062944,14.5028,0.529185,-0.750494,-3.829966,1.1347,-0.0751,-1.5564
2740000,51.0000230036,-0.0000063050,14.5184,0.529146,-0.749841,-3.784993,1.1360,-0.0743,-1.5553
2750000,51.0000231057,-0.0000063155,14.5339,0.529100,-0.749188,-3.740076,1.1373,-0.0735,-1.5542
2760000,51.0000232080,-0.0000063259,14.5494,0.529047,-0.748535,-3.695215,1.1387,-0.0727,-1.5530
2770000,51.0000233104,-0.0000063362,14.5650,0.528988,-0.747882,-3.650411,1.1400,-0.0718,-1.5519
2780000,51.0000234130,-0.0000063464,14.5805,0.528922,-0.747228,-3.605664,1.1413,-0.0710,-1.5508
2790000,51.0000235156,-0.0000063565,14.5960,0.528849,-0.746575,-3.560974,1.1426,-0.0702,-1.5496
2800000,51.0000236184,-0.0000063664,14.6115,0.528769,-0.745922,-3.516342,1.1439,-0.0694,-1.5485
2810000,51.0000237213,-0.0000063762,14.6269,0.528682,-0.745268,-3.471768,1.1452,-0.0686,-1.5473
2820000,51.0000238243,-0.0000063859,14.6424,0.528589,-0.744615,-3.427253,1.1466,-0.0678,-1.5462
2830000,51.0000239274,-0.0000063955,14.6579,0.528489,-0.743962,-3.382796,1.1479,-0.0669,-1.5450
2840000,51.0000240306,-0.0000064050,14.6733,0.528381,-0.743308,-3.338399,1.1492,-0.0661,-1.5439
2850000,51.0000241340,-0.0000064144,14.6887,0.528267,-0.742654,-3.294062,1.1505,-0.0653,-1.5427
2860000,51.0000242375,-0.0000064236,14.7042,0.528146,-0.742001,-3.249785,1.1518,-0.0645,-1.5415
2870000,51.0000243411,-0.0000064327,14.7196,0.528019,-0.741347,-3.205569,1.1531,-0.0637,-1.5404
2880000,51.0000244448,-0.0000064418,14.7350,0.527884,-0.740693,-3.161413,1.1544,-0.0628,-1.5392
2890000,51.0000245486,-0.0000064506,14.7504,0.527742,-0.740040,-3.117319,1.1557,-0.0620,-1.5380
2900000,51.0000246525,-0.0000064594,14.7657,0.527594,-0.739386,-3.073287,1.1570,-0.0612,-1.5368
2910000,51.0000247566,-0.0000064681,14.7811,0.527438,-0.738732,-3.029317,1.1583,-0.0604,-1.5356
2920000,51.0000248608,-0.0000064766,14.7964,0.527275,-0.738078,-2.985409,1.1596,-0.0595,-1.5344
2930000,51.0000249650,-0.0000064850,14.8118,0.527106,-0.737424,-2.941565,1.1609,-0.0587,-1.5332
2940000,51.0000250695,-0.0000064934,14.8271,0.526929,-0.736770,-2.897784,1.1621,-0.0579,-1.5320
2950000,51.0000251740,-0.0000065015,14.8424,0.526746,-0.736116,-2.854067,1.1634,-0.0571,-1.5308
2960000,51.0000252786,-0.0000065096,14.8577,0.526555,-0.735461,-2.810414,1.1647,-0.0562,-1.5295
2970000,51.0000253834,-0.0000065176,14.8730,0.526358,-0.734807,-2.766825,1.1660,-0.0554,-1.5283
2980000,51.0000254882,-0.0000065254,14.8883,0.526153,-0.734153,-2.723302,1.1673,-0.0546,-1.5271
2990000,51.0000255932,-0.0000065331,14.9036,0.525941,-0.733498,-2.679843,1.1686,-0.0538,-1.5258
3000000,51.0000256983,-0.0000065407,14.9188,0.525722,-0.732844,-2.636451,1.1699,-0.0529,-1.5246
3010000,51.0000258035,-0.0000065482,14.9340,0.525497,-0.732190,-2.593125,1.1711,-0.0521,-1.5234
3020000,51.0000259089,-0.0000065556,14.9493,0.525264,-0.731535,-2.549866,1.1724,-0.0513,-1.5221
3030000,51.0000260143,-0.0000065628,14.9645,0.525023,-0.730880,-2.506673,1.1737,-0.0504,-1.5209
3040000,51.0000261199,-0.0000065699,14.9797,0.524776,-0.730226,-2.463548,1.1749,-0.0496,-1.5196
3050000,51.0000262255,-0.0000065769,14.9949,0.524522,-0.729571,-2.420491,1.1762,-0.0488,-1.5183
3060000,51.0000263313,-0.0000065838,15.0101,0.524260,-0.728916,-2.377502,1.1775,-0.0479,-1.5171
3070000,51.0000264372,-0.0000065906,15.0252,0.523991,-0.728262,-2.334581,1.1788,-0.0471,-1.5158
3080000,51.0000265432,-0.0000065972,15.0404,0.523716,-0.727607,-2.291730,1.1800,-0.0463,-1.5145
3090000,51.0000266494,-0.0000066038,15.0555,0.523432,-0.726952,-2.248947,1.1813,-0.0454,-1.5132
3100000,51.0000267556,-0.0000066102,15.0706,0.523142,-0.726297,-2.206235,1.1825,-0.0446,-1.5120
3110000,51.0000268620,-0.0000066165,15.0858,0.522845,-0.725642,-2.163593,1.1838,-0.0438,-1.5107
3120000,51.0000269684,-0.0000066226,15.1009,0.522540,-0.724987,-2.121021,1.1851,-0.0429,-1.5094
3130000,51.0000270750,-0.0000066287,15.1159,0.522228,-0.724332,-2.078521,1.1863,-0.0421,-1.5081
3140000,51.0000271817,-0.0000066346,15.1310,0.521909,-0.723676,-2.036092,1.1876,-0.0412,-1.5068
3150000,51.0000272885,-0.0000066405,15.1461,0.521582,-0.723021,-1.993734,1.1888,-0.0404,-1.5055
3160000,51.0000273954,-0.0000066462,15.1611,0.521248,-0.722366,-1.951449,1.1901,-0.0396,-1.5041
3170000,51.0000275024,-0.0000066517,15.1762,0.520907,-0.721711,-1.909237,1.1913,-0.0387,-1.5028
3180000,51.0000276096,-0.0000066572,15.1912,0.520559,-0.721055,-1.867097,1.1926,-0.0379,-1.5015
3190000,51.0000277168,-0.0000066625,15.2062,0.520203,-0.720400,-1.825031,1.1938,-0.0371,-1.5002
3200000,51.0000278242,-0.0000066677,15.2212,0.519840,-0.719744,-1.783038,1.1950,-0.0362,-1.4988
3210000,51.0000279317,-0.0000066728,15.2362,0.519469,-0.719089,-1.741120,1.1963,-0.0354,-1.4975
3220000,51.0000280393,-0.0000066778,15.2511,0.519091,-0.718433,-1.699276,1.1975,-0.0345,-1.4961
3230000,51.0000281470,-0.0000066827,15.2661,0.518706,-0.717777,-1.657508,1.1988,-0.0337,-1.4948
3240000,51.0000282548,-0.0000066874,15.2810,0.518314,-0.717122,-1.615814,1.2000,-0.0329,-1.4934
3250000,51.0000283627,-0.0000066920,15.2960,0.517914,-0.716466,-1.574197,1.2012,-0.0320,-1.4921
3260000,51.0000284707,-0.0000066965,15.3109,0.517506,-0.715810,-1.532656,1.2025,-0.0312,-1.4907
3270000,51.0000285789,-0.0000067009,15.3258,0.517092,-0.715154,-1.491191,1.2037,-0.0303,-1.4894
3280000,51.0000286871,-0.0000067052,15.3407,0.516669,-0.714498,-1.449803,1.2049,-0.0295,-1.4880
3290000,51.0000287955,-0.0000067093,15.3555,0.516240,-0.713842,-1.408492,1.2062,-0.0286,-1.4866
3300000,51.0000289040,-0.0000067133,15.3704,0.515803,-0.713186,-1.367260,1.2074,-0.0278,-1.4852
3310000,51.0000290126,-0.0000067172,15.3852,0.515358,-0.712530,-1.326105,1.2086,-0.0270,-1.4838
3320000,51.0000291213,-0.0000067210,15.4001,0.514906,-0.711874,-1.285029,1.2098,-0.0261,-1.4824
3330000,51.0000292301,-0.0000067247,15.4149,0.514446,-0.711217,-1.244032,1.2110,-0.0253,-1.4810
3340000,51.0000293390,-0.0000067282,15.4297,0.513979,-0.710561,-1.203115,1.2123,-0.0244,-1.4796
3350000,51.0000294480,-0.0000067317,15.4445,0.513505,-0.709905,-1.162277,1.2135,-0.0236,-1.4782
3360000,51.0000295571,-0.0000067350,15.4593,0.513023,-0.709248,-1.121519,1.2147,-0.0228,-1.4768
3370000,51.0000296664,-0.0000067381,15.4740,0.512533,-0.708592,-1.080842,1.2159,-0.0219,-1.4754
3380000,51.0000297757,-0.0000067412,15.4888,0.512036,-0.707935,-1.040245,1.2171,-0.0211,-1.4740
3390000,51.0000298852,-0.0000067441,15.5035,0.511531,-0.707279,-0.999730,1.2183,-0.0202,-1.4726
3400000,51.0000299947,-0.0000067470,15.5182,0.511019,-0.706622,-0.959297,1.2195,-0.0194,-1.4711
3410000,51.0000301044,-0.0000067497,15.5329,0.510499,-0.705966,-0.918946,1.2207,-0.0185,-1.4697
3420000,51.0000302142,-0.0000067522,15.5476,0.509972,-0.705309,-0.878678,1.2219,-0.0177,-1.4683
3430000,51.0000303241,-0.0000067547,15.5623,0.509436,-0.704652,-0.838492,1.2231,-0.0169,-1.4668
3440000,51.0000304341,-0.0000067570,15.5769,0.508894,-0.703995,-0.798390,1.2243,-0.0160,-1.4654
3450000,51.0000305442,-0.0000067593,15.5916,0.508343,-0.703338,-0.758371,1.2255,-0.0152,-1.4639
3460000,51.0000306544,-0.0000067614,15.6062,0.507785,-0.702681,-0.718437,1.2267,-0.0143,-1.4625
3470000,51.0000307647,-0.0000067634,15.6208,0.507220,-0.702024,-0.678587,1.2279,-0.0135,-1.4610
3480000,51.0000308752,-0.0000067652,15.6354,0.506647,-0.701367,-0.638822,1.2291,-0.0127,-1.4595
3490000,51.0000309857,-0.0000067670,15.6500,0.506066,-0.700710,-0.599142,1.2303,-0.0118,-1.4581
3500000,51.0000310964,-0.0000067686,15.6646,0.505477,-0.700053,-0.559548,1.2315,-0.0110,-1.4566
3510000,51.0000312071,-0.0000067701,15.6792,0.504881,-0.699396,-0.520040,1.2327,-0.0101,-1.4551
3520000,51.0000313180,-0.0000067715,15.6937,0.504277,-0.698739,-0.480618,1.2339,-0.0093,-1.4536
3530000,51.0000314289,-0.0000067727,15.7082,0.503665,-0.698081,-0.441284,1.2351,-0.0085,-1.4521
3540000,51.0000315400,-0.0000067739,15.7227,0.503045,-0.697424,-0.402036,1.2362,-0.0076,-1.4506
3550000,51.0000316512,-0.0000067749,15.7372,0.502418,-0.696767,-0.362877,1.2374,-0.0068,-1.4491
3560000,51.0000317625,-0.0000067758,15.7517,0.501783,-0.696109,-0.323805,1.2386,-0.0059,-1.4476
3570000,51.0000318739,-0.0000067766,15.7662,0.501141,-0.695452,-0.284822,1.2398,-0.0051,-1.4461
3580000,51.0000319854,-0.0000067773,15.7807,0.500490,-0.694794,-0.245928,1.2410,-0.0043,-1.4446
3590000,51.0000320970,-0.0000067778,15.7951,0.499832,-0.694136,-0.207123,1.2421,-0.0034,-1.4431
3600000,51.0000322087,-0.0000067782,15.8095,0.499166,-0.693479,-0.168407,1.2433,-0.0026,-1.4416
3610000,51.0000323205,-0.0000067785,15.8239,0.498492,-0.692821,-0.129782,1.2445,-0.0017,-1.4400
3620000,51.0000324324,-0.0000067787,15.8383,0.497810,-0.692163,-0.091247,1.2456,-0.0009,-1.4385
3630000,51.0000325444,-0.0000067788,15.8527,0.497121,-0.691505,-0.052803,1.2468,-0.0001,-1.4370
3640000,51.0000326565,-0.0000067788,15.8671,0.496424,-0.690847,-0.014450,1.2480,0.0008,-1.4354
3650000,51.0000327688,-0.0000067786,15.8814,0.495718,-0.690189,0.023811,1.2491,0.0016,-1.4339
3660000,51.0000328811,-0.0000067783,15.8957,0.495005,-0.689531,0.061981,1.2503,0.0024,-1.4323
3670000,51.0000329935,-0.0000067779,15.9100,0.494285,-0.688873,0.100058,1.2515,0.0033,-1.4308
3680000,51.0000331061,-0.0000067774,15.9243,0.493556,-0.688215,0.138042,1.2526,0.0041,-1.4292
3690000,51.0000332187,-0.0000067767,15.9386,0.492819,-0.687557,0.175933,1.2538,0.0049,-1.4276
3700000,51.0000333315,-0.0000067760,15.9529,0.492075,-0.686899,0.213730,1.2549,0.0058,-1.4261
3710000,51.0000334443,-0.0000067751,15.9672,0.491322,-0.686240,0.251433,1.2561,0.0066,-1.4245
3720000,51.0000335573,-0.0000067741,15.9814,0.490562,-0.685582,0.289043,1.2572,0.0074,-1.4229
3730000,51.0000336704,-0.0000067730,15.9956,0.489794,-0.684923,0.326557,1.2584,0.0083,-1.4213
3740000,51.0000337835,-0.0000067717,16.0098,0.489018,-0.684265,0.363976,1.2595,0.0091,-1.4197
3750000,51.0000338968,-0.0000067704,16.0240,0.488233,-0.683606,0.401300,1.2607,0.0099,-1.4181
3760000,51.0000340102,-0.0000067689,16.0382,0.487441,-0.682948,0.438527,1.2618,0.0108,-1.4165
3770000,51.0000341236,-0.0000067673,16.0523,0.486641,-0.682289,0.475659,1.2630,0.0116,-1.4149
3780000,51.0000342372,-0.0000067656,16.0665,0.485833,-0.681631,0.512693,1.2641,0.0124,-1.4133
3790000,51.0000343509,-0.0000067638,16.0806,0.485017,-0.680972,0.549631,1.2652,0.0132,-1.4117
3800000,51.0000344647,-0.0000067618,16.0947,0.484193,-0.680313,0.586471,1.2664,0.0141,-1.4101
3810000,51.0000345786,-0.0000067597,16.1088,0.483361,-0.679654,0.623213,1.2675,0.0149,-1.4084
3820000,51.0000346925,-0.0000067576,16.1229,0.482522,-0.678995,0.659857,1.2686,0.0157,-1.4068
3830000,51.0000348066,-0.0000067553,16.1369,0.481674,-0.678336,0.696402,1.2698,0.0166,-1.4052
3840000,51.0000349208,-0.0000067529,16.1510,0.480818,-0.677677,0.732848,1.2709,0.0174,-1.4035
3850000,51.0000350351,-0.0000067503,16.1650,0.479953,-0.677018,0.769195,1.2720,0.0182,-1.4019
3860000,51.0000351495,-0.0000067477,16.1790,0.479081,-0.676359,0.805442,1.2732,0.0190,-1.4003
3870000,51.0000352640,-0.0000067449,16.1930,0.478201,-0.675700,0.841589,1.2743,0.0198,-1.3986
3880000,51.0000353786,-0.0000067420,16.2070,0.477313,-0.675041,0.877635,1.2754,0.0207,-1.3969
3890000,51.0000354933,-0.0000067390,16.2210,0.476417,-0.674382,0.913580,1.2765,0.0215,-1.3953
3900000,51.0000356081,-0.0000067359,16.2349,0.475512,-0.673722,0.949424,1.2777,0.0223,-1.3936
3910000,51.0000357230,-0.0000067327,16.2488,0.474600,-0.673063,0.985165,1.2788,0.0231,-1.3919
3920000,51.0000358380,-0.0000067293,16.2627,0.473679,-0.672403,1.020805,1.2799,0.0239,-1.3903
3930000,51.0000359531,-0.0000067258,16.2766,0.472751,-0.671744,1.056342,1.2810,0.0248,-1.3886
3940000,51.0000360683,-0.0000067223,16.2905,0.471814,-0.671084,1.091776,1.2821,0.0256,-1.3869
3950000,51.0000361836,-0.0000067185,16.3044,0.470869,-0.670425,1.127107,1.2832,0.0264,-1.3852
3960000,51.0000362990,-0.0000067147,16.3182,0.469916,-0.669765,1.162334,1.2844,0.0272,-1.3835
3970000,51.0000364145,-0.0000067108,16.3320,0.468955,-0.669105,1.197457,1.2855,0.0280,-1.3818
3980000,51.0000365301,-0.0000067068,16.3458,0.467986,-0.668446,1.232476,1.2866,0.0288,-1.3801
3990000,51.0000366458,-0.0000067026,16.3596,0.467008,-0.667786,1.267390,1.2877,0.0296,-1.3784
4000000,51.0000367616,-0.0000066983,16.3734,0.466022,-0.667126,1.302198,1.2888,0.0304,-1.3767
4010000,51.0000368775,-0.0000066939,16.3872,0.465029,-0.666466,1.336901,1.2899,0.0313,-1.3750
4020000,51.0000369935,-0.0000066894,16.4009,0.464027,-0.665806,1.371497,1.2910,0.0321,-1.3732
4030000,51.0000371096,-0.0000066848,16.4146,0.463016,-0.665146,1.405987,1.2921,0.0329,-1.3715
4040000,51.0000372257,-0.0000066800,16.4283,0.461998,-0.664486,1.440371,1.2932,0.0337,-1.3698
4050000,51.0000373420,-0.0000066752,16.4420,0.460971,-0.663826,1.474647,1.2943,0.0345,-1.3680
4060000,51.0000374584,-0.0000066702,16.4557,0.459937,-0.663165,1.508815,1.2954,0.0353,-1.3663
4070000,51.0000375749,-0.0000066651,16.4694,0.458894,-0.662505,1.542876,1.2965,0.0361,-1.3646
4080000,51.0000376915,-0.0000066599,16.4830,0.457842,-0.661845,1.576828,1.2976,0.0369,-1.3628
4090000,51.0000378082,-0.0000066546,16.4966,0.456783,-0.661185,1.610672,1.2986,0.0377,-1.3610
4100000,51.0000379250,-0.0000066492,16.5102,0.455715,-0.660524,1.644406,1.2997,0.0385,-1.3593
4110000,51.0000380419,-0.0000066437,16.5238,0.454639,-0.659864,1.678031,1.3008,0.0393,-1.3575
4120000,51.0000381588,-0.0000066380,16.5374,0.453555,-0.659203,1.711545,1.3019,0.0401,-1.3557
4130000,51.0000382759,-0.0000066322,16.5509,0.452462,-0.658543,1.744950,1.3030,0.0409,-1.3540
4140000,51.0000383931,-0.0000066264,16.5644,0.451361,-0.657882,1.778244,1.3041,0.0417,-1.3522
4150000,51.0000385104,-0.0000066204,16.5780,0.450252,-0.657221,1.811426,1.3052,0.0425,-1.3504
4160000,51.0000386277,-0.0000066143,16.5915,0.449134,-0.656560,1.844498,1.3062,0.0432,-1.3486
4170000,51.0000387452,-0.0000066081,16.6049,0.448009,-0.655900,1.877457,1.3073,0.0440,-1.3468
4180000,51.0000388627,-0.0000066017,16.6184,0.446875,-0.655239,1.910304,1.3084,0.0448,-1.3450
4190000,51.0000389804,-0.0000065953,16.6318,0.445732,-0.654578,1.943039,1.3095,0.0456,-1.3432
4200000,51.0000390982,-0.0000065887,16.6453,0.444581,-0.653917,1.975661,1.3105,0.0464,-1.3414
4210000,51.0000392160,-0.0000065821,16.6587,0.443422,-0.653256,2.008169,1.3116,0.0472,-1.3396
4220000,51.0000393340,-0.0000065753,16.6720,0.442255,-0.652595,2.040563,1.3127,0.0480,-1.3378
4230000,51.0000394520,-0.0000065684,16.6854,0.441079,-0.651934,2.072844,1.3137,0.0487,-1.3359
4240000,51.0000395701,-0.0000065614,16.6988,0.439895,-0.651273,2.105009,1.3148,0.0495,-1.3341
4250000,51.0000396884,-0.0000065543,16.7121,0.438703,-0.650611,2.137060,1.3159,0.0503,-1.3323
4260000,51.0000398067,-0.0000065471,16.7254,0.437502,-0.649950,2.168996,1.3169,0.0511,-1.3304
4270000,51.0000399251,-0.0000065398,16.7387,0.436292,-0.649289,2.200816,1.3180,0.0518,-1.3286
4280000,51.0000400436,-0.0000065323,16.7520,0.435075,-0.648627,2.232520,1.3191,0.0526,-1.3268
4290000,51.0000401623,-0.0000065248,16.7652,0.433849,-0.647966,2.264107,1.3201,0.0534,-1.3249
4300000,51.0000402810,-0.0000065171,16.7785,0.432614,-0.647304,2.295578,1.3212,0.0542,-1.3230
4310000,51.0000403998,-0.0000065093,16.7917,0.431372,-0.646643,2.326931,1.3222,0.0549,-1.3212
4320000,51.0000405187,-0.0000065014,16.8049,0.430120,-0.645981,2.358167,1.3233,0.0557,-1.3193
4330000,51.0000406377,-0.0000064935,16.8181,0.428861,-0.645319,2.389285,1.3243,0.0565,-1.3174
4340000,51.0000407568,-0.0000064854,16.8313,0.427593,-0.644658,2.420284,1.3254,0.0572,-1.3156
4350000,51.0000408760,-0.0000064772,16.8444,0.426316,-0.643996,2.451165,1.3264,0.0580,-1.3137
4360000,51.0000409952,-0.0000064688,16.8575,0.425031,-0.643334,2.481926,1.3275,0.0587,-1.3118
4370000,51.0000411146,-0.0000064604,16.8706,0.423738,-0.642672,2.512569,1.3285,0.0595,-1.3099
4380000,51.0000412341,-0.0000064519,16.8837,0.422436,-0.642010,2.543091,1.3296,0.0603,-1.3080
4390000,51.0000413536,-0.0000064432,16.8968,0.421125,-0.641348,2.573493,1.3306,0.0610,-1.3061
4400000,51.0000414733,-0.0000064345,16.9099,0.419807,-0.640686,2.603774,1.3317,0.0618,-1.3042
4410000,51.0000415930,-0.0000064257,16.9229,0.418479,-0.640024,2.633935,1.3327,0.0625,-1.3023
4420000,51.0000417129,-0.0000064167,16.9359,0.417144,-0.639362,2.663974,1.3338,0.0633,-1.3004
4430000,51.0000418328,-0.0000064076,16.9489,0.415799,-0.638700,2.693891,1.3348,0.0640,-1.2985
4440000,51.0000419529,-0.0000063984,16.9619,0.414447,-0.638037,2.723686,1.3358,0.0648,-1.2966
4450000,51.0000420730,-0.0000063892,16.9748,0.413085,-0.637375,2.753358,1.3369,0.0655,-1.2946
4460000,51.0000421932,-0.0000063798,16.9878,0.411716,-0.636713,2.782908,1.3379,0.0663,-1.2927
4470000,51.0000423135,-0.0000063703,17.0007,0.410337,-0.636050,2.812334,1.3389,0.0670,-1.2908
4480000,51.0000424339,-0.0000063607,17.0136,0.408951,-0.635388,2.841637,1.3400,0.0677,-1.2888
4490000,51.0000425544,-0.0000063510,17.0265,0.407555,-0.634725,2.870816,1.3410,0.0685,-1.2869
4500000,51.0000426750,-0.0000063412,17.0393,0.406151,-0.634063,2.899870,1.3420,0.0692,-1.2849
4510000,51.0000427957,-0.0000063313,17.0522,0.404739,-0.633400,2.928799,1.3431,0.0699,-1.2830
4520000,51.0000429164,-0.0000063213,17.0650,0.403318,-0.632737,2.957604,1.3441,0.0707,-1.2810
4530000,51.0000430373,-0.0000063111,17.0778,0.401889,-0.632074,2.986282,1.3451,0.0714,-1.2790
4540000,51.0000431583,-0.0000063009,17.0906,0.400451,-0.631412,3.014835,1.3461,0.0721,-1.2771
4550000,51.0000432793,-0.0000062906,17.1033,0.399004,-0.630749,3.043262,1.3471,0.0729,-1.2751
4560000,51.0000434004,-0.0000062802,17.1161,0.397549,-0.630086,3.071562,1.3482,0.0736,-1.2731
4570000,51.0000435217,-0.0000062696,17.1288,0.396085,-0.629423,3.099734,1.3492,0.0743,-1.2711
4580000,51.0000436430,-0.0000062590,17.1415,0.394613,-0.628760,3.127780,1.3502,0.0750,-1.2691
4590000,51.0000437644,-0.0000062483,17.1542,0.393132,-0.628097,3.155697,1.3512,0.0757,-1.2671
4600000,51.0000438859,-0.0000062374,17.1668,0.391642,-0.627434,3.183487,1.3522,0.0765,-1.2651
4610000,51.0000440075,-0.0000062265,17.1795,0.390144,-0.626770,3.211148,1.3532,0.0772,-1.2631
4620000,51.0000441292,-0.0000062154,17.1921,0.388638,-0.626107,3.238679,1.3543,0.0779,-1.2611
4630000,51.0000442510,-0.0000062043,17.2047,0.387122,-0.625444,3.266082,1.3553,0.0786,-1.2591
4640000,51.0000443728,-0.0000061930,17.2173,0.385599,-0.624780,3.293355,1.3563,0.0793,-1.2571
4650000,51.0000444948,-0.0000061817,17.2298,0.384066,-0.624117,3.320498,1.3573,0.0800,-1.2551
4660000,51.0000446169,-0.0000061702,17.2424,0.382525,-0.623453,3.347510,1.3583,0.0807,-1.2530
4670000,51.0000447390,-0.0000061587,17.2549,0.380975,-0.622790,3.374392,1.3593,0.0814,-1.2510
4680000,51.0000448612,-0.0000061471,17.2674,0.379417,-0.622126,3.401143,1.3603,0.0821,-1.2490
4690000,51.0000449836,-0.0000061353,17.2799,0.377850,-0.621463,3.427762,1.3613,0.0828,-1.2469
4700000,51.0000451060,-0.0000061235,17.2923,0.376274,-0.620799,3.454249,1.3623,0.0835,-1.2449
4710000,51.0000452285,-0.0000061115,17.3048,0.374690,-0.620135,3.480603,1.3633,0.0842,-1.2428
4720000,51.0000453511,-0.0000060995,17.3172,0.373097,-0.619471,3.506825,1.3643,0.0849,-1.2408
4730000,51.0000454737,-0.0000060873,17.3296,0.371495,-0.618808,3.532914,1.3653,0.0856,-1.2387
4740000,51.0000455965,-0.0000060751,17.3420,0.369885,-0.618144,3.558870,1.3663,0.0862,-1.2366
4750000,51.0000457194,-0.0000060628,17.3543,0.368266,-0.617480,3.584692,1.3673,0.0869,-1.2346
4760000,51.0000458423,-0.0000060503,17.3666,0.366639,-0.616816,3.610380,1.3683,0.0876,-1.2325
4770000,51.0000459654,-0.0000060378,17.3790,0.365002,-0.616152,3.635933,1.3693,0.0883,-1.2304
4780000,51.0000460885,-0.0000060252,17.3913,0.363357,-0.615487,3.661351,1.3703,0.0889,-1.2283
4790000,51.0000462117,-0.0000060125,17.4035,0.361704,-0.614823,3.686634,1.3713,0.0896,-1.2262
4800000,51.0000463350,-0.0000059997,17.4158,0.360041,-0.614159,3.711782,1.3722,0.0903,-1.2241
4810000,51.0000464584,-0.0000059868,17.4280,0.358370,-0.613495,3.736793,1.3732,0.0910,-1.2220
4820000,51.0000465819,-0.0000059737,17.4402,0.356691,-0.612830,3.761668,1.3742,0.0916,-1.2199
4830000,51.0000467054,-0.0000059606,17.4524,0.355002,-0.612166,3.786407,1.3752,0.0923,-1.2178
4840000,51.0000468291,-0.0000059475,17.4646,0.353305,-0.611501,3.811008,1.3762,0.0929,-1.2157
4850000,51.0000469529,-0.0000059342,17.4767,0.351599,-0.610837,3.835472,1.3772,0.0936,-1.2136
4860000,51.0000470767,-0.0000059208,17.4888,0.349885,-0.610172,3.859798,1.3781,0.0943,-1.2115
4870000,51.0000472006,-0.0000059073,17.5010,0.348162,-0.609508,3.883986,1.3791,0.0949,-1.2093
4880000,51.0000473246,-0.0000058937,17.5130,0.346430,-0.608843,3.908035,1.3801,0.0956,-1.2072
4890000,51.0000474487,-0.0000058801,17.5251,0.344689,-0.608178,3.931945,1.3811,0.0962,-1.2051
4900000,51.0000475729,-0.0000058663,17.5371,0.342939,-0.607513,3.955716,1.3821,0.0968,-1.2029
4910000,51.0000476972,-0.0000058525,17.5492,0.341181,-0.606848,3.979347,1.3830,0.0975,-1.2008
4920000,51.0000478216,-0.0000058386,17.5612,0.339414,-0.606183,4.002838,1.3840,0.0981,-1.1986
4930000,51.0000479460,-0.0000058245,17.5731,0.337639,-0.605518,4.026189,1.3850,0.0988,-1.1965
4940000,51.0000480705,-0.0000058104,17.5851,0.335854,-0.604853,4.049399,1.3860,0.0994,-1.1943
4950000,51.0000481952,-0.0000057962,17.5970,0.334061,-0.604188,4.072468,1.3869,0.1000,-1.1922
4960000,51.0000483199,-0.0000057819,17.6089,0.332259,-0.603523,4.095395,1.3879,0.1007,-1.1900
4970000,51.0000484447,-0.0000057675,17.6208,0.330449,-0.602858,4.118181,1.3889,0.1013,-1.1878
4980000,51.0000485696,-0.0000057531,17.6327,0.328629,-0.602193,4.140824,1.3898,0.1019,-1.1856
4990000,51.0000486945,-0.0000057385,17.6445,0.326801,-0.601527,4.163325,1.3908,0.1025,-1.1834
5000000,51.0000488196,-0.0000057239,17.6563,0.324964,-0.600862,4.185682,1.3918,0.1031,-1.1813
5010000,51.0000489447,-0.0000057091,17.6682,0.323118,-0.600197,4.207897,1.3927,0.1038,-1.1791
5020000,51.0000490700,-0.0000056943,17.6799,0.321264,-0.599531,4.229967,1.3937,0.1044,-1.1769
5030000,51.0000491953,-0.0000056794,17.6917,0.319401,-0.598865,4.251894,1.3946,0.1050,-1.1747
5040000,51.0000493207,-0.0000056644,17.7034,0.317529,-0.598200,4.273676,1.3956,0.1056,-1.1725
5050000,51.0000494462,-0.0000056493,17.7151,0.315648,-0.597534,4.295313,1.3966,0.1062,-1.1702
5060000,51.0000495718,-0.0000056341,17.7268,0.313758,-0.596868,4.316805,1.3975,0.1068,-1.1680
5070000,51.0000496974,-0.0000056189,17.7385,0.311860,-0.596203,4.338152,1.3985,0.1074,-1.1658
5080000,51.0000498232,-0.0000056035,17.7501,0.309953,-0.595537,4.359353,1.3994,0.1080,-1.1636
5090000,51.0000499490,-0.0000055881,17.7618,0.308037,-0.594871,4.380408,1.4004,0.1086,-1.1613
5100000,51.0000500749,-0.0000055726,17.7734,0.306112,-0.594205,4.401316,1.4013,0.1092,-1.1591
5110000,51.0000502009,-0.0000055570,17.7850,0.304178,-0.593539,4.422077,1.4023,0.1097,-1.1569
5120000,51.0000503270,-0.0000055413,17.7965,0.302236,-0.592873,4.442690,1.4032,0.1103,-1.1546
5130000,51.0000504532,-0.0000055256,17.8080,0.300285,-0.592207,4.463156,1.4042,0.1109,-1.1524
5140000,51.0000505795,-0.0000055097,17.8196,0.298325,-0.591541,4.483474,1.4051,0.1115,-1.1501
5150000,51.0000507058,-0.0000054938,17.8310,0.296356,-0.590874,4.503644,1.4061,0.1121,-1.1478
5160000,51.0000508322,-0.0000054778,17.8425,0.294378,-0.590208,4.523664,1.4070,0.1126,-1.1456
5170000,51.0000509588,-0.0000054617,17.8540,0.292392,-0.589542,4.543536,1.4080,0.1132,-1.1433
5180000,51.0000510854,-0.0000054456,17.8654,0.290397,-0.588875,4.563258,1.4089,0.1138,-1.1410
5190000,51.0000512121,-0.0000054293,17.8768,0.288392,-0.588209,4.582831,1.4098,0.1143,-1.1388
5200000,51.0000513388,-0.0000054130,17.8882,0.286380,-0.587542,4.602253,1.4108,0.1149,-1.1365
5210000,51.0000514657,-0.0000053966,17.8995,0.284358,-0.586876,4.621524,1.4117,0.1154,-1.1342
5220000,51.0000515926,-0.0000053801,17.9108,0.282327,-0.586209,4.640645,1.4127,0.1160,-1.1319
5230000,51.0000517196,-0.0000053635,17.9221,0.280288,-0.585543,4.659614,1.4136,0.1165,-1.1296
5240000,51.0000518468,-0.0000053469,17.9334,0.278240,-0.584876,4.678432,1.4145,0.1171,-1.1273
5250000,51.0000519739,-0.0000053302,17.9447,0.276183,-0.584209,4.697098,1.4155,0.1176,-1.1250
5260000,51.0000521012,-0.0000053134,17.9559,0.274117,-0.583542,4.715611,1.4164,0.1182,-1.1227
5270000,51.0000522286,-0.0000052965,17.9671,0.272042,-0.582875,4.733972,1.4173,0.1187,-1.1203
5280000,51.0000523560,-0.0000052796,17.9783,0.269958,-0.582208,4.752180,1.4183,0.1192,-1.1180
5290000,51.0000524836,-0.0000052626,17.9895,0.267866,-0.581541,4.770234,1.4192,0.1197,-1.1157
5300000,51.0000526112,-0.0000052455,18.0006,0.265765,-0.580874,4.788134,1.4201,0.1203,-1.1134
5310000,51.0000527389,-0.0000052283,18.0118,0.263654,-0.580207,4.805881,1.4211,0.1208,-1.1110
5320000,51.0000528666,-0.0000052111,18.0229,0.261535,-0.579540,4.823473,1.4220,0.1213,-1.1087
5330000,51.0000529945,-0.0000051937,18.0339,0.259408,-0.578873,4.840910,1.4229,0.1218,-1.1063
5340000,51.0000531225,-0.0000051763,18.0450,0.257271,-0.578205,4.858191,1.4239,0.1223,-1.1040
5350000,51.0000532505,-0.0000051589,18.0560,0.255125,-0.577538,4.875318,1.4248,0.1228,-1.1016
5360000,51.0000533786,-0.0000051413,18.0670,0.252971,-0.576870,4.892288,1.4257,0.1234,-1.0993
5370000,51.0000535068,-0.0000051237,18.0780,0.250808,-0.576203,4.909102,1.4266,0.1239,-1.0969
5380000,51.0000536351,-0.0000051061,18.0890,0.248636,-0.575535,4.925760,1.4275,0.1244,-1.0945
5390000,51.0000537634,-0.0000050883,18.0999,0.246455,-0.574868,4.942260,1.4285,0.1248,-1.0922
5400000,51.0000538919,-0.0000050705,18.1108,0.244265,-0.574200,4.958604,1.4294,0.1253,-1.0898
5410000,51.0000540204,-0.0000050526,18.1217,0.242066,-0.573532,4.974789,1.4303,0.1258,-1.0874
5420000,51.0000541490,-0.0000050346,18.1326,0.239859,-0.572865,4.990817,1.4312,0.1263,-1.0850
5430000,51.0000542777,-0.0000050166,18.1434,0.237642,-0.572197,5.006686,1.4321,0.1268,-1.0826
5440000,51.0000544065,-0.0000049985,18.1542,0.235417,-0.571529,5.022396,1.4331,0.1273,-1.0802
5450000,51.0000545353,-0.0000049803,18.1650,0.233183,-0.570861,5.037948,1.4340,0.1277,-1.0778
5460000,51.0000546643,-0.0000049621,18.1758,0.230940,-0.570193,5.053340,1.4349,0.1282,-1.0754
5470000,51.0000547933,-0.0000049438,18.1865,0.228688,-0.569525,5.068572,1.4358,0.1287,-1.0730
5480000,51.0000549224,-0.0000049255,18.1972,0.226427,-0.568857,5.083644,1.4367,0.1291,-1.0706
5490000,51.0000550516,-0.0000049070,18.2079,0.224157,-0.568189,5.098556,1.4376,0.1296,-1.0682
5500000,51.0000551809,-0.0000048885,18.2186,0.221879,-0.567520,5.113307,1.4385,0.1301,-1.0657
5510000,51.0000553102,-0.0000048700,18.2292,0.219592,-0.566852,5.127896,1.4395,0.1305,-1.0633
5520000,51.0000554396,-0.0000048514,18.2399,0.217295,-0.566184,5.142324,1.4404,0.1310,-1.0609
5530000,51.0000555692,-0.0000048327,18.2505,0.214990,-0.565515,5.156591,1.4413,0.1314,-1.0584
5540000,51.0000556987,-0.0000048139,18.2610,0.212676,-0.564847,5.170695,1.4422,0.1318,-1.0560
5550000,51.0000558284,-0.0000047951,18.2716,0.210353,-0.564178,5.184636,1.4431,0.1323,-1.0535
5560000,51.0000559582,-0.0000047762,18.2821,0.208021,-0.563510,5.198415,1.4440,0.1327,-1.0511
5570000,51.0000560880,-0.0000047573,18.2926,0.205681,-0.562841,5.212030,1.4449,0.1331,-1.0486
5580000,51.0000562179,-0.0000047383,18.3031,0.203331,-0.562172,5.225482,1.4458,0.1336,-1.0461
5590000,51.0000563479,-0.0000047192,18.3135,0.200973,-0.561503,5.238770,1.4467,0.1340,-1.0437
5600000,51.0000564780,-0.0000047001,18.3239,0.198606,-0.560835,5.251893,1.4476,0.1344,-1.0412
5610000,51.0000566082,-0.0000046810,18.3343,0.196229,-0.560166,5.264852,1.4485,0.1348,-1.0387
5620000,51.0000567384,-0.0000046617,18.3447,0.193844,-0.559497,5.277646,1.4494,0.1352,-1.0362
5630000,51.0000568688,-0.0000046424,18.3551,0.191451,-0.558828,5.290274,1.4503,0.1356,-1.0337
5640000,51.0000569992,-0.0000046231,18.3654,0.189048,-0.558159,5.302737,1.4512,0.1360,-1.0312
5650000,51.0000571297,-0.0000046037,18.3757,0.186636,-0.557490,5.315034,1.4521,0.1364,-1.0288
5660000,51.0000572602,-0.0000045842,18.3860,0.184216,-0.556820,5.327165,1.4530,0.1368,-1.0262
5670000,51.0000573909,-0.0000045647,18.3962,0.181786,-0.556151,5.339128,1.4539,0.1372,-1.0237
5680000,51.0000575216,-0.0000045451,18.4064,0.179348,-0.555482,5.350925,1.4548,0.1376,-1.0212
5690000,51.0000576524,-0.0000045255,18.4166,0.176901,-0.554813,5.362554,1.4557,0.1380,-1.0187
5700000,51.0000577833,-0.0000045058,18.4268,0.174445,-0.554143,5.374016,1.4566,0.1384,-1.0162
5710000,51.0000579143,-0.0000044861,18.4370,0.171980,-0.553474,5.385310,1.4575,0.1387,-1.0137
5720000,51.0000580453,-0.0000044663,18.4471,0.169506,-0.552804,5.396435,1.4584,0.1391,-1.0111
5730000,51.0000581764,-0.0000044464,18.4572,0.167023,-0.552134,5.407391,1.4592,0.1395,-1.0086
5740000,51.0000583077,-0.0000044265,18.4673,0.164532,-0.551465,5.418178,1.4601,0.1398,-1.0061
5750000,51.0000584389,-0.0000044066,18.4773,0.162031,-0.550795,5.428796,1.4610,0.1402,-1.0035
5760000,51.0000585703,-0.0000043866,18.4873,0.159522,-0.550125,5.439244,1.4619,0.1405,-1.0010
5770000,51.0000587018,-0.0000043666,18.4973,0.157004,-0.549455,5.449522,1.4628,0.1409,-0.9984
5780000,51.0000588333,-0.0000043465,18.5073,0.154477,-0.548786,5.459629,1.4637,0.1412,-0.9958
5790000,51.0000589649,-0.0000043263,18.5172,0.151941,-0.548116,5.469566,1.4646,0.1416,-0.9933
5800000,51.0000590966,-0.0000043061,18.5272,0.149396,-0.547446,5.479332,1.4655,0.1419,-0.9907
5810000,51.0000592284,-0.0000042859,18.5371,0.146842,-0.546775,5.488926,1.4663,0.1422,-0.9881
5820000,51.0000593602,-0.0000042656,18.5469,0.144280,-0.546105,5.498348,1.4672,0.1426,-0.9856
5830000,51.0000594921,-0.0000042453,18.5568,0.141708,-0.545435,5.507598,1.4681,0.1429,-0.9830
5840000,51.0000596241,-0.0000042249,18.5666,0.139128,-0.544765,5.516675,1.4690,0.1432,-0.9804
5850000,51.0000597562,-0.0000042045,18.5764,0.136539,-0.544095,5.525580,1.4699,0.1435,-0.9778
5860000,51.0000598884,-0.0000041840,18.5861,0.133941,-0.543424,5.534312,1.4708,0.1439,-0.9752
5870000,51.0000600206,-0.0000041635,18.5959,0.131334,-0.542754,5.542870,1.4716,0.1442,-0.9726
5880000,51.0000601529,-0.0000041429,18.6056,0.128718,-0.542083,5.551254,1.4725,0.1445,-0.9700
5890000,51.0000602854,-0.0000041223,18.6153,0.126093,-0.541413,5.559464,1.4734,0.1448,-0.9674
5900000,51.0000604178,-0.0000041017,18.6249,0.123460,-0.540742,5.567499,1.4743,0.1451,-0.9647
5910000,51.0000605504,-0.0000040810,18.6346,0.120817,-0.540071,5.575360,1.4751,0.1453,-0.9621
5920000,51.0000606830,-0.0000040603,18.6442,0.118166,-0.539401,5.583045,1.4760,0.1456,-0.9595
5930000,51.0000608157,-0.0000040395,18.6538,0.115506,-0.538730,5.590555,1.4769,0.1459,-0.9569
5940000,51.0000609485,-0.0000040187,18.6633,0.112837,-0.538059,5.597890,1.4778,0.1462,-0.9542
5950000,51.0000610814,-0.0000039978,18.6728,0.110159,-0.537388,5.605048,1.4786,0.1465,-0.9516
5960000,51.0000612144,-0.0000039770,18.6824,0.107473,-0.536717,5.612029,1.4795,0.1467,-0.9489
5970000,51.0000613474,-0.0000039560,18.6918,0.104777,-0.536046,5.618834,1.4804,0.1470,-0.9463
5980000,51.0000614805,-0.0000039351,18.7013,0.102073,-0.535375,5.625461,1.4813,0.1472,-0.9436
5990000,51.0000616137,-0.0000039141,18.7107,0.099360,-0.534704,5.631911,1.4821,0.1475,-0.9410
6000000,51.0000617470,-0.0000038931,18.7201,0.096638,-0.534032,5.638183,1.4830,0.1478,-0.9383
6010000,51.0000618803,-0.0000038720,18.7295,0.093907,-0.533361,5.644277,1.4839,0.1480,-0.9356
6020000,51.0000620137,-0.0000038509,18.7388,0.091167,-0.532690,5.650192,1.4847,0.1482,-0.9330
6030000,51.0000621472,-0.0000038298,18.7481,0.088418,-0.532018,5.655929,1.4856,0.1485,-0.9303
6040000,51.0000622808,-0.0000038086,18.7574,0.085661,-0.531347,5.661486,1.4865,0.1487,-0.9276
6050000,51.0000624145,-0.0000037874,18.7667,0.082895,-0.530675,5.666864,1.4873,0.1489,-0.9249
6060000,51.0000625482,-0.0000037662,18.7759,0.080120,-0.530004,5.672062,1.4882,0.1492,-0.9222
6070000,51.0000626820,-0.0000037449,18.7851,0.077336,-0.529332,5.677080,1.4891,0.1494,-0.9195
6080000,51.0000628159,-0.0000037236,18.7943,0.074543,-0.528660,5.681917,1.4899,0.1496,-0.9168
6090000,51.0000629498,-0.0000037023,18.8035,0.071741,-0.527988,5.686574,1.4908,0.1498,-0.9141
6100000,51.0000630839,-0.0000036809,18.8126,0.068931,-0.527317,5.691049,1.4916,0.1500,-0.9114
6110000,51.0000632180,-0.0000036595,18.8217,0.066112,-0.526645,5.695343,1.4925,0.1502,-0.9087
6120000,51.0000633522,-0.0000036381,18.8308,0.063284,-0.525973,5.699455,1.4934,0.1504,-0.9060
6130000,51.0000634865,-0.0000036167,18.8398,0.060447,-0.525301,5.703385,1.4942,0.1506,-0.9032
6140000,51.0000636208,-0.0000035952,18.8488,0.057601,-0.524628,5.707133,1.4951,0.1508,-0.9005
6150000,51.0000637553,-0.0000035737,18.8578,0.054747,-0.523956,5.710697,1.4959,0.1509,-0.8978
6160000,51.0000638898,-0.0000035522,18.8668,0.051883,-0.523284,5.714079,1.4968,0.1511,-0.8950
6170000,51.0000640244,-0.0000035307,18.8757,0.049011,-0.522612,5.717277,1.4977,0.1513,-0.8923
6180000,51.0000641590,-0.0000035091,18.8846,0.046130,-0.521939,5.720292,1.4985,0.1515,-0.8895
6190000,51.0000642938,-0.0000034875,18.8935,0.043240,-0.521267,5.723122,1.4994,0.1516,-0.8868
6200000,51.0000644286,-0.0000034659,18.9024,0.040342,-0.520595,5.725768,1.5002,0.1518,-0.8840
6210000,51.0000645635,-0.0000034443,18.9112,0.037435,-0.519922,5.728230,1.5011,0.1519,-0.8813
6220000,51.0000646984,-0.0000034226,18.9200,0.034518,-0.519249,5.730506,1.5019,0.1521,-0.8785
6230000,51.0000648335,-0.0000034010,18.9288,0.031593,-0.518577,5.732597,1.5028,0.1522,-0.8757
6240000,51.0000649686,-0.0000033793,18.9375,0.028660,-0.517904,5.734502,1.5036,0.1523,-0.8729
6250000,51.0000651038,-0.0000033576,18.9462,0.025717,-0.517231,5.736221,1.5045,0.1525,-0.8702
6260000,51.0000652391,-0.0000033358,18.9549,0.022766,-0.516558,5.737754,1.5053,0.1526,-0.8674
6270000,51.0000653744,-0.0000033141,18.9636,0.019806,-0.515885,5.739100,1.5062,0.1527,-0.8646
6280000,51.0000655099,-0.0000032923,18.9722,0.016837,-0.515212,5.740260,1.5070,0.1528,-0.8618
6290000,51.0000656454,-0.0000032705,18.9808,0.013859,-0.514539,5.741231,1.5079,0.1529,-0.8590
6300000,51.0000657809,-0.0000032487,18.9894,0.010873,-0.513866,5.742016,1.5087,0.1531,-0.8562
6310000,51.0000659166,-0.0000032269,18.9979,0.007878,-0.513193,5.742612,1.5096,0.1532,-0.8534
6320000,51.0000660523,-0.0000032051,19.0064,0.004874,-0.512520,5.743020,1.5104,0.1533,-0.8505
6330000,51.0000661881,-0.0000031833,19.0149,0.001861,-0.511847,5.743240,1.5113,0.1533,-0.8477
6340000,51.0000663240,-0.0000031614,19.0234,-0.001160,-0.511173,5.743270,1.5121,0.1534,-0.8449
6350000,51.0000664600,-0.0000031396,19.0318,-0.004190,-0.510500,5.743112,1.5130,0.1535,-0.8421
6360000,51.0000665960,-0.0000031177,19.0402,-0.007229,-0.509826,5.742764,1.5138,0.1536,-0.8392
6370000,51.0000667321,-0.0000030958,19.0486,-0.010277,-0.509153,5.742226,1.5147,0.1537,-0.8364
6380000,51.0000668683,-0.0000030739,19.0570,-0.013333,-0.508479,5.741497,1.5155,0.1537,-0.8335
6390000,51.0000670046,-0.0000030520,19.0653,-0.016399,-0.507805,5.740579,1.5164,0.1538,-0.8307
6400000,51.0000671409,-0.0000030301,19.0736,-0.019472,-0.507132,5.739469,1.5172,0.1538,-0.8278
6410000,51.0000672774,-0.0000030082,19.0818,-0.022555,-0.506458,5.738169,1.5180,0.1539,-0.8250
6420000,51.0000674138,-0.0000029862,19.0901,-0.025646,-0.505784,5.736677,1.5189,0.1539,-0.8221
6430000,51.0000675504,-0.0000029643,19.0983,-0.028747,-0.505110,5.734993,1.5197,0.1540,-0.8192
6440000,51.0000676871,-0.0000029424,19.1065,-0.031855,-0.504436,5.733117,1.5206,0.1540,-0.8164
6450000,51.0000678238,-0.0000029204,19.1146,-0.034973,-0.503762,5.731049,1.5214,0.1540,-0.8135
6460000,51.0000679606,-0.0000028985,19.1227,-0.038099,-0.503088,5.728788,1.5222,0.1541,-0.8106
6470000,51.0000680974,-0.0000028765,19.1308,-0.041234,-0.502414,5.726335,1.5231,0.1541,-0.8077
6480000,51.0000682344,-0.0000028546,19.1389,-0.044378,-0.501739,5.723687,1.5239,0.1541,-0.8048
6490000,51.0000683714,-0.0000028327,19.1469,-0.047530,-0.501065,5.720847,1.5247,0.1541,-0.8019
6500000,51.0000685085,-0.0000028107,19.1549,-0.050691,-0.500391,5.717812,1.5256,0.1541,-0.7990
6510000,51.0000686457,-0.0000027887,19.1629,-0.053861,-0.499716,5.714583,1.5264,0.1541,-0.7961
6520000,51.0000687829,-0.0000027668,19.1709,-0.057039,-0.499042,5.711159,1.5273,0.1541,-0.7932
6530000,51.0000689202,-0.0000027449,19.1788,-0.060226,-0.498367,5.707541,1.5281,0.1541,-0.7903
6540000,51.0000690576,-0.0000027229,19.1867,-0.063422,-0.497692,5.703727,1.5289,0.1540,-0.7874
6550000,51.0000691951,-0.0000027010,19.1945,-0.066626,-0.497018,5.699718,1.5298,0.1540,-0.7845
6560000,51.0000693326,-0.0000026790,19.2023,-0.069839,-0.496343,5.695513,1.5306,0.1540,-0.7815
6570000,51.0000694703,-0.0000026571,19.2101,-0.073061,-0.495668,5.691112,1.5314,0.1540,-0.7786
6580000,51.0000696080,-0.0000026352,19.2179,-0.076291,-0.494993,5.686515,1.5322,0.1539,-0.7756
6590000,51.0000697457,-0.0000026132,19.2257,-0.079531,-0.494318,5.681721,1.5331,0.1539,-0.7727
6600000,51.0000698836,-0.0000025913,19.2334,-0.082778,-0.493643,5.676730,1.5339,0.1538,-0.7698
6610000,51.0000700215,-0.0000025694,19.2411,-0.086035,-0.492968,5.671541,1.5347,0.1538,-0.7668
6620000,51.0000701595,-0.0000025475,19.2487,-0.089300,-0.492293,5.666155,1.5356,0.1537,-0.7638
6630000,51.0000702975,-0.0000025256,19.2563,-0.092573,-0.491617,5.660571,1.5364,0.1536,-0.7609
6640000,51.0000704357,-0.0000025038,19.2639,-0.095855,-0.490942,5.654788,1.5372,0.1535,-0.7579
6650000,51.0000705739,-0.0000024819,19.2715,-0.099146,-0.490267,5.648807,1.5380,0.1535,-0.7549
6660000,51.0000707122,-0.0000024600,19.2790,-0.102446,-0.489591,5.642628,1.5389,0.1534,-0.7520
6670000,51.0000708506,-0.0000024382,19.2865,-0.105754,-0.488916,5.636249,1.5397,0.1533,-0.7490
6680000,51.0000709890,-0.0000024164,19.2940,-0.109070,-0.488240,5.629670,1.5405,0.1532,-0.7460
6690000,51.0000711275,-0.0000023945,19.3014,-0.112396,-0.487565,5.622892,1.5413,0.1531,-0.7430
6700000,51.0000712661,-0.0000023727,19.3089,-0.115730,-0.486889,5.615913,1.5422,0.1530,-0.7400
6710000,51.0000714048,-0.0000023510,19.3162,-0.119072,-0.486213,5.608735,1.5430,0.1529,-0.7370
6720000,51.0000715435,-0.0000023292,19.3236,-0.122423,-0.485537,5.601355,1.5438,0.1527,-0.7340
6730000,51.0000716823,-0.0000023074,19.3309,-0.125783,-0.484861,5.593775,1.5446,0.1526,-0.7310
6740000,51.0000718212,-0.0000022857,19.3382,-0.129151,-0.484185,5.585993,1.5454,0.1525,-0.7280
6750000,51.0000719601,-0.0000022640,19.3455,-0.132528,-0.483509,5.578010,1.5463,0.1523,-0.7249
6760000,51.0000720992,-0.0000022423,19.3527,-0.135913,-0.482833,5.569824,1.5471,0.1522,-0.7219
6770000,51.0000722383,-0.0000022206,19.3599,-0.139307,-0.482157,5.561437,1.5479,0.1520,-0.7189
6780000,51.0000723774,-0.0000021990,19.3671,-0.142709,-0.481481,5.552847,1.5487,0.1519,-0.7158
6790000,51.0000725167,-0.0000021774,19.3742,-0.146120,-0.480804,5.544054,1.5495,0.1517,-0.7128
6800000,51.0000726560,-0.0000021558,19.3814,-0.149540,-0.480128,5.535058,1.5504,0.1516,-0.7098
6810000,51.0000727954,-0.0000021342,19.3884,-0.152968,-0.479452,5.525859,1.5512,0.1514,-0.7067
6820000,51.0000729349,-0.0000021126,19.3955,-0.156404,-0.478775,5.516456,1.5520,0.1512,-0.7037
6830000,51.0000730744,-0.0000020911,19.4025,-0.159849,-0.478099,5.506849,1.5528,0.1510,-0.7006
6840000,51.0000732140,-0.0000020696,19.4095,-0.163303,-0.477422,5.497037,1.5536,0.1508,-0.6975
6850000,51.0000733537,-0.0000020481,19.4165,-0.166765,-0.476745,5.487022,1.5544,0.1506,-0.6945
6860000,51.0000734935,-0.0000020267,19.4234,-0.170236,-0.476068,5.476801,1.5552,0.1504,-0.6914
6870000,51.0000736333,-0.0000020053,19.4303,-0.173715,-0.475392,5.466375,1.5561,0.1502,-0.6883
6880000,51.0000737732,-0.0000019839,19.4372,-0.177202,-0.474715,5.455743,1.5569,0.1500,-0.6852
6890000,51.0000739132,-0.0000019625,19.4440,-0.180698,-0.474038,5.444906,1.5577,0.1498,-0.6821
6900000,51.0000740533,-0.0000019412,19.4508,-0.184203,-0.473361,5.433863,1.5585,0.1496,-0.6791
6910000,51.0000741934,-0.0000019199,19.4576,-0.187716,-0.472683,5.422613,1.5593,0.1493,-0.6760
6920000,51.0000743336,-0.0000018987,19.4643,-0.191237,-0.472006,5.411157,1.5601,0.1491,-0.6729
6930000,51.0000744739,-0.0000018774,19.4710,-0.194767,-0.471329,5.399494,1.5609,0.1489,-0.6697
6940000,51.0000746142,-0.0000018563,19.4777,-0.198306,-0.470652,5.387623,1.5617,0.1486,-0.6666
6950000,51.0000747546,-0.0000018351,19.4844,-0.201853,-0.469974,5.375545,1.5625,0.1483,-0.6635
6960000,51.0000748951,-0.0000018140,19.4910,-0.205408,-0.469297,5.363259,1.5633,0.1481,-0.6604
6970000,51.0000750357,-0.0000017929,19.4976,-0.208972,-0.468619,5.350765,1.5641,0.1478,-0.6573
6980000,51.0000751763,-0.0000017719,19.5041,-0.212544,-0.467942,5.338063,1.5650,0.1475,-0.6541
6990000,51.0000753170,-0.0000017509,19.5107,-0.216124,-0.467264,5.325152,1.5658,0.1473,-0.6510
7000000,51.0000754578,-0.0000017299,19.5172,-0.219713,-0.466586,5.312031,1.5666,0.1470,-0.6479
7010000,51.0000755987,-0.0000017090,19.5236,-0.223310,-0.465908,5.298702,1.5674,0.1467,-0.6447
7020000,51.0000757396,-0.0000016881,19.5300,-0.226916,-0.465231,5.285163,1.5682,0.1464,-0.6416
7030000,51.0000758806,-0.0000016673,19.5364,-0.230530,-0.464553,5.271414,1.5690,0.1461,-0.6384
7040000,51.0000760217,-0.0000016465,19.5428,-0.234153,-0.463875,5.257455,1.5698,0.1458,-0.6353
7050000,51.0000761628,-0.0000016258,19.5492,-0.237784,-0.463196,5.243286,1.5706,0.1454,-0.6321
7060000,51.0000763040,-0.0000016051,19.5555,-0.241423,-0.462518,5.228906,1.5714,0.1451,-0.6289
7070000,51.0000764453,-0.0000015844,19.5617,-0.245071,-0.461840,5.214314,1.5722,0.1448,-0.6258
7080000,51.0000765866,-0.0000015638,19.5680,-0.248726,-0.461162,5.199512,1.5730,0.1444,-0.6226
7090000,51.0000767281,-0.0000015433,19.5742,-0.252391,-0.460483,5.184498,1.5738,0.1441,-0.6194
7100000,51.0000768696,-0.0000015228,19.5804,-0.256063,-0.459805,5.169272,1.5746,0.1437,-0.6162
7110000,51.0000770111,-0.0000015023,19.5865,-0.259744,-0.459126,5.153834,1.5754,0.1434,-0.6130
7120000,51.0000771528,-0.0000014819,19.5926,-0.263434,-0.458448,5.138183,1.5762,0.1430,-0.6098
7130000,51.0000772945,-0.0000014616,19.5987,-0.267131,-0.457769,5.122320,1.5769,0.1427,-0.6066
7140000,51.0000774363,-0.0000014413,19.6048,-0.270837,-0.457091,5.106244,1.5777,0.1423,-0.6034
7150000,51.0000775781,-0.0000014210,19.6108,-0.274551,-0.456412,5.089954,1.5785,0.1419,-0.6002
7160000,51.0000777201,-0.0000014009,19.6168,-0.278274,-0.455733,5.073451,1.5793,0.1415,-0.5970
7170000,51.0000778621,-0.0000013807,19.6227,-0.282005,-0.455054,5.056734,1.5801,0.1411,-0.5938
7180000,51.0000780041,-0.0000013607,19.6286,-0.285744,-0.454375,5.039803,1.5809,0.1407,-0.5905
7190000,51.0000781463,-0.0000013406,19.6345,-0.289491,-0.453696,5.022657,1.5817,0.1403,-0.5873
7200000,51.0000782885,-0.0000013207,19.6404,-0.293247,-0.453017,5.005297,1.5825,0.1399,-0.5841
7210000,51.0000784308,-0.0000013008,19.6462,-0.297010,-0.452338,4.987721,1.5833,0.1395,-0.5808
7220000,51.0000785731,-0.0000012810,19.6520,-0.300783,-0.451658,4.969931,1.5841,0.1390,-0.5776
7230000,51.0000787156,-0.0000012612,19.6578,-0.304563,-0.450979,4.951925,1.5849,0.1386,-0.5743
7240000,51.0000788580,-0.0000012415,19.6635,-0.308351,-0.450299,4.933703,1.5856,0.1382,-0.5711
7250000,51.0000790006,-0.0000012218,19.6692,-0.312148,-0.449620,4.915265,1.5864,0.1377,-0.5678
7260000,51.0000791433,-0.0000012022,19.6748,-0.315953,-0.448940,4.896610,1.5872,0.1373,-0.5646
7270000,51.0000792860,-0.0000011827,19.6805,-0.319766,-0.448261,4.877739,1.5880,0.1368,-0.5613
7280000,51.0000794287,-0.0000011633,19.6861,-0.323588,-0.447581,4.858651,1.5888,0.1363,-0.5580
7290000,51.0000795716,-0.0000011439,19.6916,-0.327417,-0.446901,4.839346,1.5896,0.1359,-0.5548
7300000,51.0000797145,-0.0000011245,19.6972,-0.331255,-0.446221,4.819823,1.5903,0.1354,-0.5515
7310000,51.0000798575,-0.0000011053,19.7027,-0.335101,-0.445542,4.800083,1.5911,0.1349,-0.5482
7320000,51.0000800006,-0.0000010861,19.7081,-0.338955,-0.444862,4.780124,1.5919,0.1344,-0.5449
7330000,51.0000801437,-0.0000010670,19.7136,-0.342817,-0.444181,4.759947,1.5927,0.1339,-0.5416
7340000,51.0000802869,-0.0000010480,19.7190,-0.346688,-0.443501,4.739552,1.5935,0.1334,-0.5383
7350000,51.0000804302,-0.0000010290,19.7243,-0.350566,-0.442821,4.718938,1.5942,0.1329,-0.5350
7360000,51.0000805735,-0.0000010101,19.7297,-0.354453,-0.442141,4.698104,1.5950,0.1324,-0.5317
7370000,51.0000807169,-0.0000009913,19.7350,-0.358347,-0.441460,4.677051,1.5958,0.1318,-0.5284
7380000,51.0000808604,-0.0000009726,19.7402,-0.362250,-0.440780,4.655779,1.5966,0.1313,-0.5250
7390000,51.0000810039,-0.0000009539,19.7455,-0.366161,-0.440100,4.634286,1.5973,0.1307,-0.5217
7400000,51.0000811475,-0.0000009353,19.7507,-0.370080,-0.439419,4.612574,1.5981,0.1302,-0.5184
7410000,51.0000812912,-0.0000009168,19.7558,-0.374007,-0.438738,4.590640,1.5989,0.1296,-0.5151
7420000,51.0000814350,-0.0000008984,19.7610,-0.377943,-0.438058,4.568486,1.5997,0.1291,-0.5117
7430000,51.0000815788,-0.0000008800,19.7661,-0.381886,-0.437377,4.546111,1.6004,0.1285,-0.5084
7440000,51.0000817227,-0.0000008618,19.7711,-0.385837,-0.436696,4.523515,1.6012,0.1279,-0.5050
7450000,51.0000818667,-0.0000008436,19.7762,-0.389797,-0.436015,4.500697,1.6020,0.1274,-0.5017
7460000,51.0000820107,-0.0000008255,19.7812,-0.393764,-0.435334,4.477657,1.6027,0.1268,-0.4983
7470000,51.0000821548,-0.0000008075,19.7861,-0.397739,-0.434653,4.454395,1.6035,0.1262,-0.4950
7480000,51.0000822990,-0.0000007895,19.7911,-0.401723,-0.433972,4.430911,1.6043,0.1256,-0.4916
7490000,51.0000824432,-0.0000007717,19.7960,-0.405714,-0.433291,4.407204,1.6050,0.1250,-0.4882
7500000,51.0000825875,-0.0000007539,19.8008,-0.409714,-0.432609,4.383274,1.6058,0.1243,-0.4848
7510000,51.0000827319,-0.0000007363,19.8057,-0.413721,-0.431928,4.359121,1.6066,0.1237,-0.4815
7520000,51.0000828764,-0.0000007187,19.8105,-0.417737,-0.431246,4.334745,1.6073,0.1231,-0.4781
7530000,51.0000830209,-0.0000007012,19.8152,-0.421760,-0.430565,4.310144,1.6081,0.1224,-0.4747
7540000,51.0000831655,-0.0000006838,19.8199,-0.425792,-0.429883,4.285320,1.6089,0.1218,-0.4713
7550000,51.0000833101,-0.0000006665,19.8246,-0.429831,-0.429202,4.260272,1.6096,0.1212,-0.4679
7560000,51.0000834548,-0.0000006493,19.8293,-0.433878,-0.428520,4.234999,1.6104,0.1205,-0.4645
7570000,51.0000835996,-0.0000006322,19.8339,-0.437933,-0.427838,4.209501,1.6111,0.1198,-0.4611
7580000,51.0000837445,-0.0000006151,19.8385,-0.441996,-0.427156,4.183778,1.6119,0.1192,-0.4576
7590000,51.0000838894,-0.0000005982,19.8431,-0.446067,-0.426474,4.157830,1.6127,0.1185,-0.4542
7600000,51.0000840344,-0.0000005814,19.8476,-0.450146,-0.425792,4.131657,1.6134,0.1178,-0.4508
7610000,51.0000841795,-0.0000005646,19.8521,-0.454233,-0.425110,4.105257,1.6142,0.1171,-0.4474
7620000,51.0000843246,-0.0000005480,19.8566,-0.458328,-0.424428,4.078633,1.6149,0.1164,-0.4439
7630000,51.0000844698,-0.0000005315,19.8610,-0.462431,-0.423745,4.051787,1.6157,0.1157,-0.4405
7640000,51.0000846151,-0.0000005151,19.8654,-0.466541,-0.423063,4.024722,1.6164,0.1150,-0.4371
7650000,51.0000847604,-0.0000004987,19.8697,-0.470660,-0.422380,3.997440,1.6172,0.1142,-0.4336
7660000,51.0000849058,-0.0000004825,19.8740,-0.474786,-0.421698,3.969944,1.6179,0.1135,-0.4302
7670000,51.0000850512,-0.0000004664,19.8783,-0.478920,-0.421015,3.942236,1.6187,0.1128,-0.4267
7680000,51.0000851968,-0.0000004504,19.8826,-0.483063,-0.420331,3.914320,1.6194,0.1120,-0.4232
7690000,51.0000853424,-0.0000004345,19.8868,-0.487213,-0.419648,3.886199,1.6202,0.1113,-0.4198
7700000,51.0000854881,-0.0000004187,19.8910,-0.491371,-0.418964,3.857874,1.6209,0.1105,-0.4163
7710000,51.0000856338,-0.0000004030,19.8951,-0.495537,-0.418280,3.829348,1.6217,0.1097,-0.4128
7720000,51.0000857796,-0.0000003874,19.8992,-0.499712,-0.417595,3.800625,1.6224,0.1090,-0.4093
7730000,51.0000859255,-0.0000003719,19.9033,-0.503894,-0.416910,3.771706,1.6231,0.1082,-0.4058
7740000,51.0000860714,-0.0000003566,19.9073,-0.508084,-0.416225,3.742596,1.6239,0.1074,-0.4024
7750000,51.0000862174,-0.0000003413,19.9113,-0.512283,-0.415539,3.713295,1.6246,0.1066,-0.3989
7760000,51.0000863635,-0.0000003262,19.9153,-0.516489,-0.414853,3.683808,1.6254,0.1058,-0.3954
7770000,51.0000865096,-0.0000003112,19.9193,-0.520704,-0.414166,3.654137,1.6261,0.1050,-0.3919
7780000,51.0000866558,-0.0000002963,19.9232,-0.524926,-0.413479,3.624284,1.6268,0.1042,-0.3883
7790000,51.0000868021,-0.0000002815,19.9270,-0.529157,-0.412791,3.594253,1.6276,0.1034,-0.3848
7800000,51.0000869484,-0.0000002669,19.9309,-0.533395,-0.412102,3.564046,1.6283,0.1025,-0.3813
7810000,51.0000870948,-0.0000002523,19.9346,-0.537642,-0.411412,3.533666,1.6290,0.1017,-0.3778
7820000,51.0000872413,-0.0000002379,19.9384,-0.541897,-0.410722,3.503116,1.6298,0.1008,-0.3743
7830000,51.0000873878,-0.0000002236,19.9421,-0.546160,-0.410031,3.472399,1.6305,0.1000,-0.3707
7840000,51.0000875344,-0.0000002094,19.9458,-0.550431,-0.409339,3.441517,1.6312,0.0991,-0.3672
7850000,51.0000876810,-0.0000001953,19.9495,-0.554710,-0.408647,3.410473,1.6320,0.0982,-0.3636
7860000,51.0000878278,-0.0000001814,19.9531,-0.558997,-0.407953,3.379270,1.6327,0.0974,-0.3601
7870000,51.0000879746,-0.0000001676,19.9567,-0.563293,-0.407259,3.347911,1.6334,0.0965,-0.3565
7880000,51.0000881214,-0.0000001539,19.9602,-0.567596,-0.406563,3.316399,1.6341,0.0956,-0.3530
7890000,51.0000882683,-0.0000001404,19.9637,-0.571908,-0.405867,3.284736,1.6349,0.0947,-0.3494
7900000,51.0000884153,-0.0000001269,19.9672,-0.576228,-0.405169,3.252925,1.6356,0.0938,-0.3459
7910000,51.0000885624,-0.0000001136,19.9707,-0.580556,-0.404470,3.220970,1.6363,0.0929,-0.3423
7920000,51.0000887095,-0.0000001005,19.9741,-0.584892,-0.403770,3.188873,1.6370,0.0920,-0.3387
7930000,51.0000888567,-0.0000000874,19.9774,-0.589237,-0.403068,3.156637,1.6377,0.0910,-0.3351
7940000,51.0000890039,-0.0000000745,19.9808,-0.593589,-0.402366,3.124264,1.6384,0.0901,-0.3315
7950000,51.0000891512,-0.0000000618,19.9841,-0.597950,-0.401662,3.091759,1.6392,0.0891,-0.3279
7960000,51.0000892986,-0.0000000491,19.9873,-0.602319,-0.400956,3.059123,1.6399,0.0882,-0.3243
7970000,51.0000894461,-0.0000000367,19.9905,-0.606696,-0.400249,3.026359,1.6406,0.0872,-0.3207
7980000,51.0000895936,-0.0000000243,19.9937,-0.611082,-0.399540,2.993471,1.6413,0.0863,-0.3171
7990000,51.0000897411,-0.0000000121,19.9969,-0.615476,-0.398830,2.960461,1.6420,0.0853,-0.3135
8000000,51.0000898887,0.0000000000,20.0000,-0.598140,-1.523798,2.938932,1.6427,0.0843,-0.3099
8010000,51.0000900365,0.0000000119,20.0031,-0.599209,-1.522140,2.905676,1.6454,0.0834,-0.3097
8020000,51.0000901846,0.0000000238,20.0062,-0.600269,-1.520483,2.872306,1.6480,0.0825,-0.3095
8030000,51.0000903328,0.0000000355,20.0093,-0.601319,-1.518827,2.838827,1.6507,0.0816,-0.3093
8040000,51.0000904813,0.0000000470,20.0124,-0.602360,-1.517172,2.805240,1.6533,0.0807,-0.3091
8050000,51.0000906300,0.0000000585,20.0155,-0.603393,-1.515518,2.771549,1.6559,0.0798,-0.3089
8060000,51.0000907790,0.0000000698,20.0186,-0.604417,-1.513865,2.737757,1.6586,0.0789,-0.3087
8070000,51.0000909282,0.0000000809,20.0217,-0.605431,-1.512212,2.703867,1.6612,0.0780,-0.3085
8080000,51.0000910776,0.0000000920,20.0247,-0.606437,-1.510561,2.669881,1.6638,0.0771,-0.3083
8090000,51.0000912273,0.0000001029,20.0278,-0.607435,-1.508911,2.635803,1.6665,0.0762,-0.3081
8100000,51.0000913772,0.0000001137,20.0309,-0.608423,-1.507261,2.601635,1.6691,0.0753,-0.3079
8110000,51.0000915274,0.0000001243,20.0340,-0.609403,-1.505613,2.567381,1.6717,0.0743,-0.3077
8120000,51.0000916778,0.0000001349,20.0371,-0.610374,-1.503965,2.533044,1.6743,0.0734,-0.3075
8130000,51.0000918284,0.0000001453,20.0401,-0.611337,-1.502318,2.498626,1.6769,0.0725,-0.3073
8140000,51.0000919792,0.0000001555,20.0432,-0.612292,-1.500672,2.464131,1.6795,0.0715,-0.3071
8150000,51.0000921303,0.0000001656,20.0463,-0.613238,-1.499027,2.429562,1.6821,0.0706,-0.3069
8160000,51.0000922817,0.0000001756,20.0493,-0.614175,-1.497382,2.394921,1.6847,0.0697,-0.3067
8170000,51.0000924332,0.0000001855,20.0524,-0.615104,-1.495738,2.360213,1.6873,0.0687,-0.3065
8180000,51.0000925850,0.0000001952,20.0555,-0.616026,-1.494095,2.325439,1.6899,0.0678,-0.3063
8190000,51.0000927370,0.0000002048,20.0585,-0.616938,-1.492452,2.290603,1.6925,0.0668,-0.3061
8200000,51.0000928893,0.0000002142,20.0616,-0.617843,-1.490810,2.255708,1.6951,0.0659,-0.3059
8210000,51.0000930418,0.0000002236,20.0646,-0.618740,-1.489169,2.220757,1.6977,0.0649,-0.3057
8220000,51.0000931945,0.0000002327,20.0677,-0.619628,-1.487528,2.185753,1.7003,0.0640,-0.3055
8230000,51.0000933474,0.0000002418,20.0708,-0.620509,-1.485888,2.150700,1.7029,0.0630,-0.3053
8240000,51.0000935006,0.0000002507,20.0738,-0.621381,-1.484248,2.115599,1.7054,0.0620,-0.3051
8250000,51.0000936540,0.0000002594,20.0769,-0.622246,-1.482609,2.080455,1.7080,0.0611,-0.3049
8260000,51.0000938077,0.0000002681,20.0799,-0.623103,-1.480970,2.045271,1.7106,0.0601,-0.3047
8270000,51.0000939616,0.0000002766,20.0830,-0.623952,-1.479332,2.010049,1.7131,0.0591,-0.3045
8280000,51.0000941157,0.0000002849,20.0860,-0.624793,-1.477694,1.974793,1.7157,0.0581,-0.3043
8290000,51.0000942700,0.0000002931,20.0890,-0.625627,-1.476057,1.939506,1.7183,0.0571,-0.3041
8300000,51.0000944246,0.0000003012,20.0921,-0.626453,-1.474419,1.904191,1.7208,0.0562,-0.3039
8310000,51.0000945794,0.0000003091,20.0951,-0.627272,-1.472783,1.868851,1.7234,0.0552,-0.3037
8320000,51.0000947344,0.0000003169,20.0982,-0.628083,-1.471146,1.833489,1.7259,0.0542,-0.3035
8330000,51.0000948896,0.0000003246,20.1012,-0.628886,-1.469510,1.798109,1.7285,0.0532,-0.3033
8340000,51.0000950451,0.0000003321,20.1042,-0.629682,-1.467874,1.762713,1.7310,0.0522,-0.3031
8350000,51.0000952008,0.0000003394,20.1072,-0.630471,-1.466238,1.727305,1.7335,0.0512,-0.3029
8360000,51.0000953568,0.0000003467,20.1103,-0.631252,-1.464602,1.691888,1.7361,0.0502,-0.3027
8370000,51.0000955129,0.0000003537,20.1133,-0.632026,-1.462967,1.656465,1.7386,0.0492,-0.3025
8380000,51.0000956693,0.0000003607,20.1163,-0.632793,-1.461332,1.621040,1.7411,0.0482,-0.3023
8390000,51.0000958260,0.0000003675,20.1193,-0.633553,-1.459696,1.585614,1.7437,0.0472,-0.3021
8400000,51.0000959828,0.0000003741,20.1224,-0.634306,-1.458061,1.550193,1.7462,0.0462,-0.3019
8410000,51.0000961399,0.0000003806,20.1254,-0.635051,-1.456426,1.514779,1.7487,0.0451,-0.3016
8420000,51.0000962972,0.0000003870,20.1284,-0.635790,-1.454791,1.479373,1.7512,0.0441,-0.3014
8430000,51.0000964547,0.0000003932,20.1314,-0.636521,-1.453155,1.443976,1.7537,0.0431,-0.3012
8440000,51.0000966125,0.0000003992,20.1344,-0.637246,-1.451520,1.408589,1.7562,0.0421,-0.3010
8450000,51.0000967704,0.0000004052,20.1374,-0.637963,-1.449885,1.373211,1.7587,0.0410,-0.3008
8460000,51.0000969286,0.0000004109,20.1404,-0.638673,-1.448250,1.337843,1.7612,0.0400,-0.3006
8470000,51.0000970871,0.0000004166,20.1434,-0.639376,-1.446614,1.302486,1.7637,0.0390,-0.3004
8480000,51.0000972457,0.0000004220,20.1465,-0.640072,-1.444979,1.267139,1.7662,0.0379,-0.3002
8490000,51.0000974046,0.0000004274,20.1495,-0.640761,-1.443344,1.231803,1.7687,0.0369,-0.3000
8500000,51.0000975637,0.0000004326,20.1525,-0.641442,-1.441709,1.196478,1.7712,0.0358,-0.2998
8510000,51.0000977230,0.0000004376,20.1554,-0.642116,-1.440074,1.161164,1.7737,0.0348,-0.2996
8520000,51.0000978826,0.0000004425,20.1584,-0.642783,-1.438438,1.125863,1.7762,0.0338,-0.2994
8530000,51.0000980423,0.0000004472,20.1614,-0.643443,-1.436803,1.090573,1.7786,0.0327,-0.2992
8540000,51.0000982023,0.0000004518,20.1644,-0.644095,-1.435168,1.055296,1.7811,0.0317,-0.2990
8550000,51.0000983625,0.0000004562,20.1674,-0.644740,-1.433533,1.020031,1.7836,0.0306,-0.2988
8560000,51.0000985230,0.0000004605,20.1704,-0.645378,-1.431897,0.984780,1.7860,0.0295,-0.2986
8570000,51.0000986836,0.0000004646,20.1734,-0.646008,-1.430262,0.949542,1.7885,0.0285,-0.2984
8580000,51.0000988445,0.0000004686,20.1764,-0.646631,-1.428627,0.914318,1.7910,0.0274,-0.2982
8590000,51.0000990056,0.0000004724,20.1794,-0.647246,-1.426992,0.879107,1.7934,0.0263,-0.2980
8600000,51.0000991669,0.0000004761,20.1823,-0.647854,-1.425357,0.843911,1.7959,0.0253,-0.2978
8610000,51.0000993284,0.0000004796,20.1853,-0.648455,-1.423721,0.808730,1.7983,0.0242,-0.2976
8620000,51.0000994902,0.0000004830,20.1883,-0.649048,-1.422086,0.773563,1.8008,0.0231,-0.2973
8630000,51.0000996522,0.0000004862,20.1913,-0.649634,-1.420451,0.738412,1.8032,0.0220,-0.2971
8640000,51.0000998144,0.0000004893,20.1942,-0.650212,-1.418816,0.703276,1.8057,0.0210,-0.2969
8650000,51.0000999768,0.0000004922,20.1972,-0.650782,-1.417181,0.668156,1.8081,0.0199,-0.2967
8660000,51.0001001394,0.0000004950,20.2002,-0.651345,-1.415545,0.633052,1.8105,0.0188,-0.2965
8670000,51.0001003023,0.0000004976,20.2031,-0.651900,-1.413910,0.597964,1.8129,0.0177,-0.2963
8680000,51.0001004654,0.0000005000,20.2061,-0.652448,-1.412275,0.562894,1.8154,0.0166,-0.2961
8690000,51.0001006287,0.0000005023,20.2090,-0.652988,-1.410640,0.527840,1.8178,0.0155,-0.2959
8700000,51.0001007922,0.0000005044,20.2120,-0.653521,-1.409005,0.492804,1.8202,0.0144,-0.2957
8710000,51.0001009559,0.0000005064,20.2150,-0.654046,-1.407370,0.457785,1.8226,0.0133,-0.2955
8720000,51.0001011198,0.0000005082,20.2179,-0.654563,-1.405734,0.422785,1.8250,0.0122,-0.2953
8730000,51.0001012840,0.0000005099,20.2209,-0.655072,-1.404099,0.387802,1.8274,0.0111,-0.2951
8740000,51.0001014484,0.0000005114,20.2238,-0.655574,-1.402464,0.352839,1.8299,0.0100,-0.2949
8750000,51.0001016130,0.0000005128,20.2268,-0.656068,-1.400829,0.317894,1.8323,0.0089,-0.2947
8760000,51.0001017778,0.0000005139,20.2297,-0.656554,-1.399194,0.282968,1.8347,0.0078,-0.2945
8770000,51.0001019428,0.0000005150,20.2327,-0.657033,-1.397559,0.248063,1.8370,0.0067,-0.2942
8780000,51.0001021080,0.0000005159,20.2356,-0.657503,-1.395923,0.213177,1.8394,0.0056,-0.2940
8790000,51.0001022735,0.0000005166,20.2385,-0.657966,-1.394288,0.178311,1.8418,0.0045,-0.2938
8800000,51.0001024391,0.0000005171,20.2415,-0.658421,-1.392653,0.143465,1.8442,0.0034,-0.2936
8810000,51.0001026050,0.0000005175,20.2444,-0.658868,-1.391018,0.108641,1.8466,0.0022,-0.2934
8820000,51.0001027711,0.0000005178,20.2473,-0.659307,-1.389383,0.073837,1.8490,0.0011,-0.2932
8830000,51.0001029374,0.0000005179,20.2503,-0.659738,-1.387748,0.039055,1.8513,-0.0000,-0.2930
8840000,51.0001031039,0.0000005178,20.2532,-0.660162,-1.386113,0.004294,1.8537,-0.0011,-0.2928
8850000,51.0001032707,0.0000005175,20.2561,-0.660577,-1.384477,-0.030444,1.8561,-0.0023,-0.2926
8860000,51.0001034376,0.0000005171,20.2591,-0.660985,-1.382842,-0.065160,1.8584,-0.0034,-0.2924
8870000,51.0001036048,0.0000005166,20.2620,-0.661384,-1.381207,-0.099853,1.8608,-0.0045,-0.2922
8880000,51.0001037722,0.0000005158,20.2649,-0.661776,-1.379572,-0.134524,1.8632,-0.0057,-0.2920
8890000,51.0001039397,0.0000005150,20.2678,-0.662159,-1.377937,-0.169171,1.8655,-0.0068,-0.2918
8900000,51.0001041075,0.0000005139,20.2707,-0.662535,-1.376302,-0.203795,1.8679,-0.0079,-0.2915
8910000,51.0001042755,0.0000005127,20.2736,-0.662902,-1.374667,-0.238395,1.8702,-0.0091,-0.2913
8920000,51.0001044437,0.0000005113,20.2766,-0.663261,-1.373032,-0.272970,1.8725,-0.0102,-0.2911
8930000,51.0001046122,0.0000005098,20.2795,-0.663613,-1.371397,-0.307521,1.8749,-0.0114,-0.2909
8940000,51.0001047808,0.0000005081,20.2824,-0.663956,-1.369761,-0.342048,1.8772,-0.0125,-0.2907
8950000,51.0001049497,0.0000005062,20.2853,-0.664291,-1.368126,-0.376549,1.8795,-0.0137,-0.2905
8960000,51.0001051187,0.0000005042,20.2882,-0.664618,-1.366491,-0.411025,1.8819,-0.0148,-0.2903
8970000,51.0001052880,0.0000005020,20.2911,-0.664936,-1.364856,-0.445475,1.8842,-0.0160,-0.2901
8980000,51.0001054574,0.0000004996,20.2940,-0.665247,-1.363221,-0.479899,1.8865,-0.0171,-0.2899
8990000,51.0001056271,0.0000004971,20.2969,-0.665549,-1.361586,-0.514297,1.8888,-0.0183,-0.2897
9000000,51.0001057970,0.0000004944,20.2998,-0.665843,-1.359951,-0.548668,1.8911,-0.0194,-0.2895
9010000,51.0001059671,0.0000004916,20.3027,-0.666129,-1.358316,-0.583012,1.8935,-0.0206,-0.2892
9020000,51.0001061374,0.0000004886,20.3056,-0.666407,-1.356681,-0.617329,1.8958,-0.0218,-0.2890
9030000,51.0001063079,0.0000004854,20.3085,-0.666676,-1.355046,-0.651618,1.8981,-0.0229,-0.2888
9040000,51.0001064786,0.0000004820,20.3113,-0.666937,-1.353411,-0.685879,1.9004,-0.0241,-0.2886
9050000,51.0001066496,0.0000004785,20.3142,-0.667190,-1.351776,-0.720113,1.9027,-0.0253,-0.2884
9060000,51.0001068207,0.0000004748,20.3171,-0.667434,-1.350141,-0.754317,1.9050,-0.0264,-0.2882
9070000,51.0001069920,0.0000004710,20.3200,-0.667671,-1.348506,-0.788493,1.9072,-0.0276,-0.2880
9080000,51.0001071636,0.0000004670,20.3229,-0.667898,-1.346870,-0.822640,1.9095,-0.0288,-0.2878
9090000,51.0001073353,0.0000004628,20.3257,-0.668118,-1.345235,-0.856758,1.9118,-0.0300,-0.2876
9100000,51.0001075073,0.0000004584,20.3286,-0.668329,-1.343600,-0.890845,1.9141,-0.0311,-0.2874
9110000,51.0001076794,0.0000004539,20.3315,-0.668531,-1.341965,-0.924903,1.9164,-0.0323,-0.2871
9120000,51.0001078518,0.0000004492,20.3344,-0.668725,-1.340330,-0.958930,1.9186,-0.0335,-0.2869
9130000,51.0001080244,0.0000004444,20.3372,-0.668911,-1.338695,-0.992927,1.9209,-0.0347,-0.2867
9140000,51.0001081971,0.0000004393,20.3401,-0.669088,-1.337060,-1.026893,1.9232,-0.0358,-0.2865
9150000,51.0001083701,0.0000004342,20.3430,-0.669257,-1.335425,-1.060827,1.9254,-0.0370,-0.2863
9160000,51.0001085433,0.0000004288,20.3458,-0.669417,-1.333790,-1.094730,1.9277,-0.0382,-0.2861
9170000,51.0001087167,0.0000004233,20.3487,-0.669569,-1.332155,-1.128602,1.9299,-0.0394,-0.2859
9180000,51.0001088902,0.0000004176,20.3515,-0.669712,-1.330520,-1.162441,1.9322,-0.0406,-0.2857
9190000,51.0001090640,0.0000004117,20.3544,-0.669847,-1.328885,-1.196247,1.9344,-0.0418,-0.2855
9200000,51.0001092380,0.0000004057,20.3573,-0.669973,-1.327250,-1.230021,1.9367,-0.0430,-0.2852
9210000,51.0001094122,0.0000003995,20.3601,-0.670091,-1.325615,-1.263761,1.9389,-0.0442,-0.2850
9220000,51.0001095866,0.0000003931,20.3630,-0.670200,-1.323980,-1.297469,1.9412,-0.0454,-0.2848
9230000,51.0001097612,0.0000003865,20.3658,-0.670300,-1.322346,-1.331142,1.9434,-0.0466,-0.2846
9240000,51.0001099360,0.0000003798,20.3686,-0.670392,-1.320711,-1.364782,1.9456,-0.0478,-0.2844
9250000,51.0001101110,0.0000003729,20.3715,-0.670475,-1.319076,-1.398387,1.9479,-0.0490,-0.2842
9260000,51.0001102862,0.0000003659,20.3743,-0.670550,-1.317441,-1.431958,1.9501,-0.0502,-0.2840
9270000,51.0001104615,0.0000003586,20.3772,-0.670616,-1.315806,-1.465493,1.9523,-0.0514,-0.2838
9280000,51.0001106371,0.0000003512,20.3800,-0.670673,-1.314171,-1.498994,1.9545,-0.0526,-0.2836
9290000,51.0001108129,0.0000003437,20.3828,-0.670721,-1.312536,-1.532459,1.9567,-0.0538,-0.2833
9300000,51.0001109889,0.0000003359,20.3857,-0.670761,-1.310901,-1.565888,1.9589,-0.0550,-0.2831
9310000,51.0001111651,0.0000003280,20.3885,-0.670792,-1.309266,-1.599281,1.9611,-0.0562,-0.2829
9320000,51.0001113415,0.0000003199,20.3913,-0.670814,-1.307631,-1.632638,1.9633,-0.0574,-0.2827
9330000,51.0001115181,0.0000003116,20.3942,-0.670828,-1.305996,-1.665957,1.9655,-0.0586,-0.2825
9340000,51.0001116948,0.0000003032,20.3970,-0.670833,-1.304361,-1.699240,1.9677,-0.0598,-0.2823
9350000,51.0001118718,0.0000002946,20.3998,-0.670829,-1.302726,-1.732486,1.9699,-0.0610,-0.2821
9360000,51.0001120490,0.0000002858,20.4026,-0.670816,-1.301091,-1.765694,1.9721,-0.0622,-0.2819
9370000,51.0001122264,0.0000002769,20.4054,-0.670794,-1.299457,-1.798863,1.9743,-0.0635,-0.2816
9380000,51.0001124039,0.0000002677,20.4083,-0.670764,-1.297822,-1.831995,1.9765,-0.0647,-0.2814
9390000,51.0001125817,0.0000002584,20.4111,-0.670724,-1.296187,-1.865088,1.9787,-0.0659,-0.2812
9400000,51.0001127596,0.0000002490,20.4139,-0.670676,-1.294552,-1.898142,1.9808,-0.0671,-0.2810
9410000,51.0001129378,0.0000002393,20.4167,-0.670619,-1.292917,-1.931157,1.9830,-0.0683,-0.2808
9420000,51.0001131161,0.0000002295,20.4195,-0.670553,-1.291282,-1.964133,1.9852,-0.0695,-0.2806
9430000,51.0001132947,0.0000002195,20.4223,-0.670478,-1.289647,-1.997068,1.9873,-0.0708,-0.2804
9440000,51.0001134734,0.0000002093,20.4251,-0.670395,-1.288013,-2.029964,1.9895,-0.0720,-0.2801
9450000,51.0001136523,0.0000001990,20.4279,-0.670302,-1.286378,-2.062819,1.9916,-0.0732,-0.2799
9460000,51.0001138315,0.0000001885,20.4307,-0.670200,-1.284743,-2.095634,1.9938,-0.0744,-0.2797
9470000,51.0001140108,0.0000001778,20.4335,-0.670090,-1.283108,-2.128408,1.9960,-0.0757,-0.2795
9480000,51.0001141903,0.0000001669,20.4363,-0.669970,-1.281473,-2.161140,1.9981,-0.0769,-0.2793
9490000,51.0001143700,0.0000001559,20.4391,-0.669842,-1.279838,-2.193831,2.0002,-0.0781,-0.2791
9500000,51.0001145499,0.0000001447,20.4419,-0.669704,-1.278204,-2.226480,2.0024,-0.0793,-0.2789
9510000,51.0001147300,0.0000001333,20.4447,-0.669558,-1.276569,-2.259086,2.0045,-0.0806,-0.2786
9520000,51.0001149103,0.0000001217,20.4474,-0.669402,-1.274934,-2.291651,2.0066,-0.0818,-0.2784
9530000,51.0001150907,0.0000001100,20.4502,-0.669237,-1.273299,-2.324172,2.0088,-0.0830,-0.2782
9540000,51.0001152714,0.0000000980,20.4530,-0.669064,-1.271664,-2.356650,2.0109,-0.0843,-0.2780
9550000,51.0001154522,0.0000000860,20.4558,-0.668881,-1.270030,-2.389085,2.0130,-0.0855,-0.2778
9560000,51.0001156333,0.0000000737,20.4586,-0.668689,-1.268395,-2.421477,2.0151,-0.0867,-0.2776
9570000,51.0001158145,0.0000000612,20.4613,-0.668488,-1.266760,-2.453824,2.0173,-0.0880,-0.2774
9580000,51.0001159959,0.0000000486,20.4641,-0.668279,-1.265125,-2.486127,2.0194,-0.0892,-0.2771
9590000,51.0001161776,0.0000000358,20.4669,-0.668059,-1.263491,-2.518385,2.0215,-0.0904,-0.2769
9600000,51.0001163594,0.0000000229,20.4697,-0.667831,-1.261856,-2.550599,2.0236,-0.0917,-0.2767
9610000,51.0001165414,0.0000000097,20.4724,-0.667594,-1.260221,-2.582767,2.0257,-0.0929,-0.2765
9620000,51.0001167235,-0.0000000036,20.4752,-0.667347,-1.258586,-2.614890,2.0278,-0.0941,-0.2763
9630000,51.0001169059,-0.0000000171,20.4779,-0.667092,-1.256952,-2.646967,2.0299,-0.0954,-0.2761
9640000,51.0001170885,-0.0000000308,20.4807,-0.666827,-1.255317,-2.678997,2.0320,-0.0966,-0.2759
9650000,51.0001172712,-0.0000000446,20.4835,-0.666553,-1.253682,-2.710982,2.0340,-0.0978,-0.2756
9660000,51.0001174541,-0.0000000586,20.4862,-0.666270,-1.252047,-2.742920,2.0361,-0.0991,-0.2754
9670000,51.0001176373,-0.0000000729,20.4890,-0.665977,-1.250413,-2.774811,2.0382,-0.1003,-0.2752
9680000,51.0001178206,-0.0000000872,20.4917,-0.665676,-1.248778,-2.806654,2.0403,-0.1016,-0.2750
9690000,51.0001180040,-0.0000001018,20.4945,-0.665365,-1.247143,-2.838450,2.0424,-0.1028,-0.2748
9700000,51.0001181877,-0.0000001165,20.4972,-0.665045,-1.245509,-2.870198,2.0444,-0.1040,-0.2746
9710000,51.0001183716,-0.0000001314,20.5000,-0.664715,-1.243874,-2.901898,2.0465,-0.1053,-0.2743
9720000,51.0001185556,-0.0000001465,20.5027,-0.664376,-1.242239,-2.933549,2.0486,-0.1065,-0.2741
9730000,51.0001187399,-0.0000001618,20.5054,-0.664029,-1.240605,-2.965152,2.0506,-0.1078,-0.2739
9740000,51.0001189243,-0.0000001772,20.5082,-0.663671,-1.238970,-2.996705,2.0527,-0.1090,-0.2737
9750000,51.0001191089,-0.0000001928,20.5109,-0.663305,-1.237335,-3.028209,2.0547,-0.1103,-0.2735
9760000,51.0001192937,-0.0000002086,20.5136,-0.662929,-1.235701,-3.059664,2.0568,-0.1115,-0.2733
9770000,51.0001194787,-0.0000002246,20.5164,-0.662544,-1.234066,-3.091068,2.0588,-0.1127,-0.2730
9780000,51.0001196638,-0.0000002408,20.5191,-0.662149,-1.232431,-3.122423,2.0609,-0.1140,-0.2728
9790000,51.0001198492,-0.0000002571,20.5218,-0.661745,-1.230797,-3.153726,2.0629,-0.1152,-0.2726
9800000,51.0001200347,-0.0000002736,20.5246,-0.661332,-1.229162,-3.184979,2.0649,-0.1165,-0.2724
9810000,51.0001202204,-0.0000002903,20.5273,-0.660910,-1.227527,-3.216181,2.0670,-0.1177,-0.2722
9820000,51.0001204063,-0.0000003071,20.5300,-0.660478,-1.225893,-3.247331,2.0690,-0.1190,-0.2720
9830000,51.0001205923,-0.0000003242,20.5327,-0.660036,-1.224258,-3.278429,2.0710,-0.1202,-0.2717
9840000,51.0001207786,-0.0000003414,20.5354,-0.659585,-1.222624,-3.309476,2.0730,-0.1215,-0.2715
9850000,51.0001209650,-0.0000003588,20.5382,-0.659125,-1.220989,-3.340470,2.0751,-0.1227,-0.2713
9860000,51.0001211516,-0.0000003763,20.5409,-0.658656,-1.219355,-3.371411,2.0771,-0.1239,-0.2711
9870000,51.0001213384,-0.0000003941,20.5436,-0.658177,-1.217720,-3.402300,2.0791,-0.1252,-0.2709
9880000,51.0001215254,-0.0000004120,20.5463,-0.657688,-1.216085,-3.433135,2.0811,-0.1264,-0.2706
9890000,51.0001217126,-0.0000004301,20.5490,-0.657190,-1.214451,-3.463917,2.0831,-0.1277,-0.2704
9900000,51.0001218999,-0.0000004484,20.5517,-0.656683,-1.212816,-3.494644,2.0851,-0.1289,-0.2702
9910000,51.0001220874,-0.0000004668,20.5544,-0.656166,-1.211182,-3.525318,2.0871,-0.1302,-0.2700
9920000,51.0001222751,-0.0000004855,20.5571,-0.655640,-1.209547,-3.555938,2.0891,-0.1314,-0.2698
9930000,51.0001224630,-0.0000005043,20.5598,-0.655104,-1.207913,-3.586502,2.0911,-0.1327,-0.2696
9940000,51.0001226511,-0.0000005233,20.5625,-0.654559,-1.206278,-3.617012,2.0931,-0.1339,-0.2693
9950000,51.0001228393,-0.0000005424,20.5652,-0.654004,-1.204644,-3.647467,2.0951,-0.1352,-0.2691
9960000,51.0001230277,-0.0000005618,20.5679,-0.653440,-1.203009,-3.677865,2.0970,-0.1364,-0.2689
9970000,51.0001232163,-0.0000005813,20.5706,-0.652866,-1.201375,-3.708208,2.0990,-0.1377,-0.2687
9980000,51.0001234051,-0.0000006010,20.5732,-0.652282,-1.199740,-3.738495,2.1010,-0.1389,-0.2685
9990000,51.0001235940,-0.0000006209,20.5759,-0.651690,-1.198106,-3.768725,2.1030,-0.1401,-0.2682
10000000,51.0001237831,-0.0000006409,20.5786,-0.651087,-1.196471,-3.798899,2.1049,-0.1414,-0.2680
10010000,51.0001239724,-0.0000006612,20.5813,-0.650475,-1.194837,-3.829016,2.1069,-0.1426,-0.2678
10020000,51.0001241619,-0.0000006816,20.5840,-0.649853,-1.193202,-3.859075,2.1088,-0.1439,-0.2676
10030000,51.0001243515,-0.0000007022,20.5866,-0.649222,-1.191568,-3.889076,2.1108,-0.1451,-0.2674
10040000,51.0001245414,-0.0000007229,20.5893,-0.648581,-1.189933,-3.919020,2.1128,-0.1464,-0.2671
10050000,51.0001247314,-0.0000007439,20.5920,-0.647931,-1.188299,-3.948906,2.1147,-0.1476,-0.2669
10060000,51.0001249215,-0.0000007650,20.5946,-0.647271,-1.186664,-3.978732,2.1167,-0.1489,-0.2667
10070000,51.0001251119,-0.0000007863,20.5973,-0.646602,-1.185030,-4.008501,2.1186,-0.1501,-0.2665
10080000,51.0001253024,-0.0000008077,20.6000,-0.645922,-1.183395,-4.038210,2.1205,-0.1513,-0.2663
10090000,51.0001254931,-0.0000008294,20.6026,-0.645233,-1.181761,-4.067859,2.1225,-0.1526,-0.2660
10100000,51.0001256840,-0.0000008512,20.6053,-0.644535,-1.180127,-4.097449,2.1244,-0.1538,-0.2658
10110000,51.0001258750,-0.0000008732,20.6080,-0.643827,-1.178492,-4.126979,2.1263,-0.1551,-0.2656
10120000,51.0001260663,-0.0000008954,20.6106,-0.643109,-1.176858,-4.156449,2.1283,-0.1563,-0.2654
10130000,51.0001262576,-0.0000009178,20.6133,-0.642382,-1.175223,-4.185859,2.1302,-0.1576,-0.2652
10140000,51.0001264492,-0.0000009403,20.6159,-0.641645,-1.173589,-4.215207,2.1321,-0.1588,-0.2649
10150000,51.0001266410,-0.0000009630,20.6186,-0.640898,-1.171955,-4.244494,2.1340,-0.1600,-0.2647
10160000,51.0001268329,-0.0000009859,20.6212,-0.640141,-1.170320,-4.273720,2.1359,-0.1613,-0.2645
10170000,51.0001270249,-0.0000010089,20.6239,-0.639375,-1.168686,-4.302885,2.1378,-0.1625,-0.2643
10180000,51.0001272172,-0.0000010322,20.6265,-0.638599,-1.167051,-4.331987,2.1398,-0.1638,-0.2641
10190000,51.0001274096,-0.0000010556,20.6291,-0.637814,-1.165417,-4.361027,2.1417,-0.1650,-0.2638
10200000,51.0001276022,-0.0000010792,20.6318,-0.637019,-1.163783,-4.390004,2.1436,-0.1662,-0.2636
10210000,51.0001277950,-0.0000011030,20.6344,-0.636214,-1.162148,-4.418919,2.1455,-0.1675,-0.2634
10220000,51.0001279879,-0.0000011269,20.6370,-0.635399,-1.160514,-4.447770,2.1474,-0.1687,-0.2632
10230000,51.0001281810,-0.0000011510,20.6397,-0.634575,-1.158880,-4.476558,2.1492,-0.1699,-0.2630
10240000,51.0001283743,-0.0000011753,20.6423,-0.633740,-1.157245,-4.505283,2.1511,-0.1712,-0.2627
10250000,51.0001285678,-0.0000011998,20.6449,-0.632896,-1.155611,-4.533943,2.1530,-0.1724,-0.2625
10260000,51.0001287614,-0.0000012244,20.6475,-0.632043,-1.153977,-4.562539,2.1549,-0.1736,-0.2623
10270000,51.0001289552,-0.0000012493,20.6502,-0.631179,-1.152342,-4.591071,2.1568,-0.1749,-0.2621
10280000,51.0001291491,-0.0000012743,20.6528,-0.630306,-1.150708,-4.619537,2.1586,-0.1761,-0.2618
10290000,51.0001293432,-0.0000012994,20.6554,-0.629423,-1.149074,-4.647939,2.1605,-0.1773,-0.2616
10300000,51.0001295375,-0.0000013248,20.6580,-0.628531,-1.147439,-4.676275,2.1624,-0.1786,-0.2614
10310000,51.0001297320,-0.0000013503,20.6606,-0.627628,-1.145805,-4.704545,2.1642,-0.1798,-0.2612
10320000,51.0001299266,-0.0000013760,20.6632,-0.626716,-1.144171,-4.732749,2.1661,-0.1810,-0.2610
10330000,51.0001301214,-0.0000014019,20.6659,-0.625794,-1.142537,-4.760888,2.1680,-0.1822,-0.2607
10340000,51.0001303164,-0.0000014279,20.6685,-0.624862,-1.140902,-4.788959,2.1698,-0.1835,-0.2605
10350000,51.0001305115,-0.0000014542,20.6711,-0.623920,-1.139268,-4.816964,2.1717,-0.1847,-0.2603
10360000,51.0001307068,-0.0000014806,20.6737,-0.622969,-1.137634,-4.844901,2.1735,-0.1859,-0.2601
10370000,51.0001309022,-0.0000015071,20.6763,-0.622007,-1.136000,-4.872771,2.1754,-0.1871,-0.2598
10380000,51.0001310979,-0.0000015339,20.6789,-0.621036,-1.134365,-4.900574,2.1772,-0.1884,-0.2596
10390000,51.0001312936,-0.0000015608,20.6815,-0.620055,-1.132731,-4.928308,2.1790,-0.1896,-0.2594
10400000,51.0001314896,-0.0000015879,20.6840,-0.619064,-1.131097,-4.955974,2.1809,-0.1908,-0.2592
10410000,51.0001316857,-0.0000016152,20.6866,-0.618064,-1.129463,-4.983572,2.1827,-0.1920,-0.2590
10420000,51.0001318820,-0.0000016426,20.6892,-0.617053,-1.127828,-5.011100,2.1845,-0.1933,-0.2587
10430000,51.0001320784,-0.0000016702,20.6918,-0.616033,-1.126194,-5.038560,2.1864,-0.1945,-0.2585
10440000,51.0001322751,-0.0000016980,20.6944,-0.615003,-1.124560,-5.065950,2.1882,-0.1957,-0.2583
10450000,51.0001324718,-0.0000017260,20.6970,-0.613963,-1.122926,-5.093271,2.1900,-0.1969,-0.2581
10460000,51.0001326688,-0.0000017541,20.6996,-0.612913,-1.121292,-5.120521,2.1918,-0.1981,-0.2578
10470000,51.0001328659,-0.0000017824,20.7021,-0.611853,-1.119658,-5.147702,2.1936,-0.1993,-0.2576
10480000,51.0001330631,-0.0000018109,20.7047,-0.610783,-1.118023,-5.174811,2.1954,-0.2005,-0.2574
10490000,51.0001332606,-0.0000018396,20.7073,-0.609704,-1.116389,-5.201850,2.1972,-0.2018,-0.2572
10500000,51.0001334582,-0.0000018684,20.7099,-0.608614,-1.114755,-5.228818,2.1990,-0.2030,-0.2569
10510000,51.0001336559,-0.0000018974,20.7124,-0.607515,-1.113121,-5.255715,2.2008,-0.2042,-0.2567
10520000,51.0001338538,-0.0000019266,20.7150,-0.606406,-1.111487,-5.282540,2.2026,-0.2054,-0.2565
10530000,51.0001340519,-0.0000019559,20.7176,-0.605287,-1.109853,-5.309292,2.2044,-0.2066,-0.2563
10540000,51.0001342501,-0.0000019854,20.7201,-0.604158,-1.108218,-5.335973,2.2062,-0.2078,-0.2560
10550000,51.0001344485,-0.0000020151,20.7227,-0.603019,-1.106584,-5.362581,2.2080,-0.2090,-0.2558
10560000,51.0001346471,-0.0000020450,20.7252,-0.601870,-1.104950,-5.389117,2.2098,-0.2102,-0.2556
10570000,51.0001348458,-0.0000020750,20.7278,-0.600712,-1.103316,-5.415579,2.2116,-0.2114,-0.2554
10580000,51.0001350447,-0.0000021052,20.7303,-0.599543,-1.101682,-5.441968,2.2134,-0.2126,-0.2551
10590000,51.0001352437,-0.0000021356,20.7329,-0.598365,-1.100048,-5.468284,2.2151,-0.2138,-0.2549
10600000,51.0001354429,-0.0000021661,20.7354,-0.597176,-1.098414,-5.494525,2.2169,-0.2150,-0.2547
10610000,51.0001356422,-0.0000021968,20.7380,-0.595978,-1.096780,-5.520693,2.2187,-0.2162,-0.2545
10620000,51.0001358418,-0.0000022277,20.7405,-0.594770,-1.095146,-5.546786,2.2204,-0.2174,-0.2542
10630000,51.0001360414,-0.0000022587,20.7431,-0.593552,-1.093511,-5.572804,2.2222,-0.2186,-0.2540
10640000,51.0001362413,-0.0000022900,20.7456,-0.592323,-1.091877,-5.598747,2.2240,-0.2198,-0.2538
10650000,51.0001364413,-0.0000023213,20.7481,-0.591085,-1.090243,-5.624615,2.2257,-0.2209,-0.2536
10660000,51.0001366414,-0.0000023529,20.7507,-0.589837,-1.088609,-5.650408,2.2275,-0.2221,-0.2533
10670000,51.0001368417,-0.0000023846,20.7532,-0.588580,-1.086975,-5.676124,2.2292,-0.2233,-0.2531
10680000,51.0001370422,-0.0000024165,20.7557,-0.587312,-1.085341,-5.701765,2.2310,-0.2245,-0.2529
10690000,51.0001372428,-0.0000024486,20.7583,-0.586034,-1.083707,-5.727329,2.2327,-0.2257,-0.2527
10700000,51.0001374435,-0.0000024808,20.7608,-0.584746,-1.082073,-5.752816,2.2344,-0.2269,-0.2524
10710000,51.0001376445,-0.0000025132,20.7633,-0.583449,-1.080439,-5.778227,2.2362,-0.2280,-0.2522
10720000,51.0001378456,-0.0000025458,20.7658,-0.582141,-1.078805,-5.803560,2.2379,-0.2292,-0.2520
10730000,51.0001380468,-0.0000025785,20.7684,-0.580823,-1.077171,-5.828816,2.2396,-0.2304,-0.2518
10740000,51.0001382482,-0.0000026114,20.7709,-0.579496,-1.075537,-5.853994,2.2414,-0.2316,-0.2515
10750000,51.0001384498,-0.0000026445,20.7734,-0.578158,-1.073903,-5.879095,2.2431,-0.2327,-0.2513
10760000,51.0001386515,-0.0000026777,20.7759,-0.576811,-1.072269,-5.904116,2.2448,-0.2339,-0.2511
10770000,51.0001388533,-0.0000027111,20.7784,-0.575453,-1.070635,-5.929060,2.2465,-0.2351,-0.2509
10780000,51.0001390553,-0.0000027447,20.7809,-0.574086,-1.069001,-5.953924,2.2483,-0.2362,-0.2506
10790000,51.0001392575,-0.0000027784,20.7834,-0.572709,-1.067367,-5.978709,2.2500,-0.2374,-0.2504
10800000,51.0001394598,-0.0000028123,20.7859,-0.571321,-1.065733,-6.003415,2.2517,-0.2386,-0.2502
10810000,51.0001396623,-0.0000028464,20.7884,-0.569924,-1.064099,-6.028042,2.2534,-0.2397,-0.2499
10820000,51.0001398649,-0.0000028806,20.7909,-0.568517,-1.062465,-6.052588,2.2551,-0.2409,-0.2497
10830000,51.0001400677,-0.0000029150,20.7934,-0.567100,-1.060831,-6.077054,2.2568,-0.2420,-0.2495
10840000,51.0001402707,-0.0000029496,20.7959,-0.565673,-1.059197,-6.101440,2.2585,-0.2432,-0.2493
10850000,51.0001404737,-0.0000029843,20.7984,-0.564235,-1.057563,-6.125745,2.2602,-0.2443,-0.2490
10860000,51.0001406770,-0.0000030192,20.8009,-0.562788,-1.055929,-6.149969,2.2619,-0.2455,-0.2488
10870000,51.0001408804,-0.0000030543,20.8034,-0.561331,-1.054295,-6.174111,2.2636,-0.2466,-0.2486
10880000,51.0001410839,-0.0000030895,20.8059,-0.559864,-1.052661,-6.198172,2.2652,-0.2478,-0.2484
10890000,51.0001412876,-0.0000031249,20.8083,-0.558387,-1.051027,-6.222152,2.2669,-0.2489,-0.2481
10900000,51.0001414915,-0.0000031604,20.8108,-0.556900,-1.049393,-6.246049,2.2686,-0.2501,-0.2479
10910000,51.0001416955,-0.0000031961,20.8133,-0.555403,-1.047759,-6.269863,2.2703,-0.2512,-0.2477
10920000,51.0001418996,-0.0000032320,20.8158,-0.553896,-1.046125,-6.293596,2.2720,-0.2523,-0.2474
10930000,51.0001421039,-0.0000032680,20.8183,-0.552379,-1.044492,-6.317245,2.2736,-0.2535,-0.2472
10940000,51.0001423084,-0.0000033042,20.8207,-0.550852,-1.042858,-6.340811,2.2753,-0.2546,-0.2470
10950000,51.0001425129,-0.0000033405,20.8232,-0.549315,-1.041224,-6.364294,2.2770,-0.2557,-0.2468
10960000,51.0001427177,-0.0000033770,20.8257,-0.547769,-1.039590,-6.387693,2.2786,-0.2569,-0.2465
10970000,51.0001429226,-0.0000034137,20.8281,-0.546212,-1.037956,-6.411008,2.2803,-0.2580,-0.2463
10980000,51.0001431276,-0.0000034505,20.8306,-0.544645,-1.036322,-6.434238,2.2819,-0.2591,-0.2461
10990000,51.0001433328,-0.0000034875,20.8330,-0.543068,-1.034688,-6.457384,2.2836,-0.2602,-0.2458
11000000,51.0001435382,-0.0000035247,20.8355,-0.541481,-1.033054,-6.480446,2.2852,-0.2614,-0.2456
11010000,51.0001437437,-0.0000035620,20.8380,-0.539885,-1.031420,-6.503422,2.2869,-0.2625,-0.2454
11020000,51.0001439493,-0.0000035995,20.8404,-0.538278,-1.029787,-6.526314,2.2885,-0.2636,-0.2452
11030000,51.0001441551,-0.0000036371,20.8429,-0.536661,-1.028153,-6.549119,2.2902,-0.2647,-0.2449
11040000,51.0001443610,-0.0000036749,20.8453,-0.535034,-1.026519,-6.571839,2.2918,-0.2658,-0.2447
11050000,51.0001445671,-0.0000037128,20.8478,-0.533398,-1.024885,-6.594472,2.2934,-0.2669,-0.2445
11060000,51.0001447733,-0.0000037509,20.8502,-0.531751,-1.023251,-6.617020,2.2951,-0.2680,-0.2442
11070000,51.0001449797,-0.0000037892,20.8526,-0.530095,-1.021617,-6.639480,2.2967,-0.2691,-0.2440
11080000,51.0001451862,-0.0000038276,20.8551,-0.528428,-1.019983,-6.661854,2.2983,-0.2702,-0.2438
11090000,51.0001453929,-0.0000038662,20.8575,-0.526752,-1.018350,-6.684141,2.3000,-0.2713,-0.2435
11100000,51.0001455997,-0.0000039049,20.8600,-0.525065,-1.016716,-6.706340,2.3016,-0.2724,-0.2433
11110000,51.0001458067,-0.0000039438,20.8624,-0.523369,-1.015082,-6.728451,2.3032,-0.2735,-0.2431
11120000,51.0001460138,-0.0000039828,20.8648,-0.521662,-1.013448,-6.750475,2.3048,-0.2746,-0.2429
11130000,51.0001462210,-0.0000040220,20.8672,-0.519946,-1.011814,-6.772410,2.3064,-0.2757,-0.2426
11140000,51.0001464284,-0.0000040614,20.8697,-0.518219,-1.010180,-6.794257,2.3080,-0.2768,-0.2424
11150000,51.0001466360,-0.0000041009,20.8721,-0.516483,-1.008547,-6.816015,2.3096,-0.2779,-0.2422
11160000,51.0001468436,-0.0000041405,20.8745,-0.514737,-1.006913,-6.837685,2.3112,-0.2789,-0.2419
11170000,51.0001470515,-0.0000041804,20.8769,-0.512981,-1.005279,-6.859264,2.3128,-0.2800,-0.2417
11180000,51.0001472594,-0.0000042203,20.8793,-0.511214,-1.003645,-6.880755,2.3144,-0.2811,-0.2415
11190000,51.0001474676,-0.0000042604,20.8818,-0.509438,-1.002011,-6.902156,2.3160,-0.2821,-0.2412
11200000,51.0001476758,-0.0000043007,20.8842,-0.507652,-1.000378,-6.923466,2.3176,-0.2832,-0.2410
11210000,51.0001478842,-0.0000043411,20.8866,-0.505856,-0.998744,-6.944686,2.3192,-0.2843,-0.2408
11220000,51.0001480928,-0.0000043817,20.8890,-0.504050,-0.997110,-6.965816,2.3208,-0.2853,-0.2405
11230000,51.0001483014,-0.0000044224,20.8914,-0.502234,-0.995476,-6.986855,2.3224,-0.2864,-0.2403
11240000,51.0001485103,-0.0000044633,20.8938,-0.500408,-0.993842,-7.007803,2.3240,-0.2875,-0.2401
11250000,51.0001487192,-0.0000045043,20.8962,-0.498573,-0.992209,-7.028660,2.3256,-0.2885,-0.2399
11260000,51.0001489283,-0.0000045455,20.8986,-0.496727,-0.990575,-7.049425,2.3271,-0.2896,-0.2396
11270000,51.0001491376,-0.0000045868,20.9010,-0.494871,-0.988941,-7.070098,2.3287,-0.2906,-0.2394
11280000,51.0001493470,-0.0000046283,20.9034,-0.493006,-0.987307,-7.090679,2.3303,-0.2917,-0.2392
11290000,51.0001495565,-0.0000046699,20.9058,-0.491130,-0.985673,-7.111168,2.3318,-0.2927,-0.2389
11300000,51.0001497662,-0.0000047117,20.9082,-0.489245,-0.984040,-7.131564,2.3334,-0.2937,-0.2387
11310000,51.0001499760,-0.0000047536,20.9105,-0.487349,-0.982406,-7.151867,2.3350,-0.2948,-0.2385
11320000,51.0001501860,-0.0000047957,20.9129,-0.485444,-0.980772,-7.172077,2.3365,-0.2958,-0.2382
11330000,51.0001503961,-0.0000048379,20.9153,-0.483529,-0.979138,-7.192194,2.3381,-0.2968,-0.2380
11340000,51.0001506063,-0.0000048803,20.9177,-0.481604,-0.977505,-7.212217,2.3396,-0.2979,-0.2378
11350000,51.0001508167,-0.0000049228,20.9201,-0.479669,-0.975871,-7.232147,2.3412,-0.2989,-0.2375
11360000,51.0001510272,-0.0000049654,20.9224,-0.477724,-0.974237,-7.251982,2.3427,-0.2999,-0.2373
11370000,51.0001512379,-0.0000050082,20.9248,-0.475769,-0.972603,-7.271722,2.3443,-0.3009,-0.2371
11380000,51.0001514487,-0.0000050511,20.9272,-0.473804,-0.970970,-7.291368,2.3458,-0.3019,-0.2368
11390000,51.0001516596,-0.0000050942,20.9295,-0.471830,-0.969336,-7.310920,2.3474,-0.3030,-0.2366
11400000,51.0001518707,-0.0000051375,20.9319,-0.469845,-0.967702,-7.330376,2.3489,-0.3040,-0.2364
11410000,51.0001520819,-0.0000051808,20.9343,-0.467851,-0.966069,-7.349736,2.3504,-0.3050,-0.2361
11420000,51.0001522932,-0.0000052244,20.9366,-0.465846,-0.964435,-7.369001,2.3520,-0.3060,-0.2359
11430000,51.0001525047,-0.0000052680,20.9390,-0.463832,-0.962801,-7.388170,2.3535,-0.3070,-0.2357
11440000,51.0001527163,-0.0000053118,20.9413,-0.461808,-0.961167,-7.407243,2.3550,-0.3080,-0.2354
11450000,51.0001529281,-0.0000053558,20.9437,-0.459774,-0.959534,-7.426220,2.3566,-0.3090,-0.2352
11460000,51.0001531400,-0.0000053998,20.9461,-0.457731,-0.957900,-7.445099,2.3581,-0.3099,-0.2350
11470000,51.0001533520,-0.0000054441,20.9484,-0.455677,-0.956266,-7.463882,2.3596,-0.3109,-0.2347
11480000,51.0001535642,-0.0000054884,20.9507,-0.453614,-0.954633,-7.482568,2.3611,-0.3119,-0.2345
11490000,51.0001537765,-0.0000055329,20.9531,-0.451540,-0.952999,-7.501156,2.3626,-0.3129,-0.2343
11500000,51.0001539889,-0.0000055776,20.9554,-0.449457,-0.951365,-7.519647,2.3641,-0.3139,-0.2340
11510000,51.0001542015,-0.0000056223,20.9578,-0.447364,-0.949731,-7.538040,2.3657,-0.3148,-0.2338
11520000,51.0001544142,-0.0000056673,20.9601,-0.445261,-0.948098,-7.556334,2.3672,-0.3158,-0.2336
11530000,51.0001546271,-0.0000057123,20.9624,-0.443149,-0.946464,-7.574531,2.3687,-0.3168,-0.2333
11540000,51.0001548401,-0.0000057575,20.9648,-0.441026,-0.944830,-7.592628,2.3702,-0.3177,-0.2331
11550000,51.0001550532,-0.0000058029,20.9671,-0.438894,-0.943197,-7.610627,2.3717,-0.3187,-0.2329
11560000,51.0001552664,-0.0000058483,20.9694,-0.436752,-0.941563,-7.628526,2.3732,-0.3196,-0.2326
11570000,51.0001554798,-0.0000058939,20.9718,-0.434600,-0.939929,-7.646326,2.3747,-0.3206,-0.2324
11580000,51.0001556933,-0.0000059397,20.9741,-0.432438,-0.938296,-7.664027,2.3761,-0.3215,-0.2322
11590000,51.0001559070,-0.0000059855,20.9764,-0.430266,-0.936662,-7.681627,2.3776,-0.3225,-0.2319
11600000,51.0001561208,-0.0000060315,20.9787,-0.428085,-0.935028,-7.699128,2.3791,-0.3234,-0.2317
11610000,51.0001563347,-0.0000060777,20.9810,-0.425894,-0.933395,-7.716528,2.3806,-0.3244,-0.2315
11620000,51.0001565488,-0.0000061240,20.9833,-0.423693,-0.931761,-7.733827,2.3821,-0.3253,-0.2312
11630000,51.0001567630,-0.0000061704,20.9857,-0.421482,-0.930127,-7.751026,2.3836,-0.3262,-0.2310
11640000,51.0001569773,-0.0000062169,20.9880,-0.419262,-0.928494,-7.768123,2.3850,-0.3272,-0.2308
11650000,51.0001571917,-0.0000062636,20.9903,-0.417032,-0.926860,-7.785119,2.3865,-0.3281,-0.2305
11660000,51.0001574063,-0.0000063104,20.9926,-0.414792,-0.925226,-7.802014,2.3880,-0.3290,-0.2303
11670000,51.0001576210,-0.0000063573,20.9949,-0.412542,-0.923593,-7.818806,2.3894,-0.3299,-0.2300
11680000,51.0001578359,-0.0000064044,20.9972,-0.410283,-0.921959,-7.835497,2.3909,-0.3308,-0.2298
11690000,51.0001580509,-0.0000064516,20.9995,-0.408014,-0.920325,-7.852085,2.3924,-0.3317,-0.2296
11700000,51.0001582660,-0.0000064989,21.0018,-0.405735,-0.918692,-7.868570,2.3938,-0.3326,-0.2293
11710000,51.0001584812,-0.0000065463,21.0041,-0.403446,-0.917058,-7.884953,2.3953,-0.3335,-0.2291
11720000,51.0001586966,-0.0000065939,21.0064,-0.401148,-0.915424,-7.901233,2.3967,-0.3344,-0.2289
11730000,51.0001589121,-0.0000066416,21.0086,-0.398840,-0.913791,-7.917409,2.3982,-0.3353,-0.2286
11740000,51.0001591277,-0.0000066894,21.0109,-0.396522,-0.912157,-7.933482,2.3996,-0.3362,-0.2284
11750000,51.0001593435,-0.0000067374,21.0132,-0.394194,-0.910523,-7.949452,2.4011,-0.3371,-0.2282
11760000,51.0001595594,-0.0000067855,21.0155,-0.391857,-0.908890,-7.965317,2.4025,-0.3380,-0.2279
11770000,51.0001597754,-0.0000068337,21.0178,-0.389510,-0.907256,-7.981078,2.4040,-0.3388,-0.2277
11780000,51.0001599916,-0.0000068820,21.0200,-0.387154,-0.905622,-7.996734,2.4054,-0.3397,-0.2275
11790000,51.0001602079,-0.0000069305,21.0223,-0.384788,-0.903989,-8.012286,2.4069,-0.3406,-0.2272
11800000,51.0001604243,-0.0000069791,21.0246,-0.382412,-0.902355,-8.027732,2.4083,-0.3414,-0.2270
11810000,51.0001606408,-0.0000070278,21.0269,-0.380026,-0.900721,-8.043074,2.4097,-0.3423,-0.2267
11820000,51.0001608575,-0.0000070766,21.0291,-0.377631,-0.899088,-8.058310,2.4112,-0.3432,-0.2265
11830000,51.0001610743,-0.0000071255,21.0314,-0.375226,-0.897454,-8.073440,2.4126,-0.3440,-0.2263
11840000,51.0001612912,-0.0000071746,21.0336,-0.372812,-0.895820,-8.088464,2.4140,-0.3449,-0.2260
11850000,51.0001615083,-0.0000072238,21.0359,-0.370388,-0.894187,-8.103383,2.4154,-0.3457,-0.2258
11860000,51.0001617255,-0.0000072731,21.0382,-0.367954,-0.892553,-8.118195,2.4169,-0.3465,-0.2256
11870000,51.0001619428,-0.0000073225,21.0404,-0.365511,-0.890919,-8.132900,2.4183,-0.3474,-0.2253
11880000,51.0001621602,-0.0000073721,21.0427,-0.363058,-0.889286,-8.147498,2.4197,-0.3482,-0.2251
11890000,51.0001623778,-0.0000074217,21.0449,-0.360596,-0.887652,-8.161990,2.4211,-0.3490,-0.2248
11900000,51.0001625955,-0.0000074715,21.0472,-0.358124,-0.886018,-8.176373,2.4225,-0.3499,-0.2246
11910000,51.0001628133,-0.0000075214,21.0494,-0.355642,-0.884385,-8.190650,2.4239,-0.3507,-0.2244
11920000,51.0001630312,-0.0000075714,21.0517,-0.353151,-0.882751,-8.204818,2.4253,-0.3515,-0.2241
11930000,51.0001632493,-0.0000076215,21.0539,-0.350650,-0.881117,-8.218879,2.4267,-0.3523,-0.2239
11940000,51.0001634675,-0.0000076718,21.0561,-0.348140,-0.879484,-8.232831,2.4281,-0.3531,-0.2237
11950000,51.0001636859,-0.0000077221,21.0584,-0.345620,-0.877850,-8.246675,2.4295,-0.3539,-0.2234
11960000,51.0001639043,-0.0000077726,21.0606,-0.343091,-0.876216,-8.260410,2.4309,-0.3547,-0.2232
11970000,51.0001641229,-0.0000078232,21.0628,-0.340552,-0.874583,-8.274036,2.4323,-0.3555,-0.2229
11980000,51.0001643416,-0.0000078739,21.0651,-0.338004,-0.872949,-8.287553,2.4337,-0.3563,-0.2227
11990000,51.0001645604,-0.0000079247,21.0673,-0.335446,-0.871316,-8.300961,2.4351,-0.3571,-0.2225
12000000,51.0001647794,-0.0000079756,21.0695,-0.332879,-0.869682,-8.314259,2.4365,-0.3578,-0.2222
12010000,51.0001649984,-0.0000080267,21.0717,-0.330302,-0.868048,-8.327447,2.4379,-0.3586,-0.2220
12020000,51.0001652176,-0.0000080778,21.0739,-0.327715,-0.866415,-8.340525,2.4393,-0.3594,-0.2217
12030000,51.0001654370,-0.0000081291,21.0762,-0.325120,-0.864781,-8.353492,2.4407,-0.3602,-0.2215
12040000,51.0001656564,-0.0000081804,21.0784,-0.322514,-0.863147,-8.366349,2.4420,-0.3609,-0.2213
12050000,51.0001658760,-0.0000082319,21.0806,-0.319900,-0.861514,-8.379095,2.4434,-0.3617,-0.2210
12060000,51.0001660957,-0.0000082835,21.0828,-0.317276,-0.859880,-8.391730,2.4448,-0.3624,-0.2208
12070000,51.0001663155,-0.0000083351,21.0850,-0.314642,-0.858246,-8.404254,2.4462,-0.3632,-0.2205
12080000,51.0001665355,-0.0000083869,21.0872,-0.311999,-0.856613,-8.416667,2.4475,-0.3639,-0.2203
12090000,51.0001667555,-0.0000084388,21.0894,-0.309347,-0.854979,-8.428967,2.4489,-0.3647,-0.2201
12100000,51.0001669757,-0.0000084908,21.0916,-0.306685,-0.853345,-8.441156,2.4503,-0.3654,-0.2198
12110000,51.0001671960,-0.0000085429,21.0938,-0.304014,-0.851712,-8.453233,2.4516,-0.3661,-0.2196
12120000,51.0001674165,-0.0000085951,21.0960,-0.301333,-0.850078,-8.465197,2.4530,-0.3669,-0.2194
12130000,51.0001676370,-0.0000086475,21.0982,-0.298643,-0.848444,-8.477049,2.4544,-0.3676,-0.2191
12140000,51.0001678577,-0.0000086999,21.1004,-0.295944,-0.846811,-8.488788,2.4557,-0.3683,-0.2189
12150000,51.0001680785,-0.0000087524,21.1026,-0.293236,-0.845177,-8.500413,2.4571,-0.3690,-0.2186
12160000,51.0001682994,-0.0000088050,21.1048,-0.290518,-0.843543,-8.511926,2.4584,-0.3697,-0.2184
12170000,51.0001685205,-0.0000088577,21.1069,-0.287790,-0.841910,-8.523325,2.4598,-0.3704,-0.2181
12180000,51.0001687416,-0.0000089105,21.1091,-0.285054,-0.840276,-8.534610,2.4611,-0.3711,-0.2179
12190000,51.0001689629,-0.0000089634,21.1113,-0.282308,-0.838642,-8.545782,2.4625,-0.3718,-0.2177
12200000,51.0001691843,-0.0000090165,21.1135,-0.279553,-0.837009,-8.556839,2.4638,-0.3725,-0.2174
12210000,51.0001694059,-0.0000090696,21.1156,-0.276788,-0.835375,-8.567782,2.4651,-0.3732,-0.2172
12220000,51.0001696275,-0.0000091228,21.1178,-0.274015,-0.833741,-8.578610,2.4665,-0.3738,-0.2169
12230000,51.0001698493,-0.0000091761,21.1200,-0.271232,-0.832108,-8.589323,2.4678,-0.3745,-0.2167
12240000,51.0001700712,-0.0000092295,21.1222,-0.268439,-0.830474,-8.599921,2.4692,-0.3752,-0.2165
12250000,51.0001702932,-0.0000092830,21.1243,-0.265638,-0.828840,-8.610404,2.4705,-0.3758,-0.2162
12260000,51.0001705153,-0.0000093366,21.1265,-0.262827,-0.827207,-8.620772,2.4718,-0.3765,-0.2160
12270000,51.0001707376,-0.0000093902,21.1286,-0.260007,-0.825573,-8.631024,2.4731,-0.3772,-0.2157
12280000,51.0001709599,-0.0000094440,21.1308,-0.257178,-0.823939,-8.641160,2.4745,-0.3778,-0.2155
12290000,51.0001711824,-0.0000094979,21.1329,-0.254340,-0.822306,-8.651179,2.4758,-0.3784,-0.2153
12300000,51.0001714050,-0.0000095518,21.1351,-0.251492,-0.820672,-8.661083,2.4771,-0.3791,-0.2150
12310000,51.0001716277,-0.0000096059,21.1372,-0.248636,-0.819038,-8.670870,2.4784,-0.3797,-0.2148
12320000,51.0001718506,-0.0000096600,21.1394,-0.245770,-0.817404,-8.680540,2.4798,-0.3803,-0.2145
12330000,51.0001720735,-0.0000097142,21.1415,-0.242895,-0.815771,-8.690093,2.4811,-0.3810,-0.2143
12340000,51.0001722966,-0.0000097686,21.1437,-0.240011,-0.814137,-8.699528,2.4824,-0.3816,-0.2140
12350000,51.0001725198,-0.0000098230,21.1458,-0.237118,-0.812503,-8.708847,2.4837,-0.3822,-0.2138
12360000,51.0001727431,-0.0000098775,21.1480,-0.234215,-0.810870,-8.718047,2.4850,-0.3828,-0.2136
12370000,51.0001729666,-0.0000099320,21.1501,-0.231304,-0.809236,-8.727130,2.4863,-0.3834,-0.2133
12380000,51.0001731901,-0.0000099867,21.1522,-0.228383,-0.807602,-8.736095,2.4876,-0.3840,-0.2131
12390000,51.0001734138,-0.0000100414,21.1544,-0.225454,-0.805969,-8.744941,2.4889,-0.3846,-0.2128
12400000,51.0001736376,-0.0000100963,21.1565,-0.222515,-0.804335,-8.753669,2.4902,-0.3852,-0.2126
12410000,51.0001738615,-0.0000101512,21.1586,-0.219567,-0.802701,-8.762278,2.4915,-0.3858,-0.2124
12420000,51.0001740855,-0.0000102062,21.1607,-0.216611,-0.801067,-8.770769,2.4928,-0.3863,-0.2121
12430000,51.0001743096,-0.0000102613,21.1628,-0.213645,-0.799434,-8.779140,2.4941,-0.3869,-0.2119
12440000,51.0001745339,-0.0000103164,21.1650,-0.210670,-0.797800,-8.787391,2.4954,-0.3875,-0.2116
12450000,51.0001747582,-0.0000103717,21.1671,-0.207687,-0.796166,-8.795523,2.4967,-0.3880,-0.2114
12460000,51.0001749827,-0.0000104270,21.1692,-0.204694,-0.794532,-8.803536,2.4980,-0.3886,-0.2111
12470000,51.0001752073,-0.0000104824,21.1713,-0.201692,-0.792899,-8.811428,2.4993,-0.3891,-0.2109
12480000,51.0001754320,-0.0000105378,21.1734,-0.198681,-0.791265,-8.819200,2.5005,-0.3897,-0.2106
12490000,51.0001756569,-0.0000105934,21.1755,-0.195662,-0.789631,-8.826852,2.5018,-0.3902,-0.2104
12500000,51.0001758818,-0.0000106490,21.1776,-0.192633,-0.787998,-8.834383,2.5031,-0.3908,-0.2102
12510000,51.0001761069,-0.0000107047,21.1797,-0.189596,-0.786364,-8.841793,2.5044,-0.3913,-0.2099
12520000,51.0001763320,-0.0000107605,21.1818,-0.186549,-0.784730,-8.849083,2.5057,-0.3918,-0.2097
12530000,51.0001765573,-0.0000108164,21.1839,-0.183494,-0.783096,-8.856251,2.5069,-0.3923,-0.2094
12540000,51.0001767827,-0.0000108723,21.1860,-0.180430,-0.781462,-8.863297,2.5082,-0.3929,-0.2092
12550000,51.0001770082,-0.0000109283,21.1881,-0.177357,-0.779829,-8.870222,2.5095,-0.3934,-0.2089
12560000,51.0001772339,-0.0000109844,21.1902,-0.174275,-0.778195,-8.877025,2.5107,-0.3939,-0.2087
12570000,51.0001774596,-0.0000110405,21.1923,-0.171185,-0.776561,-8.883706,2.5120,-0.3944,-0.2085
12580000,51.0001776855,-0.0000110967,21.1944,-0.168085,-0.774927,-8.890264,2.5133,-0.3948,-0.2082
12590000,51.0001779114,-0.0000111530,21.1964,-0.164977,-0.773294,-8.896701,2.5145,-0.3953,-0.2080
12600000,51.0001781375,-0.0000112093,21.1985,-0.161860,-0.771660,-8.903014,2.5158,-0.3958,-0.2077
12610000,51.0001783637,-0.0000112658,21.2006,-0.158734,-0.770026,-8.909205,2.5171,-0.3963,-0.2075
12620000,51.0001785900,-0.0000113223,21.2027,-0.155599,-0.768392,-8.915272,2.5183,-0.3968,-0.2072
12630000,51.0001788165,-0.0000113788,21.2047,-0.152456,-0.766758,-8.921216,2.5196,-0.3972,-0.2070
12640000,51.0001790430,-0.0000114354,21.2068,-0.149304,-0.765125,-8.927037,2.5208,-0.3977,-0.2067
12650000,51.0001792697,-0.0000114921,21.2089,-0.146143,-0.763491,-8.932734,2.5221,-0.3981,-0.2065
12660000,51.0001794964,-0.0000115489,21.2109,-0.142973,-0.761857,-8.938307,2.5233,-0.3986,-0.2063
12670000,51.0001797233,-0.0000116057,21.2130,-0.139795,-0.760223,-8.943756,2.5246,-0.3990,-0.2060
12680000,51.0001799503,-0.0000116625,21.2151,-0.136608,-0.758589,-8.949081,2.5258,-0.3994,-0.2058
12690000,51.0001801774,-0.0000117195,21.2171,-0.133413,-0.756956,-8.954281,2.5271,-0.3999,-0.2055
12700000,51.0001804046,-0.0000117765,21.2192,-0.130208,-0.755322,-8.959356,2.5283,-0.4003,-0.2053
12710000,51.0001806319,-0.0000118335,21.2212,-0.126995,-0.753688,-8.964307,2.5295,-0.4007,-0.2050
12720000,51.0001808593,-0.0000118906,21.2233,-0.123774,-0.752054,-8.969132,2.5308,-0.4011,-0.2048
12730000,51.0001810869,-0.0000119478,21.2253,-0.120544,-0.750420,-8.973832,2.5320,-0.4015,-0.2045
12740000,51.0001813145,-0.0000120050,21.2274,-0.117305,-0.748786,-8.978407,2.5332,-0.4019,-0.2043
12750000,51.0001815423,-0.0000120623,21.2294,-0.114058,-0.747153,-8.982856,2.5345,-0.4023,-0.2040
12760000,51.0001817702,-0.0000121197,21.2314,-0.110802,-0.745519,-8.987179,2.5357,-0.4027,-0.2038
12770000,51.0001819982,-0.0000121771,21.2335,-0.107538,-0.743885,-8.991375,2.5369,-0.4031,-0.2035
12780000,51.0001822263,-0.0000122345,21.2355,-0.104265,-0.742251,-8.995446,2.5381,-0.4035,-0.2033
12790000,51.0001824545,-0.0000122920,21.2375,-0.100983,-0.740617,-8.999390,2.5394,-0.4039,-0.2031
12800000,51.0001826828,-0.0000123496,21.2396,-0.097693,-0.738983,-9.003208,2.5406,-0.4042,-0.2028
12810000,51.0001829112,-0.0000124072,21.2416,-0.094395,-0.737349,-9.006898,2.5418,-0.4046,-0.2026
12820000,51.0001831397,-0.0000124648,21.2436,-0.091088,-0.735715,-9.010462,2.5430,-0.4049,-0.2023
12830000,51.0001833684,-0.0000125225,21.2456,-0.087773,-0.734082,-9.013898,2.5442,-0.4053,-0.2021
12840000,51.0001835971,-0.0000125803,21.2477,-0.084449,-0.732448,-9.017207,2.5455,-0.4056,-0.2018
12850000,51.0001838260,-0.0000126381,21.2497,-0.081117,-0.730814,-9.020388,2.5467,-0.4060,-0.2016
12860000,51.0001840550,-0.0000126960,21.2517,-0.077776,-0.729180,-9.023441,2.5479,-0.4063,-0.2013
12870000,51.0001842840,-0.0000127539,21.2537,-0.074427,-0.727546,-9.026366,2.5491,-0.4066,-0.2011
12880000,51.0001845132,-0.0000128118,21.2557,-0.071070,-0.725912,-9.029163,2.5503,-0.4069,-0.2008
12890000,51.0001847425,-0.0000128698,21.2577,-0.067704,-0.724278,-9.031832,2.5515,-0.4072,-0.2006
12900000,51.0001849719,-0.0000129278,21.2597,-0.064330,-0.722644,-9.034372,2.5527,-0.4075,-0.2003
12910000,51.0001852014,-0.0000129859,21.2617,-0.060948,-0.721010,-9.036783,2.5539,-0.4078,-0.2001
12920000,51.0001854311,-0.0000130440,21.2637,-0.057557,-0.719376,-9.039065,2.5551,-0.4081,-0.1998
12930000,51.0001856608,-0.0000131022,21.2657,-0.054159,-0.717742,-9.041218,2.5563,-0.4084,-0.1996
12940000,51.0001858906,-0.0000131604,21.2677,-0.050751,-0.716108,-9.043242,2.5575,-0.4087,-0.1993
12950000,51.0001861206,-0.0000132186,21.2697,-0.047336,-0.714474,-9.045136,2.5587,-0.4090,-0.1991
12960000,51.0001863506,-0.0000132769,21.2717,-0.043912,-0.712840,-9.046900,2.5599,-0.4092,-0.1989
12970000,51.0001865808,-0.0000133352,21.2737,-0.040480,-0.711206,-9.048535,2.5611,-0.4095,-0.1986
12980000,51.0001868110,-0.0000133936,21.2757,-0.037040,-0.709572,-9.050039,2.5622,-0.4098,-0.1984
12990000,51.0001870414,-0.0000134520,21.2777,-0.033592,-0.707938,-9.051413,2.5634,-0.4100,-0.1981
13000000,51.0001872719,-0.0000135104,21.2796,-0.030135,-0.706304,-9.052657,2.5646,-0.4103,-0.1979
13010000,51.0001875025,-0.0000135689,21.2816,-0.026671,-0.704670,-9.053769,2.5658,-0.4105,-0.1976
13020000,51.0001877332,-0.0000136274,21.2836,-0.023198,-0.703036,-9.054751,2.5670,-0.4107,-0.1974
13030000,51.0001879640,-0.0000136859,21.2856,-0.019717,-0.701402,-9.055602,2.5682,-0.4109,-0.1971
13040000,51.0001881949,-0.0000137444,21.2875,-0.016228,-0.699768,-9.056322,2.5693,-0.4112,-0.1969
13050000,51.0001884259,-0.0000138030,21.2895,-0.012731,-0.698134,-9.056910,2.5705,-0.4114,-0.1966
13060000,51.0001886570,-0.0000138616,21.2915,-0.009226,-0.696500,-9.057367,2.5717,-0.4116,-0.1964
13070000,51.0001888882,-0.0000139203,21.2934,-0.005713,-0.694866,-9.057692,2.5728,-0.4118,-0.1961
13080000,51.0001891195,-0.0000139790,21.2954,-0.002192,-0.693232,-9.057885,2.5740,-0.4120,-0.1959
13090000,51.0001893509,-0.0000140377,21.2973,0.001338,-0.691598,-9.057946,2.5752,-0.4122,-0.1956
13100000,51.0001895825,-0.0000140964,21.2993,0.004875,-0.689964,-9.057874,2.5764,-0.4123,-0.1954
13110000,51.0001898141,-0.0000141551,21.3013,0.008420,-0.688330,-9.057670,2.5775,-0.4125,-0.1951
13120000,51.0001900458,-0.0000142139,21.3032,0.011973,-0.686696,-9.057334,2.5787,-0.4127,-0.1949
13130000,51.0001902777,-0.0000142727,21.3052,0.015534,-0.685062,-9.056864,2.5798,-0.4128,-0.1946
13140000,51.0001905096,-0.0000143315,21.3071,0.019103,-0.683428,-9.056261,2.5810,-0.4130,-0.1944
13150000,51.0001907417,-0.0000143904,21.3090,0.022680,-0.681794,-9.055526,2.5822,-0.4131,-0.1941
13160000,51.0001909739,-0.0000144493,21.3110,0.026265,-0.680160,-9.054656,2.5833,-0.4133,-0.1939
13170000,51.0001912061,-0.0000145081,21.3129,0.029858,-0.678525,-9.053654,2.5845,-0.4134,-0.1936
13180000,51.0001914385,-0.0000145670,21.3149,0.033458,-0.676891,-9.052517,2.5856,-0.4136,-0.1934
13190000,51.0001916710,-0.0000146260,21.3168,0.037066,-0.675257,-9.051247,2.5868,-0.4137,-0.1931
13200000,51.0001919035,-0.0000146849,21.3187,0.040683,-0.673623,-9.049842,2.5879,-0.4138,-0.1929
13210000,51.0001921362,-0.0000147439,21.3206,0.044307,-0.671989,-9.048303,2.5891,-0.4139,-0.1926
13220000,51.0001923690,-0.0000148028,21.3226,0.047938,-0.670355,-9.046630,2.5902,-0.4140,-0.1924
13230000,51.0001926019,-0.0000148618,21.3245,0.051578,-0.668721,-9.044822,2.5913,-0.4141,-0.1921
13240000,51.0001928348,-0.0000149208,21.3264,0.055225,-0.667086,-9.042879,2.5925,-0.4142,-0.1919
13250000,51.0001930679,-0.0000149798,21.3283,0.058880,-0.665452,-9.040802,2.5936,-0.4143,-0.1916
13260000,51.0001933011,-0.0000150388,21.3302,0.062543,-0.663818,-9.038589,2.5948,-0.4143,-0.1914
13270000,51.0001935344,-0.0000150979,21.3322,0.066213,-0.662184,-9.036241,2.5959,-0.4144,-0.1911
13280000,51.0001937678,-0.0000151569,21.3341,0.069891,-0.660550,-9.033757,2.5970,-0.4145,-0.1909
13290000,51.0001940013,-0.0000152160,21.3360,0.073577,-0.658915,-9.031138,2.5982,-0.4145,-0.1906
13300000,51.0001942349,-0.0000152750,21.3379,0.077270,-0.657281,-9.028383,2.5993,-0.4146,-0.1904
13310000,51.0001944686,-0.0000153341,21.3398,0.080971,-0.655647,-9.025491,2.6004,-0.4146,-0.1901
13320000,51.0001947024,-0.0000153932,21.3417,0.084679,-0.654013,-9.022464,2.6015,-0.4147,-0.1899
13330000,51.0001949363,-0.0000154522,21.3436,0.088395,-0.652379,-9.019300,2.6027,-0.4147,-0.1896
13340000,51.0001951703,-0.0000155113,21.3455,0.092119,-0.650744,-9.016000,2.6038,-0.4147,-0.1894
13350000,51.0001954044,-0.0000155704,21.3474,0.095850,-0.649110,-9.012563,2.6049,-0.4147,-0.1891
13360000,51.0001956386,-0.0000156295,21.3493,0.099589,-0.647476,-9.008990,2.6060,-0.4147,-0.1888
13370000,51.0001958729,-0.0000156885,21.3511,0.103335,-0.645841,-9.005279,2.6071,-0.4147,-0.1886
13380000,51.0001961073,-0.0000157476,21.3530,0.107088,-0.644207,-9.001431,2.6083,-0.4147,-0.1883
13390000,51.0001963418,-0.0000158067,21.3549,0.110849,-0.642573,-8.997445,2.6094,-0.4147,-0.1881
13400000,51.0001965764,-0.0000158658,21.3568,0.114618,-0.640939,-8.993323,2.6105,-0.4147,-0.1878
13410000,51.0001968111,-0.0000159249,21.3587,0.118393,-0.639304,-8.989062,2.6116,-0.4147,-0.1876
13420000,51.0001970459,-0.0000159839,21.3605,0.122177,-0.637670,-8.984664,2.6127,-0.4146,-0.1873
13430000,51.0001972808,-0.0000160430,21.3624,0.125967,-0.636036,-8.980127,2.6138,-0.4146,-0.1871
13440000,51.0001975158,-0.0000161021,21.3643,0.129765,-0.634401,-8.975453,2.6149,-0.4146,-0.1868
13450000,51.0001977509,-0.0000161611,21.3661,0.133571,-0.632767,-8.970640,2.6160,-0.4145,-0.1866
13460000,51.0001979861,-0.0000162202,21.3680,0.137383,-0.631133,-8.965688,2.6171,-0.4144,-0.1863
13470000,51.0001982214,-0.0000162792,21.3699,0.141203,-0.629498,-8.960598,2.6182,-0.4144,-0.1861
13480000,51.0001984568,-0.0000163382,21.3717,0.145030,-0.627864,-8.955369,2.6193,-0.4143,-0.1858
13490000,51.0001986923,-0.0000163972,21.3736,0.148865,-0.626230,-8.950001,2.6204,-0.4142,-0.1856
13500000,51.0001989279,-0.0000164562,21.3754,0.152706,-0.624595,-8.944494,2.6215,-0.4141,-0.1853
13510000,51.0001991636,-0.0000165152,21.3773,0.156555,-0.622961,-8.938848,2.6226,-0.4140,-0.1851
13520000,51.0001993994,-0.0000165742,21.3791,0.160411,-0.621326,-8.933062,2.6237,-0.4139,-0.1848
13530000,51.0001996353,-0.0000166332,21.3810,0.164274,-0.619692,-8.927137,2.6248,-0.4138,-0.1846
13540000,51.0001998713,-0.0000166921,21.3828,0.168145,-0.618058,-8.921071,2.6259,-0.4137,-0.1843
13550000,51.0002001073,-0.0000167510,21.3847,0.172022,-0.616423,-8.914866,2.6270,-0.4136,-0.1840
13560000,51.0002003435,-0.0000168099,21.3865,0.175907,-0.614789,-8.908521,2.6280,-0.4135,-0.1838
13570000,51.0002005798,-0.0000168688,21.3884,0.179798,-0.613154,-8.902035,2.6291,-0.4133,-0.1835
13580000,51.0002008162,-0.0000169277,21.3902,0.183697,-0.611520,-8.895409,2.6302,-0.4132,-0.1833
13590000,51.0002010527,-0.0000169865,21.3920,0.187603,-0.609885,-8.888642,2.6313,-0.4130,-0.1830
13600000,51.0002012892,-0.0000170454,21.3939,0.191515,-0.608251,-8.881735,2.6324,-0.4129,-0.1828
13610000,51.0002015259,-0.0000171042,21.3957,0.195435,-0.606616,-8.874687,2.6334,-0.4127,-0.1825
13620000,51.0002017627,-0.0000171629,21.3975,0.199362,-0.604982,-8.867498,2.6345,-0.4125,-0.1823
13630000,51.0002019995,-0.0000172217,21.3993,0.203295,-0.603347,-8.860167,2.6356,-0.4123,-0.1820
13640000,51.0002022365,-0.0000172804,21.4011,0.207236,-0.601713,-8.852695,2.6367,-0.4122,-0.1818
13650000,51.0002024735,-0.0000173391,21.4030,0.211183,-0.600078,-8.845082,2.6377,-0.4120,-0.1815
13660000,51.0002027107,-0.0000173978,21.4048,0.215138,-0.598444,-8.837327,2.6388,-0.4118,-0.1812
13670000,51.0002029479,-0.0000174564,21.4066,0.219099,-0.596809,-8.829430,2.6399,-0.4115,-0.1810
13680000,51.0002031853,-0.0000175151,21.4084,0.223067,-0.595175,-8.821391,2.6409,-0.4113,-0.1807
13690000,51.0002034227,-0.0000175736,21.4102,0.227042,-0.593540,-8.813210,2.6420,-0.4111,-0.1805
13700000,51.0002036602,-0.0000176322,21.4120,0.231024,-0.591905,-8.804887,2.6430,-0.4109,-0.1802
13710000,51.0002038979,-0.0000176907,21.4138,0.235012,-0.590271,-8.796422,2.6441,-0.4106,-0.1800
13720000,51.0002041356,-0.0000177492,21.4156,0.239008,-0.588636,-8.787813,2.6452,-0.4104,-0.1797
13730000,51.0002043734,-0.0000178076,21.4174,0.243010,-0.587002,-8.779062,2.6462,-0.4101,-0.1795
13740000,51.0002046113,-0.0000178660,21.4192,0.247018,-0.585367,-8.770169,2.6473,-0.4099,-0.1792
13750000,51.0002048493,-0.0000179244,21.4210,0.251034,-0.583732,-8.761132,2.6483,-0.4096,-0.1789
13760000,51.0002050874,-0.0000179827,21.4228,0.255056,-0.582098,-8.751952,2.6494,-0.4093,-0.1787
13770000,51.0002053256,-0.0000180410,21.4246,0.259085,-0.580463,-8.742629,2.6504,-0.4091,-0.1784
13780000,51.0002055639,-0.0000180993,21.4263,0.263120,-0.578829,-8.733162,2.6515,-0.4088,-0.1782
13790000,51.0002058023,-0.0000181575,21.4281,0.267162,-0.577194,-8.723552,2.6525,-0.4085,-0.1779
13800000,51.0002060408,-0.0000182157,21.4299,0.271210,-0.575559,-8.713798,2.6535,-0.4082,-0.1777
13810000,51.0002062793,-0.0000182738,21.4317,0.275265,-0.573924,-8.703900,2.6546,-0.4078,-0.1774
13820000,51.0002065180,-0.0000183319,21.4334,0.279327,-0.572290,-8.693858,2.6556,-0.4075,-0.1772
13830000,51.0002067568,-0.0000183899,21.4352,0.283395,-0.570655,-8.683672,2.6567,-0.4072,-0.1769
13840000,51.0002069956,-0.0000184479,21.4370,0.287470,-0.569020,-8.673341,2.6577,-0.4069,-0.1766
13850000,51.0002072346,-0.0000185058,21.4387,0.291551,-0.567386,-8.662867,2.6587,-0.4065,-0.1764
13860000,51.0002074736,-0.0000185637,21.4405,0.295638,-0.565751,-8.652247,2.6598,-0.4062,-0.1761
13870000,51.0002077127,-0.0000186215,21.4423,0.299732,-0.564116,-8.641483,2.6608,-0.4058,-0.1759
13880000,51.0002079519,-0.0000186793,21.4440,0.303833,-0.562481,-8.630574,2.6618,-0.4054,-0.1756
13890000,51.0002081913,-0.0000187370,21.4458,0.307939,-0.560847,-8.619519,2.6628,-0.4051,-0.1754
13900000,51.0002084307,-0.0000187947,21.4475,0.312053,-0.559212,-8.608320,2.6639,-0.4047,-0.1751
13910000,51.0002086702,-0.0000188523,21.4493,0.316172,-0.557577,-8.596975,2.6649,-0.4043,-0.1748
13920000,51.0002089097,-0.0000189099,21.4510,0.320298,-0.555942,-8.585485,2.6659,-0.4039,-0.1746
13930000,51.0002091494,-0.0000189674,21.4528,0.324430,-0.554307,-8.573850,2.6669,-0.4035,-0.1743
13940000,51.0002093892,-0.0000190249,21.4545,0.328568,-0.552673,-8.562068,2.6679,-0.4031,-0.1741
13950000,51.0002096291,-0.0000190823,21.4563,0.332712,-0.551038,-8.550141,2.6690,-0.4027,-0.1738
13960000,51.0002098690,-0.0000191396,21.4580,0.336863,-0.549403,-8.538068,2.6700,-0.4023,-0.1736
13970000,51.0002101091,-0.0000191969,21.4597,0.341020,-0.547768,-8.525848,2.6710,-0.4018,-0.1733
13980000,51.0002103492,-0.0000192541,21.4615,0.345183,-0.546133,-8.513483,2.6720,-0.4014,-0.1730
13990000,51.0002105894,-0.0000193112,21.4632,0.349352,-0.544498,-8.500970,2.6730,-0.4009,-0.1728
14000000,51.0002108298,-0.0000193683,21.4649,0.353528,-0.542863,-8.488312,2.6740,-0.4005,-0.1725
14010000,51.0002110702,-0.0000194253,21.4666,0.357709,-0.541229,-8.475507,2.6750,-0.4000,-0.1723
14020000,51.0002113107,-0.0000194823,21.4684,0.361896,-0.539594,-8.462554,2.6760,-0.3995,-0.1720
14030000,51.0002115512,-0.0000195392,21.4701,0.366090,-0.537959,-8.449455,2.6770,-0.3991,-0.1717
14040000,51.0002117919,-0.0000195960,21.4718,0.370289,-0.536324,-8.436209,2.6780,-0.3986,-0.1715
14050000,51.0002120327,-0.0000196527,21.4735,0.374495,-0.534689,-8.422816,2.6790,-0.3981,-0.1712
14060000,51.0002122736,-0.0000197094,21.4752,0.378707,-0.533054,-8.409275,2.6800,-0.3976,-0.1710
14070000,51.0002125145,-0.0000197660,21.4769,0.382924,-0.531419,-8.395587,2.6810,-0.3971,-0.1707
14080000,51.0002127555,-0.0000198225,21.4786,0.387147,-0.529784,-8.381751,2.6820,-0.3965,-0.1705
14090000,51.0002129967,-0.0000198790,21.4803,0.391377,-0.528149,-8.367768,2.6830,-0.3960,-0.1702
14100000,51.0002132379,-0.0000199354,21.4820,0.395612,-0.526514,-8.353636,2.6840,-0.3955,-0.1699
14110000,51.0002134792,-0.0000199917,21.4837,0.399853,-0.524879,-8.339357,2.6850,-0.3949,-0.1697
14120000,51.0002137206,-0.0000200479,21.4854,0.404100,-0.523244,-8.324930,2.6860,-0.3944,-0.1694
14130000,51.0002139621,-0.0000201040,21.4871,0.408352,-0.521609,-8.310354,2.6869,-0.3938,-0.1692
14140000,51.0002142036,-0.0000201601,21.4888,0.412611,-0.519974,-8.295630,2.6879,-0.3933,-0.1689
14150000,51.0002144453,-0.0000202161,21.4905,0.416875,-0.518339,-8.280757,2.6889,-0.3927,-0.1686
14160000,51.0002146870,-0.0000202720,21.4922,0.421145,-0.516704,-8.265736,2.6899,-0.3921,-0.1684
14170000,51.0002149289,-0.0000203278,21.4939,0.425421,-0.515069,-8.250566,2.6908,-0.3915,-0.1681
14180000,51.0002151708,-0.0000203835,21.4956,0.429702,-0.513433,-8.235247,2.6918,-0.3909,-0.1679
14190000,51.0002154128,-0.0000204392,21.4972,0.433989,-0.511798,-8.219780,2.6928,-0.3903,-0.1676
14200000,51.0002156549,-0.0000204947,21.4989,0.438282,-0.510163,-8.204163,2.6938,-0.3897,-0.1673
14210000,51.0002158971,-0.0000205502,21.5006,0.442580,-0.508528,-8.188397,2.6947,-0.3891,-0.1671
14220000,51.0002161393,-0.0000206056,21.5022,0.446884,-0.506893,-8.172481,2.6957,-0.3885,-0.1668
14230000,51.0002163817,-0.0000206609,21.5039,0.451193,-0.505258,-8.156416,2.6967,-0.3878,-0.1666
14240000,51.0002166241,-0.0000207161,21.5056,0.455508,-0.503623,-8.140201,2.6976,-0.3872,-0.1663
14250000,51.0002168667,-0.0000207712,21.5072,0.459828,-0.501988,-8.123837,2.6986,-0.3865,-0.1660
14260000,51.0002171093,-0.0000208262,21.5089,0.464154,-0.500352,-8.107323,2.6995,-0.3859,-0.1658
14270000,51.0002173520,-0.0000208811,21.5106,0.468486,-0.498717,-8.090659,2.7005,-0.3852,-0.1655
14280000,51.0002175948,-0.0000209360,21.5122,0.472822,-0.497082,-8.073844,2.7015,-0.3845,-0.1653
14290000,51.0002178376,-0.0000209907,21.5139,0.477165,-0.495447,-8.056880,2.7024,-0.3839,-0.1650
14300000,51.0002180806,-0.0000210453,21.5155,0.481512,-0.493811,-8.039765,2.7034,-0.3832,-0.1647
14310000,51.0002183236,-0.0000210999,21.5172,0.485865,-0.492176,-8.022500,2.7043,-0.3825,-0.1645
14320000,51.0002185668,-0.0000211543,21.5188,0.490223,-0.490541,-8.005084,2.7052,-0.3818,-0.1642
14330000,51.0002188100,-0.0000212086,21.5204,0.494587,-0.488906,-7.987517,2.7062,-0.3810,-0.1639
14340000,51.0002190533,-0.0000212629,21.5221,0.498956,-0.487270,-7.969800,2.7071,-0.3803,-0.1637
14350000,51.0002192967,-0.0000213170,21.5237,0.503330,-0.485635,-7.951932,2.7081,-0.3796,-0.1634
14360000,51.0002195401,-0.0000213710,21.5253,0.507709,-0.484000,-7.933912,2.7090,-0.3788,-0.1632
14370000,51.0002197837,-0.0000214249,21.5270,0.512094,-0.482365,-7.915742,2.7100,-0.3781,-0.1629
14380000,51.0002200273,-0.0000214787,21.5286,0.516483,-0.480729,-7.897420,2.7109,-0.3773,-0.1626
14390000,51.0002202710,-0.0000215324,21.5302,0.520878,-0.479094,-7.878947,2.7118,-0.3766,-0.1624
14400000,51.0002205149,-0.0000215860,21.5319,0.525278,-0.477458,-7.860323,2.7128,-0.3758,-0.1621
14410000,51.0002207587,-0.0000216395,21.5335,0.529683,-0.475823,-7.841546,2.7137,-0.3750,-0.1618
14420000,51.0002210027,-0.0000216929,21.5351,0.534094,-0.474188,-7.822619,2.7146,-0.3742,-0.1616
14430000,51.0002212468,-0.0000217461,21.5367,0.538509,-0.472552,-7.803539,2.7155,-0.3734,-0.1613
14440000,51.0002214909,-0.0000217993,21.5383,0.542929,-0.470917,-7.784307,2.7165,-0.3726,-0.1611
14450000,51.0002217351,-0.0000218523,21.5399,0.547354,-0.469282,-7.764924,2.7174,-0.3718,-0.1608
14460000,51.0002219794,-0.0000219052,21.5415,0.551784,-0.467646,-7.745388,2.7183,-0.3710,-0.1605
14470000,51.0002222238,-0.0000219580,21.5431,0.556220,-0.466011,-7.725700,2.7192,-0.3702,-0.1603
14480000,51.0002224683,-0.0000220107,21.5447,0.560660,-0.464375,-7.705859,2.7201,-0.3693,-0.1600
14490000,51.0002227128,-0.0000220632,21.5463,0.565105,-0.462740,-7.685867,2.7210,-0.3685,-0.1597
14500000,51.0002229575,-0.0000221156,21.5479,0.569554,-0.461104,-7.665721,2.7220,-0.3676,-0.1595
14510000,51.0002232022,-0.0000221679,21.5495,0.574009,-0.459469,-7.645423,2.7229,-0.3668,-0.1592
14520000,51.0002234470,-0.0000222201,21.5511,0.578469,-0.457833,-7.624972,2.7238,-0.3659,-0.1590
14530000,51.0002236918,-0.0000222722,21.5527,0.582933,-0.456198,-7.604368,2.7247,-0.3650,-0.1587
14540000,51.0002239368,-0.0000223241,21.5543,0.587402,-0.454562,-7.583611,2.7256,-0.3641,-0.1584
14550000,51.0002241818,-0.0000223759,21.5559,0.591876,-0.452927,-7.562701,2.7265,-0.3632,-0.1582
14560000,51.0002244270,-0.0000224276,21.5575,0.596354,-0.451291,-7.541638,2.7274,-0.3623,-0.1579
14570000,51.0002246722,-0.0000224792,21.5590,0.600837,-0.449656,-7.520422,2.7283,-0.3614,-0.1576
14580000,51.0002249174,-0.0000225306,21.5606,0.605325,-0.448020,-7.499052,2.7292,-0.3605,-0.1574
14590000,51.0002251628,-0.0000225819,21.5622,0.609817,-0.446384,-7.477528,2.7301,-0.3596,-0.1571
14600000,51.0002254082,-0.0000226330,21.5638,0.614314,-0.444749,-7.455851,2.7309,-0.3586,-0.1568
14610000,51.0002256538,-0.0000226840,21.5653,0.618816,-0.443113,-7.434021,2.7318,-0.3577,-0.1566
14620000,51.0002258994,-0.0000227349,21.5669,0.623322,-0.441478,-7.412036,2.7327,-0.3567,-0.1563
14630000,51.0002261450,-0.0000227857,21.5684,0.627833,-0.439842,-7.389898,2.7336,-0.3558,-0.1561
14640000,51.0002263908,-0.0000228363,21.5700,0.632348,-0.438206,-7.367605,2.7345,-0.3548,-0.1558
14650000,51.0002266366,-0.0000228868,21.5716,0.636868,-0.436571,-7.345158,2.7354,-0.3538,-0.1555
14660000,51.0002268826,-0.0000229371,21.5731,0.641392,-0.434935,-7.322558,2.7362,-0.3528,-0.1553
14670000,51.0002271286,-0.0000229873,21.5747,0.645920,-0.433299,-7.299802,2.7371,-0.3518,-0.1550
14680000,51.0002273746,-0.0000230373,21.5762,0.650453,-0.431664,-7.276893,2.7380,-0.3508,-0.1547
14690000,51.0002276208,-0.0000230872,21.5778,0.654990,-0.430028,-7.253829,2.7389,-0.3498,-0.1545
14700000,51.0002278670,-0.0000231370,21.5793,0.659532,-0.428392,-7.230610,2.7397,-0.3488,-0.1542
14710000,51.0002281133,-0.0000231866,21.5808,0.664078,-0.426757,-7.207236,2.7406,-0.3478,-0.1539
14720000,51.0002283597,-0.0000232361,21.5824,0.668628,-0.425121,-7.183708,2.7415,-0.3467,-0.1537
14730000,51.0002286062,-0.0000232854,21.5839,0.673182,-0.423485,-7.160025,2.7423,-0.3457,-0.1534
14740000,51.0002288527,-0.0000233346,21.5855,0.677741,-0.421849,-7.136187,2.7432,-0.3446,-0.1531
14750000,51.0002290993,-0.0000233836,21.5870,0.682304,-0.420213,-7.112194,2.7440,-0.3436,-0.1529
14760000,51.0002293460,-0.0000234324,21.5885,0.686870,-0.418578,-7.088046,2.7449,-0.3425,-0.1526
14770000,51.0002295928,-0.0000234812,21.5900,0.691442,-0.416942,-7.063742,2.7457,-0.3414,-0.1523
14780000,51.0002298397,-0.0000235297,21.5916,0.696017,-0.415306,-7.039283,2.7466,-0.3403,-0.1521
14790000,51.0002300866,-0.0000235781,21.5931,0.700596,-0.413670,-7.014669,2.7474,-0.3392,-0.1518
14800000,51.0002303336,-0.0000236264,21.5946,0.705179,-0.412034,-6.989899,2.7483,-0.3381,-0.1515
14810000,51.0002305807,-0.0000236745,21.5961,0.709767,-0.410399,-6.964973,2.7491,-0.3370,-0.1513
14820000,51.0002308278,-0.0000237224,21.5976,0.714358,-0.408763,-6.939892,2.7500,-0.3359,-0.1510
14830000,51.0002310750,-0.0000237701,21.5991,0.718953,-0.407127,-6.914655,2.7508,-0.3348,-0.1507
14840000,51.0002313224,-0.0000238178,21.6006,0.723553,-0.405491,-6.889262,2.7516,-0.3336,-0.1505
14850000,51.0002315697,-0.0000238652,21.6021,0.728156,-0.403855,-6.863713,2.7525,-0.3325,-0.1502
14860000,51.0002318172,-0.0000239125,21.6036,0.732763,-0.402219,-6.838008,2.7533,-0.3313,-0.1499
14870000,51.0002320647,-0.0000239596,21.6051,0.737374,-0.400583,-6.812147,2.7541,-0.3301,-0.1497
14880000,51.0002323123,-0.0000240065,21.6066,0.741989,-0.398947,-6.786130,2.7550,-0.3290,-0.1494
14890000,51.0002325600,-0.0000240533,21.6081,0.746607,-0.397311,-6.759956,2.7558,-0.3278,-0.1491
14900000,51.0002328077,-0.0000240999,21.6096,0.751229,-0.395675,-6.733626,2.7566,-0.3266,-0.1489
14910000,51.0002330556,-0.0000241464,21.6111,0.755856,-0.394039,-6.707139,2.7574,-0.3254,-0.1486
14920000,51.0002333035,-0.0000241926,21.6126,0.760485,-0.392403,-6.680496,2.7583,-0.3242,-0.1483
14930000,51.0002335514,-0.0000242387,21.6141,0.765119,-0.390767,-6.653696,2.7591,-0.3230,-0.1481
14940000,51.0002337995,-0.0000242847,21.6156,0.769756,-0.389131,-6.626740,2.7599,-0.3218,-0.1478
14950000,51.0002340476,-0.0000243304,21.6170,0.774397,-0.387495,-6.599626,2.7607,-0.3205,-0.1475
14960000,51.0002342958,-0.0000243760,21.6185,0.779041,-0.385859,-6.572356,2.7615,-0.3193,-0.1473
14970000,51.0002345441,-0.0000244214,21.6200,0.783689,-0.384223,-6.544929,2.7623,-0.3180,-0.1470
14980000,51.0002347924,-0.0000244666,21.6214,0.788341,-0.382587,-6.517345,2.7631,-0.3168,-0.1467
14990000,51.0002350408,-0.0000245116,21.6229,0.792996,-0.380951,-6.489603,2.7639,-0.3155,-0.1465
15000000,51.0002352893,-0.0000245565,21.6244,0.797654,-0.379315,-6.461705,2.7647,-0.3142,-0.1462
15010000,51.0002355378,-0.0000246012,21.6258,0.802316,-0.377679,-6.433649,2.7655,-0.3129,-0.1459
15020000,51.0002357865,-0.0000246456,21.6273,0.806982,-0.376043,-6.405436,2.7663,-0.3117,-0.1457
15030000,51.0002360352,-0.0000246900,21.6287,0.811651,-0.374406,-6.377065,2.7671,-0.3104,-0.1454
15040000,51.0002362839,-0.0000247341,21.6302,0.816323,-0.372770,-6.348537,2.7679,-0.3090,-0.1451
15050000,51.0002365328,-0.0000247780,21.6317,0.820998,-0.371134,-6.319851,2.7687,-0.3077,-0.1449
15060000,51.0002367817,-0.0000248217,21.6331,0.825677,-0.369498,-6.291007,2.7694,-0.3064,-0.1446
15070000,51.0002370306,-0.0000248653,21.6345,0.830359,-0.367862,-6.262006,2.7702,-0.3051,-0.1443
15080000,51.0002372797,-0.0000249087,21.6360,0.835045,-0.366226,-6.232847,2.7710,-0.3037,-0.1441
15090000,51.0002375288,-0.0000249518,21.6374,0.839734,-0.364589,-6.203530,2.7718,-0.3024,-0.1438
15100000,51.0002377780,-0.0000249948,21.6389,0.844425,-0.362953,-6.174055,2.7725,-0.3010,-0.1435
15110000,51.0002380272,-0.0000250376,21.6403,0.849120,-0.361317,-6.144422,2.7733,-0.2996,-0.1433
15120000,51.0002382766,-0.0000250802,21.6417,0.853819,-0.359681,-6.114631,2.7741,-0.2982,-0.1430
15130000,51.0002385260,-0.0000251226,21.6432,0.858520,-0.358044,-6.084682,2.7748,-0.2969,-0.1427
15140000,51.0002387754,-0.0000251648,21.6446,0.863224,-0.356408,-6.054574,2.7756,-0.2955,-0.1424
15150000,51.0002390250,-0.0000252067,21.6460,0.867932,-0.354772,-6.024308,2.7764,-0.2941,-0.1422
15160000,51.0002392745,-0.0000252485,21.6474,0.872642,-0.353136,-5.993884,2.7771,-0.2926,-0.1419
15170000,51.0002395242,-0.0000252901,21.6488,0.877356,-0.351499,-5.963301,2.7779,-0.2912,-0.1416
15180000,51.0002397739,-0.0000253315,21.6503,0.882072,-0.349863,-5.932560,2.7786,-0.2898,-0.1414
15190000,51.0002400237,-0.0000253727,21.6517,0.886792,-0.348227,-5.901660,2.7794,-0.2883,-0.1411
15200000,51.0002402736,-0.0000254137,21.6531,0.891514,-0.346590,-5.870602,2.7801,-0.2869,-0.1408
15210000,51.0002405236,-0.0000254544,21.6545,0.896239,-0.344954,-5.839385,2.7809,-0.2854,-0.1406
15220000,51.0002407736,-0.0000254950,21.6559,0.900967,-0.343318,-5.808009,2.7816,-0.2840,-0.1403
15230000,51.0002410236,-0.0000255353,21.6573,0.905698,-0.341681,-5.776474,2.7823,-0.2825,-0.1400
15240000,51.0002412738,-0.0000255755,21.6587,0.910432,-0.340045,-5.744780,2.7831,-0.2810,-0.1397
15250000,51.0002415240,-0.0000256154,21.6601,0.915168,-0.338408,-5.712927,2.7838,-0.2795,-0.1395
15260000,51.0002417742,-0.0000256551,21.6615,0.919908,-0.336772,-5.680916,2.7845,-0.2780,-0.1392
15270000,51.0002420246,-0.0000256946,21.6629,0.924649,-0.335135,-5.648745,2.7853,-0.2765,-0.1389
15280000,51.0002422749,-0.0000257339,21.6643,0.929394,-0.333499,-5.616415,2.7860,-0.2750,-0.1387
15290000,51.0002425254,-0.0000257730,21.6656,0.934141,-0.331863,-5.583925,2.7867,-0.2735,-0.1384
15300000,51.0002427759,-0.0000258118,21.6670,0.938891,-0.330226,-5.551277,2.7874,-0.2719,-0.1381
15310000,51.0002430265,-0.0000258504,21.6684,0.943644,-0.328590,-5.518469,2.7881,-0.2704,-0.1379
15320000,51.0002432772,-0.0000258888,21.6698,0.948399,-0.326953,-5.485501,2.7888,-0.2688,-0.1376
15330000,51.0002435279,-0.0000259270,21.6712,0.953156,-0.325317,-5.452374,2.7896,-0.2673,-0.1373
15340000,51.0002437787,-0.0000259650,21.6725,0.957916,-0.323680,-5.419088,2.7903,-0.2657,-0.1370
15350000,51.0002440295,-0.0000260027,21.6739,0.962679,-0.322044,-5.385642,2.7910,-0.2641,-0.1368
15360000,51.0002442804,-0.0000260402,21.6753,0.967444,-0.320407,-5.352036,2.7917,-0.2625,-0.1365
15370000,51.0002445314,-0.0000260775,21.6766,0.972211,-0.318770,-5.318271,2.7924,-0.2609,-0.1362
15380000,51.0002447824,-0.0000261146,21.6780,0.976981,-0.317134,-5.284346,2.7931,-0.2593,-0.1360
15390000,51.0002450335,-0.0000261514,21.6794,0.981753,-0.315497,-5.250261,2.7937,-0.2577,-0.1357
15400000,51.0002452847,-0.0000261880,21.6807,0.986527,-0.313861,-5.216016,2.7944,-0.2561,-0.1354
15410000,51.0002455359,-0.0000262244,21.6821,0.991304,-0.312224,-5.181611,2.7951,-0.2545,-0.1351
15420000,51.0002457872,-0.0000262605,21.6834,0.996083,-0.310587,-5.147047,2.7958,-0.2528,-0.1349
15430000,51.0002460385,-0.0000262964,21.6848,1.000864,-0.308951,-5.112322,2.7965,-0.2512,-0.1346
15440000,51.0002462899,-0.0000263321,21.6861,1.005647,-0.307314,-5.077437,2.7972,-0.2495,-0.1343
15450000,51.0002465414,-0.0000263675,21.6874,1.010433,-0.305678,-5.042392,2.7978,-0.2478,-0.1340
15460000,51.0002467929,-0.0000264027,21.6888,1.015221,-0.304041,-5.007187,2.7985,-0.2462,-0.1338
15470000,51.0002470445,-0.0000264376,21.6901,1.020011,-0.302404,-4.971822,2.7992,-0.2445,-0.1335
15480000,51.0002472961,-0.0000264723,21.6915,1.024802,-0.300768,-4.936296,2.7998,-0.2428,-0.1332
15490000,51.0002475478,-0.0000265068,21.6928,1.029596,-0.299131,-4.900610,2.8005,-0.2411,-0.1330
15500000,51.0002477996,-0.0000265410,21.6941,1.034392,-0.297494,-4.864764,2.8011,-0.2394,-0.1327
15510000,51.0002480514,-0.0000265750,21.6954,1.039190,-0.295857,-4.828757,2.8018,-0.2376,-0.1324
15520000,51.0002483033,-0.0000266087,21.6968,1.043990,-0.294221,-4.792589,2.8025,-0.2359,-0.1321
15530000,51.0002485552,-0.0000266422,21.6981,1.048792,-0.292584,-4.756261,2.8031,-0.2342,-0.1319
15540000,51.0002488072,-0.0000266754,21.6994,1.053596,-0.290947,-4.719773,2.8037,-0.2324,-0.1316
15550000,51.0002490593,-0.0000267084,21.7007,1.058402,-0.289310,-4.683124,2.8044,-0.2307,-0.1313
15560000,51.0002493114,-0.0000267412,21.7020,1.063209,-0.287674,-4.646314,2.8050,-0.2289,-0.1310
15570000,51.0002495636,-0.0000267736,21.7033,1.068018,-0.286037,-4.609344,2.8057,-0.2271,-0.1308
15580000,51.0002498158,-0.0000268059,21.7046,1.072829,-0.284400,-4.572213,2.8063,-0.2254,-0.1305
15590000,51.0002500681,-0.0000268378,21.7059,1.077642,-0.282763,-4.534921,2.8069,-0.2236,-0.1302
15600000,51.0002503204,-0.0000268696,21.7072,1.082457,-0.281126,-4.497468,2.8075,-0.2218,-0.1299
15610000,51.0002505728,-0.0000269010,21.7085,1.087273,-0.279489,-4.459854,2.8082,-0.2200,-0.1297
15620000,51.0002508253,-0.0000269322,21.7098,1.092091,-0.277853,-4.422079,2.8088,-0.2181,-0.1294
15630000,51.0002510778,-0.0000269632,21.7111,1.096910,-0.276216,-4.384144,2.8094,-0.2163,-0.1291
15640000,51.0002513303,-0.0000269939,21.7124,1.101731,-0.274579,-4.346047,2.8100,-0.2145,-0.1289
15650000,51.0002515830,-0.0000270243,21.7137,1.106554,-0.272942,-4.307789,2.8106,-0.2126,-0.1286
15660000,51.0002518356,-0.0000270544,21.7150,1.111378,-0.271305,-4.269370,2.8112,-0.2108,-0.1283
15670000,51.0002520883,-0.0000270843,21.7163,1.116204,-0.269668,-4.230790,2.8118,-0.2089,-0.1280
15680000,51.0002523411,-0.0000271140,21.7176,1.121031,-0.268031,-4.192049,2.8124,-0.2070,-0.1278
15690000,51.0002525940,-0.0000271433,21.7188,1.125860,-0.266394,-4.153147,2.8130,-0.2052,-0.1275
15700000,51.0002528468,-0.0000271724,21.7201,1.130690,-0.264757,-4.114084,2.8136,-0.2033,-0.1272
15710000,51.0002530998,-0.0000272012,21.7214,1.135521,-0.263120,-4.074859,2.8142,-0.2014,-0.1269
15720000,51.0002533528,-0.0000272298,21.7226,1.140354,-0.261483,-4.035473,2.8148,-0.1995,-0.1267
15730000,51.0002536058,-0.0000272581,21.7239,1.145188,-0.259846,-3.995925,2.8154,-0.1976,-0.1264
15740000,51.0002538589,-0.0000272861,21.7252,1.150023,-0.258209,-3.956216,2.8159,-0.1956,-0.1261
15750000,51.0002541121,-0.0000273138,21.7264,1.154860,-0.256572,-3.916346,2.8165,-0.1937,-0.1258
15760000,51.0002543653,-0.0000273412,21.7277,1.159698,-0.254935,-3.876314,2.8171,-0.1918,-0.1256
15770000,51.0002546185,-0.0000273684,21.7289,1.164537,-0.253298,-3.836121,2.8176,-0.1898,-0.1253
15780000,51.0002548718,-0.0000273953,21.7302,1.169377,-0.251661,-3.795766,2.8182,-0.1878,-0.1250
15790000,51.0002551252,-0.0000274219,21.7314,1.174218,-0.250024,-3.755250,2.8188,-0.1859,-0.1247
15800000,51.0002553786,-0.0000274483,21.7327,1.179061,-0.248387,-3.714572,2.8193,-0.1839,-0.1245
15810000,51.0002556320,-0.0000274743,21.7339,1.183904,-0.246750,-3.673733,2.8199,-0.1819,-0.1242
15820000,51.0002558855,-0.0000275001,21.7352,1.188749,-0.245113,-3.632732,2.8204,-0.1799,-0.1239
15830000,51.0002561391,-0.0000275256,21.7364,1.193594,-0.243476,-3.591569,2.8210,-0.1779,-0.1236
15840000,51.0002563927,-0.0000275508,21.7376,1.198441,-0.241839,-3.550244,2.8215,-0.1759,-0.1233
15850000,51.0002566463,-0.0000275757,21.7389,1.203288,-0.240201,-3.508758,2.8220,-0.1739,-0.1231
15860000,51.0002569000,-0.0000276004,21.7401,1.208137,-0.238564,-3.467110,2.8226,-0.1719,-0.1228
15870000,51.0002571537,-0.0000276247,21.7413,1.212986,-0.236927,-3.425301,2.8231,-0.1698,-0.1225
15880000,51.0002574075,-0.0000276487,21.7426,1.217836,-0.235290,-3.383329,2.8236,-0.1678,-0.1222
15890000,51.0002576614,-0.0000276725,21.7438,1.222687,-0.233653,-3.341196,2.8242,-0.1657,-0.1220
15900000,51.0002579152,-0.0000276960,21.7450,1.227539,-0.232016,-3.298901,2.8247,-0.1637,-0.1217
15910000,51.0002581692,-0.0000277191,21.7462,1.232391,-0.230378,-3.256443,2.8252,-0.1616,-0.1214
15920000,51.0002584231,-0.0000277420,21.7474,1.237245,-0.228741,-3.213825,2.8257,-0.1595,-0.1211
15930000,51.0002586772,-0.0000277646,21.7486,1.242099,-0.227104,-3.171044,2.8262,-0.1574,-0.1209
15940000,51.0002589312,-0.0000277868,21.7498,1.246953,-0.225467,-3.128101,2.8267,-0.1553,-0.1206
15950000,51.0002591853,-0.0000278088,21.7510,1.251808,-0.223830,-3.084996,2.8272,-0.1532,-0.1203
15960000,51.0002594395,-0.0000278305,21.7523,1.256664,-0.222192,-3.041729,2.8277,-0.1511,-0.1200
15970000,51.0002596937,-0.0000278519,21.7534,1.261521,-0.220555,-2.998300,2.8282,-0.1490,-0.1197
15980000,51.0002599479,-0.0000278729,21.7546,1.266378,-0.218918,-2.954710,2.8287,-0.1468,-0.1195
15990000,51.0002602022,-0.0000278937,21.7558,1.271235,-0.217280,-2.910957,2.8292,-0.1447,-0.1192
16000000,51.0002604566,-0.0000279141,21.7570,1.276093,-0.215643,-2.867042,2.8296,-0.1425,-0.1189
16010000,51.0002607109,-0.0000279343,21.7582,1.280952,-0.214006,-2.822965,2.8301,-0.1404,-0.1186
16020000,51.0002609654,-0.0000279541,21.7594,1.285810,-0.212369,-2.778726,2.8306,-0.1382,-0.1184
16030000,51.0002612198,-0.0000279737,21.7606,1.290670,-0.210731,-2.734324,2.8310,-0.1360,-0.1181
16040000,51.0002614743,-0.0000279929,21.7618,1.295529,-0.209094,-2.689761,2.8315,-0.1338,-0.1178
16050000,51.0002617289,-0.0000280118,21.7629,1.300389,-0.207457,-2.645035,2.8320,-0.1316,-0.1175
16060000,51.0002619834,-0.0000280304,21.7641,1.305249,-0.205819,-2.600148,2.8324,-0.1294,-0.1172
16070000,51.0002622381,-0.0000280487,21.7653,1.310110,-0.204182,-2.555098,2.8329,-0.1272,-0.1170
16080000,51.0002624927,-0.0000280666,21.7665,1.314970,-0.202544,-2.509886,2.8333,-0.1250,-0.1167
16090000,51.0002627474,-0.0000280843,21.7676,1.319831,-0.200907,-2.464512,2.8338,-0.1228,-0.1164
16100000,51.0002630022,-0.0000281016,21.7688,1.324692,-0.199270,-2.418975,2.8342,-0.1205,-0.1161
16110000,51.0002632569,-0.0000281186,21.7699,1.329553,-0.197632,-2.373276,2.8346,-0.1183,-0.1159
16120000,51.0002635118,-0.0000281353,21.7711,1.334415,-0.195995,-2.327415,2.8351,-0.1160,-0.1156
16130000,51.0002637666,-0.0000281517,21.7723,1.339276,-0.194357,-2.281392,2.8355,-0.1137,-0.1153
16140000,51.0002640215,-0.0000281677,21.7734,1.344137,-0.192720,-2.235207,2.8359,-0.1115,-0.1150
16150000,51.0002642765,-0.0000281834,21.7746,1.348999,-0.191082,-2.188859,2.8363,-0.1092,-0.1147
16160000,51.0002645314,-0.0000281988,21.7757,1.353860,-0.189445,-2.142349,2.8367,-0.1069,-0.1145
16170000,51.0002647864,-0.0000282139,21.7768,1.358721,-0.187807,-2.095677,2.8371,-0.1046,-0.1142
16180000,51.0002650415,-0.0000282286,21.7780,1.363582,-0.186170,-2.048842,2.8375,-0.1023,-0.1139
16190000,51.0002652966,-0.0000282430,21.7791,1.368444,-0.184532,-2.001845,2.8379,-0.1000,-0.1136
16200000,51.0002655517,-0.0000282571,21.7803,1.373304,-0.182895,-1.954686,2.8383,-0.0976,-0.1133
16210000,51.0002658068,-0.0000282708,21.7814,1.378165,-0.181257,-1.907364,2.8387,-0.0953,-0.1131
16220000,51.0002660620,-0.0000282842,21.7825,1.383026,-0.179620,-1.859880,2.8391,-0.0929,-0.1128
16230000,51.0002663172,-0.0000282973,21.7836,1.387886,-0.177982,-1.812234,2.8395,-0.0906,-0.1125
16240000,51.0002665725,-0.0000283100,21.7848,1.392746,-0.176345,-1.764426,2.8399,-0.0882,-0.1122
16250000,51.0002668278,-0.0000283224,21.7859,1.397606,-0.174707,-1.716455,2.8402,-0.0859,-0.1119
16260000,51.0002670831,-0.0000283345,21.7870,1.402465,-0.173070,-1.668321,2.8406,-0.0835,-0.1117
16270000,51.0002673385,-0.0000283462,21.7881,1.407324,-0.171432,-1.620026,2.8410,-0.0811,-0.1114
16280000,51.0002675938,-0.0000283576,21.7892,1.412183,-0.169794,-1.571568,2.8413,-0.0787,-0.1111
16290000,51.0002678493,-0.0000283686,21.7903,1.417041,-0.168157,-1.522948,2.8417,-0.0763,-0.1108
16300000,51.0002681047,-0.0000283793,21.7915,1.421898,-0.166519,-1.474165,2.8420,-0.0739,-0.1105
16310000,51.0002683602,-0.0000283897,21.7926,1.426756,-0.164882,-1.425220,2.8424,-0.0714,-0.1103
16320000,51.0002686157,-0.0000283997,21.7937,1.431612,-0.163244,-1.376113,2.8427,-0.0690,-0.1100
16330000,51.0002688713,-0.0000284093,21.7948,1.436468,-0.161606,-1.326844,2.8430,-0.0666,-0.1097
16340000,51.0002691268,-0.0000284186,21.7959,1.441324,-0.159969,-1.277412,2.8434,-0.0641,-0.1094
16350000,51.0002693824,-0.0000284276,21.7969,1.446179,-0.158331,-1.227817,2.8437,-0.0617,-0.1091
16360000,51.0002696381,-0.0000284362,21.7980,1.451033,-0.156693,-1.178061,2.8440,-0.0592,-0.1089
16370000,51.0002698937,-0.0000284445,21.7991,1.455886,-0.155056,-1.128142,2.8443,-0.0567,-0.1086
16380000,51.0002701494,-0.0000284524,21.8002,1.460739,-0.153418,-1.078061,2.8447,-0.0542,-0.1083
16390000,51.0002704051,-0.0000284599,21.8013,1.465591,-0.151780,-1.027817,2.8450,-0.0517,-0.1080
16400000,51.0002706609,-0.0000284671,21.8024,1.470442,-0.150143,-0.977411,2.8453,-0.0492,-0.1077
16410000,51.0002709166,-0.0000284740,21.8034,1.475293,-0.148505,-0.926843,2.8456,-0.0467,-0.1074
16420000,51.0002711724,-0.0000284804,21.8045,1.480142,-0.146867,-0.876113,2.8458,-0.0442,-0.1072
16430000,51.0002714283,-0.0000284866,21.8056,1.484991,-0.145229,-0.825220,2.8461,-0.0417,-0.1069
16440000,51.0002716841,-0.0000284923,21.8067,1.489839,-0.143592,-0.774165,2.8464,-0.0392,-0.1066
16450000,51.0002719400,-0.0000284977,21.8077,1.494685,-0.141954,-0.722948,2.8467,-0.0366,-0.1063
16460000,51.0002721959,-0.0000285027,21.8088,1.499531,-0.140316,-0.671568,2.8470,-0.0341,-0.1060
16470000,51.0002724518,-0.0000285074,21.8098,1.504376,-0.138678,-0.620026,2.8472,-0.0315,-0.1058
16480000,51.0002727077,-0.0000285117,21.8109,1.509220,-0.137040,-0.568322,2.8475,-0.0289,-0.1055
16490000,51.0002729637,-0.0000285157,21.8120,1.514062,-0.135403,-0.516456,2.8477,-0.0263,-0.1052
16500000,51.0002732197,-0.0000285192,21.8130,1.518904,-0.133765,-0.464427,2.8480,-0.0238,-0.1049
16510000,51.0002734757,-0.0000285224,21.8140,1.523745,-0.132127,-0.412237,2.8482,-0.0212,-0.1046
16520000,51.0002737318,-0.0000285253,21.8151,1.528584,-0.130489,-0.359884,2.8485,-0.0186,-0.1043
16530000,51.0002739878,-0.0000285277,21.8161,1.533422,-0.128851,-0.307369,2.8487,-0.0160,-0.1041
16540000,51.0002742439,-0.0000285298,21.8172,1.538259,-0.127214,-0.254692,2.8490,-0.0133,-0.1038
16550000,51.0002745000,-0.0000285315,21.8182,1.543094,-0.125576,-0.201852,2.8492,-0.0107,-0.1035
16560000,51.0002747561,-0.0000285328,21.8192,1.547929,-0.123938,-0.148851,2.8494,-0.0081,-0.1032
16570000,51.0002750122,-0.0000285338,21.8203,1.552761,-0.122300,-0.095687,2.8496,-0.0054,-0.1029
16580000,51.0002752684,-0.0000285344,21.8213,1.557593,-0.120662,-0.042361,2.8498,-0.0028,-0.1026
16590000,51.0002755246,-0.0000285346,21.8223,1.562423,-0.119024,0.011126,2.8500,-0.0001,-0.1024
16600000,51.0002757808,-0.0000285344,21.8234,1.567252,-0.117386,0.064776,2.8502,0.0026,-0.1021
16610000,51.0002760370,-0.0000285339,21.8244,1.572079,-0.115748,0.118588,2.8504,0.0053,-0.1018
16620000,51.0002762932,-0.0000285329,21.8254,1.576905,-0.114110,0.172562,2.8506,0.0079,-0.1015
16630000,51.0002765495,-0.0000285316,21.8264,1.581729,-0.112473,0.226698,2.8508,0.0106,-0.1012
16640000,51.0002768057,-0.0000285299,21.8274,1.586552,-0.110835,0.280996,2.8510,0.0133,-0.1009
16650000,51.0002770620,-0.0000285278,21.8284,1.591373,-0.109197,0.335456,2.8512,0.0161,-0.1007
16660000,51.0002773183,-0.0000285253,21.8294,1.596193,-0.107559,0.390077,2.8513,0.0188,-0.1004
16670000,51.0002775746,-0.0000285224,21.8304,1.601011,-0.105921,0.444861,2.8515,0.0215,-0.1001
16680000,51.0002778309,-0.0000285192,21.8314,1.605827,-0.104283,0.499807,2.8516,0.0242,-0.0998
16690000,51.0002780873,-0.0000285155,21.8324,1.610641,-0.102645,0.554914,2.8518,0.0270,-0.0995
16700000,51.0002783436,-0.0000285115,21.8334,1.615454,-0.101007,0.610184,2.8519,0.0297,-0.0992
16710000,51.0002786000,-0.0000285071,21.8344,1.620265,-0.099369,0.665615,2.8521,0.0325,-0.0989
16720000,51.0002788564,-0.0000285022,21.8354,1.625074,-0.097731,0.721208,2.8522,0.0353,-0.0987
16730000,51.0002791128,-0.0000284970,21.8364,1.629881,-0.096093,0.776962,2.8523,0.0381,-0.0984
16740000,51.0002793692,-0.0000284914,21.8374,1.634687,-0.094455,0.832879,2.8525,0.0409,-0.0981
16750000,51.0002796256,-0.0000284854,21.8383,1.639490,-0.092817,0.888957,2.8526,0.0436,-0.0978
16760000,51.0002798820,-0.0000284790,21.8393,1.644292,-0.091179,0.945197,2.8527,0.0465,-0.0975
16770000,51.0002801384,-0.0000284721,21.8403,1.649091,-0.089541,1.001598,2.8528,0.0493,-0.0972
16780000,51.0002803949,-0.0000284649,21.8413,1.653889,-0.087903,1.058161,2.8529,0.0521,-0.0970
16790000,51.0002806513,-0.0000284573,21.8422,1.658684,-0.086264,1.114886,2.8530,0.0549,-0.0967
16800000,51.0002809078,-0.0000284493,21.8432,1.663478,-0.084626,1.171772,2.8531,0.0578,-0.0964
16810000,51.0002811642,-0.0000284408,21.8442,1.668269,-0.082988,1.228820,2.8532,0.0606,-0.0961
16820000,51.0002814207,-0.0000284320,21.8451,1.673059,-0.081350,1.286029,2.8532,0.0635,-0.0958
16830000,51.0002816772,-0.0000284228,21.8461,1.677846,-0.079712,1.343400,2.8533,0.0663,-0.0955
16840000,51.0002819337,-0.0000284131,21.8470,1.682630,-0.078074,1.400932,2.8534,0.0692,-0.0952
16850000,51.0002821901,-0.0000284030,21.8480,1.687413,-0.076436,1.458626,2.8534,0.0721,-0.0950
16860000,51.0002824466,-0.0000283926,21.8489,1.692193,-0.074798,1.516481,2.8535,0.0750,-0.0947
16870000,51.0002827031,-0.0000283817,21.8499,1.696972,-0.073160,1.574497,2.8535,0.0779,-0.0944
16880000,51.0002829596,-0.0000283704,21.8508,1.701747,-0.071521,1.632674,2.8536,0.0808,-0.0941
16890000,51.0002832161,-0.0000283587,21.8518,1.706521,-0.069883,1.691013,2.8536,0.0837,-0.0938
16900000,51.0002834727,-0.0000283466,21.8527,1.711292,-0.068245,1.749513,2.8537,0.0866,-0.0935
16910000,51.0002837292,-0.0000283340,21.8536,1.716060,-0.066607,1.808175,2.8537,0.0895,-0.0932
16920000,51.0002839857,-0.0000283211,21.8546,1.720826,-0.064969,1.866997,2.8537,0.0924,-0.0929
16930000,51.0002842422,-0.0000283077,21.8555,1.725590,-0.063331,1.925980,2.8537,0.0954,-0.0927
16940000,51.0002844987,-0.0000282939,21.8564,1.730351,-0.061692,1.985125,2.8537,0.0983,-0.0924
16950000,51.0002847552,-0.0000282797,21.8573,1.735110,-0.060054,2.044431,2.8537,0.1013,-0.0921
16960000,51.0002850118,-0.0000282650,21.8583,1.739866,-0.058416,2.103897,2.8537,0.1043,-0.0918
16970000,51.0002852683,-0.0000282499,21.8592,1.744619,-0.056778,2.163525,2.8537,0.1072,-0.0915
16980000,51.0002855248,-0.0000282345,21.8601,1.749370,-0.055140,2.223313,2.8537,0.1102,-0.0912
16990000,51.0002857813,-0.0000282185,21.8610,1.754118,-0.053501,2.283262,2.8537,0.1132,-0.0909
17000000,51.0002860378,-0.0000282022,21.8619,1.758863,-0.051863,2.343372,2.8536,0.1162,-0.0907
17010000,51.0002862943,-0.0000281854,21.8628,1.763606,-0.050225,2.403643,2.8536,0.1192,-0.0904
17020000,51.0002865508,-0.0000281682,21.8637,1.768346,-0.048587,2.464075,2.8535,0.1222,-0.0901
17030000,51.0002868073,-0.0000281506,21.8646,1.773083,-0.046948,2.524667,2.8535,0.1253,-0.0898
17040000,51.0002870638,-0.0000281325,21.8655,1.777817,-0.045310,2.585420,2.8534,0.1283,-0.0895
17050000,51.0002873203,-0.0000281140,21.8664,1.782548,-0.043672,2.646333,2.8534,0.1313,-0.0892
17060000,51.0002875768,-0.0000280951,21.8673,1.787277,-0.042034,2.707408,2.8533,0.1344,-0.0889
17070000,51.0002878333,-0.0000280758,21.8682,1.792002,-0.040395,2.768642,2.8532,0.1374,-0.0886
17080000,51.0002880897,-0.0000280560,21.8691,1.796725,-0.038757,2.830037,2.8531,0.1405,-0.0883
17090000,51.0002883462,-0.0000280357,21.8700,1.801444,-0.037119,2.891592,2.8531,0.1436,-0.0881
17100000,51.0002886026,-0.0000280151,21.8708,1.806161,-0.035480,2.953308,2.8530,0.1467,-0.0878
17110000,51.0002888591,-0.0000279939,21.8717,1.810874,-0.033842,3.015184,2.8529,0.1497,-0.0875
17120000,51.0002891155,-0.0000279724,21.8726,1.815585,-0.032204,3.077220,2.8528,0.1528,-0.0872
17130000,51.0002893720,-0.0000279504,21.8735,1.820292,-0.030565,3.139417,2.8526,0.1559,-0.0869
17140000,51.0002896284,-0.0000279280,21.8743,1.824996,-0.028927,3.201774,2.8525,0.1590,-0.0866
17150000,51.0002898848,-0.0000279051,21.8752,1.829697,-0.027289,3.264290,2.8524,0.1622,-0.0863
17160000,51.0002901412,-0.0000278818,21.8760,1.834394,-0.025650,3.326967,2.8523,0.1653,-0.0860
17170000,51.0002903975,-0.0000278580,21.8769,1.839089,-0.024012,3.389804,2.8521,0.1684,-0.0857
17180000,51.0002906539,-0.0000278338,21.8778,1.843780,-0.022374,3.452800,2.8520,0.1716,-0.0855
17190000,51.0002909103,-0.0000278091,21.8786,1.848468,-0.020735,3.515957,2.8518,0.1747,-0.0852
17200000,51.0002911666,-0.0000277840,21.8795,1.853152,-0.019097,3.579273,2.8516,0.1779,-0.0849
17210000,51.0002914229,-0.0000277584,21.8803,1.857833,-0.017459,3.642750,2.8515,0.1810,-0.0846
17220000,51.0002916792,-0.0000277324,21.8812,1.862511,-0.015820,3.706385,2.8513,0.1842,-0.0843
17230000,51.0002919355,-0.0000277060,21.8820,1.867185,-0.014182,3.770181,2.8511,0.1874,-0.0840
17240000,51.0002921918,-0.0000276790,21.8828,1.871856,-0.012543,3.834136,2.8509,0.1906,-0.0837
17250000,51.0002924481,-0.0000276517,21.8837,1.876523,-0.010905,3.898251,2.8507,0.1938,-0.0834
17260000,51.0002927043,-0.0000276238,21.8845,1.881186,-0.009267,3.962525,2.8505,0.1970,-0.0831
17270000,51.0002929605,-0.0000275956,21.8853,1.885846,-0.007628,4.026958,2.8503,0.2002,-0.0829
17280000,51.0002932167,-0.0000275668,21.8862,1.890503,-0.005990,4.091551,2.8501,0.2034,-0.0826
17290000,51.0002934729,-0.0000275376,21.8870,1.895156,-0.004351,4.156303,2.8499,0.2066,-0.0823
17300000,51.0002937291,-0.0000275079,21.8878,1.899805,-0.002713,4.221215,2.8497,0.2098,-0.0820
17310000,51.0002939852,-0.0000274778,21.8886,1.904450,-0.001074,4.286285,2.8494,0.2131,-0.0817
17320000,51.0002942413,-0.0000274472,21.8894,1.909092,0.000564,4.351515,2.8492,0.2163,-0.0814
17330000,51.0002944974,-0.0000274162,21.8903,1.913730,0.002202,4.416903,2.8489,0.2196,-0.0811
17340000,51.0002947535,-0.0000273847,21.8911,1.918364,0.003841,4.482451,2.8487,0.2228,-0.0808
17350000,51.0002950095,-0.0000273527,21.8919,1.922995,0.005479,4.548158,2.8484,0.2261,-0.0805
17360000,51.0002952656,-0.0000273203,21.8927,1.927621,0.007118,4.614023,2.8481,0.2294,-0.0802
17370000,51.0002955216,-0.0000272874,21.8935,1.932244,0.008756,4.680047,2.8478,0.2327,-0.0799
17380000,51.0002957775,-0.0000272540,21.8943,1.936862,0.010395,4.746230,2.8476,0.2360,-0.0797
17390000,51.0002960335,-0.0000272201,21.8951,1.941477,0.012033,4.812572,2.8473,0.2392,-0.0794
17400000,51.0002962894,-0.0000271858,21.8959,1.946088,0.013672,4.879072,2.8470,0.2426,-0.0791
17410000,51.0002965453,-0.0000271510,21.8967,1.950695,0.015310,4.945730,2.8466,0.2459,-0.0788
17420000,51.0002968012,-0.0000271158,21.8974,1.955297,0.016949,5.012547,2.8463,0.2492,-0.0785
17430000,51.0002970570,-0.0000270800,21.8982,1.959896,0.018587,5.079523,2.8460,0.2525,-0.0782
17440000,51.0002973128,-0.0000270438,21.8990,1.964490,0.020226,5.146657,2.8457,0.2558,-0.0779
17450000,51.0002975686,-0.0000270071,21.8998,1.969081,0.021865,5.213948,2.8453,0.2592,-0.0776
17460000,51.0002978244,-0.0000269700,21.9006,1.973667,0.023503,5.281399,2.8450,0.2625,-0.0773
17470000,51.0002980801,-0.0000269323,21.9013,1.978249,0.025142,5.349007,2.8446,0.2659,-0.0770
17480000,51.0002983358,-0.0000268942,21.9021,1.982826,0.026780,5.416773,2.8443,0.2692,-0.0767
17490000,51.0002985914,-0.0000268556,21.9029,1.987400,0.028419,5.484697,2.8439,0.2726,-0.0764
17500000,51.0002988470,-0.0000268165,21.9036,1.991969,0.030057,5.552779,2.8435,0.2760,-0.0762
17510000,51.0002991026,-0.0000267770,21.9044,1.996534,0.031696,5.621019,2.8431,0.2794,-0.0759
17520000,51.0002993582,-0.0000267369,21.9051,2.001094,0.033334,5.689416,2.8428,0.2828,-0.0756
17530000,51.0002996137,-0.0000266964,21.9059,2.005650,0.034973,5.757971,2.8424,0.2862,-0.0753
17540000,51.0002998692,-0.0000266554,21.9066,2.010202,0.036612,5.826684,2.8419,0.2896,-0.0750
17550000,51.0003001246,-0.0000266139,21.9074,2.014749,0.038250,5.895554,2.8415,0.2930,-0.0747
17560000,51.0003003800,-0.0000265719,21.9081,2.019292,0.039889,5.964581,2.8411,0.2964,-0.0744
17570000,51.0003006354,-0.0000265295,21.9089,2.023830,0.041527,6.033766,2.8407,0.2998,-0.0741
17580000,51.0003008907,-0.0000264865,21.9096,2.028363,0.043166,6.103108,2.8402,0.3033,-0.0738
17590000,51.0003011460,-0.0000264431,21.9104,2.032892,0.044805,6.172608,2.8398,0.3067,-0.0735
17600000,51.0003014012,-0.0000263991,21.9111,2.037417,0.046443,6.242264,2.8393,0.3101,-0.0732
17610000,51.0003016564,-0.0000263547,21.9118,2.041936,0.048082,6.312077,2.8389,0.3136,-0.0729
17620000,51.0003019116,-0.0000263098,21.9126,2.046452,0.049720,6.382047,2.8384,0.3171,-0.0726
17630000,51.0003021667,-0.0000262644,21.9133,2.050962,0.051359,6.452174,2.8379,0.3205,-0.0723
17640000,51.0003024218,-0.0000262185,21.9140,2.055467,0.052998,6.522458,2.8375,0.3240,-0.0720
17650000,51.0003026768,-0.0000261721,21.9147,2.059968,0.054636,6.592899,2.8370,0.3275,-0.0718
17660000,51.0003029318,-0.0000261252,21.9154,2.064464,0.056275,6.663496,2.8365,0.3310,-0.0715
17670000,51.0003031868,-0.0000260778,21.9162,2.068955,0.057914,6.734249,2.8360,0.3344,-0.0712
17680000,51.0003034416,-0.0000260299,21.9169,2.073442,0.059552,6.805159,2.8354,0.3379,-0.0709
17690000,51.0003036965,-0.0000259815,21.9176,2.077923,0.061191,6.876225,2.8349,0.3415,-0.0706
17700000,51.0003039513,-0.0000259326,21.9183,2.082400,0.062830,6.947448,2.8344,0.3450,-0.0703
17710000,51.0003042061,-0.0000258832,21.9190,2.086871,0.064468,7.018827,2.8338,0.3485,-0.0700
17720000,51.0003044608,-0.0000258333,21.9197,2.091338,0.066107,7.090361,2.8333,0.3520,-0.0697
17730000,51.0003047154,-0.0000257829,21.9204,2.095799,0.067746,7.162052,2.8327,0.3555,-0.0694
17740000,51.0003049700,-0.0000257320,21.9211,2.100256,0.069384,7.233898,2.8322,0.3591,-0.0691
17750000,51.0003052246,-0.0000256806,21.9218,2.104707,0.071023,7.305901,2.8316,0.3626,-0.0688
17760000,51.0003054791,-0.0000256287,21.9224,2.109153,0.072662,7.378059,2.8310,0.3662,-0.0685
17770000,51.0003057335,-0.0000255763,21.9231,2.113594,0.074300,7.450373,2.8304,0.3697,-0.0682
17780000,51.0003059879,-0.0000255234,21.9238,2.118030,0.075939,7.522842,2.8298,0.3733,-0.0679
17790000,51.0003062423,-0.0000254699,21.9245,2.122461,0.077578,7.595466,2.8292,0.3769,-0.0676
17800000,51.0003064966,-0.0000254160,21.9252,2.126887,0.079217,7.668246,2.8286,0.3805,-0.0673
17810000,51.0003067508,-0.0000253615,21.9258,2.131307,0.080855,7.741181,2.8280,0.3840,-0.0670
17820000,51.0003070050,-0.0000253066,21.9265,2.135722,0.082494,7.814272,2.8274,0.3876,-0.0667
17830000,51.0003072591,-0.0000252511,21.9272,2.140131,0.084133,7.887517,2.8267,0.3912,-0.0664
17840000,51.0003075131,-0.0000251951,21.9278,2.144535,0.085771,7.960917,2.8261,0.3948,-0.0662
17850000,51.0003077671,-0.0000251386,21.9285,2.148934,0.087410,8.034473,2.8254,0.3984,-0.0659
17860000,51.0003080211,-0.0000250816,21.9291,2.153328,0.089049,8.108183,2.8247,0.4020,-0.0656
17870000,51.0003082750,-0.0000250241,21.9298,2.157716,0.090688,8.182047,2.8241,0.4057,-0.0653
17880000,51.0003085288,-0.0000249660,21.9304,2.162098,0.092326,8.256066,2.8234,0.4093,-0.0650
17890000,51.0003087826,-0.0000249074,21.9311,2.166475,0.093965,8.330240,2.8227,0.4129,-0.0647
17900000,51.0003090363,-0.0000248484,21.9317,2.170846,0.095604,8.404568,2.8220,0.4166,-0.0644
17910000,51.0003092899,-0.0000247888,21.9324,2.175212,0.097243,8.479050,2.8213,0.4202,-0.0641
17920000,51.0003095435,-0.0000247286,21.9330,2.179572,0.098882,8.553687,2.8206,0.4239,-0.0638
17930000,51.0003097970,-0.0000246680,21.9337,2.183927,0.100520,8.628477,2.8199,0.4275,-0.0635
17940000,51.0003100504,-0.0000246068,21.9343,2.188276,0.102159,8.703422,2.8191,0.4312,-0.0632
17950000,51.0003103038,-0.0000245451,21.9349,2.192619,0.103798,8.778520,2.8184,0.4349,-0.0629
17960000,51.0003105571,-0.0000244829,21.9356,2.196956,0.105437,8.853772,2.8176,0.4385,-0.0626
17970000,51.0003108103,-0.0000244202,21.9362,2.201288,0.107075,8.929178,2.8169,0.4422,-0.0623
17980000,51.0003110635,-0.0000243569,21.9368,2.205614,0.108714,9.004737,2.8161,0.4459,-0.0620
17990000,51.0003113166,-0.0000242932,21.9374,2.209934,0.110353,9.080450,2.8153,0.4496,-0.0617
18000000,51.0003115696,-0.0000242289,21.9380,2.214248,0.111992,9.156316,2.8145,0.4533,-0.0614
18010000,51.0003118226,-0.0000241640,21.9386,2.218556,0.113631,9.232335,2.8137,0.4570,-0.0611
18020000,51.0003120755,-0.0000240986,21.9393,2.222859,0.115269,9.308507,2.8129,0.4607,-0.0608
18030000,51.0003123283,-0.0000240328,21.9399,2.227155,0.116908,9.384833,2.8121,0.4644,-0.0605
18040000,51.0003125810,-0.0000239663,21.9405,2.231446,0.118547,9.461311,2.8113,0.4681,-0.0602
18050000,51.0003128337,-0.0000238994,21.9411,2.235730,0.120186,9.537942,2.8105,0.4719,-0.0599
18060000,51.0003130863,-0.0000238319,21.9417,2.240009,0.121825,9.614726,2.8096,0.4756,-0.0596
18070000,51.0003133388,-0.0000237639,21.9423,2.244281,0.123464,9.691662,2.8088,0.4793,-0.0593
18080000,51.0003135912,-0.0000236953,21.9429,2.248547,0.125102,9.768751,2.8079,0.4831,-0.0590
18090000,51.0003138436,-0.0000236262,21.9434,2.252807,0.126741,9.845992,2.8071,0.4868,-0.0587
18100000,51.0003140959,-0.0000235566,21.9440,2.257061,0.128380,9.923386,2.8062,0.4906,-0.0584
18110000,51.0003143481,-0.0000234865,21.9446,2.261309,0.130019,10.000931,2.8053,0.4944,-0.0581
18120000,51.0003146002,-0.0000234158,21.9452,2.265551,0.131658,10.078629,2.8044,0.4981,-0.0578
18130000,51.0003148523,-0.0000233445,21.9458,2.269786,0.133297,10.156478,2.8035,0.5019,-0.0575
18140000,51.0003151042,-0.0000232728,21.9463,2.274015,0.134935,10.234480,2.8026,0.5057,-0.0572
18150000,51.0003153561,-0.0000232005,21.9469,2.278238,0.136574,10.312633,2.8017,0.5095,-0.0569
18160000,51.0003156079,-0.0000231276,21.9475,2.282454,0.138213,10.390937,2.8007,0.5132,-0.0566
18170000,51.0003158596,-0.0000230542,21.9480,2.286664,0.139852,10.469393,2.7998,0.5170,-0.0563
18180000,51.0003161113,-0.0000229803,21.9486,2.290868,0.141491,10.548001,2.7989,0.5208,-0.0560
18190000,51.0003163628,-0.0000229059,21.9492,2.295065,0.143130,10.626759,2.7979,0.5246,-0.0557
18200000,51.0003166143,-0.0000228308,21.9497,2.299256,0.144769,10.705669,2.7969,0.5284,-0.0554
18210000,51.0003168656,-0.0000227553,21.9503,2.303440,0.146408,10.784729,2.7960,0.5323,-0.0551
18220000,51.0003171169,-0.0000226792,21.9508,2.307618,0.148046,10.863941,2.7950,0.5361,-0.0548
18230000,51.0003173681,-0.0000226026,21.9514,2.311789,0.149685,10.943303,2.7940,0.5399,-0.0545
18240000,51.0003176192,-0.0000225254,21.9519,2.315953,0.151324,11.022816,2.7930,0.5437,-0.0542
18250000,51.0003178702,-0.0000224476,21.9525,2.320111,0.152963,11.102479,2.7920,0.5476,-0.0539
18260000,51.0003181211,-0.0000223694,21.9530,2.324263,0.154602,11.182293,2.7909,0.5514,-0.0536
18270000,51.0003183720,-0.0000222905,21.9535,2.328407,0.156241,11.262256,2.7899,0.5552,-0.0533
18280000,51.0003186227,-0.0000222112,21.9541,2.332545,0.157880,11.342371,2.7889,0.5591,-0.0530
18290000,51.0003188733,-0.0000221313,21.9546,2.336677,0.159519,11.422635,2.7878,0.5629,-0.0527
18300000,51.0003191239,-0.0000220508,21.9551,2.340801,0.161158,11.503048,2.7867,0.5668,-0.0524
18310000,51.0003193743,-0.0000219698,21.9556,2.344919,0.162797,11.583612,2.7857,0.5707,-0.0521
18320000,51.0003196247,-0.0000218882,21.9562,2.349030,0.164435,11.664325,2.7846,0.5745,-0.0518
18330000,51.0003198749,-0.0000218061,21.9567,2.353134,0.166074,11.745188,2.7835,0.5784,-0.0515
18340000,51.0003201251,-0.0000217234,21.9572,2.357231,0.167713,11.826200,2.7824,0.5823,-0.0512
18350000,51.0003203751,-0.0000216402,21.9577,2.361321,0.169352,11.907362,2.7813,0.5862,-0.0509
18360000,51.0003206251,-0.0000215564,21.9582,2.365405,0.170991,11.988672,2.7802,0.5901,-0.0506
18370000,51.0003208750,-0.0000214721,21.9587,2.369481,0.172630,12.070132,2.7790,0.5940,-0.0503
18380000,51.0003211247,-0.0000213872,21.9592,2.373550,0.174269,12.151740,2.7779,0.5979,-0.0500
18390000,51.0003213744,-0.0000213017,21.9597,2.377613,0.175908,12.233497,2.7768,0.6018,-0.0497
18400000,51.0003216239,-0.0000212157,21.9602,2.381668,0.177547,12.315403,2.7756,0.6057,-0.0494
18410000,51.0003218733,-0.0000211292,21.9607,2.385716,0.179186,12.397457,2.7744,0.6096,-0.0491
18420000,51.0003221227,-0.0000210420,21.9612,2.389757,0.180825,12.479660,2.7733,0.6135,-0.0488
18430000,51.0003223719,-0.0000209544,21.9617,2.393791,0.182464,12.562010,2.7721,0.6174,-0.0485
18440000,51.0003226210,-0.0000208661,21.9622,2.397818,0.184103,12.644509,2.7709,0.6213,-0.0482
18450000,51.0003228701,-0.0000207774,21.9627,2.401838,0.185742,12.727156,2.7697,0.6253,-0.0479
18460000,51.0003231190,-0.0000206880,21.9631,2.405850,0.187381,12.809951,2.7684,0.6292,-0.0476
18470000,51.0003233678,-0.0000205981,21.9636,2.409855,0.189020,12.892893,2.7672,0.6331,-0.0473
18480000,51.0003236164,-0.0000205076,21.9641,2.413853,0.190659,12.975983,2.7660,0.6371,-0.0470
18490000,51.0003238650,-0.0000204166,21.9645,2.417844,0.192298,13.059220,2.7647,0.6410,-0.0467
18500000,51.0003241135,-0.0000203250,21.9650,2.421827,0.193936,13.142604,2.7635,0.6450,-0.0464
18510000,51.0003243618,-0.0000202328,21.9655,2.425803,0.195575,13.226136,2.7622,0.6489,-0.0461
18520000,51.0003246101,-0.0000201401,21.9659,2.429771,0.197214,13.309814,2.7609,0.6529,-0.0458
18530000,51.0003248582,-0.0000200468,21.9664,2.433732,0.198853,13.393640,2.7596,0.6568,-0.0455
18540000,51.0003251062,-0.0000199530,21.9668,2.437686,0.200492,13.477612,2.7583,0.6608,-0.0452
18550000,51.0003253541,-0.0000198586,21.9673,2.441632,0.202131,13.561730,2.7570,0.6648,-0.0449
18560000,51.0003256018,-0.0000197636,21.9677,2.445570,0.203770,13.645995,2.7557,0.6687,-0.0446
18570000,51.0003258495,-0.0000196680,21.9682,2.449501,0.205409,13.730407,2.7544,0.6727,-0.0443
18580000,51.0003260970,-0.0000195719,21.9686,2.453425,0.207048,13.814964,2.7530,0.6767,-0.0440
18590000,51.0003263444,-0.0000194752,21.9691,2.457341,0.208687,13.899668,2.7517,0.6807,-0.0437
18600000,51.0003265917,-0.0000193780,21.9695,2.461249,0.210326,13.984517,2.7503,0.6847,-0.0434
18610000,51.0003268389,-0.0000192802,21.9699,2.465150,0.211965,14.069512,2.7490,0.6887,-0.0431
18620000,51.0003270859,-0.0000191818,21.9704,2.469042,0.213604,14.154653,2.7476,0.6927,-0.0428
18630000,51.0003273328,-0.0000190828,21.9708,2.472928,0.215243,14.239939,2.7462,0.6967,-0.0425
18640000,51.0003275796,-0.0000189833,21.9712,2.476805,0.216882,14.325370,2.7448,0.7007,-0.0422
18650000,51.0003278263,-0.0000188832,21.9716,2.480675,0.218521,14.410947,2.7434,0.7047,-0.0419
18660000,51.0003280728,-0.0000187825,21.9721,2.484536,0.220160,14.496669,2.7420,0.7087,-0.0416
18670000,51.0003283192,-0.0000186813,21.9725,2.488390,0.221799,14.582535,2.7405,0.7127,-0.0413
18680000,51.0003285655,-0.0000185795,21.9729,2.492237,0.223438,14.668546,2.7391,0.7167,-0.0410
18690000,51.0003288116,-0.0000184771,21.9733,2.496075,0.225077,14.754702,2.7377,0.7207,-0.0407
18700000,51.0003290577,-0.0000183741,21.9737,2.499905,0.226717,14.841002,2.7362,0.7248,-0.0404
18710000,51.0003293035,-0.0000182706,21.9741,2.503728,0.228356,14.927446,2.7347,0.7288,-0.0401
18720000,51.0003295493,-0.0000181665,21.9745,2.507542,0.229995,15.014034,2.7332,0.7328,-0.0398
18730000,51.0003297949,-0.0000180618,21.9749,2.511349,0.231634,15.100767,2.7317,0.7369,-0.0394
18740000,51.0003300404,-0.0000179565,21.9753,2.515147,0.233273,15.187643,2.7302,0.7409,-0.0391
18750000,51.0003302858,-0.0000178507,21.9757,2.518938,0.234912,15.274663,2.7287,0.7449,-0.0388
18760000,51.0003305310,-0.0000177443,21.9761,2.522720,0.236551,15.361826,2.7272,0.7490,-0.0385
18770000,51.0003307760,-0.0000176373,21.9764,2.526494,0.238190,15.449133,2.7257,0.7530,-0.0382
18780000,51.0003310210,-0.0000175297,21.9768,2.530260,0.239829,15.536582,2.7241,0.7571,-0.0379
18790000,51.0003312658,-0.0000174216,21.9772,2.534018,0.241468,15.624175,2.7226,0.7611,-0.0376
18800000,51.0003315104,-0.0000173129,21.9776,2.537768,0.243107,15.711911,2.7210,0.7652,-0.0373
18810000,51.0003317550,-0.0000172036,21.9779,2.541509,0.244746,15.799789,2.7194,0.7693,-0.0370
18820000,51.0003319993,-0.0000170937,21.9783,2.545243,0.246385,15.887810,2.7178,0.7733,-0.0367
18830000,51.0003322436,-0.0000169833,21.9787,2.548968,0.248024,15.975974,2.7162,0.7774,-0.0364
18840000,51.0003324876,-0.0000168722,21.9790,2.552684,0.249663,16.064280,2.7146,0.7815,-0.0361
18850000,51.0003327316,-0.0000167606,21.9794,2.556393,0.251302,16.152727,2.7130,0.7855,-0.0358
18860000,51.0003329754,-0.0000166484,21.9798,2.560093,0.252941,16.241317,2.7114,0.7896,-0.0355
18870000,51.0003332190,-0.0000165357,21.9801,2.563784,0.254580,16.330049,2.7097,0.7937,-0.0352
18880000,51.0003334625,-0.0000164223,21.9805,2.567468,0.256219,16.418922,2.7081,0.7978,-0.0349
18890000,51.0003337059,-0.0000163084,21.9808,2.571142,0.257858,16.507936,2.7064,0.8018,-0.0346
18900000,51.0003339491,-0.0000161938,21.9812,2.574809,0.259498,16.597092,2.7047,0.8059,-0.0343
18910000,51.0003341921,-0.0000160787,21.9815,2.578466,0.261137,16.686389,2.7030,0.8100,-0.0340
18920000,51.0003344350,-0.0000159631,21.9818,2.582116,0.262776,16.775827,2.7013,0.8141,-0.0336
18930000,51.0003346778,-0.0000158468,21.9822,2.585757,0.264415,16.865406,2.6996,0.8182,-0.0333
18940000,51.0003349204,-0.0000157300,21.9825,2.589389,0.266054,16.955126,2.6979,0.8223,-0.0330
18950000,51.0003351628,-0.0000156125,21.9828,2.593012,0.267693,17.044985,2.6962,0.8264,-0.0327
18960000,51.0003354051,-0.0000154945,21.9832,2.596627,0.269332,17.134986,2.6945,0.8305,-0.0324
18970000,51.0003356472,-0.0000153759,21.9835,2.600234,0.270971,17.225126,2.6927,0.8346,-0.0321
18980000,51.0003358892,-0.0000152567,21.9838,2.603831,0.272610,17.315407,2.6909,0.8387,-0.0318
18990000,51.0003361310,-0.0000151370,21.9841,2.607420,0.274249,17.405827,2.6892,0.8428,-0.0315
19000000,51.0003363726,-0.0000150166,21.9844,2.611000,0.275888,17.496387,2.6874,0.8469,-0.0312
19010000,51.0003366141,-0.0000148957,21.9847,2.614572,0.277528,17.587086,2.6856,0.8510,-0.0309
19020000,51.0003368554,-0.0000147741,21.9851,2.618134,0.279167,17.677925,2.6838,0.8551,-0.0306
19030000,51.0003370966,-0.0000146520,21.9854,2.621688,0.280806,17.768902,2.6820,0.8593,-0.0303
19040000,51.0003373376,-0.0000145293,21.9857,2.625233,0.282445,17.860019,2.6801,0.8634,-0.0300
19050000,51.0003375784,-0.0000144060,21.9860,2.628769,0.284084,17.951275,2.6783,0.8675,-0.0297
19060000,51.0003378191,-0.0000142822,21.9862,2.632297,0.285723,18.042669,2.6764,0.8716,-0.0293
19070000,51.0003380596,-0.0000141577,21.9865,2.635815,0.287362,18.134202,2.6746,0.8757,-0.0290
19080000,51.0003382999,-0.0000140327,21.9868,2.639324,0.289001,18.225873,2.6727,0.8799,-0.0287
19090000,51.0003385401,-0.0000139070,21.9871,2.642825,0.290640,18.317682,2.6708,0.8840,-0.0284
19100000,51.0003387801,-0.0000137808,21.9874,2.646316,0.292280,18.409629,2.6689,0.8881,-0.0281
19110000,51.0003390199,-0.0000136540,21.9877,2.649799,0.293919,18.501714,2.6670,0.8922,-0.0278
19120000,51.0003392595,-0.0000135266,21.9880,2.653272,0.295558,18.593936,2.6651,0.8964,-0.0275
19130000,51.0003394990,-0.0000133986,21.9882,2.656736,0.297197,18.686296,2.6632,0.9005,-0.0272
19140000,51.0003397383,-0.0000132700,21.9885,2.660191,0.298836,18.778793,2.6612,0.9046,-0.0269
19150000,51.0003399774,-0.0000131409,21.9888,2.663637,0.300475,18.871428,2.6593,0.9088,-0.0266
19160000,51.0003402164,-0.0000130111,21.9890,2.667074,0.302114,18.964199,2.6573,0.9129,-0.0263
19170000,51.0003404552,-0.0000128808,21.9893,2.670502,0.303754,19.057107,2.6554,0.9171,-0.0260
19180000,51.0003406938,-0.0000127498,21.9896,2.673920,0.305393,19.150151,2.6534,0.9212,-0.0256
19190000,51.0003409322,-0.0000126183,21.9898,2.677330,0.307032,19.243332,2.6514,0.9253,-0.0253
19200000,51.0003411704,-0.0000124862,21.9901,2.680730,0.308671,19.336649,2.6494,0.9295,-0.0250
19210000,51.0003414085,-0.0000123535,21.9903,2.684120,0.310310,19.430102,2.6474,0.9336,-0.0247
19220000,51.0003416464,-0.0000122202,21.9906,2.687502,0.311949,19.523690,2.6453,0.9378,-0.0244
19230000,51.0003418840,-0.0000120863,21.9908,2.690874,0.313588,19.617415,2.6433,0.9419,-0.0241
19240000,51.0003421216,-0.0000119518,21.9910,2.694236,0.315228,19.711275,2.6412,0.9461,-0.0238
19250000,51.0003423589,-0.0000118167,21.9913,2.697590,0.316867,19.805270,2.6392,0.9502,-0.0235
19260000,51.0003425960,-0.0000116811,21.9915,2.700934,0.318506,19.899400,2.6371,0.9544,-0.0232
19270000,51.0003428330,-0.0000115448,21.9917,2.704268,0.320145,19.993665,2.6350,0.9585,-0.0229
19280000,51.0003430697,-0.0000114080,21.9920,2.707593,0.321784,20.088065,2.6329,0.9627,-0.0226
19290000,51.0003433063,-0.0000112705,21.9922,2.710908,0.323423,20.182600,2.6308,0.9668,-0.0222
19300000,51.0003435427,-0.0000111325,21.9924,2.714214,0.325063,20.277269,2.6287,0.9710,-0.0219
19310000,51.0003437789,-0.0000109939,21.9926,2.717511,0.326702,20.372072,2.6266,0.9752,-0.0216
19320000,51.0003440149,-0.0000108547,21.9928,2.720798,0.328341,20.467009,2.6244,0.9793,-0.0213
19330000,51.0003442507,-0.0000107149,21.9931,2.724075,0.329980,20.562079,2.6223,0.9835,-0.0210
19340000,51.0003444863,-0.0000105745,21.9933,2.727343,0.331619,20.657284,2.6201,0.9876,-0.0207
19350000,51.0003447217,-0.0000104335,21.9935,2.730601,0.333258,20.752622,2.6179,0.9918,-0.0204
19360000,51.0003449569,-0.0000102919,21.9937,2.733849,0.334898,20.848093,2.6157,0.9959,-0.0201
19370000,51.0003451920,-0.0000101497,21.9939,2.737088,0.336537,20.943697,2.6135,1.0001,-0.0198
19380000,51.0003454268,-0.0000100070,21.9941,2.740317,0.338176,21.039434,2.6113,1.0043,-0.0195
19390000,51.0003456614,-0.0000098636,21.9943,2.743536,0.339815,21.135304,2.6091,1.0084,-0.0191
19400000,51.0003458959,-0.0000097197,21.9944,2.746746,0.341454,21.231306,2.6068,1.0126,-0.0188
19410000,51.0003461301,-0.0000095751,21.9946,2.749945,0.343094,21.327440,2.6046,1.0167,-0.0185
19420000,51.0003463641,-0.0000094300,21.9948,2.753135,0.344733,21.423707,2.6023,1.0209,-0.0182
19430000,51.0003465979,-0.0000092843,21.9950,2.756315,0.346372,21.520105,2.6001,1.0251,-0.0179
19440000,51.0003468315,-0.0000091379,21.9952,2.759485,0.348011,21.616635,2.5978,1.0292,-0.0176
19450000,51.0003470649,-0.0000089910,21.9954,2.762646,0.349650,21.713297,2.5955,1.0334,-0.0173
19460000,51.0003472981,-0.0000088435,21.9955,2.765796,0.351290,21.810090,2.5932,1.0375,-0.0170
19470000,51.0003475311,-0.0000086954,21.9957,2.768937,0.352929,21.907014,2.5909,1.0417,-0.0167
19480000,51.0003477639,-0.0000085467,21.9959,2.772067,0.354568,22.004069,2.5885,1.0459,-0.0163
19490000,51.0003479965,-0.0000083974,21.9960,2.775188,0.356207,22.101255,2.5862,1.0500,-0.0160
19500000,51.0003482289,-0.0000082476,21.9962,2.778298,0.357846,22.198571,2.5838,1.0542,-0.0157
19510000,51.0003484610,-0.0000080971,21.9963,2.781399,0.359486,22.296018,2.5815,1.0584,-0.0154
19520000,51.0003486930,-0.0000079460,21.9965,2.784489,0.361125,22.393595,2.5791,1.0625,-0.0151
19530000,51.0003489247,-0.0000077944,21.9966,2.787569,0.362764,22.491302,2.5767,1.0667,-0.0148
19540000,51.0003491562,-0.0000076421,21.9968,2.790640,0.364403,22.589138,2.5743,1.0708,-0.0145
19550000,51.0003493875,-0.0000074893,21.9969,2.793700,0.366043,22.687104,2.5719,1.0750,-0.0142
19560000,51.0003496186,-0.0000073358,21.9971,2.796750,0.367682,22.785199,2.5695,1.0792,-0.0138
19570000,51.0003498494,-0.0000071818,21.9972,2.799790,0.369321,22.883424,2.5671,1.0833,-0.0135
19580000,51.0003500801,-0.0000070272,21.9973,2.802819,0.370960,22.981777,2.5646,1.0875,-0.0132
19590000,51.0003503105,-0.0000068720,21.9975,2.805839,0.372599,23.080260,2.5622,1.0916,-0.0129
19600000,51.0003505407,-0.0000067162,21.9976,2.808848,0.374239,23.178870,2.5597,1.0958,-0.0126
19610000,51.0003507707,-0.0000065598,21.9977,2.811847,0.375878,23.277610,2.5572,1.1000,-0.0123
19620000,51.0003510004,-0.0000064028,21.9978,2.814835,0.377517,23.376476,2.5547,1.1041,-0.0120
19630000,51.0003512299,-0.0000062452,21.9980,2.817813,0.379157,23.475469,2.5522,1.1083,-0.0117
19640000,51.0003514592,-0.0000060870,21.9981,2.820781,0.380796,23.574587,2.5497,1.1124,-0.0113
19650000,51.0003516883,-0.0000059283,21.9982,2.823739,0.382436,23.673828,2.5472,1.1166,-0.0110
19660000,51.0003519172,-0.0000057689,21.9983,2.826686,0.384076,23.773191,2.5446,1.1207,-0.0107
19670000,51.0003521458,-0.0000056089,21.9984,2.829623,0.385716,23.872676,2.5421,1.1249,-0.0104
19680000,51.0003523742,-0.0000054484,21.9985,2.832549,0.387357,23.972279,2.5395,1.1290,-0.0101
19690000,51.0003526023,-0.0000052873,21.9986,2.835464,0.388998,24.072001,2.5369,1.1332,-0.0098
19700000,51.0003528303,-0.0000051255,21.9987,2.838369,0.390639,24.171839,2.5344,1.1373,-0.0095
19710000,51.0003530579,-0.0000049632,21.9988,2.841264,0.392282,24.271793,2.5318,1.1415,-0.0091
19720000,51.0003532854,-0.0000048003,21.9989,2.844148,0.393924,24.371862,2.5291,1.1456,-0.0088
19730000,51.0003535126,-0.0000046368,21.9990,2.847021,0.395568,24.472042,2.5265,1.1498,-0.0085
19740000,51.0003537396,-0.0000044727,21.9991,2.849884,0.397212,24.572335,2.5239,1.1539,-0.0082
19750000,51.0003539664,-0.0000043081,21.9991,2.852736,0.398857,24.672737,2.5212,1.1581,-0.0079
19760000,51.0003541929,-0.0000041428,21.9992,2.855577,0.400502,24.773248,2.5186,1.1622,-0.0076
19770000,51.0003544192,-0.0000039769,21.9993,2.858407,0.402149,24.873866,2.5159,1.1663,-0.0073
19780000,51.0003546452,-0.0000038105,21.9994,2.861227,0.403796,24.974591,2.5132,1.1705,-0.0069
19790000,51.0003548710,-0.0000036435,21.9994,2.864036,0.405445,25.075420,2.5105,1.1746,-0.0066
19800000,51.0003550965,-0.0000034758,21.9995,2.866834,0.407095,25.176353,2.5078,1.1788,-0.0063
19810000,51.0003553218,-0.0000033076,21.9996,2.869621,0.408745,25.277387,2.5051,1.1829,-0.0060
19820000,51.0003555469,-0.0000031388,21.9996,2.872397,0.410397,25.378523,2.5024,1.1870,-0.0057
19830000,51.0003557717,-0.0000029694,21.9997,2.875162,0.412051,25.479757,2.4996,1.1912,-0.0054
19840000,51.0003559963,-0.0000027994,21.9997,2.877916,0.413705,25.581090,2.4969,1.1953,-0.0051
19850000,51.0003562206,-0.0000026289,21.9998,2.880659,0.415361,25.682520,2.4941,1.1994,-0.0047
19860000,51.0003564447,-0.0000024577,21.9998,2.883391,0.417018,25.784045,2.4914,1.2035,-0.0044
19870000,51.0003566685,-0.0000022860,21.9999,2.886112,0.418677,25.885664,2.4886,1.2077,-0.0041
19880000,51.0003568920,-0.0000021137,21.9999,2.888822,0.420338,25.987376,2.4858,1.2118,-0.0038
19890000,51.0003571154,-0.0000019407,21.9999,2.891521,0.421999,26.089179,2.4830,1.2159,-0.0035
19900000,51.0003573384,-0.0000017672,22.0000,2.894208,0.423663,26.191072,2.4801,1.2200,-0.0032
19910000,51.0003575612,-0.0000015931,22.0000,2.896885,0.425328,26.293055,2.4773,1.2241,-0.0028
19920000,51.0003577838,-0.0000014185,22.0000,2.899550,0.426996,26.395124,2.4744,1.2282,-0.0025
19930000,51.0003580061,-0.0000012432,22.0000,2.902203,0.428665,26.497280,2.4716,1.2323,-0.0022
19940000,51.0003582281,-0.0000010674,22.0001,2.904846,0.430335,26.599521,2.4687,1.2365,-0.0019
19950000,51.0003584499,-0.0000008909,22.0001,2.907477,0.432008,26.701845,2.4658,1.2406,-0.0016
19960000,51.0003586714,-0.0000007139,22.0001,2.910097,0.433683,26.804252,2.4629,1.2447,-0.0013
19970000,51.0003588927,-0.0000005363,22.0001,2.912705,0.435360,26.906739,2.4600,1.2488,-0.0009
19980000,51.0003591137,-0.0000003581,22.0001,2.915302,0.437039,27.009306,2.4571,1.2529,-0.0006
19990000,51.0003593344,-0.0000001794,22.0001,2.917887,0.438720,27.111951,2.4542,1.2570,-0.0003
20000000,51.0003595549,0.0000000000,22.0001,2.911831,-0.725929,27.155283,2.4512,1.2610,0.0000
20010000,51.0003597752,0.0000001800,22.0001,2.913931,-0.724694,27.258011,2.4501,1.2661,0.0000
20020000,51.0003599953,0.0000003607,22.0001,2.916025,-0.723461,27.360814,2.4489,1.2711,0.0000
20030000,51.0003602154,0.0000005421,22.0001,2.918115,-0.722230,27.463689,2.4477,1.2761,0.0000
20040000,51.0003604354,0.0000007243,22.0001,2.920200,-0.721002,27.566636,2.4465,1.2811,0.0000
20050000,51.0003606552,0.0000009071,22.0001,2.922280,-0.719776,27.669653,2.4452,1.2861,0.0000
20060000,51.0003608750,0.0000010907,22.0001,2.924355,-0.718552,27.772739,2.4440,1.2911,0.0000
20070000,51.0003610946,0.0000012750,22.0001,2.926425,-0.717330,27.875893,2.4427,1.2961,0.0000
20080000,51.0003613141,0.0000014600,22.0001,2.928490,-0.716110,27.979113,2.4415,1.3011,0.0000
20090000,51.0003615335,0.0000016457,22.0001,2.930551,-0.714892,28.082399,2.4402,1.3061,0.0000
20100000,51.0003617528,0.0000018321,22.0001,2.932606,-0.713676,28.185748,2.4389,1.3111,0.0000
20110000,51.0003619720,0.0000020192,22.0001,2.934657,-0.712462,28.289160,2.4376,1.3161,0.0000
20120000,51.0003621910,0.0000022071,22.0001,2.936703,-0.711249,28.392633,2.4363,1.3211,0.0000
20130000,51.0003624100,0.0000023956,22.0001,2.938744,-0.710038,28.496166,2.4350,1.3261,0.0000
20140000,51.0003626288,0.0000025849,22.0001,2.940780,-0.708829,28.599757,2.4336,1.3311,0.0000
20150000,51.0003628475,0.0000027749,22.0001,2.942812,-0.707621,28.703406,2.4323,1.3361,0.0000
20160000,51.0003630661,0.0000029656,22.0001,2.944838,-0.706415,28.807111,2.4309,1.3411,0.0000
20170000,51.0003632845,0.0000031570,22.0001,2.946860,-0.705210,28.910870,2.4295,1.3461,0.0000
20180000,51.0003635028,0.0000033491,22.0001,2.948878,-0.704007,29.014683,2.4281,1.3511,0.0000
20190000,51.0003637210,0.0000035419,22.0001,2.950890,-0.702805,29.118549,2.4267,1.3561,0.0000
20200000,51.0003639391,0.0000037355,22.0001,2.952898,-0.701604,29.222465,2.4253,1.3611,0.0000
20210000,51.0003641570,0.0000039297,22.0001,2.954901,-0.700404,29.326431,2.4239,1.3661,0.0000
20220000,51.0003643749,0.0000041247,22.0001,2.956899,-0.699206,29.430445,2.4224,1.3711,0.0000
20230000,51.0003645925,0.0000043204,22.0001,2.958893,-0.698009,29.534506,2.4210,1.3761,0.0000
20240000,51.0003648101,0.0000045168,22.0001,2.960882,-0.696813,29.638613,2.4195,1.3811,0.0000
20250000,51.0003650275,0.0000047139,22.0001,2.962867,-0.695618,29.742765,2.4180,1.3861,0.0000
20260000,51.0003652448,0.0000049117,22.0001,2.964846,-0.694423,29.846960,2.4166,1.3911,0.0000
20270000,51.0003654620,0.0000051102,22.0001,2.966821,-0.693230,29.951196,2.4150,1.3961,0.0000
20280000,51.0003656790,0.0000053095,22.0001,2.968792,-0.692037,30.055474,2.4135,1.4011,0.0000
20290000,51.0003658959,0.0000055094,22.0001,2.970758,-0.690846,30.159791,2.4120,1.4061,0.0000
20300000,51.0003661126,0.0000057101,22.0001,2.972719,-0.689655,30.264146,2.4105,1.4111,0.0000
20310000,51.0003663292,0.0000059115,22.0001,2.974676,-0.688464,30.368538,2.4089,1.4161,0.0000
20320000,51.0003665457,0.0000061136,22.0001,2.976628,-0.687274,30.472966,2.4073,1.4211,0.0000
20330000,51.0003667620,0.0000063164,22.0001,2.978575,-0.686085,30.577428,2.4058,1.4261,0.0000
20340000,51.0003669782,0.0000065199,22.0001,2.980518,-0.684896,30.681923,2.4042,1.4311,0.0000
20350000,51.0003671942,0.0000067241,22.0001,2.982457,-0.683708,30.786450,2.4026,1.4361,0.0000
20360000,51.0003674101,0.0000069290,22.0001,2.984391,-0.682520,30.891007,2.4010,1.4411,0.0000
20370000,51.0003676258,0.0000071347,22.0001,2.986320,-0.681332,30.995594,2.3993,1.4461,0.0000
20380000,51.0003678414,0.0000073410,22.0001,2.988245,-0.680144,31.100209,2.3977,1.4510,0.0000
20390000,51.0003680569,0.0000075481,22.0001,2.990165,-0.678957,31.204851,2.3960,1.4560,0.0000
20400000,51.0003682722,0.0000077559,22.0001,2.992081,-0.677769,31.309518,2.3944,1.4610,0.0000
20410000,51.0003684873,0.0000079644,22.0001,2.993992,-0.676582,31.414210,2.3927,1.4660,0.0000
20420000,51.0003687023,0.0000081736,22.0001,2.995899,-0.675395,31.518926,2.3910,1.4710,0.0000
20430000,51.0003689172,0.0000083835,22.0001,2.997802,-0.674208,31.623665,2.3893,1.4760,0.0000
20440000,51.0003691319,0.0000085941,22.0001,2.999700,-0.673020,31.728427,2.3876,1.4809,0.0000
20450000,51.0003693464,0.0000088054,22.0001,3.001593,-0.671833,31.833213,2.3858,1.4859,0.0000
20460000,51.0003695608,0.0000090174,22.0001,3.003482,-0.670646,31.938022,2.3841,1.4909,0.0000
20470000,51.0003697750,0.0000092302,22.0001,3.005366,-0.669459,32.042854,2.3823,1.4959,0.0000
20480000,51.0003699891,0.0000094436,22.0001,3.007246,-0.668272,32.147709,2.3806,1.5008,0.0000
20490000,51.0003702030,0.0000096578,22.0001,3.009122,-0.667084,32.252587,2.3788,1.5058,0.0000
20500000,51.0003704167,0.0000098726,22.0001,3.010992,-0.665897,32.357488,2.3770,1.5108,0.0000
20510000,51.0003706303,0.0000100882,22.0001,3.012859,-0.664710,32.462412,2.3752,1.5157,0.0000
20520000,51.0003708438,0.0000103045,22.0001,3.014721,-0.663523,32.567358,2.3734,1.5207,0.0000
20530000,51.0003710570,0.0000105215,22.0001,3.016578,-0.662336,32.672327,2.3716,1.5257,0.0000
20540000,51.0003712701,0.0000107392,22.0001,3.018431,-0.661149,32.777318,2.3697,1.5306,0.0000
20550000,51.0003714830,0.0000109575,22.0001,3.020279,-0.659962,32.882332,2.3679,1.5356,0.0000
20560000,51.0003716958,0.0000111767,22.0001,3.022123,-0.658775,32.987368,2.3660,1.5405,0.0000
20570000,51.0003719084,0.0000113965,22.0001,3.023962,-0.657588,33.092426,2.3641,1.5455,0.0000
20580000,51.0003721208,0.0000116170,22.0001,3.025797,-0.656401,33.197506,2.3622,1.5504,0.0000
20590000,51.0003723331,0.0000118382,22.0001,3.027627,-0.655214,33.302608,2.3603,1.5554,0.0000
20600000,51.0003725451,0.0000120601,22.0001,3.029452,-0.654027,33.407732,2.3584,1.5604,0.0000
20610000,51.0003727570,0.0000122828,22.0001,3.031273,-0.652840,33.512878,2.3565,1.5653,0.0000
20620000,51.0003729688,0.0000125061,22.0001,3.033090,-0.651653,33.618045,2.3545,1.5702,0.0000
20630000,51.0003731803,0.0000127301,22.0001,3.034902,-0.650466,33.723234,2.3526,1.5752,0.0000
20640000,51.0003733917,0.0000129549,22.0001,3.036709,-0.649279,33.828444,2.3506,1.5801,0.0000
20650000,51.0003736029,0.0000131803,22.0001,3.038512,-0.648092,33.933676,2.3486,1.5851,0.0000
20660000,51.0003738139,0.0000134065,22.0001,3.040310,-0.646905,34.038929,2.3466,1.5900,0.0000
20670000,51.0003740248,0.0000136334,22.0001,3.042104,-0.645718,34.144203,2.3446,1.5949,0.0000
20680000,51.0003742355,0.0000138609,22.0001,3.043893,-0.644532,34.249498,2.3426,1.5999,0.0000
20690000,51.0003744459,0.0000140892,22.0001,3.045677,-0.643345,34.354814,2.3406,1.6048,0.0000
20700000,51.0003746562,0.0000143181,22.0001,3.047457,-0.642158,34.460151,2.3385,1.6097,0.0000
20710000,51.0003748664,0.0000145478,22.0001,3.049233,-0.640971,34.565508,2.3365,1.6147,0.0000
20720000,51.0003750763,0.0000147782,22.0001,3.051003,-0.639784,34.670887,2.3344,1.6196,0.0000
20730000,51.0003752860,0.0000150092,22.0001,3.052770,-0.638598,34.776285,2.3323,1.6245,0.0000
20740000,51.0003754956,0.0000152410,22.0001,3.054531,-0.637411,34.881705,2.3303,1.6294,0.0000
20750000,51.0003757050,0.0000154735,22.0001,3.056288,-0.636224,34.987144,2.3281,1.6343,0.0000
20760000,51.0003759141,0.0000157067,22.0001,3.058041,-0.635037,35.092604,2.3260,1.6393,0.0000
20770000,51.0003761231,0.0000159405,22.0001,3.059788,-0.633851,35.198084,2.3239,1.6442,0.0000
20780000,51.0003763319,0.0000161751,22.0001,3.061532,-0.632664,35.303584,2.3218,1.6491,0.0000
20790000,51.0003765405,0.0000164104,22.0001,3.063270,-0.631477,35.409104,2.3196,1.6540,0.0000
20800000,51.0003767489,0.0000166463,22.0001,3.065004,-0.630291,35.514644,2.3174,1.6589,0.0000
20810000,51.0003769572,0.0000168830,22.0001,3.066734,-0.629104,35.620204,2.3153,1.6638,0.0000
20820000,51.0003771652,0.0000171204,22.0001,3.068458,-0.627918,35.725783,2.3131,1.6687,0.0000
20830000,51.0003773730,0.0000173584,22.0001,3.070178,-0.626731,35.831382,2.3109,1.6736,0.0000
20840000,51.0003775806,0.0000175972,22.0001,3.071894,-0.625544,35.937000,2.3087,1.6785,0.0000
20850000,51.0003777880,0.0000178366,22.0001,3.073605,-0.624358,36.042638,2.3064,1.6833,0.0000
20860000,51.0003779953,0.0000180768,22.0001,3.075311,-0.623171,36.148295,2.3042,1.6882,0.0000
20870000,51.0003782023,0.0000183176,22.0001,3.077013,-0.621985,36.253971,2.3019,1.6931,0.0000
20880000,51.0003784091,0.0000185592,22.0001,3.078710,-0.620798,36.359666,2.2997,1.6980,0.0000
20890000,51.0003786157,0.0000188014,22.0001,3.080402,-0.619612,36.465380,2.2974,1.7029,0.0000
20900000,51.0003788221,0.0000190443,22.0001,3.082090,-0.618425,36.571113,2.2951,1.7077,0.0000
20910000,51.0003790283,0.0000192880,22.0001,3.083773,-0.617239,36.676865,2.2928,1.7126,0.0000
20920000,51.0003792343,0.0000195323,22.0001,3.085451,-0.616052,36.782635,2.2905,1.7175,0.0000
20930000,51.0003794401,0.0000197773,22.0001,3.087125,-0.614866,36.888424,2.2882,1.7223,0.0000
20940000,51.0003796457,0.0000200230,22.0001,3.088794,-0.613679,36.994231,2.2858,1.7272,0.0000
20950000,51.0003798510,0.0000202694,22.0001,3.090459,-0.612493,37.100057,2.2835,1.7321,0.0000
20960000,51.0003800562,0.0000205165,22.0001,3.092119,-0.611307,37.205901,2.2811,1.7369,0.0000
20970000,51.0003802611,0.0000207643,22.0001,3.093774,-0.610120,37.311764,2.2787,1.7418,0.0000
20980000,51.0003804658,0.0000210127,22.0001,3.095424,-0.608934,37.417644,2.2763,1.7466,0.0000
20990000,51.0003806703,0.0000212619,22.0001,3.097070,-0.607748,37.523542,2.2739,1.7515,0.0000
21000000,51.0003808746,0.0000215117,22.0001,3.098711,-0.606561,37.629458,2.2715,1.7563,0.0000
21010000,51.0003810787,0.0000217623,22.0001,3.100348,-0.605375,37.735392,2.2691,1.7611,0.0000
21020000,51.0003812826,0.0000220135,22.0001,3.101980,-0.604189,37.841344,2.2667,1.7660,0.0000
21030000,51.0003814862,0.0000222654,22.0001,3.103607,-0.603002,37.947313,2.2642,1.7708,0.0000
21040000,51.0003816896,0.0000225180,22.0001,3.105229,-0.601816,38.053300,2.2617,1.7756,0.0000
21050000,51.0003818928,0.0000227713,22.0001,3.106847,-0.600630,38.159304,2.2593,1.7804,0.0000
21060000,51.0003820958,0.0000230253,22.0001,3.108460,-0.599444,38.265326,2.2568,1.7853,0.0000
21070000,51.0003822985,0.0000232800,22.0001,3.110069,-0.598257,38.371364,2.2543,1.7901,0.0000
21080000,51.0003825011,0.0000235353,22.0001,3.111673,-0.597071,38.477420,2.2518,1.7949,0.0000
21090000,51.0003827034,0.0000237913,22.0001,3.113272,-0.595885,38.583493,2.2493,1.7997,0.0000
21100000,51.0003829054,0.0000240481,22.0001,3.114866,-0.594699,38.689582,2.2467,1.8045,0.0000
21110000,51.0003831073,0.0000243055,22.0001,3.116456,-0.593513,38.795689,2.2442,1.8093,0.0000
21120000,51.0003833089,0.0000245635,22.0001,3.118041,-0.592327,38.901812,2.2416,1.8141,0.0000
21130000,51.0003835103,0.0000248223,22.0001,3.119621,-0.591141,39.007952,2.2390,1.8189,0.0000
21140000,51.0003837114,0.0000250818,22.0001,3.121197,-0.589954,39.114108,2.2365,1.8237,0.0000
21150000,51.0003839123,0.0000253419,22.0001,3.122768,-0.588768,39.220281,2.2339,1.8285,0.0000
21160000,51.0003841130,0.0000256027,22.0001,3.124334,-0.587582,39.326470,2.2312,1.8332,0.0000
21170000,51.0003843134,0.0000258642,22.0001,3.125895,-0.586396,39.432675,2.2286,1.8380,0.0000
21180000,51.0003845137,0.0000261264,22.0001,3.127452,-0.585210,39.538897,2.2260,1.8428,0.0000
21190000,51.0003847136,0.0000263892,22.0001,3.129004,-0.584024,39.645134,2.2233,1.8476,0.0000
21200000,51.0003849134,0.0000266528,22.0001,3.130551,-0.582838,39.751387,2.2207,1.8523,0.0000
21210000,51.0003851129,0.0000269170,22.0001,3.132094,-0.581652,39.857656,2.2180,1.8571,0.0000
21220000,51.0003853121,0.0000271819,22.0001,3.133632,-0.580466,39.963941,2.2153,1.8618,0.0000
21230000,51.0003855111,0.0000274475,22.0001,3.135165,-0.579280,40.070242,2.2126,1.8666,0.0000
21240000,51.0003857099,0.0000277137,22.0001,3.136694,-0.578095,40.176558,2.2099,1.8713,0.0000
21250000,51.0003859084,0.0000279806,22.0001,3.138217,-0.576909,40.282890,2.2072,1.8761,0.0000
21260000,51.0003861067,0.0000282482,22.0001,3.139736,-0.575723,40.389236,2.2045,1.8808,0.0000
21270000,51.0003863047,0.0000285165,22.0001,3.141250,-0.574537,40.495599,2.2018,1.8856,0.0000
21280000,51.0003865025,0.0000287854,22.0001,3.142760,-0.573351,40.601976,2.1990,1.8903,0.0000
21290000,51.0003867001,0.0000290551,22.0001,3.144265,-0.572165,40.708368,2.1962,1.8950,0.0000
21300000,51.0003868974,0.0000293253,22.0001,3.145765,-0.570979,40.814776,2.1935,1.8997,0.0000
21310000,51.0003870944,0.0000295963,22.0001,3.147260,-0.569794,40.921198,2.1907,1.9044,0.0000
21320000,51.0003872912,0.0000298679,22.0001,3.148751,-0.568608,41.027635,2.1879,1.9092,0.0000
21330000,51.0003874877,0.0000301402,22.0001,3.150236,-0.567422,41.134086,2.1851,1.9139,0.0000
21340000,51.0003876840,0.0000304132,22.0001,3.151718,-0.566236,41.240553,2.1822,1.9186,0.0000
21350000,51.0003878800,0.0000306869,22.0001,3.153194,-0.565050,41.347033,2.1794,1.9233,0.0000
21360000,51.0003880758,0.0000309612,22.0001,3.154665,-0.563865,41.453528,2.1765,1.9280,0.0000
21370000,51.0003882713,0.0000312362,22.0001,3.156132,-0.562679,41.560038,2.1737,1.9326,0.0000
21380000,51.0003884666,0.0000315118,22.0001,3.157594,-0.561493,41.666561,2.1708,1.9373,0.0000
21390000,51.0003886616,0.0000317881,22.0001,3.159052,-0.560308,41.773099,2.1679,1.9420,0.0000
21400000,51.0003888563,0.0000320651,22.0001,3.160504,-0.559122,41.879651,2.1650,1.9467,0.0000
21410000,51.0003890508,0.0000323428,22.0001,3.161952,-0.557936,41.986216,2.1621,1.9513,0.0000
21420000,51.0003892450,0.0000326211,22.0001,3.163395,-0.556751,42.092796,2.1592,1.9560,0.0000
21430000,51.0003894390,0.0000329000,22.0001,3.164833,-0.555565,42.199389,2.1563,1.9607,0.0000
21440000,51.0003896327,0.0000331797,22.0001,3.166267,-0.554379,42.305996,2.1533,1.9653,0.0000
21450000,51.0003898261,0.0000334600,22.0001,3.167695,-0.553194,42.412616,2.1504,1.9700,0.0000
21460000,51.0003900193,0.0000337409,22.0001,3.169119,-0.552008,42.519250,2.1474,1.9746,0.0000
21470000,51.0003902122,0.0000340226,22.0001,3.170538,-0.550823,42.625897,2.1444,1.9792,0.0000
21480000,51.0003904048,0.0000343049,22.0001,3.171953,-0.549637,42.732557,2.1414,1.9839,0.0000
21490000,51.0003905972,0.0000345878,22.0001,3.173362,-0.548452,42.839230,2.1384,1.9885,0.0000
21500000,51.0003907892,0.0000348714,22.0001,3.174767,-0.547266,42.945917,2.1354,1.9931,0.0000
21510000,51.0003909811,0.0000351557,22.0001,3.176167,-0.546081,43.052616,2.1324,1.9977,0.0000
21520000,51.0003911726,0.0000354406,22.0001,3.177562,-0.544895,43.159328,2.1294,2.0024,0.0000
21530000,51.0003913639,0.0000357262,22.0001,3.178953,-0.543710,43.266053,2.1263,2.0070,0.0000
21540000,51.0003915549,0.0000360124,22.0001,3.180338,-0.542524,43.372791,2.1232,2.0116,0.0000
21550000,51.0003917456,0.0000362993,22.0001,3.181719,-0.541339,43.479541,2.1202,2.0162,0.0000
21560000,51.0003919360,0.0000365868,22.0001,3.183095,-0.540154,43.586304,2.1171,2.0208,0.0000
21570000,51.0003921262,0.0000368750,22.0001,3.184467,-0.538968,43.693079,2.1140,2.0253,0.0000
21580000,51.0003923161,0.0000371639,22.0001,3.185833,-0.537783,43.799866,2.1109,2.0299,0.0000
21590000,51.0003925057,0.0000374534,22.0002,3.187195,-0.536598,43.906666,2.1078,2.0345,0.0000
21600000,51.0003926950,0.0000377435,22.0002,3.188552,-0.535412,44.013478,2.1046,2.0391,0.0000
21610000,51.0003928840,0.0000380343,22.0002,3.189904,-0.534227,44.120301,2.1015,2.0436,0.0000
21620000,51.0003930728,0.0000383258,22.0002,3.191251,-0.533042,44.227137,2.0983,2.0482,0.0000
21630000,51.0003932613,0.0000386179,22.0002,3.192594,-0.531856,44.333984,2.0952,2.0527,0.0000
21640000,51.0003934494,0.0000389106,22.0002,3.193931,-0.530671,44.440843,2.0920,2.0573,0.0000
21650000,51.0003936374,0.0000392040,22.0002,3.195264,-0.529486,44.547714,2.0888,2.0618,0.0000
21660000,51.0003938250,0.0000394981,22.0002,3.196592,-0.528301,44.654596,2.0856,2.0664,0.0000
21670000,51.0003940123,0.0000397927,22.0002,3.197915,-0.527115,44.761490,2.0824,2.0709,0.0000
21680000,51.0003941993,0.0000400881,22.0002,3.199234,-0.525930,44.868395,2.0792,2.0754,0.0000
21690000,51.0003943861,0.0000403840,22.0002,3.200548,-0.524745,44.975311,2.0759,2.0799,0.0000
21700000,51.0003945725,0.0000406807,22.0002,3.201856,-0.523560,45.082238,2.0727,2.0844,0.0000
21710000,51.0003947587,0.0000409779,22.0002,3.203160,-0.522375,45.189177,2.0694,2.0889,0.0000
21720000,51.0003949446,0.0000412758,22.0002,3.204460,-0.521189,45.296126,2.0662,2.0934,0.0000
21730000,51.0003951301,0.0000415744,22.0002,3.205754,-0.520004,45.403086,2.0629,2.0979,0.0000
21740000,51.0003953154,0.0000418736,22.0002,3.207043,-0.518819,45.510057,2.0596,2.1024,0.0000
21750000,51.0003955004,0.0000421734,22.0002,3.208328,-0.517634,45.617039,2.0563,2.1069,0.0000
21760000,51.0003956851,0.0000424738,22.0002,3.209608,-0.516449,45.724031,2.0530,2.1114,0.0000
21770000,51.0003958695,0.0000427749,22.0002,3.210883,-0.515264,45.831034,2.0496,2.1158,0.0000
21780000,51.0003960536,0.0000430767,22.0002,3.212153,-0.514079,45.938047,2.0463,2.1203,0.0000
21790000,51.0003962374,0.0000433790,22.0002,3.213419,-0.512894,46.045071,2.0429,2.1248,0.0000
21800000,51.0003964209,0.0000436820,22.0002,3.214679,-0.511709,46.152104,2.0396,2.1292,0.0000
21810000,51.0003966040,0.0000439857,22.0002,3.215935,-0.510524,46.259148,2.0362,2.1337,0.0000
21820000,51.0003967869,0.0000442899,22.0002,3.217186,-0.509339,46.366202,2.0328,2.1381,0.0000
21830000,51.0003969695,0.0000445948,22.0002,3.218432,-0.508154,46.473266,2.0294,2.1425,0.0000
21840000,51.0003971518,0.0000449004,22.0002,3.219673,-0.506969,46.580339,2.0260,2.1470,0.0000
21850000,51.0003973337,0.0000452065,22.0002,3.220910,-0.505784,46.687422,2.0226,2.1514,0.0000
21860000,51.0003975154,0.0000455133,22.0002,3.222141,-0.504599,46.794515,2.0192,2.1558,0.0000
21870000,51.0003976967,0.0000458207,22.0002,3.223368,-0.503414,46.901618,2.0158,2.1602,0.0000
21880000,51.0003978778,0.0000461288,22.0002,3.224590,-0.502229,47.008730,2.0123,2.1646,0.0000
21890000,51.0003980585,0.0000464375,22.0002,3.225807,-0.501045,47.115851,2.0088,2.1690,0.0000
21900000,51.0003982389,0.0000467468,22.0002,3.227019,-0.499860,47.222982,2.0054,2.1734,0.0000
21910000,51.0003984190,0.0000470567,22.0002,3.228226,-0.498675,47.330121,2.0019,2.1778,0.0000
21920000,51.0003985988,0.0000473672,22.0002,3.229429,-0.497490,47.437270,1.9984,2.1821,0.0000
21930000,51.0003987783,0.0000476784,22.0002,3.230626,-0.496305,47.544428,1.9949,2.1865,0.0000
21940000,51.0003989574,0.0000479902,22.0002,3.231819,-0.495121,47.651595,1.9914,2.1909,0.0000
21950000,51.0003991363,0.0000483026,22.0002,3.233007,-0.493936,47.758770,1.9878,2.1952,0.0000
21960000,51.0003993148,0.0000486156,22.0002,3.234190,-0.492751,47.865954,1.9843,2.1996,0.0000
21970000,51.0003994930,0.0000489293,22.0002,3.235368,-0.491566,47.973147,1.9808,2.2039,0.0000
21980000,51.0003996709,0.0000492435,22.0002,3.236542,-0.490382,48.080349,1.9772,2.2082,0.0000
21990000,51.0003998485,0.0000495584,22.0002,3.237710,-0.489197,48.187558,1.9736,2.2126,0.0000
22000000,51.0004000257,0.0000498739,22.0002,3.238874,-0.488012,48.294777,1.9700,2.2169,0.0000
22010000,51.0004002026,0.0000501900,22.0002,3.240033,-0.486828,48.402003,1.9665,2.2212,0.0000
22020000,51.0004003792,0.0000505068,22.0002,3.241187,-0.485643,48.509238,1.9628,2.2255,0.0000
22030000,51.0004005555,0.0000508241,22.0002,3.242336,-0.484458,48.616480,1.9592,2.2298,0.0000
22040000,51.0004007315,0.0000511420,22.0002,3.243480,-0.483274,48.723731,1.9556,2.2341,0.0000
22050000,51.0004009071,0.0000514606,22.0002,3.244619,-0.482089,48.830989,1.9520,2.2384,0.0000
22060000,51.0004010824,0.0000517798,22.0002,3.245754,-0.480904,48.938255,1.9483,2.2426,0.0000
22070000,51.0004012574,0.0000520996,22.0002,3.246883,-0.479720,49.045529,1.9447,2.2469,0.0000
22080000,51.0004014320,0.0000524200,22.0002,3.248008,-0.478535,49.152811,1.9410,2.2512,0.0000
22090000,51.0004016063,0.0000527409,22.0002,3.249128,-0.477351,49.260100,1.9373,2.2554,0.0000
22100000,51.0004017803,0.0000530626,22.0002,3.250243,-0.476166,49.367396,1.9336,2.2597,0.0000
22110000,51.0004019539,0.0000533848,22.0002,3.251353,-0.474982,49.474700,1.9299,2.2639,0.0000
22120000,51.0004021272,0.0000537076,22.0002,3.252458,-0.473797,49.582011,1.9262,2.2682,0.0000
22130000,51.0004023002,0.0000540310,22.0002,3.253559,-0.472613,49.689329,1.9225,2.2724,0.0000
22140000,51.0004024729,0.0000543550,22.0002,3.254654,-0.471428,49.796655,1.9188,2.2766,0.0000
22150000,51.0004026452,0.0000546796,22.0002,3.255745,-0.470244,49.903987,1.9150,2.2808,0.0000
22160000,51.0004028171,0.0000550048,22.0002,3.256831,-0.469059,50.011326,1.9113,2.2850,0.0000
22170000,51.0004029888,0.0000553306,22.0002,3.257912,-0.467875,50.118672,1.9075,2.2892,0.0000
22180000,51.0004031601,0.0000556571,22.0002,3.258988,-0.466691,50.226024,1.9037,2.2934,0.0000
22190000,51.0004033310,0.0000559841,22.0002,3.260059,-0.465506,50.333383,1.8999,2.2976,0.0000
22200000,51.0004035016,0.0000563117,22.0002,3.261125,-0.464322,50.440749,1.8961,2.3018,0.0000
22210000,51.0004036719,0.0000566399,22.0002,3.262187,-0.463137,50.548121,1.8923,2.3059,0.0000
22220000,51.0004038418,0.0000569686,22.0002,3.263243,-0.461953,50.655499,1.8885,2.3101,0.0000
22230000,51.0004040114,0.0000572980,22.0002,3.264295,-0.460769,50.762883,1.8847,2.3142,0.0000
22240000,51.0004041806,0.0000576280,22.0002,3.265341,-0.459584,50.870274,1.8808,2.3184,0.0000
22250000,51.0004043495,0.0000579586,22.0002,3.266383,-0.458400,50.977671,1.8770,2.3225,0.0000
22260000,51.0004045181,0.0000582897,22.0002,3.267420,-0.457216,51.085073,1.8731,2.3267,0.0000
22270000,51.0004046863,0.0000586215,22.0002,3.268452,-0.456032,51.192482,1.8693,2.3308,0.0000
22280000,51.0004048541,0.0000589538,22.0002,3.269480,-0.454847,51.299896,1.8654,2.3349,0.0000
22290000,51.0004050216,0.0000592867,22.0002,3.270502,-0.453663,51.407316,1.8615,2.3390,0.0000
22300000,51.0004051888,0.0000596202,22.0002,3.271519,-0.452479,51.514741,1.8576,2.3431,0.0000
22310000,51.0004053556,0.0000599543,22.0002,3.272532,-0.451295,51.622172,1.8537,2.3472,0.0000
22320000,51.0004055220,0.0000602889,22.0002,3.273540,-0.450111,51.729609,1.8498,2.3513,0.0000
22330000,51.0004056881,0.0000606242,22.0002,3.274542,-0.448926,51.837050,1.8458,2.3554,0.0000
22340000,51.0004058539,0.0000609600,22.0002,3.275540,-0.447742,51.944497,1.8419,2.3594,0.0000
22350000,51.0004060193,0.0000612964,22.0002,3.276533,-0.446558,52.051949,1.8379,2.3635,0.0000
22360000,51.0004061843,0.0000616334,22.0002,3.277521,-0.445374,52.159406,1.8340,2.3675,0.0000
22370000,51.0004063490,0.0000619709,22.0002,3.278505,-0.444190,52.266868,1.8300,2.3716,0.0000
22380000,51.0004065133,0.0000623091,22.0002,3.279483,-0.443006,52.374335,1.8260,2.3756,0.0000
22390000,51.0004066772,0.0000626478,22.0002,3.280456,-0.441822,52.481807,1.8220,2.3796,0.0000
22400000,51.0004068408,0.0000629871,22.0002,3.281425,-0.440638,52.589283,1.8180,2.3837,0.0000
22410000,51.0004070041,0.0000633269,22.0002,3.282389,-0.439454,52.696764,1.8140,2.3877,0.0000
22420000,51.0004071670,0.0000636673,22.0002,3.283347,-0.438270,52.804250,1.8100,2.3917,0.0000
22430000,51.0004073295,0.0000640083,22.0002,3.284301,-0.437086,52.911739,1.8060,2.3957,0.0000
22440000,51.0004074916,0.0000643499,22.0002,3.285250,-0.435902,53.019234,1.8019,2.3996,0.0000
22450000,51.0004076534,0.0000646920,22.0002,3.286194,-0.434718,53.126732,1.7979,2.4036,0.0000
22460000,51.0004078148,0.0000650347,22.0002,3.287134,-0.433534,53.234234,1.7938,2.4076,0.0000
22470000,51.0004079759,0.0000653780,22.0002,3.288068,-0.432350,53.341741,1.7897,2.4116,0.0000
22480000,51.0004081366,0.0000657218,22.0002,3.288997,-0.431166,53.449251,1.7856,2.4155,0.0000
22490000,51.0004082969,0.0000660662,22.0002,3.289922,-0.429982,53.556766,1.7815,2.4195,0.0000
22500000,51.0004084569,0.0000664111,22.0002,3.290841,-0.428798,53.664284,1.7774,2.4234,0.0000
22510000,51.0004086165,0.0000667566,22.0002,3.291756,-0.427614,53.771806,1.7733,2.4273,0.0000
22520000,51.0004087757,0.0000671027,22.0002,3.292666,-0.426430,53.879331,1.7692,2.4312,0.0000
22530000,51.0004089345,0.0000674493,22.0002,3.293571,-0.425246,53.986860,1.7651,2.4352,0.0000
22540000,51.0004090930,0.0000677965,22.0002,3.294471,-0.424062,54.094392,1.7609,2.4391,0.0000
22550000,51.0004092511,0.0000681442,22.0002,3.295366,-0.422879,54.201928,1.7568,2.4429,0.0000
22560000,51.0004094088,0.0000684925,22.0002,3.296256,-0.421695,54.309467,1.7526,2.4468,0.0000
22570000,51.0004095662,0.0000688413,22.0002,3.297141,-0.420511,54.417009,1.7485,2.4507,0.0000
22580000,51.0004097232,0.0000691907,22.0002,3.298022,-0.419327,54.524554,1.7443,2.4546,0.0000
22590000,51.0004098798,0.0000695407,22.0002,3.298897,-0.418143,54.632102,1.7401,2.4584,0.0000
22600000,51.0004100360,0.0000698912,22.0002,3.299768,-0.416960,54.739653,1.7359,2.4623,0.0000
22610000,51.0004101918,0.0000702422,22.0002,3.300633,-0.415776,54.847207,1.7317,2.4661,0.0000
22620000,51.0004103473,0.0000705938,22.0002,3.301494,-0.414592,54.954763,1.7274,2.4700,0.0000
22630000,51.0004105024,0.0000709459,22.0002,3.302350,-0.413408,55.062322,1.7232,2.4738,0.0000
22640000,51.0004106571,0.0000712986,22.0002,3.303201,-0.412225,55.169884,1.7190,2.4776,0.0000
22650000,51.0004108114,0.0000716518,22.0002,3.304047,-0.411041,55.277448,1.7147,2.4814,0.0000
22660000,51.0004109654,0.0000720056,22.0002,3.304888,-0.409857,55.385014,1.7105,2.4852,0.0000
22670000,51.0004111189,0.0000723599,22.0002,3.305725,-0.408674,55.492582,1.7062,2.4890,0.0000
22680000,51.0004112721,0.0000727147,22.0002,3.306556,-0.407490,55.600153,1.7019,2.4928,0.0000
22690000,51.0004114249,0.0000730701,22.0002,3.307382,-0.406306,55.707726,1.6976,2.4966,0.0000
22700000,51.0004115773,0.0000734260,22.0002,3.308204,-0.405123,55.815301,1.6934,2.5003,0.0000
22710000,51.0004117293,0.0000737825,22.0002,3.309021,-0.403939,55.922877,1.6890,2.5041,0.0000
22720000,51.0004118810,0.0000741395,22.0002,3.309832,-0.402756,56.030456,1.6847,2.5078,0.0000
22730000,51.0004120322,0.0000744970,22.0002,3.310639,-0.401572,56.138036,1.6804,2.5116,0.0000
22740000,51.0004121831,0.0000748551,22.0002,3.311441,-0.400389,56.245618,1.6761,2.5153,0.0000
22750000,51.0004123335,0.0000752136,22.0002,3.312238,-0.399205,56.353201,1.6717,2.5190,0.0000
22760000,51.0004124836,0.0000755727,22.0002,3.313030,-0.398022,56.460786,1.6674,2.5227,0.0000
22770000,51.0004126333,0.0000759324,22.0002,3.313817,-0.396838,56.568372,1.6630,2.5264,0.0000
22780000,51.0004127826,0.0000762925,22.0002,3.314600,-0.395655,56.675960,1.6587,2.5301,0.0000
22790000,51.0004129315,0.0000766532,22.0002,3.315377,-0.394471,56.783549,1.6543,2.5338,0.0000
22800000,51.0004130800,0.0000770145,22.0002,3.316150,-0.393288,56.891138,1.6499,2.5375,0.0000
22810000,51.0004132281,0.0000773762,22.0002,3.316917,-0.392104,56.998729,1.6455,2.5411,0.0000
22820000,51.0004133758,0.0000777384,22.0002,3.317680,-0.390921,57.106321,1.6411,2.5448,0.0000
22830000,51.0004135231,0.0000781012,22.0002,3.318438,-0.389737,57.213914,1.6367,2.5484,0.0000
22840000,51.0004136700,0.0000784645,22.0002,3.319191,-0.388554,57.321507,1.6323,2.5521,0.0000
22850000,51.0004138166,0.0000788283,22.0002,3.319939,-0.387370,57.429101,1.6278,2.5557,0.0000
22860000,51.0004139627,0.0000791927,22.0002,3.320682,-0.386187,57.536695,1.6234,2.5593,0.0000
22870000,51.0004141084,0.0000795575,22.0002,3.321420,-0.385004,57.644291,1.6189,2.5629,0.0000
22880000,51.0004142537,0.0000799229,22.0002,3.322153,-0.383820,57.751886,1.6145,2.5665,0.0000
22890000,51.0004143986,0.0000802887,22.0002,3.322881,-0.382637,57.859482,1.6100,2.5701,0.0000
22900000,51.0004145432,0.0000806551,22.0002,3.323605,-0.381454,57.967078,1.6055,2.5737,0.0000
22910000,51.0004146873,0.0000810220,22.0002,3.324323,-0.380270,58.074674,1.6010,2.5772,0.0000
22920000,51.0004148310,0.0000813894,22.0002,3.325037,-0.379087,58.182270,1.5965,2.5808,0.0000
22930000,51.0004149743,0.0000817573,22.0002,3.325746,-0.377904,58.289866,1.5920,2.5843,0.0000
22940000,51.0004151172,0.0000821257,22.0002,3.326450,-0.376721,58.397462,1.5875,2.5879,0.0000
22950000,51.0004152597,0.0000824946,22.0002,3.327148,-0.375537,58.505058,1.5830,2.5914,0.0000
22960000,51.0004154018,0.0000828640,22.0002,3.327842,-0.374354,58.612653,1.5785,2.5949,0.0000
22970000,51.0004155435,0.0000832339,22.0002,3.328532,-0.373171,58.720249,1.5739,2.5985,0.0000
22980000,51.0004156848,0.0000836044,22.0002,3.329216,-0.371988,58.827843,1.5694,2.6020,0.0000
22990000,51.0004158256,0.0000839753,22.0002,3.329895,-0.370805,58.935437,1.5648,2.6054,0.0000
23000000,51.0004159661,0.0000843467,22.0002,3.330569,-0.369621,59.043031,1.5603,2.6089,0.0000
23010000,51.0004161061,0.0000847186,22.0002,3.331239,-0.368438,59.150623,1.5557,2.6124,0.0000
23020000,51.0004162457,0.0000850910,22.0002,3.331904,-0.367255,59.258215,1.5511,2.6159,0.0000
23030000,51.0004163850,0.0000854639,22.0002,3.332563,-0.366072,59.365806,1.5465,2.6193,0.0000
23040000,51.0004165238,0.0000858373,22.0002,3.333218,-0.364889,59.473396,1.5419,2.6228,0.0000
23050000,51.0004166622,0.0000862111,22.0002,3.333868,-0.363706,59.580985,1.5373,2.6262,0.0000
23060000,51.0004168002,0.0000865855,22.0002,3.334513,-0.362523,59.688573,1.5327,2.6296,0.0000
23070000,51.0004169377,0.0000869603,22.0002,3.335153,-0.361339,59.796159,1.5281,2.6330,0.0000
23080000,51.0004170749,0.0000873357,22.0002,3.335788,-0.360156,59.903744,1.5234,2.6364,0.0000
23090000,51.0004172116,0.0000877115,22.0002,3.336418,-0.358973,60.011328,1.5188,2.6398,0.0000
23100000,51.0004173479,0.0000880878,22.0002,3.337044,-0.357790,60.118910,1.5142,2.6432,0.0000
23110000,51.0004174838,0.0000884646,22.0002,3.337664,-0.356607,60.226491,1.5095,2.6466,0.0000
23120000,51.0004176193,0.0000888418,22.0002,3.338280,-0.355424,60.334069,1.5048,2.6500,0.0000
23130000,51.0004177543,0.0000892196,22.0002,3.338890,-0.354241,60.441647,1.5002,2.6533,0.0000
23140000,51.0004178890,0.0000895978,22.0002,3.339496,-0.353058,60.549222,1.4955,2.6567,0.0000
23150000,51.0004180232,0.0000899765,22.0002,3.340097,-0.351875,60.656795,1.4908,2.6600,0.0000
23160000,51.0004181570,0.0000903557,22.0002,3.340693,-0.350692,60.764366,1.4861,2.6633,0.0000
23170000,51.0004182904,0.0000907353,22.0002,3.341284,-0.349509,60.871935,1.4814,2.6666,0.0000
23180000,51.0004184233,0.0000911154,22.0002,3.341870,-0.348327,60.979502,1.4767,2.6699,0.0000
23190000,51.0004185558,0.0000914960,22.0002,3.342452,-0.347144,61.087067,1.4719,2.6732,0.0000
23200000,51.0004186879,0.0000918771,22.0002,3.343028,-0.345961,61.194629,1.4672,2.6765,0.0000
23210000,51.0004188196,0.0000922586,22.0002,3.343599,-0.344778,61.302189,1.4625,2.6798,0.0000
23220000,51.0004189509,0.0000926406,22.0002,3.344166,-0.343595,61.409746,1.4577,2.6831,0.0000
23230000,51.0004190817,0.0000930230,22.0002,3.344728,-0.342412,61.517301,1.4530,2.6863,0.0000
23240000,51.0004192121,0.0000934059,22.0002,3.345284,-0.341229,61.624853,1.4482,2.6896,0.0000
23250000,51.0004193420,0.0000937893,22.0002,3.345836,-0.340046,61.732402,1.4434,2.6928,0.0000
23260000,51.0004194716,0.0000941731,22.0002,3.346383,-0.338864,61.839948,1.4387,2.6960,0.0000
23270000,51.0004196007,0.0000945574,22.0002,3.346925,-0.337681,61.947491,1.4339,2.6992,0.0000
23280000,51.0004197293,0.0000949422,22.0002,3.347463,-0.336498,62.055032,1.4291,2.7024,0.0000
23290000,51.0004198576,0.0000953274,22.0002,3.347995,-0.335315,62.162569,1.4243,2.7056,0.0000
23300000,51.0004199854,0.0000957130,22.0002,3.348522,-0.334132,62.270102,1.4195,2.7088,0.0000
23310000,51.0004201128,0.0000960991,22.0002,3.349045,-0.332950,62.377633,1.4147,2.7120,0.0000
23320000,51.0004202397,0.0000964857,22.0002,3.349563,-0.331767,62.485160,1.4098,2.7151,0.0000
23330000,51.0004203662,0.0000968727,22.0002,3.350075,-0.330584,62.592684,1.4050,2.7183,0.0000
23340000,51.0004204923,0.0000972602,22.0002,3.350583,-0.329401,62.700204,1.4002,2.7214,0.0000
23350000,51.0004206179,0.0000976481,22.0002,3.351086,-0.328219,62.807720,1.3953,2.7245,0.0000
23360000,51.0004207432,0.0000980364,22.0002,3.351584,-0.327036,62.915233,1.3905,2.7277,0.0000
23370000,51.0004208679,0.0000984252,22.0002,3.352078,-0.325853,63.022741,1.3856,2.7308,0.0000
23380000,51.0004209923,0.0000988144,22.0002,3.352566,-0.324671,63.130246,1.3807,2.7339,0.0000
23390000,51.0004211161,0.0000992041,22.0002,3.353049,-0.323488,63.237747,1.3759,2.7370,0.0000
23400000,51.0004212396,0.0000995942,22.0002,3.353528,-0.322305,63.345244,1.3710,2.7400,0.0000
23410000,51.0004213626,0.0000999848,22.0002,3.354002,-0.321123,63.452737,1.3661,2.7431,0.0000
23420000,51.0004214852,0.0001003758,22.0002,3.354470,-0.319940,63.560225,1.3612,2.7462,0.0000
23430000,51.0004216073,0.0001007672,22.0002,3.354934,-0.318758,63.667709,1.3563,2.7492,0.0000
23440000,51.0004217290,0.0001011590,22.0002,3.355393,-0.317575,63.775189,1.3514,2.7522,0.0000
23450000,51.0004218503,0.0001015513,22.0002,3.355847,-0.316392,63.882664,1.3464,2.7553,0.0000
23460000,51.0004219711,0.0001019441,22.0002,3.356297,-0.315210,63.990134,1.3415,2.7583,0.0000
23470000,51.0004220914,0.0001023372,22.0002,3.356741,-0.314027,64.097600,1.3366,2.7613,0.0000
23480000,51.0004222114,0.0001027308,22.0002,3.357181,-0.312845,64.205061,1.3316,2.7643,0.0000
23490000,51.0004223308,0.0001031248,22.0002,3.357615,-0.311662,64.312518,1.3267,2.7672,0.0000
23500000,51.0004224499,0.0001035192,22.0002,3.358045,-0.310480,64.419969,1.3217,2.7702,0.0000
23510000,51.0004225684,0.0001039140,22.0002,3.358470,-0.309297,64.527415,1.3168,2.7732,0.0000
23520000,51.0004226866,0.0001043093,22.0002,3.358890,-0.308115,64.634857,1.3118,2.7761,0.0000
23530000,51.0004228043,0.0001047050,22.0002,3.359305,-0.306932,64.742293,1.3068,2.7791,0.0000
23540000,51.0004229215,0.0001051011,22.0002,3.359715,-0.305750,64.849724,1.3018,2.7820,0.0000
23550000,51.0004230383,0.0001054976,22.0002,3.360121,-0.304567,64.957149,1.2968,2.7849,0.0000
23560000,51.0004231547,0.0001058945,22.0002,3.360521,-0.303385,65.064569,1.2918,2.7878,0.0000
23570000,51.0004232706,0.0001062919,22.0002,3.360917,-0.302203,65.171984,1.2868,2.7907,0.0000
23580000,51.0004233860,0.0001066896,22.0002,3.361307,-0.301020,65.279393,1.2818,2.7936,0.0000
23590000,51.0004235010,0.0001070878,22.0002,3.361693,-0.299838,65.386796,1.2768,2.7964,0.0000
23600000,51.0004236155,0.0001074864,22.0002,3.362074,-0.298655,65.494194,1.2718,2.7993,0.0000
23610000,51.0004237296,0.0001078853,22.0002,3.362450,-0.297473,65.601585,1.2667,2.8022,0.0000
23620000,51.0004238433,0.0001082847,22.0002,3.362822,-0.296291,65.708971,1.2617,2.8050,0.0000
23630000,51.0004239565,0.0001086845,22.0002,3.363188,-0.295108,65.816351,1.2566,2.8078,0.0000
23640000,51.0004240692,0.0001090847,22.0002,3.363550,-0.293926,65.923724,1.2516,2.8106,0.0000
23650000,51.0004241815,0.0001094853,22.0002,3.363906,-0.292744,66.031092,1.2465,2.8134,0.0000
23660000,51.0004242933,0.0001098863,22.0002,3.364258,-0.291561,66.138453,1.2415,2.8162,0.0000
23670000,51.0004244046,0.0001102877,22.0002,3.364605,-0.290379,66.245808,1.2364,2.8190,0.0000
23680000,51.0004245156,0.0001106895,22.0002,3.364947,-0.289197,66.353157,1.2313,2.8218,0.0000
23690000,51.0004246260,0.0001110916,22.0002,3.365285,-0.288014,66.460498,1.2262,2.8246,0.0000
23700000,51.0004247360,0.0001114942,22.0002,3.365617,-0.286832,66.567834,1.2211,2.8273,0.0000
23710000,51.0004248455,0.0001118972,22.0002,3.365945,-0.285650,66.675163,1.2160,2.8300,0.0000
23720000,51.0004249546,0.0001123005,22.0002,3.366267,-0.284468,66.782484,1.2109,2.8328,0.0000
23730000,51.0004250632,0.0001127043,22.0002,3.366585,-0.283286,66.889800,1.2058,2.8355,0.0000
23740000,51.0004251714,0.0001131084,22.0002,3.366898,-0.282103,66.997108,1.2007,2.8382,0.0000
23750000,51.0004252791,0.0001135129,22.0002,3.367206,-0.280921,67.104409,1.1956,2.8409,0.0000
23760000,51.0004253863,0.0001139178,22.0002,3.367510,-0.279739,67.211703,1.1904,2.8436,0.0000
23770000,51.0004254931,0.0001143231,22.0002,3.367808,-0.278557,67.318990,1.1853,2.8462,0.0000
23780000,51.0004255994,0.0001147287,22.0002,3.368102,-0.277375,67.426270,1.1802,2.8489,0.0000
23790000,51.0004257053,0.0001151347,22.0002,3.368390,-0.276192,67.533542,1.1750,2.8515,0.0000
23800000,51.0004258107,0.0001155411,22.0002,3.368674,-0.275010,67.640807,1.1698,2.8542,0.0000
23810000,51.0004259156,0.0001159479,22.0002,3.368953,-0.273828,67.748064,1.1647,2.8568,0.0000
23820000,51.0004260200,0.0001163551,22.0002,3.369227,-0.272646,67.855314,1.1595,2.8594,0.0000
23830000,51.0004261240,0.0001167626,22.0002,3.369497,-0.271464,67.962556,1.1543,2.8620,0.0000
23840000,51.0004262276,0.0001171705,22.0002,3.369761,-0.270282,68.069791,1.1492,2.8646,0.0000
23850000,51.0004263306,0.0001175788,22.0002,3.370021,-0.269100,68.177018,1.1440,2.8672,0.0000
23860000,51.0004264332,0.0001179874,22.0002,3.370276,-0.267918,68.284236,1.1388,2.8698,0.0000
23870000,51.0004265354,0.0001183964,22.0002,3.370526,-0.266736,68.391447,1.1336,2.8723,0.0000
23880000,51.0004266370,0.0001188057,22.0002,3.370771,-0.265554,68.498650,1.1284,2.8749,0.0000
23890000,51.0004267382,0.0001192155,22.0002,3.371011,-0.264371,68.605844,1.1232,2.8774,0.0000
23900000,51.0004268389,0.0001196255,22.0002,3.371247,-0.263189,68.713030,1.1180,2.8799,0.0000
23910000,51.0004269392,0.0001200360,22.0002,3.371478,-0.262007,68.820208,1.1127,2.8824,0.0000
23920000,51.0004270390,0.0001204468,22.0002,3.371703,-0.260825,68.927378,1.1075,2.8849,0.0000
23930000,51.0004271383,0.0001208579,22.0002,3.371924,-0.259643,69.034539,1.1023,2.8874,0.0000
23940000,51.0004272371,0.0001212694,22.0002,3.372141,-0.258461,69.141692,1.0970,2.8899,0.0000
23950000,51.0004273355,0.0001216813,22.0002,3.372352,-0.257280,69.248836,1.0918,2.8924,0.0000
23960000,51.0004274334,0.0001220935,22.0002,3.372558,-0.256098,69.355971,1.0865,2.8948,0.0000
23970000,51.0004275308,0.0001225061,22.0002,3.372760,-0.254916,69.463097,1.0813,2.8973,0.0000
23980000,51.0004276278,0.0001229190,22.0002,3.372957,-0.253734,69.570215,1.0760,2.8997,0.0000
23990000,51.0004277243,0.0001233322,22.0002,3.373149,-0.252552,69.677323,1.0707,2.9021,0.0000
24000000,51.0004278203,0.0001237458,22.0002,3.373336,-0.251370,69.784423,1.0655,2.9045,0.0000
24010000,51.0004279158,0.0001241597,22.0002,3.373519,-0.250188,69.891513,1.0602,2.9069,0.0000
24020000,51.0004280109,0.0001245740,22.0002,3.373696,-0.249006,69.998594,1.0549,2.9093,0.0000
24030000,51.0004281055,0.0001249886,22.0002,3.373869,-0.247824,70.105666,1.0496,2.9117,0.0000
24040000,51.0004281996,0.0001254036,22.0002,3.374037,-0.246642,70.212729,1.0443,2.9140,0.0000
24050000,51.0004282932,0.0001258189,22.0002,3.374200,-0.245460,70.319782,1.0390,2.9164,0.0000
24060000,51.0004283864,0.0001262345,22.0002,3.374359,-0.244279,70.426825,1.0337,2.9187,0.0000
24070000,51.0004284791,0.0001266505,22.0002,3.374512,-0.243097,70.533859,1.0284,2.9210,0.0000
24080000,51.0004285713,0.0001270667,22.0002,3.374661,-0.241915,70.640883,1.0231,2.9233,0.0000
24090000,51.0004286630,0.0001274833,22.0002,3.374805,-0.240733,70.747898,1.0178,2.9256,0.0000
24100000,51.0004287542,0.0001279003,22.0002,3.374944,-0.239551,70.854902,1.0124,2.9279,0.0000
24110000,51.0004288450,0.0001283175,22.0002,3.375078,-0.238370,70.961897,1.0071,2.9302,0.0000
24120000,51.0004289353,0.0001287351,22.0002,3.375208,-0.237188,71.068882,1.0018,2.9325,0.0000
24130000,51.0004290251,0.0001291530,22.0002,3.375333,-0.236006,71.175856,0.9964,2.9347,0.0000
24140000,51.0004291144,0.0001295713,22.0002,3.375453,-0.234824,71.282821,0.9911,2.9370,0.0000
24150000,51.0004292033,0.0001299898,22.0002,3.375568,-0.233642,71.389775,0.9857,2.9392,0.0000
24160000,51.0004292917,0.0001304087,22.0002,3.375678,-0.232461,71.496719,0.9804,2.9414,0.0000
24170000,51.0004293795,0.0001308279,22.0002,3.375784,-0.231279,71.603652,0.9750,2.9436,0.0000
24180000,51.0004294669,0.0001312474,22.0002,3.375884,-0.230097,71.710575,0.9697,2.9458,0.0000
24190000,51.0004295539,0.0001316672,22.0002,3.375980,-0.228916,71.817488,0.9643,2.9480,0.0000
24200000,51.0004296403,0.0001320873,22.0002,3.376072,-0.227734,71.924389,0.9589,2.9502,0.0000
24210000,51.0004297262,0.0001325077,22.0002,3.376158,-0.226552,72.031280,0.9535,2.9523,0.0000
24220000,51.0004298117,0.0001329284,22.0002,3.376240,-0.225370,72.138161,0.9481,2.9545,0.0000
24230000,51.0004298967,0.0001333495,22.0002,3.376316,-0.224189,72.245030,0.9428,2.9566,0.0000
24240000,51.0004299812,0.0001337708,22.0002,3.376388,-0.223007,72.351888,0.9374,2.9588,0.0000
24250000,51.0004300652,0.0001341925,22.0002,3.376456,-0.221826,72.458735,0.9320,2.9609,0.0000
24260000,51.0004301487,0.0001346144,22.0002,3.376518,-0.220644,72.565572,0.9266,2.9630,0.0000
24270000,51.0004302318,0.0001350366,22.0002,3.376576,-0.219462,72.672397,0.9211,2.9651,0.0000
24280000,51.0004303143,0.0001354592,22.0002,3.376629,-0.218281,72.779210,0.9157,2.9671,0.0000
24290000,51.0004303964,0.0001358820,22.0002,3.376677,-0.217099,72.886013,0.9103,2.9692,0.0000
24300000,51.0004304780,0.0001363051,22.0002,3.376720,-0.215917,72.992803,0.9049,2.9712,0.0000
24310000,51.0004305591,0.0001367286,22.0002,3.376759,-0.214736,73.099583,0.8995,2.9733,0.0000
24320000,51.0004306397,0.0001371523,22.0002,3.376793,-0.213554,73.206350,0.8940,2.9753,0.0000
24330000,51.0004307198,0.0001375763,22.0002,3.376822,-0.212373,73.313107,0.8886,2.9773,0.0000
24340000,51.0004307994,0.0001380005,22.0002,3.376846,-0.211191,73.419851,0.8832,2.9793,0.0000
24350000,51.0004308786,0.0001384251,22.0002,3.376866,-0.210010,73.526583,0.8777,2.9813,0.0000
24360000,51.0004309572,0.0001388500,22.0002,3.376881,-0.208828,73.633304,0.8723,2.9833,0.0000
24370000,51.0004310354,0.0001392751,22.0002,3.376891,-0.207647,73.740012,0.8668,2.9853,0.0000
24380000,51.0004311131,0.0001397005,22.0002,3.376896,-0.206465,73.846709,0.8613,2.9872,0.0000
24390000,51.0004311902,0.0001401262,22.0002,3.376897,-0.205284,73.953393,0.8559,2.9892,0.0000
24400000,51.0004312669,0.0001405521,22.0002,3.376893,-0.204102,74.060065,0.8504,2.9911,0.0000
24410000,51.0004313431,0.0001409784,22.0002,3.376884,-0.202921,74.166725,0.8449,2.9930,0.0000
24420000,51.0004314188,0.0001414049,22.0002,3.376870,-0.201739,74.273373,0.8395,2.9949,0.0000
24430000,51.0004314940,0.0001418317,22.0002,3.376851,-0.200558,74.380008,0.8340,2.9968,0.0000
24440000,51.0004315688,0.0001422587,22.0002,3.376828,-0.199376,74.486630,0.8285,2.9987,0.0000
24450000,51.0004316430,0.0001426860,22.0002,3.376800,-0.198195,74.593240,0.8230,3.0006,0.0000
24460000,51.0004317167,0.0001431136,22.0002,3.376768,-0.197013,74.699837,0.8175,3.0024,0.0000
24470000,51.0004317900,0.0001435415,22.0002,3.376730,-0.195832,74.806421,0.8120,3.0043,0.0000
24480000,51.0004318627,0.0001439696,22.0002,3.376688,-0.194650,74.912993,0.8065,3.0061,0.0000
24490000,51.0004319350,0.0001443979,22.0002,3.376641,-0.193469,75.019551,0.8010,3.0079,0.0000
24500000,51.0004320067,0.0001448266,22.0002,3.376590,-0.192288,75.126097,0.7955,3.0097,0.0000
24510000,51.0004320780,0.0001452554,22.0002,3.376533,-0.191106,75.232629,0.7900,3.0115,0.0000
24520000,51.0004321487,0.0001456846,22.0002,3.376472,-0.189925,75.339148,0.7845,3.0133,0.0000
24530000,51.0004322190,0.0001461140,22.0002,3.376406,-0.188743,75.445654,0.7790,3.0151,0.0000
24540000,51.0004322888,0.0001465436,22.0002,3.376336,-0.187562,75.552147,0.7735,3.0169,0.0000
24550000,51.0004323581,0.0001469735,22.0002,3.376261,-0.186381,75.658626,0.7680,3.0186,0.0000
24560000,51.0004324269,0.0001474036,22.0002,3.376181,-0.185199,75.765092,0.7624,3.0203,0.0000
24570000,51.0004324951,0.0001478340,22.0002,3.376096,-0.184018,75.871545,0.7569,3.0221,0.0000
24580000,51.0004325629,0.0001482647,22.0002,3.376007,-0.182837,75.977983,0.7514,3.0238,0.0000
24590000,51.0004326302,0.0001486955,22.0002,3.375913,-0.181655,76.084408,0.7458,3.0255,0.0000
24600000,51.0004326970,0.0001491267,22.0002,3.375814,-0.180474,76.190819,0.7403,3.0272,0.0000
24610000,51.0004327633,0.0001495580,22.0002,3.375710,-0.179293,76.297217,0.7347,3.0288,0.0000
24620000,51.0004328291,0.0001499896,22.0002,3.375602,-0.178112,76.403600,0.7292,3.0305,0.0000
24630000,51.0004328944,0.0001504214,22.0002,3.375489,-0.176930,76.509969,0.7236,3.0322,0.0000
24640000,51.0004329592,0.0001508535,22.0002,3.375371,-0.175749,76.616325,0.7181,3.0338,0.0000
24650000,51.0004330235,0.0001512858,22.0002,3.375249,-0.174568,76.722666,0.7125,3.0354,0.0000
24660000,51.0004330873,0.0001517183,22.0002,3.375122,-0.173386,76.828993,0.7070,3.0370,0.0000
24670000,51.0004331506,0.0001521511,22.0002,3.374990,-0.172205,76.935305,0.7014,3.0386,0.0000
24680000,51.0004332134,0.0001525841,22.0002,3.374854,-0.171024,77.041603,0.6958,3.0402,0.0000
24690000,51.0004332757,0.0001530173,22.0002,3.374713,-0.169843,77.147887,0.6902,3.0418,0.0000
24700000,51.0004333375,0.0001534507,22.0002,3.374567,-0.168662,77.254156,0.6847,3.0434,0.0000
24710000,51.0004333987,0.0001538844,22.0002,3.374416,-0.167480,77.360410,0.6791,3.0449,0.0000
24720000,51.0004334595,0.0001543182,22.0002,3.374261,-0.166299,77.466650,0.6735,3.0464,0.0000
24730000,51.0004335198,0.0001547523,22.0002,3.374101,-0.165118,77.572875,0.6679,3.0480,0.0000
24740000,51.0004335796,0.0001551866,22.0002,3.373937,-0.163937,77.679085,0.6623,3.0495,0.0000
24750000,51.0004336389,0.0001556212,22.0002,3.373768,-0.162756,77.785281,0.6568,3.0510,0.0000
24760000,51.0004336977,0.0001560559,22.0002,3.373594,-0.161574,77.891461,0.6512,3.0525,0.0000
24770000,51.0004337560,0.0001564909,22.0002,3.373415,-0.160393,77.997626,0.6456,3.0540,0.0000
24780000,51.0004338137,0.0001569260,22.0002,3.373232,-0.159212,78.103776,0.6400,3.0554,0.0000
24790000,51.0004338710,0.0001573614,22.0002,3.373044,-0.158031,78.209910,0.6344,3.0569,0.0000
24800000,51.0004339278,0.0001577969,22.0002,3.372851,-0.156850,78.316030,0.6288,3.0583,0.0000
24810000,51.0004339840,0.0001582327,22.0002,3.372654,-0.155669,78.422134,0.6232,3.0597,0.0000
24820000,51.0004340398,0.0001586687,22.0002,3.372452,-0.154488,78.528222,0.6175,3.0612,0.0000
24830000,51.0004340951,0.0001591049,22.0002,3.372246,-0.153307,78.634295,0.6119,3.0626,0.0000
24840000,51.0004341498,0.0001595413,22.0002,3.372034,-0.152125,78.740353,0.6063,3.0639,0.0000
24850000,51.0004342041,0.0001599778,22.0002,3.371819,-0.150944,78.846394,0.6007,3.0653,0.0000
24860000,51.0004342578,0.0001604146,22.0002,3.371598,-0.149763,78.952420,0.5951,3.0667,0.0000
24870000,51.0004343110,0.0001608516,22.0002,3.371373,-0.148582,79.058431,0.5895,3.0680,0.0000
24880000,51.0004343638,0.0001612887,22.0002,3.371143,-0.147401,79.164425,0.5838,3.0694,0.0000
24890000,51.0004344160,0.0001617261,22.0002,3.370908,-0.146220,79.270403,0.5782,3.0707,0.0000
24900000,51.0004344677,0.0001621636,22.0002,3.370669,-0.145039,79.376365,0.5726,3.0720,0.0000
24910000,51.0004345189,0.0001626013,22.0002,3.370426,-0.143858,79.482311,0.5669,3.0733,0.0000
24920000,51.0004345696,0.0001630392,22.0002,3.370177,-0.142677,79.588241,0.5613,3.0746,0.0000
24930000,51.0004346199,0.0001634773,22.0002,3.369924,-0.141496,79.694154,0.5557,3.0759,0.0000
24940000,51.0004346695,0.0001639156,22.0002,3.369667,-0.140315,79.800051,0.5500,3.0772,0.0000
24950000,51.0004347187,0.0001643540,22.0002,3.369404,-0.139134,79.905932,0.5444,3.0784,0.0000
24960000,51.0004347674,0.0001647927,22.0002,3.369137,-0.137953,80.011796,0.5387,3.0796,0.0000
24970000,51.0004348156,0.0001652315,22.0002,3.368866,-0.136772,80.117644,0.5331,3.0809,0.0000
24980000,51.0004348633,0.0001656704,22.0002,3.368590,-0.135591,80.223474,0.5275,3.0821,0.0000
24990000,51.0004349104,0.0001661096,22.0002,3.368309,-0.134410,80.329289,0.5218,3.0833,0.0000
25000000,51.0004349571,0.0001665489,22.0002,3.368023,-0.133229,80.435086,0.5161,3.0845,0.0000
25010000,51.0004350032,0.0001669884,22.0002,3.367733,-0.132048,80.540866,0.5105,3.0857,0.0000
25020000,51.0004350488,0.0001674280,22.0002,3.367439,-0.130867,80.646630,0.5048,3.0868,0.0000
25030000,51.0004350940,0.0001678679,22.0002,3.367139,-0.129686,80.752376,0.4992,3.0880,0.0000
25040000,51.0004351386,0.0001683078,22.0002,3.366836,-0.128505,80.858105,0.4935,3.0891,0.0000
25050000,51.0004351827,0.0001687480,22.0002,3.366527,-0.127324,80.963818,0.4879,3.0902,0.0000
25060000,51.0004352263,0.0001691883,22.0002,3.366214,-0.126143,81.069512,0.4822,3.0914,0.0000
25070000,51.0004352694,0.0001696287,22.0002,3.365896,-0.124962,81.175190,0.4765,3.0925,0.0000
25080000,51.0004353119,0.0001700694,22.0002,3.365574,-0.123781,81.280850,0.4709,3.0936,0.0000
25090000,51.0004353540,0.0001705101,22.0002,3.365247,-0.122601,81.386493,0.4652,3.0946,0.0000
25100000,51.0004353956,0.0001709511,22.0002,3.364916,-0.121420,81.492118,0.4595,3.0957,0.0000
25110000,51.0004354366,0.0001713921,22.0002,3.364580,-0.120239,81.597725,0.4538,3.0967,0.0000
25120000,51.0004354772,0.0001718334,22.0002,3.364239,-0.119058,81.703315,0.4482,3.0978,0.0000
25130000,51.0004355172,0.0001722747,22.0002,3.363894,-0.117877,81.808887,0.4425,3.0988,0.0000
25140000,51.0004355567,0.0001727162,22.0002,3.363544,-0.116696,81.914441,0.4368,3.0998,0.0000
25150000,51.0004355957,0.0001731579,22.0002,3.363190,-0.115515,82.019977,0.4311,3.1008,0.0000
25160000,51.0004356342,0.0001735997,22.0002,3.362831,-0.114334,82.125495,0.4255,3.1018,0.0000
25170000,51.0004356722,0.0001740416,22.0002,3.362467,-0.113154,82.230995,0.4198,3.1028,0.0000
25180000,51.0004357097,0.0001744837,22.0002,3.362099,-0.111973,82.336477,0.4141,3.1038,0.0000
25190000,51.0004357467,0.0001749259,22.0002,3.361726,-0.110792,82.441941,0.4084,3.1047,0.0000
25200000,51.0004357831,0.0001753683,22.0002,3.361349,-0.109611,82.547386,0.4027,3.1057,0.0000
25210000,51.0004358191,0.0001758108,22.0002,3.360967,-0.108430,82.652813,0.3970,3.1066,0.0000
25220000,51.0004358545,0.0001762534,22.0002,3.360581,-0.107249,82.758222,0.3913,3.1075,0.0000
25230000,51.0004358894,0.0001766961,22.0002,3.360190,-0.106069,82.863612,0.3857,3.1084,0.0000
25240000,51.0004359238,0.0001771390,22.0002,3.359795,-0.104888,82.968984,0.3800,3.1093,0.0000
25250000,51.0004359577,0.0001775820,22.0002,3.359395,-0.103707,83.074336,0.3743,3.1102,0.0000
25260000,51.0004359911,0.0001780251,22.0002,3.358990,-0.102526,83.179671,0.3686,3.1110,0.0000
25270000,51.0004360240,0.0001784684,22.0002,3.358581,-0.101346,83.284986,0.3629,3.1119,0.0000
25280000,51.0004360563,0.0001789117,22.0002,3.358167,-0.100165,83.390282,0.3572,3.1127,0.0000
25290000,51.0004360882,0.0001793552,22.0002,3.357749,-0.098984,83.495560,0.3515,3.1135,0.0000
25300000,51.0004361195,0.0001797988,22.0002,3.357326,-0.097803,83.600818,0.3458,3.1144,0.0000
25310000,51.0004361504,0.0001802425,22.0002,3.356899,-0.096622,83.706058,0.3401,3.1152,0.0000
25320000,51.0004361807,0.0001806864,22.0002,3.356467,-0.095442,83.811278,0.3344,3.1159,0.0000
25330000,51.0004362105,0.0001811303,22.0002,3.356031,-0.094261,83.916479,0.3287,3.1167,0.0000
25340000,51.0004362398,0.0001815744,22.0002,3.355590,-0.093080,84.021660,0.3230,3.1175,0.0000
25350000,51.0004362685,0.0001820185,22.0002,3.355145,-0.091900,84.126823,0.3173,3.1182,0.0000
25360000,51.0004362968,0.0001824628,22.0002,3.354695,-0.090719,84.231965,0.3116,3.1190,0.0000
25370000,51.0004363246,0.0001829071,22.0002,3.354241,-0.089538,84.337089,0.3059,3.1197,0.0000
25380000,51.0004363518,0.0001833516,22.0002,3.353782,-0.088357,84.442192,0.3002,3.1204,0.0000
25390000,51.0004363785,0.0001837962,22.0002,3.353318,-0.087177,84.547276,0.2945,3.1211,0.0000
25400000,51.0004364047,0.0001842409,22.0002,3.352850,-0.085996,84.652341,0.2888,3.1218,0.0000
25410000,51.0004364304,0.0001846856,22.0002,3.352378,-0.084815,84.757385,0.2831,3.1225,0.0000
25420000,51.0004364556,0.0001851305,22.0002,3.351901,-0.083635,84.862410,0.2774,3.1231,0.0000
25430000,51.0004364803,0.0001855754,22.0002,3.351419,-0.082454,84.967414,0.2716,3.1238,0.0000
25440000,51.0004365045,0.0001860205,22.0002,3.350933,-0.081273,85.072399,0.2659,3.1244,0.0000
25450000,51.0004365281,0.0001864656,22.0002,3.350443,-0.080093,85.177363,0.2602,3.1251,0.0000
25460000,51.0004365512,0.0001869109,22.0002,3.349948,-0.078912,85.282307,0.2545,3.1257,0.0000
25470000,51.0004365739,0.0001873562,22.0002,3.349449,-0.077731,85.387231,0.2488,3.1263,0.0000
25480000,51.0004365960,0.0001878016,22.0002,3.348945,-0.076551,85.492135,0.2431,3.1269,0.0000
25490000,51.0004366176,0.0001882470,22.0002,3.348436,-0.075370,85.597018,0.2374,3.1274,0.0000
25500000,51.0004366386,0.0001886926,22.0002,3.347924,-0.074189,85.701881,0.2317,3.1280,0.0000
25510000,51.0004366592,0.0001891383,22.0002,3.347406,-0.073009,85.806724,0.2260,3.1285,0.0000
25520000,51.0004366793,0.0001895840,22.0002,3.346884,-0.071828,85.911545,0.2203,3.1291,0.0000
25530000,51.0004366988,0.0001900298,22.0002,3.346358,-0.070648,86.016346,0.2145,3.1296,0.0000
25540000,51.0004367178,0.0001904756,22.0002,3.345827,-0.069467,86.121127,0.2088,3.1301,0.0000
25550000,51.0004367363,0.0001909216,22.0002,3.345292,-0.068286,86.225886,0.2031,3.1306,0.0000
25560000,51.0004367543,0.0001913676,22.0002,3.344752,-0.067106,86.330625,0.1974,3.1311,0.0000
25570000,51.0004367718,0.0001918137,22.0002,3.344208,-0.065925,86.435342,0.1917,3.1316,0.0000
25580000,51.0004367888,0.0001922598,22.0002,3.343660,-0.064745,86.540039,0.1860,3.1321,0.0000
25590000,51.0004368053,0.0001927060,22.0002,3.343107,-0.063564,86.644714,0.1803,3.1325,0.0000
25600000,51.0004368212,0.0001931523,22.0002,3.342549,-0.062383,86.749369,0.1746,3.1329,0.0000
25610000,51.0004368366,0.0001935986,22.0002,3.341987,-0.061203,86.854002,0.1688,3.1334,0.0000
25620000,51.0004368516,0.0001940450,22.0002,3.341421,-0.060022,86.958613,0.1631,3.1338,0.0000
25630000,51.0004368660,0.0001944915,22.0002,3.340850,-0.058842,87.063204,0.1574,3.1342,0.0000
25640000,51.0004368799,0.0001949380,22.0002,3.340275,-0.057661,87.167773,0.1517,3.1346,0.0000
25650000,51.0004368932,0.0001953845,22.0002,3.339695,-0.056481,87.272320,0.1460,3.1349,0.0000
25660000,51.0004369061,0.0001958312,22.0002,3.339111,-0.055300,87.376846,0.1403,3.1353,0.0000
25670000,51.0004369185,0.0001962778,22.0002,3.338522,-0.054120,87.481350,0.1346,3.1357,0.0000
25680000,51.0004369303,0.0001967245,22.0002,3.337930,-0.052939,87.585832,0.1289,3.1360,0.0000
25690000,51.0004369416,0.0001971713,22.0002,3.337332,-0.051759,87.690293,0.1232,3.1363,0.0000
25700000,51.0004369524,0.0001976181,22.0002,3.336730,-0.050578,87.794732,0.1174,3.1366,0.0000
25710000,51.0004369627,0.0001980650,22.0002,3.336124,-0.049397,87.899148,0.1117,3.1369,0.0000
25720000,51.0004369725,0.0001985119,22.0002,3.335513,-0.048217,88.003543,0.1060,3.1372,0.0000
25730000,51.0004369818,0.0001989588,22.0002,3.334898,-0.047036,88.107916,0.1003,3.1375,0.0000
25740000,51.0004369906,0.0001994058,22.0002,3.334279,-0.045856,88.212266,0.0946,3.1378,0.0000
25750000,51.0004369988,0.0001998528,22.0002,3.333655,-0.044675,88.316595,0.0889,3.1380,0.0000
25760000,51.0004370065,0.0002002998,22.0002,3.333027,-0.043495,88.420901,0.0832,3.1382,0.0000
25770000,51.0004370138,0.0002007469,22.0002,3.332394,-0.042314,88.525184,0.0775,3.1385,0.0000
25780000,51.0004370205,0.0002011940,22.0002,3.331757,-0.041134,88.629445,0.0718,3.1387,0.0000
25790000,51.0004370267,0.0002016411,22.0002,3.331116,-0.039954,88.733684,0.0661,3.1389,0.0000
25800000,51.0004370323,0.0002020883,22.0002,3.330470,-0.038773,88.837900,0.0604,3.1391,0.0000
25810000,51.0004370375,0.0002025355,22.0002,3.329820,-0.037593,88.942094,0.0547,3.1392,0.0000
25820000,51.0004370422,0.0002029827,22.0002,3.329165,-0.036412,89.046264,0.0490,3.1394,0.0000
25830000,51.0004370463,0.0002034300,22.0002,3.328507,-0.035232,89.150412,0.0433,3.1396,0.0000
25840000,51.0004370499,0.0002038772,22.0002,3.327843,-0.034051,89.254537,0.0376,3.1397,0.0000
25850000,51.0004370531,0.0002043245,22.0002,3.327176,-0.032871,89.358640,0.0319,3.1398,0.0000
25860000,51.0004370557,0.0002047718,22.0002,3.326504,-0.031690,89.462719,0.0262,3.1399,0.0000
25870000,51.0004370578,0.0002052191,22.0002,3.325827,-0.030510,89.566775,0.0205,3.1400,0.0000
25880000,51.0004370593,0.0002056664,22.0002,3.325146,-0.029329,89.670808,0.0148,3.1401,0.0000
25890000,51.0004370604,0.0002061138,22.0002,3.324461,-0.028149,89.774818,0.0091,3.1402,0.0000
25900000,51.0004370610,0.0002065611,22.0002,3.323772,-0.026969,89.878804,0.0034,3.1403,0.0000
25910000,51.0004370610,0.0002070084,22.0002,3.323078,-0.025788,89.982768,-0.0023,3.1403,0.0000
25920000,51.0004370606,0.0002074558,22.0002,3.322380,-0.024608,90.086708,-0.0080,3.1404,0.0000
25930000,51.0004370596,0.0002079032,22.0002,3.321678,-0.023427,90.190624,-0.0137,3.1404,0.0000
25940000,51.0004370581,0.0002083505,22.0002,3.320971,-0.022247,90.294517,-0.0194,3.1404,0.0000
25950000,51.0004370561,0.0002087979,22.0002,3.320260,-0.021067,90.398386,-0.0251,3.1404,0.0000
25960000,51.0004370536,0.0002092453,22.0002,3.319544,-0.019886,90.502232,-0.0308,3.1404,0.0000
25970000,51.0004370505,0.0002096926,22.0002,3.318824,-0.018706,90.606053,-0.0365,3.1404,0.0000
25980000,51.0004370470,0.0002101400,22.0002,3.318100,-0.017525,90.709851,-0.0422,3.1403,0.0000
25990000,51.0004370430,0.0002105874,22.0002,3.317372,-0.016345,90.813625,-0.0478,3.1403,0.0000
26000000,51.0004370384,0.0002110347,22.0002,3.316639,-0.015165,90.917376,-0.0535,3.1402,0.0000
26010000,51.0004370333,0.0002114821,22.0002,3.315902,-0.013984,91.021102,-0.0592,3.1402,0.0000
26020000,51.0004370278,0.0002119294,22.0002,3.315160,-0.012804,91.124804,-0.0649,3.1401,0.0000
26030000,51.0004370217,0.0002123767,22.0002,3.314415,-0.011623,91.228482,-0.0706,3.1400,0.0000
26040000,51.0004370151,0.0002128240,22.0002,3.313665,-0.010443,91.332135,-0.0762,3.1399,0.0000
26050000,51.0004370080,0.0002132713,22.0002,3.312910,-0.009263,91.435765,-0.0819,3.1398,0.0000
26060000,51.0004370004,0.0002137185,22.0002,3.312152,-0.008082,91.539370,-0.0876,3.1396,0.0000
26070000,51.0004369922,0.0002141658,22.0002,3.311389,-0.006902,91.642951,-0.0933,3.1395,0.0000
26080000,51.0004369836,0.0002146130,22.0002,3.310622,-0.005722,91.746507,-0.0989,3.1393,0.0000
26090000,51.0004369744,0.0002150602,22.0002,3.309850,-0.004541,91.850038,-0.1046,3.1392,0.0000
26100000,51.0004369648,0.0002155074,22.0002,3.309075,-0.003361,91.953545,-0.1103,3.1390,0.0000
26110000,51.0004369546,0.0002159546,22.0002,3.308295,-0.002181,92.057028,-0.1159,3.1388,0.0000
26120000,51.0004369439,0.0002164017,22.0002,3.307510,-0.001000,92.160485,-0.1216,3.1386,0.0000
26130000,51.0004369327,0.0002168488,22.0002,3.306722,0.000180,92.263918,-0.1273,3.1384,0.0000
26140000,51.0004369210,0.0002172958,22.0002,3.305929,0.001360,92.367326,-0.1329,3.1381,0.0000
26150000,51.0004369088,0.0002177429,22.0002,3.305132,0.002541,92.470708,-0.1386,3.1379,0.0000
26160000,51.0004368961,0.0002181898,22.0002,3.304331,0.003721,92.574066,-0.1442,3.1376,0.0000
26170000,51.0004368829,0.0002186368,22.0002,3.303525,0.004901,92.677399,-0.1499,3.1374,0.0000
26180000,51.0004368692,0.0002190837,22.0002,3.302715,0.006082,92.780707,-0.1556,3.1371,0.0000
26190000,51.0004368549,0.0002195306,22.0002,3.301901,0.007262,92.883989,-0.1612,3.1368,0.0000
26200000,51.0004368402,0.0002199774,22.0002,3.301083,0.008442,92.987246,-0.1669,3.1365,0.0000
26210000,51.0004368249,0.0002204242,22.0002,3.300260,0.009623,93.090478,-0.1725,3.1362,0.0000
26220000,51.0004368092,0.0002208710,22.0002,3.299433,0.010803,93.193684,-0.1781,3.1358,0.0000
26230000,51.0004367929,0.0002213176,22.0002,3.298602,0.011983,93.296865,-0.1838,3.1355,0.0000
26240000,51.0004367761,0.0002217643,22.0002,3.297767,0.013163,93.400020,-0.1894,3.1352,0.0000
26250000,51.0004367589,0.0002222109,22.0002,3.296927,0.014344,93.503149,-0.1951,3.1348,0.0000
26260000,51.0004367411,0.0002226574,22.0002,3.296084,0.015524,93.606253,-0.2007,3.1344,0.0000
26270000,51.0004367228,0.0002231039,22.0002,3.295236,0.016704,93.709331,-0.2063,3.1340,0.0000
26280000,51.0004367040,0.0002235503,22.0002,3.294383,0.017885,93.812384,-0.2120,3.1336,0.0000
26290000,51.0004366847,0.0002239967,22.0002,3.293527,0.019065,93.915410,-0.2176,3.1332,0.0000
26300000,51.0004366649,0.0002244430,22.0002,3.292666,0.020245,94.018410,-0.2232,3.1328,0.0000
26310000,51.0004366445,0.0002248893,22.0002,3.291802,0.021425,94.121385,-0.2288,3.1324,0.0000
26320000,51.0004366237,0.0002253355,22.0002,3.290933,0.022606,94.224333,-0.2345,3.1319,0.0000
26330000,51.0004366024,0.0002257816,22.0002,3.290059,0.023786,94.327255,-0.2401,3.1314,0.0000
26340000,51.0004365805,0.0002262277,22.0002,3.289182,0.024966,94.430151,-0.2457,3.1310,0.0000
26350000,51.0004365582,0.0002266737,22.0002,3.288300,0.026146,94.533021,-0.2513,3.1305,0.0000
26360000,51.0004365354,0.0002271196,22.0002,3.287414,0.027327,94.635864,-0.2569,3.1300,0.0000
26370000,51.0004365120,0.0002275654,22.0002,3.286525,0.028507,94.738681,-0.2625,3.1295,0.0000
26380000,51.0004364882,0.0002280112,22.0002,3.285630,0.029687,94.841471,-0.2681,3.1290,0.0000
26390000,51.0004364638,0.0002284569,22.0002,3.284732,0.030867,94.944235,-0.2738,3.1284,0.0000
26400000,51.0004364389,0.0002289025,22.0002,3.283830,0.032048,95.046972,-0.2794,3.1279,0.0000
26410000,51.0004364136,0.0002293481,22.0002,3.282923,0.033228,95.149683,-0.2850,3.1273,0.0000
26420000,51.0004363877,0.0002297935,22.0002,3.282012,0.034408,95.252366,-0.2905,3.1268,0.0000
26430000,51.0004363613,0.0002302389,22.0002,3.281097,0.035588,95.355023,-0.2961,3.1262,0.0000
26440000,51.0004363345,0.0002306842,22.0002,3.280178,0.036769,95.457654,-0.3017,3.1256,0.0000
26450000,51.0004363071,0.0002311294,22.0002,3.279255,0.037949,95.560257,-0.3073,3.1250,0.0000
26460000,51.0004362792,0.0002315746,22.0002,3.278327,0.039129,95.662833,-0.3129,3.1244,0.0000
26470000,51.0004362508,0.0002320196,22.0002,3.277396,0.040309,95.765382,-0.3185,3.1238,0.0000
26480000,51.0004362220,0.0002324646,22.0002,3.276460,0.041490,95.867904,-0.3241,3.1231,0.0000
26490000,51.0004361926,0.0002329094,22.0002,3.275520,0.042670,95.970398,-0.3296,3.1225,0.0000
26500000,51.0004361627,0.0002333542,22.0002,3.274576,0.043850,96.072866,-0.3352,3.1218,0.0000
26510000,51.0004361323,0.0002337989,22.0002,3.273628,0.045030,96.175306,-0.3408,3.1211,0.0000
26520000,51.0004361014,0.0002342434,22.0002,3.272676,0.046210,96.277719,-0.3464,3.1204,0.0000
26530000,51.0004360701,0.0002346879,22.0002,3.271719,0.047391,96.380104,-0.3519,3.1197,0.0000
26540000,51.0004360382,0.0002351323,22.0002,3.270759,0.048571,96.482462,-0.3575,3.1190,0.0000
26550000,51.0004360058,0.0002355766,22.0002,3.269794,0.049751,96.584792,-0.3630,3.1183,0.0000
26560000,51.0004359729,0.0002360207,22.0002,3.268825,0.050931,96.687094,-0.3686,3.1176,0.0000
26570000,51.0004359395,0.0002364648,22.0002,3.267853,0.052111,96.789369,-0.3741,3.1168,0.0000
26580000,51.0004359056,0.0002369088,22.0002,3.266876,0.053292,96.891616,-0.3797,3.1161,0.0000
26590000,51.0004358713,0.0002373526,22.0002,3.265895,0.054472,96.993835,-0.3852,3.1153,0.0000
26600000,51.0004358364,0.0002377963,22.0002,3.264910,0.055652,97.096026,-0.3908,3.1145,0.0000
26610000,51.0004358010,0.0002382400,22.0002,3.263920,0.056832,97.198189,-0.3963,3.1137,0.0000
26620000,51.0004357651,0.0002386835,22.0002,3.262927,0.058012,97.300325,-0.4018,3.1129,0.0000
26630000,51.0004357288,0.0002391269,22.0002,3.261930,0.059193,97.402432,-0.4074,3.1121,0.0000
26640000,51.0004356919,0.0002395702,22.0002,3.260928,0.060373,97.504510,-0.4129,3.1113,0.0000
26650000,51.0004356545,0.0002400133,22.0002,3.259923,0.061553,97.606561,-0.4184,3.1105,0.0000
26660000,51.0004356167,0.0002404564,22.0002,3.258913,0.062733,97.708583,-0.4239,3.1096,0.0000
26670000,51.0004355783,0.0002408993,22.0002,3.257899,0.063913,97.810577,-0.4295,3.1087,0.0000
26680000,51.0004355395,0.0002413421,22.0002,3.256882,0.065094,97.912543,-0.4350,3.1079,0.0000
26690000,51.0004355001,0.0002417847,22.0002,3.255860,0.066274,98.014480,-0.4405,3.1070,0.0000
26700000,51.0004354603,0.0002422273,22.0002,3.254834,0.067454,98.116389,-0.4460,3.1061,0.0000
26710000,51.0004354199,0.0002426697,22.0002,3.253804,0.068634,98.218269,-0.4515,3.1052,0.0000
26720000,51.0004353791,0.0002431120,22.0002,3.252770,0.069814,98.320120,-0.4570,3.1043,0.0000
26730000,51.0004353378,0.0002435542,22.0002,3.251732,0.070994,98.421942,-0.4625,3.1033,0.0000
26740000,51.0004352959,0.0002439962,22.0002,3.250690,0.072175,98.523736,-0.4680,3.1024,0.0000
26750000,51.0004352536,0.0002444381,22.0002,3.249644,0.073355,98.625501,-0.4735,3.1014,0.0000
26760000,51.0004352108,0.0002448798,22.0002,3.248594,0.074535,98.727237,-0.4790,3.1005,0.0000
26770000,51.0004351675,0.0002453214,22.0002,3.247540,0.075715,98.828944,-0.4844,3.0995,0.0000
26780000,51.0004351237,0.0002457629,22.0002,3.246482,0.076895,98.930621,-0.4899,3.0985,0.0000
26790000,51.0004350795,0.0002462042,22.0002,3.245420,0.078075,99.032270,-0.4954,3.0975,0.0000
26800000,51.0004350347,0.0002466454,22.0002,3.244354,0.079256,99.133890,-0.5009,3.0965,0.0000
26810000,51.0004349894,0.0002470864,22.0002,3.243283,0.080436,99.235480,-0.5063,3.0955,0.0000
26820000,51.0004349436,0.0002475273,22.0002,3.242209,0.081616,99.337041,-0.5118,3.0944,0.0000
26830000,51.0004348974,0.0002479681,22.0002,3.241131,0.082796,99.438573,-0.5172,3.0934,0.0000
26840000,51.0004348507,0.0002484087,22.0002,3.240049,0.083976,99.540075,-0.5227,3.0923,0.0000
26850000,51.0004348034,0.0002488491,22.0002,3.238963,0.085156,99.641547,-0.5281,3.0913,0.0000
26860000,51.0004347557,0.0002492894,22.0002,3.237873,0.086337,99.742990,-0.5336,3.0902,0.0000
26870000,51.0004347075,0.0002497296,22.0002,3.236778,0.087517,99.844404,-0.5390,3.0891,0.0000
26880000,51.0004346588,0.0002501695,22.0002,3.235680,0.088697,99.945788,-0.5445,3.0880,0.0000
26890000,51.0004346096,0.0002506094,22.0002,3.234578,0.089877,100.047142,-0.5499,3.0869,0.0000
26900000,51.0004345599,0.0002510490,22.0002,3.233472,0.091057,100.148466,-0.5553,3.0858,0.0000
26910000,51.0004345098,0.0002514885,22.0002,3.232362,0.092237,100.249760,-0.5607,3.0846,0.0000
26920000,51.0004344591,0.0002519279,22.0002,3.231248,0.093417,100.351025,-0.5662,3.0835,0.0000
26930000,51.0004344080,0.0002523671,22.0002,3.230130,0.094598,100.452259,-0.5716,3.0823,0.0000
26940000,51.0004343564,0.0002528061,22.0002,3.229008,0.095778,100.553464,-0.5770,3.0812,0.0000
26950000,51.0004343043,0.0002532449,22.0002,3.227882,0.096958,100.654638,-0.5824,3.0800,0.0000
26960000,51.0004342517,0.0002536836,22.0002,3.226752,0.098138,100.755782,-0.5878,3.0788,0.0000
26970000,51.0004341986,0.0002541221,22.0002,3.225619,0.099318,100.856896,-0.5932,3.0776,0.0000
26980000,51.0004341450,0.0002545604,22.0002,3.224481,0.100498,100.957979,-0.5986,3.0764,0.0000
26990000,51.0004340910,0.0002549986,22.0002,3.223339,0.101678,101.059033,-0.6040,3.0752,0.0000
27000000,51.0004340364,0.0002554366,22.0002,3.222194,0.102859,101.160055,-0.6094,3.0739,0.0000
27010000,51.0004339814,0.0002558744,22.0002,3.221044,0.104039,101.261048,-0.6147,3.0727,0.0000
27020000,51.0004339259,0.0002563120,22.0002,3.219891,0.105219,101.362009,-0.6201,3.0714,0.0000
27030000,51.0004338699,0.0002567495,22.0002,3.218733,0.106399,101.462940,-0.6255,3.0701,0.0000
27040000,51.0004338135,0.0002571867,22.0002,3.217572,0.107579,101.563841,-0.6309,3.0689,0.0000
27050000,51.0004337565,0.0002576238,22.0002,3.216407,0.108759,101.664710,-0.6362,3.0676,0.0000
27060000,51.0004336991,0.0002580607,22.0002,3.215238,0.109939,101.765549,-0.6416,3.0663,0.0000
27070000,51.0004336412,0.0002584974,22.0002,3.214065,0.111120,101.866357,-0.6469,3.0650,0.0000
27080000,51.0004335828,0.0002589340,22.0002,3.212888,0.112300,101.967134,-0.6523,3.0636,0.0000
27090000,51.0004335239,0.0002593703,22.0002,3.211707,0.113480,102.067881,-0.6576,3.0623,0.0000
27100000,51.0004334645,0.0002598064,22.0002,3.210523,0.114660,102.168596,-0.6630,3.0610,0.0000
27110000,51.0004334047,0.0002602424,22.0002,3.209334,0.115840,102.269280,-0.6683,3.0596,0.0000
27120000,51.0004333444,0.0002606782,22.0002,3.208142,0.117020,102.369932,-0.6736,3.0582,0.0000
27130000,51.0004332836,0.0002611137,22.0002,3.206946,0.118200,102.470554,-0.6789,3.0568,0.0000
27140000,51.0004332223,0.0002615491,22.0002,3.205745,0.119380,102.571144,-0.6843,3.0555,0.0000
27150000,51.0004331606,0.0002619843,22.0002,3.204541,0.120561,102.671703,-0.6896,3.0541,0.0000
27160000,51.0004330984,0.0002624192,22.0002,3.203333,0.121741,102.772231,-0.6949,3.0526,0.0000
27170000,51.0004330357,0.0002628540,22.0002,3.202122,0.122921,102.872727,-0.7002,3.0512,0.0000
27180000,51.0004329725,0.0002632886,22.0002,3.200906,0.124101,102.973191,-0.7055,3.0498,0.0000
27190000,51.0004329088,0.0002637229,22.0002,3.199687,0.125281,103.073624,-0.7108,3.0483,0.0000
27200000,51.0004328447,0.0002641571,22.0002,3.198463,0.126461,103.174026,-0.7161,3.0469,0.0000
27210000,51.0004327801,0.0002645910,22.0002,3.197236,0.127641,103.274395,-0.7214,3.0454,0.0000
27220000,51.0004327150,0.0002650247,22.0002,3.196005,0.128821,103.374733,-0.7266,3.0440,0.0000
27230000,51.0004326495,0.0002654583,22.0002,3.194770,0.130002,103.475039,-0.7319,3.0425,0.0000
27240000,51.0004325834,0.0002658916,22.0002,3.193532,0.131182,103.575313,-0.7372,3.0410,0.0000
27250000,51.0004325169,0.0002663247,22.0002,3.192289,0.132362,103.675556,-0.7424,3.0395,0.0000
27260000,51.0004324500,0.0002667575,22.0002,3.191043,0.133542,103.775766,-0.7477,3.0379,0.0000
27270000,51.0004323825,0.0002671902,22.0002,3.189793,0.134722,103.875944,-0.7530,3.0364,0.0000
27280000,51.0004323146,0.0002676227,22.0002,3.188539,0.135902,103.976090,-0.7582,3.0349,0.0000
27290000,51.0004322462,0.0002680549,22.0002,3.187281,0.137082,104.076204,-0.7634,3.0333,0.0000
27300000,51.0004321773,0.0002684869,22.0002,3.186020,0.138263,104.176285,-0.7687,3.0318,0.0000
27310000,51.0004321080,0.0002689187,22.0002,3.184755,0.139443,104.276335,-0.7739,3.0302,0.0000
27320000,51.0004320382,0.0002693502,22.0002,3.183486,0.140623,104.376351,-0.7791,3.0286,0.0000
27330000,51.0004319679,0.0002697815,22.0002,3.182213,0.141803,104.476336,-0.7844,3.0270,0.0000
27340000,51.0004318972,0.0002702126,22.0002,3.180936,0.142983,104.576288,-0.7896,3.0254,0.0000
27350000,51.0004318260,0.0002706435,22.0002,3.179656,0.144163,104.676207,-0.7948,3.0238,0.0000
27360000,51.0004317543,0.0002710742,22.0002,3.178371,0.145343,104.776094,-0.8000,3.0222,0.0000
27370000,51.0004316822,0.0002715046,22.0002,3.177083,0.146523,104.875948,-0.8052,3.0205,0.0000
27380000,51.0004316095,0.0002719347,22.0002,3.175792,0.147704,104.975770,-0.8104,3.0189,0.0000
27390000,51.0004315365,0.0002723647,22.0002,3.174496,0.148884,105.075558,-0.8156,3.0172,0.0000
27400000,51.0004314629,0.0002727944,22.0002,3.173197,0.150064,105.175314,-0.8208,3.0156,0.0000
27410000,51.0004313889,0.0002732239,22.0002,3.171894,0.151244,105.275037,-0.8259,3.0139,0.0000
27420000,51.0004313144,0.0002736531,22.0002,3.170587,0.152424,105.374727,-0.8311,3.0122,0.0000
27430000,51.0004312395,0.0002740821,22.0002,3.169277,0.153604,105.474384,-0.8363,3.0105,0.0000
27440000,51.0004311641,0.0002745108,22.0002,3.167962,0.154784,105.574008,-0.8414,3.0088,0.0000
27450000,51.0004310882,0.0002749393,22.0002,3.166644,0.155964,105.673599,-0.8466,3.0071,0.0000
27460000,51.0004310119,0.0002753676,22.0002,3.165323,0.157145,105.773156,-0.8517,3.0054,0.0000
27470000,51.0004309351,0.0002757956,22.0002,3.163997,0.158325,105.872681,-0.8569,3.0036,0.0000
27480000,51.0004308578,0.0002762233,22.0002,3.162668,0.159505,105.972172,-0.8620,3.0019,0.0000
27490000,51.0004307801,0.0002766508,22.0002,3.161335,0.160685,106.071629,-0.8672,3.0001,0.0000
27500000,51.0004307019,0.0002770781,22.0002,3.159999,0.161865,106.171054,-0.8723,2.9983,0.0000
27510000,51.0004306233,0.0002775051,22.0002,3.158658,0.163045,106.270444,-0.8774,2.9966,0.0000
27520000,51.0004305442,0.0002779319,22.0002,3.157314,0.164225,106.369801,-0.8825,2.9948,0.0000
27530000,51.0004304646,0.0002783583,22.0002,3.155967,0.165406,106.469125,-0.8876,2.9930,0.0000
27540000,51.0004303846,0.0002787846,22.0002,3.154615,0.166586,106.568415,-0.8927,2.9912,0.0000
27550000,51.0004303042,0.0002792106,22.0002,3.153260,0.167766,106.667671,-0.8978,2.9894,0.0000
27560000,51.0004302232,0.0002796363,22.0002,3.151901,0.168946,106.766894,-0.9029,2.9875,0.0000
27570000,51.0004301418,0.0002800617,22.0002,3.150539,0.170126,106.866082,-0.9080,2.9857,0.0000
27580000,51.0004300600,0.0002804869,22.0002,3.149173,0.171306,106.965237,-0.9131,2.9838,0.0000
27590000,51.0004299777,0.0002809119,22.0002,3.147803,0.172486,107.064358,-0.9181,2.9820,0.0000
27600000,51.0004298949,0.0002813365,22.0002,3.146430,0.173667,107.163444,-0.9232,2.9801,0.0000
27610000,51.0004298117,0.0002817609,22.0002,3.145052,0.174847,107.262497,-0.9283,2.9782,0.0000
27620000,51.0004297280,0.0002821851,22.0002,3.143672,0.176027,107.361516,-0.9333,2.9763,0.0000
27630000,51.0004296439,0.0002826089,22.0002,3.142287,0.177207,107.460500,-0.9384,2.9744,0.0000
27640000,51.0004295593,0.0002830325,22.0002,3.140899,0.178387,107.559450,-0.9434,2.9725,0.0000
27650000,51.0004294743,0.0002834558,22.0002,3.139508,0.179567,107.658366,-0.9484,2.9706,0.0000
27660000,51.0004293888,0.0002838789,22.0002,3.138112,0.180747,107.757247,-0.9535,2.9687,0.0000
27670000,51.0004293029,0.0002843016,22.0002,3.136713,0.181928,107.856095,-0.9585,2.9667,0.0000
27680000,51.0004292165,0.0002847241,22.0002,3.135311,0.183108,107.954907,-0.9635,2.9648,0.0000
27690000,51.0004291297,0.0002851463,22.0002,3.133904,0.184288,108.053685,-0.9685,2.9628,0.0000
27700000,51.0004290424,0.0002855683,22.0002,3.132495,0.185468,108.152429,-0.9735,2.9609,0.0000
27710000,51.0004289547,0.0002859899,22.0002,3.131081,0.186648,108.251138,-0.9785,2.9589,0.0000
27720000,51.0004288665,0.0002864113,22.0002,3.129664,0.187828,108.349812,-0.9835,2.9569,0.0000
27730000,51.0004287778,0.0002868324,22.0002,3.128243,0.189008,108.448451,-0.9885,2.9549,0.0000
27740000,51.0004286888,0.0002872532,22.0002,3.126819,0.190189,108.547056,-0.9935,2.9529,0.0000
27750000,51.0004285992,0.0002876737,22.0002,3.125391,0.191369,108.645626,-0.9985,2.9509,0.0000
27760000,51.0004285093,0.0002880939,22.0002,3.123960,0.192549,108.744161,-1.0034,2.9488,0.0000
27770000,51.0004284188,0.0002885138,22.0002,3.122525,0.193729,108.842661,-1.0084,2.9468,0.0000
27780000,51.0004283280,0.0002889335,22.0002,3.121086,0.194909,108.941125,-1.0133,2.9448,0.0000
27790000,51.0004282367,0.0002893528,22.0002,3.119644,0.196089,109.039555,-1.0183,2.9427,0.0000
27800000,51.0004281449,0.0002897719,22.0002,3.118198,0.197270,109.137950,-1.0232,2.9406,0.0000
27810000,51.0004280527,0.0002901906,22.0002,3.116749,0.198450,109.236309,-1.0282,2.9386,0.0000
27820000,51.0004279601,0.0002906091,22.0002,3.115296,0.199630,109.334633,-1.0331,2.9365,0.0000
27830000,51.0004278670,0.0002910273,22.0002,3.113839,0.200810,109.432922,-1.0380,2.9344,0.0000
27840000,51.0004277735,0.0002914451,22.0002,3.112379,0.201990,109.531176,-1.0429,2.9323,0.0000
27850000,51.0004276795,0.0002918627,22.0002,3.110916,0.203170,109.629394,-1.0478,2.9302,0.0000
27860000,51.0004275851,0.0002922800,22.0002,3.109449,0.204351,109.727576,-1.0527,2.9280,0.0000
27870000,51.0004274902,0.0002926969,22.0002,3.107978,0.205531,109.825723,-1.0576,2.9259,0.0000
27880000,51.0004273949,0.0002931136,22.0002,3.106504,0.206711,109.923834,-1.0625,2.9238,0.0000
27890000,51.0004272992,0.0002935300,22.0002,3.105026,0.207891,110.021910,-1.0674,2.9216,0.0000
27900000,51.0004272030,0.0002939460,22.0002,3.103545,0.209071,110.119950,-1.0722,2.9195,0.0000
27910000,51.0004271064,0.0002943617,22.0002,3.102060,0.210252,110.217955,-1.0771,2.9173,0.0000
27920000,51.0004270094,0.0002947772,22.0002,3.100572,0.211432,110.315923,-1.0820,2.9151,0.0000
27930000,51.0004269119,0.0002951923,22.0002,3.099080,0.212612,110.413856,-1.0868,2.9129,0.0000
27940000,51.0004268140,0.0002956071,22.0002,3.097585,0.213792,110.511752,-1.0917,2.9107,0.0000
27950000,51.0004267157,0.0002960216,22.0002,3.096086,0.214972,110.609613,-1.0965,2.9085,0.0000
27960000,51.0004266169,0.0002964358,22.0002,3.094584,0.216153,110.707437,-1.1013,2.9063,0.0000
27970000,51.0004265177,0.0002968496,22.0002,3.093078,0.217333,110.805226,-1.1062,2.9041,0.0000
27980000,51.0004264180,0.0002972632,22.0002,3.091568,0.218513,110.902978,-1.1110,2.9018,0.0000
27990000,51.0004263179,0.0002976764,22.0002,3.090056,0.219693,111.000695,-1.1158,2.8996,0.0000
28000000,51.0004262174,0.0002980893,22.0002,3.088539,0.220873,111.098374,-1.1206,2.8973,0.0000
28010000,51.0004261165,0.0002985019,22.0002,3.087020,0.222054,111.196018,-1.1254,2.8951,0.0000
28020000,51.0004260151,0.0002989141,22.0002,3.085497,0.223234,111.293625,-1.1302,2.8928,0.0000
28030000,51.0004259133,0.0002993261,22.0002,3.083970,0.224414,111.391196,-1.1350,2.8905,0.0000
28040000,51.0004258111,0.0002997377,22.0002,3.082440,0.225594,111.488730,-1.1397,2.8882,0.0000
28050000,51.0004257084,0.0003001489,22.0002,3.080906,0.226774,111.586228,-1.1445,2.8859,0.0000
28060000,51.0004256053,0.0003005599,22.0002,3.079369,0.227955,111.683689,-1.1493,2.8836,0.0000
28070000,51.0004255018,0.0003009705,22.0002,3.077829,0.229135,111.781114,-1.1540,2.8813,0.0000
28080000,51.0004253978,0.0003013808,22.0002,3.076285,0.230315,111.878502,-1.1588,2.8790,0.0000
28090000,51.0004252934,0.0003017908,22.0002,3.074738,0.231495,111.975853,-1.1635,2.8767,0.0000
28100000,51.0004251886,0.0003022004,22.0002,3.073187,0.232675,112.073167,-1.1683,2.8743,0.0000
28110000,51.0004250834,0.0003026097,22.0002,3.071633,0.233856,112.170444,-1.1730,2.8720,0.0000
28120000,51.0004249778,0.0003030187,22.0002,3.070075,0.235036,112.267685,-1.1777,2.8696,0.0000
28130000,51.0004248717,0.0003034273,22.0002,3.068514,0.236216,112.364888,-1.1824,2.8672,0.0000
28140000,51.0004247652,0.0003038356,22.0002,3.066950,0.237396,112.462055,-1.1871,2.8649,0.0000
28150000,51.0004246583,0.0003042435,22.0002,3.065382,0.238577,112.559184,-1.1918,2.8625,0.0000
28160000,51.0004245509,0.0003046511,22.0002,3.063811,0.239757,112.656276,-1.1965,2.8601,0.0000
28170000,51.0004244432,0.0003050584,22.0002,3.062236,0.240937,112.753331,-1.2012,2.8577,0.0000
28180000,51.0004243350,0.0003054653,22.0002,3.060658,0.242117,112.850349,-1.2059,2.8553,0.0000
28190000,51.0004242264,0.0003058719,22.0002,3.059077,0.243298,112.947330,-1.2105,2.8528,0.0000
28200000,51.0004241174,0.0003062781,22.0002,3.057492,0.244478,113.044273,-1.2152,2.8504,0.0000
28210000,51.0004240079,0.0003066840,22.0002,3.055904,0.245658,113.141178,-1.2198,2.8480,0.0000
28220000,51.0004238981,0.0003070895,22.0002,3.054313,0.246838,113.238047,-1.2245,2.8455,0.0000
28230000,51.0004237878,0.0003074947,22.0002,3.052718,0.248019,113.334878,-1.2291,2.8431,0.0000
28240000,51.0004236771,0.0003078995,22.0002,3.051119,0.249199,113.431671,-1.2338,2.8406,0.0000
28250000,51.0004235660,0.0003083040,22.0002,3.049518,0.250379,113.528426,-1.2384,2.8381,0.0000
28260000,51.0004234545,0.0003087081,22.0002,3.047913,0.251559,113.625144,-1.2430,2.8356,0.0000
28270000,51.0004233425,0.0003091119,22.0002,3.046305,0.252740,113.721824,-1.2476,2.8331,0.0000
28280000,51.0004232302,0.0003095153,22.0002,3.044693,0.253920,113.818467,-1.2522,2.8306,0.0000
28290000,51.0004231174,0.0003099184,22.0002,3.043078,0.255100,113.915071,-1.2568,2.8281,0.0000
28300000,51.0004230042,0.0003103211,22.0002,3.041460,0.256280,114.011638,-1.2614,2.8256,0.0000
28310000,51.0004228906,0.0003107234,22.0002,3.039838,0.257461,114.108167,-1.2660,2.8231,0.0000
28320000,51.0004227766,0.0003111254,22.0002,3.038213,0.258641,114.204657,-1.2705,2.8206,0.0000
28330000,51.0004226622,0.0003115270,22.0002,3.036585,0.259821,114.301110,-1.2751,2.8180,0.0000
28340000,51.0004225474,0.0003119283,22.0002,3.034954,0.261001,114.397525,-1.2796,2.8155,0.0000
28350000,51.0004224322,0.0003123292,22.0002,3.033319,0.262182,114.493901,-1.2842,2.8129,0.0000
28360000,51.0004223165,0.0003127297,22.0002,3.031681,0.263362,114.590239,-1.2887,2.8103,0.0000
28370000,51.0004222005,0.0003131299,22.0002,3.030039,0.264542,114.686539,-1.2933,2.8078,0.0000
28380000,51.0004220840,0.0003135297,22.0002,3.028394,0.265723,114.782801,-1.2978,2.8052,0.0000
28390000,51.0004219672,0.0003139291,22.0002,3.026746,0.266903,114.879024,-1.3023,2.8026,0.0000
28400000,51.0004218499,0.0003143282,22.0002,3.025095,0.268083,114.975209,-1.3068,2.8000,0.0000
28410000,51.0004217322,0.0003147269,22.0002,3.023441,0.269264,115.071355,-1.3113,2.7974,0.0000
28420000,51.0004216142,0.0003151252,22.0002,3.021783,0.270444,115.167463,-1.3158,2.7948,0.0000
28430000,51.0004214957,0.0003155231,22.0002,3.020122,0.271624,115.263533,-1.3203,2.7921,0.0000
28440000,51.0004213768,0.0003159207,22.0002,3.018457,0.272804,115.359563,-1.3248,2.7895,0.0000
28450000,51.0004212575,0.0003163179,22.0002,3.016790,0.273985,115.455555,-1.3292,2.7869,0.0000
28460000,51.0004211378,0.0003167147,22.0002,3.015119,0.275165,115.551508,-1.3337,2.7842,0.0000
28470000,51.0004210177,0.0003171111,22.0002,3.013445,0.276345,115.647423,-1.3381,2.7816,0.0000
28480000,51.0004208973,0.0003175072,22.0002,3.011767,0.277526,115.743299,-1.3426,2.7789,0.0000
28490000,51.0004207764,0.0003179029,22.0002,3.010087,0.278706,115.839135,-1.3470,2.7762,0.0000
28500000,51.0004206551,0.0003182982,22.0002,3.008403,0.279886,115.934933,-1.3515,2.7735,0.0000
28510000,51.0004205334,0.0003186931,22.0002,3.006716,0.281067,116.030692,-1.3559,2.7708,0.0000
28520000,51.0004204113,0.0003190876,22.0002,3.005026,0.282247,116.126412,-1.3603,2.7682,0.0000
28530000,51.0004202889,0.0003194817,22.0002,3.003332,0.283427,116.222092,-1.3647,2.7654,0.0000
28540000,51.0004201660,0.0003198755,22.0002,3.001636,0.284608,116.317734,-1.3691,2.7627,0.0000
28550000,51.0004200427,0.0003202689,22.0002,2.999936,0.285788,116.413336,-1.3735,2.7600,0.0000
28560000,51.0004199191,0.0003206619,22.0002,2.998233,0.286968,116.508899,-1.3779,2.7573,0.0000
28570000,51.0004197950,0.0003210545,22.0002,2.996526,0.288149,116.604423,-1.3822,2.7545,0.0000
28580000,51.0004196706,0.0003214467,22.0002,2.994817,0.289329,116.699907,-1.3866,2.7518,0.0000
28590000,51.0004195457,0.0003218385,22.0002,2.993104,0.290509,116.795352,-1.3910,2.7491,0.0000
28600000,51.0004194205,0.0003222299,22.0002,2.991388,0.291690,116.890758,-1.3953,2.7463,0.0000
28610000,51.0004192949,0.0003226209,22.0002,2.989669,0.292870,116.986124,-1.3996,2.7435,0.0000
28620000,51.0004191689,0.0003230116,22.0002,2.987947,0.294051,117.081450,-1.4040,2.7408,0.0000
28630000,51.0004190425,0.0003234018,22.0002,2.986222,0.295231,117.176737,-1.4083,2.7380,0.0000
28640000,51.0004189157,0.0003237916,22.0002,2.984493,0.296411,117.271984,-1.4126,2.7352,0.0000
28650000,51.0004187885,0.0003241811,22.0002,2.982762,0.297592,117.367192,-1.4169,2.7324,0.0000
28660000,51.0004186610,0.0003245701,22.0002,2.981027,0.298772,117.462360,-1.4212,2.7296,0.0000
28670000,51.0004185330,0.0003249588,22.0002,2.979289,0.299952,117.557487,-1.4255,2.7268,0.0000
28680000,51.0004184047,0.0003253470,22.0002,2.977548,0.301133,117.652575,-1.4298,2.7239,0.0000
28690000,51.0004182760,0.0003257348,22.0002,2.975804,0.302313,117.747624,-1.4341,2.7211,0.0000
28700000,51.0004181469,0.0003261223,22.0002,2.974056,0.303494,117.842632,-1.4383,2.7183,0.0000
28710000,51.0004180174,0.0003265093,22.0002,2.972306,0.304674,117.937600,-1.4426,2.7154,0.0000
28720000,51.0004178875,0.0003268959,22.0002,2.970552,0.305854,118.032528,-1.4469,2.7126,0.0000
28730000,51.0004177573,0.0003272822,22.0002,2.968796,0.307035,118.127416,-1.4511,2.7097,0.0000
28740000,51.0004176266,0.0003276680,22.0002,2.967036,0.308215,118.222263,-1.4553,2.7069,0.0000
28750000,51.0004174956,0.0003280534,22.0002,2.965273,0.309396,118.317071,-1.4596,2.7040,0.0000
28760000,51.0004173642,0.0003284384,22.0002,2.963507,0.310576,118.411838,-1.4638,2.7011,0.0000
28770000,51.0004172325,0.0003288229,22.0002,2.961738,0.311756,118.506565,-1.4680,2.6982,0.0000
28780000,51.0004171003,0.0003292071,22.0002,2.959966,0.312937,118.601252,-1.4722,2.6953,0.0000
28790000,51.0004169678,0.0003295909,22.0002,2.958191,0.314117,118.695898,-1.4764,2.6924,0.0000
28800000,51.0004168349,0.0003299742,22.0002,2.956412,0.315298,118.790504,-1.4806,2.6895,0.0000
28810000,51.0004167016,0.0003303571,22.0002,2.954631,0.316478,118.885069,-1.4847,2.6866,0.0000
28820000,51.0004165680,0.0003307397,22.0002,2.952846,0.317659,118.979593,-1.4889,2.6837,0.0000
28830000,51.0004164340,0.0003311218,22.0002,2.951059,0.318839,119.074077,-1.4931,2.6808,0.0000
28840000,51.0004162996,0.0003315034,22.0002,2.949268,0.320019,119.168520,-1.4972,2.6778,0.0000
28850000,51.0004161648,0.0003318847,22.0002,2.947475,0.321200,119.262923,-1.5013,2.6749,0.0000
28860000,51.0004160297,0.0003322655,22.0002,2.945678,0.322380,119.357285,-1.5055,2.6719,0.0000
28870000,51.0004158942,0.0003326460,22.0002,2.943878,0.323561,119.451606,-1.5096,2.6690,0.0000
28880000,51.0004157583,0.0003330260,22.0002,2.942076,0.324741,119.545886,-1.5137,2.6660,0.0000
28890000,51.0004156220,0.0003334055,22.0002,2.940270,0.325922,119.640125,-1.5178,2.6630,0.0000
28900000,51.0004154854,0.0003337847,22.0002,2.938461,0.327102,119.734323,-1.5219,2.6600,0.0000
28910000,51.0004153484,0.0003341634,22.0002,2.936649,0.328283,119.828480,-1.5260,2.6571,0.0000
28920000,51.0004152111,0.0003345417,22.0002,2.934835,0.329463,119.922596,-1.5301,2.6541,0.0000
28930000,51.0004150733,0.0003349196,22.0002,2.933017,0.330644,120.016671,-1.5342,2.6511,0.0000
28940000,51.0004149352,0.0003352970,22.0002,2.931196,0.331824,120.110705,-1.5382,2.6481,0.0000
28950000,51.0004147968,0.0003356740,22.0002,2.929372,0.333005,120.204698,-1.5423,2.6450,0.0000
28960000,51.0004146580,0.0003360506,22.0002,2.927545,0.334185,120.298649,-1.5463,2.6420,0.0000
28970000,51.0004145188,0.0003364268,22.0002,2.925716,0.335366,120.392559,-1.5504,2.6390,0.0000
28980000,51.0004143793,0.0003368025,22.0002,2.923883,0.336546,120.486428,-1.5544,2.6360,0.0000
28990000,51.0004142394,0.0003371778,22.0002,2.922047,0.337727,120.580255,-1.5584,2.6329,0.0000
29000000,51.0004140991,0.0003375526,22.0002,2.920208,0.338907,120.674041,-1.5624,2.6299,0.0000
29010000,51.0004139585,0.0003379271,22.0002,2.918367,0.340088,120.767785,-1.5664,2.6268,0.0000
29020000,51.0004138175,0.0003383011,22.0002,2.916522,0.341268,120.861488,-1.5704,2.6238,0.0000
29030000,51.0004136761,0.0003386746,22.0002,2.914674,0.342449,120.955149,-1.5744,2.6207,0.0000
29040000,51.0004135344,0.0003390477,22.0002,2.912824,0.343629,121.048768,-1.5784,2.6176,0.0000
29050000,51.0004133924,0.0003394204,22.0002,2.910970,0.344810,121.142346,-1.5823,2.6145,0.0000
29060000,51.0004132500,0.0003397926,22.0002,2.909114,0.345990,121.235882,-1.5863,2.6115,0.0000
29070000,51.0004131072,0.0003401644,22.0002,2.907254,0.347171,121.329376,-1.5902,2.6084,0.0000
29080000,51.0004129641,0.0003405358,22.0002,2.905392,0.348351,121.422828,-1.5942,2.6053,0.0000
29090000,51.0004128206,0.0003409067,22.0002,2.903527,0.349532,121.516239,-1.5981,2.6021,0.0000
29100000,51.0004126768,0.0003412772,22.0002,2.901659,0.350712,121.609607,-1.6020,2.5990,0.0000
29110000,51.0004125326,0.0003416472,22.0002,2.899788,0.351893,121.702933,-1.6060,2.5959,0.0000
29120000,51.0004123880,0.0003420168,22.0002,2.897914,0.353073,121.796218,-1.6099,2.5928,0.0000
29130000,51.0004122432,0.0003423859,22.0002,2.896037,0.354254,121.889460,-1.6138,2.5897,0.0000
29140000,51.0004120979,0.0003427546,22.0002,2.894157,0.355435,121.982660,-1.6176,2.5865,0.0000
29150000,51.0004119523,0.0003431228,22.0002,2.892275,0.356615,122.075818,-1.6215,2.5834,0.0000
29160000,51.0004118064,0.0003434906,22.0002,2.890389,0.357796,122.168934,-1.6254,2.5802,0.0000
29170000,51.0004116601,0.0003438580,22.0002,2.888501,0.358976,122.262007,-1.6293,2.5771,0.0000
29180000,51.0004115135,0.0003442248,22.0002,2.886609,0.360157,122.355038,-1.6331,2.5739,0.0000
29190000,51.0004113665,0.0003445913,22.0002,2.884715,0.361337,122.448027,-1.6370,2.5707,0.0000
29200000,51.0004112192,0.0003449573,22.0002,2.882818,0.362518,122.540973,-1.6408,2.5676,0.0000
29210000,51.0004110716,0.0003453228,22.0002,2.880918,0.363699,122.633877,-1.6446,2.5644,0.0000
29220000,51.0004109236,0.0003456879,22.0002,2.879016,0.364879,122.726739,-1.6484,2.5612,0.0000
29230000,51.0004107752,0.0003460525,22.0002,2.877110,0.366060,122.819557,-1.6522,2.5580,0.0000
29240000,51.0004106265,0.0003464167,22.0002,2.875202,0.367240,122.912333,-1.6560,2.5548,0.0000
29250000,51.0004104775,0.0003467804,22.0002,2.873290,0.368421,123.005067,-1.6598,2.5516,0.0000
29260000,51.0004103281,0.0003471437,22.0002,2.871376,0.369602,123.097757,-1.6636,2.5484,0.0000
29270000,51.0004101784,0.0003475065,22.0002,2.869459,0.370782,123.190405,-1.6674,2.5451,0.0000
29280000,51.0004100284,0.0003478688,22.0002,2.867540,0.371963,123.283011,-1.6711,2.5419,0.0000
29290000,51.0004098780,0.0003482307,22.0002,2.865617,0.373143,123.375573,-1.6749,2.5387,0.0000
29300000,51.0004097273,0.0003485921,22.0002,2.863692,0.374324,123.468092,-1.6786,2.5355,0.0000
29310000,51.0004095762,0.0003489530,22.0002,2.861764,0.375505,123.560569,-1.6824,2.5322,0.0000
29320000,51.0004094248,0.0003493135,22.0002,2.859833,0.376685,123.653002,-1.6861,2.5290,0.0000
29330000,51.0004092731,0.0003496736,22.0002,2.857899,0.377866,123.745392,-1.6898,2.5257,0.0000
29340000,51.0004091210,0.0003500331,22.0002,2.855962,0.379047,123.837740,-1.6935,2.5224,0.0000
29350000,51.0004089686,0.0003503922,22.0002,2.854023,0.380227,123.930044,-1.6972,2.5192,0.0000
29360000,51.0004088159,0.0003507509,22.0002,2.852081,0.381408,124.022305,-1.7009,2.5159,0.0000
29370000,51.0004086628,0.0003511091,22.0002,2.850136,0.382589,124.114523,-1.7046,2.5126,0.0000
29380000,51.0004085094,0.0003514668,22.0002,2.848188,0.383769,124.206697,-1.7082,2.5094,0.0000
29390000,51.0004083557,0.0003518240,22.0002,2.846238,0.384950,124.298828,-1.7119,2.5061,0.0000
29400000,51.0004082017,0.0003521808,22.0002,2.844285,0.386131,124.390916,-1.7156,2.5028,0.0000
29410000,51.0004080473,0.0003525371,22.0002,2.842329,0.387311,124.482960,-1.7192,2.4995,0.0000
29420000,51.0004078926,0.0003528929,22.0002,2.840370,0.388492,124.574961,-1.7228,2.4962,0.0000
29430000,51.0004077376,0.0003532482,22.0002,2.838409,0.389673,124.666918,-1.7265,2.4928,0.0000
29440000,51.0004075822,0.0003536031,22.0002,2.836445,0.390853,124.758832,-1.7301,2.4895,0.0000
29450000,51.0004074265,0.0003539575,22.0002,2.834478,0.392034,124.850702,-1.7337,2.4862,0.0000
29460000,51.0004072705,0.0003543115,22.0002,2.832508,0.393215,124.942529,-1.7373,2.4829,0.0000
29470000,51.0004071142,0.0003546649,22.0002,2.830536,0.394395,125.034312,-1.7409,2.4795,0.0000
29480000,51.0004069576,0.0003550179,22.0002,2.828561,0.395576,125.126051,-1.7444,2.4762,0.0000
29490000,51.0004068006,0.0003553704,22.0002,2.826583,0.396757,125.217746,-1.7480,2.4729,0.0000
29500000,51.0004066433,0.0003557225,22.0002,2.824602,0.397938,125.309398,-1.7516,2.4695,0.0000
29510000,51.0004064857,0.0003560740,22.0002,2.822619,0.399118,125.401005,-1.7551,2.4662,0.0000
29520000,51.0004063278,0.0003564251,22.0002,2.820634,0.400299,125.492569,-1.7587,2.4628,0.0000
29530000,51.0004061695,0.0003567757,22.0002,2.818645,0.401480,125.584089,-1.7622,2.4594,0.0000
29540000,51.0004060110,0.0003571258,22.0002,2.816654,0.402661,125.675564,-1.7657,2.4561,0.0000
29550000,51.0004058521,0.0003574755,22.0002,2.814660,0.403841,125.766996,-1.7692,2.4527,0.0000
29560000,51.0004056929,0.0003578246,22.0002,2.812663,0.405022,125.858384,-1.7727,2.4493,0.0000
29570000,51.0004055334,0.0003581733,22.0002,2.810664,0.406203,125.949727,-1.7762,2.4459,0.0000
29580000,51.0004053736,0.0003585215,22.0002,2.808662,0.407384,126.041026,-1.7797,2.4425,0.0000
29590000,51.0004052134,0.0003588692,22.0002,2.806658,0.408564,126.132281,-1.7832,2.4391,0.0000
29600000,51.0004050530,0.0003592164,22.0002,2.804651,0.409745,126.223492,-1.7867,2.4357,0.0000
29610000,51.0004048922,0.0003595632,22.0002,2.802641,0.410926,126.314658,-1.7901,2.4323,0.0000
29620000,51.0004047312,0.0003599094,22.0002,2.800628,0.412107,126.405780,-1.7936,2.4289,0.0000
29630000,51.0004045698,0.0003602552,22.0002,2.798613,0.413287,126.496857,-1.7970,2.4255,0.0000
29640000,51.0004044081,0.0003606005,22.0002,2.796596,0.414468,126.587890,-1.8004,2.4221,0.0000
29650000,51.0004042461,0.0003609452,22.0002,2.794575,0.415649,126.678879,-1.8038,2.4186,0.0000
29660000,51.0004040838,0.0003612895,22.0002,2.792552,0.416830,126.769823,-1.8073,2.4152,0.0000
29670000,51.0004039212,0.0003616334,22.0002,2.790527,0.418011,126.860722,-1.8107,2.4118,0.0000
29680000,51.0004037583,0.0003619767,22.0002,2.788499,0.419191,126.951577,-1.8140,2.4083,0.0000
29690000,51.0004035951,0.0003623195,22.0002,2.786468,0.420372,127.042387,-1.8174,2.4049,0.0000
29700000,51.0004034316,0.0003626619,22.0002,2.784435,0.421553,127.133152,-1.8208,2.4014,0.0000
29710000,51.0004032678,0.0003630037,22.0002,2.782399,0.422734,127.223873,-1.8242,2.3980,0.0000
29720000,51.0004031036,0.0003633451,22.0002,2.780360,0.423915,127.314548,-1.8275,2.3945,0.0000
29730000,51.0004029392,0.0003636859,22.0002,2.778319,0.425096,127.405179,-1.8309,2.3910,0.0000
29740000,51.0004027745,0.0003640263,22.0002,2.776275,0.426276,127.495765,-1.8342,2.3876,0.0000
29750000,51.0004026095,0.0003643662,22.0002,2.774229,0.427457,127.586306,-1.8375,2.3841,0.0000
29760000,51.0004024441,0.0003647055,22.0002,2.772180,0.428638,127.676802,-1.8408,2.3806,0.0000
29770000,51.0004022785,0.0003650444,22.0002,2.770129,0.429819,127.767252,-1.8441,2.3771,0.0000
29780000,51.0004021126,0.0003653828,22.0002,2.768075,0.431000,127.857658,-1.8474,2.3736,0.0000
29790000,51.0004019464,0.0003657207,22.0002,2.766019,0.432181,127.948019,-1.8507,2.3701,0.0000
29800000,51.0004017799,0.0003660581,22.0002,2.763960,0.433361,128.038334,-1.8540,2.3666,0.0000
29810000,51.0004016131,0.0003663950,22.0002,2.761898,0.434542,128.128604,-1.8573,2.3631,0.0000
29820000,51.0004014460,0.0003667314,22.0002,2.759834,0.435723,128.218829,-1.8605,2.3596,0.0000
29830000,51.0004012786,0.0003670673,22.0002,2.757768,0.436904,128.309009,-1.8638,2.3561,0.0000
29840000,51.0004011109,0.0003674027,22.0002,2.755699,0.438085,128.399143,-1.8670,2.3526,0.0000
29850000,51.0004009430,0.0003677375,22.0002,2.753627,0.439266,128.489232,-1.8702,2.3491,0.0000
29860000,51.0004007747,0.0003680719,22.0002,2.751553,0.440447,128.579275,-1.8735,2.3456,0.0000
29870000,51.0004006061,0.0003684058,22.0002,2.749476,0.441628,128.669273,-1.8767,2.3420,0.0000
29880000,51.0004004373,0.0003687392,22.0002,2.747397,0.442809,128.759225,-1.8799,2.3385,0.0000
29890000,51.0004002682,0.0003690721,22.0002,2.745316,0.443990,128.849132,-1.8831,2.3349,0.0000
29900000,51.0004000988,0.0003694044,22.0002,2.743232,0.445170,128.938993,-1.8862,2.3314,0.0000
29910000,51.0003999291,0.0003697363,22.0002,2.741145,0.446351,129.028809,-1.8894,2.3279,0.0000
29920000,51.0003997591,0.0003700677,22.0002,2.739056,0.447532,129.118578,-1.8926,2.3243,0.0000
29930000,51.0003995888,0.0003703985,22.0002,2.736965,0.448713,129.208302,-1.8957,2.3207,0.0000
29940000,51.0003994183,0.0003707289,22.0002,2.734871,0.449894,129.297981,-1.8989,2.3172,0.0000
29950000,51.0003992475,0.0003710587,22.0002,2.732775,0.451075,129.387613,-1.9020,2.3136,0.0000
29960000,51.0003990764,0.0003713881,22.0002,2.730676,0.452256,129.477200,-1.9051,2.3101,0.0000
29970000,51.0003989050,0.0003717169,22.0002,2.728574,0.453437,129.566740,-1.9082,2.3065,0.0000
29980000,51.0003987333,0.0003720452,22.0002,2.726471,0.454618,129.656235,-1.9113,2.3029,0.0000
29990000,51.0003985614,0.0003723730,22.0002,2.724365,0.455799,129.745683,-1.9144,2.2993,0.0000
30000000,51.0003983891,0.0003727003,22.0002,2.722256,0.456980,129.835086,-1.9175,2.2957,0.0000
30010000,51.0003982166,0.0003730271,22.0002,2.720145,0.458161,129.924442,-1.9206,2.2921,0.0000
30020000,51.0003980439,0.0003733533,22.0002,2.718032,0.459342,130.013752,-1.9237,2.2886,0.0000
30030000,51.0003978708,0.0003736791,22.0002,2.715916,0.460523,130.103017,-1.9267,2.2850,0.0000
30040000,51.0003976975,0.0003740044,22.0002,2.713798,0.461704,130.192234,-1.9298,2.2814,0.0000
30050000,51.0003975239,0.0003743291,22.0002,2.711677,0.462885,130.281406,-1.9328,2.2777,0.0000
30060000,51.0003973500,0.0003746533,22.0002,2.709554,0.464066,130.370531,-1.9358,2.2741,0.0000
30070000,51.0003971759,0.0003749770,22.0002,2.707429,0.465247,130.459610,-1.9388,2.2705,0.0000
30080000,51.0003970014,0.0003753002,22.0002,2.705301,0.466428,130.548643,-1.9418,2.2669,0.0000
30090000,51.0003968268,0.0003756229,22.0002,2.703171,0.467609,130.637629,-1.9448,2.2633,0.0000
30100000,51.0003966518,0.0003759450,22.0002,2.701038,0.468790,130.726569,-1.9478,2.2597,0.0000
30110000,51.0003964766,0.0003762667,22.0002,2.698903,0.469971,130.815462,-1.9508,2.2560,0.0000
30120000,51.0003963011,0.0003765878,22.0002,2.696766,0.471152,130.904308,-1.9538,2.2524,0.0000
30130000,51.0003961253,0.0003769084,22.0002,2.694627,0.472333,130.993108,-1.9567,2.2488,0.0000
30140000,51.0003959493,0.0003772285,22.0002,2.692485,0.473514,131.081861,-1.9597,2.2451,0.0000
30150000,51.0003957730,0.0003775481,22.0002,2.690340,0.474695,131.170568,-1.9626,2.2415,0.0000
30160000,51.0003955965,0.0003778671,22.0002,2.688194,0.475876,131.259228,-1.9655,2.2378,0.0000
30170000,51.0003954197,0.0003781856,22.0002,2.686045,0.477057,131.347841,-1.9685,2.2342,0.0000
30180000,51.0003952426,0.0003785037,22.0002,2.683894,0.478238,131.436407,-1.9714,2.2305,0.0000
30190000,51.0003950653,0.0003788211,22.0002,2.681740,0.479419,131.524926,-1.9743,2.2269,0.0000
30200000,51.0003948877,0.0003791381,22.0002,2.679584,0.480600,131.613399,-1.9772,2.2232,0.0000
30210000,51.0003947098,0.0003794546,22.0002,2.677426,0.481781,131.701824,-1.9800,2.2195,0.0000
30220000,51.0003945317,0.0003797705,22.0002,2.675265,0.482963,131.790203,-1.9829,2.2159,0.0000
30230000,51.0003943533,0.0003800859,22.0002,2.673103,0.484144,131.878534,-1.9858,2.2122,0.0000
30240000,51.0003941747,0.0003804008,22.0002,2.670937,0.485325,131.966819,-1.9886,2.2085,0.0000
30250000,51.0003939958,0.0003807151,22.0002,2.668770,0.486506,132.055056,-1.9915,2.2048,0.0000
30260000,51.0003938167,0.0003810289,22.0002,2.666600,0.487687,132.143246,-1.9943,2.2012,0.0000
30270000,51.0003936373,0.0003813422,22.0002,2.664428,0.488868,132.231389,-1.9971,2.1975,0.0000
30280000,51.0003934576,0.0003816550,22.0002,2.662254,0.490049,132.319485,-1.9999,2.1938,0.0000
30290000,51.0003932777,0.0003819673,22.0002,2.660078,0.491230,132.407534,-2.0027,2.1901,0.0000
30300000,51.0003930976,0.0003822790,22.0002,2.657899,0.492411,132.495535,-2.0055,2.1864,0.0000
30310000,51.0003929172,0.0003825902,22.0002,2.655718,0.493593,132.583488,-2.0083,2.1827,0.0000
30320000,51.0003927365,0.0003829009,22.0002,2.653535,0.494774,132.671395,-2.0111,2.1790,0.0000
30330000,51.0003925556,0.0003832110,22.0002,2.651349,0.495955,132.759254,-2.0138,2.1753,0.0000
30340000,51.0003923745,0.0003835206,22.0002,2.649161,0.497136,132.847065,-2.0166,2.1716,0.0000
30350000,51.0003921931,0.0003838297,22.0002,2.646972,0.498317,132.934829,-2.0193,2.1679,0.0000
30360000,51.0003920114,0.0003841383,22.0002,2.644779,0.499498,133.022546,-2.0221,2.1642,0.0000
30370000,51.0003918296,0.0003844463,22.0002,2.642585,0.500679,133.110214,-2.0248,2.1605,0.0000
30380000,51.0003916474,0.0003847538,22.0002,2.640388,0.501861,133.197835,-2.0275,2.1567,0.0000
30390000,51.0003914651,0.0003850608,22.0002,2.638190,0.503042,133.285409,-2.0302,2.1530,0.0000
30400000,51.0003912824,0.0003853672,22.0002,2.635988,0.504223,133.372935,-2.0329,2.1493,0.0000
30410000,51.0003910996,0.0003856732,22.0002,2.633785,0.505404,133.460412,-2.0356,2.1455,0.0000
30420000,51.0003909165,0.0003859785,22.0002,2.631580,0.506585,133.547843,-2.0383,2.1418,0.0000
30430000,51.0003907332,0.0003862834,22.0002,2.629372,0.507767,133.635225,-2.0409,2.1381,0.0000
30440000,51.0003905496,0.0003865877,22.0002,2.627163,0.508948,133.722559,-2.0436,2.1343,0.0000
30450000,51.0003903658,0.0003868915,22.0002,2.624951,0.510129,133.809846,-2.0462,2.1306,0.0000
30460000,51.0003901817,0.0003871947,22.0002,2.622736,0.511310,133.897084,-2.0489,2.1269,0.0000
30470000,51.0003899974,0.0003874974,22.0002,2.620520,0.512491,133.984275,-2.0515,2.1231,0.0000
30480000,51.0003898129,0.0003877996,22.0002,2.618302,0.513673,134.071417,-2.0541,2.1194,0.0000
30490000,51.0003896281,0.0003881013,22.0002,2.616081,0.514854,134.158511,-2.0567,2.1156,0.0000
30500000,51.0003894431,0.0003884024,22.0002,2.613858,0.516035,134.245557,-2.0593,2.1119,0.0000
30510000,51.0003892579,0.0003887029,22.0002,2.611634,0.517216,134.332555,-2.0619,2.1081,0.0000
30520000,51.0003890725,0.0003890030,22.0002,2.609407,0.518398,134.419505,-2.0645,2.1043,0.0000
30530000,51.0003888868,0.0003893025,22.0002,2.607178,0.519579,134.506407,-2.0670,2.1006,0.0000
30540000,51.0003887008,0.0003896015,22.0002,2.604946,0.520760,134.593260,-2.0696,2.0968,0.0000
30550000,51.0003885147,0.0003898999,22.0002,2.602713,0.521941,134.680065,-2.0721,2.0930,0.0000
30560000,51.0003883283,0.0003901978,22.0002,2.600477,0.523123,134.766821,-2.0747,2.0893,0.0000
30570000,51.0003881417,0.0003904951,22.0002,2.598240,0.524304,134.853530,-2.0772,2.0855,0.0000
30580000,51.0003879549,0.0003907920,22.0002,2.596000,0.525485,134.940189,-2.0797,2.0817,0.0000
30590000,51.0003877678,0.0003910882,22.0002,2.593758,0.526666,135.026800,-2.0822,2.0779,0.0000
30600000,51.0003875805,0.0003913840,22.0002,2.591515,0.527848,135.113363,-2.0847,2.0742,0.0000
30610000,51.0003873930,0.0003916792,22.0002,2.589269,0.529029,135.199877,-2.0872,2.0704,0.0000
30620000,51.0003872053,0.0003919739,22.0002,2.587021,0.530210,135.286343,-2.0897,2.0666,0.0000
30630000,51.0003870174,0.0003922680,22.0002,2.584771,0.531392,135.372759,-2.0922,2.0628,0.0000
30640000,51.0003868292,0.0003925616,22.0002,2.582518,0.532573,135.459128,-2.0946,2.0590,0.0000
30650000,51.0003866408,0.0003928546,22.0002,2.580264,0.533754,135.545447,-2.0971,2.0552,0.0000
30660000,51.0003864522,0.0003931471,22.0002,2.578008,0.534936,135.631718,-2.0995,2.0514,0.0000
30670000,51.0003862633,0.0003934391,22.0002,2.575750,0.536117,135.717939,-2.1019,2.0476,0.0000
30680000,51.0003860743,0.0003937305,22.0002,2.573489,0.537298,135.804112,-2.1044,2.0438,0.0000
30690000,51.0003858850,0.0003940214,22.0002,2.571227,0.538480,135.890236,-2.1068,2.0400,0.0000
30700000,51.0003856955,0.0003943117,22.0002,2.568962,0.539661,135.976312,-2.1092,2.0362,0.0000
30710000,51.0003855058,0.0003946015,22.0002,2.566696,0.540842,136.062338,-2.1115,2.0324,0.0000
30720000,51.0003853159,0.0003948908,22.0002,2.564427,0.542024,136.148315,-2.1139,2.0286,0.0000
30730000,51.0003851258,0.0003951795,22.0002,2.562157,0.543205,136.234243,-2.1163,2.0248,0.0000
30740000,51.0003849355,0.0003954677,22.0002,2.559884,0.544386,136.320122,-2.1187,2.0210,0.0000
30750000,51.0003847449,0.0003957553,22.0002,2.557610,0.545568,136.405952,-2.1210,2.0172,0.0000
30760000,51.0003845542,0.0003960424,22.0002,2.555334,0.546749,136.491733,-2.1233,2.0133,0.0000
30770000,51.0003843632,0.0003963289,22.0002,2.553055,0.547931,136.577465,-2.1257,2.0095,0.0000
30780000,51.0003841720,0.0003966149,22.0002,2.550775,0.549112,136.663147,-2.1280,2.0057,0.0000
30790000,51.0003839806,0.0003969003,22.0002,2.548492,0.550293,136.748780,-2.1303,2.0019,0.0000
30800000,51.0003837890,0.0003971852,22.0002,2.546208,0.551475,136.834364,-2.1326,1.9980,0.0000
30810000,51.0003835972,0.0003974696,22.0002,2.543921,0.552656,136.919898,-2.1349,1.9942,0.0000
30820000,51.0003834052,0.0003977534,22.0002,2.541633,0.553838,137.005383,-2.1372,1.9904,0.0000
30830000,51.0003832130,0.0003980367,22.0002,2.539343,0.555019,137.090819,-2.1394,1.9866,0.0000
30840000,51.0003830206,0.0003983194,22.0002,2.537050,0.556200,137.176205,-2.1417,1.9827,0.0000
30850000,51.0003828280,0.0003986016,22.0002,2.534756,0.557382,137.261542,-2.1440,1.9789,0.0000
30860000,51.0003826352,0.0003988832,22.0002,2.532460,0.558563,137.346829,-2.1462,1.9751,0.0000
30870000,51.0003824421,0.0003991643,22.0002,2.530162,0.559745,137.432066,-2.1484,1.9712,0.0000
30880000,51.0003822489,0.0003994448,22.0002,2.527862,0.560926,137.517254,-2.1506,1.9674,0.0000
30890000,51.0003820555,0.0003997248,22.0002,2.525560,0.562108,137.602392,-2.1529,1.9635,0.0000
30900000,51.0003818619,0.0004000043,22.0002,2.523256,0.563289,137.687481,-2.1551,1.9597,0.0000
30910000,51.0003816681,0.0004002832,22.0002,2.520950,0.564471,137.772520,-2.1573,1.9558,0.0000
30920000,51.0003814741,0.0004005615,22.0002,2.518643,0.565652,137.857509,-2.1594,1.9520,0.0000
30930000,51.0003812798,0.0004008393,22.0002,2.516333,0.566833,137.942448,-2.1616,1.9481,0.0000
30940000,51.0003810854,0.0004011165,22.0002,2.514022,0.568015,138.027337,-2.1638,1.9443,0.0000
30950000,51.0003808908,0.0004013932,22.0002,2.511708,0.569196,138.112177,-2.1659,1.9404,0.0000
30960000,51.0003806961,0.0004016694,22.0002,2.509393,0.570378,138.196966,-2.1681,1.9366,0.0000
30970000,51.0003805011,0.0004019450,22.0002,2.507076,0.571559,138.281706,-2.1702,1.9327,0.0000
30980000,51.0003803059,0.0004022200,22.0002,2.504757,0.572741,138.366396,-2.1723,1.9289,0.0000
30990000,51.0003801105,0.0004024945,22.0002,2.502436,0.573922,138.451035,-2.1744,1.9250,0.0000
31000000,51.0003799150,0.0004027685,22.0002,2.500114,0.575104,138.535625,-2.1765,1.9212,0.0000
31010000,51.0003797193,0.0004030419,22.0002,2.497789,0.576285,138.620164,-2.1786,1.9173,0.0000
31020000,51.0003795233,0.0004033148,22.0002,2.495463,0.577467,138.704653,-2.1807,1.9134,0.0000
31030000,51.0003793272,0.0004035871,22.0002,2.493134,0.578649,138.789092,-2.1828,1.9096,0.0000
31040000,51.0003791309,0.0004038588,22.0002,2.490804,0.579830,138.873481,-2.1848,1.9057,0.0000
31050000,51.0003789344,0.0004041300,22.0002,2.488473,0.581012,138.957820,-2.1869,1.9018,0.0000
31060000,51.0003787378,0.0004044007,22.0002,2.486139,0.582193,139.042108,-2.1889,1.8980,0.0000
31070000,51.0003785409,0.0004046708,22.0002,2.483803,0.583375,139.126346,-2.1910,1.8941,0.0000
31080000,51.0003783439,0.0004049403,22.0002,2.481466,0.584556,139.210534,-2.1930,1.8902,0.0000
31090000,51.0003781466,0.0004052093,22.0002,2.479127,0.585738,139.294671,-2.1950,1.8864,0.0000
31100000,51.0003779492,0.0004054777,22.0002,2.476786,0.586919,139.378758,-2.1970,1.8825,0.0000
31110000,51.0003777517,0.0004057456,22.0002,2.474443,0.588101,139.462794,-2.1990,1.8786,0.0000
31120000,51.0003775539,0.0004060130,22.0002,2.472098,0.589283,139.546780,-2.2010,1.8747,0.0000
31130000,51.0003773560,0.0004062798,22.0002,2.469752,0.590464,139.630715,-2.2030,1.8709,0.0000
31140000,51.0003771579,0.0004065460,22.0002,2.467404,0.591646,139.714599,-2.2049,1.8670,0.0000
31150000,51.0003769596,0.0004068117,22.0002,2.465054,0.592827,139.798433,-2.2069,1.8631,0.0000
31160000,51.0003767611,0.0004070768,22.0002,2.462702,0.594009,139.882217,-2.2088,1.8592,0.0000
31170000,51.0003765625,0.0004073414,22.0002,2.460349,0.595191,139.965949,-2.2108,1.8553,0.0000
31180000,51.0003763637,0.0004076054,22.0002,2.457994,0.596372,140.049631,-2.2127,1.8515,0.0000
31190000,51.0003761647,0.0004078689,22.0002,2.455637,0.597554,140.133262,-2.2146,1.8476,0.0000
31200000,51.0003759655,0.0004081318,22.0002,2.453278,0.598735,140.216842,-2.2165,1.8437,0.0000
31210000,51.0003757662,0.0004083942,22.0002,2.450918,0.599917,140.300372,-2.2184,1.8398,0.0000
31220000,51.0003755667,0.0004086560,22.0002,2.448556,0.601099,140.383850,-2.2203,1.8359,0.0000
31230000,51.0003753670,0.0004089172,22.0002,2.446192,0.602280,140.467278,-2.2222,1.8320,0.0000
31240000,51.0003751672,0.0004091779,22.0002,2.443826,0.603462,140.550655,-2.2240,1.8281,0.0000
31250000,51.0003749672,0.0004094381,22.0002,2.441459,0.604644,140.633980,-2.2259,1.8243,0.0000
31260000,51.0003747670,0.0004096977,22.0002,2.439090,0.605825,140.717255,-2.2277,1.8204,0.0000
31270000,51.0003745667,0.0004099567,22.0002,2.436719,0.607007,140.800479,-2.2296,1.8165,0.0000
31280000,51.0003743662,0.0004102152,22.0002,2.434347,0.608189,140.883651,-2.2314,1.8126,0.0000
31290000,51.0003741656,0.0004104732,22.0002,2.431973,0.609370,140.966772,-2.2332,1.8087,0.0000
31300000,51.0003739647,0.0004107305,22.0002,2.429597,0.610552,141.049843,-2.2350,1.8048,0.0000
31310000,51.0003737637,0.0004109874,22.0002,2.427220,0.611734,141.132862,-2.2368,1.8009,0.0000
31320000,51.0003735626,0.0004112436,22.0002,2.424840,0.612915,141.215829,-2.2386,1.7970,0.0000
31330000,51.0003733613,0.0004114993,22.0002,2.422460,0.614097,141.298746,-2.2404,1.7931,0.0000
31340000,51.0003731598,0.0004117545,22.0002,2.420077,0.615279,141.381611,-2.2422,1.7892,0.0000
31350000,51.0003729582,0.0004120091,22.0002,2.417693,0.616461,141.464425,-2.2439,1.7853,0.0000
31360000,51.0003727564,0.0004122632,22.0002,2.415307,0.617642,141.547187,-2.2457,1.7814,0.0000
31370000,51.0003725545,0.0004125167,22.0002,2.412920,0.618824,141.629898,-2.2474,1.7775,0.0000
31380000,51.0003723524,0.0004127696,22.0002,2.410531,0.620006,141.712558,-2.2492,1.7736,0.0000
31390000,51.0003721501,0.0004130220,22.0002,2.408140,0.621187,141.795166,-2.2509,1.7697,0.0000
31400000,51.0003719477,0.0004132738,22.0002,2.405748,0.622369,141.877722,-2.2526,1.7658,0.0000
31410000,51.0003717452,0.0004135251,22.0002,2.403354,0.623551,141.960227,-2.2543,1.7619,0.0000
31420000,51.0003715424,0.0004137758,22.0002,2.400958,0.624733,142.042680,-2.2560,1.7580,0.0000
31430000,51.0003713396,0.0004140260,22.0002,2.398561,0.625914,142.125082,-2.2577,1.7541,0.0000
31440000,51.0003711366,0.0004142756,22.0002,2.396162,0.627096,142.207432,-2.2593,1.7502,0.0000
31450000,51.0003709334,0.0004145246,22.0002,2.393762,0.628278,142.289731,-2.2610,1.7463,0.0000
31460000,51.0003707301,0.0004147731,22.0002,2.391360,0.629460,142.371977,-2.2626,1.7424,0.0000
31470000,51.0003705266,0.0004150211,22.0002,2.388956,0.630641,142.454172,-2.2643,1.7385,0.0000
31480000,51.0003703230,0.0004152684,22.0002,2.386551,0.631823,142.536315,-2.2659,1.7346,0.0000
31490000,51.0003701193,0.0004155153,22.0002,2.384145,0.633005,142.618406,-2.2675,1.7307,0.0000
31500000,51.0003699154,0.0004157615,22.0002,2.381736,0.634187,142.700445,-2.2692,1.7268,0.0000
31510000,51.0003697113,0.0004160072,22.0002,2.379327,0.635369,142.782433,-2.2708,1.7229,0.0000
31520000,51.0003695071,0.0004162524,22.0002,2.376915,0.636550,142.864368,-2.2723,1.7190,0.0000
31530000,51.0003693028,0.0004164970,22.0002,2.374502,0.637732,142.946252,-2.2739,1.7151,0.0000
31540000,51.0003690983,0.0004167411,22.0002,2.372088,0.638914,143.028083,-2.2755,1.7112,0.0000
31550000,51.0003688937,0.0004169846,22.0002,2.369672,0.640096,143.109862,-2.2771,1.7073,0.0000
31560000,51.0003686890,0.0004172275,22.0002,2.367254,0.641278,143.191590,-2.2786,1.7034,0.0000
31570000,51.0003684841,0.0004174699,22.0002,2.364835,0.642460,143.273265,-2.2802,1.6995,0.0000
31580000,51.0003682790,0.0004177117,22.0002,2.362414,0.643641,143.354888,-2.2817,1.6956,0.0000
31590000,51.0003680739,0.0004179530,22.0002,2.359992,0.644823,143.436459,-2.2832,1.6917,0.0000
31600000,51.0003678686,0.0004181937,22.0002,2.357568,0.646005,143.517977,-2.2848,1.6878,0.0000
31610000,51.0003676631,0.0004184338,22.0002,2.355143,0.647187,143.599444,-2.2863,1.6839,0.0000
31620000,51.0003674575,0.0004186734,22.0002,2.352717,0.648369,143.680858,-2.2878,1.6800,0.0000
31630000,51.0003672518,0.0004189125,22.0002,2.350288,0.649551,143.762218,-2.2892,1.6761,0.0000
31640000,51.0003670460,0.0004191509,22.0002,2.347859,0.650733,143.843526,-2.2907,1.6722,0.0000
31650000,51.0003668400,0.0004193889,22.0002,2.345428,0.651915,143.924779,-2.2922,1.6683,0.0000
31660000,51.0003666339,0.0004196263,22.0002,2.342995,0.653097,144.005978,-2.2936,1.6644,0.0000
31670000,51.0003664277,0.0004198631,22.0002,2.340561,0.654279,144.087122,-2.2951,1.6605,0.0000
31680000,51.0003662213,0.0004200993,22.0002,2.338125,0.655461,144.168211,-2.2965,1.6566,0.0000
31690000,51.0003660148,0.0004203350,22.0002,2.335688,0.656644,144.249244,-2.2980,1.6527,0.0000
31700000,51.0003658082,0.0004205702,22.0002,2.333249,0.657826,144.330220,-2.2994,1.6488,0.0000
31710000,51.0003656014,0.0004208048,22.0002,2.330809,0.659009,144.411140,-2.3008,1.6448,0.0000
31720000,51.0003653945,0.0004210388,22.0002,2.328367,0.660192,144.492002,-2.3022,1.6409,0.0000
31730000,51.0003651875,0.0004212723,22.0002,2.325924,0.661375,144.572807,-2.3036,1.6370,0.0000
31740000,51.0003649804,0.0004215052,22.0002,2.323480,0.662559,144.653553,-2.3050,1.6331,0.0000
31750000,51.0003647732,0.0004217376,22.0002,2.321033,0.663743,144.734241,-2.3063,1.6292,0.0000
31760000,51.0003645658,0.0004219694,22.0002,2.318586,0.664927,144.814870,-2.3077,1.6253,0.0000
31770000,51.0003643583,0.0004222007,22.0002,2.316137,0.666111,144.895440,-2.3091,1.6214,0.0000
31780000,51.0003641507,0.0004224314,22.0002,2.313686,0.667295,144.975949,-2.3104,1.6175,0.0000
31790000,51.0003639429,0.0004226615,22.0002,2.311234,0.668480,145.056398,-2.3117,1.6136,0.0000
31800000,51.0003637351,0.0004228911,22.0002,2.308780,0.669665,145.136786,-2.3131,1.6097,0.0000
31810000,51.0003635271,0.0004231202,22.0002,2.306325,0.670851,145.217113,-2.3144,1.6058,0.0000
31820000,51.0003633190,0.0004233486,22.0002,2.303868,0.672036,145.297378,-2.3157,1.6019,0.0000
31830000,51.0003631108,0.0004235766,22.0002,2.301410,0.673223,145.377580,-2.3170,1.5980,0.0000
31840000,51.0003629024,0.0004238039,22.0002,2.298951,0.674409,145.457721,-2.3183,1.5941,0.0000
31850000,51.0003626940,0.0004240307,22.0002,2.296490,0.675596,145.537798,-2.3195,1.5902,0.0000
31860000,51.0003624854,0.0004242570,22.0002,2.294027,0.676783,145.617811,-2.3208,1.5863,0.0000
31870000,51.0003622768,0.0004244827,22.0002,2.291563,0.677971,145.697761,-2.3221,1.5825,0.0000
31880000,51.0003620680,0.0004247079,22.0002,2.289098,0.679159,145.777646,-2.3233,1.5786,0.0000
31890000,51.0003618591,0.0004249325,22.0002,2.286631,0.680348,145.857467,-2.3246,1.5747,0.0000
31900000,51.0003616501,0.0004251565,22.0002,2.284162,0.681537,145.937222,-2.3258,1.5708,0.0000
31910000,51.0003614410,0.0004253800,22.0002,2.281692,0.682727,146.016911,-2.3270,1.5669,0.0000
31920000,51.0003612317,0.0004256029,22.0002,2.279220,0.683917,146.096535,-2.3282,1.5630,0.0000
31930000,51.0003610224,0.0004258253,22.0002,2.276748,0.685108,146.176092,-2.3294,1.5591,0.0000
31940000,51.0003608130,0.0004260471,22.0002,2.274273,0.686299,146.255582,-2.3306,1.5552,0.0000
31950000,51.0003606034,0.0004262684,22.0002,2.271797,0.687491,146.335005,-2.3318,1.5513,0.0000
31960000,51.0003603938,0.0004264891,22.0002,2.269320,0.688683,146.414360,-2.3330,1.5474,0.0000
31970000,51.0003601840,0.0004267092,22.0002,2.266841,0.689876,146.493647,-2.3341,1.5435,0.0000
31980000,51.0003599741,0.0004269288,22.0002,2.264360,0.691069,146.572866,-2.3353,1.5396,0.0000
31990000,51.0003597642,0.0004271479,22.0002,2.261878,0.692263,146.652015,-2.3364,1.5358,0.0000
32000000,51.0003595541,0.0004273664,22.0002,2.272232,0.744807,146.733288,-2.3376,1.5319,0.0000
32010000,51.0003593439,0.0004275843,22.0002,2.268624,0.743430,146.812180,-2.3386,1.5279,0.0006
32020000,51.0003591337,0.0004278017,22.0002,2.265025,0.742052,146.891002,-2.3397,1.5240,0.0011
32030000,51.0003589233,0.0004280185,22.0002,2.261433,0.740674,146.969754,-2.3407,1.5201,0.0017
32040000,51.0003587129,0.0004282348,22.0002,2.257851,0.739294,147.048435,-2.3418,1.5162,0.0022
32050000,51.0003585023,0.0004284505,22.0001,2.254277,0.737914,147.127045,-2.3428,1.5123,0.0028
32060000,51.0003582917,0.0004286657,22.0001,2.250711,0.736533,147.205584,-2.3438,1.5084,0.0033
32070000,51.0003580809,0.0004288803,22.0001,2.247153,0.735152,147.284052,-2.3448,1.5045,0.0039
32080000,51.0003578701,0.0004290943,22.0000,2.243604,0.733770,147.362446,-2.3458,1.5006,0.0044
32090000,51.0003576592,0.0004293078,22.0000,2.240064,0.732387,147.440769,-2.3468,1.4967,0.0050
32100000,51.0003574482,0.0004295207,21.9999,2.236531,0.731004,147.519018,-2.3478,1.4928,0.0055
32110000,51.0003572371,0.0004297331,21.9999,2.233007,0.729620,147.597195,-2.3488,1.4889,0.0061
32120000,51.0003570259,0.0004299449,21.9998,2.229491,0.728235,147.675297,-2.3498,1.4851,0.0066
32130000,51.0003568147,0.0004301562,21.9997,2.225984,0.726850,147.753325,-2.3508,1.4812,0.0072
32140000,51.0003566033,0.0004303669,21.9997,2.222485,0.725464,147.831279,-2.3518,1.4773,0.0077
32150000,51.0003563919,0.0004305771,21.9996,2.218993,0.724078,147.909159,-2.3527,1.4735,0.0083
32160000,51.0003561804,0.0004307867,21.9995,2.215510,0.722692,147.986963,-2.3537,1.4696,0.0088
32170000,51.0003559687,0.0004309958,21.9994,2.212036,0.721304,148.064691,-2.3547,1.4658,0.0093
32180000,51.0003557570,0.0004312043,21.9993,2.208569,0.719917,148.142343,-2.3556,1.4619,0.0099
32190000,51.0003555453,0.0004314123,21.9992,2.205110,0.718529,148.219920,-2.3565,1.4581,0.0104
32200000,51.0003553334,0.0004316198,21.9991,2.201660,0.717141,148.297419,-2.3575,1.4542,0.0110
32210000,51.0003551214,0.0004318266,21.9990,2.198217,0.715752,148.374842,-2.3584,1.4504,0.0115
32220000,51.0003549094,0.0004320330,21.9989,2.194783,0.714363,148.452187,-2.3593,1.4466,0.0121
32230000,51.0003546973,0.0004322388,21.9987,2.191356,0.712974,148.529454,-2.3602,1.4428,0.0126
32240000,51.0003544851,0.0004324440,21.9986,2.187938,0.711584,148.606644,-2.3612,1.4390,0.0131
32250000,51.0003542728,0.0004326488,21.9985,2.184527,0.710194,148.683754,-2.3621,1.4351,0.0137
32260000,51.0003540604,0.0004328529,21.9983,2.181125,0.708804,148.760786,-2.3630,1.4313,0.0142
32270000,51.0003538480,0.0004330566,21.9982,2.177730,0.707414,148.837739,-2.3639,1.4275,0.0147
32280000,51.0003536355,0.0004332596,21.9980,2.174343,0.706023,148.914613,-2.3647,1.4237,0.0153
32290000,51.0003534229,0.0004334622,21.9979,2.170964,0.704632,148.991406,-2.3656,1.4200,0.0158
32300000,51.0003532102,0.0004336642,21.9977,2.167593,0.703241,149.068120,-2.3665,1.4162,0.0164
32310000,51.0003529974,0.0004338657,21.9976,2.164230,0.701850,149.144753,-2.3674,1.4124,0.0169
32320000,51.0003527846,0.0004340666,21.9974,2.160874,0.700459,149.221305,-2.3682,1.4086,0.0174
32330000,51.0003525717,0.0004342670,21.9972,2.157526,0.699067,149.297776,-2.3691,1.4048,0.0180
32340000,51.0003523587,0.0004344669,21.9970,2.154186,0.697675,149.374165,-2.3699,1.4011,0.0185
32350000,51.0003521456,0.0004346662,21.9968,2.150854,0.696284,149.450472,-2.3708,1.3973,0.0190
32360000,51.0003519324,0.0004348650,21.9966,2.147529,0.694892,149.526698,-2.3716,1.3936,0.0195
32370000,51.0003517192,0.0004350632,21.9964,2.144212,0.693500,149.602840,-2.3724,1.3898,0.0201
32380000,51.0003515059,0.0004352609,21.9962,2.140903,0.692108,149.678900,-2.3733,1.3861,0.0206
32390000,51.0003512926,0.0004354581,21.9960,2.137601,0.690716,149.754877,-2.3741,1.3823,0.0211
32400000,51.0003510791,0.0004356548,21.9958,2.134307,0.689324,149.830770,-2.3749,1.3786,0.0217
32410000,51.0003508656,0.0004358509,21.9956,2.131021,0.687932,149.906579,-2.3757,1.3749,0.0222
32420000,51.0003506520,0.0004360465,21.9954,2.127742,0.686540,149.982305,-2.3765,1.3711,0.0227
32430000,51.0003504384,0.0004362415,21.9951,2.124470,0.685149,150.057947,-2.3773,1.3674,0.0232
32440000,51.0003502246,0.0004364361,21.9949,2.121206,0.683757,150.133504,-2.3781,1.3637,0.0238
32450000,51.0003500108,0.0004366301,21.9947,2.117950,0.682365,150.208979,-2.3789,1.3600,0.0243
32460000,51.0003497970,0.0004368235,21.9944,2.114701,0.680973,150.284370,-2.3797,1.3563,0.0248
32470000,51.0003495830,0.0004370165,21.9942,2.111460,0.679581,150.359678,-2.3805,1.3526,0.0253
32480000,51.0003493690,0.0004372089,21.9939,2.108226,0.678189,150.434902,-2.3812,1.3489,0.0259
32490000,51.0003491549,0.0004374008,21.9937,2.105000,0.676798,150.510044,-2.3820,1.3452,0.0264
32500000,51.0003489408,0.0004375922,21.9934,2.101780,0.675406,150.585103,-2.3827,1.3415,0.0269
32510000,51.0003487266,0.0004377830,21.9931,2.098569,0.674014,150.660079,-2.3835,1.3378,0.0274
32520000,51.0003485123,0.0004379733,21.9928,2.095365,0.672622,150.734972,-2.3843,1.3342,0.0279
32530000,51.0003482979,0.0004381631,21.9926,2.092168,0.671231,150.809783,-2.3850,1.3305,0.0285
32540000,51.0003480835,0.0004383524,21.9923,2.088978,0.669839,150.884511,-2.3857,1.3268,0.0290
32550000,51.0003478690,0.0004385411,21.9920,2.085796,0.668447,150.959157,-2.3865,1.3232,0.0295
32560000,51.0003476545,0.0004387294,21.9917,2.082621,0.667055,151.033721,-2.3872,1.3195,0.0300
32570000,51.0003474399,0.0004389171,21.9914,2.079454,0.665664,151.108204,-2.3879,1.3159,0.0305
32580000,51.0003472252,0.0004391043,21.9911,2.076294,0.664272,151.182604,-2.3886,1.3122,0.0311
32590000,51.0003470104,0.0004392909,21.9908,2.073141,0.662881,151.256922,-2.3893,1.3086,0.0316
32600000,51.0003467956,0.0004394771,21.9904,2.069995,0.661489,151.331159,-2.3900,1.3049,0.0321
32610000,51.0003465808,0.0004396627,21.9901,2.066857,0.660097,151.405315,-2.3907,1.3013,0.0326
32620000,51.0003463658,0.0004398478,21.9898,2.063726,0.658706,151.479389,-2.3914,1.2977,0.0331
32630000,51.0003461508,0.0004400324,21.9895,2.060602,0.657314,151.553382,-2.3921,1.2940,0.0336
32640000,51.0003459358,0.0004402165,21.9891,2.057485,0.655923,151.627293,-2.3928,1.2904,0.0341
32650000,51.0003457207,0.0004404001,21.9888,2.054376,0.654531,151.701124,-2.3935,1.2868,0.0346
32660000,51.0003455055,0.0004405832,21.9884,2.051273,0.653140,151.774874,-2.3942,1.2832,0.0352
32670000,51.0003452902,0.0004407657,21.9881,2.048178,0.651748,151.848543,-2.3948,1.2796,0.0357
32680000,51.0003450749,0.0004409477,21.9877,2.045090,0.650357,151.922132,-2.3955,1.2760,0.0362
32690000,51.0003448596,0.0004411292,21.9873,2.042009,0.648965,151.995640,-2.3962,1.2724,0.0367
32700000,51.0003446442,0.0004413102,21.9870,2.038935,0.647574,152.069068,-2.3968,1.2688,0.0372
32710000,51.0003444287,0.0004414907,21.9866,2.035869,0.646183,152.142415,-2.3975,1.2652,0.0377
32720000,51.0003442131,0.0004416707,21.9862,2.032809,0.644791,152.215683,-2.3981,1.2617,0.0382
32730000,51.0003439975,0.0004418502,21.9858,2.029756,0.643400,152.288871,-2.3988,1.2581,0.0387
32740000,51.0003437819,0.0004420292,21.9854,2.026711,0.642009,152.361978,-2.3994,1.2545,0.0392
32750000,51.0003435662,0.0004422076,21.9851,2.023672,0.640617,152.435006,-2.4000,1.2510,0.0397
32760000,51.0003433504,0.0004423856,21.9847,2.020641,0.639226,152.507955,-2.4007,1.2474,0.0402
32770000,51.0003431346,0.0004425630,21.9842,2.017616,0.637835,152.580823,-2.4013,1.2439,0.0407
32780000,51.0003429187,0.0004427400,21.9838,2.014599,0.636443,152.653613,-2.4019,1.2403,0.0412
32790000,51.0003427028,0.0004429164,21.9834,2.011588,0.635052,152.726323,-2.4025,1.2368,0.0417
32800000,51.0003424868,0.0004430923,21.9830,2.008585,0.633661,152.798954,-2.4031,1.2332,0.0422
32810000,51.0003422708,0.0004432677,21.9826,2.005588,0.632270,152.871507,-2.4037,1.2297,0.0427
32820000,51.0003420547,0.0004434427,21.9821,2.002599,0.630878,152.943980,-2.4043,1.2262,0.0432
32830000,51.0003418385,0.0004436171,21.9817,1.999616,0.629487,153.016375,-2.4049,1.2226,0.0437
32840000,51.0003416223,0.0004437910,21.9813,1.996640,0.628096,153.088691,-2.4055,1.2191,0.0442
32850000,51.0003414061,0.0004439644,21.9808,1.993671,0.626705,153.160928,-2.4061,1.2156,0.0447
32860000,51.0003411898,0.0004441373,21.9804,1.990709,0.625314,153.233087,-2.4067,1.2121,0.0452
32870000,51.0003409734,0.0004443098,21.9799,1.987753,0.623923,153.305168,-2.4072,1.2086,0.0457
32880000,51.0003407570,0.0004444817,21.9795,1.984805,0.622532,153.377171,-2.4078,1.2051,0.0462
32890000,51.0003405405,0.0004446531,21.9790,1.981863,0.621141,153.449096,-2.4084,1.2016,0.0467
32900000,51.0003403240,0.0004448240,21.9785,1.978928,0.619750,153.520943,-2.4089,1.1981,0.0472
32910000,51.0003401075,0.0004449944,21.9781,1.976000,0.618359,153.592712,-2.4095,1.1946,0.0477
32920000,51.0003398909,0.0004451644,21.9776,1.973079,0.616968,153.664403,-2.4100,1.1911,0.0482
32930000,51.0003396742,0.0004453338,21.9771,1.970164,0.615577,153.736017,-2.4106,1.1877,0.0487
32940000,51.0003394575,0.0004455027,21.9766,1.967257,0.614186,153.807554,-2.4111,1.1842,0.0492
32950000,51.0003392407,0.0004456712,21.9761,1.964356,0.612795,153.879013,-2.4117,1.1807,0.0496
32960000,51.0003390239,0.0004458391,21.9756,1.961461,0.611404,153.950395,-2.4122,1.1772,0.0501
32970000,51.0003388071,0.0004460066,21.9751,1.958573,0.610013,154.021700,-2.4127,1.1738,0.0506
32980000,51.0003385902,0.0004461736,21.9746,1.955692,0.608622,154.092929,-2.4133,1.1703,0.0511
32990000,51.0003383732,0.0004463400,21.9741,1.952818,0.607231,154.164080,-2.4138,1.1669,0.0516
33000000,51.0003381562,0.0004465060,21.9736,1.949951,0.605840,154.235155,-2.4143,1.1634,0.0521
33010000,51.0003379392,0.0004466715,21.9730,1.947089,0.604449,154.306153,-2.4148,1.1600,0.0526
33020000,51.0003377221,0.0004468365,21.9725,1.944235,0.603058,154.377074,-2.4153,1.1566,0.0531
33030000,51.0003375050,0.0004470010,21.9720,1.941387,0.601668,154.447920,-2.4158,1.1531,0.0535
33040000,51.0003372878,0.0004471650,21.9714,1.938546,0.600277,154.518689,-2.4163,1.1497,0.0540
33050000,51.0003370706,0.0004473286,21.9709,1.935711,0.598886,154.589382,-2.4168,1.1463,0.0545
33060000,51.0003368533,0.0004474916,21.9704,1.932883,0.597495,154.659999,-2.4173,1.1429,0.0550
33070000,51.0003366360,0.0004476542,21.9698,1.930062,0.596105,154.730540,-2.4178,1.1395,0.0555
33080000,51.0003364186,0.0004478163,21.9692,1.927247,0.594714,154.801006,-2.4183,1.1361,0.0559
33090000,51.0003362012,0.0004479779,21.9687,1.924438,0.593323,154.871396,-2.4188,1.1327,0.0564
33100000,51.0003359838,0.0004481390,21.9681,1.921636,0.591933,154.941710,-2.4192,1.1293,0.0569
33110000,51.0003357663,0.0004482996,21.9675,1.918841,0.590542,155.011949,-2.4197,1.1259,0.0574
33120000,51.0003355488,0.0004484598,21.9670,1.916052,0.589151,155.082113,-2.4202,1.1225,0.0579
33130000,51.0003353312,0.0004486194,21.9664,1.913270,0.587761,155.152201,-2.4206,1.1191,0.0583
33140000,51.0003351136,0.0004487786,21.9658,1.910493,0.586370,155.222215,-2.4211,1.1157,0.0588
33150000,51.0003348960,0.0004489373,21.9652,1.907724,0.584980,155.292153,-2.4215,1.1124,0.0593
33160000,51.0003346783,0.0004490955,21.9646,1.904961,0.583589,155.362017,-2.4220,1.1090,0.0598
33170000,51.0003344605,0.0004492533,21.9640,1.902204,0.582199,155.431806,-2.4224,1.1056,0.0602
33180000,51.0003342428,0.0004494105,21.9634,1.899453,0.580808,155.501521,-2.4229,1.1023,0.0607
33190000,51.0003340250,0.0004495673,21.9628,1.896709,0.579418,155.571161,-2.4233,1.0989,0.0612
33200000,51.0003338071,0.0004497236,21.9622,1.893972,0.578027,155.640727,-2.4238,1.0956,0.0617
33210000,51.0003335892,0.0004498795,21.9616,1.891240,0.576637,155.710218,-2.4242,1.0922,0.0621
33220000,51.0003333713,0.0004500348,21.9609,1.888515,0.575246,155.779636,-2.4246,1.0889,0.0626
33230000,51.0003331533,0.0004501897,21.9603,1.885797,0.573856,155.848979,-2.4251,1.0856,0.0631
33240000,51.0003329353,0.0004503441,21.9597,1.883084,0.572465,155.918249,-2.4255,1.0822,0.0635
33250000,51.0003327173,0.0004504980,21.9590,1.880378,0.571075,155.987445,-2.4259,1.0789,0.0640
33260000,51.0003324992,0.0004506515,21.9584,1.877678,0.569685,156.056567,-2.4263,1.0756,0.0645
33270000,51.0003322811,0.0004508045,21.9578,1.874985,0.568294,156.125615,-2.4267,1.0723,0.0650
33280000,51.0003320629,0.0004509570,21.9571,1.872298,0.566904,156.194591,-2.4271,1.0690,0.0654
33290000,51.0003318447,0.0004511090,21.9564,1.869617,0.565514,156.263493,-2.4275,1.0657,0.0659
33300000,51.0003316265,0.0004512606,21.9558,1.866942,0.564123,156.332321,-2.4279,1.0624,0.0664
33310000,51.0003314083,0.0004514117,21.9551,1.864273,0.562733,156.401077,-2.4283,1.0591,0.0668
33320000,51.0003311900,0.0004515623,21.9544,1.861611,0.561343,156.469760,-2.4287,1.0558,0.0673
33330000,51.0003309716,0.0004517125,21.9538,1.858954,0.559953,156.538369,-2.4291,1.0525,0.0677
33340000,51.0003307533,0.0004518622,21.9531,1.856304,0.558563,156.606906,-2.4295,1.0492,0.0682
33350000,51.0003305349,0.0004520114,21.9524,1.853660,0.557172,156.675371,-2.4299,1.0459,0.0687
33360000,51.0003303164,0.0004521602,21.9517,1.851023,0.555782,156.743763,-2.4302,1.0426,0.0691
33370000,51.0003300980,0.0004523085,21.9510,1.848391,0.554392,156.812082,-2.4306,1.0394,0.0696
33380000,51.0003298795,0.0004524563,21.9503,1.845765,0.553002,156.880329,-2.4310,1.0361,0.0701
33390000,51.0003296609,0.0004526037,21.9496,1.843146,0.551612,156.948504,-2.4313,1.0328,0.0705
33400000,51.0003294424,0.0004527506,21.9489,1.840533,0.550222,157.016607,-2.4317,1.0296,0.0710
33410000,51.0003292238,0.0004528970,21.9482,1.837925,0.548832,157.084638,-2.4321,1.0263,0.0714
33420000,51.0003290051,0.0004530430,21.9475,1.835324,0.547442,157.152597,-2.4324,1.0231,0.0719
33430000,51.0003287865,0.0004531885,21.9468,1.832729,0.546052,157.220485,-2.4328,1.0198,0.0723
33440000,51.0003285678,0.0004533335,21.9460,1.830140,0.544662,157.288301,-2.4331,1.0166,0.0728
33450000,51.0003283490,0.0004534781,21.9453,1.827557,0.543272,157.356045,-2.4335,1.0134,0.0733
33460000,51.0003281303,0.0004536223,21.9446,1.824979,0.541882,157.423718,-2.4338,1.0101,0.0737
33470000,51.0003279115,0.0004537659,21.9438,1.822408,0.540492,157.491319,-2.4342,1.0069,0.0742
33480000,51.0003276927,0.0004539091,21.9431,1.819843,0.539102,157.558850,-2.4345,1.0037,0.0746
33490000,51.0003274738,0.0004540519,21.9423,1.817284,0.537712,157.626309,-2.4348,1.0005,0.0751
33500000,51.0003272549,0.0004541942,21.9416,1.814731,0.536322,157.693697,-2.4352,0.9973,0.0755
33510000,51.0003270360,0.0004543360,21.9408,1.812183,0.534932,157.761015,-2.4355,0.9941,0.0760
33520000,51.0003268171,0.0004544774,21.9401,1.809642,0.533542,157.828262,-2.4358,0.9909,0.0764
33530000,51.0003265981,0.0004546183,21.9393,1.807106,0.532153,157.895438,-2.4361,0.9877,0.0769
33540000,51.0003263791,0.0004547588,21.9385,1.804577,0.530763,157.962543,-2.4365,0.9845,0.0773
33550000,51.0003261601,0.0004548988,21.9378,1.802053,0.529373,158.029578,-2.4368,0.9813,0.0778
33560000,51.0003259411,0.0004550384,21.9370,1.799535,0.527983,158.096543,-2.4371,0.9781,0.0782
33570000,51.0003257220,0.0004551775,21.9362,1.797023,0.526594,158.163438,-2.4374,0.9749,0.0787
33580000,51.0003255029,0.0004553161,21.9354,1.794517,0.525204,158.230262,-2.4377,0.9718,0.0791
33590000,51.0003252837,0.0004554543,21.9346,1.792017,0.523814,158.297017,-2.4380,0.9686,0.0796
33600000,51.0003250646,0.0004555921,21.9338,1.789522,0.522424,158.363702,-2.4383,0.9654,0.0800
33610000,51.0003248454,0.0004557294,21.9330,1.787033,0.521035,158.430317,-2.4386,0.9623,0.0804
33620000,51.0003246262,0.0004558663,21.9322,1.784551,0.519645,158.496862,-2.4389,0.9591,0.0809
33630000,51.0003244069,0.0004560027,21.9314,1.782073,0.518256,158.563337,-2.4392,0.9559,0.0813
33640000,51.0003241877,0.0004561386,21.9306,1.779602,0.516866,158.629744,-2.4395,0.9528,0.0818
33650000,51.0003239684,0.0004562741,21.9298,1.777136,0.515476,158.696081,-2.4397,0.9497,0.0822
33660000,51.0003237491,0.0004564092,21.9289,1.774677,0.514087,158.762348,-2.4400,0.9465,0.0827
33670000,51.0003235297,0.0004565438,21.9281,1.772222,0.512697,158.828547,-2.4403,0.9434,0.0831
33680000,51.0003233103,0.0004566779,21.9273,1.769774,0.511308,158.894676,-2.4406,0.9403,0.0835
33690000,51.0003230909,0.0004568117,21.9264,1.767331,0.509918,158.960737,-2.4408,0.9371,0.0840
33700000,51.0003228715,0.0004569449,21.9256,1.764894,0.508529,159.026729,-2.4411,0.9340,0.0844
33710000,51.0003226521,0.0004570778,21.9247,1.762463,0.507139,159.092652,-2.4414,0.9309,0.0848
33720000,51.0003224326,0.0004572102,21.9239,1.760037,0.505750,159.158506,-2.4416,0.9278,0.0853
33730000,51.0003222131,0.0004573421,21.9230,1.757617,0.504361,159.224292,-2.4419,0.9247,0.0857
33740000,51.0003219936,0.0004574736,21.9222,1.755203,0.502971,159.290010,-2.4422,0.9216,0.0862
33750000,51.0003217741,0.0004576047,21.9213,1.752794,0.501582,159.355659,-2.4424,0.9185,0.0866
33760000,51.0003215545,0.0004577353,21.9204,1.750391,0.500193,159.421240,-2.4427,0.9154,0.0870
33770000,51.0003213350,0.0004578655,21.9196,1.747993,0.498803,159.486753,-2.4429,0.9123,0.0875
33780000,51.0003211153,0.0004579952,21.9187,1.745601,0.497414,159.552198,-2.4432,0.9092,0.0879
33790000,51.0003208957,0.0004581245,21.9178,1.743215,0.496025,159.617576,-2.4434,0.9061,0.0883
33800000,51.0003206761,0.0004582533,21.9169,1.740834,0.494635,159.682885,-2.4436,0.9030,0.0887
33810000,51.0003204564,0.0004583818,21.9160,1.738458,0.493246,159.748127,-2.4439,0.9000,0.0892
33820000,51.0003202367,0.0004585098,21.9151,1.736089,0.491857,159.813301,-2.4441,0.8969,0.0896
33830000,51.0003200170,0.0004586373,21.9142,1.733724,0.490468,159.878408,-2.4444,0.8938,0.0900
33840000,51.0003197973,0.0004587644,21.9133,1.731366,0.489078,159.943448,-2.4446,0.8908,0.0905
33850000,51.0003195775,0.0004588911,21.9124,1.729012,0.487689,160.008420,-2.4448,0.8877,0.0909
33860000,51.0003193578,0.0004590173,21.9115,1.726665,0.486300,160.073325,-2.4450,0.8847,0.0913
33870000,51.0003191380,0.0004591431,21.9106,1.724322,0.484911,160.138163,-2.4453,0.8816,0.0917
33880000,51.0003189182,0.0004592685,21.9097,1.721985,0.483522,160.202934,-2.4455,0.8786,0.0922
33890000,51.0003186983,0.0004593934,21.9088,1.719654,0.482133,160.267638,-2.4457,0.8755,0.0926
33900000,51.0003184785,0.0004595179,21.9078,1.717328,0.480744,160.332276,-2.4459,0.8725,0.0930
33910000,51.0003182586,0.0004596420,21.9069,1.715007,0.479355,160.396847,-2.4461,0.8695,0.0934
33920000,51.0003180387,0.0004597657,21.9060,1.712692,0.477966,160.461351,-2.4463,0.8664,0.0939
33930000,51.0003178188,0.0004598889,21.9050,1.710383,0.476577,160.525789,-2.4465,0.8634,0.0943
33940000,51.0003175989,0.0004600116,21.9041,1.708078,0.475188,160.590161,-2.4468,0.8604,0.0947
33950000,51.0003173789,0.0004601340,21.9031,1.705779,0.473799,160.654466,-2.4470,0.8574,0.0951
33960000,51.0003171590,0.0004602559,21.9022,1.703486,0.472410,160.718706,-2.4472,0.8544,0.0956
33970000,51.0003169390,0.0004603774,21.9012,1.701197,0.471021,160.782879,-2.4474,0.8514,0.0960
33980000,51.0003167190,0.0004604985,21.9003,1.698915,0.469632,160.846986,-2.4475,0.8484,0.0964
33990000,51.0003164990,0.0004606191,21.8993,1.696637,0.468243,160.911028,-2.4477,0.8454,0.0968
34000000,51.0003162789,0.0004607393,21.8983,1.694365,0.466854,160.975004,-2.4479,0.8424,0.0972
34010000,51.0003160589,0.0004608591,21.8974,1.692098,0.465466,161.038914,-2.4481,0.8394,0.0976
34020000,51.0003158388,0.0004609785,21.8964,1.689836,0.464077,161.102759,-2.4483,0.8364,0.0981
34030000,51.0003156187,0.0004610974,21.8954,1.687580,0.462688,161.166538,-2.4485,0.8334,0.0985
34040000,51.0003153986,0.0004612159,21.8944,1.685328,0.461299,161.230252,-2.4487,0.8305,0.0989
34050000,51.0003151785,0.0004613340,21.8934,1.683083,0.459910,161.293901,-2.4488,0.8275,0.0993
34060000,51.0003149584,0.0004614517,21.8924,1.680842,0.458522,161.357485,-2.4490,0.8245,0.0997
34070000,51.0003147382,0.0004615689,21.8914,1.678606,0.457133,161.421003,-2.4492,0.8215,0.1001
34080000,51.0003145181,0.0004616857,21.8904,1.676376,0.455744,161.484457,-2.4494,0.8186,0.1005
34090000,51.0003142979,0.0004618021,21.8894,1.674151,0.454356,161.547846,-2.4495,0.8156,0.1009
34100000,51.0003140777,0.0004619181,21.8884,1.671931,0.452967,161.611170,-2.4497,0.8127,0.1014
34110000,51.0003138575,0.0004620337,21.8874,1.669717,0.451578,161.674430,-2.4499,0.8097,0.1018
34120000,51.0003136373,0.0004621488,21.8864,1.667507,0.450190,161.737625,-2.4500,0.8068,0.1022
34130000,51.0003134170,0.0004622635,21.8853,1.665303,0.448801,161.800756,-2.4502,0.8039,0.1026
34140000,51.0003131968,0.0004623779,21.8843,1.663104,0.447413,161.863822,-2.4504,0.8009,0.1030
34150000,51.0003129765,0.0004624917,21.8833,1.660910,0.446024,161.926824,-2.4505,0.7980,0.1034
34160000,51.0003127562,0.0004626052,21.8822,1.658721,0.444636,161.989762,-2.4507,0.7951,0.1038
34170000,51.0003125359,0.0004627183,21.8812,1.656537,0.443247,162.052636,-2.4508,0.7921,0.1042
34180000,51.0003123156,0.0004628309,21.8802,1.654359,0.441859,162.115446,-2.4510,0.7892,0.1046
34190000,51.0003120953,0.0004629431,21.8791,1.652185,0.440470,162.178192,-2.4511,0.7863,0.1050
34200000,51.0003118750,0.0004630549,21.8781,1.650016,0.439082,162.240874,-2.4513,0.7834,0.1054
34210000,51.0003116546,0.0004631663,21.8770,1.647853,0.437693,162.303493,-2.4514,0.7805,0.1058
34220000,51.0003114343,0.0004632773,21.8759,1.645695,0.436305,162.366048,-2.4516,0.7776,0.1062
34230000,51.0003112139,0.0004633878,21.8749,1.643541,0.434917,162.428540,-2.4517,0.7747,0.1066
34240000,51.0003109935,0.0004634980,21.8738,1.641393,0.433528,162.490969,-2.4518,0.7718,0.1070
34250000,51.0003107731,0.0004636077,21.8727,1.639250,0.432140,162.553334,-2.4520,0.7689,0.1074
34260000,51.0003105527,0.0004637171,21.8717,1.637111,0.430752,162.615636,-2.4521,0.7660,0.1078
34270000,51.0003103323,0.0004638260,21.8706,1.634978,0.429363,162.677875,-2.4522,0.7632,0.1082
34280000,51.0003101118,0.0004639345,21.8695,1.632850,0.427975,162.740051,-2.4524,0.7603,0.1086
34290000,51.0003098914,0.0004640426,21.8684,1.630726,0.426587,162.802164,-2.4525,0.7574,0.1090
34300000,51.0003096709,0.0004641503,21.8673,1.628608,0.425199,162.864214,-2.4526,0.7545,0.1094
34310000,51.0003094505,0.0004642576,21.8662,1.626495,0.423811,162.926202,-2.4527,0.7517,0.1098
34320000,51.0003092300,0.0004643644,21.8651,1.624386,0.422422,162.988127,-2.4529,0.7488,0.1102
34330000,51.0003090095,0.0004644709,21.8640,1.622283,0.421034,163.049989,-2.4530,0.7459,0.1106
34340000,51.0003087890,0.0004645770,21.8629,1.620184,0.419646,163.111789,-2.4531,0.7431,0.1110
34350000,51.0003085685,0.0004646826,21.8618,1.618090,0.418258,163.173527,-2.4532,0.7402,0.1114
34360000,51.0003083480,0.0004647879,21.8607,1.616001,0.416870,163.235203,-2.4533,0.7374,0.1118
34370000,51.0003081274,0.0004648927,21.8596,1.613917,0.415482,163.296816,-2.4535,0.7346,0.1122
34380000,51.0003079069,0.0004649971,21.8584,1.611838,0.414094,163.358368,-2.4536,0.7317,0.1126
34390000,51.0003076863,0.0004651012,21.8573,1.609764,0.412706,163.419857,-2.4537,0.7289,0.1129
34400000,51.0003074658,0.0004652048,21.8562,1.607695,0.411318,163.481285,-2.4538,0.7261,0.1133
34410000,51.0003072452,0.0004653080,21.8550,1.605630,0.409930,163.542651,-2.4539,0.7232,0.1137
34420000,51.0003070246,0.0004654109,21.8539,1.603570,0.408542,163.603955,-2.4540,0.7204,0.1141
34430000,51.0003068040,0.0004655133,21.8528,1.601515,0.407154,163.665198,-2.4541,0.7176,0.1145
34440000,51.0003065834,0.0004656153,21.8516,1.599465,0.405766,163.726379,-2.4542,0.7148,0.1149
34450000,51.0003063628,0.0004657169,21.8505,1.597420,0.404378,163.787499,-2.4543,0.7120,0.1153
34460000,51.0003061422,0.0004658181,21.8493,1.595379,0.402990,163.848558,-2.4544,0.7092,0.1157
34470000,51.0003059216,0.0004659190,21.8481,1.593344,0.401602,163.909555,-2.4545,0.7064,0.1160
34480000,51.0003057009,0.0004660194,21.8470,1.591313,0.400214,163.970491,-2.4546,0.7036,0.1164
34490000,51.0003054803,0.0004661194,21.8458,1.589286,0.398827,164.031367,-2.4547,0.7008,0.1168
34500000,51.0003052596,0.0004662190,21.8446,1.587265,0.397439,164.092181,-2.4548,0.6980,0.1172
34510000,51.0003050390,0.0004663183,21.8435,1.585248,0.396051,164.152935,-2.4549,0.6952,0.1176
34520000,51.0003048183,0.0004664171,21.8423,1.583236,0.394663,164.213628,-2.4549,0.6924,0.1179
34530000,51.0003045976,0.0004665155,21.8411,1.581229,0.393276,164.274260,-2.4550,0.6896,0.1183
34540000,51.0003043769,0.0004666136,21.8399,1.579226,0.391888,164.334831,-2.4551,0.6868,0.1187
34550000,51.0003041562,0.0004667112,21.8387,1.577228,0.390500,164.395343,-2.4552,0.6841,0.1191
34560000,51.0003039355,0.0004668085,21.8375,1.575235,0.389113,164.455793,-2.4553,0.6813,0.1195
34570000,51.0003037148,0.0004669053,21.8364,1.573246,0.387725,164.516184,-2.4554,0.6785,0.1198
34580000,51.0003034941,0.0004670018,21.8352,1.571262,0.386337,164.576514,-2.4554,0.6758,0.1202
34590000,51.0003032734,0.0004670979,21.8339,1.569283,0.384950,164.636785,-2.4555,0.6730,0.1206
34600000,51.0003030527,0.0004671935,21.8327,1.567308,0.383562,164.696995,-2.4556,0.6703,0.1210
34610000,51.0003028319,0.0004672888,21.8315,1.565338,0.382175,164.757145,-2.4557,0.6675,0.1213
34620000,51.0003026112,0.0004673837,21.8303,1.563372,0.380787,164.817236,-2.4557,0.6648,0.1217
34630000,51.0003023905,0.0004674782,21.8291,1.561411,0.379399,164.877267,-2.4558,0.6620,0.1221
34640000,51.0003021697,0.0004675723,21.8279,1.559455,0.378012,164.937238,-2.4559,0.6593,0.1225
34650000,51.0003019489,0.0004676661,21.8266,1.557503,0.376624,164.997149,-2.4560,0.6566,0.1228
34660000,51.0003017282,0.0004677594,21.8254,1.555556,0.375237,165.057001,-2.4560,0.6538,0.1232
34670000,51.0003015074,0.0004678523,21.8242,1.553613,0.373850,165.116794,-2.4561,0.6511,0.1236
34680000,51.0003012866,0.0004679449,21.8229,1.551675,0.372462,165.176528,-2.4561,0.6484,0.1239
34690000,51.0003010658,0.0004680371,21.8217,1.549742,0.371075,165.236202,-2.4562,0.6457,0.1243
34700000,51.0003008451,0.0004681289,21.8205,1.547813,0.369687,165.295817,-2.4563,0.6430,0.1247
34710000,51.0003006243,0.0004682202,21.8192,1.545888,0.368300,165.355373,-2.4563,0.6402,0.1251
34720000,51.0003004035,0.0004683113,21.8180,1.543968,0.366913,165.414870,-2.4564,0.6375,0.1254
34730000,51.0003001827,0.0004684019,21.8167,1.542053,0.365525,165.474308,-2.4564,0.6348,0.1258
34740000,51.0002999618,0.0004684921,21.8154,1.540142,0.364138,165.533688,-2.4565,0.6321,0.1262
34750000,51.0002997410,0.0004685820,21.8142,1.538235,0.362751,165.593009,-2.4566,0.6294,0.1265
34760000,51.0002995202,0.0004686715,21.8129,1.536333,0.361364,165.652271,-2.4566,0.6267,0.1269
34770000,51.0002992994,0.0004687605,21.8116,1.534435,0.359976,165.711475,-2.4567,0.6240,0.1272
34780000,51.0002990786,0.0004688492,21.8104,1.532542,0.358589,165.770620,-2.4567,0.6214,0.1276
34790000,51.0002988577,0.0004689376,21.8091,1.530653,0.357202,165.829707,-2.4568,0.6187,0.1280
34800000,51.0002986369,0.0004690255,21.8078,1.528769,0.355815,165.888736,-2.4568,0.6160,0.1283
34810000,51.0002984160,0.0004691131,21.8065,1.526889,0.354428,165.947707,-2.4569,0.6133,0.1287
34820000,51.0002981952,0.0004692002,21.8052,1.525013,0.353041,166.006619,-2.4569,0.6107,0.1291
34830000,51.0002979744,0.0004692870,21.8039,1.523142,0.351654,166.065474,-2.4569,0.6080,0.1294
34840000,51.0002977535,0.0004693735,21.8026,1.521275,0.350267,166.124270,-2.4570,0.6053,0.1298
34850000,51.0002975326,0.0004694595,21.8013,1.519413,0.348880,166.183009,-2.4570,0.6027,0.1301
34860000,51.0002973118,0.0004695452,21.8000,1.517555,0.347492,166.241690,-2.4571,0.6000,0.1305
34870000,51.0002970909,0.0004696304,21.7987,1.515701,0.346105,166.300314,-2.4571,0.5974,0.1308
34880000,51.0002968700,0.0004697154,21.7974,1.513852,0.344719,166.358880,-2.4571,0.5947,0.1312
34890000,51.0002966492,0.0004697999,21.7961,1.512006,0.343332,166.417388,-2.4572,0.5921,0.1316
34900000,51.0002964283,0.0004698840,21.7948,1.510166,0.341945,166.475839,-2.4572,0.5894,0.1319
34910000,51.0002962074,0.0004699678,21.7935,1.508329,0.340558,166.534233,-2.4573,0.5868,0.1323
34920000,51.0002959865,0.0004700512,21.7921,1.506497,0.339171,166.592570,-2.4573,0.5841,0.1326
34930000,51.0002957657,0.0004701342,21.7908,1.504669,0.337784,166.650849,-2.4573,0.5815,0.1330
34940000,51.0002955448,0.0004702169,21.7895,1.502846,0.336397,166.709071,-2.4574,0.5789,0.1333
34950000,51.0002953239,0.0004702992,21.7881,1.501026,0.335010,166.767237,-2.4574,0.5763,0.1337
34960000,51.0002951030,0.0004703811,21.7868,1.499211,0.333623,166.825345,-2.4574,0.5736,0.1340
34970000,51.0002948821,0.0004704626,21.7855,1.497400,0.332237,166.883397,-2.4574,0.5710,0.1344
34980000,51.0002946612,0.0004705437,21.7841,1.495594,0.330850,166.941392,-2.4575,0.5684,0.1347
34990000,51.0002944403,0.0004706245,21.7828,1.493791,0.329463,166.999330,-2.4575,0.5658,0.1351
35000000,51.0002942194,0.0004707049,21.7814,1.491993,0.328076,167.057212,-2.4575,0.5632,0.1354
35010000,51.0002939985,0.0004707850,21.7801,1.490199,0.326690,167.115038,-2.4575,0.5606,0.1358
35020000,51.0002937776,0.0004708646,21.7787,1.488409,0.325303,167.172807,-2.4576,0.5580,0.1361
35030000,51.0002935567,0.0004709439,21.7773,1.486624,0.323916,167.230519,-2.4576,0.5554,0.1365
35040000,51.0002933358,0.0004710229,21.7760,1.484842,0.322530,167.288176,-2.4576,0.5528,0.1368
35050000,51.0002931148,0.0004711014,21.7746,1.483065,0.321143,167.345776,-2.4576,0.5502,0.1371
35060000,51.0002928939,0.0004711796,21.7732,1.481292,0.319757,167.403320,-2.4577,0.5476,0.1375
35070000,51.0002926730,0.0004712574,21.7719,1.479523,0.318370,167.460809,-2.4577,0.5450,0.1378
35080000,51.0002924521,0.0004713349,21.7705,1.477758,0.316983,167.518241,-2.4577,0.5424,0.1382
35090000,51.0002922312,0.0004714120,21.7691,1.475998,0.315597,167.575618,-2.4577,0.5399,0.1385
35100000,51.0002920103,0.0004714887,21.7677,1.474241,0.314210,167.632938,-2.4577,0.5373,0.1389
35110000,51.0002917893,0.0004715651,21.7663,1.472489,0.312824,167.690204,-2.4577,0.5347,0.1392
35120000,51.0002915684,0.0004716411,21.7649,1.470740,0.311437,167.747413,-2.4577,0.5322,0.1395
35130000,51.0002913475,0.0004717167,21.7635,1.468996,0.310051,167.804568,-2.4578,0.5296,0.1399
35140000,51.0002911266,0.0004717919,21.7621,1.467256,0.308665,167.861666,-2.4578,0.5270,0.1402
35150000,51.0002909056,0.0004718668,21.7607,1.465520,0.307278,167.918710,-2.4578,0.5245,0.1405
35160000,51.0002906847,0.0004719414,21.7593,1.463788,0.305892,167.975698,-2.4578,0.5219,0.1409
35170000,51.0002904638,0.0004720155,21.7579,1.462059,0.304505,168.032631,-2.4578,0.5194,0.1412
35180000,51.0002902429,0.0004720893,21.7565,1.460336,0.303119,168.089509,-2.4578,0.5168,0.1416
35190000,51.0002900219,0.0004721628,21.7551,1.458616,0.301733,168.146332,-2.4578,0.5143,0.1419
35200000,51.0002898010,0.0004722358,21.7536,1.456900,0.300347,168.203100,-2.4578,0.5117,0.1422
35210000,51.0002895801,0.0004723086,21.7522,1.455188,0.298960,168.259813,-2.4578,0.5092,0.1426
35220000,51.0002893591,0.0004723809,21.7508,1.453480,0.297574,168.316472,-2.4578,0.5067,0.1429
35230000,51.0002891382,0.0004724529,21.7494,1.451776,0.296188,168.373076,-2.4578,0.5041,0.1432
35240000,51.0002889173,0.0004725246,21.7479,1.450076,0.294802,168.429625,-2.4578,0.5016,0.1435
35250000,51.0002886963,0.0004725958,21.7465,1.448380,0.293415,168.486119,-2.4579,0.4991,0.1439
35260000,51.0002884754,0.0004726667,21.7451,1.446688,0.292029,168.542560,-2.4579,0.4966,0.1442
35270000,51.0002882545,0.0004727373,21.7436,1.445000,0.290643,168.598945,-2.4579,0.4941,0.1445
35280000,51.0002880335,0.0004728075,21.7422,1.443316,0.289257,168.655277,-2.4579,0.4915,0.1449
35290000,51.0002878126,0.0004728774,21.7407,1.441635,0.287871,168.711554,-2.4579,0.4890,0.1452
35300000,51.0002875917,0.0004729468,21.7393,1.439959,0.286485,168.767778,-2.4579,0.4865,0.1455
35310000,51.0002873707,0.0004730160,21.7378,1.438287,0.285099,168.823947,-2.4579,0.4840,0.1458
35320000,51.0002871498,0.0004730847,21.7363,1.436618,0.283713,168.880062,-2.4579,0.4815,0.1462
35330000,51.0002869289,0.0004731532,21.7349,1.434954,0.282327,168.936123,-2.4578,0.4790,0.1465
35340000,51.0002867079,0.0004732212,21.7334,1.433293,0.280941,168.992131,-2.4578,0.4765,0.1468
35350000,51.0002864870,0.0004732889,21.7319,1.431636,0.279555,169.048084,-2.4578,0.4740,0.1471
35360000,51.0002862661,0.0004733563,21.7305,1.429983,0.278169,169.103984,-2.4578,0.4716,0.1475
35370000,51.0002860451,0.0004734233,21.7290,1.428334,0.276783,169.159831,-2.4578,0.4691,0.1478
35380000,51.0002858242,0.0004734899,21.7275,1.426689,0.275397,169.215624,-2.4578,0.4666,0.1481
35390000,51.0002856033,0.0004735562,21.7260,1.425048,0.274011,169.271363,-2.4578,0.4641,0.1484
35400000,51.0002853823,0.0004736221,21.7245,1.423410,0.272625,169.327049,-2.4578,0.4616,0.1487
35410000,51.0002851614,0.0004736877,21.7231,1.421776,0.271239,169.382682,-2.4578,0.4592,0.1491
35420000,51.0002849405,0.0004737530,21.7216,1.420146,0.269854,169.438262,-2.4578,0.4567,0.1494
35430000,51.0002847196,0.0004738178,21.7201,1.418520,0.268468,169.493788,-2.4578,0.4542,0.1497
35440000,51.0002844986,0.0004738824,21.7186,1.416898,0.267082,169.549262,-2.4578,0.4518,0.1500
35450000,51.0002842777,0.0004739465,21.7171,1.415279,0.265696,169.604682,-2.4578,0.4493,0.1503
35460000,51.0002840568,0.0004740104,21.7156,1.413665,0.264311,169.660050,-2.4578,0.4469,0.1507
35470000,51.0002838358,0.0004740739,21.7141,1.412054,0.262925,169.715365,-2.4577,0.4444,0.1510
35480000,51.0002836149,0.0004741370,21.7125,1.410446,0.261539,169.770627,-2.4577,0.4420,0.1513
35490000,51.0002833940,0.0004741998,21.7110,1.408843,0.260153,169.825836,-2.4577,0.4395,0.1516
35500000,51.0002831731,0.0004742622,21.7095,1.407243,0.258768,169.880993,-2.4577,0.4371,0.1519
35510000,51.0002829522,0.0004743243,21.7080,1.405647,0.257382,169.936097,-2.4577,0.4346,0.1522
35520000,51.0002827312,0.0004743860,21.7065,1.404055,0.255997,169.991148,-2.4577,0.4322,0.1525
35530000,51.0002825103,0.0004744474,21.7049,1.402466,0.254611,170.046148,-2.4577,0.4298,0.1528
35540000,51.0002822894,0.0004745085,21.7034,1.400881,0.253225,170.101095,-2.4577,0.4273,0.1532
35550000,51.0002820685,0.0004745692,21.7019,1.399300,0.251840,170.155990,-2.4576,0.4249,0.1535
35560000,51.0002818476,0.0004746295,21.7003,1.397723,0.250454,170.210832,-2.4576,0.4225,0.1538
35570000,51.0002816267,0.0004746895,21.6988,1.396149,0.249069,170.265623,-2.4576,0.4201,0.1541
35580000,51.0002814058,0.0004747492,21.6973,1.394579,0.247683,170.320361,-2.4576,0.4176,0.1544
35590000,51.0002811848,0.0004748085,21.6957,1.393012,0.246298,170.375048,-2.4576,0.4152,0.1547
35600000,51.0002809639,0.0004748675,21.6942,1.391449,0.244913,170.429683,-2.4576,0.4128,0.1550
35610000,51.0002807430,0.0004749261,21.6926,1.389890,0.243527,170.484266,-2.4575,0.4104,0.1553
35620000,51.0002805221,0.0004749844,21.6911,1.388334,0.242142,170.538797,-2.4575,0.4080,0.1556
35630000,51.0002803012,0.0004750424,21.6895,1.386782,0.240756,170.593276,-2.4575,0.4056,0.1559
35640000,51.0002800803,0.0004751000,21.6879,1.385234,0.239371,170.647704,-2.4575,0.4032,0.1562
35650000,51.0002798594,0.0004751572,21.6864,1.383689,0.237986,170.702081,-2.4575,0.4008,0.1565
35660000,51.0002796385,0.0004752141,21.6848,1.382148,0.236600,170.756406,-2.4575,0.3984,0.1568
35670000,51.0002794176,0.0004752707,21.6832,1.380610,0.235215,170.810680,-2.4574,0.3960,0.1571
35680000,51.0002791967,0.0004753270,21.6817,1.379076,0.233830,170.864902,-2.4574,0.3936,0.1574
35690000,51.0002789758,0.0004753829,21.6801,1.377546,0.232445,170.919073,-2.4574,0.3912,0.1577
35700000,51.0002787549,0.0004754384,21.6785,1.376019,0.231059,170.973193,-2.4574,0.3888,0.1580
35710000,51.0002785341,0.0004754936,21.6769,1.374496,0.229674,171.027262,-2.4574,0.3865,0.1583
35720000,51.0002783132,0.0004755485,21.6753,1.372976,0.228289,171.081280,-2.4573,0.3841,0.1586
35730000,51.0002780923,0.0004756031,21.6738,1.371460,0.226904,171.135247,-2.4573,0.3817,0.1589
35740000,51.0002778714,0.0004756573,21.6722,1.369947,0.225519,171.189163,-2.4573,0.3793,0.1592
35750000,51.0002776505,0.0004757111,21.6706,1.368438,0.224134,171.243029,-2.4573,0.3770,0.1595
35760000,51.0002774296,0.0004757647,21.6690,1.366932,0.222749,171.296843,-2.4572,0.3746,0.1598
35770000,51.0002772088,0.0004758179,21.6674,1.365430,0.221364,171.350607,-2.4572,0.3722,0.1601
35780000,51.0002769879,0.0004758707,21.6658,1.363931,0.219979,171.404321,-2.4572,0.3699,0.1604
35790000,51.0002767670,0.0004759233,21.6642,1.362436,0.218594,171.457984,-2.4572,0.3675,0.1607
35800000,51.0002765461,0.0004759754,21.6626,1.360944,0.217209,171.511596,-2.4571,0.3652,0.1610
35810000,51.0002763253,0.0004760273,21.6609,1.359455,0.215824,171.565158,-2.4571,0.3628,0.1613
35820000,51.0002761044,0.0004760788,21.6593,1.357971,0.214439,171.618670,-2.4571,0.3605,0.1616
35830000,51.0002758835,0.0004761300,21.6577,1.356489,0.213054,171.672132,-2.4571,0.3581,0.1618
35840000,51.0002756627,0.0004761808,21.6561,1.355011,0.211669,171.725543,-2.4571,0.3558,0.1621
35850000,51.0002754418,0.0004762314,21.6545,1.353537,0.210284,171.778905,-2.4570,0.3535,0.1624
35860000,51.0002752210,0.0004762815,21.6528,1.352065,0.208899,171.832216,-2.4570,0.3511,0.1627
35870000,51.0002750001,0.0004763314,21.6512,1.350598,0.207514,171.885477,-2.4570,0.3488,0.1630
35880000,51.0002747793,0.0004763809,21.6496,1.349133,0.206129,171.938689,-2.4570,0.3465,0.1633
35890000,51.0002745584,0.0004764301,21.6480,1.347672,0.204745,171.991850,-2.4569,0.3441,0.1636
35900000,51.0002743376,0.0004764789,21.6463,1.346215,0.203360,172.044962,-2.4569,0.3418,0.1639
35910000,51.0002741167,0.0004765275,21.6447,1.344761,0.201975,172.098025,-2.4569,0.3395,0.1641
35920000,51.0002738959,0.0004765757,21.6430,1.343310,0.200590,172.151037,-2.4568,0.3372,0.1644
35930000,51.0002736750,0.0004766235,21.6414,1.341862,0.199206,172.204000,-2.4568,0.3348,0.1647
35940000,51.0002734542,0.0004766711,21.6397,1.340418,0.197821,172.256914,-2.4568,0.3325,0.1650
35950000,51.0002732333,0.0004767183,21.6381,1.338978,0.196436,172.309778,-2.4568,0.3302,0.1653
35960000,51.0002730125,0.0004767651,21.6364,1.337540,0.195052,172.362593,-2.4567,0.3279,0.1656
35970000,51.0002727917,0.0004768117,21.6348,1.336106,0.193667,172.415359,-2.4567,0.3256,0.1658
35980000,51.0002725708,0.0004768579,21.6331,1.334675,0.192282,172.468075,-2.4567,0.3233,0.1661
35990000,51.0002723500,0.0004769038,21.6315,1.333248,0.190898,172.520742,-2.4567,0.3210,0.1664
36000000,51.0002721292,0.0004769494,21.6298,1.331824,0.189513,172.573360,-2.4566,0.3187,0.1667
36010000,51.0002719084,0.0004769946,21.6281,1.330403,0.188129,172.625929,-2.4566,0.3164,0.1669
36020000,51.0002716875,0.0004770395,21.6265,1.328985,0.186744,172.678450,-2.4566,0.3141,0.1672
36030000,51.0002714667,0.0004770841,21.6248,1.327571,0.185360,172.730921,-2.4566,0.3118,0.1675
36040000,51.0002712459,0.0004771283,21.6231,1.326160,0.183975,172.783343,-2.4565,0.3095,0.1678
36050000,51.0002710251,0.0004771723,21.6214,1.324752,0.182591,172.835717,-2.4565,0.3073,0.1680
36060000,51.0002708043,0.0004772159,21.6197,1.323348,0.181206,172.888042,-2.4565,0.3050,0.1683
36070000,51.0002705835,0.0004772591,21.6181,1.321946,0.179822,172.940319,-2.4564,0.3027,0.1686
36080000,51.0002703627,0.0004773021,21.6164,1.320548,0.178438,172.992547,-2.4564,0.3004,0.1689
36090000,51.0002701419,0.0004773447,21.6147,1.319153,0.177053,173.044726,-2.4564,0.2981,0.1691
36100000,51.0002699211,0.0004773870,21.6130,1.317762,0.175669,173.096857,-2.4564,0.2959,0.1694
36110000,51.0002697003,0.0004774290,21.6113,1.316373,0.174284,173.148940,-2.4563,0.2936,0.1697
36120000,51.0002694795,0.0004774707,21.6096,1.314988,0.172900,173.200974,-2.4563,0.2913,0.1700
36130000,51.0002692587,0.0004775120,21.6079,1.313606,0.171516,173.252960,-2.4563,0.2891,0.1702
36140000,51.0002690379,0.0004775530,21.6062,1.312227,0.170132,173.304898,-2.4563,0.2868,0.1705
36150000,51.0002688171,0.0004775937,21.6045,1.310852,0.168747,173.356788,-2.4562,0.2846,0.1708
36160000,51.0002685963,0.0004776341,21.6028,1.309479,0.167363,173.408630,-2.4562,0.2823,0.1710
36170000,51.0002683755,0.0004776742,21.6011,1.308110,0.165979,173.460424,-2.4562,0.2800,0.1713
36180000,51.0002681548,0.0004777139,21.5993,1.306744,0.164595,173.512170,-2.4561,0.2778,0.1716
36190000,51.0002679340,0.0004777533,21.5976,1.305381,0.163211,173.563868,-2.4561,0.2756,0.1718
36200000,51.0002677132,0.0004777924,21.5959,1.304021,0.161827,173.615519,-2.4561,0.2733,0.1721
36210000,51.0002674924,0.0004778312,21.5942,1.302664,0.160442,173.667121,-2.4561,0.2711,0.1723
36220000,51.0002672717,0.0004778696,21.5925,1.301310,0.159058,173.718676,-2.4560,0.2688,0.1726
36230000,51.0002670509,0.0004779078,21.5907,1.299960,0.157674,173.770184,-2.4560,0.2666,0.1729
36240000,51.0002668301,0.0004779456,21.5890,1.298612,0.156290,173.821644,-2.4560,0.2644,0.1731
36250000,51.0002666094,0.0004779831,21.5873,1.297268,0.154906,173.873056,-2.4560,0.2621,0.1734
36260000,51.0002663886,0.0004780203,21.5855,1.295927,0.153522,173.924421,-2.4559,0.2599,0.1737
36270000,51.0002661678,0.0004780571,21.5838,1.294589,0.152138,173.975739,-2.4559,0.2577,0.1739
36280000,51.0002659471,0.0004780937,21.5821,1.293254,0.150754,174.027009,-2.4559,0.2554,0.1742
36290000,51.0002657263,0.0004781299,21.5803,1.291922,0.149370,174.078232,-2.4559,0.2532,0.1744
36300000,51.0002655056,0.0004781658,21.5786,1.290593,0.147986,174.129408,-2.4558,0.2510,0.1747
36310000,51.0002652848,0.0004782014,21.5768,1.289267,0.146603,174.180537,-2.4558,0.2488,0.1749
36320000,51.0002650641,0.0004782367,21.5751,1.287944,0.145219,174.231619,-2.4558,0.2466,0.1752
36330000,51.0002648433,0.0004782716,21.5733,1.286624,0.143835,174.282654,-2.4558,0.2444,0.1755
36340000,51.0002646226,0.0004783063,21.5716,1.285307,0.142451,174.333642,-2.4557,0.2422,0.1757
36350000,51.0002644018,0.0004783406,21.5698,1.283993,0.141067,174.384584,-2.4557,0.2399,0.1760
36360000,51.0002641811,0.0004783747,21.5680,1.282682,0.139683,174.435478,-2.4557,0.2377,0.1762
36370000,51.0002639604,0.0004784084,21.5663,1.281375,0.138300,174.486326,-2.4557,0.2355,0.1765
36380000,51.0002637396,0.0004784418,21.5645,1.280070,0.136916,174.537127,-2.4556,0.2333,0.1767
36390000,51.0002635189,0.0004784748,21.5627,1.278768,0.135532,174.587881,-2.4556,0.2311,0.1770
36400000,51.0002632982,0.0004785076,21.5610,1.277469,0.134148,174.638589,-2.4556,0.2289,0.1772
36410000,51.0002630774,0.0004785401,21.5592,1.276173,0.132765,174.689250,-2.4556,0.2268,0.1775
36420000,51.0002628567,0.0004785722,21.5574,1.274880,0.131381,174.739865,-2.4555,0.2246,0.1777
36430000,51.0002626360,0.0004786040,21.5556,1.273590,0.129998,174.790434,-2.4555,0.2224,0.1780
36440000,51.0002624153,0.0004786356,21.5539,1.272303,0.128614,174.840956,-2.4555,0.2202,0.1782
36450000,51.0002621946,0.0004786668,21.5521,1.271019,0.127230,174.891432,-2.4555,0.2180,0.1785
36460000,51.0002619738,0.0004786977,21.5503,1.269738,0.125847,174.941862,-2.4554,0.2158,0.1787
36470000,51.0002617531,0.0004787283,21.5485,1.268460,0.124463,174.992246,-2.4554,0.2137,0.1790
36480000,51.0002615324,0.0004787585,21.5467,1.267184,0.123080,175.042584,-2.4554,0.2115,0.1792
36490000,51.0002613117,0.0004787885,21.5449,1.265912,0.121696,175.092875,-2.4554,0.2093,0.1794
36500000,51.0002610910,0.0004788182,21.5431,1.264642,0.120313,175.143121,-2.4553,0.2071,0.1797
36510000,51.0002608703,0.0004788475,21.5413,1.263376,0.118929,175.193321,-2.4553,0.2050,0.1799
36520000,51.0002606496,0.0004788766,21.5395,1.262112,0.117546,175.243475,-2.4553,0.2028,0.1802
36530000,51.0002604289,0.0004789053,21.5377,1.260851,0.116162,175.293583,-2.4553,0.2006,0.1804
36540000,51.0002602082,0.0004789337,21.5359,1.259593,0.114779,175.343646,-2.4553,0.1985,0.1807
36550000,51.0002599875,0.0004789618,21.5341,1.258338,0.113396,175.393662,-2.4552,0.1963,0.1809
36560000,51.0002597668,0.0004789897,21.5323,1.257085,0.112012,175.443634,-2.4552,0.1942,0.1811
36570000,51.0002595461,0.0004790172,21.5305,1.255836,0.110629,175.493559,-2.4552,0.1920,0.1814
36580000,51.0002593254,0.0004790444,21.5287,1.254589,0.109246,175.543440,-2.4552,0.1899,0.1816
36590000,51.0002591047,0.0004790713,21.5269,1.253345,0.107862,175.593274,-2.4552,0.1877,0.1818
36600000,51.0002588840,0.0004790978,21.5250,1.252104,0.106479,175.643064,-2.4551,0.1856,0.1821
36610000,51.0002586633,0.0004791241,21.5232,1.250866,0.105096,175.692808,-2.4551,0.1834,0.1823
36620000,51.0002584426,0.0004791501,21.5214,1.249631,0.103713,175.742507,-2.4551,0.1813,0.1826
36630000,51.0002582219,0.0004791758,21.5196,1.248398,0.102329,175.792160,-2.4551,0.1791,0.1828
36640000,51.0002580013,0.0004792011,21.5177,1.247168,0.100946,175.841769,-2.4551,0.1770,0.1830
36650000,51.0002577806,0.0004792262,21.5159,1.245941,0.099563,175.891332,-2.4551,0.1749,0.1833
36660000,51.0002575599,0.0004792509,21.5141,1.244717,0.098180,175.940850,-2.4550,0.1727,0.1835
36670000,51.0002573392,0.0004792754,21.5122,1.243496,0.096797,175.990324,-2.4550,0.1706,0.1837
36680000,51.0002571185,0.0004792995,21.5104,1.242277,0.095414,176.039752,-2.4550,0.1685,0.1839
36690000,51.0002568979,0.0004793234,21.5085,1.241061,0.094031,176.089136,-2.4550,0.1663,0.1842
36700000,51.0002566772,0.0004793469,21.5067,1.239848,0.092648,176.138474,-2.4550,0.1642,0.1844
36710000,51.0002564565,0.0004793702,21.5049,1.238637,0.091265,176.187768,-2.4550,0.1621,0.1846
36720000,51.0002562358,0.0004793931,21.5030,1.237429,0.089882,176.237018,-2.4549,0.1600,0.1849
36730000,51.0002560152,0.0004794157,21.5012,1.236224,0.088499,176.286222,-2.4549,0.1579,0.1851
36740000,51.0002557945,0.0004794381,21.4993,1.235022,0.087116,176.335382,-2.4549,0.1557,0.1853
36750000,51.0002555738,0.0004794601,21.4975,1.233822,0.085733,176.384498,-2.4549,0.1536,0.1855
36760000,51.0002553532,0.0004794818,21.4956,1.232625,0.084350,176.433569,-2.4549,0.1515,0.1858
36770000,51.0002551325,0.0004795033,21.4937,1.231431,0.082967,176.482596,-2.4549,0.1494,0.1860
36780000,51.0002549118,0.0004795244,21.4919,1.230240,0.081584,176.531578,-2.4549,0.1473,0.1862
36790000,51.0002546912,0.0004795452,21.4900,1.229051,0.080201,176.580516,-2.4549,0.1452,0.1864
36800000,51.0002544705,0.0004795658,21.4882,1.227864,0.078818,176.629409,-2.4548,0.1431,0.1867
36810000,51.0002542498,0.0004795860,21.4863,1.226681,0.077435,176.678259,-2.4548,0.1410,0.1869
36820000,51.0002540292,0.0004796059,21.4844,1.225500,0.076053,176.727064,-2.4548,0.1389,0.1871
36830000,51.0002538085,0.0004796256,21.4825,1.224322,0.074670,176.775825,-2.4548,0.1368,0.1873
36840000,51.0002535879,0.0004796449,21.4807,1.223146,0.073287,176.824542,-2.4548,0.1347,0.1876
36850000,51.0002533672,0.0004796640,21.4788,1.221973,0.071904,176.873215,-2.4548,0.1326,0.1878
36860000,51.0002531465,0.0004796827,21.4769,1.220803,0.070522,176.921844,-2.4548,0.1305,0.1880
36870000,51.0002529259,0.0004797011,21.4750,1.219635,0.069139,176.970429,-2.4548,0.1284,0.1882
36880000,51.0002527052,0.0004797193,21.4731,1.218470,0.067756,177.018971,-2.4548,0.1264,0.1884
36890000,51.0002524846,0.0004797371,21.4713,1.217307,0.066374,177.067468,-2.4548,0.1243,0.1886
36900000,51.0002522639,0.0004797547,21.4694,1.216147,0.064991,177.115922,-2.4548,0.1222,0.1889
36910000,51.0002520433,0.0004797719,21.4675,1.214990,0.063609,177.164332,-2.4547,0.1201,0.1891
36920000,51.0002518226,0.0004797889,21.4656,1.213835,0.062226,177.212699,-2.4547,0.1180,0.1893
36930000,51.0002516020,0.0004798056,21.4637,1.212683,0.060843,177.261022,-2.4547,0.1160,0.1895
36940000,51.0002513813,0.0004798219,21.4618,1.211533,0.059461,177.309301,-2.4547,0.1139,0.1897
36950000,51.0002511607,0.0004798380,21.4599,1.210386,0.058078,177.357537,-2.4547,0.1118,0.1899
36960000,51.0002509400,0.0004798538,21.4580,1.209242,0.056696,177.405730,-2.4547,0.1097,0.1901
36970000,51.0002507194,0.0004798693,21.4561,1.208100,0.055313,177.453879,-2.4547,0.1077,0.1903
36980000,51.0002504987,0.0004798845,21.4542,1.206960,0.053931,177.501985,-2.4547,0.1056,0.1906
36990000,51.0002502780,0.0004798994,21.4523,1.205823,0.052548,177.550047,-2.4547,0.1035,0.1908
37000000,51.0002500574,0.0004799140,21.4504,1.204689,0.051166,177.598066,-2.4547,0.1015,0.1910
37010000,51.0002498367,0.0004799283,21.4485,1.203557,0.049784,177.646043,-2.4547,0.0994,0.1912
37020000,51.0002496161,0.0004799423,21.4466,1.202427,0.048401,177.693976,-2.4547,0.0974,0.1914
37030000,51.0002493954,0.0004799560,21.4446,1.201301,0.047019,177.741865,-2.4547,0.0953,0.1916
37040000,51.0002491748,0.0004799694,21.4427,1.200176,0.045637,177.789712,-2.4547,0.0933,0.1918
37050000,51.0002489541,0.0004799826,21.4408,1.199054,0.044254,177.837516,-2.4547,0.0912,0.1920
37060000,51.0002487335,0.0004799954,21.4389,1.197935,0.042872,177.885277,-2.4547,0.0892,0.1922
37070000,51.0002485128,0.0004800080,21.4370,1.196818,0.041490,177.932995,-2.4547,0.0871,0.1924
37080000,51.0002482922,0.0004800202,21.4350,1.195703,0.040108,177.980671,-2.4547,0.0851,0.1926
37090000,51.0002480715,0.0004800322,21.4331,1.194591,0.038725,178.028303,-2.4547,0.0830,0.1928
37100000,51.0002478509,0.0004800439,21.4312,1.193481,0.037343,178.075893,-2.4547,0.0810,0.1930
37110000,51.0002476302,0.0004800553,21.4292,1.192374,0.035961,178.123440,-2.4547,0.0790,0.1932
37120000,51.0002474096,0.0004800664,21.4273,1.191270,0.034579,178.170944,-2.4547,0.0769,0.1934
37130000,51.0002471889,0.0004800772,21.4254,1.190167,0.033197,178.218406,-2.4547,0.0749,0.1936
37140000,51.0002469683,0.0004800877,21.4234,1.189067,0.031815,178.265826,-2.4548,0.0728,0.1938
37150000,51.0002467476,0.0004800979,21.4215,1.187970,0.030433,178.313202,-2.4548,0.0708,0.1940
37160000,51.0002465270,0.0004801079,21.4196,1.186875,0.029051,178.360537,-2.4548,0.0688,0.1942
37170000,51.0002463063,0.0004801175,21.4176,1.185782,0.027668,178.407829,-2.4548,0.0668,0.1944
37180000,51.0002460856,0.0004801269,21.4157,1.184692,0.026286,178.455078,-2.4548,0.0647,0.1946
37190000,51.0002458650,0.0004801360,21.4137,1.183604,0.024904,178.502286,-2.4548,0.0627,0.1948
37200000,51.0002456443,0.0004801448,21.4118,1.182518,0.023523,178.549451,-2.4548,0.0607,0.1950
37210000,51.0002454237,0.0004801533,21.4098,1.181435,0.022141,178.596574,-2.4548,0.0587,0.1952
37220000,51.0002452030,0.0004801615,21.4079,1.180354,0.020759,178.643655,-2.4548,0.0567,0.1954
37230000,51.0002449823,0.0004801694,21.4059,1.179276,0.019377,178.690693,-2.4548,0.0546,0.1956
37240000,51.0002447617,0.0004801770,21.4040,1.178200,0.017995,178.737690,-2.4549,0.0526,0.1958
37250000,51.0002445410,0.0004801844,21.4020,1.177126,0.016613,178.784644,-2.4549,0.0506,0.1960
37260000,51.0002443203,0.0004801914,21.4000,1.176054,0.015231,178.831557,-2.4549,0.0486,0.1962
37270000,51.0002440997,0.0004801982,21.3981,1.174985,0.013849,178.878428,-2.4549,0.0466,0.1963
37280000,51.0002438790,0.0004802047,21.3961,1.173919,0.012467,178.925257,-2.4549,0.0446,0.1965
37290000,51.0002436583,0.0004802109,21.3941,1.172854,0.011086,178.972044,-2.4549,0.0426,0.1967
37300000,51.0002434377,0.0004802168,21.3922,1.171792,0.009704,179.018789,-2.4550,0.0406,0.1969
37310000,51.0002432170,0.0004802225,21.3902,1.170732,0.008322,179.065492,-2.4550,0.0386,0.1971
37320000,51.0002429963,0.0004802278,21.3882,1.169674,0.006940,179.112154,-2.4550,0.0366,0.1973
37330000,51.0002427756,0.0004802329,21.3863,1.168619,0.005559,179.158774,-2.4550,0.0346,0.1975
37340000,51.0002425550,0.0004802377,21.3843,1.167566,0.004177,179.205353,-2.4550,0.0326,0.1977
37350000,51.0002423343,0.0004802422,21.3823,1.166515,0.002795,179.251890,-2.4551,0.0306,0.1978
37360000,51.0002421136,0.0004802464,21.3803,1.165467,0.001414,179.298385,-2.4551,0.0286,0.1980
37370000,51.0002418929,0.0004802503,21.3784,1.164420,0.000032,179.344839,-2.4551,0.0266,0.1982
37380000,51.0002416722,0.0004802540,21.3764,1.163376,-0.001349,179.391252,-2.4551,0.0246,0.1984
37390000,51.0002414515,0.0004802573,21.3744,1.162335,-0.002731,179.437623,-2.4551,0.0226,0.1986
37400000,51.0002412309,0.0004802604,21.3724,1.161295,-0.004113,179.483953,-2.4552,0.0206,0.1987
37410000,51.0002410102,0.0004802632,21.3704,1.160258,-0.005494,179.530241,-2.4552,0.0187,0.1989
37420000,51.0002407895,0.0004802657,21.3684,1.159223,-0.006876,179.576488,-2.4552,0.0167,0.1991
37430000,51.0002405688,0.0004802679,21.3664,1.158190,-0.008257,179.622695,-2.4552,0.0147,0.1993
37440000,51.0002403481,0.0004802699,21.3644,1.157159,-0.009638,179.668860,-2.4553,0.0127,0.1995
37450000,51.0002401274,0.0004802716,21.3624,1.156131,-0.011020,179.714983,-2.4553,0.0107,0.1996
37460000,51.0002399067,0.0004802730,21.3604,1.155104,-0.012401,179.761066,-2.4553,0.0088,0.1998
37470000,51.0002396860,0.0004802741,21.3584,1.154080,-0.013783,179.807108,-2.4554,0.0068,0.2000
37480000,51.0002394652,0.0004802749,21.3564,1.153058,-0.015164,179.853109,-2.4554,0.0048,0.2002
37490000,51.0002392445,0.0004802754,21.3544,1.152039,-0.016545,179.899068,-2.4554,0.0029,0.2003
37500000,51.0002390238,0.0004802757,21.3524,1.151021,-0.017927,179.944987,-2.4555,0.0009,0.2005
37510000,51.0002388031,0.0004802757,21.3504,1.150006,-0.019308,179.990865,-2.4555,-0.0011,0.2007
37520000,51.0002385824,0.0004802754,21.3484,1.148992,-0.020689,-179.963297,-2.4555,-0.0030,0.2009
37530000,51.0002383616,0.0004802748,21.3464,1.147981,-0.022071,-179.917501,-2.4556,-0.0050,0.2010
37540000,51.0002381409,0.0004802740,21.3444,1.146972,-0.023452,-179.871745,-2.4556,-0.0070,0.2012
37550000,51.0002379202,0.0004802728,21.3424,1.145965,-0.024833,-179.826030,-2.4556,-0.0089,0.2014
37560000,51.0002376995,0.0004802714,21.3404,1.144961,-0.026214,-179.780356,-2.4557,-0.0109,0.2016
37570000,51.0002374787,0.0004802697,21.3384,1.143958,-0.027596,-179.734722,-2.4557,-0.0128,0.2017
37580000,51.0002372580,0.0004802678,21.3363,1.142958,-0.028977,-179.689129,-2.4557,-0.0148,0.2019
37590000,51.0002370372,0.0004802655,21.3343,1.141959,-0.030358,-179.643576,-2.4558,-0.0167,0.2021
37600000,51.0002368165,0.0004802630,21.3323,1.140963,-0.031739,-179.598064,-2.4558,-0.0187,0.2022
37610000,51.0002365957,0.0004802602,21.3303,1.139969,-0.033120,-179.552592,-2.4559,-0.0206,0.2024
37620000,51.0002363750,0.0004802571,21.3282,1.138976,-0.034501,-179.507161,-2.4559,-0.0226,0.2026
37630000,51.0002361542,0.0004802537,21.3262,1.137986,-0.035882,-179.461770,-2.4559,-0.0245,0.2027
37640000,51.0002359334,0.0004802501,21.3242,1.136998,-0.037263,-179.416419,-2.4560,-0.0265,0.2029
37650000,51.0002357127,0.0004802462,21.3222,1.136012,-0.038644,-179.371109,-2.4560,-0.0284,0.2030
37660000,51.0002354919,0.0004802420,21.3201,1.135028,-0.040025,-179.325839,-2.4561,-0.0304,0.2032
37670000,51.0002352711,0.0004802375,21.3181,1.134047,-0.041406,-179.280609,-2.4561,-0.0323,0.2034
37680000,51.0002350504,0.0004802328,21.3161,1.133067,-0.042787,-179.235419,-2.4562,-0.0342,0.2035
37690000,51.0002348296,0.0004802278,21.3140,1.132089,-0.044168,-179.190269,-2.4562,-0.0362,0.2037
37700000,51.0002346088,0.0004802225,21.3120,1.131113,-0.045549,-179.145159,-2.4563,-0.0381,0.2039
37710000,51.0002343880,0.0004802169,21.3099,1.130140,-0.046930,-179.100090,-2.4563,-0.0400,0.2040
37720000,51.0002341672,0.0004802111,21.3079,1.129168,-0.048311,-179.055060,-2.4564,-0.0420,0.2042
37730000,51.0002339464,0.0004802049,21.3059,1.128198,-0.049692,-179.010071,-2.4564,-0.0439,0.2043
37740000,51.0002337256,0.0004801986,21.3038,1.127230,-0.051072,-178.965121,-2.4565,-0.0458,0.2045
37750000,51.0002335048,0.0004801919,21.3018,1.126265,-0.052453,-178.920211,-2.4565,-0.0478,0.2046
37760000,51.0002332840,0.0004801849,21.2997,1.125301,-0.053834,-178.875341,-2.4566,-0.0497,0.2048
37770000,51.0002330631,0.0004801777,21.2977,1.124339,-0.055215,-178.830511,-2.4566,-0.0516,0.2050
37780000,51.0002328423,0.0004801702,21.2956,1.123379,-0.056596,-178.785721,-2.4567,-0.0535,0.2051
37790000,51.0002326215,0.0004801625,21.2936,1.122422,-0.057976,-178.740970,-2.4567,-0.0555,0.2053
37800000,51.0002324006,0.0004801544,21.2915,1.121466,-0.059357,-178.696259,-2.4568,-0.0574,0.2054
37810000,51.0002321798,0.0004801461,21.2895,1.120512,-0.060738,-178.651588,-2.4569,-0.0593,0.2056
37820000,51.0002319590,0.0004801375,21.2874,1.119560,-0.062118,-178.606956,-2.4569,-0.0612,0.2057
37830000,51.0002317381,0.0004801287,21.2854,1.118610,-0.063499,-178.562364,-2.4570,-0.0631,0.2059
37840000,51.0002315172,0.0004801195,21.2833,1.117662,-0.064879,-178.517812,-2.4570,-0.0650,0.2060
37850000,51.0002312964,0.0004801101,21.2812,1.116715,-0.066260,-178.473299,-2.4571,-0.0669,0.2062
37860000,51.0002310755,0.0004801005,21.2792,1.115771,-0.067641,-178.428825,-2.4572,-0.0689,0.2063
37870000,51.0002308546,0.0004800905,21.2771,1.114829,-0.069021,-178.384391,-2.4572,-0.0708,0.2065
37880000,51.0002306338,0.0004800803,21.2750,1.113888,-0.070402,-178.339996,-2.4573,-0.0727,0.2066
37890000,51.0002304129,0.0004800698,21.2730,1.112950,-0.071782,-178.295641,-2.4574,-0.0746,0.2068
37900000,51.0002301920,0.0004800590,21.2709,1.112013,-0.073163,-178.251325,-2.4574,-0.0765,0.2069
37910000,51.0002299711,0.0004800480,21.2688,1.111078,-0.074543,-178.207048,-2.4575,-0.0784,0.2071
37920000,51.0002297502,0.0004800367,21.2668,1.110146,-0.075924,-178.162811,-2.4576,-0.0803,0.2072
37930000,51.0002295293,0.0004800251,21.2647,1.109215,-0.077304,-178.118612,-2.4576,-0.0822,0.2073
37940000,51.0002293084,0.0004800133,21.2626,1.108285,-0.078684,-178.074453,-2.4577,-0.0841,0.2075
37950000,51.0002290874,0.0004800012,21.2605,1.107358,-0.080065,-178.030333,-2.4578,-0.0860,0.2076
37960000,51.0002288665,0.0004799888,21.2585,1.106433,-0.081445,-177.986253,-2.4578,-0.0879,0.2078
37970000,51.0002286456,0.0004799761,21.2564,1.105509,-0.082825,-177.942211,-2.4579,-0.0898,0.2079
37980000,51.0002284246,0.0004799632,21.2543,1.104587,-0.084206,-177.898208,-2.4580,-0.0917,0.2081
37990000,51.0002282037,0.0004799500,21.2522,1.103667,-0.085586,-177.854244,-2.4581,-0.0936,0.2082
38000000,51.0002279827,0.0004799365,21.2501,1.102749,-0.086966,-177.810320,-2.4581,-0.0955,0.2083
38010000,51.0002277618,0.0004799228,21.2481,1.101833,-0.088347,-177.766434,-2.4582,-0.0973,0.2085
38020000,51.0002275408,0.0004799088,21.2460,1.100918,-0.089727,-177.722587,-2.4583,-0.0992,0.2086
38030000,51.0002273198,0.0004798945,21.2439,1.100006,-0.091107,-177.678779,-2.4584,-0.1011,0.2087
38040000,51.0002270988,0.0004798800,21.2418,1.099095,-0.092487,-177.635010,-2.4585,-0.1030,0.2089
38050000,51.0002268778,0.0004798652,21.2397,1.098186,-0.093867,-177.591279,-2.4585,-0.1049,0.2090
38060000,51.0002266568,0.0004798501,21.2376,1.097278,-0.095248,-177.547588,-2.4586,-0.1068,0.2092
38070000,51.0002264358,0.0004798348,21.2355,1.096373,-0.096628,-177.503935,-2.4587,-0.1086,0.2093
38080000,51.0002262148,0.0004798191,21.2334,1.095469,-0.098008,-177.460321,-2.4588,-0.1105,0.2094
38090000,51.0002259938,0.0004798033,21.2313,1.094567,-0.099388,-177.416745,-2.4589,-0.1124,0.2096
38100000,51.0002257728,0.0004797871,21.2292,1.093667,-0.100768,-177.373208,-2.4590,-0.1143,0.2097
38110000,51.0002255517,0.0004797707,21.2271,1.092768,-0.102148,-177.329710,-2.4590,-0.1161,0.2098
38120000,51.0002253307,0.0004797540,21.2250,1.091871,-0.103528,-177.286250,-2.4591,-0.1180,0.2100
38130000,51.0002251096,0.0004797371,21.2229,1.090976,-0.104908,-177.242829,-2.4592,-0.1199,0.2101
38140000,51.0002248886,0.0004797199,21.2208,1.090083,-0.106288,-177.199446,-2.4593,-0.1218,0.2102
38150000,51.0002246675,0.0004797024,21.2187,1.089191,-0.107668,-177.156102,-2.4594,-0.1236,0.2103
38160000,51.0002244464,0.0004796846,21.2166,1.088302,-0.109048,-177.112796,-2.4595,-0.1255,0.2105
38170000,51.0002242254,0.0004796666,21.2145,1.087413,-0.110428,-177.069529,-2.4596,-0.1274,0.2106
38180000,51.0002240043,0.0004796483,21.2124,1.086527,-0.111808,-177.026300,-2.4597,-0.1292,0.2107
38190000,51.0002237832,0.0004796298,21.2103,1.085642,-0.113187,-176.983109,-2.4598,-0.1311,0.2108
38200000,51.0002235621,0.0004796110,21.2082,1.084759,-0.114567,-176.939957,-2.4599,-0.1330,0.2110
38210000,51.0002233409,0.0004795919,21.2061,1.083878,-0.115947,-176.896843,-2.4600,-0.1348,0.2111
38220000,51.0002231198,0.0004795726,21.2040,1.082998,-0.117327,-176.853767,-2.4601,-0.1367,0.2112
38230000,51.0002228987,0.0004795530,21.2019,1.082120,-0.118707,-176.810729,-2.4602,-0.1385,0.2113
38240000,51.0002226775,0.0004795331,21.1998,1.081244,-0.120086,-176.767730,-2.4603,-0.1404,0.2115
38250000,51.0002224564,0.0004795130,21.1976,1.080369,-0.121466,-176.724769,-2.4604,-0.1423,0.2116
38260000,51.0002222352,0.0004794926,21.1955,1.079496,-0.122846,-176.681845,-2.4605,-0.1441,0.2117
38270000,51.0002220140,0.0004794719,21.1934,1.078624,-0.124226,-176.638960,-2.4606,-0.1460,0.2118
38280000,51.0002217929,0.0004794510,21.1913,1.077755,-0.125605,-176.596113,-2.4607,-0.1478,0.2119
38290000,51.0002215717,0.0004794298,21.1892,1.076887,-0.126985,-176.553304,-2.4608,-0.1497,0.2121
38300000,51.0002213505,0.0004794083,21.1870,1.076020,-0.128365,-176.510533,-2.4609,-0.1515,0.2122
38310000,51.0002211293,0.0004793866,21.1849,1.075155,-0.129744,-176.467800,-2.4610,-0.1534,0.2123
38320000,51.0002209080,0.0004793646,21.1828,1.074292,-0.131124,-176.425105,-2.4611,-0.1552,0.2124
38330000,51.0002206868,0.0004793424,21.1807,1.073430,-0.132503,-176.382448,-2.4612,-0.1571,0.2125
38340000,51.0002204656,0.0004793199,21.1785,1.072570,-0.133883,-176.339829,-2.4613,-0.1589,0.2127
38350000,51.0002202443,0.0004792971,21.1764,1.071711,-0.135262,-176.297248,-2.4614,-0.1608,0.2128
38360000,51.0002200231,0.0004792741,21.1743,1.070855,-0.136642,-176.254704,-2.4615,-0.1626,0.2129
38370000,51.0002198018,0.0004792508,21.1722,1.069999,-0.138021,-176.212198,-2.4617,-0.1644,0.2130
38380000,51.0002195805,0.0004792272,21.1700,1.069145,-0.139401,-176.169730,-2.4618,-0.1663,0.2131
38390000,51.0002193592,0.0004792034,21.1679,1.068293,-0.140780,-176.127300,-2.4619,-0.1681,0.2132
38400000,51.0002191379,0.0004791793,21.1658,1.067443,-0.142160,-176.084908,-2.4620,-0.1700,0.2133
38410000,51.0002189166,0.0004791549,21.1636,1.066593,-0.143539,-176.042553,-2.4621,-0.1718,0.2134
38420000,51.0002186953,0.0004791303,21.1615,1.065746,-0.144919,-176.000236,-2.4622,-0.1736,0.2136
38430000,51.0002184739,0.0004791055,21.1594,1.064900,-0.146298,-175.957956,-2.4624,-0.1755,0.2137
38440000,51.0002182526,0.0004790803,21.1572,1.064055,-0.147677,-175.915714,-2.4625,-0.1773,0.2138
38450000,51.0002180312,0.0004790550,21.1551,1.063212,-0.149057,-175.873510,-2.4626,-0.1791,0.2139
38460000,51.0002178099,0.0004790293,21.1529,1.062371,-0.150436,-175.831343,-2.4627,-0.1810,0.2140
38470000,51.0002175885,0.0004790034,21.1508,1.061531,-0.151815,-175.789214,-2.4629,-0.1828,0.2141
38480000,51.0002173671,0.0004789772,21.1487,1.060692,-0.153194,-175.747122,-2.4630,-0.1846,0.2142
38490000,51.0002171457,0.0004789508,21.1465,1.059856,-0.154574,-175.705068,-2.4631,-0.1864,0.2143
38500000,51.0002169243,0.0004789241,21.1444,1.059020,-0.155953,-175.663051,-2.4632,-0.1883,0.2144
38510000,51.0002167029,0.0004788971,21.1422,1.058186,-0.157332,-175.621071,-2.4634,-0.1901,0.2145
38520000,51.0002164814,0.0004788699,21.1401,1.057354,-0.158711,-175.579129,-2.4635,-0.1919,0.2146
38530000,51.0002162600,0.0004788425,21.1379,1.056523,-0.160090,-175.537224,-2.4636,-0.1937,0.2147
38540000,51.0002160385,0.0004788147,21.1358,1.055693,-0.161470,-175.495357,-2.4638,-0.1956,0.2148
38550000,51.0002158171,0.0004787867,21.1336,1.054865,-0.162849,-175.453527,-2.4639,-0.1974,0.2149
38560000,51.0002155956,0.0004787585,21.1315,1.054038,-0.164228,-175.411734,-2.4640,-0.1992,0.2150
38570000,51.0002153741,0.0004787300,21.1293,1.053213,-0.165607,-175.369978,-2.4642,-0.2010,0.2151
38580000,51.0002151526,0.0004787012,21.1272,1.052389,-0.166986,-175.328260,-2.4643,-0.2028,0.2152
38590000,51.0002149311,0.0004786722,21.1250,1.051567,-0.168365,-175.286579,-2.4645,-0.2047,0.2153
38600000,51.0002147095,0.0004786429,21.1229,1.050746,-0.169744,-175.244935,-2.4646,-0.2065,0.2154
38610000,51.0002144880,0.0004786133,21.1207,1.049927,-0.171123,-175.203328,-2.4647,-0.2083,0.2155
38620000,51.0002142664,0.0004785835,21.1186,1.049109,-0.172502,-175.161759,-2.4649,-0.2101,0.2156
38630000,51.0002140448,0.0004785535,21.1164,1.048292,-0.173881,-175.120226,-2.4650,-0.2119,0.2157
38640000,51.0002138233,0.0004785232,21.1143,1.047477,-0.175260,-175.078731,-2.4652,-0.2137,0.2158
38650000,51.0002136017,0.0004784926,21.1121,1.046663,-0.176639,-175.037272,-2.4653,-0.2155,0.2159
38660000,51.0002133801,0.0004784618,21.1099,1.045850,-0.178017,-174.995851,-2.4655,-0.2173,0.2160
38670000,51.0002131584,0.0004784307,21.1078,1.045039,-0.179396,-174.954467,-2.4656,-0.2192,0.2161
38680000,51.0002129368,0.0004783993,21.1056,1.044229,-0.180775,-174.913119,-2.4657,-0.2210,0.2162
38690000,51.0002127151,0.0004783677,21.1035,1.043421,-0.182154,-174.871809,-2.4659,-0.2228,0.2163
38700000,51.0002124935,0.0004783358,21.1013,1.042614,-0.183533,-174.830535,-2.4661,-0.2246,0.2164
38710000,51.0002122718,0.0004783037,21.0991,1.041808,-0.184912,-174.789299,-2.4662,-0.2264,0.2164
38720000,51.0002120501,0.0004782713,21.0970,1.041004,-0.186290,-174.748099,-2.4664,-0.2282,0.2165
38730000,51.0002118284,0.0004782387,21.0948,1.040201,-0.187669,-174.706936,-2.4665,-0.2300,0.2166
38740000,51.0002116067,0.0004782058,21.0926,1.039399,-0.189048,-174.665810,-2.4667,-0.2318,0.2167
38750000,51.0002113850,0.0004781727,21.0905,1.038599,-0.190426,-174.624721,-2.4668,-0.2336,0.2168
38760000,51.0002111632,0.0004781393,21.0883,1.037800,-0.191805,-174.583669,-2.4670,-0.2354,0.2169
38770000,51.0002109415,0.0004781056,21.0861,1.037002,-0.193184,-174.542653,-2.4671,-0.2372,0.2170
38780000,51.0002107197,0.0004780717,21.0840,1.036206,-0.194562,-174.501675,-2.4673,-0.2390,0.2171
38790000,51.0002104979,0.0004780375,21.0818,1.035411,-0.195941,-174.460733,-2.4675,-0.2408,0.2171
38800000,51.0002102761,0.0004780031,21.0796,1.034617,-0.197320,-174.419827,-2.4676,-0.2426,0.2172
38810000,51.0002100543,0.0004779684,21.0774,1.033825,-0.198698,-174.378959,-2.4678,-0.2444,0.2173
38820000,51.0002098324,0.0004779335,21.0753,1.033034,-0.200077,-174.338127,-2.4680,-0.2461,0.2174
38830000,51.0002096106,0.0004778983,21.0731,1.032244,-0.201455,-174.297332,-2.4681,-0.2479,0.2175
38840000,51.0002093887,0.0004778628,21.0709,1.031455,-0.202834,-174.256573,-2.4683,-0.2497,0.2176
38850000,51.0002091668,0.0004778271,21.0687,1.030668,-0.204212,-174.215851,-2.4685,-0.2515,0.2176
38860000,51.0002089449,0.0004777911,21.0666,1.029881,-0.205591,-174.175165,-2.4686,-0.2533,0.2177
38870000,51.0002087230,0.0004777549,21.0644,1.029096,-0.206969,-174.134516,-2.4688,-0.2551,0.2178
38880000,51.0002085011,0.0004777185,21.0622,1.028313,-0.208347,-174.093904,-2.4690,-0.2569,0.2179
38890000,51.0002082792,0.0004776817,21.0600,1.027530,-0.209726,-174.053328,-2.4692,-0.2587,0.2179
38900000,51.0002080572,0.0004776448,21.0578,1.026749,-0.211104,-174.012789,-2.4693,-0.2605,0.2180
38910000,51.0002078352,0.0004776075,21.0557,1.025969,-0.212483,-173.972286,-2.4695,-0.2622,0.2181
38920000,51.0002076133,0.0004775700,21.0535,1.025190,-0.213861,-173.931820,-2.4697,-0.2640,0.2182
38930000,51.0002073912,0.0004775323,21.0513,1.024413,-0.215239,-173.891390,-2.4699,-0.2658,0.2182
38940000,51.0002071692,0.0004774943,21.0491,1.023637,-0.216617,-173.850996,-2.4700,-0.2676,0.2183
38950000,51.0002069472,0.0004774561,21.0469,1.022861,-0.217996,-173.810639,-2.4702,-0.2694,0.2184
38960000,51.0002067251,0.0004774176,21.0448,1.022087,-0.219374,-173.770318,-2.4704,-0.2711,0.2185
38970000,51.0002065031,0.0004773788,21.0426,1.021315,-0.220752,-173.730034,-2.4706,-0.2729,0.2185
38980000,51.0002062810,0.0004773398,21.0404,1.020543,-0.222130,-173.689786,-2.4708,-0.2747,0.2186
38990000,51.0002060589,0.0004773005,21.0382,1.019773,-0.223509,-173.649574,-2.4710,-0.2765,0.2187
39000000,51.0002058368,0.0004772610,21.0360,1.019003,-0.224887,-173.609399,-2.4711,-0.2782,0.2188
39010000,51.0002056146,0.0004772213,21.0338,1.018235,-0.226265,-173.569260,-2.4713,-0.2800,0.2188
39020000,51.0002053925,0.0004771812,21.0316,1.017468,-0.227643,-173.529157,-2.4715,-0.2818,0.2189
39030000,51.0002051703,0.0004771410,21.0294,1.016702,-0.229021,-173.489091,-2.4717,-0.2836,0.2190
39040000,51.0002049481,0.0004771004,21.0273,1.015938,-0.230399,-173.449060,-2.4719,-0.2853,0.2190
39050000,51.0002047259,0.0004770597,21.0251,1.015174,-0.231777,-173.409066,-2.4721,-0.2871,0.2191
39060000,51.0002045037,0.0004770186,21.0229,1.014412,-0.233155,-173.369108,-2.4723,-0.2889,0.2192
39070000,51.0002042814,0.0004769774,21.0207,1.013650,-0.234533,-173.329187,-2.4725,-0.2907,0.2192
39080000,51.0002040592,0.0004769358,21.0185,1.012890,-0.235911,-173.289301,-2.4727,-0.2924,0.2193
39090000,51.0002038369,0.0004768940,21.0163,1.012131,-0.237289,-173.249452,-2.4729,-0.2942,0.2193
39100000,51.0002036146,0.0004768520,21.0141,1.011373,-0.238667,-173.209639,-2.4731,-0.2960,0.2194
39110000,51.0002033923,0.0004768097,21.0119,1.010616,-0.240045,-173.169861,-2.4733,-0.2977,0.2195
39120000,51.0002031700,0.0004767672,21.0097,1.009860,-0.241423,-173.130120,-2.4735,-0.2995,0.2195
39130000,51.0002029476,0.0004767244,21.0075,1.009105,-0.242801,-173.090416,-2.4737,-0.3012,0.2196
39140000,51.0002027253,0.0004766813,21.0053,1.008352,-0.244179,-173.050747,-2.4739,-0.3030,0.2197
39150000,51.0002025029,0.0004766381,21.0031,1.007599,-0.245557,-173.011114,-2.4741,-0.3048,0.2197
39160000,51.0002022805,0.0004765945,21.0009,1.006848,-0.246935,-172.971517,-2.4743,-0.3065,0.2198
39170000,51.0002020580,0.0004765507,20.9987,1.006097,-0.248312,-172.931956,-2.4745,-0.3083,0.2198
39180000,51.0002018356,0.0004765067,20.9965,1.005348,-0.249690,-172.892432,-2.4747,-0.3101,0.2199
39190000,51.0002016131,0.0004764624,20.9943,1.004599,-0.251068,-172.852943,-2.4750,-0.3118,0.2199
39200000,51.0002013907,0.0004764178,20.9921,1.003852,-0.252446,-172.813490,-2.4752,-0.3136,0.2200
39210000,51.0002011682,0.0004763730,20.9899,1.003105,-0.253823,-172.774073,-2.4754,-0.3153,0.2201
39220000,51.0002009456,0.0004763280,20.9877,1.002360,-0.255201,-172.734693,-2.4756,-0.3171,0.2201
39230000,51.0002007231,0.0004762827,20.9855,1.001616,-0.256579,-172.695348,-2.4758,-0.3188,0.2202
39240000,51.0002005006,0.0004762371,20.9833,1.000872,-0.257957,-172.656039,-2.4760,-0.3206,0.2202
39250000,51.0002002780,0.0004761913,20.9811,1.000130,-0.259334,-172.616765,-2.4762,-0.3224,0.2203
39260000,51.0002000554,0.0004761453,20.9789,0.999388,-0.260712,-172.577528,-2.4765,-0.3241,0.2203
39270000,51.0001998328,0.0004760990,20.9767,0.998648,-0.262089,-172.538327,-2.4767,-0.3259,0.2204
39280000,51.0001996101,0.0004760524,20.9745,0.997909,-0.263467,-172.499161,-2.4769,-0.3276,0.2204
39290000,51.0001993875,0.0004760056,20.9723,0.997170,-0.264845,-172.460032,-2.4771,-0.3294,0.2205
39300000,51.0001991648,0.0004759586,20.9701,0.996433,-0.266222,-172.420938,-2.4774,-0.3311,0.2205
39310000,51.0001989421,0.0004759113,20.9679,0.995696,-0.267600,-172.381880,-2.4776,-0.3329,0.2206
39320000,51.0001987194,0.0004758638,20.9657,0.994961,-0.268977,-172.342858,-2.4778,-0.3346,0.2206
39330000,51.0001984966,0.0004758160,20.9635,0.994226,-0.270355,-172.303871,-2.4781,-0.3364,0.2207
39340000,51.0001982739,0.0004757679,20.9613,0.993492,-0.271732,-172.264921,-2.4783,-0.3381,0.2207
39350000,51.0001980511,0.0004757196,20.9591,0.992760,-0.273109,-172.226006,-2.4785,-0.3399,0.2208
39360000,51.0001978283,0.0004756711,20.9569,0.992028,-0.274487,-172.187127,-2.4787,-0.3416,0.2208
39370000,51.0001976055,0.0004756223,20.9547,0.991297,-0.275864,-172.148283,-2.4790,-0.3433,0.2208
39380000,51.0001973826,0.0004755733,20.9524,0.990567,-0.277242,-172.109476,-2.4792,-0.3451,0.2209
39390000,51.0001971598,0.0004755240,20.9502,0.989838,-0.278619,-172.070704,-2.4795,-0.3468,0.2209
39400000,51.0001969369,0.0004754744,20.9480,0.989110,-0.279996,-172.031968,-2.4797,-0.3486,0.2210
39410000,51.0001967140,0.0004754247,20.9458,0.988382,-0.281374,-171.993267,-2.4799,-0.3503,0.2210
39420000,51.0001964910,0.0004753746,20.9436,0.987656,-0.282751,-171.954602,-2.4802,-0.3521,0.2211
39430000,51.0001962681,0.0004753243,20.9414,0.986930,-0.284128,-171.915973,-2.4804,-0.3538,0.2211
39440000,51.0001960451,0.0004752738,20.9392,0.986206,-0.285505,-171.877379,-2.4807,-0.3555,0.2211
39450000,51.0001958221,0.0004752230,20.9370,0.985482,-0.286883,-171.838822,-2.4809,-0.3573,0.2212
39460000,51.0001955991,0.0004751720,20.9348,0.984759,-0.288260,-171.800299,-2.4812,-0.3590,0.2212
39470000,51.0001953761,0.0004751208,20.9325,0.984037,-0.289637,-171.761813,-2.4814,-0.3608,0.2212
39480000,51.0001951530,0.0004750692,20.9303,0.983315,-0.291014,-171.723362,-2.4817,-0.3625,0.2213
39490000,51.0001949299,0.0004750175,20.9281,0.982595,-0.292391,-171.684946,-2.4819,-0.3642,0.2213
39500000,51.0001947068,0.0004749655,20.9259,0.981875,-0.293769,-171.646567,-2.4822,-0.3660,0.2214
39510000,51.0001944837,0.0004749132,20.9237,0.981157,-0.295146,-171.608222,-2.4824,-0.3677,0.2214
39520000,51.0001942605,0.0004748607,20.9215,0.980439,-0.296523,-171.569914,-2.4827,-0.3694,0.2214
39530000,51.0001940374,0.0004748079,20.9193,0.979721,-0.297900,-171.531641,-2.4829,-0.3712,0.2215
39540000,51.0001938142,0.0004747549,20.9170,0.979005,-0.299277,-171.493403,-2.4832,-0.3729,0.2215
39550000,51.0001935909,0.0004747017,20.9148,0.978289,-0.300654,-171.455201,-2.4834,-0.3746,0.2215
39560000,51.0001933677,0.0004746482,20.9126,0.977575,-0.302031,-171.417035,-2.4837,-0.3764,0.2215
39570000,51.0001931444,0.0004745945,20.9104,0.976861,-0.303408,-171.378904,-2.4840,-0.3781,0.2216
39580000,51.0001929211,0.0004745405,20.9082,0.976148,-0.304785,-171.340808,-2.4842,-0.3798,0.2216
39590000,51.0001926978,0.0004744862,20.9060,0.975435,-0.306162,-171.302748,-2.4845,-0.3816,0.2216
39600000,51.0001924745,0.0004744318,20.9038,0.974723,-0.307539,-171.264724,-2.4848,-0.3833,0.2217
39610000,51.0001922511,0.0004743770,20.9015,0.974013,-0.308916,-171.226735,-2.4850,-0.3850,0.2217
39620000,51.0001920277,0.0004743221,20.8993,0.973302,-0.310292,-171.188782,-2.4853,-0.3867,0.2217
39630000,51.0001918043,0.0004742668,20.8971,0.972593,-0.311669,-171.150864,-2.4856,-0.3885,0.2217
39640000,51.0001915809,0.0004742114,20.8949,0.971884,-0.313046,-171.112981,-2.4858,-0.3902,0.2218
39650000,51.0001913574,0.0004741557,20.8927,0.971176,-0.314423,-171.075134,-2.4861,-0.3919,0.2218
39660000,51.0001911339,0.0004740997,20.8904,0.970469,-0.315800,-171.037323,-2.4864,-0.3936,0.2218
39670000,51.0001909104,0.0004740435,20.8882,0.969763,-0.317177,-170.999546,-2.4867,-0.3954,0.2218
39680000,51.0001906869,0.0004739871,20.8860,0.969057,-0.318553,-170.961806,-2.4869,-0.3971,0.2219
39690000,51.0001904633,0.0004739304,20.8838,0.968352,-0.319930,-170.924101,-2.4872,-0.3988,0.2219
39700000,51.0001902397,0.0004738734,20.8816,0.967647,-0.321307,-170.886431,-2.4875,-0.4005,0.2219
39710000,51.0001900161,0.0004738163,20.8794,0.966943,-0.322683,-170.848796,-2.4878,-0.4023,0.2219
39720000,51.0001897925,0.0004737588,20.8771,0.966240,-0.324060,-170.811197,-2.4881,-0.4040,0.2219
39730000,51.0001895688,0.0004737012,20.8749,0.965538,-0.325437,-170.773634,-2.4883,-0.4057,0.2220
39740000,51.0001893451,0.0004736432,20.8727,0.964836,-0.326813,-170.736105,-2.4886,-0.4074,0.2220
39750000,51.0001891214,0.0004735851,20.8705,0.964135,-0.328190,-170.698613,-2.4889,-0.4091,0.2220
39760000,51.0001888977,0.0004735267,20.8683,0.963435,-0.329567,-170.661155,-2.4892,-0.4109,0.2220
39770000,51.0001886739,0.0004734680,20.8660,0.962735,-0.330943,-170.623733,-2.4895,-0.4126,0.2220
39780000,51.0001884501,0.0004734091,20.8638,0.962036,-0.332320,-170.586346,-2.4898,-0.4143,0.2221
39790000,51.0001882263,0.0004733500,20.8616,0.961338,-0.333696,-170.548995,-2.4901,-0.4160,0.2221
39800000,51.0001880025,0.0004732906,20.8594,0.960640,-0.335073,-170.511679,-2.4904,-0.4177,0.2221
39810000,51.0001877786,0.0004732309,20.8571,0.959942,-0.336449,-170.474399,-2.4907,-0.4194,0.2221
39820000,51.0001875547,0.0004731711,20.8549,0.959246,-0.337826,-170.437153,-2.4910,-0.4212,0.2221
39830000,51.0001873308,0.0004731109,20.8527,0.958550,-0.339202,-170.399943,-2.4913,-0.4229,0.2221
39840000,51.0001871068,0.0004730506,20.8505,0.957854,-0.340579,-170.362769,-2.4916,-0.4246,0.2221
39850000,51.0001868829,0.0004729900,20.8483,0.957160,-0.341955,-170.325630,-2.4919,-0.4263,0.2221
39860000,51.0001866589,0.0004729291,20.8460,0.956465,-0.343331,-170.288526,-2.4922,-0.4280,0.2222
39870000,51.0001864348,0.0004728680,20.8438,0.955772,-0.344708,-170.251457,-2.4925,-0.4297,0.2222
39880000,51.0001862108,0.0004728067,20.8416,0.955079,-0.346084,-170.214424,-2.4928,-0.4314,0.2222
39890000,51.0001859867,0.0004727451,20.8394,0.954386,-0.347460,-170.177426,-2.4931,-0.4332,0.2222
39900000,51.0001857626,0.0004726833,20.8372,0.953694,-0.348837,-170.140463,-2.4934,-0.4349,0.2222
39910000,51.0001855384,0.0004726212,20.8349,0.953003,-0.350213,-170.103536,-2.4937,-0.4366,0.2222
39920000,51.0001853143,0.0004725589,20.8327,0.952312,-0.351589,-170.066644,-2.4940,-0.4383,0.2222
39930000,51.0001850901,0.0004724963,20.8305,0.951622,-0.352965,-170.029788,-2.4943,-0.4400,0.2222
39940000,51.0001848658,0.0004724335,20.8283,0.950932,-0.354342,-169.992966,-2.4946,-0.4417,0.2222
39950000,51.0001846416,0.0004723705,20.8260,0.950243,-0.355718,-169.956180,-2.4950,-0.4434,0.2222
39960000,51.0001844173,0.0004723072,20.8238,0.949554,-0.357094,-169.919429,-2.4953,-0.4451,0.2222
39970000,51.0001841930,0.0004722437,20.8216,0.948866,-0.358470,-169.882714,-2.4956,-0.4468,0.2222
39980000,51.0001839687,0.0004721799,20.8194,0.948178,-0.359846,-169.846034,-2.4959,-0.4485,0.2222
39990000,51.0001837443,0.0004721159,20.8172,0.947491,-0.361223,-169.809389,-2.4962,-0.4502,0.2222
40000000,51.0001835199,0.0004720516,20.8149,0.946804,-0.362599,-169.772779,-2.4965,-0.4519,0.2222
40010000,51.0001832955,0.0004719871,20.8127,0.946118,-0.363975,-169.736205,-2.4969,-0.4536,0.2222
40020000,51.0001830710,0.0004719223,20.8105,0.945432,-0.365351,-169.699666,-2.4972,-0.4554,0.2222
40030000,51.0001828465,0.0004718574,20.8083,0.944746,-0.366727,-169.663163,-2.4975,-0.4571,0.2222
40040000,51.0001826220,0.0004717921,20.8060,0.944061,-0.368103,-169.626694,-2.4979,-0.4588,0.2222
40050000,51.0001823975,0.0004717266,20.8038,0.943377,-0.369479,-169.590261,-2.4982,-0.4605,0.2222
40060000,51.0001821729,0.0004716609,20.8016,0.942693,-0.370855,-169.553863,-2.4985,-0.4622,0.2222
40070000,51.0001819483,0.0004715950,20.7994,0.942010,-0.372231,-169.517501,-2.4988,-0.4639,0.2222
40080000,51.0001817237,0.0004715288,20.7972,0.941326,-0.373607,-169.481173,-2.4992,-0.4656,0.2222
40090000,51.0001814990,0.0004714623,20.7949,0.940644,-0.374983,-169.444882,-2.4995,-0.4673,0.2222
40100000,51.0001812743,0.0004713956,20.7927,0.939961,-0.376358,-169.408625,-2.4999,-0.4690,0.2222
40110000,51.0001810496,0.0004713287,20.7905,0.939280,-0.377734,-169.372403,-2.5002,-0.4707,0.2222
40120000,51.0001808248,0.0004712615,20.7883,0.938598,-0.379110,-169.336217,-2.5005,-0.4724,0.2222
40130000,51.0001806000,0.0004711941,20.7860,0.937917,-0.380486,-169.300066,-2.5009,-0.4741,0.2222
40140000,51.0001803752,0.0004711265,20.7838,0.937236,-0.381862,-169.263951,-2.5012,-0.4758,0.2222
40150000,51.0001801504,0.0004710586,20.7816,0.936556,-0.383238,-169.227871,-2.5016,-0.4775,0.2221
40160000,51.0001799255,0.0004709904,20.7794,0.935876,-0.384613,-169.191826,-2.5019,-0.4792,0.2221
40170000,51.0001797006,0.0004709220,20.7772,0.935197,-0.385989,-169.155816,-2.5022,-0.4809,0.2221
40180000,51.0001794757,0.0004708534,20.7749,0.934518,-0.387365,-169.119842,-2.5026,-0.4826,0.2221
40190000,51.0001792507,0.0004707845,20.7727,0.933839,-0.388741,-169.083903,-2.5029,-0.4842,0.2221
40200000,51.0001790257,0.0004707154,20.7705,0.933160,-0.390116,-169.047999,-2.5033,-0.4859,0.2221
40210000,51.0001788007,0.0004706461,20.7683,0.932482,-0.391492,-169.012130,-2.5037,-0.4876,0.2221
40220000,51.0001785756,0.0004705765,20.7661,0.931804,-0.392868,-168.976297,-2.5040,-0.4893,0.2221
40230000,51.0001783505,0.0004705067,20.7638,0.931127,-0.394243,-168.940499,-2.5044,-0.4910,0.2220
40240000,51.0001781254,0.0004704366,20.7616,0.930450,-0.395619,-168.904737,-2.5047,-0.4927,0.2220
40250000,51.0001779002,0.0004703663,20.7594,0.929773,-0.396994,-168.869009,-2.5051,-0.4944,0.2220
40260000,51.0001776750,0.0004702957,20.7572,0.929096,-0.398370,-168.833317,-2.5054,-0.4961,0.2220
40270000,51.0001774498,0.0004702249,20.7550,0.928420,-0.399746,-168.797660,-2.5058,-0.4978,0.2220
40280000,51.0001772245,0.0004701539,20.7527,0.927744,-0.401121,-168.762039,-2.5062,-0.4995,0.2220
40290000,51.0001769992,0.0004700826,20.7505,0.927068,-0.402497,-168.726453,-2.5065,-0.5012,0.2219
40300000,51.0001767739,0.0004700111,20.7483,0.926393,-0.403872,-168.690902,-2.5069,-0.5029,0.2219
40310000,51.0001765485,0.0004699393,20.7461,0.925718,-0.405248,-168.655387,-2.5073,-0.5046,0.2219
40320000,51.0001763232,0.0004698673,20.7439,0.925043,-0.406623,-168.619907,-2.5076,-0.5063,0.2219
40330000,51.0001760977,0.0004697951,20.7416,0.924368,-0.407998,-168.584462,-2.5080,-0.5079,0.2218
40340000,51.0001758723,0.0004697226,20.7394,0.923694,-0.409374,-168.549053,-2.5084,-0.5096,0.2218
40350000,51.0001756468,0.0004696499,20.7372,0.923020,-0.410749,-168.513678,-2.5087,-0.5113,0.2218
40360000,51.0001754213,0.0004695769,20.7350,0.922346,-0.412125,-168.478340,-2.5091,-0.5130,0.2218
40370000,51.0001751957,0.0004695037,20.7328,0.921672,-0.413500,-168.443036,-2.5095,-0.5147,0.2217
40380000,51.0001749701,0.0004694303,20.7305,0.920999,-0.414875,-168.407768,-2.5099,-0.5164,0.2217
40390000,51.0001747445,0.0004693566,20.7283,0.920326,-0.416251,-168.372536,-2.5103,-0.5181,0.2217
40400000,51.0001745188,0.0004692827,20.7261,0.919653,-0.417626,-168.337338,-2.5106,-0.5198,0.2217
40410000,51.0001742931,0.0004692085,20.7239,0.918980,-0.419001,-168.302176,-2.5110,-0.5214,0.2216
40420000,51.0001740674,0.0004691341,20.7217,0.918307,-0.420376,-168.267050,-2.5114,-0.5231,0.2216
40430000,51.0001738416,0.0004690595,20.7195,0.917635,-0.421752,-168.231958,-2.5118,-0.5248,0.2216
40440000,51.0001736158,0.0004689846,20.7172,0.916962,-0.423127,-168.196903,-2.5122,-0.5265,0.2215
40450000,51.0001733900,0.0004689094,20.7150,0.916290,-0.424502,-168.161882,-2.5126,-0.5282,0.2215
40460000,51.0001731641,0.0004688341,20.7128,0.915618,-0.425877,-168.126897,-2.5130,-0.5299,0.2215
40470000,51.0001729382,0.0004687585,20.7106,0.914947,-0.427252,-168.091947,-2.5133,-0.5316,0.2215
40480000,51.0001727123,0.0004686826,20.7084,0.914275,-0.428627,-168.057033,-2.5137,-0.5332,0.2214
40490000,51.0001724863,0.0004686065,20.7062,0.913603,-0.430002,-168.022154,-2.5141,-0.5349,0.2214
40500000,51.0001722603,0.0004685302,20.7040,0.912932,-0.431378,-167.987311,-2.5145,-0.5366,0.2214
40510000,51.0001720343,0.0004684537,20.7017,0.912261,-0.432753,-167.952503,-2.5149,-0.5383,0.2213
40520000,51.0001718082,0.0004683769,20.6995,0.911589,-0.434128,-167.917730,-2.5153,-0.5400,0.2213
40530000,51.0001715821,0.0004682998,20.6973,0.910918,-0.435503,-167.882993,-2.5157,-0.5417,0.2212
40540000,51.0001713559,0.0004682225,20.6951,0.910247,-0.436878,-167.848292,-2.5161,-0.5433,0.2212
40550000,51.0001711297,0.0004681450,20.6929,0.909577,-0.438253,-167.813626,-2.5165,-0.5450,0.2212
40560000,51.0001709035,0.0004680672,20.6907,0.908906,-0.439628,-167.778995,-2.5169,-0.5467,0.2211
40570000,51.0001706772,0.0004679892,20.6885,0.908235,-0.441003,-167.744400,-2.5174,-0.5484,0.2211
40580000,51.0001704509,0.0004679110,20.6863,0.907564,-0.442377,-167.709840,-2.5178,-0.5501,0.2211
40590000,51.0001702246,0.0004678325,20.6841,0.906894,-0.443752,-167.675316,-2.5182,-0.5517,0.2210
40600000,51.0001699982,0.0004677538,20.6818,0.906223,-0.445127,-167.640827,-2.5186,-0.5534,0.2210
40610000,51.0001697718,0.0004676748,20.6796,0.905553,-0.446502,-167.606374,-2.5190,-0.5551,0.2209
40620000,51.0001695454,0.0004675956,20.6774,0.904883,-0.447877,-167.571956,-2.5194,-0.5568,0.2209
40630000,51.0001693189,0.0004675162,20.6752,0.904212,-0.449252,-167.537574,-2.5198,-0.5585,0.2208
40640000,51.0001690923,0.0004674365,20.6730,0.903542,-0.450627,-167.503227,-2.5202,-0.5601,0.2208
40650000,51.0001688658,0.0004673566,20.6708,0.902871,-0.452001,-167.468916,-2.5207,-0.5618,0.2208
40660000,51.0001686392,0.0004672765,20.6686,0.902201,-0.453376,-167.434640,-2.5211,-0.5635,0.2207
40670000,51.0001684126,0.0004671961,20.6664,0.901531,-0.454751,-167.400400,-2.5215,-0.5652,0.2207
40680000,51.0001681859,0.0004671154,20.6642,0.900860,-0.456126,-167.366196,-2.5219,-0.5668,0.2206
40690000,51.0001679592,0.0004670346,20.6620,0.900190,-0.457500,-167.332027,-2.5224,-0.5685,0.2206
40700000,51.0001677324,0.0004669535,20.6598,0.899520,-0.458875,-167.297894,-2.5228,-0.5702,0.2205
40710000,51.0001675056,0.0004668721,20.6576,0.898849,-0.460250,-167.263796,-2.5232,-0.5719,0.2205
40720000,51.0001672788,0.0004667905,20.6554,0.898179,-0.461624,-167.229734,-2.5236,-0.5735,0.2204
40730000,51.0001670519,0.0004667087,20.6532,0.897508,-0.462999,-167.195708,-2.5241,-0.5752,0.2204
40740000,51.0001668250,0.0004666266,20.6510,0.896838,-0.464373,-167.161717,-2.5245,-0.5769,0.2203
40750000,51.0001665981,0.0004665443,20.6487,0.896167,-0.465748,-167.127762,-2.5249,-0.5786,0.2203
40760000,51.0001663711,0.0004664618,20.6465,0.895497,-0.467123,-167.093843,-2.5254,-0.5802,0.2202
40770000,51.0001661441,0.0004663790,20.6443,0.894826,-0.468497,-167.059959,-2.5258,-0.5819,0.2202
40780000,51.0001659170,0.0004662960,20.6421,0.894155,-0.469872,-167.026111,-2.5263,-0.5836,0.2201
40790000,51.0001656899,0.0004662127,20.6399,0.893484,-0.471246,-166.992298,-2.5267,-0.5853,0.2201
40800000,51.0001654628,0.0004661292,20.6377,0.892813,-0.472621,-166.958522,-2.5271,-0.5869,0.2200
40810000,51.0001652356,0.0004660455,20.6355,0.892142,-0.473995,-166.924781,-2.5276,-0.5886,0.2199
40820000,51.0001650084,0.0004659615,20.6333,0.891471,-0.475370,-166.891076,-2.5280,-0.5903,0.2199
40830000,51.0001647811,0.0004658773,20.6311,0.890800,-0.476744,-166.857406,-2.5285,-0.5919,0.2198
40840000,51.0001645538,0.0004657929,20.6289,0.890128,-0.478118,-166.823773,-2.5289,-0.5936,0.2198
40850000,51.0001643265,0.0004657082,20.6267,0.889457,-0.479493,-166.790175,-2.5294,-0.5953,0.2197
40860000,51.0001640991,0.0004656233,20.6245,0.888785,-0.480867,-166.756613,-2.5298,-0.5970,0.2197
40870000,51.0001638717,0.0004655381,20.6224,0.888113,-0.482241,-166.723086,-2.5303,-0.5986,0.2196
40880000,51.0001636442,0.0004654527,20.6202,0.887441,-0.483616,-166.689596,-2.5307,-0.6003,0.2195
40890000,51.0001634167,0.0004653671,20.6180,0.886769,-0.484990,-166.656141,-2.5312,-0.6020,0.2195
40900000,51.0001631892,0.0004652812,20.6158,0.886096,-0.486364,-166.622722,-2.5317,-0.6036,0.2194
40910000,51.0001629616,0.0004651951,20.6136,0.885424,-0.487739,-166.589339,-2.5321,-0.6053,0.2193
40920000,51.0001627339,0.0004651087,20.6114,0.884751,-0.489113,-166.555992,-2.5326,-0.6070,0.2193
40930000,51.0001625063,0.0004650221,20.6092,0.884078,-0.490487,-166.522681,-2.5330,-0.6086,0.2192
40940000,51.0001622786,0.0004649353,20.6070,0.883405,-0.491861,-166.489406,-2.5335,-0.6103,0.2192
40950000,51.0001620508,0.0004648483,20.6048,0.882732,-0.493235,-166.456167,-2.5340,-0.6120,0.2191
40960000,51.0001618230,0.0004647610,20.6026,0.882058,-0.494610,-166.422963,-2.5344,-0.6137,0.2190
40970000,51.0001615952,0.0004646734,20.6004,0.881384,-0.495984,-166.389796,-2.5349,-0.6153,0.2190
40980000,51.0001613673,0.0004645856,20.5982,0.880710,-0.497358,-166.356664,-2.5354,-0.6170,0.2189
40990000,51.0001611394,0.0004644976,20.5960,0.880036,-0.498732,-166.323569,-2.5358,-0.6187,0.2188
41000000,51.0001609114,0.0004644094,20.5939,0.879362,-0.500106,-166.290509,-2.5363,-0.6203,0.2187
41010000,51.0001606834,0.0004643209,20.5917,0.878687,-0.501480,-166.257485,-2.5368,-0.6220,0.2187
41020000,51.0001604553,0.0004642322,20.5895,0.878012,-0.502854,-166.224498,-2.5373,-0.6237,0.2186
41030000,51.0001602272,0.0004641432,20.5873,0.877336,-0.504228,-166.191547,-2.5378,-0.6253,0.2185
41040000,51.0001599991,0.0004640540,20.5851,0.876661,-0.505602,-166.158631,-2.5382,-0.6270,0.2185
41050000,51.0001597709,0.0004639646,20.5829,0.875985,-0.506976,-166.125752,-2.5387,-0.6286,0.2184
41060000,51.0001595427,0.0004638749,20.5807,0.875309,-0.508350,-166.092909,-2.5392,-0.6303,0.2183
41070000,51.0001593144,0.0004637850,20.5786,0.874632,-0.509724,-166.060101,-2.5397,-0.6320,0.2182
41080000,51.0001590861,0.0004636948,20.5764,0.873955,-0.511098,-166.027330,-2.5402,-0.6336,0.2182
41090000,51.0001588578,0.0004636044,20.5742,0.873278,-0.512472,-165.994596,-2.5407,-0.6353,0.2181
41100000,51.0001586294,0.0004635138,20.5720,0.872601,-0.513846,-165.961897,-2.5412,-0.6370,0.2180
41110000,51.0001584009,0.0004634230,20.5698,0.871923,-0.515220,-165.929234,-2.5416,-0.6386,0.2179
41120000,51.0001581724,0.0004633319,20.5677,0.871245,-0.516593,-165.896608,-2.5421,-0.6403,0.2179
41130000,51.0001579439,0.0004632405,20.5655,0.870566,-0.517967,-165.864018,-2.5426,-0.6420,0.2178
41140000,51.0001577153,0.0004631489,20.5633,0.869887,-0.519341,-165.831464,-2.5431,-0.6436,0.2177
41150000,51.0001574867,0.0004630571,20.5611,0.869208,-0.520715,-165.798947,-2.5436,-0.6453,0.2176
41160000,51.0001572580,0.0004629651,20.5590,0.868528,-0.522089,-165.766465,-2.5441,-0.6469,0.2175
41170000,51.0001570293,0.0004628728,20.5568,0.867848,-0.523462,-165.734020,-2.5446,-0.6486,0.2175
41180000,51.0001568006,0.0004627803,20.5546,0.867168,-0.524836,-165.701612,-2.5451,-0.6503,0.2174
41190000,51.0001565718,0.0004626875,20.5524,0.866487,-0.526210,-165.669239,-2.5456,-0.6519,0.2173
41200000,51.0001563429,0.0004625946,20.5503,0.865806,-0.527583,-165.636903,-2.5462,-0.6536,0.2172
41210000,51.0001561140,0.0004625013,20.5481,0.865124,-0.528957,-165.604604,-2.5467,-0.6553,0.2171
41220000,51.0001558851,0.0004624079,20.5459,0.864442,-0.530331,-165.572340,-2.5472,-0.6569,0.2171
41230000,51.0001556561,0.0004623142,20.5437,0.863760,-0.531704,-165.540113,-2.5477,-0.6586,0.2170
41240000,51.0001554271,0.0004622202,20.5416,0.863077,-0.533078,-165.507923,-2.5482,-0.6602,0.2169
41250000,51.0001551980,0.0004621260,20.5394,0.862393,-0.534452,-165.475769,-2.5487,-0.6619,0.2168
41260000,51.0001549689,0.0004620316,20.5372,0.861709,-0.535825,-165.443652,-2.5492,-0.6636,0.2167
41270000,51.0001547397,0.0004619370,20.5351,0.861025,-0.537199,-165.411571,-2.5497,-0.6652,0.2166
41280000,51.0001545105,0.0004618421,20.5329,0.860340,-0.538572,-165.379526,-2.5503,-0.6669,0.2165
41290000,51.0001542812,0.0004617470,20.5307,0.859655,-0.539946,-165.347518,-2.5508,-0.6685,0.2164
41300000,51.0001540519,0.0004616516,20.5286,0.858969,-0.541319,-165.315547,-2.5513,-0.6702,0.2164
41310000,51.0001538226,0.0004615560,20.5264,0.858283,-0.542693,-165.283612,-2.5518,-0.6719,0.2163
41320000,51.0001535932,0.0004614602,20.5242,0.857596,-0.544066,-165.251714,-2.5524,-0.6735,0.2162
41330000,51.0001533637,0.0004613641,20.5221,0.856909,-0.545439,-165.219852,-2.5529,-0.6752,0.2161
41340000,51.0001531342,0.0004612678,20.5199,0.856221,-0.546813,-165.188027,-2.5534,-0.6768,0.2160
41350000,51.0001529047,0.0004611713,20.5178,0.855532,-0.548186,-165.156239,-2.5539,-0.6785,0.2159
41360000,51.0001526751,0.0004610745,20.5156,0.854843,-0.549560,-165.124487,-2.5545,-0.6801,0.2158
41370000,51.0001524454,0.0004609775,20.5135,0.854154,-0.550933,-165.092772,-2.5550,-0.6818,0.2157
41380000,51.0001522157,0.0004608803,20.5113,0.853464,-0.552306,-165.061094,-2.5556,-0.6835,0.2156
41390000,51.0001519860,0.0004607828,20.5091,0.852773,-0.553680,-165.029453,-2.5561,-0.6851,0.2155
41400000,51.0001517562,0.0004606851,20.5070,0.852082,-0.555053,-164.997848,-2.5566,-0.6868,0.2154
41410000,51.0001515264,0.0004605871,20.5048,0.851390,-0.556426,-164.966281,-2.5572,-0.6884,0.2153
41420000,51.0001512965,0.0004604889,20.5027,0.850698,-0.557799,-164.934750,-2.5577,-0.6901,0.2152
41430000,51.0001510666,0.0004603905,20.5005,0.850005,-0.559173,-164.903256,-2.5583,-0.6917,0.2151
41440000,51.0001508366,0.0004602918,20.4984,0.849311,-0.560546,-164.871798,-2.5588,-0.6934,0.2150
41450000,51.0001506065,0.0004601929,20.4962,0.848617,-0.561919,-164.840378,-2.5594,-0.6950,0.2149
41460000,51.0001503765,0.0004600938,20.4941,0.847922,-0.563292,-164.808995,-2.5599,-0.6967,0.2148
41470000,51.0001501463,0.0004599944,20.4919,0.847226,-0.564665,-164.777648,-2.5605,-0.6984,0.2147
41480000,51.0001499162,0.0004598948,20.4898,0.846530,-0.566038,-164.746339,-2.5610,-0.7000,0.2146
41490000,51.0001496859,0.0004597950,20.4876,0.845834,-0.567412,-164.715066,-2.5616,-0.7017,0.2145
41500000,51.0001494556,0.0004596949,20.4855,0.845136,-0.568785,-164.683831,-2.5621,-0.7033,0.2144
41510000,51.0001492253,0.0004595946,20.4833,0.844438,-0.570158,-164.652632,-2.5627,-0.7050,0.2143
41520000,51.0001489949,0.0004594941,20.4812,0.843739,-0.571531,-164.621471,-2.5632,-0.7066,0.2142
41530000,51.0001487645,0.0004593933,20.4791,0.843040,-0.572904,-164.590347,-2.5638,-0.7083,0.2141
41540000,51.0001485340,0.0004592923,20.4769,0.842339,-0.574277,-164.559260,-2.5644,-0.7099,0.2140
41550000,51.0001483035,0.0004591910,20.4748,0.841638,-0.575650,-164.528210,-2.5649,-0.7116,0.2139
41560000,51.0001480729,0.0004590895,20.4726,0.840937,-0.577023,-164.497197,-2.5655,-0.7132,0.2138
41570000,51.0001478423,0.0004589878,20.4705,0.840234,-0.578396,-164.466222,-2.5661,-0.7149,0.2137
41580000,51.0001476116,0.0004588858,20.4684,0.839531,-0.579769,-164.435283,-2.5666,-0.7166,0.2136
41590000,51.0001473808,0.0004587836,20.4662,0.838827,-0.581142,-164.404382,-2.5672,-0.7182,0.2134
41600000,51.0001471501,0.0004586812,20.4641,0.838123,-0.582515,-164.373519,-2.5678,-0.7199,0.2133
41610000,51.0001469192,0.0004585785,20.4620,0.837418,-0.583887,-164.342692,-2.5684,-0.7215,0.2132
41620000,51.0001466883,0.0004584756,20.4598,0.836711,-0.585260,-164.311903,-2.5689,-0.7232,0.2131
41630000,51.0001464574,0.0004583725,20.4577,0.836005,-0.586633,-164.281152,-2.5695,-0.7248,0.2130
41640000,51.0001462264,0.0004582691,20.4556,0.835297,-0.588006,-164.250437,-2.5701,-0.7265,0.2129
41650000,51.0001459953,0.0004581655,20.4534,0.834588,-0.589379,-164.219760,-2.5707,-0.7281,0.2128
41660000,51.0001457642,0.0004580617,20.4513,0.833879,-0.590751,-164.189121,-2.5713,-0.7298,0.2127
41670000,51.0001455331,0.0004579576,20.4492,0.833169,-0.592124,-164.158519,-2.5718,-0.7314,0.2125
41680000,51.0001453019,0.0004578533,20.4471,0.832458,-0.593497,-164.127955,-2.5724,-0.7331,0.2124
41690000,51.0001450706,0.0004577487,20.4449,0.831746,-0.594870,-164.097428,-2.5730,-0.7347,0.2123
41700000,51.0001448393,0.0004576439,20.4428,0.831034,-0.596242,-164.066938,-2.5736,-0.7364,0.2122
41710000,51.0001446079,0.0004575389,20.4407,0.830320,-0.597615,-164.036487,-2.5742,-0.7380,0.2121
41720000,51.0001443765,0.0004574337,20.4386,0.829606,-0.598988,-164.006073,-2.5748,-0.7397,0.2119
41730000,51.0001441451,0.0004573282,20.4365,0.828891,-0.600360,-163.975696,-2.5754,-0.7413,0.2118
41740000,51.0001439135,0.0004572225,20.4343,0.828175,-0.601733,-163.945357,-2.5760,-0.7430,0.2117
41750000,51.0001436819,0.0004571165,20.4322,0.827458,-0.603106,-163.915056,-2.5766,-0.7446,0.2116
41760000,51.0001434503,0.0004570103,20.4301,0.826740,-0.604478,-163.884793,-2.5772,-0.7463,0.2115
41770000,51.0001432186,0.0004569039,20.4280,0.826021,-0.605851,-163.854568,-2.5778,-0.7479,0.2113
41780000,51.0001429869,0.0004567972,20.4259,0.825302,-0.607223,-163.824380,-2.5784,-0.7496,0.2112
41790000,51.0001427551,0.0004566903,20.4238,0.824581,-0.608596,-163.794230,-2.5790,-0.7512,0.2111
41800000,51.0001425232,0.0004565832,20.4217,0.823860,-0.609968,-163.764118,-2.5796,-0.7529,0.2110
41810000,51.0001422913,0.0004564758,20.4196,0.823137,-0.611341,-163.734044,-2.5802,-0.7545,0.2108
41820000,51.0001420594,0.0004563682,20.4174,0.822414,-0.612713,-163.704008,-2.5808,-0.7562,0.2107
41830000,51.0001418274,0.0004562604,20.4153,0.821690,-0.614086,-163.674010,-2.5814,-0.7578,0.2106
41840000,51.0001415953,0.0004561523,20.4132,0.820965,-0.615458,-163.644050,-2.5821,-0.7594,0.2105
41850000,51.0001413632,0.0004560440,20.4111,0.820238,-0.616831,-163.614128,-2.5827,-0.7611,0.2103
41860000,51.0001411310,0.0004559355,20.4090,0.819511,-0.618203,-163.584244,-2.5833,-0.7627,0.2102
41870000,51.0001408987,0.0004558267,20.4069,0.818783,-0.619575,-163.554398,-2.5839,-0.7644,0.2101
41880000,51.0001406665,0.0004557177,20.4048,0.818054,-0.620948,-163.524590,-2.5845,-0.7660,0.2100
41890000,51.0001404341,0.0004556084,20.4027,0.817323,-0.622320,-163.494820,-2.5852,-0.7677,0.2098
41900000,51.0001402017,0.0004554990,20.4006,0.816592,-0.623692,-163.465089,-2.5858,-0.7693,0.2097
41910000,51.0001399692,0.0004553892,20.3985,0.815860,-0.625065,-163.435396,-2.5864,-0.7710,0.2096
41920000,51.0001397367,0.0004552793,20.3964,0.815127,-0.626437,-163.405741,-2.5870,-0.7726,0.2094
41930000,51.0001395041,0.0004551691,20.3943,0.814392,-0.627809,-163.376124,-2.5877,-0.7743,0.2093
41940000,51.0001392715,0.0004550587,20.3923,0.813657,-0.629181,-163.346546,-2.5883,-0.7759,0.2092
41950000,51.0001390388,0.0004549480,20.3902,0.812920,-0.630554,-163.317006,-2.5889,-0.7776,0.2090
41960000,51.0001388061,0.0004548372,20.3881,0.812183,-0.631926,-163.287504,-2.5896,-0.7792,0.2089
41970000,51.0001385733,0.0004547260,20.3860,0.811444,-0.633298,-163.258041,-2.5902,-0.7808,0.2087
41980000,51.0001383404,0.0004546147,20.3839,0.810704,-0.634670,-163.228616,-2.5909,-0.7825,0.2086
41990000,51.0001381075,0.0004545031,20.3818,0.809963,-0.636042,-163.199230,-2.5915,-0.7841,0.2085
42000000,51.0001378745,0.0004543913,20.3797,0.809221,-0.637414,-163.169882,-2.5921,-0.7858,0.2083
42010000,51.0001376415,0.0004542792,20.3776,0.808478,-0.638786,-163.140573,-2.5928,-0.7874,0.2082
42020000,51.0001374084,0.0004541669,20.3756,0.807734,-0.640159,-163.111303,-2.5934,-0.7891,0.2081
42030000,51.0001371753,0.0004540544,20.3735,0.806989,-0.641531,-163.082071,-2.5941,-0.7907,0.2079
42040000,51.0001369421,0.0004539416,20.3714,0.806242,-0.642903,-163.052878,-2.5947,-0.7924,0.2078
42050000,51.0001367088,0.0004538286,20.3693,0.805494,-0.644275,-163.023724,-2.5954,-0.7940,0.2076
42060000,51.0001364755,0.0004537154,20.3673,0.804746,-0.645647,-162.994608,-2.5960,-0.7956,0.2075
42070000,51.0001362421,0.0004536020,20.3652,0.803996,-0.647019,-162.965531,-2.5967,-0.7973,0.2073
42080000,51.0001360086,0.0004534883,20.3631,0.803244,-0.648391,-162.936493,-2.5974,-0.7989,0.2072
42090000,51.0001357751,0.0004533743,20.3610,0.802492,-0.649763,-162.907494,-2.5980,-0.8006,0.2071
42100000,51.0001355416,0.0004532602,20.3590,0.801738,-0.651134,-162.878533,-2.5987,-0.8022,0.2069
42110000,51.0001353080,0.0004531458,20.3569,0.800983,-0.652506,-162.849612,-2.5993,-0.8039,0.2068
42120000,51.0001350743,0.0004530311,20.3548,0.800227,-0.653878,-162.820729,-2.6000,-0.8055,0.2066
42130000,51.0001348405,0.0004529163,20.3528,0.799470,-0.655250,-162.791886,-2.6007,-0.8071,0.2065
42140000,51.0001346067,0.0004528012,20.3507,0.798711,-0.656622,-162.763082,-2.6013,-0.8088,0.2063
42150000,51.0001343729,0.0004526858,20.3486,0.797951,-0.657994,-162.734316,-2.6020,-0.8104,0.2062
42160000,51.0001341389,0.0004525703,20.3466,0.797190,-0.659366,-162.705590,-2.6027,-0.8121,0.2060
42170000,51.0001339050,0.0004524545,20.3445,0.796428,-0.660737,-162.676903,-2.6034,-0.8137,0.2059
42180000,51.0001336709,0.0004523384,20.3425,0.795664,-0.662109,-162.648255,-2.6040,-0.8153,0.2057
42190000,51.0001334368,0.0004522222,20.3404,0.794899,-0.663481,-162.619647,-2.6047,-0.8170,0.2056
42200000,51.0001332027,0.0004521057,20.3383,0.794133,-0.664853,-162.591078,-2.6054,-0.8186,0.2054
42210000,51.0001329684,0.0004519889,20.3363,0.793365,-0.666224,-162.562548,-2.6061,-0.8203,0.2053
42220000,51.0001327341,0.0004518720,20.3342,0.792597,-0.667596,-162.534057,-2.6067,-0.8219,0.2051
42230000,51.0001324998,0.0004517548,20.3322,0.791826,-0.668968,-162.505606,-2.6074,-0.8235,0.2050
42240000,51.0001322654,0.0004516373,20.3301,0.791055,-0.670339,-162.477194,-2.6081,-0.8252,0.2048
42250000,51.0001320309,0.0004515197,20.3281,0.790282,-0.671711,-162.448822,-2.6088,-0.8268,0.2046
42260000,51.0001317964,0.0004514018,20.3260,0.789507,-0.673083,-162.420489,-2.6095,-0.8285,0.2045
42270000,51.0001315618,0.0004512836,20.3240,0.788732,-0.674454,-162.392196,-2.6102,-0.8301,0.2043
42280000,51.0001313271,0.0004511652,20.3220,0.787955,-0.675826,-162.363942,-2.6109,-0.8317,0.2042
42290000,51.0001310924,0.0004510466,20.3199,0.787176,-0.677197,-162.335728,-2.6116,-0.8334,0.2040
42300000,51.0001308576,0.0004509278,20.3179,0.786396,-0.678569,-162.307554,-2.6123,-0.8350,0.2039
42310000,51.0001306228,0.0004508087,20.3158,0.785615,-0.679940,-162.279419,-2.6130,-0.8367,0.2037
42320000,51.0001303879,0.0004506894,20.3138,0.784832,-0.681312,-162.251324,-2.6137,-0.8383,0.2035
42330000,51.0001301529,0.0004505699,20.3118,0.784048,-0.682683,-162.223269,-2.6144,-0.8399,0.2034
42340000,51.0001299179,0.0004504501,20.3097,0.783262,-0.684055,-162.195254,-2.6151,-0.8416,0.2032
42350000,51.0001296828,0.0004503301,20.3077,0.782475,-0.685426,-162.167279,-2.6158,-0.8432,0.2030
42360000,51.0001294476,0.0004502099,20.3057,0.781687,-0.686798,-162.139343,-2.6165,-0.8448,0.2029
42370000,51.0001292124,0.0004500894,20.3036,0.780897,-0.688169,-162.111448,-2.6172,-0.8465,0.2027
42380000,51.0001289771,0.0004499687,20.3016,0.780105,-0.689541,-162.083592,-2.6179,-0.8481,0.2026
42390000,51.0001287417,0.0004498478,20.2996,0.779312,-0.690912,-162.055777,-2.6186,-0.8497,0.2024
42400000,51.0001285063,0.0004497266,20.2976,0.778518,-0.692283,-162.028002,-2.6194,-0.8514,0.2022
42410000,51.0001282708,0.0004496052,20.2956,0.777722,-0.693655,-162.000267,-2.6201,-0.8530,0.2021
42420000,51.0001280353,0.0004494836,20.2935,0.776924,-0.695026,-161.972572,-2.6208,-0.8547,0.2019
42430000,51.0001277997,0.0004493617,20.2915,0.776125,-0.696397,-161.944917,-2.6215,-0.8563,0.2017
42440000,51.0001275640,0.0004492396,20.2895,0.775324,-0.697769,-161.917303,-2.6222,-0.8579,0.2016
42450000,51.0001273283,0.0004491173,20.2875,0.774522,-0.699140,-161.889729,-2.6230,-0.8596,0.2014
42460000,51.0001270925,0.0004489947,20.2855,0.773718,-0.700511,-161.862195,-2.6237,-0.8612,0.2012
42470000,51.0001268566,0.0004488719,20.2835,0.772913,-0.701882,-161.834702,-2.6244,-0.8628,0.2010
42480000,51.0001266207,0.0004487489,20.2815,0.772106,-0.703254,-161.807249,-2.6252,-0.8645,0.2009
42490000,51.0001263846,0.0004486256,20.2794,0.771297,-0.704625,-161.779836,-2.6259,-0.8661,0.2007
42500000,51.0001261486,0.0004485021,20.2774,0.770487,-0.705996,-161.752465,-2.6266,-0.8677,0.2005
42510000,51.0001259124,0.0004483784,20.2754,0.769676,-0.707367,-161.725133,-2.6274,-0.8694,0.2003
42520000,51.0001256762,0.0004482544,20.2734,0.768862,-0.708738,-161.697843,-2.6281,-0.8710,0.2002
42530000,51.0001254400,0.0004481302,20.2714,0.768047,-0.710109,-161.670593,-2.6288,-0.8726,0.2000
42540000,51.0001252036,0.0004480058,20.2694,0.767230,-0.711480,-161.643384,-2.6296,-0.8743,0.1998
42550000,51.0001249672,0.0004478811,20.2674,0.766412,-0.712851,-161.616215,-2.6303,-0.8759,0.1996
42560000,51.0001247308,0.0004477562,20.2654,0.765592,-0.714222,-161.589087,-2.6311,-0.8775,0.1995
42570000,51.0001244942,0.0004476311,20.2634,0.764770,-0.715593,-161.562001,-2.6318,-0.8792,0.1993
42580000,51.0001242576,0.0004475057,20.2615,0.763947,-0.716965,-161.534955,-2.6326,-0.8808,0.1991
42590000,51.0001240209,0.0004473801,20.2595,0.763122,-0.718336,-161.507950,-2.6333,-0.8824,0.1989
42600000,51.0001237842,0.0004472543,20.2575,0.762295,-0.719706,-161.480986,-2.6341,-0.8841,0.1988
42610000,51.0001235474,0.0004471283,20.2555,0.761466,-0.721077,-161.454063,-2.6348,-0.8857,0.1986
42620000,51.0001233105,0.0004470020,20.2535,0.760636,-0.722448,-161.427182,-2.6356,-0.8873,0.1984
42630000,51.0001230736,0.0004468754,20.2515,0.759804,-0.723819,-161.400341,-2.6363,-0.8890,0.1982
42640000,51.0001228366,0.0004467487,20.2495,0.758970,-0.725190,-161.373542,-2.6371,-0.8906,0.1980
42650000,51.0001225995,0.0004466217,20.2476,0.758134,-0.726561,-161.346783,-2.6379,-0.8922,0.1978
42660000,51.0001223623,0.0004464945,20.2456,0.757297,-0.727932,-161.320067,-2.6386,-0.8938,0.1977
42670000,51.0001221251,0.0004463670,20.2436,0.756458,-0.729303,-161.293391,-2.6394,-0.8955,0.1975
42680000,51.0001218878,0.0004462394,20.2416,0.755617,-0.730674,-161.266757,-2.6402,-0.8971,0.1973
42690000,51.0001216505,0.0004461114,20.2397,0.754774,-0.732044,-161.240164,-2.6409,-0.8987,0.1971
42700000,51.0001214131,0.0004459833,20.2377,0.753929,-0.733415,-161.213613,-2.6417,-0.9004,0.1969
42710000,51.0001211756,0.0004458549,20.2357,0.753083,-0.734786,-161.187103,-2.6425,-0.9020,0.1967
42720000,51.0001209380,0.0004457263,20.2338,0.752235,-0.736157,-161.160635,-2.6433,-0.9036,0.1965
42730000,51.0001207004,0.0004455975,20.2318,0.751384,-0.737527,-161.134209,-2.6441,-0.9053,0.1963
42740000,51.0001204627,0.0004454684,20.2298,0.750532,-0.738898,-161.107824,-2.6448,-0.9069,0.1962
42750000,51.0001202249,0.0004453391,20.2279,0.749678,-0.740269,-161.081481,-2.6456,-0.9085,0.1960
42760000,51.0001199870,0.0004452095,20.2259,0.748823,-0.741640,-161.055180,-2.6464,-0.9101,0.1958
42770000,51.0001197491,0.0004450798,20.2239,0.747965,-0.743010,-161.028921,-2.6472,-0.9118,0.1956
42780000,51.0001195111,0.0004449498,20.2220,0.747105,-0.744381,-161.002703,-2.6480,-0.9134,0.1954
42790000,51.0001192731,0.0004448195,20.2200,0.746244,-0.745751,-160.976528,-2.6488,-0.9150,0.1952
42800000,51.0001190349,0.0004446891,20.2181,0.745380,-0.747122,-160.950394,-2.6496,-0.9166,0.1950
42810000,51.0001187967,0.0004445584,20.2161,0.744515,-0.748493,-160.924303,-2.6504,-0.9183,0.1948
42820000,51.0001185585,0.0004444274,20.2142,0.743647,-0.749863,-160.898253,-2.6512,-0.9199,0.1946
42830000,51.0001183201,0.0004442963,20.2122,0.742778,-0.751234,-160.872246,-2.6520,-0.9215,0.1944
42840000,51.0001180817,0.0004441649,20.2103,0.741907,-0.752604,-160.846281,-2.6528,-0.9231,0.1942
42850000,51.0001178432,0.0004440333,20.2084,0.741033,-0.753975,-160.820358,-2.6536,-0.9248,0.1940
42860000,51.0001176047,0.0004439014,20.2064,0.740158,-0.755345,-160.794478,-2.6544,-0.9264,0.1938
42870000,51.0001173660,0.0004437693,20.2045,0.739281,-0.756716,-160.768640,-2.6552,-0.9280,0.1936
42880000,51.0001171273,0.0004436370,20.2026,0.738401,-0.758086,-160.742844,-2.6560,-0.9296,0.1934
42890000,51.0001168885,0.0004435044,20.2006,0.737520,-0.759457,-160.717091,-2.6568,-0.9313,0.1932
42900000,51.0001166497,0.0004433717,20.1987,0.736636,-0.760827,-160.691380,-2.6576,-0.9329,0.1930
42910000,51.0001164108,0.0004432386,20.1968,0.735751,-0.762197,-160.665712,-2.6584,-0.9345,0.1928
42920000,51.0001161718,0.0004431054,20.1948,0.734863,-0.763568,-160.640086,-2.6592,-0.9361,0.1926
42930000,51.0001159327,0.0004429719,20.1929,0.733974,-0.764938,-160.614504,-2.6601,-0.9378,0.1924
42940000,51.0001156935,0.0004428382,20.1910,0.733082,-0.766309,-160.588964,-2.6609,-0.9394,0.1922
42950000,51.0001154543,0.0004427043,20.1891,0.732188,-0.767679,-160.563466,-2.6617,-0.9410,0.1920
42960000,51.0001152150,0.0004425701,20.1871,0.731292,-0.769049,-160.538012,-2.6625,-0.9426,0.1918
42970000,51.0001149757,0.0004424357,20.1852,0.730394,-0.770419,-160.512600,-2.6633,-0.9443,0.1916
42980000,51.0001147362,0.0004423011,20.1833,0.729494,-0.771790,-160.487232,-2.6642,-0.9459,0.1914
42990000,51.0001144967,0.0004421662,20.1814,0.728591,-0.773160,-160.461906,-2.6650,-0.9475,0.1912
43000000,51.0001142571,0.0004420311,20.1795,0.727687,-0.774530,-160.436624,-2.6658,-0.9491,0.1910
43010000,51.0001140175,0.0004418958,20.1776,0.726780,-0.775900,-160.411384,-2.6667,-0.9507,0.1908
43020000,51.0001137777,0.0004417602,20.1757,0.725871,-0.777271,-160.386188,-2.6675,-0.9524,0.1906
43030000,51.0001135379,0.0004416244,20.1738,0.724960,-0.778641,-160.361035,-2.6684,-0.9540,0.1903
43040000,51.0001132980,0.0004414884,20.1719,0.724046,-0.780011,-160.335925,-2.6692,-0.9556,0.1901
43050000,51.0001130580,0.0004413522,20.1700,0.723131,-0.781381,-160.310859,-2.6700,-0.9572,0.1899
43060000,51.0001128180,0.0004412157,20.1681,0.722213,-0.782751,-160.285836,-2.6709,-0.9588,0.1897
43070000,51.0001125779,0.0004410790,20.1662,0.721293,-0.784121,-160.260857,-2.6717,-0.9605,0.1895
43080000,51.0001123377,0.0004409421,20.1643,0.720371,-0.785491,-160.235921,-2.6726,-0.9621,0.1893
43090000,51.0001120974,0.0004408049,20.1624,0.719446,-0.786861,-160.211028,-2.6734,-0.9637,0.1891
43100000,51.0001118571,0.0004406675,20.1605,0.718519,-0.788232,-160.186180,-2.6743,-0.9653,0.1889
43110000,51.0001116166,0.0004405298,20.1586,0.717590,-0.789602,-160.161375,-2.6751,-0.9669,0.1886
43120000,51.0001113761,0.0004403920,20.1567,0.716658,-0.790972,-160.136614,-2.6760,-0.9686,0.1884
43130000,51.0001111355,0.0004402539,20.1548,0.715725,-0.792342,-160.111896,-2.6769,-0.9702,0.1882
43140000,51.0001108949,0.0004401156,20.1530,0.714789,-0.793712,-160.087223,-2.6777,-0.9718,0.1880
43150000,51.0001106542,0.0004399770,20.1511,0.713850,-0.795082,-160.062593,-2.6786,-0.9734,0.1878
43160000,51.0001104133,0.0004398382,20.1492,0.712909,-0.796451,-160.038007,-2.6794,-0.9750,0.1876
43170000,51.0001101725,0.0004396992,20.1473,0.711966,-0.797821,-160.013466,-2.6803,-0.9766,0.1873
43180000,51.0001099315,0.0004395600,20.1455,0.711021,-0.799191,-159.988968,-2.6812,-0.9783,0.1871
43190000,51.0001096904,0.0004394205,20.1436,0.710073,-0.800561,-159.964515,-2.6821,-0.9799,0.1869
43200000,51.0001094493,0.0004392808,20.1417,0.709122,-0.801931,-159.940106,-2.6829,-0.9815,0.1867
43210000,51.0001092081,0.0004391409,20.1398,0.708169,-0.803301,-159.915741,-2.6838,-0.9831,0.1864
43220000,51.0001089668,0.0004390007,20.1380,0.707214,-0.804671,-159.891421,-2.6847,-0.9847,0.1862
43230000,51.0001087255,0.0004388603,20.1361,0.706257,-0.806040,-159.867145,-2.6856,-0.9863,0.1860
43240000,51.0001084840,0.0004387197,20.1343,0.705297,-0.807410,-159.842913,-2.6864,-0.9879,0.1858
43250000,51.0001082425,0.0004385788,20.1324,0.704334,-0.808780,-159.818726,-2.6873,-0.9896,0.1855
43260000,51.0001080009,0.0004384377,20.1306,0.703369,-0.810150,-159.794584,-2.6882,-0.9912,0.1853
43270000,51.0001077592,0.0004382964,20.1287,0.702401,-0.811520,-159.770486,-2.6891,-0.9928,0.1851
43280000,51.0001075175,0.0004381549,20.1269,0.701431,-0.812889,-159.746433,-2.6900,-0.9944,0.1849
43290000,51.0001072756,0.0004380131,20.1250,0.700459,-0.814259,-159.722425,-2.6909,-0.9960,0.1846
43300000,51.0001070337,0.0004378711,20.1232,0.699484,-0.815629,-159.698462,-2.6918,-0.9976,0.1844
43310000,51.0001067917,0.0004377289,20.1213,0.698506,-0.816998,-159.674543,-2.6927,-0.9992,0.1842
43320000,51.0001065496,0.0004375864,20.1195,0.697526,-0.818368,-159.650670,-2.6936,-1.0008,0.1840
43330000,51.0001063075,0.0004374437,20.1176,0.696543,-0.819738,-159.626841,-2.6945,-1.0024,0.1837
43340000,51.0001060652,0.0004373008,20.1158,0.695558,-0.821107,-159.603058,-2.6954,-1.0041,0.1835
43350000,51.0001058229,0.0004371577,20.1140,0.694570,-0.822477,-159.579320,-2.6963,-1.0057,0.1833
43360000,51.0001055805,0.0004370143,20.1121,0.693580,-0.823846,-159.555627,-2.6972,-1.0073,0.1830
43370000,51.0001053380,0.0004368707,20.1103,0.692587,-0.825216,-159.531979,-2.6981,-1.0089,0.1828
43380000,51.0001050954,0.0004367268,20.1085,0.691591,-0.826585,-159.508376,-2.6990,-1.0105,0.1826
43390000,51.0001048528,0.0004365828,20.1067,0.690593,-0.827955,-159.484820,-2.6999,-1.0121,0.1823
43400000,51.0001046100,0.0004364385,20.1048,0.689592,-0.829324,-159.461308,-2.7008,-1.0137,0.1821
43410000,51.0001043672,0.0004362940,20.1030,0.688588,-0.830694,-159.437842,-2.7018,-1.0153,0.1818
43420000,51.0001041243,0.0004361492,20.1012,0.687581,-0.832063,-159.414422,-2.7027,-1.0169,0.1816
43430000,51.0001038813,0.0004360042,20.0994,0.686572,-0.833433,-159.391047,-2.7036,-1.0185,0.1814
43440000,51.0001036383,0.0004358590,20.0976,0.685561,-0.834802,-159.367719,-2.7045,-1.0201,0.1811
43450000,51.0001033951,0.0004357136,20.0958,0.684546,-0.836172,-159.344435,-2.7055,-1.0217,0.1809
43460000,51.0001031519,0.0004355679,20.0940,0.683529,-0.837541,-159.321198,-2.7064,-1.0233,0.1807
43470000,51.0001029086,0.0004354220,20.0921,0.682509,-0.838910,-159.298007,-2.7073,-1.0249,0.1804
43480000,51.0001026652,0.0004352759,20.0903,0.681486,-0.840280,-159.274862,-2.7083,-1.0266,0.1802
43490000,51.0001024217,0.0004351295,20.0885,0.680461,-0.841649,-159.251763,-2.7092,-1.0282,0.1799
43500000,51.0001021781,0.0004349829,20.0867,0.679433,-0.843018,-159.228710,-2.7101,-1.0298,0.1797
43510000,51.0001019345,0.0004348361,20.0849,0.678402,-0.844388,-159.205703,-2.7111,-1.0314,0.1794
43520000,51.0001016908,0.0004346891,20.0832,0.677368,-0.845757,-159.182742,-2.7120,-1.0330,0.1792
43530000,51.0001014469,0.0004345418,20.0814,0.676331,-0.847126,-159.159828,-2.7130,-1.0346,0.1790
43540000,51.0001012030,0.0004343943,20.0796,0.675292,-0.848496,-159.136960,-2.7139,-1.0362,0.1787
43550000,51.0001009590,0.0004342466,20.0778,0.674249,-0.849865,-159.114139,-2.7149,-1.0378,0.1785
43560000,51.0001007150,0.0004340987,20.0760,0.673204,-0.851234,-159.091364,-2.7158,-1.0394,0.1782
43570000,51.0001004708,0.0004339505,20.0742,0.672156,-0.852603,-159.068636,-2.7168,-1.0410,0.1780
43580000,51.0001002265,0.0004338021,20.0724,0.671105,-0.853972,-159.045955,-2.7177,-1.0426,0.1777
43590000,51.0000999822,0.0004336534,20.0707,0.670051,-0.855342,-159.023320,-2.7187,-1.0442,0.1775
43600000,51.0000997378,0.0004335046,20.0689,0.668994,-0.856711,-159.000732,-2.7196,-1.0458,0.1772
43610000,51.0000994933,0.0004333555,20.0671,0.667935,-0.858080,-158.978191,-2.7206,-1.0474,0.1770
43620000,51.0000992487,0.0004332062,20.0654,0.666872,-0.859449,-158.955696,-2.7216,-1.0490,0.1767
43630000,51.0000990040,0.0004330566,20.0636,0.665806,-0.860818,-158.933244,-2.7225,-1.0506,0.1765
43640000,51.0000987592,0.0004329068,20.0618,0.664738,-0.862187,-158.910832,-2.7235,-1.0522,0.1762
43650000,51.0000985144,0.0004327568,20.0601,0.663666,-0.863557,-158.888457,-2.7245,-1.0538,0.1760
43660000,51.0000982694,0.0004326066,20.0583,0.662591,-0.864926,-158.866118,-2.7254,-1.0554,0.1757
43670000,51.0000980244,0.0004324562,20.0566,0.661512,-0.866296,-158.843811,-2.7264,-1.0569,0.1755
43680000,51.0000977793,0.0004323055,20.0548,0.660431,-0.867665,-158.821533,-2.7274,-1.0585,0.1752
43690000,51.0000975341,0.0004321546,20.0530,0.659346,-0.869035,-158.799283,-2.7284,-1.0601,0.1749
43700000,51.0000972888,0.0004320034,20.0513,0.658257,-0.870406,-158.777056,-2.7294,-1.0617,0.1747
43710000,51.0000970434,0.0004318521,20.0496,0.657166,-0.871776,-158.754851,-2.7303,-1.0633,0.1744
43720000,51.0000967979,0.0004317005,20.0478,0.656070,-0.873147,-158.732665,-2.7313,-1.0649,0.1742
43730000,51.0000965524,0.0004315486,20.0461,0.654971,-0.874518,-158.710495,-2.7323,-1.0665,0.1739
43740000,51.0000963067,0.0004313966,20.0443,0.653869,-0.875890,-158.688338,-2.7333,-1.0681,0.1737
43750000,51.0000960610,0.0004312443,20.0426,0.652763,-0.877261,-158.666191,-2.7343,-1.0697,0.1734
43760000,51.0000958152,0.0004310918,20.0409,0.651653,-0.878634,-158.644053,-2.7353,-1.0713,0.1731
43770000,51.0000955693,0.0004309391,20.0391,0.650539,-0.880007,-158.621919,-2.7363,-1.0729,0.1729
43780000,51.0000953233,0.0004307862,20.0374,0.649421,-0.881380,-158.599787,-2.7373,-1.0745,0.1726
43790000,51.0000950772,0.0004306330,20.0357,0.648299,-0.882754,-158.577654,-2.7383,-1.0761,0.1723
43800000,51.0000948310,0.0004304796,20.0340,0.647174,-0.884128,-158.555518,-2.7393,-1.0776,0.1721
43810000,51.0000945847,0.0004303259,20.0322,0.646044,-0.885503,-158.533376,-2.7403,-1.0792,0.1718
43820000,51.0000943383,0.0004301721,20.0305,0.644910,-0.886879,-158.511225,-2.7413,-1.0808,0.1716
43830000,51.0000940919,0.0004300180,20.0288,0.643772,-0.888255,-158.489061,-2.7423,-1.0824,0.1713
43840000,51.0000938453,0.0004298637,20.0271,0.642630,-0.889632,-158.466883,-2.7433,-1.0840,0.1710
43850000,51.0000935987,0.0004297092,20.0254,0.641483,-0.891009,-158.444687,-2.7444,-1.0856,0.1708
43860000,51.0000933519,0.0004295544,20.0237,0.640332,-0.892387,-158.422471,-2.7454,-1.0872,0.1705
43870000,51.0000931051,0.0004293994,20.0220,0.639176,-0.893766,-158.400231,-2.7464,-1.0888,0.1702
43880000,51.0000928582,0.0004292442,20.0203,0.638016,-0.895146,-158.377964,-2.7474,-1.0903,0.1700
43890000,51.0000926112,0.0004290888,20.0186,0.636852,-0.896527,-158.355668,-2.7485,-1.0919,0.1697
43900000,51.0000923641,0.0004289331,20.0169,0.635682,-0.897908,-158.333341,-2.7495,-1.0935,0.1694
43910000,51.0000921169,0.0004287772,20.0152,0.634508,-0.899291,-158.310978,-2.7505,-1.0951,0.1691
43920000,51.0000918696,0.0004286211,20.0135,0.633330,-0.900674,-158.288577,-2.7515,-1.0967,0.1689
43930000,51.0000916222,0.0004284647,20.0118,0.632146,-0.902058,-158.266135,-2.7526,-1.0983,0.1686
43940000,51.0000913748,0.0004283082,20.0101,0.630958,-0.903443,-158.243649,-2.7536,-1.0998,0.1683
43950000,51.0000911272,0.0004281514,20.0084,0.629764,-0.904829,-158.221116,-2.7547,-1.1014,0.1680
43960000,51.0000908795,0.0004279944,20.0068,0.628565,-0.906216,-158.198533,-2.7557,-1.1030,0.1678
43970000,51.0000906318,0.0004278371,20.0051,0.627362,-0.907604,-158.175898,-2.7567,-1.1046,0.1675
43980000,51.0000903839,0.0004276797,20.0034,0.626153,-0.908994,-158.153207,-2.7578,-1.1062,0.1672
43990000,51.0000901360,0.0004275220,20.0017,0.624938,-0.910384,-158.130456,-2.7588,-1.1077,0.1669
44000000,51.0000898880,0.0004273641,20.0001,0.625504,-4.332213,-158.144971,-2.7599,-1.1093,0.1667
44010000,51.0000896396,0.0004272058,19.9984,0.631968,-4.322663,-158.122482,-2.7664,-1.1131,0.1664
44020000,51.0000893906,0.0004270469,19.9967,0.638486,-4.313112,-158.099926,-2.7729,-1.1169,0.1662
44030000,51.0000891411,0.0004268875,19.9951,0.645055,-4.303560,-158.077302,-2.7793,-1.1206,0.1660
44040000,51.0000888910,0.0004267276,19.9934,0.651677,-4.294007,-158.054606,-2.7858,-1.1244,0.1658
44050000,51.0000886403,0.0004265672,19.9918,0.658351,-4.284453,-158.031834,-2.7922,-1.1282,0.1656
44060000,51.0000883890,0.0004264062,19.9901,0.665077,-4.274898,-158.008984,-2.7986,-1.1321,0.1654
44070000,51.0000881372,0.0004262446,19.9885,0.671855,-4.265341,-157.986052,-2.8049,-1.1359,0.1652
44080000,51.0000878847,0.0004260826,19.9868,0.678685,-4.255784,-157.963036,-2.8113,-1.1397,0.1649
44090000,51.0000876318,0.0004259199,19.9852,0.685566,-4.246225,-157.939932,-2.8176,-1.1435,0.1647
44100000,51.0000873782,0.0004257568,19.9835,0.692499,-4.236665,-157.916737,-2.8239,-1.1474,0.1645
44110000,51.0000871241,0.0004255930,19.9819,0.699483,-4.227104,-157.893449,-2.8302,-1.1512,0.1643
44120000,51.0000868694,0.0004254288,19.9802,0.706517,-4.217543,-157.870063,-2.8365,-1.1551,0.1641
44130000,51.0000866141,0.0004252639,19.9786,0.713603,-4.207980,-157.846576,-2.8427,-1.1589,0.1639
44140000,51.0000863583,0.0004250986,19.9770,0.720740,-4.198415,-157.822986,-2.8490,-1.1628,0.1637
44150000,51.0000861020,0.0004249326,19.9753,0.727927,-4.188850,-157.799289,-2.8552,-1.1667,0.1635
44160000,51.0000858450,0.0004247662,19.9737,0.735164,-4.179284,-157.775483,-2.8613,-1.1705,0.1633
44170000,51.0000855876,0.0004245991,19.9721,0.742452,-4.169717,-157.751563,-2.8675,-1.1744,0.1631
44180000,51.0000853295,0.0004244316,19.9704,0.749790,-4.160148,-157.727526,-2.8736,-1.1783,0.1628
44190000,51.0000850709,0.0004242634,19.9688,0.757177,-4.150579,-157.703370,-2.8798,-1.1822,0.1626
44200000,51.0000848118,0.0004240947,19.9672,0.764615,-4.141008,-157.679091,-2.8858,-1.1861,0.1624
44210000,51.0000845521,0.0004239255,19.9655,0.772102,-4.131437,-157.654686,-2.8919,-1.1901,0.1622
44220000,51.0000842919,0.0004237557,19.9639,0.779639,-4.121864,-157.630151,-2.8980,-1.1940,0.1620
44230000,51.0000840312,0.0004235853,19.9623,0.787225,-4.112291,-157.605484,-2.9040,-1.1979,0.1618
44240000,51.0000837698,0.0004234143,19.9607,0.794860,-4.102717,-157.580681,-2.9100,-1.2019,0.1616
44250000,51.0000835080,0.0004232429,19.9591,0.802544,-4.093141,-157.555739,-2.9160,-1.2058,0.1614
44260000,51.0000832456,0.0004230708,19.9575,0.810276,-4.083565,-157.530654,-2.9219,-1.2098,0.1612
44270000,51.0000829827,0.0004228982,19.9558,0.818058,-4.073988,-157.505423,-2.9279,-1.2138,0.1610
44280000,51.0000827193,0.0004227250,19.9542,0.825888,-4.064409,-157.480043,-2.9338,-1.2178,0.1608
44290000,51.0000824553,0.0004225512,19.9526,0.833766,-4.054830,-157.454510,-2.9397,-1.2218,0.1606
44300000,51.0000821908,0.0004223769,19.9510,0.841692,-4.045250,-157.428822,-2.9456,-1.2258,0.1604
44310000,51.0000819257,0.0004222020,19.9494,0.849666,-4.035670,-157.402974,-2.9514,-1.2298,0.1602
44320000,51.0000816602,0.0004220265,19.9478,0.857688,-4.026088,-157.376964,-2.9572,-1.2338,0.1600
44330000,51.0000813941,0.0004218504,19.9462,0.865758,-4.016506,-157.350788,-2.9631,-1.2378,0.1598
44340000,51.0000811275,0.0004216738,19.9446,0.873875,-4.006923,-157.324442,-2.9688,-1.2418,0.1596
44350000,51.0000808604,0.0004214966,19.9430,0.882040,-3.997339,-157.297924,-2.9746,-1.2459,0.1594
44360000,51.0000805927,0.0004213189,19.9414,0.890251,-3.987755,-157.271230,-2.9803,-1.2499,0.1592
44370000,51.0000803246,0.0004211405,19.9398,0.898510,-3.978170,-157.244356,-2.9861,-1.2540,0.1590
44380000,51.0000800559,0.0004209616,19.9383,0.906815,-3.968584,-157.217300,-2.9917,-1.2581,0.1588
44390000,51.0000797867,0.0004207821,19.9367,0.915167,-3.958998,-157.190057,-2.9974,-1.2622,0.1586
44400000,51.0000795170,0.0004206020,19.9351,0.923565,-3.949411,-157.162624,-3.0031,-1.2663,0.1584
44410000,51.0000792468,0.0004204213,19.9335,0.932009,-3.939824,-157.134998,-3.0087,-1.2704,0.1582
44420000,51.0000789761,0.0004202400,19.9319,0.940500,-3.930236,-157.107177,-3.0143,-1.2745,0.1580
44430000,51.0000787049,0.0004200582,19.9303,0.949037,-3.920648,-157.079160,-3.0199,-1.2786,0.1578
44440000,51.0000784332,0.0004198757,19.9288,0.957620,-3.911059,-157.050946,-3.0254,-1.2827,0.1576
44450000,51.0000781610,0.0004196927,19.9272,0.966250,-3.901470,-157.022535,-3.0310,-1.2869,0.1575
44460000,51.0000778883,0.0004195091,19.9256,0.974925,-3.891881,-156.993925,-3.0365,-1.2910,0.1573
44470000,51.0000776152,0.0004193249,19.9240,0.983647,-3.882291,-156.965116,-3.0420,-1.2952,0.1571
44480000,51.0000773415,0.0004191401,19.9225,0.992415,-3.872700,-156.936108,-3.0474,-1.2993,0.1569
44490000,51.0000770673,0.0004189547,19.9209,1.001229,-3.863109,-156.906899,-3.0529,-1.3035,0.1567
44500000,51.0000767926,0.0004187687,19.9193,1.010090,-3.853518,-156.877490,-3.0583,-1.3077,0.1565
44510000,51.0000765175,0.0004185821,19.9178,1.018997,-3.843926,-156.847878,-3.0637,-1.3119,0.1563
44520000,51.0000762419,0.0004183949,19.9162,1.027950,-3.834334,-156.818063,-3.0690,-1.3161,0.1561
44530000,51.0000759657,0.0004182071,19.9147,1.036949,-3.824741,-156.788046,-3.0744,-1.3203,0.1559
44540000,51.0000756892,0.0004180187,19.9131,1.045994,-3.815148,-156.757824,-3.0797,-1.3246,0.1557
44550000,51.0000754121,0.0004178297,19.9115,1.055086,-3.805554,-156.727398,-3.0850,-1.3288,0.1556
44560000,51.0000751345,0.0004176401,19.9100,1.064224,-3.795960,-156.696766,-3.0903,-1.3331,0.1554
44570000,51.0000748565,0.0004174499,19.9084,1.073408,-3.786365,-156.665928,-3.0955,-1.3373,0.1552
44580000,51.0000745780,0.0004172591,19.9069,1.082639,-3.776770,-156.634883,-3.1008,-1.3416,0.1550
44590000,51.0000742991,0.0004170677,19.9053,1.091915,-3.767175,-156.603630,-3.1060,-1.3459,0.1548
44600000,51.0000740197,0.0004168757,19.9038,1.101238,-3.757579,-156.572169,-3.1111,-1.3502,0.1546
44610000,51.0000737398,0.0004166830,19.9022,1.110607,-3.747982,-156.540499,-3.1163,-1.3545,0.1544
44620000,51.0000734594,0.0004164897,19.9007,1.120022,-3.738385,-156.508619,-3.1214,-1.3588,0.1543
44630000,51.0000731786,0.0004162959,19.8992,1.129483,-3.728788,-156.476528,-3.1265,-1.3631,0.1541
44640000,51.0000728973,0.0004161014,19.8976,1.138991,-3.719190,-156.444226,-3.1316,-1.3675,0.1539
44650000,51.0000726156,0.0004159062,19.8961,1.148544,-3.709591,-156.411713,-3.1367,-1.3718,0.1537
44660000,51.0000723334,0.0004157105,19.8945,1.158144,-3.699993,-156.378986,-3.1417,-1.3762,0.1535
44670000,51.0000720508,0.0004155141,19.8930,1.167790,-3.690393,-156.346047,-3.1467,-1.3806,0.1533
44680000,51.0000717677,0.0004153172,19.8915,1.177481,-3.680793,-156.312893,-3.1517,-1.3850,0.1532
44690000,51.0000714842,0.0004151196,19.8899,1.187219,-3.671193,-156.279524,-3.1567,-1.3894,0.1530
44700000,51.0000712002,0.0004149213,19.8884,1.197002,-3.661592,-156.245940,-3.1616,-1.3938,0.1528
44710000,51.0000709158,0.0004147224,19.8869,1.206832,-3.651991,-156.212140,-3.1665,-1.3982,0.1526
44720000,51.0000706310,0.0004145229,19.8854,1.216708,-3.642390,-156.178123,-3.1714,-1.4026,0.1525
44730000,51.0000703457,0.0004143228,19.8838,1.226629,-3.632787,-156.143888,-3.1763,-1.4071,0.1523
44740000,51.0000700599,0.0004141221,19.8823,1.236596,-3.623185,-156.109435,-3.1811,-1.4115,0.1521
44750000,51.0000697738,0.0004139207,19.8808,1.246609,-3.613582,-156.074764,-3.1859,-1.4160,0.1519
44760000,51.0000694872,0.0004137186,19.8793,1.256668,-3.603978,-156.039872,-3.1907,-1.4205,0.1517
44770000,51.0000692002,0.0004135159,19.8778,1.266773,-3.594374,-156.004760,-3.1955,-1.4250,0.1516
44780000,51.0000689127,0.0004133126,19.8762,1.276923,-3.584770,-155.969427,-3.2002,-1.4295,0.1514
44790000,51.0000686248,0.0004131087,19.8747,1.287119,-3.575165,-155.933872,-3.2049,-1.4340,0.1512
44800000,51.0000683365,0.0004129041,19.8732,1.297360,-3.565559,-155.898095,-3.2096,-1.4385,0.1510
44810000,51.0000680478,0.0004126988,19.8717,1.307647,-3.555954,-155.862094,-3.2143,-1.4431,0.1509
44820000,51.0000677587,0.0004124929,19.8702,1.317980,-3.546347,-155.825870,-3.2189,-1.4476,0.1507
44830000,51.0000674691,0.0004122864,19.8687,1.328358,-3.536740,-155.789421,-3.2236,-1.4522,0.1505
44840000,51.0000671792,0.0004120792,19.8672,1.338781,-3.527133,-155.752747,-3.2281,-1.4568,0.1504
44850000,51.0000668888,0.0004118713,19.8657,1.349250,-3.517525,-155.715847,-3.2327,-1.4613,0.1502
44860000,51.0000665980,0.0004116628,19.8642,1.359764,-3.507917,-155.678721,-3.2372,-1.4659,0.1500
44870000,51.0000663068,0.0004114537,19.8627,1.370324,-3.498309,-155.641367,-3.2418,-1.4706,0.1498
44880000,51.0000660152,0.0004112438,19.8612,1.380928,-3.488699,-155.603785,-3.2462,-1.4752,0.1497
44890000,51.0000657232,0.0004110334,19.8597,1.391578,-3.479090,-155.565975,-3.2507,-1.4798,0.1495
44900000,51.0000654308,0.0004108222,19.8582,1.402273,-3.469480,-155.527936,-3.2551,-1.4845,0.1493
44910000,51.0000651380,0.0004106104,19.8567,1.413013,-3.459869,-155.489666,-3.2596,-1.4892,0.1492
44920000,51.0000648448,0.0004103979,19.8552,1.423798,-3.450258,-155.451166,-3.2639,-1.4938,0.1490
44930000,51.0000645512,0.0004101848,19.8537,1.434628,-3.440647,-155.412434,-3.2683,-1.4985,0.1488
44940000,51.0000642572,0.0004099710,19.8522,1.445502,-3.431035,-155.373471,-3.2726,-1.5032,0.1487
44950000,51.0000639629,0.0004097565,19.8508,1.456422,-3.421422,-155.334275,-3.2769,-1.5079,0.1485
44960000,51.0000636681,0.0004095414,19.8493,1.467386,-3.411809,-155.294845,-3.2812,-1.5127,0.1483
44970000,51.0000633730,0.0004093255,19.8478,1.478395,-3.402196,-155.255182,-3.2855,-1.5174,0.1482
44980000,51.0000630775,0.0004091090,19.8463,1.489448,-3.392582,-155.215284,-3.2897,-1.5222,0.1480
44990000,51.0000627816,0.0004088918,19.8448,1.500546,-3.382968,-155.175150,-3.2939,-1.5269,0.1478
45000000,51.0000624853,0.0004086740,19.8433,1.511688,-3.373353,-155.134781,-3.2981,-1.5317,0.1477
45010000,51.0000621887,0.0004084554,19.8419,1.522874,-3.363738,-155.094175,-3.3022,-1.5365,0.1475
45020000,51.0000618916,0.0004082362,19.8404,1.534105,-3.354123,-155.053332,-3.3063,-1.5413,0.1474
45030000,51.0000615943,0.0004080163,19.8389,1.545380,-3.344507,-155.012251,-3.3104,-1.5462,0.1472
45040000,51.0000612965,0.0004077957,19.8375,1.556699,-3.334890,-154.970931,-3.3145,-1.5510,0.1470
45050000,51.0000609984,0.0004075744,19.8360,1.568062,-3.325273,-154.929372,-3.3185,-1.5559,0.1469
45060000,51.0000606999,0.0004073524,19.8345,1.579469,-3.315656,-154.887573,-3.3226,-1.5607,0.1467
45070000,51.0000604011,0.0004071297,19.8330,1.590920,-3.306038,-154.845534,-3.3265,-1.5656,0.1466
45080000,51.0000601019,0.0004069063,19.8316,1.602415,-3.296419,-154.803253,-3.3305,-1.5705,0.1464
45090000,51.0000598023,0.0004066823,19.8301,1.613953,-3.286800,-154.760731,-3.3344,-1.5754,0.1462
45100000,51.0000595024,0.0004064575,19.8287,1.625535,-3.277181,-154.717966,-3.3383,-1.5803,0.1461
45110000,51.0000592022,0.0004062320,19.8272,1.637160,-3.267561,-154.674958,-3.3422,-1.5852,0.1459
45120000,51.0000589016,0.0004060058,19.8257,1.648829,-3.257941,-154.631706,-3.3461,-1.5902,0.1458
45130000,51.0000586006,0.0004057789,19.8243,1.660541,-3.248321,-154.588210,-3.3499,-1.5952,0.1456
45140000,51.0000582993,0.0004055513,19.8228,1.672297,-3.238699,-154.544469,-3.3537,-1.6001,0.1455
45150000,51.0000579977,0.0004053230,19.8214,1.684095,-3.229078,-154.500482,-3.3575,-1.6051,0.1453
45160000,51.0000576957,0.0004050940,19.8199,1.695937,-3.219456,-154.456249,-3.3612,-1.6101,0.1452
45170000,51.0000573934,0.0004048643,19.8185,1.707821,-3.209833,-154.411769,-3.3649,-1.6151,0.1450
45180000,51.0000570908,0.0004046339,19.8170,1.719748,-3.200211,-154.367042,-3.3686,-1.6202,0.1448
45190000,51.0000567878,0.0004044027,19.8156,1.731718,-3.190587,-154.322066,-3.3723,-1.6252,0.1447
45200000,51.0000564845,0.0004041708,19.8141,1.743730,-3.180964,-154.276842,-3.3759,-1.6303,0.1445
45210000,51.0000561809,0.0004039382,19.8127,1.755785,-3.171339,-154.231368,-3.3795,-1.6354,0.1444
45220000,51.0000558770,0.0004037049,19.8112,1.767883,-3.161715,-154.185645,-3.3831,-1.6404,0.1442
45230000,51.0000555727,0.0004034708,19.8098,1.780022,-3.152090,-154.139670,-3.3866,-1.6455,0.1441
45240000,51.0000552681,0.0004032360,19.8084,1.792204,-3.142464,-154.093445,-3.3902,-1.6507,0.1439
45250000,51.0000549632,0.0004030005,19.8069,1.804428,-3.132838,-154.046967,-3.3936,-1.6558,0.1438
45260000,51.0000546580,0.0004027643,19.8055,1.816694,-3.123212,-154.000237,-3.3971,-1.6609,0.1436
45270000,51.0000543525,0.0004025273,19.8040,1.829001,-3.113585,-153.953254,-3.4005,-1.6661,0.1435
45280000,51.0000540467,0.0004022896,19.8026,1.841351,-3.103958,-153.906017,-3.4040,-1.6713,0.1433
45290000,51.0000537406,0.0004020511,19.8012,1.853742,-3.094330,-153.858526,-3.4073,-1.6765,0.1432
45300000,51.0000534341,0.0004018119,19.7997,1.866174,-3.084702,-153.810780,-3.4107,-1.6817,0.1430
45310000,51.0000531274,0.0004015720,19.7983,1.878648,-3.075073,-153.762779,-3.4140,-1.6869,0.1429
45320000,51.0000528204,0.0004013313,19.7969,1.891163,-3.065444,-153.714522,-3.4173,-1.6921,0.1428
45330000,51.0000525131,0.0004010899,19.7955,1.903719,-3.055815,-153.666008,-3.4206,-1.6974,0.1426
45340000,51.0000522054,0.0004008477,19.7940,1.916316,-3.046185,-153.617236,-3.4238,-1.7026,0.1425
45350000,51.0000518975,0.0004006048,19.7926,1.928954,-3.036555,-153.568207,-3.4270,-1.7079,0.1423
45360000,51.0000515894,0.0004003611,19.7912,1.941632,-3.026924,-153.518919,-3.4302,-1.7132,0.1422
45370000,51.0000512809,0.0004001167,19.7898,1.954351,-3.017293,-153.469373,-3.4333,-1.7185,0.1420
45380000,51.0000509721,0.0003998715,19.7883,1.967111,-3.007661,-153.419566,-3.4364,-1.7238,0.1419
45390000,51.0000506631,0.0003996255,19.7869,1.979911,-2.998029,-153.369500,-3.4395,-1.7292,0.1418
45400000,51.0000503538,0.0003993788,19.7855,1.992751,-2.988397,-153.319172,-3.4426,-1.7345,0.1416
45410000,51.0000500442,0.0003991314,19.7841,2.005631,-2.978764,-153.268584,-3.4456,-1.7399,0.1415
45420000,51.0000497343,0.0003988831,19.7827,2.018551,-2.969131,-153.217733,-3.4486,-1.7453,0.1413
45430000,51.0000494242,0.0003986341,19.7813,2.031511,-2.959497,-153.166620,-3.4516,-1.7507,0.1412
45440000,51.0000491138,0.0003983843,19.7799,2.044511,-2.949863,-153.115244,-3.4545,-1.7561,0.1410
45450000,51.0000488032,0.0003981338,19.7784,2.057550,-2.940229,-153.063604,-3.4574,-1.7615,0.1409
45460000,51.0000484923,0.0003978825,19.7770,2.070628,-2.930594,-153.011700,-3.4603,-1.7669,0.1408
45470000,51.0000481811,0.0003976304,19.7756,2.083745,-2.920959,-152.959531,-3.4632,-1.7724,0.1406
45480000,51.0000478697,0.0003973775,19.7742,2.096902,-2.911323,-152.907097,-3.4660,-1.7779,0.1405
45490000,51.0000475580,0.0003971238,19.7728,2.110097,-2.901687,-152.854397,-3.4688,-1.7834,0.1404
45500000,51.0000472460,0.0003968694,19.7714,2.123331,-2.892051,-152.801431,-3.4715,-1.7889,0.1402
45510000,51.0000469339,0.0003966141,19.7700,2.136604,-2.882414,-152.748197,-3.4743,-1.7944,0.1401
45520000,51.0000466215,0.0003963581,19.7686,2.149915,-2.872777,-152.694696,-3.4770,-1.7999,0.1400
45530000,51.0000463088,0.0003961013,19.7672,2.163265,-2.863139,-152.640927,-3.4796,-1.8055,0.1398
45540000,51.0000459959,0.0003958437,19.7658,2.176652,-2.853501,-152.586889,-3.4823,-1.8110,0.1397
45550000,51.0000456828,0.0003955853,19.7644,2.190078,-2.843863,-152.532582,-3.4849,-1.8166,0.1396
45560000,51.0000453694,0.0003953262,19.7630,2.203541,-2.834224,-152.478006,-3.4875,-1.8222,0.1394
45570000,51.0000450558,0.0003950662,19.7616,2.217043,-2.824585,-152.423159,-3.4900,-1.8278,0.1393
45580000,51.0000447420,0.0003948054,19.7602,2.230581,-2.814945,-152.368041,-3.4925,-1.8334,0.1392
45590000,51.0000444279,0.0003945438,19.7589,2.244157,-2.805306,-152.312652,-3.4950,-1.8391,0.1390
45600000,51.0000441136,0.0003942814,19.7575,2.257770,-2.795665,-152.256991,-3.4975,-1.8447,0.1389
45610000,51.0000437991,0.0003940182,19.7561,2.271420,-2.786025,-152.201057,-3.4999,-1.8504,0.1388
45620000,51.0000434844,0.0003937542,19.7547,2.285107,-2.776384,-152.144851,-3.5023,-1.8561,0.1386
45630000,51.0000431695,0.0003934894,19.7533,2.298831,-2.766742,-152.088371,-3.5047,-1.8618,0.1385
45640000,51.0000428544,0.0003932238,19.7519,2.312591,-2.757101,-152.031618,-3.5070,-1.8675,0.1384
45650000,51.0000425390,0.0003929573,19.7505,2.326387,-2.747459,-151.974589,-3.5093,-1.8732,0.1383
45660000,51.0000422235,0.0003926901,19.7492,2.340220,-2.737816,-151.917286,-3.5116,-1.8790,0.1381
45670000,51.0000419077,0.0003924220,19.7478,2.354088,-2.728173,-151.859707,-3.5138,-1.8847,0.1380
45680000,51.0000415918,0.0003921531,19.7464,2.367993,-2.718530,-151.801852,-3.5160,-1.8905,0.1379
45690000,51.0000412756,0.0003918833,19.7450,2.381933,-2.708887,-151.743721,-3.5182,-1.8963,0.1377
45700000,51.0000409593,0.0003916128,19.7436,2.395908,-2.699243,-151.685312,-3.5203,-1.9021,0.1376
45710000,51.0000406428,0.0003913414,19.7423,2.409919,-2.689599,-151.626626,-3.5224,-1.9080,0.1375
45720000,51.0000403261,0.0003910692,19.7409,2.423964,-2.679954,-151.567662,-3.5245,-1.9138,0.1374
45730000,51.0000400092,0.0003907961,19.7395,2.438045,-2.670309,-151.508420,-3.5265,-1.9196,0.1373
45740000,51.0000396921,0.0003905223,19.7381,2.452160,-2.660664,-151.448898,-3.5286,-1.9255,0.1371
45750000,51.0000393748,0.0003902475,19.7368,2.466310,-2.651018,-151.389097,-3.5305,-1.9314,0.1370
45760000,51.0000390574,0.0003899720,19.7354,2.480495,-2.641373,-151.329015,-3.5325,-1.9373,0.1369
45770000,51.0000387397,0.0003896956,19.7340,2.494713,-2.631726,-151.268654,-3.5344,-1.9432,0.1368
45780000,51.0000384220,0.0003894183,19.7327,2.508965,-2.622080,-151.208011,-3.5363,-1.9492,0.1366
45790000,51.0000381040,0.0003891402,19.7313,2.523252,-2.612433,-151.147086,-3.5381,-1.9551,0.1365
45800000,51.0000377859,0.0003888613,19.7299,2.537571,-2.602786,-151.085880,-3.5399,-1.9611,0.1364
45810000,51.0000374676,0.0003885815,19.7286,2.551925,-2.593139,-151.024391,-3.5417,-1.9670,0.1363
45820000,51.0000371492,0.0003883009,19.7272,2.566311,-2.583491,-150.962620,-3.5435,-1.9730,0.1362
45830000,51.0000368306,0.0003880194,19.7258,2.580730,-2.573843,-150.900565,-3.5452,-1.9790,0.1360
45840000,51.0000365118,0.0003877370,19.7245,2.595182,-2.564194,-150.838226,-3.5469,-1.9851,0.1359
45850000,51.0000361929,0.0003874538,19.7231,2.609667,-2.554546,-150.775603,-3.5485,-1.9911,0.1358
45860000,51.0000358739,0.0003871697,19.7218,2.624184,-2.544897,-150.712695,-3.5502,-1.9972,0.1357
45870000,51.0000355547,0.0003868848,19.7204,2.638734,-2.535247,-150.649501,-3.5517,-2.0032,0.1356
45880000,51.0000352354,0.0003865990,19.7191,2.653315,-2.525598,-150.586022,-3.5533,-2.0093,0.1355
45890000,51.0000349159,0.0003863123,19.7177,2.667928,-2.515948,-150.522257,-3.5548,-2.0154,0.1354
45900000,51.0000345963,0.0003860248,19.7164,2.682573,-2.506298,-150.458205,-3.5563,-2.0215,0.1352
45910000,51.0000342765,0.0003857363,19.7150,2.697249,-2.496647,-150.393867,-3.5578,-2.0277,0.1351
45920000,51.0000339567,0.0003854470,19.7136,2.711957,-2.486997,-150.329240,-3.5592,-2.0338,0.1350
45930000,51.0000336367,0.0003851569,19.7123,2.726695,-2.477346,-150.264326,-3.5606,-2.0400,0.1349
45940000,51.0000333166,0.0003848658,19.7109,2.741464,-2.467695,-150.199123,-3.5619,-2.0462,0.1348
45950000,51.0000329963,0.0003845739,19.7096,2.756263,-2.458043,-150.133632,-3.5632,-2.0524,0.1347
45960000,51.0000326760,0.0003842811,19.7083,2.771093,-2.448391,-150.067851,-3.5645,-2.0586,0.1346
45970000,51.0000323555,0.0003839874,19.7069,2.785953,-2.438739,-150.001780,-3.5657,-2.0648,0.1345
45980000,51.0000320350,0.0003836928,19.7056,2.800843,-2.429087,-149.935420,-3.5670,-2.0710,0.1343
45990000,51.0000317143,0.0003833973,19.7042,2.815763,-2.419435,-149.868769,-3.5681,-2.0773,0.1342
46000000,51.0000313935,0.0003831010,19.7029,2.830712,-2.409782,-149.801827,-3.5693,-2.0836,0.1341
46010000,51.0000310726,0.0003828037,19.7015,2.845690,-2.400129,-149.734593,-3.5704,-2.0898,0.1340
46020000,51.0000307516,0.0003825055,19.7002,2.860698,-2.390476,-149.667068,-3.5715,-2.0961,0.1339
46030000,51.0000304305,0.0003822065,19.6989,2.875734,-2.380822,-149.599250,-3.5725,-2.1025,0.1338
46040000,51.0000301094,0.0003819065,19.6975,2.890799,-2.371168,-149.531140,-3.5735,-2.1088,0.1337
46050000,51.0000297881,0.0003816057,19.6962,2.905892,-2.361514,-149.462737,-3.5745,-2.1151,0.1336
46060000,51.0000294668,0.0003813039,19.6949,2.921013,-2.351860,-149.394040,-3.5754,-2.1215,0.1335
46070000,51.0000291453,0.0003810012,19.6935,2.936162,-2.342206,-149.325050,-3.5763,-2.1279,0.1334
46080000,51.0000288238,0.0003806976,19.6922,2.951339,-2.332551,-149.255765,-3.5772,-2.1343,0.1333
46090000,51.0000285022,0.0003803932,19.6909,2.966543,-2.322897,-149.186186,-3.5780,-2.1407,0.1332
46100000,51.0000281806,0.0003800877,19.6895,2.981775,-2.313242,-149.116311,-3.5788,-2.1471,0.1331
46110000,51.0000278588,0.0003797814,19.6882,2.997033,-2.303586,-149.046141,-3.5796,-2.1535,0.1330
46120000,51.0000275370,0.0003794742,19.6869,3.012318,-2.293931,-148.975676,-3.5803,-2.1600,0.1329
46130000,51.0000272152,0.0003791660,19.6855,3.027630,-2.284275,-148.904914,-3.5810,-2.1664,0.1328
46140000,51.0000268933,0.0003788569,19.6842,3.042968,-2.274620,-148.833855,-3.5816,-2.1729,0.1327
46150000,51.0000265713,0.0003785469,19.6829,3.058332,-2.264964,-148.762500,-3.5822,-2.1794,0.1326
46160000,51.0000262493,0.0003782360,19.6816,3.073722,-2.255307,-148.690847,-3.5828,-2.1859,0.1325
46170000,51.0000259272,0.0003779241,19.6802,3.089137,-2.245651,-148.618897,-3.5834,-2.1924,0.1324
46180000,51.0000256051,0.0003776114,19.6789,3.104578,-2.235995,-148.546648,-3.5839,-2.1990,0.1323
46190000,51.0000252829,0.0003772976,19.6776,3.120044,-2.226338,-148.474101,-3.5843,-2.2055,0.1322
46200000,51.0000249607,0.0003769830,19.6763,3.135534,-2.216681,-148.401256,-3.5848,-2.2121,0.1321
46210000,51.0000246384,0.0003766674,19.6749,3.151050,-2.207024,-148.328111,-3.5852,-2.2187,0.1320
46220000,51.0000243161,0.0003763508,19.6736,3.166589,-2.197367,-148.254666,-3.5855,-2.2253,0.1319
46230000,51.0000239938,0.0003760334,19.6723,3.182153,-2.187710,-148.180922,-3.5859,-2.2319,0.1318
46240000,51.0000236715,0.0003757150,19.6710,3.197740,-2.178052,-148.106878,-3.5862,-2.2385,0.1317
46250000,51.0000233491,0.0003753956,19.6697,3.213352,-2.168395,-148.032533,-3.5864,-2.2451,0.1316
46260000,51.0000230267,0.0003750753,19.6684,3.228986,-2.158737,-147.957887,-3.5866,-2.2518,0.1315
46270000,51.0000227043,0.0003747540,19.6670,3.244644,-2.149079,-147.882940,-3.5868,-2.2585,0.1314
46280000,51.0000223819,0.0003744318,19.6657,3.260324,-2.139421,-147.807691,-3.5869,-2.2652,0.1313
46290000,51.0000220595,0.0003741087,19.6644,3.276027,-2.129763,-147.732140,-3.5870,-2.2718,0.1312
46300000,51.0000217371,0.0003737845,19.6631,3.291753,-2.120105,-147.656287,-3.5871,-2.2786,0.1311
46310000,51.0000214146,0.0003734595,19.6618,3.307500,-2.110447,-147.580132,-3.5871,-2.2853,0.1310
46320000,51.0000210922,0.0003731334,19.6605,3.323270,-2.100788,-147.503674,-3.5871,-2.2920,0.1309
46330000,51.0000207697,0.0003728064,19.6592,3.339061,-2.091130,-147.426912,-3.5871,-2.2988,0.1308
46340000,51.0000204473,0.0003724785,19.6579,3.354873,-2.081471,-147.349847,-3.5870,-2.3055,0.1308
46350000,51.0000201249,0.0003721496,19.6566,3.370706,-2.071813,-147.272478,-3.5869,-2.3123,0.1307
46360000,51.0000198025,0.0003718197,19.6553,3.386560,-2.062154,-147.194805,-3.5867,-2.3191,0.1306
46370000,51.0000194801,0.0003714888,19.6539,3.402435,-2.052495,-147.116828,-3.5865,-2.3259,0.1305
46380000,51.0000191577,0.0003711570,19.6526,3.418330,-2.042836,-147.038546,-3.5863,-2.3327,0.1304
46390000,51.0000188353,0.0003708242,19.6513,3.434245,-2.033177,-146.959958,-3.5860,-2.3396,0.1303
46400000,51.0000185130,0.0003704904,19.6500,3.450180,-2.023518,-146.881066,-3.5857,-2.3464,0.1302
46410000,51.0000181907,0.0003701557,19.6487,3.466134,-2.013859,-146.801867,-3.5854,-2.3533,0.1301
46420000,51.0000178684,0.0003698200,19.6474,3.482107,-2.004200,-146.722363,-3.5850,-2.3602,0.1300
46430000,51.0000175462,0.0003694833,19.6461,3.498100,-1.994540,-146.642553,-3.5845,-2.3670,0.1300
46440000,51.0000172240,0.0003691456,19.6448,3.514111,-1.984881,-146.562436,-3.5841,-2.3739,0.1299
46450000,51.0000169019,0.0003688069,19.6435,3.530140,-1.975222,-146.482012,-3.5836,-2.3809,0.1298
46460000,51.0000165798,0.0003684672,19.6422,3.546188,-1.965562,-146.401281,-3.5830,-2.3878,0.1297
46470000,51.0000162577,0.0003681266,19.6409,3.562253,-1.955903,-146.320243,-3.5824,-2.3947,0.1296
46480000,51.0000159357,0.0003677849,19.6396,3.578337,-1.946244,-146.238897,-3.5818,-2.4017,0.1295
46490000,51.0000156138,0.0003674423,19.6384,3.594437,-1.936584,-146.157243,-3.5812,-2.4086,0.1295
46500000,51.0000152919,0.0003670987,19.6371,3.610554,-1.926925,-146.075282,-3.5805,-2.4156,0.1294
46510000,51.0000149701,0.0003667541,19.6358,3.626689,-1.917265,-145.993011,-3.5797,-2.4226,0.1293
46520000,51.0000146484,0.0003664085,19.6345,3.642839,-1.907606,-145.910433,-3.5789,-2.4296,0.1292
46530000,51.0000143267,0.0003660619,19.6332,3.659006,-1.897946,-145.827545,-3.5781,-2.4366,0.1291
46540000,51.0000140051,0.0003657142,19.6319,3.675189,-1.888287,-145.744348,-3.5773,-2.4437,0.1291
46550000,51.0000136836,0.0003653656,19.6306,3.691388,-1.878627,-145.660841,-3.5764,-2.4507,0.1290
46560000,51.0000133622,0.0003650160,19.6293,3.707602,-1.868968,-145.577025,-3.5754,-2.4578,0.1289
46570000,51.0000130408,0.0003646654,19.6280,3.723831,-1.859309,-145.492899,-3.5745,-2.4648,0.1288
46580000,51.0000127196,0.0003643138,19.6267,3.740075,-1.849649,-145.408463,-3.5735,-2.4719,0.1287
46590000,51.0000123984,0.0003639611,19.6254,3.756333,-1.839990,-145.323717,-3.5724,-2.4790,0.1287
46600000,51.0000120773,0.0003636075,19.6242,3.772606,-1.830331,-145.238660,-3.5713,-2.4861,0.1286
46610000,51.0000117564,0.0003632528,19.6229,3.788892,-1.820671,-145.153292,-3.5702,-2.4932,0.1285
46620000,51.0000114355,0.0003628971,19.6216,3.805193,-1.811012,-145.067613,-3.5690,-2.5003,0.1284
46630000,51.0000111147,0.0003625404,19.6203,3.821506,-1.801353,-144.981623,-3.5678,-2.5075,0.1284
46640000,51.0000107941,0.0003621827,19.6190,3.837833,-1.791694,-144.895322,-3.5665,-2.5146,0.1283
46650000,51.0000104736,0.0003618240,19.6177,3.854173,-1.782035,-144.808709,-3.5652,-2.5218,0.1282
46660000,51.0000101531,0.0003614642,19.6165,3.870525,-1.772376,-144.721783,-3.5639,-2.5289,0.1281
46670000,51.0000098329,0.0003611035,19.6152,3.886889,-1.762717,-144.634546,-3.5625,-2.5361,0.1281
46680000,51.0000095127,0.0003607417,19.6139,3.903265,-1.753058,-144.546997,-3.5611,-2.5433,0.1280
46690000,51.0000091927,0.0003603789,19.6126,3.919653,-1.743400,-144.459135,-3.5596,-2.5505,0.1279
46700000,51.0000088728,0.0003600150,19.6113,3.936053,-1.733741,-144.370960,-3.5581,-2.5577,0.1279
46710000,51.0000085530,0.0003596501,19.6101,3.952463,-1.724083,-144.282472,-3.5566,-2.5650,0.1278
46720000,51.0000082334,0.0003592842,19.6088,3.968884,-1.714424,-144.193672,-3.5550,-2.5722,0.1277
46730000,51.0000079139,0.0003589173,19.6075,3.985316,-1.704766,-144.104558,-3.5534,-2.5795,0.1277
46740000,51.0000075945,0.0003585493,19.6062,4.001757,-1.695108,-144.015131,-3.5517,-2.5867,0.1276
46750000,51.0000072754,0.0003581803,19.6049,4.018209,-1.685450,-143.925390,-3.5500,-2.5940,0.1275
46760000,51.0000069563,0.0003578102,19.6037,4.034670,-1.675792,-143.835335,-3.5483,-2.6013,0.1274
46770000,51.0000066375,0.0003574392,19.6024,4.051141,-1.666134,-143.744966,-3.5465,-2.6085,0.1274
46780000,51.0000063188,0.0003570670,19.6011,4.067620,-1.656476,-143.654284,-3.5446,-2.6158,0.1273
46790000,51.0000060002,0.0003566939,19.5999,4.084108,-1.646819,-143.563287,-3.5428,-2.6232,0.1272
46800000,51.0000056819,0.0003563197,19.5986,4.100605,-1.637161,-143.471975,-3.5409,-2.6305,0.1272
46810000,51.0000053637,0.0003559444,19.5973,4.117110,-1.627504,-143.380349,-3.5389,-2.6378,0.1271
46820000,51.0000050456,0.0003555681,19.5960,4.133622,-1.617847,-143.288409,-3.5369,-2.6451,0.1271
46830000,51.0000047278,0.0003551908,19.5948,4.150142,-1.608190,-143.196153,-3.5349,-2.6525,0.1270
46840000,51.0000044102,0.0003548124,19.5935,4.166669,-1.598534,-143.103582,-3.5328,-2.6599,0.1269
46850000,51.0000040927,0.0003544330,19.5922,4.183203,-1.588877,-143.010697,-3.5307,-2.6672,0.1269
46860000,51.0000037754,0.0003540525,19.5910,4.199743,-1.579221,-142.917496,-3.5285,-2.6746,0.1268
46870000,51.0000034584,0.0003536710,19.5897,4.216290,-1.569565,-142.823979,-3.5263,-2.6820,0.1267
46880000,51.0000031415,0.0003532884,19.5884,4.232843,-1.559909,-142.730147,-3.5240,-2.6894,0.1267
46890000,51.0000028248,0.0003529047,19.5872,4.249401,-1.550253,-142.635999,-3.5217,-2.6968,0.1266
46900000,51.0000025084,0.0003525200,19.5859,4.265965,-1.540598,-142.541536,-3.5194,-2.7042,0.1266
46910000,51.0000021921,0.0003521343,19.5846,4.282533,-1.530942,-142.446756,-3.5170,-2.7116,0.1265
46920000,51.0000018761,0.0003517475,19.5834,4.299107,-1.521287,-142.351661,-3.5146,-2.7191,0.1264
46930000,51.0000015603,0.0003513596,19.5821,4.315684,-1.511632,-142.256249,-3.5121,-2.7265,0.1264
46940000,51.0000012447,0.0003509706,19.5808,4.332266,-1.501978,-142.160521,-3.5096,-2.7339,0.1263
46950000,51.0000009293,0.0003505806,19.5796,4.348852,-1.492323,-142.064477,-3.5071,-2.7414,0.1263
46960000,51.0000006142,0.0003501896,19.5783,4.365441,-1.482669,-141.968116,-3.5045,-2.7489,0.1262
46970000,51.0000002993,0.0003497975,19.5770,4.382033,-1.473015,-141.871439,-3.5018,-2.7563,0.1262
46980000,50.9999999847,0.0003494043,19.5758,4.398628,-1.463362,-141.774445,-3.4992,-2.7638,0.1261
46990000,50.9999996702,0.0003490100,19.5745,4.415226,-1.453708,-141.677135,-3.4964,-2.7713,0.1260
47000000,50.9999993561,0.0003486147,19.5733,4.431825,-1.444055,-141.579507,-3.4937,-2.7788,0.1260
47010000,50.9999990422,0.0003482183,19.5720,4.448427,-1.434402,-141.481563,-3.4909,-2.7863,0.1259
47020000,50.9999987285,0.0003478209,19.5707,4.465030,-1.424750,-141.383302,-3.4880,-2.7938,0.1259
47030000,50.9999984151,0.0003474223,19.5695,4.481635,-1.415097,-141.284724,-3.4851,-2.8013,0.1258
47040000,50.9999981020,0.0003470228,19.5682,4.498240,-1.405445,-141.185828,-3.4822,-2.8088,0.1258
47050000,50.9999977891,0.0003466221,19.5670,4.514846,-1.395794,-141.086616,-3.4792,-2.8164,0.1257
47060000,50.9999974765,0.0003462203,19.5657,4.531453,-1.386142,-140.987086,-3.4761,-2.8239,0.1257
47070000,50.9999971642,0.0003458175,19.5645,4.548059,-1.376491,-140.887239,-3.4731,-2.8314,0.1256
47080000,50.9999968521,0.0003454136,19.5632,4.564665,-1.366840,-140.787074,-3.4700,-2.8390,0.1256
47090000,50.9999965403,0.0003450087,19.5619,4.581270,-1.357190,-140.686593,-3.4668,-2.8465,0.1255
47100000,50.9999962289,0.0003446026,19.5607,4.597874,-1.347540,-140.585793,-3.4636,-2.8541,0.1255
47110000,50.9999959177,0.0003441955,19.5594,4.614478,-1.337890,-140.484677,-3.4603,-2.8617,0.1254
47120000,50.9999956068,0.0003437873,19.5582,4.631079,-1.328240,-140.383243,-3.4570,-2.8692,0.1254
47130000,50.9999952962,0.0003433780,19.5569,4.647678,-1.318591,-140.281491,-3.4537,-2.8768,0.1253
47140000,50.9999949859,0.0003429677,19.5557,4.664276,-1.308942,-140.179421,-3.4503,-2.8844,0.1253
47150000,50.9999946759,0.0003425562,19.5544,4.680870,-1.299294,-140.077034,-3.4469,-2.8920,0.1252
47160000,50.9999943662,0.0003421437,19.5532,4.697462,-1.289646,-139.974330,-3.4434,-2.8996,0.1252
47170000,50.9999940569,0.0003417301,19.5519,4.714050,-1.279998,-139.871308,-3.4399,-2.9072,0.1251
47180000,50.9999937478,0.0003413154,19.5507,4.730635,-1.270351,-139.767968,-3.4363,-2.9148,0.1251
47190000,50.9999934391,0.0003408997,19.5494,4.747216,-1.260704,-139.664310,-3.4327,-2.9224,0.1251
47200000,50.9999931307,0.0003404828,19.5482,4.763793,-1.251057,-139.560335,-3.4291,-2.9300,0.1250
47210000,50.9999928226,0.0003400649,19.5469,4.780365,-1.241411,-139.456042,-3.4254,-2.9376,0.1250
47220000,50.9999925149,0.0003396459,19.5457,4.796932,-1.231765,-139.351431,-3.4216,-2.9452,0.1249
47230000,50.9999922075,0.0003392258,19.5444,4.813494,-1.222119,-139.246503,-3.4179,-2.9529,0.1249
47240000,50.9999919004,0.0003388046,19.5432,4.830051,-1.212474,-139.141257,-3.4140,-2.9605,0.1248
47250000,50.9999915937,0.0003383823,19.5419,4.846602,-1.202830,-139.035693,-3.4101,-2.9681,0.1248
47260000,50.9999912874,0.0003379589,19.5407,4.863146,-1.193185,-138.929812,-3.4062,-2.9758,0.1248
47270000,50.9999909814,0.0003375345,19.5394,4.879684,-1.183542,-138.823613,-3.4023,-2.9834,0.1247
47280000,50.9999906757,0.0003371089,19.5382,4.896215,-1.173898,-138.717097,-3.3982,-2.9910,0.1247
47290000,50.9999903704,0.0003366823,19.5369,4.912739,-1.164255,-138.610263,-3.3942,-2.9987,0.1246
47300000,50.9999900655,0.0003362546,19.5357,4.929256,-1.154613,-138.503111,-3.3901,-3.0063,0.1246
47310000,50.9999897610,0.0003358258,19.5344,4.945764,-1.144970,-138.395642,-3.3859,-3.0140,0.1246
47320000,50.9999894568,0.0003353958,19.5332,4.962265,-1.135329,-138.287855,-3.3817,-3.0216,0.1245
47330000,50.9999891530,0.0003349649,19.5319,4.978757,-1.125687,-138.179751,-3.3775,-3.0293,0.1245
47340000,50.9999888496,0.0003345328,19.5307,4.995240,-1.116047,-138.071330,-3.3732,-3.0369,0.1245
47350000,50.9999885466,0.0003340996,19.5295,5.011714,-1.106406,-137.962591,-3.3689,-3.0446,0.1244
47360000,50.9999882440,0.0003336653,19.5282,5.028178,-1.096766,-137.853535,-3.3645,-3.0523,0.1244
47370000,50.9999879417,0.0003332300,19.5270,5.044633,-1.087127,-137.744162,-3.3601,-3.0599,0.1244
47380000,50.9999876399,0.0003327935,19.5257,5.061077,-1.077488,-137.634472,-3.3556,-3.0676,0.1243
47390000,50.9999873385,0.0003323560,19.5245,5.077511,-1.067850,-137.524464,-3.3511,-3.0752,0.1243
47400000,50.9999870375,0.0003319174,19.5232,5.093934,-1.058212,-137.414140,-3.3465,-3.0829,0.1243
47410000,50.9999867369,0.0003314776,19.5220,5.110346,-1.048574,-137.303499,-3.3419,-3.0906,0.1242
47420000,50.9999864367,0.0003310368,19.5208,5.126746,-1.038937,-137.192541,-3.3373,-3.0982,0.1242
47430000,50.9999861369,0.0003305949,19.5195,5.143135,-1.029301,-137.081266,-3.3326,-3.1059,0.1242
47440000,50.9999858375,0.0003301519,19.5183,5.159511,-1.019665,-136.969674,-3.3278,-3.1136,0.1241
47450000,50.9999855386,0.0003297078,19.5170,5.175875,-1.010029,-136.857766,-3.3230,-3.1212,0.1241
47460000,50.9999852401,0.0003292627,19.5158,5.192226,-1.000394,-136.745541,-3.3182,-3.1289,0.1241
47470000,50.9999849421,0.0003288164,19.5146,5.208564,-0.990760,-136.633000,-3.3133,-3.1366,0.1240
47480000,50.9999846445,0.0003283690,19.5133,5.224888,-0.981126,-136.520143,-3.3084,-3.1442,0.1240
47490000,50.9999843473,0.0003279206,19.5121,5.241199,-0.971492,-136.406969,-3.3034,-3.1519,0.1240
47500000,50.9999840506,0.0003274710,19.5108,5.257495,-0.961859,-136.293479,-3.2984,-3.1596,0.1240
47510000,50.9999837544,0.0003270204,19.5096,5.273777,-0.952227,-136.179674,-3.2933,-3.1672,0.1239
47520000,50.9999834586,0.0003265686,19.5084,5.290044,-0.942595,-136.065552,-3.2882,-3.1749,0.1239
47530000,50.9999831632,0.0003261158,19.5071,5.306295,-0.932964,-135.951115,-3.2830,-3.1826,0.1239
47540000,50.9999828683,0.0003256619,19.5059,5.322531,-0.923333,-135.836362,-3.2778,-3.1902,0.1239
47550000,50.9999825739,0.0003252069,19.5046,5.338751,-0.913703,-135.721294,-3.2726,-3.1979,0.1238
47560000,50.9999822800,0.0003247508,19.5034,5.354955,-0.904073,-135.605911,-3.2673,-3.2055,0.1238
47570000,50.9999819866,0.0003242936,19.5022,5.371143,-0.894444,-135.490212,-3.2619,-3.2132,0.1238
47580000,50.9999816936,0.0003238353,19.5009,5.387313,-0.884816,-135.374198,-3.2565,-3.2208,0.1238
47590000,50.9999814011,0.0003233759,19.4997,5.403467,-0.875188,-135.257870,-3.2511,-3.2285,0.1237
47600000,50.9999811091,0.0003229155,19.4984,5.419602,-0.865560,-135.141226,-3.2456,-3.2361,0.1237
47610000,50.9999808176,0.0003224539,19.4972,5.435720,-0.855934,-135.024268,-3.2400,-3.2438,0.1237
47620000,50.9999805267,0.0003219913,19.4960,5.451820,-0.846307,-134.906996,-3.2345,-3.2514,0.1237
47630000,50.9999802362,0.0003215276,19.4947,5.467901,-0.836682,-134.789409,-3.2288,-3.2590,0.1236
47640000,50.9999799462,0.0003210628,19.4935,5.483963,-0.827057,-134.671509,-3.2231,-3.2667,0.1236
47650000,50.9999796567,0.0003205969,19.4923,5.500005,-0.817432,-134.553294,-3.2174,-3.2743,0.1236
47660000,50.9999793678,0.0003201299,19.4910,5.516028,-0.807808,-134.434766,-3.2116,-3.2819,0.1236
47670000,50.9999790793,0.0003196618,19.4898,5.532031,-0.798185,-134.315924,-3.2058,-3.2895,0.1236
47680000,50.9999787914,0.0003191927,19.4886,5.548014,-0.788563,-134.196768,-3.2000,-3.2971,0.1236
47690000,50.9999785041,0.0003187224,19.4873,5.563976,-0.778941,-134.077300,-3.1940,-3.3048,0.1235
47700000,50.9999782172,0.0003182511,19.4861,5.579918,-0.769319,-133.957518,-3.1881,-3.3124,0.1235
47710000,50.9999779309,0.0003177787,19.4848,5.595838,-0.759698,-133.837424,-3.1821,-3.3200,0.1235
47720000,50.9999776452,0.0003173052,19.4836,5.611736,-0.750078,-133.717017,-3.1760,-3.3275,0.1235
47730000,50.9999773600,0.0003168307,19.4824,5.627612,-0.740459,-133.596298,-3.1699,-3.3351,0.1235
47740000,50.9999770753,0.0003163550,19.4811,5.643466,-0.730840,-133.475266,-3.1638,-3.3427,0.1235
47750000,50.9999767912,0.0003158783,19.4799,5.659297,-0.721222,-133.353923,-3.1576,-3.3503,0.1234
47760000,50.9999765076,0.0003154005,19.4787,5.675106,-0.711604,-133.232268,-3.1513,-3.3579,0.1234
47770000,50.9999762247,0.0003149216,19.4774,5.690890,-0.701987,-133.110301,-3.1450,-3.3654,0.1234
47780000,50.9999759422,0.0003144417,19.4762,5.706652,-0.692371,-132.988023,-3.1387,-3.3730,0.1234
47790000,50.9999756604,0.0003139606,19.4750,5.722389,-0.682755,-132.865434,-3.1323,-3.3805,0.1234
47800000,50.9999753791,0.0003134785,19.4737,5.738101,-0.673140,-132.742534,-3.1259,-3.3881,0.1234
47810000,50.9999750984,0.0003129953,19.4725,5.753789,-0.663525,-132.619323,-3.1194,-3.3956,0.1234
47820000,50.9999748183,0.0003125111,19.4713,5.769452,-0.653912,-132.495802,-3.1129,-3.4031,0.1234
47830000,50.9999745388,0.0003120258,19.4700,5.785090,-0.644299,-132.371971,-3.1063,-3.4106,0.1234
47840000,50.9999742599,0.0003115394,19.4688,5.800702,-0.634686,-132.247830,-3.0997,-3.4181,0.1233
47850000,50.9999739816,0.0003110519,19.4676,5.816287,-0.625074,-132.123379,-3.0930,-3.4256,0.1233
47860000,50.9999737038,0.0003105634,19.4663,5.831847,-0.615463,-131.998619,-3.0863,-3.4331,0.1233
47870000,50.9999734267,0.0003100738,19.4651,5.847379,-0.605853,-131.873550,-3.0795,-3.4406,0.1233
47880000,50.9999731502,0.0003095831,19.4639,5.862885,-0.596243,-131.748172,-3.0727,-3.4481,0.1233
47890000,50.9999728743,0.0003090914,19.4626,5.878363,-0.586634,-131.622486,-3.0659,-3.4555,0.1233
47900000,50.9999725990,0.0003085986,19.4614,5.893813,-0.577025,-131.496491,-3.0590,-3.4630,0.1233
47910000,50.9999723244,0.0003081047,19.4602,5.909235,-0.567418,-131.370188,-3.0520,-3.4704,0.1233
47920000,50.9999720504,0.0003076098,19.4589,5.924629,-0.557811,-131.243578,-3.0450,-3.4779,0.1233
47930000,50.9999717770,0.0003071139,19.4577,5.939993,-0.548204,-131.116660,-3.0380,-3.4853,0.1233
47940000,50.9999715042,0.0003066168,19.4565,5.955329,-0.538599,-130.989434,-3.0309,-3.4927,0.1233
47950000,50.9999712321,0.0003061188,19.4552,5.970635,-0.528994,-130.861902,-3.0237,-3.5001,0.1233
47960000,50.9999709606,0.0003056196,19.4540,5.985912,-0.519389,-130.734064,-3.0165,-3.5075,0.1233
47970000,50.9999706898,0.0003051194,19.4528,6.001158,-0.509786,-130.605919,-3.0093,-3.5149,0.1233
47980000,50.9999704196,0.0003046182,19.4515,6.016374,-0.500183,-130.477468,-3.0020,-3.5222,0.1233
47990000,50.9999701501,0.0003041159,19.4503,6.031558,-0.490581,-130.348712,-2.9947,-3.5296,0.1233
48000000,50.9999698812,0.0003036126,19.4491,6.046712,-0.480979,-130.219650,-2.9873,-3.5369,0.1233
48010000,50.9999696131,0.0003031082,19.4478,6.061834,-0.471378,-130.090283,-2.9799,-3.5443,0.1233
48020000,50.9999693455,0.0003026028,19.4466,6.076925,-0.461778,-129.960612,-2.9724,-3.5516,0.1233
48030000,50.9999690787,0.0003020963,19.4454,6.091983,-0.452179,-129.830636,-2.9649,-3.5589,0.1233
48040000,50.9999688125,0.0003015888,19.4441,6.107008,-0.442580,-129.700357,-2.9573,-3.5662,0.1233
48050000,50.9999685470,0.0003010803,19.4429,6.122001,-0.432982,-129.569773,-2.9497,-3.5735,0.1233
48060000,50.9999682822,0.0003005707,19.4417,6.136961,-0.423385,-129.438886,-2.9421,-3.5807,0.1233
48070000,50.9999680181,0.0003000601,19.4404,6.151886,-0.413789,-129.307697,-2.9343,-3.5880,0.1233
48080000,50.9999677547,0.0002995485,19.4392,6.166779,-0.404193,-129.176204,-2.9266,-3.5952,0.1233
48090000,50.9999674920,0.0002990358,19.4380,6.181636,-0.394598,-129.044410,-2.9188,-3.6024,0.1233
48100000,50.9999672300,0.0002985221,19.4367,6.196460,-0.385003,-128.912313,-2.9109,-3.6096,0.1233
48110000,50.9999669687,0.0002980074,19.4355,6.211248,-0.375410,-128.779915,-2.9031,-3.6168,0.1233
48120000,50.9999667081,0.0002974916,19.4343,6.226001,-0.365817,-128.647215,-2.8951,-3.6240,0.1233
48130000,50.9999664482,0.0002969749,19.4330,6.240719,-0.356225,-128.514215,-2.8871,-3.6312,0.1233
48140000,50.9999661890,0.0002964571,19.4318,6.255401,-0.346633,-128.380914,-2.8791,-3.6383,0.1233
48150000,50.9999659306,0.0002959383,19.4306,6.270046,-0.337042,-128.247314,-2.8710,-3.6454,0.1233
48160000,50.9999656729,0.0002954185,19.4293,6.284655,-0.327452,-128.113413,-2.8629,-3.6526,0.1233
48170000,50.9999654159,0.0002948976,19.4281,6.299227,-0.317863,-127.979213,-2.8547,-3.6597,0.1234
48180000,50.9999651597,0.0002943758,19.4269,6.313762,-0.308274,-127.844715,-2.8465,-3.6667,0.1234
48190000,50.9999649042,0.0002938529,19.4256,6.328259,-0.298687,-127.709917,-2.8382,-3.6738,0.1234
48200000,50.9999646494,0.0002933291,19.4244,6.342718,-0.289099,-127.574822,-2.8299,-3.6809,0.1234
48210000,50.9999643954,0.0002928042,19.4232,6.357139,-0.279513,-127.439429,-2.8215,-3.6879,0.1234
48220000,50.9999641422,0.0002922784,19.4219,6.371521,-0.269927,-127.303739,-2.8131,-3.6949,0.1234
48230000,50.9999638897,0.0002917515,19.4207,6.385865,-0.260343,-127.167751,-2.8047,-3.7019,0.1234
48240000,50.9999636380,0.0002912237,19.4195,6.400169,-0.250758,-127.031468,-2.7962,-3.7089,0.1234
48250000,50.9999633870,0.0002906948,19.4182,6.414434,-0.241175,-126.894888,-2.7876,-3.7158,0.1234
48260000,50.9999631368,0.0002901650,19.4170,6.428659,-0.231592,-126.758012,-2.7791,-3.7228,0.1235
48270000,50.9999628874,0.0002896342,19.4158,6.442843,-0.222010,-126.620841,-2.7704,-3.7297,0.1235
48280000,50.9999626388,0.0002891024,19.4145,6.456987,-0.212429,-126.483376,-2.7617,-3.7366,0.1235
48290000,50.9999623909,0.0002885696,19.4133,6.471090,-0.202848,-126.345616,-2.7530,-3.7435,0.1235
48300000,50.9999621439,0.0002880358,19.4121,6.485152,-0.193268,-126.207562,-2.7442,-3.7503,0.1235
48310000,50.9999618976,0.0002875011,19.4108,6.499173,-0.183689,-126.069215,-2.7354,-3.7572,0.1235
48320000,50.9999616521,0.0002869654,19.4096,6.513151,-0.174111,-125.930575,-2.7265,-3.7640,0.1236
48330000,50.9999614074,0.0002864287,19.4084,6.527087,-0.164533,-125.791642,-2.7176,-3.7708,0.1236
48340000,50.9999611635,0.0002858911,19.4071,6.540981,-0.154957,-125.652417,-2.7087,-3.7776,0.1236
48350000,50.9999609205,0.0002853524,19.4059,6.554832,-0.145380,-125.512901,-2.6997,-3.7843,0.1236
48360000,50.9999606782,0.0002848129,19.4046,6.568639,-0.135805,-125.373093,-2.6906,-3.7911,0.1236
48370000,50.9999604367,0.0002842723,19.4034,6.582403,-0.126230,-125.232995,-2.6815,-3.7978,0.1236
48380000,50.9999601961,0.0002837308,19.4022,6.596123,-0.116656,-125.092606,-2.6724,-3.8045,0.1237
48390000,50.9999599563,0.0002831884,19.4009,6.609799,-0.107083,-124.951927,-2.6632,-3.8111,0.1237
48400000,50.9999597173,0.0002826450,19.3997,6.623431,-0.097510,-124.810960,-2.6540,-3.8178,0.1237
48410000,50.9999594792,0.0002821007,19.3985,6.637017,-0.087939,-124.669703,-2.6447,-3.8244,0.1237
48420000,50.9999592419,0.0002815554,19.3972,6.650559,-0.078368,-124.528159,-2.6354,-3.8310,0.1238
48430000,50.9999590054,0.0002810092,19.3960,6.664055,-0.068797,-124.386326,-2.6260,-3.8376,0.1238
48440000,50.9999587698,0.0002804620,19.3948,6.677505,-0.059228,-124.244206,-2.6166,-3.8441,0.1238
48450000,50.9999585350,0.0002799140,19.3935,6.690909,-0.049659,-124.101800,-2.6071,-3.8507,0.1238
48460000,50.9999583011,0.0002793650,19.3923,6.704267,-0.040091,-123.959107,-2.5977,-3.8572,0.1239
48470000,50.9999580680,0.0002788150,19.3910,6.717577,-0.030523,-123.816128,-2.5881,-3.8637,0.1239
48480000,50.9999578358,0.0002782642,19.3898,6.730841,-0.020956,-123.672864,-2.5785,-3.8701,0.1239
48490000,50.9999576045,0.0002777124,19.3886,6.744057,-0.011390,-123.529316,-2.5689,-3.8766,0.1239
48500000,50.9999573740,0.0002771597,19.3873,6.757226,-0.001825,-123.385483,-2.5592,-3.8830,0.1240
48510000,50.9999571444,0.0002766061,19.3861,6.770346,0.007740,-123.241367,-2.5495,-3.8893,0.1240
48520000,50.9999569156,0.0002760516,19.3848,6.783419,0.017304,-123.096967,-2.5397,-3.8957,0.1240
48530000,50.9999566878,0.0002754962,19.3836,6.796442,0.026867,-122.952285,-2.5299,-3.9020,0.1240
48540000,50.9999564608,0.0002749399,19.3824,6.809416,0.036429,-122.807320,-2.5201,-3.9083,0.1241
48550000,50.9999562347,0.0002743827,19.3811,6.822341,0.045991,-122.662075,-2.5102,-3.9146,0.1241
48560000,50.9999560096,0.0002738246,19.3799,6.835217,0.055552,-122.516548,-2.5002,-3.9209,0.1241
48570000,50.9999557853,0.0002732656,19.3786,6.848042,0.065112,-122.370740,-2.4903,-3.9271,0.1242
48580000,50.9999555619,0.0002727057,19.3774,6.860817,0.074672,-122.224653,-2.4802,-3.9333,0.1242
48590000,50.9999553394,0.0002721449,19.3761,6.873542,0.084231,-122.078287,-2.4702,-3.9394,0.1242
48600000,50.9999551178,0.0002715833,19.3749,6.886215,0.093789,-121.931642,-2.4601,-3.9456,0.1243
48610000,50.9999548971,0.0002710208,19.3737,6.898838,0.103347,-121.784719,-2.4499,-3.9517,0.1243
48620000,50.9999546774,0.0002704574,19.3724,6.911409,0.112904,-121.637518,-2.4397,-3.9578,0.1243
48630000,50.9999544585,0.0002698932,19.3712,6.923928,0.122460,-121.490040,-2.4295,-3.9638,0.1244
48640000,50.9999542406,0.0002693281,19.3699,6.936394,0.132016,-121.342286,-2.4192,-3.9699,0.1244
48650000,50.9999540236,0.0002687622,19.3687,6.948809,0.141571,-121.194256,-2.4089,-3.9759,0.1244
48660000,50.9999538075,0.0002681954,19.3674,6.961170,0.151125,-121.045950,-2.3985,-3.9818,0.1245
48670000,50.9999535924,0.0002676277,19.3662,6.973479,0.160678,-120.897370,-2.3881,-3.9878,0.1245
48680000,50.9999533782,0.0002670592,19.3650,6.985734,0.170231,-120.748516,-2.3776,-3.9937,0.1245
48690000,50.9999531650,0.0002664899,19.3637,6.997935,0.179783,-120.599389,-2.3671,-3.9995,0.1246
48700000,50.9999529527,0.0002659197,19.3625,7.010082,0.189335,-120.449988,-2.3566,-4.0054,0.1246
48710000,50.9999527413,0.0002653487,19.3612,7.022175,0.198886,-120.300316,-2.3460,-4.0112,0.1246
48720000,50.9999525309,0.0002647769,19.3600,7.034213,0.208436,-120.150372,-2.3354,-4.0170,0.1247
48730000,50.9999523215,0.0002642042,19.3587,7.046197,0.217986,-120.000157,-2.3247,-4.0227,0.1247
48740000,50.9999521130,0.0002636308,19.3575,7.058125,0.227535,-119.849671,-2.3140,-4.0285,0.1248
48750000,50.9999519055,0.0002630565,19.3562,7.069997,0.237083,-119.698916,-2.3033,-4.0341,0.1248
48760000,50.9999516989,0.0002624814,19.3550,7.081814,0.246631,-119.547891,-2.2925,-4.0398,0.1248
48770000,50.9999514933,0.0002619055,19.3537,7.093574,0.256178,-119.396599,-2.2817,-4.0454,0.1249
48780000,50.9999512887,0.0002613288,19.3525,7.105278,0.265724,-119.245038,-2.2708,-4.0510,0.1249
48790000,50.9999510851,0.0002607514,19.3512,7.116925,0.275270,-119.093210,-2.2599,-4.0566,0.1250
48800000,50.9999508824,0.0002601731,19.3500,7.128516,0.284815,-118.941116,-2.2490,-4.0621,0.1250
48810000,50.9999506808,0.0002595940,19.3487,7.140048,0.294359,-118.788756,-2.2380,-4.0676,0.1251
48820000,50.9999504801,0.0002590142,19.3475,7.151524,0.303903,-118.636130,-2.2270,-4.0730,0.1251
48830000,50.9999502804,0.0002584336,19.3462,7.162941,0.313446,-118.483240,-2.2159,-4.0784,0.1251
48840000,50.9999500817,0.0002578522,19.3450,7.174299,0.322989,-118.330087,-2.2048,-4.0838,0.1252
48850000,50.9999498840,0.0002572701,19.3437,7.185600,0.332531,-118.176670,-2.1937,-4.0892,0.1252
48860000,50.9999496874,0.0002566872,19.3425,7.196841,0.342073,-118.022990,-2.1825,-4.0945,0.1253
48870000,50.9999494917,0.0002561035,19.3412,7.208023,0.351614,-117.869049,-2.1713,-4.0998,0.1253
48880000,50.9999492970,0.0002555191,19.3400,7.219146,0.361154,-117.714846,-2.1600,-4.1050,0.1254
48890000,50.9999491034,0.0002549340,19.3387,7.230209,0.370694,-117.560383,-2.1487,-4.1102,0.1254
48900000,50.9999489107,0.0002543481,19.3375,7.241212,0.380233,-117.405660,-2.1374,-4.1154,0.1255
48910000,50.9999487191,0.0002537614,19.3362,7.252155,0.389771,-117.250678,-2.1260,-4.1205,0.1255
48920000,50.9999485285,0.0002531741,19.3349,7.263037,0.399309,-117.095437,-2.1146,-4.1256,0.1256
48930000,50.9999483390,0.0002525860,19.3337,7.273858,0.408847,-116.939939,-2.1031,-4.1307,0.1256
48940000,50.9999481504,0.0002519972,19.3324,7.284618,0.418384,-116.784184,-2.0916,-4.1357,0.1257
48950000,50.9999479629,0.0002514077,19.3312,7.295317,0.427920,-116.628173,-2.0801,-4.1407,0.1257
48960000,50.9999477765,0.0002508175,19.3299,7.305954,0.437456,-116.471906,-2.0686,-4.1457,0.1258
48970000,50.9999475911,0.0002502266,19.3287,7.316528,0.446991,-116.315384,-2.0570,-4.1506,0.1258
48980000,50.9999474067,0.0002496349,19.3274,7.327041,0.456526,-116.158608,-2.0453,-4.1555,0.1259
48990000,50.9999472234,0.0002490426,19.3261,7.337490,0.466060,-116.001579,-2.0336,-4.1603,0.1259
49000000,50.9999470411,0.0002484496,19.3249,7.347877,0.475593,-115.844297,-2.0219,-4.1651,0.1260
49010000,50.9999468599,0.0002478560,19.3236,7.358201,0.485126,-115.686763,-2.0102,-4.1699,0.1260
49020000,50.9999466797,0.0002472616,19.3224,7.368461,0.494659,-115.528978,-1.9984,-4.1746,0.1261
49030000,50.9999465006,0.0002466666,19.3211,7.378657,0.504191,-115.370942,-1.9866,-4.1793,0.1262
49040000,50.9999463226,0.0002460709,19.3198,7.388789,0.513723,-115.212657,-1.9747,-4.1839,0.1262
49050000,50.9999461456,0.0002454746,19.3186,7.398857,0.523254,-115.054123,-1.9628,-4.1885,0.1263
49060000,50.9999459697,0.0002448776,19.3173,7.408861,0.532785,-114.895341,-1.9509,-4.1931,0.1263
49070000,50.9999457949,0.0002442799,19.3160,7.418799,0.542315,-114.736311,-1.9389,-4.1976,0.1264
49080000,50.9999456211,0.0002436816,19.3148,7.428672,0.551844,-114.577035,-1.9269,-4.2020,0.1264
49090000,50.9999454485,0.0002430827,19.3135,7.438480,0.561374,-114.417512,-1.9149,-4.2065,0.1265
49100000,50.9999452769,0.0002424832,19.3123,7.448222,0.570902,-114.257745,-1.9028,-4.2109,0.1266
49110000,50.9999451064,0.0002418830,19.3110,7.457899,0.580431,-114.097733,-1.8907,-4.2152,0.1266
49120000,50.9999449370,0.0002412822,19.3097,7.467509,0.589958,-113.937478,-1.8786,-4.2195,0.1267
49130000,50.9999447686,0.0002406808,19.3085,7.477052,0.599486,-113.776980,-1.8664,-4.2238,0.1267
49140000,50.9999446014,0.0002400788,19.3072,7.486529,0.609013,-113.616240,-1.8542,-4.2280,0.1268
49150000,50.9999444353,0.0002394762,19.3059,7.495938,0.618539,-113.455258,-1.8420,-4.2322,0.1269
49160000,50.9999442703,0.0002388730,19.3046,7.505280,0.628065,-113.294037,-1.8297,-4.2364,0.1269
49170000,50.9999441064,0.0002382692,19.3034,7.514555,0.637591,-113.132576,-1.8174,-4.2405,0.1270
49180000,50.9999439435,0.0002376649,19.3021,7.523762,0.647116,-112.970876,-1.8051,-4.2445,0.1271
49190000,50.9999437818,0.0002370599,19.3008,7.532900,0.656641,-112.808938,-1.7927,-4.2485,0.1271
49200000,50.9999436213,0.0002364544,19.2996,7.541971,0.666166,-112.646763,-1.7803,-4.2525,0.1272
49210000,50.9999434618,0.0002358484,19.2983,7.550972,0.675690,-112.484351,-1.7679,-4.2564,0.1272
49220000,50.9999433034,0.0002352418,19.2970,7.559905,0.685214,-112.321704,-1.7554,-4.2603,0.1273
49230000,50.9999431462,0.0002346346,19.2957,7.568768,0.694737,-112.158823,-1.7430,-4.2641,0.1274
49240000,50.9999429901,0.0002340269,19.2945,7.577563,0.704260,-111.995707,-1.7304,-4.2679,0.1274
49250000,50.9999428351,0.0002334186,19.2932,7.586287,0.713783,-111.832359,-1.7179,-4.2717,0.1275
49260000,50.9999426813,0.0002328098,19.2919,7.594941,0.723305,-111.668778,-1.7053,-4.2754,0.1276
49270000,50.9999425285,0.0002322005,19.2906,7.603525,0.732827,-111.504966,-1.6927,-4.2790,0.1277
49280000,50.9999423770,0.0002315907,19.2894,7.612039,0.742349,-111.340923,-1.6800,-4.2826,0.1277
49290000,50.9999422265,0.0002309804,19.2881,7.620482,0.751870,-111.176651,-1.6673,-4.2862,0.1278
49300000,50.9999420772,0.0002303695,19.2868,7.628854,0.761391,-111.012150,-1.6546,-4.2897,0.1279
49310000,50.9999419290,0.0002297582,19.2855,7.637155,0.770912,-110.847421,-1.6419,-4.2932,0.1279
49320000,50.9999417820,0.0002291464,19.2843,7.645384,0.780432,-110.682465,-1.6291,-4.2966,0.1280
49330000,50.9999416362,0.0002285341,19.2830,7.653542,0.789952,-110.517283,-1.6163,-4.3000,0.1281
49340000,50.9999414914,0.0002279213,19.2817,7.661627,0.799472,-110.351875,-1.6035,-4.3033,0.1281
49350000,50.9999413479,0.0002273080,19.2804,7.669641,0.808992,-110.186243,-1.5907,-4.3066,0.1282
49360000,50.9999412055,0.0002266943,19.2791,7.677582,0.818511,-110.020388,-1.5778,-4.3098,0.1283
49370000,50.9999410642,0.0002260801,19.2778,7.685450,0.828030,-109.854310,-1.5649,-4.3130,0.1284
49380000,50.9999409242,0.0002254655,19.2766,7.693245,0.837549,-109.688009,-1.5520,-4.3161,0.1284
49390000,50.9999407852,0.0002248505,19.2753,7.700967,0.847067,-109.521488,-1.5390,-4.3192,0.1285
49400000,50.9999406475,0.0002242349,19.2740,7.708616,0.856586,-109.354747,-1.5260,-4.3222,0.1286
49410000,50.9999405109,0.0002236190,19.2727,7.716190,0.866104,-109.187787,-1.5130,-4.3252,0.1287
49420000,50.9999403755,0.0002230027,19.2714,7.723691,0.875622,-109.020609,-1.5000,-4.3282,0.1287
49430000,50.9999402412,0.0002223859,19.2701,7.731118,0.885139,-108.853213,-1.4869,-4.3311,0.1288
49440000,50.9999401082,0.0002217687,19.2688,7.738470,0.894657,-108.685601,-1.4738,-4.3339,0.1289
49450000,50.9999399763,0.0002211511,19.2676,7.745748,0.904174,-108.517773,-1.4607,-4.3367,0.1290
49460000,50.9999398456,0.0002205331,19.2663,7.752951,0.913691,-108.349731,-1.4475,-4.3394,0.1291
49470000,50.9999397161,0.0002199148,19.2650,7.760079,0.923208,-108.181475,-1.4344,-4.3421,0.1291
49480000,50.9999395877,0.0002192960,19.2637,7.767131,0.932725,-108.013006,-1.4212,-4.3448,0.1292
49490000,50.9999394606,0.0002186769,19.2624,7.774108,0.942242,-107.844326,-1.4080,-4.3474,0.1293
49500000,50.9999393346,0.0002180574,19.2611,7.781009,0.951758,-107.675435,-1.3947,-4.3499,0.1294
49510000,50.9999392098,0.0002174376,19.2598,7.787834,0.961275,-107.506333,-1.3814,-4.3524,0.1295
49520000,50.9999390863,0.0002168174,19.2585,7.794583,0.970791,-107.337023,-1.3682,-4.3548,0.1295
49530000,50.9999389639,0.0002161969,19.2572,7.801255,0.980307,-107.167505,-1.3548,-4.3572,0.1296
49540000,50.9999388427,0.0002155760,19.2559,7.807850,0.989823,-106.997779,-1.3415,-4.3595,0.1297
49550000,50.9999387227,0.0002149548,19.2546,7.814369,0.999339,-106.827848,-1.3282,-4.3618,0.1298
49560000,50.9999386039,0.0002143333,19.2533,7.820810,1.008855,-106.657711,-1.3148,-4.3641,0.1299
49570000,50.9999384863,0.0002137114,19.2520,7.827174,1.018371,-106.487370,-1.3014,-4.3662,0.1300
49580000,50.9999383700,0.0002130893,19.2507,7.833461,1.027886,-106.316826,-1.2880,-4.3684,0.1300
49590000,50.9999382548,0.0002124669,19.2494,7.839669,1.037402,-106.146079,-1.2745,-4.3704,0.1301
49600000,50.9999381408,0.0002118441,19.2481,7.845800,1.046918,-105.975132,-1.2610,-4.3725,0.1302
49610000,50.9999380281,0.0002112211,19.2468,7.851852,1.056433,-105.803983,-1.2476,-4.3744,0.1303
49620000,50.9999379166,0.0002105978,19.2455,7.857826,1.065949,-105.632636,-1.2341,-4.3763,0.1304
49630000,50.9999378062,0.0002099743,19.2442,7.863722,1.075464,-105.461090,-1.2205,-4.3782,0.1305
49640000,50.9999376971,0.0002093504,19.2429,7.869538,1.084980,-105.289347,-1.2070,-4.3800,0.1306
49650000,50.9999375893,0.0002087263,19.2416,7.875275,1.094495,-105.117407,-1.1934,-4.3818,0.1307
49660000,50.9999374826,0.0002081020,19.2403,7.880933,1.104011,-104.945272,-1.1798,-4.3835,0.1308
49670000,50.9999373772,0.0002074775,19.2390,7.886511,1.113526,-104.772942,-1.1662,-4.3851,0.1308
49680000,50.9999372729,0.0002068527,19.2377,7.892010,1.123042,-104.600419,-1.1526,-4.3867,0.1309
49690000,50.9999371699,0.0002062277,19.2364,7.897429,1.132558,-104.427704,-1.1390,-4.3883,0.1310
49700000,50.9999370682,0.0002056024,19.2350,7.902767,1.142073,-104.254797,-1.1253,-4.3897,0.1311
49710000,50.9999369676,0.0002049770,19.2337,7.908026,1.151589,-104.081700,-1.1116,-4.3912,0.1312
49720000,50.9999368683,0.0002043513,19.2324,7.913203,1.161105,-103.908414,-1.0980,-4.3925,0.1313
49730000,50.9999367703,0.0002037255,19.2311,7.918300,1.170621,-103.734939,-1.0842,-4.3939,0.1314
49740000,50.9999366734,0.0002030995,19.2298,7.923317,1.180137,-103.561277,-1.0705,-4.3951,0.1315
49750000,50.9999365778,0.0002024733,19.2285,7.928252,1.189653,-103.387429,-1.0568,-4.3963,0.1316
49760000,50.9999364834,0.0002018469,19.2272,7.933105,1.199169,-103.213396,-1.0430,-4.3975,0.1317
49770000,50.9999363903,0.0002012204,19.2258,7.937877,1.208686,-103.039178,-1.0293,-4.3986,0.1318
49780000,50.9999362984,0.0002005938,19.2245,7.942568,1.218202,-102.864777,-1.0155,-4.3996,0.1319
49790000,50.9999362077,0.0001999669,19.2232,7.947176,1.227719,-102.690194,-1.0017,-4.4006,0.1320
49800000,50.9999361183,0.0001993400,19.2219,7.951703,1.237236,-102.515430,-0.9879,-4.4015,0.1321
49810000,50.9999360301,0.0001987129,19.2206,7.956147,1.246753,-102.340486,-0.9740,-4.4024,0.1322
49820000,50.9999359432,0.0001980857,19.2192,7.960508,1.256270,-102.165363,-0.9602,-4.4032,0.1323
49830000,50.9999358575,0.0001974584,19.2179,7.964787,1.265787,-101.990063,-0.9463,-4.4040,0.1324
49840000,50.9999357731,0.0001968310,19.2166,7.968984,1.275305,-101.814585,-0.9325,-4.4047,0.1325
49850000,50.9999356899,0.0001962035,19.2153,7.973097,1.284823,-101.638931,-0.9186,-4.4053,0.1326
49860000,50.9999356079,0.0001955759,19.2139,7.977127,1.294341,-101.463103,-0.9047,-4.4059,0.1327
49870000,50.9999355272,0.0001949482,19.2126,7.981073,1.303859,-101.287102,-0.8908,-4.4065,0.1328
49880000,50.9999354478,0.0001943204,19.2113,7.984936,1.313377,-101.110928,-0.8769,-4.4069,0.1329
49890000,50.9999353696,0.0001936926,19.2100,7.988715,1.322896,-100.934582,-0.8630,-4.4073,0.1330
49900000,50.9999352927,0.0001930647,19.2086,7.992411,1.332415,-100.758066,-0.8490,-4.4077,0.1331
49910000,50.9999352170,0.0001924368,19.2073,7.996022,1.341934,-100.581381,-0.8351,-4.4080,0.1332
49920000,50.9999351425,0.0001918089,19.2060,7.999549,1.351454,-100.404527,-0.8211,-4.4082,0.1333
49930000,50.9999350694,0.0001911809,19.2046,8.002992,1.360974,-100.227507,-0.8071,-4.4084,0.1334
49940000,50.9999349974,0.0001905529,19.2033,8.006350,1.370494,-100.050320,-0.7932,-4.4086,0.1335
49950000,50.9999349268,0.0001899248,19.2020,8.009623,1.380014,-99.872969,-0.7792,-4.4086,0.1336
49960000,50.9999348573,0.0001892968,19.2006,8.012811,1.389535,-99.695454,-0.7652,-4.4086,0.1337
49970000,50.9999347892,0.0001886688,19.1993,8.015915,1.399056,-99.517776,-0.7512,-4.4086,0.1338
49980000,50.9999347223,0.0001880408,19.1979,8.018933,1.408578,-99.339937,-0.7372,-4.4085,0.1339
49990000,50.9999346567,0.0001874128,19.1966,8.021865,1.418100,-99.161937,-0.7232,-4.4083,0.1340
50000000,50.9999345923,0.0001867848,19.1953,8.024712,1.427622,-98.983778,-0.7091,-4.4081,0.1341
50010000,50.9999345292,0.0001861569,19.1939,8.027473,1.437144,-98.805461,-0.6951,-4.4078,0.1342
50020000,50.9999344673,0.0001855290,19.1926,8.030149,1.446667,-98.626987,-0.6811,-4.4075,0.1343
50030000,50.9999344067,0.0001849012,19.1912,8.032738,1.456191,-98.448357,-0.6670,-4.4071,0.1345
50040000,50.9999343474,0.0001842734,19.1899,8.035241,1.465715,-98.269572,-0.6530,-4.4066,0.1346
50050000,50.9999342893,0.0001836457,19.1885,8.037658,1.475239,-98.090634,-0.6389,-4.4061,0.1347
50060000,50.9999342325,0.0001830181,19.1872,8.039988,1.484764,-97.911543,-0.6249,-4.4055,0.1348
50070000,50.9999341770,0.0001823905,19.1859,8.042231,1.494289,-97.732301,-0.6108,-4.4049,0.1349
50080000,50.9999341227,0.0001817631,19.1845,8.044388,1.503814,-97.552909,-0.5968,-4.4042,0.1350
50090000,50.9999340697,0.0001811358,19.1832,8.046458,1.513341,-97.373368,-0.5827,-4.4034,0.1351
50100000,50.9999340180,0.0001805085,19.1818,8.048441,1.522867,-97.193679,-0.5686,-4.4026,0.1352
50110000,50.9999339675,0.0001798814,19.1804,8.050336,1.532394,-97.013843,-0.5545,-4.4017,0.1354
50120000,50.9999339183,0.0001792544,19.1791,8.052144,1.541922,-96.833861,-0.5405,-4.4008,0.1355
50130000,50.9999338703,0.0001786276,19.1777,8.053865,1.551450,-96.653736,-0.5264,-4.3998,0.1356
50140000,50.9999338237,0.0001780009,19.1764,8.055498,1.560978,-96.473467,-0.5123,-4.3987,0.1357
50150000,50.9999337782,0.0001773744,19.1750,8.057043,1.570508,-96.293056,-0.4982,-4.3976,0.1358
50160000,50.9999337341,0.0001767480,19.1737,8.058500,1.580037,-96.112504,-0.4841,-4.3964,0.1359
50170000,50.9999336912,0.0001761218,19.1723,8.059869,1.589568,-95.931813,-0.4701,-4.3952,0.1360
50180000,50.9999336496,0.0001754958,19.1709,8.061150,1.599098,-95.750984,-0.4560,-4.3939,0.1362
50190000,50.9999336092,0.0001748700,19.1696,8.062343,1.608630,-95.570017,-0.4419,-4.3925,0.1363
50200000,50.9999335701,0.0001742443,19.1682,8.063447,1.618162,-95.388914,-0.4278,-4.3911,0.1364
50210000,50.9999335323,0.0001736189,19.1669,8.064463,1.627694,-95.207676,-0.4137,-4.3896,0.1365
50220000,50.9999334958,0.0001729937,19.1655,8.065390,1.637228,-95.026304,-0.3997,-4.3881,0.1366
50230000,50.9999334605,0.0001723687,19.1641,8.066228,1.646762,-94.844800,-0.3856,-4.3865,0.1368
50240000,50.9999334264,0.0001717440,19.1628,8.066977,1.656296,-94.663165,-0.3715,-4.3848,0.1369
50250000,50.9999333937,0.0001711195,19.1614,8.067637,1.665831,-94.481400,-0.3574,-4.3831,0.1370
50260000,50.9999333622,0.0001704952,19.1600,8.068208,1.675367,-94.299506,-0.3434,-4.3813,0.1371
50270000,50.9999333320,0.0001698712,19.1586,8.068690,1.684903,-94.117485,-0.3293,-4.3794,0.1373
50280000,50.9999333030,0.0001692475,19.1573,8.069082,1.694441,-93.935337,-0.3153,-4.3775,0.1374
50290000,50.9999332753,0.0001686240,19.1559,8.069385,1.703979,-93.753064,-0.3012,-4.3756,0.1375
50300000,50.9999332488,0.0001680008,19.1545,8.069598,1.713517,-93.570667,-0.2871,-4.3735,0.1376
50310000,50.9999332237,0.0001673779,19.1531,8.069721,1.723056,-93.388147,-0.2731,-4.3715,0.1377
50320000,50.9999331997,0.0001667554,19.1518,8.069755,1.732596,-93.205506,-0.2591,-4.3693,0.1379
50330000,50.9999331771,0.0001661331,19.1504,8.069699,1.742137,-93.022745,-0.2450,-4.3671,0.1380
50340000,50.9999331557,0.0001655111,19.1490,8.069552,1.751678,-92.839865,-0.2310,-4.3648,0.1381
50350000,50.9999331356,0.0001648895,19.1476,8.069315,1.761221,-92.656867,-0.2170,-4.3625,0.1383
50360000,50.9999331167,0.0001642682,19.1462,8.068989,1.770764,-92.473753,-0.2030,-4.3601,0.1384
50370000,50.9999330991,0.0001636473,19.1449,8.068571,1.780307,-92.290524,-0.1890,-4.3576,0.1385
50380000,50.9999330827,0.0001630267,19.1435,8.068064,1.789852,-92.107180,-0.1750,-4.3551,0.1386
50390000,50.9999330676,0.0001624065,19.1421,8.067465,1.799397,-91.923724,-0.1610,-4.3525,0.1388
50400000,50.9999330538,0.0001617866,19.1407,8.066776,1.808944,-91.740157,-0.1470,-4.3499,0.1389
50410000,50.9999330412,0.0001611672,19.1393,8.065997,1.818491,-91.556479,-0.1330,-4.3472,0.1390
50420000,50.9999330299,0.0001605481,19.1379,8.065126,1.828038,-91.372693,-0.1191,-4.3444,0.1392
50430000,50.9999330198,0.0001599294,19.1365,8.064165,1.837587,-91.188799,-0.1051,-4.3416,0.1393
50440000,50.9999330110,0.0001593111,19.1351,8.063113,1.847137,-91.004798,-0.0912,-4.3387,0.1394
50450000,50.9999330034,0.0001586933,19.1337,8.061969,1.856687,-90.820693,-0.0773,-4.3358,0.1396
50460000,50.9999329971,0.0001580758,19.1323,8.060734,1.866238,-90.636484,-0.0633,-4.3328,0.1397
50470000,50.9999329920,0.0001574588,19.1309,8.059409,1.875790,-90.452172,-0.0494,-4.3297,0.1398
50480000,50.9999329882,0.0001568423,19.1295,8.057991,1.885343,-90.267759,-0.0355,-4.3266,0.1400
50490000,50.9999329856,0.0001562262,19.1281,8.056483,1.894897,-90.083247,-0.0217,-4.3234,0.1401
50500000,50.9999329843,0.0001556105,19.1267,8.054883,1.904452,-89.898635,-0.0078,-4.3201,0.1402
50510000,50.9999329842,0.0001549953,19.1253,8.053191,1.914008,-89.713927,0.0061,-4.3168,0.1404
50520000,50.9999329854,0.0001543806,19.1239,8.051408,1.923564,-89.529122,0.0199,-4.3135,0.1405
50530000,50.9999329878,0.0001537664,19.1225,8.049533,1.933122,-89.344223,0.0337,-4.3100,0.1406
50540000,50.9999329915,0.0001531526,19.1211,8.047566,1.942681,-89.159231,0.0475,-4.3065,0.1408
50550000,50.9999329964,0.0001525394,19.1197,8.045508,1.952240,-88.974146,0.0613,-4.3030,0.1409
50560000,50.9999330025,0.0001519267,19.1183,8.043357,1.961801,-88.788971,0.0751,-4.2994,0.1410
50570000,50.9999330099,0.0001513145,19.1169,8.041115,1.971362,-88.603706,0.0889,-4.2957,0.1412
50580000,50.9999330185,0.0001507028,19.1155,8.038781,1.980925,-88.418353,0.1026,-4.2919,0.1413
50590000,50.9999330283,0.0001500917,19.1141,8.036354,1.990488,-88.232914,0.1164,-4.2881,0.1415
50600000,50.9999330394,0.0001494811,19.1126,8.033835,2.000053,-88.047389,0.1301,-4.2843,0.1416
50610000,50.9999330517,0.0001488710,19.1112,8.031225,2.009618,-87.861780,0.1438,-4.2804,0.1418
50620000,50.9999330652,0.0001482616,19.1098,8.028522,2.019185,-87.676088,0.1575,-4.2764,0.1419
50630000,50.9999330800,0.0001476527,19.1084,8.025726,2.028752,-87.490315,0.1711,-4.2724,0.1420
50640000,50.9999330960,0.0001470443,19.1070,8.022839,2.038321,-87.304462,0.1848,-4.2682,0.1422
50650000,50.9999331132,0.0001464366,19.1055,8.019859,2.047890,-87.118530,0.1984,-4.2641,0.1423
50660000,50.9999331317,0.0001458295,19.1041,8.016786,2.057461,-86.932520,0.2120,-4.2599,0.1425
50670000,50.9999331513,0.0001452229,19.1027,8.013622,2.067033,-86.746435,0.2256,-4.2556,0.1426
50680000,50.9999331722,0.0001446170,19.1013,8.010364,2.076606,-86.560275,0.2391,-4.2512,0.1428
50690000,50.9999331943,0.0001440117,19.0998,8.007014,2.086180,-86.374042,0.2527,-4.2468,0.1429
50700000,50.9999332176,0.0001434071,19.0984,8.003572,2.095755,-86.187736,0.2662,-4.2424,0.1430
50710000,50.9999332422,0.0001428030,19.0970,8.000037,2.105331,-86.001360,0.2797,-4.2379,0.1432
50720000,50.9999332679,0.0001421997,19.0955,7.996409,2.114909,-85.814915,0.2932,-4.2333,0.1433
50730000,50.9999332949,0.0001415970,19.0941,7.992688,2.124487,-85.628402,0.3066,-4.2286,0.1435
50740000,50.9999333230,0.0001409949,19.0927,7.988875,2.134067,-85.441823,0.3200,-4.2239,0.1436
50750000,50.9999333524,0.0001403935,19.0912,7.984969,2.143648,-85.255178,0.3334,-4.2192,0.1438
50760000,50.9999333830,0.0001397928,19.0898,7.980970,2.153229,-85.068470,0.3468,-4.2144,0.1439
50770000,50.9999334148,0.0001391928,19.0884,7.976879,2.162813,-84.881700,0.3602,-4.2095,0.1441
50780000,50.9999334477,0.0001385935,19.0869,7.972695,2.172397,-84.694868,0.3735,-4.2045,0.1442
50790000,50.9999334819,0.0001379949,19.0855,7.968417,2.181982,-84.507977,0.3868,-4.1995,0.1444
50800000,50.9999335173,0.0001373970,19.0840,7.964047,2.191569,-84.321028,0.4001,-4.1945,0.1445
50810000,50.9999335538,0.0001367999,19.0826,7.959585,2.201157,-84.134022,0.4134,-4.1894,0.1447
50820000,50.9999335916,0.0001362034,19.0811,7.955029,2.210746,-83.946960,0.4266,-4.1842,0.1448
50830000,50.9999336305,0.0001356078,19.0797,7.950380,2.220336,-83.759845,0.4398,-4.1790,0.1450
50840000,50.9999336707,0.0001350128,19.0782,7.945639,2.229927,-83.572677,0.4530,-4.1737,0.1452
50850000,50.9999337120,0.0001344186,19.0768,7.940804,2.239520,-83.385458,0.4661,-4.1683,0.1453
50860000,50.9999337545,0.0001338252,19.0753,7.935877,2.249114,-83.198189,0.4793,-4.1629,0.1455
50870000,50.9999337981,0.0001332326,19.0739,7.930857,2.258709,-83.010872,0.4923,-4.1575,0.1456
50880000,50.9999338430,0.0001326407,19.0724,7.925743,2.268306,-82.823508,0.5054,-4.1519,0.1458
50890000,50.9999338890,0.0001320497,19.0710,7.920537,2.277903,-82.636099,0.5184,-4.1464,0.1459
50900000,50.9999339362,0.0001314594,19.0695,7.915238,2.287502,-82.448645,0.5315,-4.1407,0.1461
50910000,50.9999339845,0.0001308700,19.0680,7.909846,2.297102,-82.261149,0.5444,-4.1350,0.1462
50920000,50.9999340341,0.0001302813,19.0666,7.904361,2.306704,-82.073611,0.5574,-4.1293,0.1464
50930000,50.9999340847,0.0001296935,19.0651,7.898784,2.316307,-81.886034,0.5703,-4.1235,0.1466
50940000,50.9999341366,0.0001291065,19.0636,7.893113,2.325911,-81.698418,0.5832,-4.1176,0.1467
50950000,50.9999341896,0.0001285204,19.0622,7.887350,2.335516,-81.510766,0.5960,-4.1117,0.1469
50960000,50.9999342437,0.0001279351,19.0607,7.881493,2.345123,-81.323077,0.6088,-4.1057,0.1470
50970000,50.9999342990,0.0001273506,19.0592,7.875544,2.354731,-81.135355,0.6216,-4.0996,0.1472
50980000,50.9999343555,0.0001267670,19.0578,7.869502,2.364340,-80.947601,0.6344,-4.0935,0.1474
50990000,50.9999344131,0.0001261843,19.0563,7.863368,2.373951,-80.759815,0.6471,-4.0874,0.1475
51000000,50.9999344718,0.0001256025,19.0548,7.857140,2.383563,-80.571999,0.6598,-4.0812,0.1477
51010000,50.9999345317,0.0001250216,19.0533,7.850820,2.393176,-80.384155,0.6725,-4.0749,0.1478
51020000,50.9999345927,0.0001244415,19.0519,7.844407,2.402791,-80.196284,0.6851,-4.0686,0.1480
51030000,50.9999346549,0.0001238624,19.0504,7.837901,2.412407,-80.008388,0.6977,-4.0622,0.1482
51040000,50.9999347182,0.0001232842,19.0489,7.831303,2.422025,-79.820469,0.7102,-4.0558,0.1483
51050000,50.9999347826,0.0001227069,19.0474,7.824612,2.431643,-79.632526,0.7227,-4.0493,0.1485
51060000,50.9999348481,0.0001221305,19.0459,7.817828,2.441264,-79.444563,0.7352,-4.0428,0.1487
51070000,50.9999349147,0.0001215550,19.0444,7.810952,2.450885,-79.256580,0.7477,-4.0362,0.1488
51080000,50.9999349825,0.0001209805,19.0429,7.803984,2.460508,-79.068580,0.7601,-4.0295,0.1490
51090000,50.9999350514,0.0001204070,19.0414,7.796923,2.470132,-78.880562,0.7724,-4.0228,0.1492
51100000,50.9999351214,0.0001198344,19.0400,7.789770,2.479758,-78.692530,0.7848,-4.0161,0.1493
51110000,50.9999351925,0.0001192628,19.0385,7.782524,2.489385,-78.504484,0.7971,-4.0093,0.1495
51120000,50.9999352647,0.0001186921,19.0370,7.775186,2.499014,-78.316426,0.8093,-4.0024,0.1497
51130000,50.9999353380,0.0001181225,19.0355,7.767755,2.508644,-78.128358,0.8215,-3.9955,0.1498
51140000,50.9999354123,0.0001175538,19.0340,7.760233,2.518275,-77.940280,0.8337,-3.9885,0.1500
51150000,50.9999354878,0.0001169861,19.0325,7.752618,2.527908,-77.752195,0.8459,-3.9815,0.1502
51160000,50.9999355644,0.0001164195,19.0310,7.744911,2.537542,-77.564103,0.8580,-3.9744,0.1504
51170000,50.9999356421,0.0001158538,19.0295,7.737113,2.547178,-77.376007,0.8700,-3.9673,0.1505
51180000,50.9999357208,0.0001152892,19.0280,7.729222,2.556815,-77.187908,0.8820,-3.9601,0.1507
51190000,50.9999358006,0.0001147255,19.0264,7.721239,2.566453,-76.999807,0.8940,-3.9528,0.1509
51200000,50.9999358815,0.0001141630,19.0249,7.713165,2.576093,-76.811706,0.9059,-3.9455,0.1510
51210000,50.9999359635,0.0001136014,19.0234,7.704998,2.585734,-76.623606,0.9178,-3.9382,0.1512
51220000,50.9999360466,0.0001130409,19.0219,7.696740,2.595377,-76.435510,0.9297,-3.9308,0.1514
51230000,50.9999361307,0.0001124815,19.0204,7.688391,2.605021,-76.247417,0.9415,-3.9234,0.1516
51240000,50.9999362158,0.0001119231,19.0189,7.679950,2.614667,-76.059331,0.9533,-3.9159,0.1517
51250000,50.9999363020,0.0001113658,19.0174,7.671417,2.624314,-75.871252,0.9650,-3.9083,0.1519
51260000,50.9999363893,0.0001108096,19.0158,7.662793,2.633963,-75.683182,0.9767,-3.9007,0.1521
51270000,50.9999364776,0.0001102545,19.0143,7.654078,2.643613,-75.495122,0.9883,-3.8931,0.1523
51280000,50.9999365670,0.0001097005,19.0128,7.645271,2.653265,-75.307075,0.9999,-3.8854,0.1525
51290000,50.9999366574,0.0001091475,19.0113,7.636374,2.662918,-75.119041,1.0115,-3.8776,0.1526
51300000,50.9999367488,0.0001085957,19.0097,7.627385,2.672573,-74.931022,1.0230,-3.8698,0.1528
51310000,50.9999368413,0.0001080450,19.0082,7.618306,2.682229,-74.743019,1.0344,-3.8620,0.1530
51320000,50.9999369348,0.0001074954,19.0067,7.609135,2.691886,-74.555035,1.0459,-3.8541,0.1532
51330000,50.9999370293,0.0001069469,19.0052,7.599874,2.701545,-74.367070,1.0572,-3.8461,0.1533
51340000,50.9999371249,0.0001063996,19.0036,7.590522,2.711206,-74.179127,1.0686,-3.8381,0.1535
51350000,50.9999372214,0.0001058534,19.0021,7.581080,2.720868,-73.991206,1.0798,-3.8301,0.1537
51360000,50.9999373190,0.0001053084,19.0005,7.571547,2.730531,-73.803310,1.0911,-3.8220,0.1539
51370000,50.9999374176,0.0001047645,18.9990,7.561924,2.740196,-73.615439,1.1022,-3.8139,0.1541
51380000,50.9999375171,0.0001042218,18.9975,7.552210,2.749863,-73.427596,1.1134,-3.8057,0.1543
51390000,50.9999376177,0.0001036802,18.9959,7.542407,2.759531,-73.239782,1.1245,-3.7974,0.1544
51400000,50.9999377193,0.0001031399,18.9944,7.532513,2.769200,-73.051998,1.1355,-3.7891,0.1546
51410000,50.9999378219,0.0001026007,18.9928,7.522530,2.778871,-72.864246,1.1465,-3.7808,0.1548
51420000,50.9999379254,0.0001020627,18.9913,7.512457,2.788543,-72.676528,1.1574,-3.7724,0.1550
51430000,50.9999380299,0.0001015259,18.9897,7.502294,2.798217,-72.488844,1.1683,-3.7640,0.1552
51440000,50.9999381354,0.0001009903,18.9882,7.492042,2.807893,-72.301198,1.1792,-3.7556,0.1554
51450000,50.9999382419,0.0001004559,18.9866,7.481700,2.817570,-72.113590,1.1900,-3.7470,0.1556
51460000,50.9999383494,0.0000999227,18.9851,7.471269,2.827248,-71.926022,1.2007,-3.7385,0.1557
51470000,50.9999384578,0.0000993908,18.9835,7.460749,2.836929,-71.738495,1.2114,-3.7299,0.1559
51480000,50.9999385672,0.0000988601,18.9819,7.450139,2.846610,-71.551011,1.2220,-3.7212,0.1561
51490000,50.9999386775,0.0000983306,18.9804,7.439441,2.856293,-71.363571,1.2326,-3.7125,0.1563
51500000,50.9999387888,0.0000978023,18.9788,7.428654,2.865978,-71.176178,1.2432,-3.7038,0.1565
51510000,50.9999389010,0.0000972753,18.9773,7.417779,2.875664,-70.988833,1.2537,-3.6950,0.1567
51520000,50.9999390141,0.0000967496,18.9757,7.406815,2.885351,-70.801536,1.2641,-3.6862,0.1569
51530000,50.9999391282,0.0000962251,18.9741,7.395763,2.895040,-70.614291,1.2745,-3.6773,0.1571
51540000,50.9999392433,0.0000957019,18.9725,7.384623,2.904731,-70.427098,1.2848,-3.6684,0.1573
51550000,50.9999393592,0.0000951800,18.9710,7.373394,2.914423,-70.239959,1.2951,-3.6594,0.1575
51560000,50.9999394761,0.0000946593,18.9694,7.362078,2.924117,-70.052876,1.3053,-3.6504,0.1576
51570000,50.9999395939,0.0000941399,18.9678,7.350674,2.933812,-69.865850,1.3155,-3.6414,0.1578
51580000,50.9999397126,0.0000936218,18.9662,7.339182,2.943508,-69.678883,1.3256,-3.6323,0.1580
51590000,50.9999398322,0.0000931050,18.9647,7.327603,2.953207,-69.491976,1.3357,-3.6232,0.1582
51600000,50.9999399527,0.0000925896,18.9631,7.315937,2.962906,-69.305131,1.3457,-3.6140,0.1584
51610000,50.9999400741,0.0000920754,18.9615,7.304184,2.972607,-69.118350,1.3556,-3.6048,0.1586
51620000,50.9999401964,0.0000915625,18.9599,7.292344,2.982310,-68.931634,1.3655,-3.5956,0.1588
51630000,50.9999403196,0.0000910510,18.9583,7.280417,2.992014,-68.744985,1.3754,-3.5863,0.1590
51640000,50.9999404437,0.0000905407,18.9567,7.268403,3.001720,-68.558404,1.3851,-3.5770,0.1592
51650000,50.9999405686,0.0000900319,18.9551,7.256303,3.011427,-68.371894,1.3949,-3.5676,0.1594
51660000,50.9999406944,0.0000895243,18.9535,7.244117,3.021136,-68.185455,1.4045,-3.5582,0.1596
51670000,50.9999408211,0.0000890181,18.9519,7.231845,3.030846,-67.999089,1.4142,-3.5488,0.1598
51680000,50.9999409487,0.0000885132,18.9503,7.219487,3.040557,-67.812798,1.4237,-3.5393,0.1600
51690000,50.9999410771,0.0000880097,18.9487,7.207043,3.050270,-67.626583,1.4332,-3.5298,0.1602
51700000,50.9999412063,0.0000875076,18.9471,7.194514,3.059985,-67.440447,1.4427,-3.5202,0.1604
51710000,50.9999413364,0.0000870068,18.9455,7.181899,3.069701,-67.254390,1.4521,-3.5106,0.1606
51720000,50.9999414674,0.0000865074,18.9439,7.169199,3.079419,-67.068415,1.4614,-3.5010,0.1608
51730000,50.9999415992,0.0000860094,18.9423,7.156415,3.089138,-66.882523,1.4707,-3.4913,0.1610
51740000,50.9999417318,0.0000855127,18.9407,7.143545,3.098858,-66.696715,1.4799,-3.4816,0.1612
51750000,50.9999418652,0.0000850174,18.9391,7.130592,3.108580,-66.510993,1.4890,-3.4718,0.1614
51760000,50.9999419995,0.0000845235,18.9375,7.117553,3.118304,-66.325360,1.4981,-3.4621,0.1616
51770000,50.9999421345,0.0000840311,18.9359,7.104431,3.128029,-66.139815,1.5072,-3.4522,0.1618
51780000,50.9999422704,0.0000835400,18.9342,7.091225,3.137755,-65.954362,1.5162,-3.4424,0.1620
51790000,50.9999424071,0.0000830503,18.9326,7.077935,3.147483,-65.769002,1.5251,-3.4325,0.1622
51800000,50.9999425446,0.0000825620,18.9310,7.064561,3.157212,-65.583736,1.5339,-3.4226,0.1624
51810000,50.9999426829,0.0000820752,18.9294,7.051104,3.166943,-65.398565,1.5427,-3.4126,0.1626
51820000,50.9999428219,0.0000815897,18.9277,7.037564,3.176675,-65.213493,1.5515,-3.4027,0.1628
51830000,50.9999429618,0.0000811057,18.9261,7.023942,3.186408,-65.028520,1.5601,-3.3926,0.1631
51840000,50.9999431024,0.0000806231,18.9245,7.010236,3.196144,-64.843648,1.5688,-3.3826,0.1633
51850000,50.9999432438,0.0000801420,18.9228,6.996449,3.205880,-64.658878,1.5773,-3.3725,0.1635
51860000,50.9999433860,0.0000796623,18.9212,6.982579,3.215618,-64.474213,1.5858,-3.3624,0.1637
51870000,50.9999435289,0.0000791840,18.9196,6.968627,3.225357,-64.289653,1.5942,-3.3522,0.1639
51880000,50.9999436726,0.0000787072,18.9179,6.954593,3.235098,-64.105201,1.6026,-3.3420,0.1641
51890000,50.9999438170,0.0000782319,18.9163,6.940478,3.244840,-63.920858,1.6109,-3.3318,0.1643
51900000,50.9999439622,0.0000777579,18.9146,6.926281,3.254584,-63.736626,1.6192,-3.3216,0.1645
51910000,50.9999441081,0.0000772855,18.9130,6.912004,3.264329,-63.552507,1.6274,-3.3113,0.1647
51920000,50.9999442548,0.0000768145,18.9113,6.897646,3.274075,-63.368502,1.6355,-3.3010,0.1649
51930000,50.9999444021,0.0000763450,18.9097,6.883207,3.283823,-63.184612,1.6435,-3.2907,0.1652
51940000,50.9999445502,0.0000758770,18.9080,6.868688,3.293572,-63.000840,1.6515,-3.2803,0.1654
51950000,50.9999446990,0.0000754104,18.9064,6.854089,3.303322,-62.817187,1.6595,-3.2699,0.1656
51960000,50.9999448486,0.0000749454,18.9047,6.839410,3.313074,-62.633655,1.6673,-3.2595,0.1658
51970000,50.9999449988,0.0000744818,18.9031,6.824651,3.322827,-62.450245,1.6751,-3.2491,0.1660
51980000,50.9999451497,0.0000740197,18.9014,6.809814,3.332582,-62.266959,1.6829,-3.2386,0.1662
51990000,50.9999453013,0.0000735591,18.8997,6.794897,3.342337,-62.083799,1.6905,-3.2281,0.1664
52000000,50.9999454536,0.0000731000,18.8981,6.779901,3.352095,-61.900767,1.6982,-3.2175,0.1667
52010000,50.9999456066,0.0000726424,18.8964,6.764827,3.361853,-61.717864,1.7057,-3.2070,0.1669
52020000,50.9999457603,0.0000721863,18.8947,6.749675,3.371613,-61.535091,1.7132,-3.1964,0.1671
52030000,50.9999459146,0.0000717317,18.8931,6.734445,3.381374,-61.352451,1.7206,-3.1858,0.1673
52040000,50.9999460696,0.0000712786,18.8914,6.719137,3.391137,-61.169945,1.7280,-3.1752,0.1675
52050000,50.9999462253,0.0000708271,18.8897,6.703751,3.400901,-60.987575,1.7353,-3.1645,0.1678
52060000,50.9999463816,0.0000703770,18.8880,6.688289,3.410666,-60.805343,1.7425,-3.1538,0.1680
52070000,50.9999465385,0.0000699285,18.8864,6.672750,3.420432,-60.623249,1.7496,-3.1431,0.1682
52080000,50.9999466961,0.0000694815,18.8847,6.657134,3.430200,-60.441297,1.7567,-3.1324,0.1684
52090000,50.9999468543,0.0000690361,18.8830,6.641442,3.439969,-60.259487,1.7637,-3.1216,0.1686
52100000,50.9999470132,0.0000685922,18.8813,6.625673,3.449739,-60.077821,1.7707,-3.1108,0.1689
52110000,50.9999471727,0.0000681498,18.8796,6.609829,3.459510,-59.896301,1.7776,-3.1000,0.1691
52120000,50.9999473328,0.0000677089,18.8779,6.593910,3.469283,-59.714929,1.7844,-3.0892,0.1693
52130000,50.9999474935,0.0000672696,18.8762,6.577916,3.479057,-59.533706,1.7912,-3.0784,0.1695
52140000,50.9999476548,0.0000668319,18.8745,6.561846,3.488832,-59.352634,1.7979,-3.0675,0.1698
52150000,50.9999478167,0.0000663957,18.8728,6.545702,3.498608,-59.171715,1.8045,-3.0566,0.1700
52160000,50.9999479792,0.0000659610,18.8711,6.529484,3.508386,-58.990950,1.8111,-3.0457,0.1702
52170000,50.9999481423,0.0000655279,18.8694,6.513193,3.518164,-58.810341,1.8176,-3.0348,0.1704
52180000,50.9999483059,0.0000650964,18.8677,6.496827,3.527944,-58.629890,1.8240,-3.0238,0.1707
52190000,50.9999484702,0.0000646664,18.8660,6.480388,3.537725,-58.449598,1.8303,-3.0128,0.1709
52200000,50.9999486350,0.0000642380,18.8643,6.463876,3.547508,-58.269468,1.8366,-3.0018,0.1711
52210000,50.9999488004,0.0000638112,18.8626,6.447292,3.557291,-58.089500,1.8429,-2.9908,0.1713
52220000,50.9999489663,0.0000633859,18.8609,6.430635,3.567076,-57.909697,1.8490,-2.9798,0.1716
52230000,50.9999491328,0.0000629622,18.8592,6.413906,3.576861,-57.730060,1.8551,-2.9688,0.1718
52240000,50.9999492998,0.0000625401,18.8574,6.397105,3.586648,-57.550591,1.8611,-2.9577,0.1720
52250000,50.9999494673,0.0000621195,18.8557,6.380233,3.596436,-57.371291,1.8671,-2.9466,0.1723
52260000,50.9999496354,0.0000617006,18.8540,6.363290,3.606225,-57.192163,1.8729,-2.9355,0.1725
52270000,50.9999498041,0.0000612832,18.8523,6.346277,3.616015,-57.013208,1.8788,-2.9244,0.1727
52280000,50.9999499732,0.0000608674,18.8505,6.329193,3.625806,-56.834428,1.8845,-2.9133,0.1730
52290000,50.9999501428,0.0000604532,18.8488,6.312039,3.635599,-56.655824,1.8902,-2.9021,0.1732
52300000,50.9999503130,0.0000600405,18.8471,6.294815,3.645392,-56.477399,1.8958,-2.8910,0.1734
52310000,50.9999504837,0.0000596295,18.8453,6.277522,3.655186,-56.299153,1.9013,-2.8798,0.1737
52320000,50.9999506548,0.0000592201,18.8436,6.260159,3.664982,-56.121089,1.9068,-2.8686,0.1739
52330000,50.9999508265,0.0000588122,18.8419,6.242729,3.674778,-55.943208,1.9122,-2.8574,0.1741
52340000,50.9999509986,0.0000584060,18.8401,6.225230,3.684576,-55.765512,1.9175,-2.8462,0.1744
52350000,50.9999511712,0.0000580013,18.8384,6.207662,3.694374,-55.588003,1.9228,-2.8350,0.1746
52360000,50.9999513443,0.0000575983,18.8366,6.190028,3.704174,-55.410682,1.9280,-2.8237,0.1748
52370000,50.9999515178,0.0000571968,18.8349,6.172326,3.713974,-55.233551,1.9331,-2.8125,0.1751
52380000,50.9999516918,0.0000567970,18.8331,6.154557,3.723775,-55.056613,1.9382,-2.8012,0.1753
52390000,50.9999518662,0.0000563987,18.8314,6.136722,3.733578,-54.879868,1.9431,-2.7899,0.1755
52400000,50.9999520411,0.0000560021,18.8296,6.118820,3.743381,-54.703318,1.9481,-2.7786,0.1758
52410000,50.9999522164,0.0000556071,18.8279,6.100853,3.753185,-54.526965,1.9529,-2.7673,0.1760
52420000,50.9999523922,0.0000552137,18.8261,6.082820,3.762990,-54.350811,1.9577,-2.7560,0.1763
52430000,50.9999525684,0.0000548219,18.8243,6.064723,3.772796,-54.174857,1.9624,-2.7447,0.1765
52440000,50.9999527450,0.0000544317,18.8226,6.046560,3.782603,-53.999106,1.9670,-2.7333,0.1767
52450000,50.9999529220,0.0000540431,18.8208,6.028334,3.792411,-53.823558,1.9716,-2.7220,0.1770
52460000,50.9999530994,0.0000536562,18.8190,6.010043,3.802219,-53.648216,1.9761,-2.7107,0.1772
52470000,50.9999532773,0.0000532709,18.8173,5.991690,3.812029,-53.473082,1.9805,-2.6993,0.1775
52480000,50.9999534555,0.0000528871,18.8155,5.973272,3.821839,-53.298156,1.9849,-2.6879,0.1777
52490000,50.9999536341,0.0000525050,18.8137,5.954793,3.831650,-53.123441,1.9891,-2.6766,0.1779
52500000,50.9999538131,0.0000521246,18.8119,5.936251,3.841462,-52.948939,1.9933,-2.6652,0.1782
52510000,50.9999539925,0.0000517457,18.8101,5.917647,3.851275,-52.774651,1.9975,-2.6538,0.1784
52520000,50.9999541722,0.0000513685,18.8084,5.898981,3.861088,-52.600579,2.0016,-2.6424,0.1787
52530000,50.9999543523,0.0000509929,18.8066,5.880254,3.870903,-52.426725,2.0056,-2.6310,0.1789
52540000,50.9999545327,0.0000506189,18.8048,5.861467,3.880718,-52.253090,2.0095,-2.6196,0.1792
52550000,50.9999547135,0.0000502465,18.8030,5.842619,3.890533,-52.079676,2.0134,-2.6082,0.1794
52560000,50.9999548947,0.0000498758,18.8012,5.823712,3.900350,-51.906485,2.0172,-2.5968,0.1797
52570000,50.9999550762,0.0000495067,18.7994,5.804745,3.910167,-51.733519,2.0209,-2.5853,0.1799
52580000,50.9999552580,0.0000491392,18.7976,5.785718,3.919985,-51.560779,2.0245,-2.5739,0.1802
52590000,50.9999554401,0.0000487734,18.7958,5.766634,3.929803,-51.388267,2.0281,-2.5625,0.1804
52600000,50.9999556226,0.0000484091,18.7940,5.747491,3.939623,-51.215985,2.0316,-2.5511,0.1807
52610000,50.9999558054,0.0000480466,18.7922,5.728290,3.949442,-51.043935,2.0350,-2.5396,0.1809
52620000,50.9999559885,0.0000476856,18.7904,5.709031,3.959263,-50.872118,2.0384,-2.5282,0.1812
52630000,50.9999561718,0.0000473263,18.7885,5.689716,3.969084,-50.700536,2.0417,-2.5167,0.1814
52640000,50.9999563555,0.0000469685,18.7867,5.670344,3.978906,-50.529190,2.0449,-2.5053,0.1817
52650000,50.9999565395,0.0000466125,18.7849,5.650917,3.988728,-50.358083,2.0481,-2.4939,0.1819
52660000,50.9999567237,0.0000462580,18.7831,5.631433,3.998551,-50.187216,2.0512,-2.4824,0.1822
52670000,50.9999569082,0.0000459052,18.7813,5.611894,4.008374,-50.016592,2.0542,-2.4710,0.1824
52680000,50.9999570930,0.0000455540,18.7794,5.592301,4.018198,-49.846210,2.0571,-2.4595,0.1827
52690000,50.9999572780,0.0000452045,18.7776,5.572653,4.028023,-49.676075,2.0600,-2.4481,0.1829
52700000,50.9999574633,0.0000448565,18.7758,5.552952,4.037848,-49.506186,2.0628,-2.4366,0.1832
52710000,50.9999576489,0.0000445102,18.7740,5.533197,4.047673,-49.336547,2.0655,-2.4252,0.1834
52720000,50.9999578347,0.0000441656,18.7721,5.513389,4.057499,-49.167158,2.0682,-2.4138,0.1837
52730000,50.9999580207,0.0000438225,18.7703,5.493528,4.067326,-48.998021,2.0708,-2.4023,0.1839
52740000,50.9999582070,0.0000434811,18.7684,5.473615,4.077153,-48.829138,2.0733,-2.3909,0.1842
52750000,50.9999583934,0.0000431414,18.7666,5.453651,4.086980,-48.660512,2.0758,-2.3795,0.1845
52760000,50.9999585801,0.0000428032,18.7647,5.433636,4.096808,-48.492143,2.0781,-2.3680,0.1847
52770000,50.9999587670,0.0000424667,18.7629,5.413570,4.106636,-48.324033,2.0804,-2.3566,0.1850
52780000,50.9999589541,0.0000421318,18.7610,5.393454,4.116464,-48.156184,2.0827,-2.3452,0.1852
52790000,50.9999591415,0.0000417985,18.7592,5.373288,4.126293,-47.988598,2.0848,-2.3338,0.1855
52800000,50.9999593289,0.0000414669,18.7573,5.353072,4.136122,-47.821277,2.0869,-2.3224,0.1858
52810000,50.9999595166,0.0000411369,18.7555,5.332808,4.145952,-47.654221,2.0890,-2.3109,0.1860
52820000,50.9999597045,0.0000408085,18.7536,5.312496,4.155782,-47.487434,2.0909,-2.2995,0.1863
52830000,50.9999598925,0.0000404817,18.7518,5.292136,4.165612,-47.320917,2.0928,-2.2881,0.1865
52840000,50.9999600807,0.0000401566,18.7499,5.271729,4.175442,-47.154671,2.0946,-2.2768,0.1868
52850000,50.9999602691,0.0000398330,18.7480,5.251275,4.185273,-46.988698,2.0964,-2.2654,0.1871
52860000,50.9999604576,0.0000395111,18.7461,5.230774,4.195104,-46.823001,2.0980,-2.2540,0.1873
52870000,50.9999606463,0.0000391909,18.7443,5.210228,4.204935,-46.657580,2.0996,-2.2426,0.1876
52880000,50.9999608351,0.0000388722,18.7424,5.189636,4.214767,-46.492437,2.1012,-2.2313,0.1879
52890000,50.9999610240,0.0000385551,18.7405,5.168999,4.224599,-46.327575,2.1026,-2.2199,0.1881
52900000,50.9999612131,0.0000382397,18.7386,5.148318,4.234430,-46.162995,2.1040,-2.2086,0.1884
52910000,50.9999614023,0.0000379259,18.7367,5.127593,4.244262,-45.998698,2.1053,-2.1972,0.1887
52920000,50.9999615916,0.0000376137,18.7349,5.106825,4.254094,-45.834687,2.1066,-2.1859,0.1889
52930000,50.9999617810,0.0000373031,18.7330,5.086014,4.263927,-45.670963,2.1078,-2.1746,0.1892
52940000,50.9999619705,0.0000369942,18.7311,5.065161,4.273759,-45.507528,2.1089,-2.1633,0.1895
52950000,50.9999621601,0.0000366868,18.7292,5.044266,4.283592,-45.344383,2.1099,-2.1520,0.1897
52960000,50.9999623498,0.0000363811,18.7273,5.023329,4.293424,-45.181531,2.1109,-2.1407,0.1900
52970000,50.9999625396,0.0000360769,18.7254,5.002352,4.303257,-45.018973,2.1118,-2.1294,0.1903
52980000,50.9999627295,0.0000357744,18.7235,4.981334,4.313090,-44.856711,2.1127,-2.1181,0.1905
52990000,50.9999629194,0.0000354734,18.7216,4.960277,4.322922,-44.694746,2.1134,-2.1069,0.1908
53000000,50.9999631094,0.0000351741,18.7197,4.939181,4.332755,-44.533081,2.1141,-2.0956,0.1911
53010000,50.9999632995,0.0000348764,18.7177,4.918046,4.342588,-44.371717,2.1147,-2.0844,0.1913
53020000,50.9999634896,0.0000345802,18.7158,4.896872,4.352420,-44.210655,2.1153,-2.0732,0.1916
53030000,50.9999636798,0.0000342857,18.7139,4.875662,4.362253,-44.049899,2.1158,-2.0620,0.1919
53040000,50.9999638700,0.0000339928,18.7120,4.854414,4.372086,-43.889448,2.1162,-2.0508,0.1922
53050000,50.9999640602,0.0000337014,18.7101,4.833129,4.381918,-43.729306,2.1166,-2.0396,0.1924
53060000,50.9999642505,0.0000334117,18.7081,4.811809,4.391751,-43.569473,2.1168,-2.0284,0.1927
53070000,50.9999644408,0.0000331235,18.7062,4.790453,4.401583,-43.409952,2.1171,-2.0173,0.1930
53080000,50.9999646311,0.0000328369,18.7043,4.769062,4.411415,-43.250744,2.1172,-2.0061,0.1933
53090000,50.9999648214,0.0000325519,18.7024,4.747637,4.421248,-43.091851,2.1173,-1.9950,0.1935
53100000,50.9999650117,0.0000322685,18.7004,4.726178,4.431079,-42.933275,2.1173,-1.9839,0.1938
53110000,50.9999652020,0.0000319867,18.6985,4.704686,4.440911,-42.775017,2.1172,-1.9728,0.1941
53120000,50.9999653923,0.0000317065,18.6965,4.683162,4.450743,-42.617080,2.1171,-1.9617,0.1944
53130000,50.9999655826,0.0000314278,18.6946,4.661605,4.460574,-42.459464,2.1169,-1.9507,0.1946
53140000,50.9999657729,0.0000311507,18.6926,4.640016,4.470405,-42.302172,2.1167,-1.9396,0.1949
53150000,50.9999659632,0.0000308752,18.6907,4.618397,4.480236,-42.145206,2.1163,-1.9286,0.1952
53160000,50.9999661534,0.0000306012,18.6887,4.596747,4.490067,-41.988567,2.1159,-1.9176,0.1955
53170000,50.9999663436,0.0000303288,18.6868,4.575067,4.499897,-41.832256,2.1155,-1.9066,0.1958
53180000,50.9999665337,0.0000300580,18.6848,4.553359,4.509727,-41.676276,2.1149,-1.8956,0.1960
53190000,50.9999667238,0.0000297887,18.6829,4.531621,4.519557,-41.520629,2.1143,-1.8847,0.1963
53200000,50.9999669138,0.0000295210,18.6809,4.509855,4.529386,-41.365316,2.1137,-1.8738,0.1966
53210000,50.9999671038,0.0000292549,18.6789,4.488062,4.539216,-41.210338,2.1129,-1.8628,0.1969
53220000,50.9999672936,0.0000289903,18.6770,4.466242,4.549044,-41.055698,2.1121,-1.8519,0.1972
53230000,50.9999674835,0.0000287273,18.6750,4.444395,4.558873,-40.901397,2.1113,-1.8411,0.1975
53240000,50.9999676732,0.0000284658,18.6730,4.422523,4.568700,-40.747438,2.1103,-1.8302,0.1977
53250000,50.9999678629,0.0000282058,18.6710,4.400626,4.578528,-40.593821,2.1093,-1.8194,0.1980
53260000,50.9999680524,0.0000279474,18.6690,4.378704,4.588355,-40.440548,2.1083,-1.8086,0.1983
53270000,50.9999682419,0.0000276905,18.6671,4.356758,4.598182,-40.287622,2.1071,-1.7978,0.1986
53280000,50.9999684312,0.0000274352,18.6651,4.334788,4.608008,-40.135043,2.1059,-1.7870,0.1989
53290000,50.9999686205,0.0000271814,18.6631,4.312796,4.617834,-39.982815,2.1047,-1.7762,0.1992
53300000,50.9999688096,0.0000269291,18.6611,4.290782,4.627659,-39.830937,2.1033,-1.7655,0.1995
53310000,50.9999689986,0.0000266784,18.6591,4.268746,4.637483,-39.679413,2.1019,-1.7548,0.1997
53320000,50.9999691875,0.0000264292,18.6571,4.246689,4.647308,-39.528244,2.1005,-1.7441,0.2000
53330000,50.9999693762,0.0000261815,18.6551,4.224611,4.657131,-39.377431,2.0989,-1.7334,0.2003
53340000,50.9999695648,0.0000259353,18.6531,4.202514,4.666954,-39.226976,2.0973,-1.7228,0.2006
53350000,50.9999697533,0.0000256907,18.6511,4.180398,4.676777,-39.076882,2.0957,-1.7122,0.2009
53360000,50.9999699416,0.0000254475,18.6491,4.158264,4.686599,-38.927149,2.0940,-1.7016,0.2012
53370000,50.9999701297,0.0000252059,18.6471,4.136111,4.696420,-38.777780,2.0922,-1.6910,0.2015
53380000,50.9999703177,0.0000249657,18.6450,4.113941,4.706240,-38.628776,2.0903,-1.6804,0.2018
53390000,50.9999705055,0.0000247271,18.6430,4.091755,4.716060,-38.480138,2.0884,-1.6699,0.2021
53400000,50.9999706931,0.0000244900,18.6410,4.069552,4.725880,-38.331870,2.0864,-1.6594,0.2024
53410000,50.9999708806,0.0000242543,18.6390,4.047335,4.735698,-38.183971,2.0844,-1.6489,0.2026
53420000,50.9999710679,0.0000240202,18.6369,4.025102,4.745516,-38.036445,2.0823,-1.6385,0.2029
53430000,50.9999712549,0.0000237875,18.6349,4.002855,4.755334,-37.889293,2.0801,-1.6281,0.2032
53440000,50.9999714418,0.0000235563,18.6329,3.980595,4.765150,-37.742515,2.0779,-1.6177,0.2035
53450000,50.9999716285,0.0000233266,18.6308,3.958322,4.774966,-37.596116,2.0756,-1.6073,0.2038
53460000,50.9999718150,0.0000230984,18.6288,3.936037,4.784781,-37.450095,2.0732,-1.5969,0.2041
53470000,50.9999720012,0.0000228716,18.6268,3.913740,4.794595,-37.304454,2.0708,-1.5866,0.2044
53480000,50.9999721872,0.0000226463,18.6247,3.891433,4.804408,-37.159196,2.0683,-1.5763,0.2047
53490000,50.9999723730,0.0000224225,18.6227,3.869115,4.814221,-37.014323,2.0658,-1.5661,0.2050
53500000,50.9999725586,0.0000222001,18.6206,3.846787,4.824033,-36.869834,2.0632,-1.5558,0.2053
53510000,50.9999727440,0.0000219792,18.6186,3.824451,4.833844,-36.725734,2.0605,-1.5456,0.2056
53520000,50.9999729290,0.0000217598,18.6165,3.802106,4.843654,-36.582022,2.0577,-1.5354,0.2059
53530000,50.9999731139,0.0000215418,18.6144,3.779754,4.853463,-36.438701,2.0549,-1.5253,0.2062
53540000,50.9999732985,0.0000213252,18.6124,3.757395,4.863272,-36.295773,2.0521,-1.5151,0.2065
53550000,50.9999734828,0.0000211101,18.6103,3.735029,4.873079,-36.153240,2.0492,-1.5050,0.2068
53560000,50.9999736669,0.0000208964,18.6082,3.712658,4.882886,-36.011102,2.0462,-1.4949,0.2071
53570000,50.9999738507,0.0000206842,18.6062,3.690282,4.892691,-35.869362,2.0431,-1.4849,0.2074
53580000,50.9999740342,0.0000204734,18.6041,3.667901,4.902496,-35.728021,2.0400,-1.4749,0.2077
53590000,50.9999742174,0.0000202640,18.6020,3.645517,4.912300,-35.587081,2.0369,-1.4649,0.2080
53600000,50.9999744004,0.0000200560,18.5999,3.623130,4.922103,-35.446545,2.0336,-1.4549,0.2083
53610000,50.9999745830,0.0000198495,18.5979,3.600741,4.931904,-35.306412,2.0304,-1.4450,0.2086
53620000,50.9999747654,0.0000196443,18.5958,3.578350,4.941705,-35.166686,2.0270,-1.4351,0.2089
53630000,50.9999749474,0.0000194406,18.5937,3.555958,4.951505,-35.027368,2.0236,-1.4252,0.2092
53640000,50.9999751292,0.0000192383,18.5916,3.533566,4.961304,-34.888459,2.0201,-1.4154,0.2095
53650000,50.9999753106,0.0000190373,18.5895,3.511174,4.971102,-34.749961,2.0166,-1.4056,0.2098
53660000,50.9999754917,0.0000188378,18.5874,3.488784,4.980898,-34.611877,2.0130,-1.3958,0.2102
53670000,50.9999756725,0.0000186396,18.5853,3.466395,4.990694,-34.474207,2.0094,-1.3861,0.2105
53680000,50.9999758530,0.0000184429,18.5832,3.444009,5.000489,-34.336953,2.0057,-1.3763,0.2108
53690000,50.9999760331,0.0000182475,18.5811,3.421626,5.010282,-34.200118,2.0019,-1.3667,0.2111
53700000,50.9999762129,0.0000180535,18.5790,3.399247,5.020074,-34.063702,1.9981,-1.3570,0.2114
53710000,50.9999763923,0.0000178609,18.5768,3.376873,5.029866,-33.927707,1.9942,-1.3474,0.2117
53720000,50.9999765714,0.0000176696,18.5747,3.354504,5.039656,-33.792136,1.9903,-1.3378,0.2120
53730000,50.9999767501,0.0000174797,18.5726,3.332141,5.049445,-33.656989,1.9863,-1.3282,0.2123
53740000,50.9999769285,0.0000172912,18.5705,3.309784,5.059233,-33.522269,1.9823,-1.3187,0.2126
53750000,50.9999771065,0.0000171040,18.5683,3.287435,5.069019,-33.387977,1.9781,-1.3092,0.2129
53760000,50.9999772841,0.0000169182,18.5662,3.265095,5.078805,-33.254114,1.9740,-1.2997,0.2132
53770000,50.9999774613,0.0000167337,18.5641,3.242763,5.088589,-33.120683,1.9698,-1.2903,0.2136
53780000,50.9999776382,0.0000165506,18.5619,3.220441,5.098372,-32.987685,1.9655,-1.2809,0.2139
53790000,50.9999778147,0.0000163688,18.5598,3.198129,5.108154,-32.855122,1.9611,-1.2716,0.2142
53800000,50.9999779908,0.0000161883,18.5577,3.175828,5.117935,-32.722995,1.9567,-1.2622,0.2145
53810000,50.9999781665,0.0000160092,18.5555,3.153538,5.127714,-32.591307,1.9523,-1.2529,0.2148
53820000,50.9999783417,0.0000158313,18.5534,3.131261,5.137493,-32.460058,1.9478,-1.2437,0.2151
53830000,50.9999785166,0.0000156548,18.5512,3.108998,5.147270,-32.329251,1.9432,-1.2344,0.2154
53840000,50.9999786911,0.0000154796,18.5491,3.086748,5.157045,-32.198887,1.9386,-1.2252,0.2158
53850000,50.9999788651,0.0000153057,18.5469,3.064513,5.166820,-32.068967,1.9339,-1.2161,0.2161
53860000,50.9999790388,0.0000151332,18.5447,3.042293,5.176593,-31.939494,1.9292,-1.2069,0.2164
53870000,50.9999792120,0.0000149619,18.5426,3.020089,5.186365,-31.810469,1.9244,-1.1978,0.2167
53880000,50.9999793847,0.0000147919,18.5404,2.997902,5.196135,-31.681894,1.9196,-1.1888,0.2170
53890000,50.9999795571,0.0000146232,18.5382,2.975733,5.205904,-31.553770,1.9147,-1.1798,0.2174
53900000,50.9999797289,0.0000144558,18.5360,2.953582,5.215672,-31.426099,1.9097,-1.1708,0.2177
53910000,50.9999799004,0.0000142896,18.5339,2.931450,5.225439,-31.298883,1.9047,-1.1618,0.2180
53920000,50.9999800714,0.0000141247,18.5317,2.909337,5.235204,-31.172123,1.8997,-1.1529,0.2183
53930000,50.9999802419,0.0000139611,18.5295,2.887246,5.244968,-31.045822,1.8946,-1.1440,0.2186
53940000,50.9999804120,0.0000137988,18.5273,2.865175,5.254731,-30.919980,1.8894,-1.1352,0.2190
53950000,50.9999805816,0.0000136377,18.5251,2.843127,5.264492,-30.794599,1.8842,-1.1263,0.2193
53960000,50.9999807507,0.0000134779,18.5229,2.821101,5.274251,-30.669681,1.8789,-1.1176,0.2196
53970000,50.9999809194,0.0000133193,18.5207,2.799099,5.284010,-30.545227,1.8736,-1.1088,0.2199
53980000,50.9999810876,0.0000131620,18.5185,2.777121,5.293767,-30.421240,1.8682,-1.1001,0.2203
53990000,50.9999812552,0.0000130059,18.5163,2.755168,5.303522,-30.297721,1.8628,-1.0914,0.2206
54000000,50.9999814224,0.0000128510,18.5141,2.733240,5.313277,-30.174671,1.8573,-1.0828,0.2209
54010000,50.9999815892,0.0000126974,18.5119,2.711340,5.323029,-30.052092,1.8518,-1.0742,0.2212
54020000,50.9999817554,0.0000125450,18.5097,2.689466,5.332781,-29.929986,1.8462,-1.0656,0.2216
54030000,50.9999819211,0.0000123938,18.5075,2.667621,5.342530,-29.808354,1.8406,-1.0571,0.2219
54040000,50.9999820863,0.0000122438,18.5053,2.645804,5.352279,-29.687198,1.8349,-1.0486,0.2222
54050000,50.9999822509,0.0000120950,18.5030,2.624017,5.362026,-29.566520,1.8292,-1.0401,0.2225
54060000,50.9999824151,0.0000119475,18.5008,2.602261,5.371772,-29.446321,1.8234,-1.0317,0.2229
54070000,50.9999825787,0.0000118011,18.4986,2.580535,5.381516,-29.326603,1.8176,-1.0233,0.2232
54080000,50.9999827419,0.0000116559,18.4963,2.558841,5.391258,-29.207367,1.8117,-1.0150,0.2235
54090000,50.9999829044,0.0000115119,18.4941,2.537180,5.400999,-29.088615,1.8058,-1.0067,0.2239
54100000,50.9999830665,0.0000113691,18.4919,2.515553,5.410739,-28.970349,1.7998,-0.9984,0.2242
54110000,50.9999832280,0.0000112274,18.4896,2.493959,5.420477,-28.852570,1.7937,-0.9902,0.2245
54120000,50.9999833890,0.0000110870,18.4874,2.472401,5.430214,-28.735280,1.7876,-0.9820,0.2248
54130000,50.9999835494,0.0000109477,18.4851,2.450878,5.439949,-28.618480,1.7815,-0.9738,0.2252
54140000,50.9999837092,0.0000108095,18.4829,2.429392,5.449683,-28.502173,1.7753,-0.9657,0.2255
54150000,50.9999838685,0.0000106725,18.4806,2.407943,5.459415,-28.386359,1.7691,-0.9576,0.2258
54160000,50.9999840273,0.0000105367,18.4784,2.386533,5.469146,-28.271041,1.7628,-0.9495,0.2262
54170000,50.9999841855,0.0000104020,18.4761,2.365161,5.478875,-28.156219,1.7565,-0.9415,0.2265
54180000,50.9999843431,0.0000102685,18.4738,2.343829,5.488603,-28.041896,1.7501,-0.9335,0.2268
54190000,50.9999845001,0.0000101360,18.4716,2.322537,5.498329,-27.928073,1.7437,-0.9256,0.2272
54200000,50.9999846565,0.0000100048,18.4693,2.301287,5.508054,-27.814751,1.7372,-0.9177,0.2275
54210000,50.9999848124,0.0000098746,18.4670,2.280079,5.517777,-27.701933,1.7307,-0.9098,0.2279
54220000,50.9999849677,0.0000097455,18.4647,2.258913,5.527499,-27.589620,1.7241,-0.9020,0.2282
54230000,50.9999851224,0.0000096176,18.4624,2.237791,5.537219,-27.477812,1.7175,-0.8942,0.2285
54240000,50.9999852764,0.0000094908,18.4602,2.216714,5.546938,-27.366513,1.7109,-0.8864,0.2289
54250000,50.9999854299,0.0000093651,18.4579,2.195682,5.556655,-27.255724,1.7042,-0.8787,0.2292
54260000,50.9999855828,0.0000092404,18.4556,2.174695,5.566370,-27.145445,1.6974,-0.8710,0.2295
54270000,50.9999857351,0.0000091169,18.4533,2.153756,5.576084,-27.035680,1.6906,-0.8634,0.2299
54280000,50.9999858868,0.0000089944,18.4510,2.132864,5.585797,-26.926428,1.6838,-0.8558,0.2302
54290000,50.9999860378,0.0000088731,18.4487,2.112021,5.595508,-26.817692,1.6769,-0.8482,0.2306
54300000,50.9999861882,0.0000087528,18.4464,2.091227,5.605217,-26.709474,1.6700,-0.8407,0.2309
54310000,50.9999863380,0.0000086336,18.4441,2.070483,5.614925,-26.601775,1.6630,-0.8332,0.2313
54320000,50.9999864872,0.0000085154,18.4417,2.049790,5.624631,-26.494596,1.6560,-0.8257,0.2316
54330000,50.9999866357,0.0000083983,18.4394,2.029149,5.634336,-26.387939,1.6489,-0.8183,0.2319
54340000,50.9999867836,0.0000082823,18.4371,2.008560,5.644039,-26.281805,1.6418,-0.8109,0.2323
54350000,50.9999869309,0.0000081673,18.4348,1.988024,5.653741,-26.176197,1.6346,-0.8036,0.2326
54360000,50.9999870775,0.0000080533,18.4324,1.967542,5.663441,-26.071116,1.6274,-0.7963,0.2330
54370000,50.9999872234,0.0000079404,18.4301,1.947116,5.673140,-25.966563,1.6202,-0.7890,0.2333
54380000,50.9999873687,0.0000078285,18.4278,1.926745,5.682837,-25.862539,1.6129,-0.7818,0.2337
54390000,50.9999875134,0.0000077177,18.4254,1.906430,5.692532,-25.759047,1.6056,-0.7746,0.2340
54400000,50.9999876574,0.0000076078,18.4231,1.886173,5.702227,-25.656088,1.5982,-0.7674,0.2344
54410000,50.9999878007,0.0000074990,18.4208,1.865974,5.711919,-25.553663,1.5908,-0.7603,0.2347
54420000,50.9999879434,0.0000073912,18.4184,1.845835,5.721610,-25.451774,1.5833,-0.7532,0.2350
54430000,50.9999880854,0.0000072844,18.4161,1.825755,5.731300,-25.350422,1.5758,-0.7461,0.2354
54440000,50.9999882267,0.0000071787,18.4137,1.805735,5.740987,-25.249610,1.5683,-0.7391,0.2357
54450000,50.9999883673,0.0000070739,18.4113,1.785777,5.750674,-25.149338,1.5607,-0.7322,0.2361
54460000,50.9999885072,0.0000069701,18.4090,1.765882,5.760359,-25.049608,1.5530,-0.7252,0.2364
54470000,50.9999886465,0.0000068672,18.4066,1.746049,5.770042,-24.950421,1.5454,-0.7183,0.2368
54480000,50.9999887851,0.0000067654,18.4042,1.726281,5.779724,-24.851780,1.5377,-0.7115,0.2371
54490000,50.9999889229,0.0000066645,18.4019,1.706577,5.789404,-24.753685,1.5299,-0.7046,0.2375
54500000,50.9999890601,0.0000065646,18.3995,1.686939,5.799083,-24.656138,1.5221,-0.6979,0.2379
54510000,50.9999891966,0.0000064657,18.3971,1.667367,5.808761,-24.559140,1.5143,-0.6911,0.2382
54520000,50.9999893323,0.0000063677,18.3947,1.647863,5.818437,-24.462694,1.5064,-0.6844,0.2386
54530000,50.9999894674,0.0000062707,18.3923,1.628427,5.828111,-24.366800,1.4985,-0.6777,0.2389
54540000,50.9999896017,0.0000061746,18.3899,1.609059,5.837784,-24.271460,1.4906,-0.6711,0.2393
54550000,50.9999897354,0.0000060795,18.3876,1.589762,5.847455,-24.176676,1.4826,-0.6645,0.2396
54560000,50.9999898683,0.0000059853,18.3852,1.570535,5.857125,-24.082449,1.4745,-0.6579,0.2400
54570000,50.9999900004,0.0000058921,18.3828,1.551380,5.866794,-23.988780,1.4665,-0.6514,0.2403
54580000,50.9999901319,0.0000057997,18.3803,1.532296,5.876461,-23.895671,1.4583,-0.6449,0.2407
54590000,50.9999902626,0.0000057083,18.3779,1.513286,5.886126,-23.803124,1.4502,-0.6384,0.2410
54600000,50.9999903926,0.0000056178,18.3755,1.494350,5.895790,-23.711139,1.4420,-0.6320,0.2414
54610000,50.9999905219,0.0000055283,18.3731,1.475489,5.905453,-23.619719,1.4338,-0.6256,0.2418
54620000,50.9999906504,0.0000054396,18.3707,1.456704,5.915114,-23.528865,1.4255,-0.6193,0.2421
54630000,50.9999907781,0.0000053518,18.3683,1.437995,5.924774,-23.438579,1.4172,-0.6130,0.2425
54640000,50.9999909052,0.0000052650,18.3658,1.419363,5.934433,-23.348861,1.4089,-0.6067,0.2428
54650000,50.9999910314,0.0000051790,18.3634,1.400809,5.944090,-23.259713,1.4005,-0.6004,0.2432
54660000,50.9999911569,0.0000050939,18.3610,1.382335,5.953745,-23.171137,1.3921,-0.5942,0.2436
54670000,50.9999912817,0.0000050097,18.3585,1.363941,5.963399,-23.083134,1.3836,-0.5881,0.2439
54680000,50.9999914057,0.0000049263,18.3561,1.345627,5.973052,-22.995706,1.3751,-0.5819,0.2443
54690000,50.9999915289,0.0000048439,18.3537,1.327395,5.982704,-22.908854,1.3666,-0.5758,0.2446
54700000,50.9999916514,0.0000047623,18.3512,1.309245,5.992354,-22.822579,1.3580,-0.5698,0.2450
54710000,50.9999917730,0.0000046816,18.3488,1.291178,6.002002,-22.736883,1.3494,-0.5637,0.2454
54720000,50.9999918940,0.0000046017,18.3463,1.273196,6.011650,-22.651768,1.3408,-0.5577,0.2457
54730000,50.9999920141,0.0000045226,18.3438,1.255299,6.021295,-22.567234,1.3321,-0.5518,0.2461
54740000,50.9999921334,0.0000044445,18.3414,1.237487,6.030940,-22.483284,1.3234,-0.5458,0.2465
54750000,50.9999922520,0.0000043671,18.3389,1.219762,6.040583,-22.399918,1.3147,-0.5400,0.2468
54760000,50.9999923698,0.0000042906,18.3364,1.202125,6.050225,-22.317139,1.3059,-0.5341,0.2472
54770000,50.9999924868,0.0000042150,18.3340,1.184576,6.059866,-22.234947,1.2971,-0.5283,0.2476
54780000,50.9999926030,0.0000041401,18.3315,1.167116,6.069506,-22.153343,1.2882,-0.5225,0.2479
54790000,50.9999927184,0.0000040661,18.3290,1.149747,6.079144,-22.072330,1.2794,-0.5167,0.2483
54800000,50.9999928330,0.0000039929,18.3265,1.132468,6.088780,-21.991909,1.2704,-0.5110,0.2487
54810000,50.9999929468,0.0000039205,18.3240,1.115282,6.098416,-21.912081,1.2615,-0.5053,0.2490
54820000,50.9999930598,0.0000038489,18.3215,1.098188,6.108050,-21.832848,1.2525,-0.4997,0.2494
54830000,50.9999931719,0.0000037781,18.3190,1.081187,6.117683,-21.754210,1.2435,-0.4941,0.2498
54840000,50.9999932833,0.0000037082,18.3165,1.064281,6.127315,-21.676170,1.2344,-0.4885,0.2502
54850000,50.9999933939,0.0000036390,18.3140,1.047471,6.136946,-21.598728,1.2253,-0.4829,0.2505
54860000,50.9999935036,0.0000035706,18.3115,1.030756,6.146575,-21.521887,1.2162,-0.4774,0.2509
54870000,50.9999936125,0.0000035030,18.3090,1.014138,6.156204,-21.445647,1.2071,-0.4719,0.2513
54880000,50.9999937206,0.0000034361,18.3065,0.997619,6.165831,-21.370010,1.1979,-0.4664,0.2516
54890000,50.9999938278,0.0000033701,18.3040,0.981197,6.175457,-21.294977,1.1886,-0.4610,0.2520
54900000,50.9999939343,0.0000033048,18.3015,0.964876,6.185081,-21.220549,1.1794,-0.4556,0.2524
54910000,50.9999940399,0.0000032402,18.2989,0.948655,6.194705,-21.146729,1.1701,-0.4503,0.2528
54920000,50.9999941446,0.0000031765,18.2964,0.932535,6.204327,-21.073516,1.1608,-0.4449,0.2531
54930000,50.9999942486,0.0000031135,18.2939,0.916517,6.213949,-21.000914,1.1514,-0.4397,0.2535
54940000,50.9999943516,0.0000030512,18.2913,0.900603,6.223569,-20.928923,1.1420,-0.4344,0.2539
54950000,50.9999944539,0.0000029897,18.2888,0.884792,6.233188,-20.857543,1.1326,-0.4292,0.2543
54960000,50.9999945553,0.0000029289,18.2863,0.869086,6.242806,-20.786778,1.1232,-0.4240,0.2546
54970000,50.9999946558,0.0000028689,18.2837,0.853486,6.252424,-20.716628,1.1137,-0.4188,0.2550
54980000,50.9999947555,0.0000028096,18.2812,0.837992,6.262040,-20.647094,1.1042,-0.4136,0.2554
54990000,50.9999948543,0.0000027511,18.2786,0.822606,6.271655,-20.578177,1.0947,-0.4085,0.2558
55000000,50.9999949523,0.0000026932,18.2760,0.807327,6.281268,-20.509880,1.0851,-0.4035,0.2562
55010000,50.9999950494,0.0000026361,18.2735,0.792158,6.290881,-20.442204,1.0755,-0.3984,0.2565
55020000,50.9999951456,0.0000025797,18.2709,0.777099,6.300493,-20.375148,1.0659,-0.3934,0.2569
55030000,50.9999952410,0.0000025240,18.2683,0.762151,6.310104,-20.308716,1.0562,-0.3884,0.2573
55040000,50.9999953355,0.0000024691,18.2658,0.747314,6.319715,-20.242909,1.0465,-0.3834,0.2577
55050000,50.9999954291,0.0000024148,18.2632,0.732590,6.329324,-20.177727,1.0368,-0.3785,0.2581
55060000,50.9999955219,0.0000023612,18.2606,0.717979,6.338932,-20.113171,1.0270,-0.3736,0.2584
55070000,50.9999956138,0.0000023083,18.2580,0.703482,6.348539,-20.049245,1.0173,-0.3687,0.2588
55080000,50.9999957048,0.0000022562,18.2554,0.689101,6.358146,-19.985947,1.0074,-0.3639,0.2592
55090000,50.9999957949,0.0000022047,18.2528,0.674836,6.367751,-19.923281,0.9976,-0.3591,0.2596
55100000,50.9999958841,0.0000021539,18.2502,0.660687,6.377356,-19.861246,0.9877,-0.3543,0.2600
55110000,50.9999959725,0.0000021037,18.2476,0.646657,6.386960,-19.799845,0.9778,-0.3495,0.2604
55120000,50.9999960599,0.0000020543,18.2450,0.632745,6.396563,-19.739079,0.9679,-0.3448,0.2608
55130000,50.9999961465,0.0000020055,18.2424,0.618952,6.406165,-19.678949,0.9580,-0.3401,0.2611
55140000,50.9999962321,0.0000019574,18.2398,0.605280,6.415766,-19.619456,0.9480,-0.3354,0.2615
55150000,50.9999963169,0.0000019099,18.2372,0.591729,6.425367,-19.560601,0.9380,-0.3307,0.2619
55160000,50.9999964007,0.0000018632,18.2346,0.578300,6.434967,-19.502386,0.9279,-0.3261,0.2623
55170000,50.9999964837,0.0000018170,18.2319,0.564994,6.444566,-19.444812,0.9179,-0.3215,0.2627
55180000,50.9999965658,0.0000017716,18.2293,0.551812,6.454164,-19.387881,0.9078,-0.3169,0.2631
55190000,50.9999966469,0.0000017267,18.2267,0.538755,6.463762,-19.331593,0.8976,-0.3124,0.2635
55200000,50.9999967271,0.0000016826,18.2240,0.525780,6.473362,-19.276334,0.8875,-0.3079,0.2639
55210000,50.9999968065,0.0000016390,18.2214,0.512888,6.482965,-19.222098,0.8773,-0.3034,0.2642
55220000,50.9999968849,0.0000015961,18.2188,0.500083,6.492571,-19.168876,0.8671,-0.2989,0.2646
55230000,50.9999969623,0.0000015539,18.2161,0.487364,6.502178,-19.116661,0.8569,-0.2945,0.2650
55240000,50.9999970389,0.0000015122,18.2135,0.474735,6.511786,-19.065444,0.8466,-0.2900,0.2654
55250000,50.9999971145,0.0000014712,18.2108,0.462196,6.521396,-19.015219,0.8363,-0.2856,0.2658
55260000,50.9999971893,0.0000014308,18.2081,0.449749,6.531008,-18.965976,0.8260,-0.2813,0.2662
55270000,50.9999972630,0.0000013911,18.2055,0.437397,6.540619,-18.917709,0.8157,-0.2769,0.2666
55280000,50.9999973359,0.0000013520,18.2028,0.425140,6.550232,-18.870410,0.8053,-0.2726,0.2670
55290000,50.9999974078,0.0000013134,18.2001,0.412981,6.559845,-18.824070,0.7949,-0.2683,0.2674
55300000,50.9999974788,0.0000012755,18.1975,0.400922,6.569458,-18.778683,0.7845,-0.2640,0.2678
55310000,50.9999975489,0.0000012382,18.1948,0.388963,6.579071,-18.734239,0.7741,-0.2597,0.2682
55320000,50.9999976180,0.0000012015,18.1921,0.377108,6.588684,-18.690731,0.7636,-0.2555,0.2686
55330000,50.9999976861,0.0000011654,18.1894,0.365357,6.598296,-18.648151,0.7531,-0.2513,0.2690
55340000,50.9999977534,0.0000011299,18.1867,0.353712,6.607908,-18.606491,0.7426,-0.2471,0.2694
55350000,50.9999978196,0.0000010950,18.1840,0.342176,6.617519,-18.565744,0.7321,-0.2429,0.2698
55360000,50.9999978850,0.0000010607,18.1813,0.330750,6.627129,-18.525900,0.7215,-0.2387,0.2702
55370000,50.9999979493,0.0000010270,18.1786,0.319436,6.636738,-18.486953,0.7109,-0.2346,0.2706
55380000,50.9999980128,0.0000009939,18.1759,0.308235,6.646346,-18.448893,0.7003,-0.2305,0.2710
55390000,50.9999980752,0.0000009613,18.1732,0.297150,6.655953,-18.411714,0.6896,-0.2264,0.2714
55400000,50.9999981367,0.0000009294,18.1705,0.286182,6.665558,-18.375406,0.6790,-0.2223,0.2718
55410000,50.9999981973,0.0000008980,18.1678,0.275333,6.675162,-18.339962,0.6683,-0.2183,0.2722
55420000,50.9999982569,0.0000008672,18.1650,0.264605,6.684764,-18.305373,0.6576,-0.2142,0.2726
55430000,50.9999983155,0.0000008370,18.1623,0.254000,6.694364,-18.271632,0.6468,-0.2102,0.2730
55440000,50.9999983732,0.0000008073,18.1596,0.243520,6.703963,-18.238730,0.6361,-0.2062,0.2734
55450000,50.9999984299,0.0000007782,18.1568,0.233167,6.713560,-18.206660,0.6253,-0.2022,0.2738
55460000,50.9999984856,0.0000007497,18.1541,0.222942,6.723156,-18.175412,0.6145,-0.1983,0.2742
55470000,50.9999985403,0.0000007217,18.1514,0.212847,6.732749,-18.144978,0.6037,-0.1943,0.2746
55480000,50.9999985941,0.0000006943,18.1486,0.202884,6.742341,-18.115351,0.5928,-0.1904,0.2750
55490000,50.9999986469,0.0000006675,18.1459,0.193056,6.751931,-18.086523,0.5819,-0.1865,0.2754
55500000,50.9999986987,0.0000006412,18.1431,0.183363,6.761518,-18.058483,0.5710,-0.1826,0.2758
55510000,50.9999987496,0.0000006155,18.1403,0.173809,6.771104,-18.031226,0.5601,-0.1787,0.2762
55520000,50.9999987994,0.0000005903,18.1376,0.164394,6.780688,-18.004741,0.5492,-0.1748,0.2766
55530000,50.9999988483,0.0000005656,18.1348,0.155121,6.790270,-17.979021,0.5382,-0.1710,0.2770
55540000,50.9999988962,0.0000005415,18.1320,0.145992,6.799850,-17.954057,0.5272,-0.1672,0.2774
55550000,50.9999989431,0.0000005180,18.1293,0.137008,6.809429,-17.929842,0.5162,-0.1633,0.2779
55560000,50.9999989890,0.0000004950,18.1265,0.128172,6.819005,-17.906366,0.5052,-0.1595,0.2783
55570000,50.9999990339,0.0000004726,18.1237,0.119486,6.828580,-17.883621,0.4941,-0.1557,0.2787
55580000,50.9999990778,0.0000004506,18.1209,0.110951,6.838153,-17.861598,0.4830,-0.1520,0.2791
55590000,50.9999991207,0.0000004293,18.1181,0.102570,6.847724,-17.840290,0.4719,-0.1482,0.2795
55600000,50.9999991627,0.0000004084,18.1153,0.094344,6.857294,-17.819687,0.4608,-0.1444,0.2799
55610000,50.9999992036,0.0000003881,18.1125,0.086275,6.866862,-17.799782,0.4497,-0.1407,0.2803
55620000,50.9999992435,0.0000003683,18.1097,0.078366,6.876429,-17.780565,0.4385,-0.1370,0.2807
55630000,50.9999992824,0.0000003491,18.1069,0.070619,6.885994,-17.762028,0.4273,-0.1332,0.2812
55640000,50.9999993203,0.0000003304,18.1041,0.063035,6.895558,-17.744163,0.4161,-0.1295,0.2816
55650000,50.9999993572,0.0000003122,18.1013,0.055616,6.905121,-17.726960,0.4049,-0.1258,0.2820
55660000,50.9999993931,0.0000002945,18.0985,0.048365,6.914682,-17.710412,0.3937,-0.1222,0.2824
55670000,50.9999994280,0.0000002774,18.0956,0.041283,6.924243,-17.694509,0.3824,-0.1185,0.2828
55680000,50.9999994619,0.0000002608,18.0928,0.034373,6.933803,-17.679244,0.3711,-0.1148,0.2832
55690000,50.9999994947,0.0000002447,18.0900,0.027636,6.943361,-17.664606,0.3598,-0.1112,0.2836
55700000,50.9999995265,0.0000002291,18.0871,0.021075,6.952919,-17.650588,0.3485,-0.1075,0.2841
55710000,50.9999995573,0.0000002140,18.0843,0.014692,6.962477,-17.637181,0.3371,-0.1039,0.2845
55720000,50.9999995871,0.0000001995,18.0814,0.008488,6.972034,-17.624376,0.3258,-0.1002,0.2849
55730000,50.9999996159,0.0000001855,18.0786,0.002466,6.981590,-17.612165,0.3144,-0.0966,0.2853
55740000,50.9999996437,0.0000001720,18.0757,-0.003372,6.991147,-17.600538,0.3030,-0.0930,0.2857
55750000,50.9999996704,0.0000001590,18.0729,-0.009024,7.000703,-17.589487,0.2915,-0.0894,0.2862
55760000,50.9999996961,0.0000001465,18.0700,-0.014488,7.010259,-17.579003,0.2801,-0.0858,0.2866
55770000,50.9999997207,0.0000001345,18.0671,-0.019762,7.019815,-17.569077,0.2686,-0.0822,0.2870
55780000,50.9999997444,0.0000001231,18.0643,-0.024843,7.029372,-17.559700,0.2571,-0.0786,0.2874
55790000,50.9999997670,0.0000001122,18.0614,-0.029730,7.038929,-17.550864,0.2456,-0.0750,0.2878
55800000,50.9999997885,0.0000001017,18.0585,-0.034421,7.048486,-17.542560,0.2341,-0.0714,0.2883
55810000,50.9999998090,0.0000000918,18.0556,-0.038913,7.058044,-17.534778,0.2226,-0.0678,0.2887
55820000,50.9999998285,0.0000000824,18.0527,-0.043205,7.067603,-17.527510,0.2110,-0.0642,0.2891
55830000,50.9999998470,0.0000000735,18.0498,-0.047294,7.077162,-17.520746,0.1995,-0.0607,0.2895
55840000,50.9999998644,0.0000000651,18.0469,-0.051177,7.086723,-17.514479,0.1879,-0.0571,0.2900
55850000,50.9999998808,0.0000000572,18.0440,-0.054854,7.096285,-17.508698,0.1762,-0.0535,0.2904
55860000,50.9999998961,0.0000000499,18.0411,-0.058321,7.105847,-17.503396,0.1646,-0.0500,0.2908
55870000,50.9999999103,0.0000000430,18.0382,-0.061577,7.115412,-17.498562,0.1530,-0.0464,0.2912
55880000,50.9999999236,0.0000000367,18.0353,-0.064619,7.124977,-17.494188,0.1413,-0.0428,0.2917
55890000,50.9999999358,0.0000000308,18.0324,-0.067445,7.134545,-17.490264,0.1296,-0.0393,0.2921
55900000,50.9999999469,0.0000000255,18.0295,-0.070054,7.144113,-17.486783,0.1179,-0.0357,0.2925
55910000,50.9999999570,0.0000000206,18.0265,-0.072442,7.153684,-17.483734,0.1062,-0.0321,0.2930
55920000,50.9999999660,0.0000000163,18.0236,-0.074608,7.163257,-17.481109,0.0945,-0.0286,0.2934
55930000,50.9999999739,0.0000000125,18.0207,-0.076549,7.172831,-17.478898,0.0827,-0.0250,0.2938
55940000,50.9999999808,0.0000000092,18.0177,-0.078264,7.182408,-17.477092,0.0710,-0.0215,0.2942
55950000,50.9999999867,0.0000000064,18.0148,-0.079750,7.191987,-17.475682,0.0592,-0.0179,0.2947
55960000,50.9999999915,0.0000000041,18.0118,-0.081004,7.201568,-17.474659,0.0474,-0.0143,0.2951
55970000,50.9999999952,0.0000000023,18.0089,-0.082025,7.211151,-17.474014,0.0355,-0.0107,0.2955
55980000,50.9999999979,0.0000000010,18.0059,-0.082810,7.220736,-17.473738,0.0237,-0.0072,0.2960
55990000,50.9999999995,0.0000000003,18.0030,-0.083358,7.230324,-17.473820,0.0119,-0.0036,0.2964
56000000,51.0000000000,0.0000000000,18.0000,0.000000,-0.000000,-17.463329,0.0000,0.0000,0.2968
56010000,51.0000000000,0.0000000000,17.9970,0.000000,-0.000000,-17.463329,0.0000,0.0000,0.2993
56020000,51.0000000000,0.0000000000,17.9940,0.000000,-0.000000,-17.463329,0.0000,0.0000,0.3017
56030000,51.0000000000,0.0000000000,17.9910,0.000000,-0.000000,-17.463329,0.0000,0.0000,0.3041
56040000,51.0000000000,0.0000000000,17.9879,0.000000,-0.000000,-17.463329,0.0000,0.0000,0.3065
56050000,51.0000000000,0.0000000000,17.9849,0.000000,-0.000000,-17.463329,0.0000,0.0000,0.3090
56060000,51.0000000000,0.0000000000,17.9818,0.000000,-0.000000,-17.463329,0.0000,0.0000,0.3114
56070000,51.0000000000,0.0000000000,17.9786,0.000000,-0.000000,-17.463329,0.0000,0.0000,0.3138
56080000,51.0000000000,0.0000000000,17.9755,0.000000,-0.000000,-17.463329,0.0000,0.0000,0.3162
56090000,51.0000000000,0.0000000000,17.9723,0.000000,-0.000000,-17.463329,0.0000,0.0000,0.3186
56100000,51.0000000000,0.0000000000,17.9691,0.000000,-0.000000,-17.463329,0.0000,0.0000,0.3210
56110000,51.0000000000,0.0000000000,17.9659,0.000000,-0.000000,-17.463329,0.0000,0.0000,0.3234
56120000,51.0000000000,0.0000000000,17.9626,0.000000,-0.000000,-17.463329,0.0000,0.0000,0.3258
56130000,51.0000000000,0.0000000000,17.9594,0.000000,-0.000000,-17.463329,0.0000,0.0000,0.3282
56140000,51.0000000000,0.0000000000,17.9561,0.000000,-0.000000,-17.463329,0.0000,0.0000,0.3306
56150000,51.0000000000,0.0000000000,17.9528,0.000000,-0.000000,-17.463329,0.0000,0.0000,0.3330
56160000,51.0000000000,0.0000000000,17.9494,0.000000,-0.000000,-17.463329,0.0000,0.0000,0.3354
56170000,51.0000000000,0.0000000000,17.9460,0.000000,-0.000000,-17.463329,0.0000,0.0000,0.3377
56180000,51.0000000000,0.0000000000,17.9427,0.000000,-0.000000,-17.463329,0.0000,0.0000,0.3401
56190000,51.0000000000,0.0000000000,17.9392,0.000000,-0.000000,-17.463329,0.0000,0.0000,0.3425
56200000,51.0000000000,0.0000000000,17.9358,0.000000,-0.000000,-17.463329,0.0000,0.0000,0.3449
56210000,51.0000000000,0.0000000000,17.9323,0.000000,-0.000000,-17.463329,0.0000,0.0000,0.3472
56220000,51.0000000000,0.0000000000,17.9289,0.000000,-0.000000,-17.463329,0.0000,0.0000,0.3496
56230000,51.0000000000,0.0000000000,17.9254,0.000000,-0.000000,-17.463329,0.0000,0.0000,0.3520
56240000,51.0000000000,0.0000000000,17.9218,0.000000,-0.000000,-17.463329,0.0000,0.0000,0.3543
56250000,51.0000000000,0.0000000000,17.9183,0.000000,-0.000000,-17.463329,0.0000,0.0000,0.3567
56260000,51.0000000000,0.0000000000,17.9147,0.000000,-0.000000,-17.463329,0.0000,0.0000,0.3590
56270000,51.0000000000,0.0000000000,17.9111,0.000000,-0.000000,-17.463329,0.0000,0.0000,0.3614
56280000,51.0000000000,0.0000000000,17.9075,0.000000,-0.000000,-17.463329,0.0000,0.0000,0.3637
56290000,51.0000000000,0.0000000000,17.9038,0.000000,-0.000000,-17.463329,0.0000,0.0000,0.3661
56300000,51.0000000000,0.0000000000,17.9001,0.000000,-0.000000,-17.463329,0.0000,0.0000,0.3684
56310000,51.0000000000,0.0000000000,17.8964,0.000000,-0.000000,-17.463329,0.0000,0.0000,0.3707
56320000,51.0000000000,0.0000000000,17.8927,0.000000,-0.000000,-17.463329,0.0000,0.0000,0.3731
56330000,51.0000000000,0.0000000000,17.8890,0.000000,-0.000000,-17.463329,0.0000,0.0000,0.3754
56340000,51.0000000000,0.0000000000,17.8852,0.000000,-0.000000,-17.463329,0.0000,0.0000,0.3777
56350000,51.0000000000,0.0000000000,17.8814,0.000000,-0.000000,-17.463329,0.0000,0.0000,0.3801
56360000,51.0000000000,0.0000000000,17.8776,0.000000,-0.000000,-17.463329,0.0000,0.0000,0.3824
56370000,51.0000000000,0.0000000000,17.8738,0.000000,-0.000000,-17.463329,0.0000,0.0000,0.3847
56380000,51.0000000000,0.0000000000,17.8699,0.000000,-0.000000,-17.463329,0.0000,0.0000,0.3870
56390000,51.0000000000,0.0000000000,17.8660,0.000000,-0.000000,-17.463329,0.0000,0.0000,0.3893
56400000,51.0000000000,0.0000000000,17.8621,0.000000,-0.000000,-17.463329,0.0000,0.0000,0.3916
56410000,51.0000000000,0.0000000000,17.8582,0.000000,-0.000000,-17.463329,0.0000,0.0000,0.3939
56420000,51.0000000000,0.0000000000,17.8543,0.000000,-0.000000,-17.463329,0.0000,0.0000,0.3963
56430000,51.0000000000,0.0000000000,17.8503,0.000000,-0.000000,-17.463329,0.0000,0.0000,0.3986
56440000,51.0000000000,0.0000000000,17.8463,0.000000,-0.000000,-17.463329,0.0000,0.0000,0.4008
56450000,51.0000000000,0.0000000000,17.8423,0.000000,-0.000000,-17.463329,0.0000,0.0000,0.4031
56460000,51.0000000000,0.0000000000,17.8382,0.000000,-0.000000,-17.463329,0.0000,0.0000,0.4054
56470000,51.0000000000,0.0000000000,17.8342,0.000000,-0.000000,-17.463329,0.0000,0.0000,0.4077
56480000,51.0000000000,0.0000000000,17.8301,0.000000,-0.000000,-17.463329,0.0000,0.0000,0.4100
56490000,51.0000000000,0.0000000000,17.8260,0.000000,-0.000000,-17.463329,0.0000,0.0000,0.4123
56500000,51.0000000000,0.0000000000,17.8218,0.000000,-0.000000,-17.463329,0.0000,0.0000,0.4146
56510000,51.0000000000,0.0000000000,17.8177,0.000000,-0.000000,-17.463329,0.0000,0.0000,0.4168
56520000,51.0000000000,0.0000000000,17.8135,0.000000,-0.000000,-17.463329,0.0000,0.0000,0.4191
56530000,51.0000000000,0.0000000000,17.8093,0.000000,-0.000000,-17.463329,0.0000,0.0000,0.4214
56540000,51.0000000000,0.0000000000,17.8051,0.000000,-0.000000,-17.463329,0.0000,0.0000,0.4236
56550000,51.0000000000,0.0000000000,17.8008,0.000000,-0.000000,-17.463329,0.0000,0.0000,0.4259
56560000,51.0000000000,0.0000000000,17.7965,0.000000,-0.000000,-17.463329,0.0000,0.0000,0.4282
56570000,51.0000000000,0.0000000000,17.7923,0.000000,-0.000000,-17.463329,0.0000,0.0000,0.4304
56580000,51.0000000000,0.0000000000,17.7879,0.000000,-0.000000,-17.463329,0.0000,0.0000,0.4327
56590000,51.0000000000,0.0000000000,17.7836,0.000000,-0.000000,-17.463329,0.0000,0.0000,0.4349
56600000,51.0000000000,0.0000000000,17.7792,0.000000,-0.000000,-17.463329,0.0000,0.0000,0.4372
56610000,51.0000000000,0.0000000000,17.7749,0.000000,-0.000000,-17.463329,0.0000,0.0000,0.4394
56620000,51.0000000000,0.0000000000,17.7704,0.000000,-0.000000,-17.463329,0.0000,0.0000,0.4417
56630000,51.0000000000,0.0000000000,17.7660,0.000000,-0.000000,-17.463329,0.0000,0.0000,0.4439
56640000,51.0000000000,0.0000000000,17.7616,0.000000,-0.000000,-17.463329,0.0000,0.0000,0.4461
56650000,51.0000000000,0.0000000000,17.7571,0.000000,-0.000000,-17.463329,0.0000,0.0000,0.4484
56660000,51.0000000000,0.0000000000,17.7526,0.000000,-0.000000,-17.463329,0.0000,0.0000,0.4506
56670000,51.0000000000,0.0000000000,17.7481,0.000000,-0.000000,-17.463329,0.0000,0.0000,0.4528
56680000,51.0000000000,0.0000000000,17.7435,0.000000,-0.000000,-17.463329,0.0000,0.0000,0.4550
56690000,51.0000000000,0.0000000000,17.7390,0.000000,-0.000000,-17.463329,0.0000,0.0000,0.4573
56700000,51.0000000000,0.0000000000,17.7344,0.000000,-0.000000,-17.463329,0.0000,0.0000,0.4595
56710000,51.0000000000,0.0000000000,17.7298,0.000000,-0.000000,-17.463329,0.0000,0.0000,0.4617
56720000,51.0000000000,0.0000000000,17.7252,0.000000,-0.000000,-17.463329,0.0000,0.0000,0.4639
56730000,51.0000000000,0.0000000000,17.7205,0.000000,-0.000000,-17.463329,0.0000,0.0000,0.4661
56740000,51.0000000000,0.0000000000,17.7158,0.000000,-0.000000,-17.463329,0.0000,0.0000,0.4683
56750000,51.0000000000,0.0000000000,17.7112,0.000000,-0.000000,-17.463329,0.0000,0.0000,0.4705
56760000,51.0000000000,0.0000000000,17.7064,0.000000,-0.000000,-17.463329,0.0000,0.0000,0.4727
56770000,51.0000000000,0.0000000000,17.7017,0.000000,-0.000000,-17.463329,0.0000,0.0000,0.4749
56780000,51.0000000000,0.0000000000,17.6969,0.000000,-0.000000,-17.463329,0.0000,0.0000,0.4771
56790000,51.0000000000,0.0000000000,17.6922,0.000000,-0.000000,-17.463329,0.0000,0.0000,0.4793
56800000,51.0000000000,0.0000000000,17.6874,0.000000,-0.000000,-17.463329,0.0000,0.0000,0.4815
56810000,51.0000000000,0.0000000000,17.6825,0.000000,-0.000000,-17.463329,0.0000,0.0000,0.4836
56820000,51.0000000000,0.0000000000,17.6777,0.000000,-0.000000,-17.463329,0.0000,0.0000,0.4858
56830000,51.0000000000,0.0000000000,17.6728,0.000000,-0.000000,-17.463329,0.0000,0.0000,0.4880
56840000,51.0000000000,0.0000000000,17.6679,0.000000,-0.000000,-17.463329,0.0000,0.0000,0.4902
56850000,51.0000000000,0.0000000000,17.6630,0.000000,-0.000000,-17.463329,0.0000,0.0000,0.4923
56860000,51.0000000000,0.0000000000,17.6581,0.000000,-0.000000,-17.463329,0.0000,0.0000,0.4945
56870000,51.0000000000,0.0000000000,17.6531,0.000000,-0.000000,-17.463329,0.0000,0.0000,0.4967
56880000,51.0000000000,0.0000000000,17.6481,0.000000,-0.000000,-17.463329,0.0000,0.0000,0.4988
56890000,51.0000000000,0.0000000000,17.6431,0.000000,-0.000000,-17.463329,0.0000,0.0000,0.5010
56900000,51.0000000000,0.0000000000,17.6381,0.000000,-0.000000,-17.463329,0.0000,0.0000,0.5031
56910000,51.0000000000,0.0000000000,17.6331,0.000000,-0.000000,-17.463329,0.0000,0.0000,0.5053
56920000,51.0000000000,0.0000000000,17.6280,0.000000,-0.000000,-17.463329,0.0000,0.0000,0.5074
56930000,51.0000000000,0.0000000000,17.6229,0.000000,-0.000000,-17.463329,0.0000,0.0000,0.5096
56940000,51.0000000000,0.0000000000,17.6178,0.000000,-0.000000,-17.463329,0.0000,0.0000,0.5117
56950000,51.0000000000,0.0000000000,17.6127,0.000000,-0.000000,-17.463329,0.0000,0.0000,0.5139
56960000,51.0000000000,0.0000000000,17.6075,0.000000,-0.000000,-17.463329,0.0000,0.0000,0.5160
56970000,51.0000000000,0.0000000000,17.6024,0.000000,-0.000000,-17.463329,0.0000,0.0000,0.5181
56980000,51.0000000000,0.0000000000,17.5972,0.000000,-0.000000,-17.463329,0.0000,0.0000,0.5203
56990000,51.0000000000,0.0000000000,17.5920,0.000000,-0.000000,-17.463329,0.0000,0.0000,0.5224
57000000,51.0000000000,0.0000000000,17.5867,0.000000,-0.000000,-17.463329,0.0000,0.0000,0.5245
57010000,51.0000000000,0.0000000000,17.5815,0.000000,-0.000000,-17.463329,0.0000,0.0000,0.5266
57020000,51.0000000000,0.0000000000,17.5762,0.000000,-0.000000,-17.463329,0.0000,0.0000,0.5287
57030000,51.0000000000,0.0000000000,17.5709,0.000000,-0.000000,-17.463329,0.0000,0.0000,0.5309
57040000,51.0000000000,0.0000000000,17.5656,0.000000,-0.000000,-17.463329,0.0000,0.0000,0.5330
57050000,51.0000000000,0.0000000000,17.5602,0.000000,-0.000000,-17.463329,0.0000,0.0000,0.5351
57060000,51.0000000000,0.0000000000,17.5549,0.000000,-0.000000,-17.463329,0.0000,0.0000,0.5372
57070000,51.0000000000,0.0000000000,17.5495,0.000000,-0.000000,-17.463329,0.0000,0.0000,0.5393
57080000,51.0000000000,0.0000000000,17.5441,0.000000,-0.000000,-17.463329,0.0000,0.0000,0.5414
57090000,51.0000000000,0.0000000000,17.5387,0.000000,-0.000000,-17.463329,0.0000,0.0000,0.5435
57100000,51.0000000000,0.0000000000,17.5332,0.000000,-0.000000,-17.463329,0.0000,0.0000,0.5456
57110000,51.0000000000,0.0000000000,17.5278,0.000000,-0.000000,-17.463329,0.0000,0.0000,0.5476
57120000,51.0000000000,0.0000000000,17.5223,0.000000,-0.000000,-17.463329,0.0000,0.0000,0.5497
57130000,51.0000000000,0.0000000000,17.5168,0.000000,-0.000000,-17.463329,0.0000,0.0000,0.5518
57140000,51.0000000000,0.0000000000,17.5112,0.000000,-0.000000,-17.463329,0.0000,0.0000,0.5539
57150000,51.0000000000,0.0000000000,17.5057,0.000000,-0.000000,-17.463329,0.0000,0.0000,0.5560
57160000,51.0000000000,0.0000000000,17.5001,0.000000,-0.000000,-17.463329,0.0000,0.0000,0.5580
57170000,51.0000000000,0.0000000000,17.4945,0.000000,-0.000000,-17.463329,0.0000,0.0000,0.5601
57180000,51.0000000000,0.0000000000,17.4889,0.000000,-0.000000,-17.463329,0.0000,0.0000,0.5622
57190000,51.0000000000,0.0000000000,17.4833,0.000000,-0.000000,-17.463329,0.0000,0.0000,0.5642
57200000,51.0000000000,0.0000000000,17.4776,0.000000,-0.000000,-17.463329,0.0000,0.0000,0.5663
57210000,51.0000000000,0.0000000000,17.4720,0.000000,-0.000000,-17.463329,0.0000,0.0000,0.5684
57220000,51.0000000000,0.0000000000,17.4663,0.000000,-0.000000,-17.463329,0.0000,0.0000,0.5704
57230000,51.0000000000,0.0000000000,17.4606,0.000000,-0.000000,-17.463329,0.0000,0.0000,0.5725
57240000,51.0000000000,0.0000000000,17.4548,0.000000,-0.000000,-17.463329,0.0000,0.0000,0.5745
57250000,51.0000000000,0.0000000000,17.4491,0.000000,-0.000000,-17.463329,0.0000,0.0000,0.5766
57260000,51.0000000000,0.0000000000,17.4433,0.000000,-0.000000,-17.463329,0.0000,0.0000,0.5786
57270000,51.0000000000,0.0000000000,17.4375,0.000000,-0.000000,-17.463329,0.0000,0.0000,0.5806
57280000,51.0000000000,0.0000000000,17.4317,0.000000,-0.000000,-17.463329,0.0000,0.0000,0.5827
57290000,51.0000000000,0.0000000000,17.4258,0.000000,-0.000000,-17.463329,0.0000,0.0000,0.5847
57300000,51.0000000000,0.0000000000,17.4200,0.000000,-0.000000,-17.463329,0.0000,0.0000,0.5867
57310000,51.0000000000,0.0000000000,17.4141,0.000000,-0.000000,-17.463329,0.0000,0.0000,0.5888
57320000,51.0000000000,0.0000000000,17.4082,0.000000,-0.000000,-17.463329,0.0000,0.0000,0.5908
57330000,51.0000000000,0.0000000000,17.4023,0.000000,-0.000000,-17.463329,0.0000,0.0000,0.5928
57340000,51.0000000000,0.0000000000,17.3963,0.000000,-0.000000,-17.463329,0.0000,0.0000,0.5948
57350000,51.0000000000,0.0000000000,17.3904,0.000000,-0.000000,-17.463329,0.0000,0.0000,0.5968
57360000,51.0000000000,0.0000000000,17.3844,0.000000,-0.000000,-17.463329,0.0000,0.0000,0.5988
57370000,51.0000000000,0.0000000000,17.3784,0.000000,-0.000000,-17.463329,0.0000,0.0000,0.6008
57380000,51.0000000000,0.0000000000,17.3724,0.000000,-0.000000,-17.463329,0.0000,0.0000,0.6029
57390000,51.0000000000,0.0000000000,17.3664,0.000000,-0.000000,-17.463329,0.0000,0.0000,0.6049
57400000,51.0000000000,0.0000000000,17.3603,0.000000,-0.000000,-17.463329,0.0000,0.0000,0.6069
57410000,51.0000000000,0.0000000000,17.3542,0.000000,-0.000000,-17.463329,0.0000,0.0000,0.6088
57420000,51.0000000000,0.0000000000,17.3481,0.000000,-0.000000,-17.463329,0.0000,0.0000,0.6108
57430000,51.0000000000,0.0000000000,17.3420,0.000000,-0.000000,-17.463329,0.0000,0.0000,0.6128
57440000,51.0000000000,0.0000000000,17.3359,0.000000,-0.000000,-17.463329,0.0000,0.0000,0.6148
57450000,51.0000000000,0.0000000000,17.3297,0.000000,-0.000000,-17.463329,0.0000,0.0000,0.6168
57460000,51.0000000000,0.0000000000,17.3235,0.000000,-0.000000,-17.463329,0.0000,0.0000,0.6188
57470000,51.0000000000,0.0000000000,17.3173,0.000000,-0.000000,-17.463329,0.0000,0.0000,0.6207
57480000,51.0000000000,0.0000000000,17.3111,0.000000,-0.000000,-17.463329,0.0000,0.0000,0.6227
57490000,51.0000000000,0.0000000000,17.3049,0.000000,-0.000000,-17.463329,0.0000,0.0000,0.6247
57500000,51.0000000000,0.0000000000,17.2986,0.000000,-0.000000,-17.463329,0.0000,0.0000,0.6267
57510000,51.0000000000,0.0000000000,17.2923,0.000000,-0.000000,-17.463329,0.0000,0.0000,0.6286
57520000,51.0000000000,0.0000000000,17.2860,0.000000,-0.000000,-17.463329,0.0000,0.0000,0.6306
57530000,51.0000000000,0.0000000000,17.2797,0.000000,-0.000000,-17.463329,0.0000,0.0000,0.6325
57540000,51.0000000000,0.0000000000,17.2734,0.000000,-0.000000,-17.463329,0.0000,0.0000,0.6345
57550000,51.0000000000,0.0000000000,17.2670,0.000000,-0.000000,-17.463329,0.0000,0.0000,0.6364
57560000,51.0000000000,0.0000000000,17.2607,0.000000,-0.000000,-17.463329,0.0000,0.0000,0.6384
57570000,51.0000000000,0.0000000000,17.2543,0.000000,-0.000000,-17.463329,0.0000,0.0000,0.6403
57580000,51.0000000000,0.0000000000,17.2479,0.000000,-0.000000,-17.463329,0.0000,0.0000,0.6423
57590000,51.0000000000,0.0000000000,17.2414,0.000000,-0.000000,-17.463329,0.0000,0.0000,0.6442
57600000,51.0000000000,0.0000000000,17.2350,0.000000,-0.000000,-17.463329,0.0000,0.0000,0.6462
57610000,51.0000000000,0.0000000000,17.2285,0.000000,-0.000000,-17.463329,0.0000,0.0000,0.6481
57620000,51.0000000000,0.0000000000,17.2220,0.000000,-0.000000,-17.463329,0.0000,0.0000,0.6500
57630000,51.0000000000,0.0000000000,17.2155,0.000000,-0.000000,-17.463329,0.0000,0.0000,0.6519
57640000,51.0000000000,0.0000000000,17.2090,0.000000,-0.000000,-17.463329,0.0000,0.0000,0.6539
57650000,51.0000000000,0.0000000000,17.2024,0.000000,-0.000000,-17.463329,0.0000,0.0000,0.6558
57660000,51.0000000000,0.0000000000,17.1959,0.000000,-0.000000,-17.463329,0.0000,0.0000,0.6577
57670000,51.0000000000,0.0000000000,17.1893,0.000000,-0.000000,-17.463329,0.0000,0.0000,0.6596
57680000,51.0000000000,0.0000000000,17.1827,0.000000,-0.000000,-17.463329,0.0000,0.0000,0.6615
57690000,51.0000000000,0.0000000000,17.1760,0.000000,-0.000000,-17.463329,0.0000,0.0000,0.6634
57700000,51.0000000000,0.0000000000,17.1694,0.000000,-0.000000,-17.463329,0.0000,0.0000,0.6653
57710000,51.0000000000,0.0000000000,17.1627,0.000000,-0.000000,-17.463329,0.0000,0.0000,0.6672
57720000,51.0000000000,0.0000000000,17.1561,0.000000,-0.000000,-17.463329,0.0000,0.0000,0.6691
57730000,51.0000000000,0.0000000000,17.1494,0.000000,-0.000000,-17.463329,0.0000,0.0000,0.6710
57740000,51.0000000000,0.0000000000,17.1426,0.000000,-0.000000,-17.463329,0.0000,0.0000,0.6729
57750000,51.0000000000,0.0000000000,17.1359,0.000000,-0.000000,-17.463329,0.0000,0.0000,0.6748
57760000,51.0000000000,0.0000000000,17.1291,0.000000,-0.000000,-17.463329,0.0000,0.0000,0.6767
57770000,51.0000000000,0.0000000000,17.1224,0.000000,-0.000000,-17.463329,0.0000,0.0000,0.6786
57780000,51.0000000000,0.0000000000,17.1156,0.000000,-0.000000,-17.463329,0.0000,0.0000,0.6805
57790000,51.0000000000,0.0000000000,17.1088,0.000000,-0.000000,-17.463329,0.0000,0.0000,0.6823
57800000,51.0000000000,0.0000000000,17.1019,0.000000,-0.000000,-17.463329,0.0000,0.0000,0.6842
57810000,51.0000000000,0.0000000000,17.0951,0.000000,-0.000000,-17.463329,0.0000,0.0000,0.6861
57820000,51.0000000000,0.0000000000,17.0882,0.000000,-0.000000,-17.463329,0.0000,0.0000,0.6879
57830000,51.0000000000,0.0000000000,17.0813,0.000000,-0.000000,-17.463329,0.0000,0.0000,0.6898
57840000,51.0000000000,0.0000000000,17.0744,0.000000,-0.000000,-17.463329,0.0000,0.0000,0.6917
57850000,51.0000000000,0.0000000000,17.0675,0.000000,-0.000000,-17.463329,0.0000,0.0000,0.6935
57860000,51.0000000000,0.0000000000,17.0605,0.000000,-0.000000,-17.463329,0.0000,0.0000,0.6954
57870000,51.0000000000,0.0000000000,17.0536,0.000000,-0.000000,-17.463329,0.0000,0.0000,0.6972
57880000,51.0000000000,0.0000000000,17.0466,0.000000,-0.000000,-17.463329,0.0000,0.0000,0.6991
57890000,51.0000000000,0.0000000000,17.0396,0.000000,-0.000000,-17.463329,0.0000,0.0000,0.7009
57900000,51.0000000000,0.0000000000,17.0326,0.000000,-0.000000,-17.463329,0.0000,0.0000,0.7028
57910000,51.0000000000,0.0000000000,17.0255,0.000000,-0.000000,-17.463329,0.0000,0.0000,0.7046
57920000,51.0000000000,0.0000000000,17.0185,0.000000,-0.000000,-17.463329,0.0000,0.0000,0.7064
57930000,51.0000000000,0.0000000000,17.0114,0.000000,-0.000000,-17.463329,0.0000,0.0000,0.7083
57940000,51.0000000000,0.0000000000,17.0043,0.000000,-0.000000,-17.463329,0.0000,0.0000,0.7101
57950000,51.0000000000,0.0000000000,16.9972,0.000000,-0.000000,-17.463329,0.0000,0.0000,0.7119
57960000,51.0000000000,0.0000000000,16.9901,0.000000,-0.000000,-17.463329,0.0000,0.0000,0.7138
57970000,51.0000000000,0.0000000000,16.9829,0.000000,-0.000000,-17.463329,0.0000,0.0000,0.7156
57980000,51.0000000000,0.0000000000,16.9758,0.000000,-0.000000,-17.463329,0.0000,0.0000,0.7174
57990000,51.0000000000,0.0000000000,16.9686,0.000000,-0.000000,-17.463329,0.0000,0.0000,0.7192
58000000,51.0000000000,0.0000000000,16.9614,0.000000,-0.000000,-17.463329,0.0000,0.0000,0.7210
58010000,51.0000000000,0.0000000000,16.9542,0.000000,-0.000000,-17.463329,0.0000,0.0000,0.7228
58020000,51.0000000000,0.0000000000,16.9469,0.000000,-0.000000,-17.463329,0.0000,0.0000,0.7246
58030000,51.0000000000,0.0000000000,16.9397,0.000000,-0.000000,-17.463329,0.0000,0.0000,0.7264
58040000,51.0000000000,0.0000000000,16.9324,0.000000,-0.000000,-17.463329,0.0000,0.0000,0.7282
58050000,51.0000000000,0.0000000000,16.9251,0.000000,-0.000000,-17.463329,0.0000,0.0000,0.7300
58060000,51.0000000000,0.0000000000,16.9178,0.000000,-0.000000,-17.463329,0.0000,0.0000,0.7318
58070000,51.0000000000,0.0000000000,16.9105,0.000000,-0.000000,-17.463329,0.0000,0.0000,0.7336
58080000,51.0000000000,0.0000000000,16.9031,0.000000,-0.000000,-17.463329,0.0000,0.0000,0.7354
58090000,51.0000000000,0.0000000000,16.8958,0.000000,-0.000000,-17.463329,0.0000,0.0000,0.7372
58100000,51.0000000000,0.0000000000,16.8884,0.000000,-0.000000,-17.463329,0.0000,0.0000,0.7390
58110000,51.0000000000,0.0000000000,16.8810,0.000000,-0.000000,-17.463329,0.0000,0.0000,0.7407
58120000,51.0000000000,0.0000000000,16.8736,0.000000,-0.000000,-17.463329,0.0000,0.0000,0.7425
58130000,51.0000000000,0.0000000000,16.8661,0.000000,-0.000000,-17.463329,0.0000,0.0000,0.7443
58140000,51.0000000000,0.0000000000,16.8587,0.000000,-0.000000,-17.463329,0.0000,0.0000,0.7460
58150000,51.0000000000,0.0000000000,16.8512,0.000000,-0.000000,-17.463329,0.0000,0.0000,0.7478
58160000,51.0000000000,0.0000000000,16.8437,0.000000,-0.000000,-17.463329,0.0000,0.0000,0.7496
58170000,51.0000000000,0.0000000000,16.8362,0.000000,-0.000000,-17.463329,0.0000,0.0000,0.7513
58180000,51.0000000000,0.0000000000,16.8287,0.000000,-0.000000,-17.463329,0.0000,0.0000,0.7531
58190000,51.0000000000,0.0000000000,16.8212,0.000000,-0.000000,-17.463329,0.0000,0.0000,0.7548
58200000,51.0000000000,0.0000000000,16.8136,0.000000,-0.000000,-17.463329,0.0000,0.0000,0.7566
58210000,51.0000000000,0.0000000000,16.8060,0.000000,-0.000000,-17.463329,0.0000,0.0000,0.7583
58220000,51.0000000000,0.0000000000,16.7984,0.000000,-0.000000,-17.463329,0.0000,0.0000,0.7601
58230000,51.0000000000,0.0000000000,16.7908,0.000000,-0.000000,-17.463329,0.0000,0.0000,0.7618
58240000,51.0000000000,0.0000000000,16.7832,0.000000,-0.000000,-17.463329,0.0000,0.0000,0.7635
58250000,51.0000000000,0.0000000000,16.7755,0.000000,-0.000000,-17.463329,0.0000,0.0000,0.7653
58260000,51.0000000000,0.0000000000,16.7679,0.000000,-0.000000,-17.463329,0.0000,0.0000,0.7670
58270000,51.0000000000,0.0000000000,16.7602,0.000000,-0.000000,-17.463329,0.0000,0.0000,0.7687
58280000,51.0000000000,0.0000000000,16.7525,0.000000,-0.000000,-17.463329,0.0000,0.0000,0.7705
58290000,51.0000000000,0.0000000000,16.7448,0.000000,-0.000000,-17.463329,0.0000,0.0000,0.7722
58300000,51.0000000000,0.0000000000,16.7371,0.000000,-0.000000,-17.463329,0.0000,0.0000,0.7739
58310000,51.0000000000,0.0000000000,16.7293,0.000000,-0.000000,-17.463329,0.0000,0.0000,0.7756
58320000,51.0000000000,0.0000000000,16.7216,0.000000,-0.000000,-17.463329,0.0000,0.0000,0.7773
58330000,51.0000000000,0.0000000000,16.7138,0.000000,-0.000000,-17.463329,0.0000,0.0000,0.7790
58340000,51.0000000000,0.0000000000,16.7060,0.000000,-0.000000,-17.463329,0.0000,0.0000,0.7807
58350000,51.0000000000,0.0000000000,16.6982,0.000000,-0.000000,-17.463329,0.0000,0.0000,0.7824
58360000,51.0000000000,0.0000000000,16.6903,0.000000,-0.000000,-17.463329,0.0000,0.0000,0.7841
58370000,51.0000000000,0.0000000000,16.6825,0.000000,-0.000000,-17.463329,0.0000,0.0000,0.7858
58380000,51.0000000000,0.0000000000,16.6746,0.000000,-0.000000,-17.463329,0.0000,0.0000,0.7875
58390000,51.0000000000,0.0000000000,16.6667,0.000000,-0.000000,-17.463329,0.0000,0.0000,0.7892
58400000,51.0000000000,0.0000000000,16.6588,0.000000,-0.000000,-17.463329,0.0000,0.0000,0.7909
58410000,51.0000000000,0.0000000000,16.6509,0.000000,-0.000000,-17.463329,0.0000,0.0000,0.7926
58420000,51.0000000000,0.0000000000,16.6430,0.000000,-0.000000,-17.463329,0.0000,0.0000,0.7943
58430000,51.0000000000,0.0000000000,16.6350,0.000000,-0.000000,-17.463329,0.0000,0.0000,0.7959
58440000,51.0000000000,0.0000000000,16.6271,0.000000,-0.000000,-17.463329,0.0000,0.0000,0.7976
58450000,51.0000000000,0.0000000000,16.6191,0.000000,-0.000000,-17.463329,0.0000,0.0000,0.7993
58460000,51.0000000000,0.0000000000,16.6111,0.000000,-0.000000,-17.463329,0.0000,0.0000,0.8010
58470000,51.0000000000,0.0000000000,16.6030,0.000000,-0.000000,-17.463329,0.0000,0.0000,0.8026
58480000,51.0000000000,0.0000000000,16.5950,0.000000,-0.000000,-17.463329,0.0000,0.0000,0.8043
58490000,51.0000000000,0.0000000000,16.5870,0.000000,-0.000000,-17.463329,0.0000,0.0000,0.8059
58500000,51.0000000000,0.0000000000,16.5789,0.000000,-0.000000,-17.463329,0.0000,0.0000,0.8076
58510000,51.0000000000,0.0000000000,16.5708,0.000000,-0.000000,-17.463329,0.0000,0.0000,0.8092
58520000,51.0000000000,0.0000000000,16.5627,0.000000,-0.000000,-17.463329,0.0000,0.0000,0.8109
58530000,51.0000000000,0.0000000000,16.5546,0.000000,-0.000000,-17.463329,0.0000,0.0000,0.8125
58540000,51.0000000000,0.0000000000,16.5465,0.000000,-0.000000,-17.463329,0.0000,0.0000,0.8142
58550000,51.0000000000,0.0000000000,16.5383,0.000000,-0.000000,-17.463329,0.0000,0.0000,0.8158
58560000,51.0000000000,0.0000000000,16.5301,0.000000,-0.000000,-17.463329,0.0000,0.0000,0.8175
58570000,51.0000000000,0.0000000000,16.5220,0.000000,-0.000000,-17.463329,0.0000,0.0000,0.8191
58580000,51.0000000000,0.0000000000,16.5138,0.000000,-0.000000,-17.463329,0.0000,0.0000,0.8207
58590000,51.0000000000,0.0000000000,16.5055,0.000000,-0.000000,-17.463329,0.0000,0.0000,0.8224
58600000,51.0000000000,0.0000000000,16.4973,0.000000,-0.000000,-17.463329,0.0000,0.0000,0.8240
58610000,51.0000000000,0.0000000000,16.4891,0.000000,-0.000000,-17.463329,0.0000,0.0000,0.8256
58620000,51.0000000000,0.0000000000,16.4808,0.000000,-0.000000,-17.463329,0.0000,0.0000,0.8272
58630000,51.0000000000,0.0000000000,16.4725,0.000000,-0.000000,-17.463329,0.0000,0.0000,0.8288
58640000,51.0000000000,0.0000000000,16.4642,0.000000,-0.000000,-17.463329,0.0000,0.0000,0.8304
58650000,51.0000000000,0.0000000000,16.4559,0.000000,-0.000000,-17.463329,0.0000,0.0000,0.8320
58660000,51.0000000000,0.0000000000,16.4476,0.000000,-0.000000,-17.463329,0.0000,0.0000,0.8337
58670000,51.0000000000,0.0000000000,16.4392,0.000000,-0.000000,-17.463329,0.0000,0.0000,0.8353
58680000,51.0000000000,0.0000000000,16.4309,0.000000,-0.000000,-17.463329,0.0000,0.0000,0.8369
58690000,51.0000000000,0.0000000000,16.4225,0.000000,-0.000000,-17.463329,0.0000,0.0000,0.8385
58700000,51.0000000000,0.0000000000,16.4141,0.000000,-0.000000,-17.463329,0.0000,0.0000,0.8400
58710000,51.0000000000,0.0000000000,16.4057,0.000000,-0.000000,-17.463329,0.0000,0.0000,0.8416
58720000,51.0000000000,0.0000000000,16.3973,0.000000,-0.000000,-17.463329,0.0000,0.0000,0.8432
58730000,51.0000000000,0.0000000000,16.3888,0.000000,-0.000000,-17.463329,0.0000,0.0000,0.8448
58740000,51.0000000000,0.0000000000,16.3804,0.000000,-0.000000,-17.463329,0.0000,0.0000,0.8464
58750000,51.0000000000,0.0000000000,16.3719,0.000000,-0.000000,-17.463329,0.0000,0.0000,0.8480
58760000,51.0000000000,0.0000000000,16.3634,0.000000,-0.000000,-17.463329,0.0000,0.0000,0.8495
58770000,51.0000000000,0.0000000000,16.3549,0.000000,-0.000000,-17.463329,0.0000,0.0000,0.8511
58780000,51.0000000000,0.0000000000,16.3464,0.000000,-0.000000,-17.463329,0.0000,0.0000,0.8527
58790000,51.0000000000,0.0000000000,16.3379,0.000000,-0.000000,-17.463329,0.0000,0.0000,0.8542
58800000,51.0000000000,0.0000000000,16.3293,0.000000,-0.000000,-17.463329,0.0000,0.0000,0.8558
58810000,51.0000000000,0.0000000000,16.3208,0.000000,-0.000000,-17.463329,0.0000,0.0000,0.8574
58820000,51.0000000000,0.0000000000,16.3122,0.000000,-0.000000,-17.463329,0.0000,0.0000,0.8589
58830000,51.0000000000,0.0000000000,16.3036,0.000000,-0.000000,-17.463329,0.0000,0.0000,0.8605
58840000,51.0000000000,0.0000000000,16.2950,0.000000,-0.000000,-17.463329,0.0000,0.0000,0.8620
58850000,51.0000000000,0.0000000000,16.2863,0.000000,-0.000000,-17.463329,0.0000,0.0000,0.8636
58860000,51.0000000000,0.0000000000,16.2777,0.000000,-0.000000,-17.463329,0.0000,0.0000,0.8651
58870000,51.0000000000,0.0000000000,16.2690,0.000000,-0.000000,-17.463329,0.0000,0.0000,0.8666
58880000,51.0000000000,0.0000000000,16.2604,0.000000,-0.000000,-17.463329,0.0000,0.0000,0.8682
58890000,51.0000000000,0.0000000000,16.2517,0.000000,-0.000000,-17.463329,0.0000,0.0000,0.8697
58900000,51.0000000000,0.0000000000,16.2430,0.000000,-0.000000,-17.463329,0.0000,0.0000,0.8712
58910000,51.0000000000,0.0000000000,16.2342,0.000000,-0.000000,-17.463329,0.0000,0.0000,0.8728
58920000,51.0000000000,0.0000000000,16.2255,0.000000,-0.000000,-17.463329,0.0000,0.0000,0.8743
58930000,51.0000000000,0.0000000000,16.2168,0.000000,-0.000000,-17.463329,0.0000,0.0000,0.8758
58940000,51.0000000000,0.0000000000,16.2080,0.000000,-0.000000,-17.463329,0.0000,0.0000,0.8773
58950000,51.0000000000,0.0000000000,16.1992,0.000000,-0.000000,-17.463329,0.0000,0.0000,0.8789
58960000,51.0000000000,0.0000000000,16.1904,0.000000,-0.000000,-17.463329,0.0000,0.0000,0.8804
58970000,51.0000000000,0.0000000000,16.1816,0.000000,-0.000000,-17.463329,0.0000,0.0000,0.8819
58980000,51.0000000000,0.0000000000,16.1728,0.000000,-0.000000,-17.463329,0.0000,0.0000,0.8834
58990000,51.0000000000,0.0000000000,16.1639,0.000000,-0.000000,-17.463329,0.0000,0.0000,0.8849
59000000,51.0000000000,0.0000000000,16.1551,0.000000,-0.000000,-17.463329,0.0000,0.0000,0.8864
59010000,51.0000000000,0.0000000000,16.1462,0.000000,-0.000000,-17.463329,0.0000,0.0000,0.8879
59020000,51.0000000000,0.0000000000,16.1373,0.000000,-0.000000,-17.463329,0.0000,0.0000,0.8894
59030000,51.0000000000,0.0000000000,16.1284,0.000000,-0.000000,-17.463329,0.0000,0.0000,0.8909
59040000,51.0000000000,0.0000000000,16.1195,0.000000,-0.000000,-17.463329,0.0000,0.0000,0.8923
59050000,51.0000000000,0.0000000000,16.1106,0.000000,-0.000000,-17.463329,0.0000,0.0000,0.8938
59060000,51.0000000000,0.0000000000,16.1016,0.000000,-0.000000,-17.463329,0.0000,0.0000,0.8953
59070000,51.0000000000,0.0000000000,16.0927,0.000000,-0.000000,-17.463329,0.0000,0.0000,0.8968
59080000,51.0000000000,0.0000000000,16.0837,0.000000,-0.000000,-17.463329,0.0000,0.0000,0.8983
59090000,51.0000000000,0.0000000000,16.0747,0.000000,-0.000000,-17.463329,0.0000,0.0000,0.8997
59100000,51.0000000000,0.0000000000,16.0657,0.000000,-0.000000,-17.463329,0.0000,0.0000,0.9012
59110000,51.0000000000,0.0000000000,16.0567,0.000000,-0.000000,-17.463329,0.0000,0.0000,0.9027
59120000,51.0000000000,0.0000000000,16.0476,0.000000,-0.000000,-17.463329,0.0000,0.0000,0.9041
59130000,51.0000000000,0.0000000000,16.0386,0.000000,-0.000000,-17.463329,0.0000,0.0000,0.9056
59140000,51.0000000000,0.0000000000,16.0295,0.000000,-0.000000,-17.463329,0.0000,0.0000,0.9070
59150000,51.0000000000,0.0000000000,16.0205,0.000000,-0.000000,-17.463329,0.0000,0.0000,0.9085
59160000,51.0000000000,0.0000000000,16.0114,0.000000,-0.000000,-17.463329,0.0000,0.0000,0.9099
59170000,51.0000000000,0.0000000000,16.0023,0.000000,-0.000000,-17.463329,0.0000,0.0000,0.9114
59180000,51.0000000000,0.0000000000,15.9931,0.000000,-0.000000,-17.463329,0.0000,0.0000,0.9128
59190000,51.0000000000,0.0000000000,15.9840,0.000000,-0.000000,-17.463329,0.0000,0.0000,0.9143
59200000,51.0000000000,0.0000000000,15.9748,0.000000,-0.000000,-17.463329,0.0000,0.0000,0.9157
59210000,51.0000000000,0.0000000000,15.9657,0.000000,-0.000000,-17.463329,0.0000,0.0000,0.9171
59220000,51.0000000000,0.0000000000,15.9565,0.000000,-0.000000,-17.463329,0.0000,0.0000,0.9186
59230000,51.0000000000,0.0000000000,15.9473,0.000000,-0.000000,-17.463329,0.0000,0.0000,0.9200
59240000,51.0000000000,0.0000000000,15.9381,0.000000,-0.000000,-17.463329,0.0000,0.0000,0.9214
59250000,51.0000000000,0.0000000000,15.9289,0.000000,-0.000000,-17.463329,0.0000,0.0000,0.9229
59260000,51.0000000000,0.0000000000,15.9196,0.000000,-0.000000,-17.463329,0.0000,0.0000,0.9243
59270000,51.0000000000,0.0000000000,15.9104,0.000000,-0.000000,-17.463329,0.0000,0.0000,0.9257
59280000,51.0000000000,0.0000000000,15.9011,0.000000,-0.000000,-17.463329,0.0000,0.0000,0.9271
59290000,51.0000000000,0.0000000000,15.8919,0.000000,-0.000000,-17.463329,0.0000,0.0000,0.9285
59300000,51.0000000000,0.0000000000,15.8826,0.000000,-0.000000,-17.463329,0.0000,0.0000,0.9299
59310000,51.0000000000,0.0000000000,15.8733,0.000000,-0.000000,-17.463329,0.0000,0.0000,0.9313
59320000,51.0000000000,0.0000000000,15.8639,0.000000,-0.000000,-17.463329,0.0000,0.0000,0.9327
59330000,51.0000000000,0.0000000000,15.8546,0.000000,-0.000000,-17.463329,0.0000,0.0000,0.9341
59340000,51.0000000000,0.0000000000,15.8453,0.000000,-0.000000,-17.463329,0.0000,0.0000,0.9355
59350000,51.0000000000,0.0000000000,15.8359,0.000000,-0.000000,-17.463329,0.0000,0.0000,0.9369
59360000,51.0000000000,0.0000000000,15.8265,0.000000,-0.000000,-17.463329,0.0000,0.0000,0.9383
59370000,51.0000000000,0.0000000000,15.8171,0.000000,-0.000000,-17.463329,0.0000,0.0000,0.9397
59380000,51.0000000000,0.0000000000,15.8077,0.000000,-0.000000,-17.463329,0.0000,0.0000,0.9410
59390000,51.0000000000,0.0000000000,15.7983,0.000000,-0.000000,-17.463329,0.0000,0.0000,0.9424
59400000,51.0000000000,0.0000000000,15.7889,0.000000,-0.000000,-17.463329,0.0000,0.0000,0.9438
59410000,51.0000000000,0.0000000000,15.7794,0.000000,-0.000000,-17.463329,0.0000,0.0000,0.9452
59420000,51.0000000000,0.0000000000,15.7700,0.000000,-0.000000,-17.463329,0.0000,0.0000,0.9465
59430000,51.0000000000,0.0000000000,15.7605,0.000000,-0.000000,-17.463329,0.0000,0.0000,0.9479
59440000,51.0000000000,0.0000000000,15.7510,0.000000,-0.000000,-17.463329,0.0000,0.0000,0.9493
59450000,51.0000000000,0.0000000000,15.7415,0.000000,-0.000000,-17.463329,0.0000,0.0000,0.9506
59460000,51.0000000000,0.0000000000,15.7320,0.000000,-0.000000,-17.463329,0.0000,0.0000,0.9520
59470000,51.0000000000,0.0000000000,15.7225,0.000000,-0.000000,-17.463329,0.0000,0.0000,0.9533
59480000,51.0000000000,0.0000000000,15.7129,0.000000,-0.000000,-17.463329,0.0000,0.0000,0.9547
59490000,51.0000000000,0.0000000000,15.7034,0.000000,-0.000000,-17.463329,0.0000,0.0000,0.9560
59500000,51.0000000000,0.0000000000,15.6938,0.000000,-0.000000,-17.463329,0.0000,0.0000,0.9574
59510000,51.0000000000,0.0000000000,15.6842,0.000000,-0.000000,-17.463329,0.0000,0.0000,0.9587
59520000,51.0000000000,0.0000000000,15.6746,0.000000,-0.000000,-17.463329,0.0000,0.0000,0.9601
59530000,51.0000000000,0.0000000000,15.6650,0.000000,-0.000000,-17.463329,0.0000,0.0000,0.9614
59540000,51.0000000000,0.0000000000,15.6554,0.000000,-0.000000,-17.463329,0.0000,0.0000,0.9627
59550000,51.0000000000,0.0000000000,15.6458,0.000000,-0.000000,-17.463329,0.0000,0.0000,0.9640
59560000,51.0000000000,0.0000000000,15.6361,0.000000,-0.000000,-17.463329,0.0000,0.0000,0.9654
59570000,51.0000000000,0.0000000000,15.6265,0.000000,-0.000000,-17.463329,0.0000,0.0000,0.9667
59580000,51.0000000000,0.0000000000,15.6168,0.000000,-0.000000,-17.463329,0.0000,0.0000,0.9680
59590000,51.0000000000,0.0000000000,15.6071,0.000000,-0.000000,-17.463329,0.0000,0.0000,0.9693
59600000,51.0000000000,0.0000000000,15.5974,0.000000,-0.000000,-17.463329,0.0000,0.0000,0.9706
59610000,51.0000000000,0.0000000000,15.5877,0.000000,-0.000000,-17.463329,0.0000,0.0000,0.9720
59620000,51.0000000000,0.0000000000,15.5780,0.000000,-0.000000,-17.463329,0.0000,0.0000,0.9733
59630000,51.0000000000,0.0000000000,15.5682,0.000000,-0.000000,-17.463329,0.0000,0.0000,0.9746
59640000,51.0000000000,0.0000000000,15.5585,0.000000,-0.000000,-17.463329,0.0000,0.0000,0.9759
59650000,51.0000000000,0.0000000000,15.5487,0.000000,-0.000000,-17.463329,0.0000,0.0000,0.9772
59660000,51.0000000000,0.0000000000,15.5389,0.000000,-0.000000,-17.463329,0.0000,0.0000,0.9784
59670000,51.0000000000,0.0000000000,15.5291,0.000000,-0.000000,-17.463329,0.0000,0.0000,0.9797
59680000,51.0000000000,0.0000000000,15.5193,0.000000,-0.000000,-17.463329,0.0000,0.0000,0.9810
59690000,51.0000000000,0.0000000000,15.5095,0.000000,-0.000000,-17.463329,0.0000,0.0000,0.9823
59700000,51.0000000000,0.0000000000,15.4997,0.000000,-0.000000,-17.463329,0.0000,0.0000,0.9836
59710000,51.0000000000,0.0000000000,15.4899,0.000000,-0.000000,-17.463329,0.0000,0.0000,0.9849
59720000,51.0000000000,0.0000000000,15.4800,0.000000,-0.000000,-17.463329,0.0000,0.0000,0.9861
59730000,51.0000000000,0.0000000000,15.4701,0.000000,-0.000000,-17.463329,0.0000,0.0000,0.9874
59740000,51.0000000000,0.0000000000,15.4603,0.000000,-0.000000,-17.463329,0.0000,0.0000,0.9887
59750000,51.0000000000,0.0000000000,15.4504,0.000000,-0.000000,-17.463329,0.0000,0.0000,0.9900
59760000,51.0000000000,0.0000000000,15.4405,0.000000,-0.000000,-17.463329,0.0000,0.0000,0.9912
59770000,51.0000000000,0.0000000000,15.4305,0.000000,-0.000000,-17.463329,0.0000,0.0000,0.9925
59780000,51.0000000000,0.0000000000,15.4206,0.000000,-0.000000,-17.463329,0.0000,0.0000,0.9937
59790000,51.0000000000,0.0000000000,15.4107,0.000000,-0.000000,-17.463329,0.0000,0.0000,0.9950
59800000,51.0000000000,0.0000000000,15.4007,0.000000,-0.000000,-17.463329,0.0000,0.0000,0.9962
59810000,51.0000000000,0.0000000000,15.3907,0.000000,-0.000000,-17.463329,0.0000,0.0000,0.9975
59820000,51.0000000000,0.0000000000,15.3808,0.000000,-0.000000,-17.463329,0.0000,0.0000,0.9987
59830000,51.0000000000,0.0000000000,15.3708,0.000000,-0.000000,-17.463329,0.0000,0.0000,1.0000
59840000,51.0000000000,0.0000000000,15.3608,0.000000,-0.000000,-17.463329,0.0000,0.0000,1.0012
59850000,51.0000000000,0.0000000000,15.3507,0.000000,-0.000000,-17.463329,0.0000,0.0000,1.0024
59860000,51.0000000000,0.0000000000,15.3407,0.000000,-0.000000,-17.463329,0.0000,0.0000,1.0037
59870000,51.0000000000,0.0000000000,15.3307,0.000000,-0.000000,-17.463329,0.0000,0.0000,1.0049
59880000,51.0000000000,0.0000000000,15.3206,0.000000,-0.000000,-17.463329,0.0000,0.0000,1.0061
59890000,51.0000000000,0.0000000000,15.3105,0.000000,-0.000000,-17.463329,0.0000,0.0000,1.0073
59900000,51.0000000000,0.0000000000,15.3005,0.000000,-0.000000,-17.463329,0.0000,0.0000,1.0086
59910000,51.0000000000,0.0000000000,15.2904,0.000000,-0.000000,-17.463329,0.0000,0.0000,1.0098
59920000,51.0000000000,0.0000000000,15.2803,0.000000,-0.000000,-17.463329,0.0000,0.0000,1.0110
59930000,51.0000000000,0.0000000000,15.2701,0.000000,-0.000000,-17.463329,0.0000,0.0000,1.0122
59940000,51.0000000000,0.0000000000,15.2600,0.000000,-0.000000,-17.463329,0.0000,0.0000,1.0134
59950000,51.0000000000,0.0000000000,15.2499,0.000000,-0.000000,-17.463329,0.0000,0.0000,1.0146
59960000,51.0000000000,0.0000000000,15.2397,0.000000,-0.000000,-17.463329,0.0000,0.0000,1.0158
59970000,51.0000000000,0.0000000000,15.2296,0.000000,-0.000000,-17.463329,0.0000,0.0000,1.0170
59980000,51.0000000000,0.0000000000,15.2194,0.000000,-0.000000,-17.463329,0.0000,0.0000,1.0182
59990000,51.0000000000,0.0000000000,15.2092,0.000000,-0.000000,-17.463329,0.0000,0.0000,1.0194
60000000,51.0000000000,0.0000000000,15.1990,0.000000,-0.000000,-17.463329,0.0000,0.0000,1.0206
60010000,51.0000000000,0.0000000000,15.1888,0.000000,-0.000000,-17.463329,0.0000,0.0000,1.0218
60020000,51.0000000000,0.0000000000,15.1786,0.000000,-0.000000,-17.463329,0.0000,0.0000,1.0229
60030000,51.0000000000,0.0000000000,15.1683,0.000000,-0.000000,-17.463329,0.0000,0.0000,1.0241
60040000,51.0000000000,0.0000000000,15.1581,0.000000,-0.000000,-17.463329,0.0000,0.0000,1.0253
60050000,51.0000000000,0.0000000000,15.1478,0.000000,-0.000000,-17.463329,0.0000,0.0000,1.0265
60060000,51.0000000000,0.0000000000,15.1376,0.000000,-0.000000,-17.463329,0.0000,0.0000,1.0276
60070000,51.0000000000,0.0000000000,15.1273,0.000000,-0.000000,-17.463329,0.0000,0.0000,1.0288
60080000,51.0000000000,0.0000000000,15.1170,0.000000,-0.000000,-17.463329,0.0000,0.0000,1.0300
60090000,51.0000000000,0.0000000000,15.1067,0.000000,-0.000000,-17.463329,0.0000,0.0000,1.0311
60100000,51.0000000000,0.0000000000,15.0964,0.000000,-0.000000,-17.463329,0.0000,0.0000,1.0323
60110000,51.0000000000,0.0000000000,15.0860,0.000000,-0.000000,-17.463329,0.0000,0.0000,1.0334
60120000,51.0000000000,0.0000000000,15.0757,0.000000,-0.000000,-17.463329,0.0000,0.0000,1.0346
60130000,51.0000000000,0.0000000000,15.0653,0.000000,-0.000000,-17.463329,0.0000,0.0000,1.0357
60140000,51.0000000000,0.0000000000,15.0550,0.000000,-0.000000,-17.463329,0.0000,0.0000,1.0369
60150000,51.0000000000,0.0000000000,15.0446,0.000000,-0.000000,-17.463329,0.0000,0.0000,1.0380
60160000,51.0000000000,0.0000000000,15.0342,0.000000,-0.000000,-17.463329,0.0000,0.0000,1.0392
60170000,51.0000000000,0.0000000000,15.0238,0.000000,-0.000000,-17.463329,0.0000,0.0000,1.0403
60180000,51.0000000000,0.0000000000,15.0134,0.000000,-0.000000,-17.463329,0.0000,0.0000,1.0414
60190000,51.0000000000,0.0000000000,15.0030,0.000000,-0.000000,-17.463329,0.0000,0.0000,1.0426
60200000,51.0000000000,0.0000000000,14.9926,0.000000,-0.000000,-17.463329,0.0000,0.0000,1.0437
60210000,51.0000000000,0.0000000000,14.9821,0.000000,-0.000000,-17.463329,0.0000,0.0000,1.0448
60220000,51.0000000000,0.0000000000,14.9717,0.000000,-0.000000,-17.463329,0.0000,0.0000,1.0459
60230000,51.0000000000,0.0000000000,14.9612,0.000000,-0.000000,-17.463329,0.0000,0.0000,1.0470
60240000,51.0000000000,0.0000000000,14.9507,0.000000,-0.000000,-17.463329,0.0000,0.0000,1.0482
60250000,51.0000000000,0.0000000000,14.9402,0.000000,-0.000000,-17.463329,0.0000,0.0000,1.0493
60260000,51.0000000000,0.0000000000,14.9297,0.000000,-0.000000,-17.463329,0.0000,0.0000,1.0504
60270000,51.0000000000,0.0000000000,14.9192,0.000000,-0.000000,-17.463329,0.0000,0.0000,1.0515
60280000,51.0000000000,0.0000000000,14.9087,0.000000,-0.000000,-17.463329,0.0000,0.0000,1.0526
60290000,51.0000000000,0.0000000000,14.8982,0.000000,-0.000000,-17.463329,0.0000,0.0000,1.0537
60300000,51.0000000000,0.0000000000,14.8876,0.000000,-0.000000,-17.463329,0.0000,0.0000,1.0548
60310000,51.0000000000,0.0000000000,14.8771,0.000000,-0.000000,-17.463329,0.0000,0.0000,1.0559
60320000,51.0000000000,0.0000000000,14.8665,0.000000,-0.000000,-17.463329,0.0000,0.0000,1.0569
60330000,51.0000000000,0.0000000000,14.8559,0.000000,-0.000000,-17.463329,0.0000,0.0000,1.0580
60340000,51.0000000000,0.0000000000,14.8453,0.000000,-0.000000,-17.463329,0.0000,0.0000,1.0591
60350000,51.0000000000,0.0000000000,14.8348,0.000000,-0.000000,-17.463329,0.0000,0.0000,1.0602
60360000,51.0000000000,0.0000000000,14.8241,0.000000,-0.000000,-17.463329,0.0000,0.0000,1.0613
60370000,51.0000000000,0.0000000000,14.8135,0.000000,-0.000000,-17.463329,0.0000,0.0000,1.0623
60380000,51.0000000000,0.0000000000,14.8029,0.000000,-0.000000,-17.463329,0.0000,0.0000,1.0634
60390000,51.0000000000,0.0000000000,14.7923,0.000000,-0.000000,-17.463329,0.0000,0.0000,1.0645
60400000,51.0000000000,0.0000000000,14.7816,0.000000,-0.000000,-17.463329,0.0000,0.0000,1.0655
60410000,51.0000000000,0.0000000000,14.7709,0.000000,-0.000000,-17.463329,0.0000,0.0000,1.0666
60420000,51.0000000000,0.0000000000,14.7603,0.000000,-0.000000,-17.463329,0.0000,0.0000,1.0677
60430000,51.0000000000,0.0000000000,14.7496,0.000000,-0.000000,-17.463329,0.0000,0.0000,1.0687
60440000,51.0000000000,0.0000000000,14.7389,0.000000,-0.000000,-17.463329,0.0000,0.0000,1.0698
60450000,51.0000000000,0.0000000000,14.7282,0.000000,-0.000000,-17.463329,0.0000,0.0000,1.0708
60460000,51.0000000000,0.0000000000,14.7175,0.000000,-0.000000,-17.463329,0.0000,0.0000,1.0719
60470000,51.0000000000,0.0000000000,14.7068,0.000000,-0.000000,-17.463329,0.0000,0.0000,1.0729
60480000,51.0000000000,0.0000000000,14.6960,0.000000,-0.000000,-17.463329,0.0000,0.0000,1.0739
60490000,51.0000000000,0.0000000000,14.6853,0.000000,-0.000000,-17.463329,0.0000,0.0000,1.0750
60500000,51.0000000000,0.0000000000,14.6745,0.000000,-0.000000,-17.463329,0.0000,0.0000,1.0760
60510000,51.0000000000,0.0000000000,14.6638,0.000000,-0.000000,-17.463329,0.0000,0.0000,1.0770
60520000,51.0000000000,0.0000000000,14.6530,0.000000,-0.000000,-17.463329,0.0000,0.0000,1.0781
60530000,51.0000000000,0.0000000000,14.6422,0.000000,-0.000000,-17.463329,0.0000,0.0000,1.0791
60540000,51.0000000000,0.0000000000,14.6314,0.000000,-0.000000,-17.463329,0.0000,0.0000,1.0801
60550000,51.0000000000,0.0000000000,14.6206,0.000000,-0.000000,-17.463329,0.0000,0.0000,1.0811
60560000,51.0000000000,0.0000000000,14.6098,0.000000,-0.000000,-17.463329,0.0000,0.0000,1.0821
60570000,51.0000000000,0.0000000000,14.5990,0.000000,-0.000000,-17.463329,0.0000,0.0000,1.0831
60580000,51.0000000000,0.0000000000,14.5881,0.000000,-0.000000,-17.463329,0.0000,0.0000,1.0841
60590000,51.0000000000,0.0000000000,14.5773,0.000000,-0.000000,-17.463329,0.0000,0.0000,1.0851
60600000,51.0000000000,0.0000000000,14.5664,0.000000,-0.000000,-17.463329,0.0000,0.0000,1.0862
60610000,51.0000000000,0.0000000000,14.5556,0.000000,-0.000000,-17.463329,0.0000,0.0000,1.0871
60620000,51.0000000000,0.0000000000,14.5447,0.000000,-0.000000,-17.463329,0.0000,0.0000,1.0881
60630000,51.0000000000,0.0000000000,14.5338,0.000000,-0.000000,-17.463329,0.0000,0.0000,1.0891
60640000,51.0000000000,0.0000000000,14.5229,0.000000,-0.000000,-17.463329,0.0000,0.0000,1.0901
60650000,51.0000000000,0.0000000000,14.5120,0.000000,-0.000000,-17.463329,0.0000,0.0000,1.0911
60660000,51.0000000000,0.0000000000,14.5011,0.000000,-0.000000,-17.463329,0.0000,0.0000,1.0921
60670000,51.0000000000,0.0000000000,14.4901,0.000000,-0.000000,-17.463329,0.0000,0.0000,1.0931
60680000,51.0000000000,0.0000000000,14.4792,0.000000,-0.000000,-17.463329,0.0000,0.0000,1.0940
60690000,51.0000000000,0.0000000000,14.4683,0.000000,-0.000000,-17.463329,0.0000,0.0000,1.0950
60700000,51.0000000000,0.0000000000,14.4573,0.000000,-0.000000,-17.463329,0.0000,0.0000,1.0960
60710000,51.0000000000,0.0000000000,14.4463,0.000000,-0.000000,-17.463329,0.0000,0.0000,1.0970
60720000,51.0000000000,0.0000000000,14.4354,0.000000,-0.000000,-17.463329,0.0000,0.0000,1.0979
60730000,51.0000000000,0.0000000000,14.4244,0.000000,-0.000000,-17.463329,0.0000,0.0000,1.0989
60740000,51.0000000000,0.0000000000,14.4134,0.000000,-0.000000,-17.463329,0.0000,0.0000,1.0998
60750000,51.0000000000,0.0000000000,14.4024,0.000000,-0.000000,-17.463329,0.0000,0.0000,1.1008
60760000,51.0000000000,0.0000000000,14.3914,0.000000,-0.000000,-17.463329,0.0000,0.0000,1.1017
60770000,51.0000000000,0.0000000000,14.3804,0.000000,-0.000000,-17.463329,0.0000,0.0000,1.1027
60780000,51.0000000000,0.0000000000,14.3693,0.000000,-0.000000,-17.463329,0.0000,0.0000,1.1036
60790000,51.0000000000,0.0000000000,14.3583,0.000000,-0.000000,-17.463329,0.0000,0.0000,1.1046
60800000,51.0000000000,0.0000000000,14.3472,0.000000,-0.000000,-17.463329,0.0000,0.0000,1.1055
60810000,51.0000000000,0.0000000000,14.3362,0.000000,-0.000000,-17.463329,0.0000,0.0000,1.1064
60820000,51.0000000000,0.0000000000,14.3251,0.000000,-0.000000,-17.463329,0.0000,0.0000,1.1074
60830000,51.0000000000,0.0000000000,14.3140,0.000000,-0.000000,-17.463329,0.0000,0.0000,1.1083
60840000,51.0000000000,0.0000000000,14.3029,0.000000,-0.000000,-17.463329,0.0000,0.0000,1.1092
60850000,51.0000000000,0.0000000000,14.2918,0.000000,-0.000000,-17.463329,0.0000,0.0000,1.1102
60860000,51.0000000000,0.0000000000,14.2807,0.000000,-0.000000,-17.463329,0.0000,0.0000,1.1111
60870000,51.0000000000,0.0000000000,14.2696,0.000000,-0.000000,-17.463329,0.0000,0.0000,1.1120
60880000,51.0000000000,0.0000000000,14.2585,0.000000,-0.000000,-17.463329,0.0000,0.0000,1.1129
60890000,51.0000000000,0.0000000000,14.2474,0.000000,-0.000000,-17.463329,0.0000,0.0000,1.1138
60900000,51.0000000000,0.0000000000,14.2362,0.000000,-0.000000,-17.463329,0.0000,0.0000,1.1147
60910000,51.0000000000,0.0000000000,14.2251,0.000000,-0.000000,-17.463329,0.0000,0.0000,1.1156
60920000,51.0000000000,0.0000000000,14.2139,0.000000,-0.000000,-17.463329,0.0000,0.0000,1.1165
60930000,51.0000000000,0.0000000000,14.2027,0.000000,-0.000000,-17.463329,0.0000,0.0000,1.1174
60940000,51.0000000000,0.0000000000,14.1916,0.000000,-0.000000,-17.463329,0.0000,0.0000,1.1183
60950000,51.0000000000,0.0000000000,14.1804,0.000000,-0.000000,-17.463329,0.0000,0.0000,1.1192
60960000,51.0000000000,0.0000000000,14.1692,0.000000,-0.000000,-17.463329,0.0000,0.0000,1.1201
60970000,51.0000000000,0.0000000000,14.1580,0.000000,-0.000000,-17.463329,0.0000,0.0000,1.1210
60980000,51.0000000000,0.0000000000,14.1468,0.000000,-0.000000,-17.463329,0.0000,0.0000,1.1219
60990000,51.0000000000,0.0000000000,14.1355,0.000000,-0.000000,-17.463329,0.0000,0.0000,1.1228
61000000,51.0000000000,0.0000000000,14.1243,0.000000,-0.000000,-17.463329,0.0000,0.0000,1.1236
61010000,51.0000000000,0.0000000000,14.1131,0.000000,-0.000000,-17.463329,0.0000,0.0000,1.1245
61020000,51.0000000000,0.0000000000,14.1018,0.000000,-0.000000,-17.463329,0.0000,0.0000,1.1254
61030000,51.0000000000,0.0000000000,14.0905,0.000000,-0.000000,-17.463329,0.0000,0.0000,1.1262
61040000,51.0000000000,0.0000000000,14.0793,0.000000,-0.000000,-17.463329,0.0000,0.0000,1.1271
61050000,51.0000000000,0.0000000000,14.0680,0.000000,-0.000000,-17.463329,0.0000,0.0000,1.1280
61060000,51.0000000000,0.0000000000,14.0567,0.000000,-0.000000,-17.463329,0.0000,0.0000,1.1288
61070000,51.0000000000,0.0000000000,14.0454,0.000000,-0.000000,-17.463329,0.0000,0.0000,1.1297
61080000,51.0000000000,0.0000000000,14.0341,0.000000,-0.000000,-17.463329,0.0000,0.0000,1.1305
61090000,51.0000000000,0.0000000000,14.0228,0.000000,-0.000000,-17.463329,0.0000,0.0000,1.1314
61100000,51.0000000000,0.0000000000,14.0115,0.000000,-0.000000,-17.463329,0.0000,0.0000,1.1322
61110000,51.0000000000,0.0000000000,14.0002,0.000000,-0.000000,-17.463329,0.0000,0.0000,1.1331
61120000,51.0000000000,0.0000000000,13.9888,0.000000,-0.000000,-17.463329,0.0000,0.0000,1.1339
61130000,51.0000000000,0.0000000000,13.9775,0.000000,-0.000000,-17.463329,0.0000,0.0000,1.1347
61140000,51.0000000000,0.0000000000,13.9661,0.000000,-0.000000,-17.463329,0.0000,0.0000,1.1356
61150000,51.0000000000,0.0000000000,13.9548,0.000000,-0.000000,-17.463329,0.0000,0.0000,1.1364
61160000,51.0000000000,0.0000000000,13.9434,0.000000,-0.000000,-17.463329,0.0000,0.0000,1.1372
61170000,51.0000000000,0.0000000000,13.9320,0.000000,-0.000000,-17.463329,0.0000,0.0000,1.1380
61180000,51.0000000000,0.0000000000,13.9207,0.000000,-0.000000,-17.463329,0.0000,0.0000,1.1389
61190000,51.0000000000,0.0000000000,13.9093,0.000000,-0.000000,-17.463329,0.0000,0.0000,1.1397
61200000,51.0000000000,0.0000000000,13.8979,0.000000,-0.000000,-17.463329,0.0000,0.0000,1.1405
61210000,51.0000000000,0.0000000000,13.8865,0.000000,-0.000000,-17.463329,0.0000,0.0000,1.1413
61220000,51.0000000000,0.0000000000,13.8750,0.000000,-0.000000,-17.463329,0.0000,0.0000,1.1421
61230000,51.0000000000,0.0000000000,13.8636,0.000000,-0.000000,-17.463329,0.0000,0.0000,1.1429
61240000,51.0000000000,0.0000000000,13.8522,0.000000,-0.000000,-17.463329,0.0000,0.0000,1.1437
61250000,51.0000000000,0.0000000000,13.8407,0.000000,-0.000000,-17.463329,0.0000,0.0000,1.1445
61260000,51.0000000000,0.0000000000,13.8293,0.000000,-0.000000,-17.463329,0.0000,0.0000,1.1453
61270000,51.0000000000,0.0000000000,13.8178,0.000000,-0.000000,-17.463329,0.0000,0.0000,1.1461
61280000,51.0000000000,0.0000000000,13.8064,0.000000,-0.000000,-17.463329,0.0000,0.0000,1.1469
61290000,51.0000000000,0.0000000000,13.7949,0.000000,-0.000000,-17.463329,0.0000,0.0000,1.1477
61300000,51.0000000000,0.0000000000,13.7834,0.000000,-0.000000,-17.463329,0.0000,0.0000,1.1485
61310000,51.0000000000,0.0000000000,13.7719,0.000000,-0.000000,-17.463329,0.0000,0.0000,1.1492
61320000,51.0000000000,0.0000000000,13.7604,0.000000,-0.000000,-17.463329,0.0000,0.0000,1.1500
61330000,51.0000000000,0.0000000000,13.7489,0.000000,-0.000000,-17.463329,0.0000,0.0000,1.1508
61340000,51.0000000000,0.0000000000,13.7374,0.000000,-0.000000,-17.463329,0.0000,0.0000,1.1516
61350000,51.0000000000,0.0000000000,13.7259,0.000000,-0.000000,-17.463329,0.0000,0.0000,1.1523
61360000,51.0000000000,0.0000000000,13.7144,0.000000,-0.000000,-17.463329,0.0000,0.0000,1.1531
61370000,51.0000000000,0.0000000000,13.7028,0.000000,-0.000000,-17.463329,0.0000,0.0000,1.1539
61380000,51.0000000000,0.0000000000,13.6913,0.000000,-0.000000,-17.463329,0.0000,0.0000,1.1546
61390000,51.0000000000,0.0000000000,13.6797,0.000000,-0.000000,-17.463329,0.0000,0.0000,1.1554
61400000,51.0000000000,0.0000000000,13.6682,0.000000,-0.000000,-17.463329,0.0000,0.0000,1.1561
61410000,51.0000000000,0.0000000000,13.6566,0.000000,-0.000000,-17.463329,0.0000,0.0000,1.1569
61420000,51.0000000000,0.0000000000,13.6450,0.000000,-0.000000,-17.463329,0.0000,0.0000,1.1576
61430000,51.0000000000,0.0000000000,13.6335,0.000000,-0.000000,-17.463329,0.0000,0.0000,1.1584
61440000,51.0000000000,0.0000000000,13.6219,0.000000,-0.000000,-17.463329,0.0000,0.0000,1.1591
61450000,51.0000000000,0.0000000000,13.6103,0.000000,-0.000000,-17.463329,0.0000,0.0000,1.1598
61460000,51.0000000000,0.0000000000,13.5987,0.000000,-0.000000,-17.463329,0.0000,0.0000,1.1606
61470000,51.0000000000,0.0000000000,13.5871,0.000000,-0.000000,-17.463329,0.0000,0.0000,1.1613
61480000,51.0000000000,0.0000000000,13.5755,0.000000,-0.000000,-17.463329,0.0000,0.0000,1.1620
61490000,51.0000000000,0.0000000000,13.5638,0.000000,-0.000000,-17.463329,0.0000,0.0000,1.1627
61500000,51.0000000000,0.0000000000,13.5522,0.000000,-0.000000,-17.463329,0.0000,0.0000,1.1635
61510000,51.0000000000,0.0000000000,13.5406,0.000000,-0.000000,-17.463329,0.0000,0.0000,1.1642
61520000,51.0000000000,0.0000000000,13.5289,0.000000,-0.000000,-17.463329,0.0000,0.0000,1.1649
61530000,51.0000000000,0.0000000000,13.5173,0.000000,-0.000000,-17.463329,0.0000,0.0000,1.1656
61540000,51.0000000000,0.0000000000,13.5056,0.000000,-0.000000,-17.463329,0.0000,0.0000,1.1663
61550000,51.0000000000,0.0000000000,13.4939,0.000000,-0.000000,-17.463329,0.0000,0.0000,1.1670
61560000,51.0000000000,0.0000000000,13.4823,0.000000,-0.000000,-17.463329,0.0000,0.0000,1.1677
61570000,51.0000000000,0.0000000000,13.4706,0.000000,-0.000000,-17.463329,0.0000,0.0000,1.1684
61580000,51.0000000000,0.0000000000,13.4589,0.000000,-0.000000,-17.463329,0.0000,0.0000,1.1691
61590000,51.0000000000,0.0000000000,13.4472,0.000000,-0.000000,-17.463329,0.0000,0.0000,1.1698
61600000,51.0000000000,0.0000000000,13.4355,0.000000,-0.000000,-17.463329,0.0000,0.0000,1.1705
61610000,51.0000000000,0.0000000000,13.4238,0.000000,-0.000000,-17.463329,0.0000,0.0000,1.1712
61620000,51.0000000000,0.0000000000,13.4121,0.000000,-0.000000,-17.463329,0.0000,0.0000,1.1719
61630000,51.0000000000,0.0000000000,13.4003,0.000000,-0.000000,-17.463329,0.0000,0.0000,1.1726
61640000,51.0000000000,0.0000000000,13.3886,0.000000,-0.000000,-17.463329,0.0000,0.0000,1.1732
61650000,51.0000000000,0.0000000000,13.3769,0.000000,-0.000000,-17.463329,0.0000,0.0000,1.1739
61660000,51.0000000000,0.0000000000,13.3651,0.000000,-0.000000,-17.463329,0.0000,0.0000,1.1746
61670000,51.0000000000,0.0000000000,13.3534,0.000000,-0.000000,-17.463329,0.0000,0.0000,1.1752
61680000,51.0000000000,0.0000000000,13.3416,0.000000,-0.000000,-17.463329,0.0000,0.0000,1.1759
61690000,51.0000000000,0.0000000000,13.3299,0.000000,-0.000000,-17.463329,0.0000,0.0000,1.1766
61700000,51.0000000000,0.0000000000,13.3181,0.000000,-0.000000,-17.463329,0.0000,0.0000,1.1772
61710000,51.0000000000,0.0000000000,13.3063,0.000000,-0.000000,-17.463329,0.0000,0.0000,1.1779
61720000,51.0000000000,0.0000000000,13.2945,0.000000,-0.000000,-17.463329,0.0000,0.0000,1.1785
61730000,51.0000000000,0.0000000000,13.2828,0.000000,-0.000000,-17.463329,0.0000,0.0000,1.1792
61740000,51.0000000000,0.0000000000,13.2710,0.000000,-0.000000,-17.463329,0.0000,0.0000,1.1798
61750000,51.0000000000,0.0000000000,13.2592,0.000000,-0.000000,-17.463329,0.0000,0.0000,1.1805
61760000,51.0000000000,0.0000000000,13.2474,0.000000,-0.000000,-17.463329,0.0000,0.0000,1.1811
61770000,51.0000000000,0.0000000000,13.2355,0.000000,-0.000000,-17.463329,0.0000,0.0000,1.1817
61780000,51.0000000000,0.0000000000,13.2237,0.000000,-0.000000,-17.463329,0.0000,0.0000,1.1824
61790000,51.0000000000,0.0000000000,13.2119,0.000000,-0.000000,-17.463329,0.0000,0.0000,1.1830
61800000,51.0000000000,0.0000000000,13.2001,0.000000,-0.000000,-17.463329,0.0000,0.0000,1.1836
61810000,51.0000000000,0.0000000000,13.1882,0.000000,-0.000000,-17.463329,0.0000,0.0000,1.1843
61820000,51.0000000000,0.0000000000,13.1764,0.000000,-0.000000,-17.463329,0.0000,0.0000,1.1849
61830000,51.0000000000,0.0000000000,13.1645,0.000000,-0.000000,-17.463329,0.0000,0.0000,1.1855
61840000,51.0000000000,0.0000000000,13.1527,0.000000,-0.000000,-17.463329,0.0000,0.0000,1.1861
61850000,51.0000000000,0.0000000000,13.1408,0.000000,-0.000000,-17.463329,0.0000,0.0000,1.1867
61860000,51.0000000000,0.0000000000,13.1289,0.000000,-0.000000,-17.463329,0.0000,0.0000,1.1873
61870000,51.0000000000,0.0000000000,13.1171,0.000000,-0.000000,-17.463329,0.0000,0.0000,1.1879
61880000,51.0000000000,0.0000000000,13.1052,0.000000,-0.000000,-17.463329,0.0000,0.0000,1.1885
61890000,51.0000000000,0.0000000000,13.0933,0.000000,-0.000000,-17.463329,0.0000,0.0000,1.1891
61900000,51.0000000000,0.0000000000,13.0814,0.000000,-0.000000,-17.463329,0.0000,0.0000,1.1897
61910000,51.0000000000,0.0000000000,13.0695,0.000000,-0.000000,-17.463329,0.0000,0.0000,1.1903
61920000,51.0000000000,0.0000000000,13.0576,0.000000,-0.000000,-17.463329,0.0000,0.0000,1.1909
61930000,51.0000000000,0.0000000000,13.0457,0.000000,-0.000000,-17.463329,0.0000,0.0000,1.1915
61940000,51.0000000000,0.0000000000,13.0338,0.000000,-0.000000,-17.463329,0.0000,0.0000,1.1921
61950000,51.0000000000,0.0000000000,13.0218,0.000000,-0.000000,-17.463329,0.0000,0.0000,1.1927
61960000,51.0000000000,0.0000000000,13.0099,0.000000,-0.000000,-17.463329,0.0000,0.0000,1.1932
61970000,51.0000000000,0.0000000000,12.9980,0.000000,-0.000000,-17.463329,0.0000,0.0000,1.1938
61980000,51.0000000000,0.0000000000,12.9860,0.000000,-0.000000,-17.463329,0.0000,0.0000,1.1944
61990000,51.0000000000,0.0000000000,12.9741,0.000000,-0.000000,-17.463329,0.0000,0.0000,1.1950
62000000,51.0000000000,0.0000000000,12.9621,0.000000,-0.000000,-17.463329,0.0000,0.0000,1.1955
62010000,51.0000000000,0.0000000000,12.9502,0.000000,-0.000000,-17.463329,0.0000,0.0000,1.1961
62020000,51.0000000000,0.0000000000,12.9382,0.000000,-0.000000,-17.463329,0.0000,0.0000,1.1966
62030000,51.0000000000,0.0000000000,12.9262,0.000000,-0.000000,-17.463329,0.0000,0.0000,1.1972
62040000,51.0000000000,0.0000000000,12.9143,0.000000,-0.000000,-17.463329,0.0000,0.0000,1.1977
62050000,51.0000000000,0.0000000000,12.9023,0.000000,-0.000000,-17.463329,0.0000,0.0000,1.1983
62060000,51.0000000000,0.0000000000,12.8903,0.000000,-0.000000,-17.463329,0.0000,0.0000,1.1988
62070000,51.0000000000,0.0000000000,12.8783,0.000000,-0.000000,-17.463329,0.0000,0.0000,1.1994
62080000,51.0000000000,0.0000000000,12.8663,0.000000,-0.000000,-17.463329,0.0000,0.0000,1.1999
62090000,51.0000000000,0.0000000000,12.8543,0.000000,-0.000000,-17.463329,0.0000,0.0000,1.2005
62100000,51.0000000000,0.0000000000,12.8423,0.000000,-0.000000,-17.463329,0.0000,0.0000,1.2010
62110000,51.0000000000,0.0000000000,12.8303,0.000000,-0.000000,-17.463329,0.0000,0.0000,1.2015
62120000,51.0000000000,0.0000000000,12.8183,0.000000,-0.000000,-17.463329,0.0000,0.0000,1.2021
62130000,51.0000000000,0.0000000000,12.8062,0.000000,-0.000000,-17.463329,0.0000,0.0000,1.2026
62140000,51.0000000000,0.0000000000,12.7942,0.000000,-0.000000,-17.463329,0.0000,0.0000,1.2031
62150000,51.0000000000,0.0000000000,12.7822,0.000000,-0.000000,-17.463329,0.0000,0.0000,1.2036
62160000,51.0000000000,0.0000000000,12.7701,0.000000,-0.000000,-17.463329,0.0000,0.0000,1.2041
62170000,51.0000000000,0.0000000000,12.7581,0.000000,-0.000000,-17.463329,0.0000,0.0000,1.2046
62180000,51.0000000000,0.0000000000,12.7460,0.000000,-0.000000,-17.463329,0.0000,0.0000,1.2052
62190000,51.0000000000,0.0000000000,12.7340,0.000000,-0.000000,-17.463329,0.0000,0.0000,1.2057
62200000,51.0000000000,0.0000000000,12.7219,0.000000,-0.000000,-17.463329,0.0000,0.0000,1.2062
62210000,51.0000000000,0.0000000000,12.7099,0.000000,-0.000000,-17.463329,0.0000,0.0000,1.2067
62220000,51.0000000000,0.0000000000,12.6978,0.000000,-0.000000,-17.463329,0.0000,0.0000,1.2072
62230000,51.0000000000,0.0000000000,12.6857,0.000000,-0.000000,-17.463329,0.0000,0.0000,1.2076
62240000,51.0000000000,0.0000000000,12.6736,0.000000,-0.000000,-17.463329,0.0000,0.0000,1.2081
62250000,51.0000000000,0.0000000000,12.6616,0.000000,-0.000000,-17.463329,0.0000,0.0000,1.2086
62260000,51.0000000000,0.0000000000,12.6495,0.000000,-0.000000,-17.463329,0.0000,0.0000,1.2091
62270000,51.0000000000,0.0000000000,12.6374,0.000000,-0.000000,-17.463329,0.0000,0.0000,1.2096
62280000,51.0000000000,0.0000000000,12.6253,0.000000,-0.000000,-17.463329,0.0000,0.0000,1.2101
62290000,51.0000000000,0.0000000000,12.6132,0.000000,-0.000000,-17.463329,0.0000,0.0000,1.2105
62300000,51.0000000000,0.0000000000,12.6011,0.000000,-0.000000,-17.463329,0.0000,0.0000,1.2110
62310000,51.0000000000,0.0000000000,12.5890,0.000000,-0.000000,-17.463329,0.0000,0.0000,1.2115
62320000,51.0000000000,0.0000000000,12.5768,0.000000,-0.000000,-17.463329,0.0000,0.0000,1.2119
62330000,51.0000000000,0.0000000000,12.5647,0.000000,-0.000000,-17.463329,0.0000,0.0000,1.2124
62340000,51.0000000000,0.0000000000,12.5526,0.000000,-0.000000,-17.463329,0.0000,0.0000,1.2129
62350000,51.0000000000,0.0000000000,12.5405,0.000000,-0.000000,-17.463329,0.0000,0.0000,1.2133
62360000,51.0000000000,0.0000000000,12.5283,0.000000,-0.000000,-17.463329,0.0000,0.0000,1.2138
62370000,51.0000000000,0.0000000000,12.5162,0.000000,-0.000000,-17.463329,0.0000,0.0000,1.2142
62380000,51.0000000000,0.0000000000,12.5040,0.000000,-0.000000,-17.463329,0.0000,0.0000,1.2147
62390000,51.0000000000,0.0000000000,12.4919,0.000000,-0.000000,-17.463329,0.0000,0.0000,1.2151
62400000,51.0000000000,0.0000000000,12.4797,0.000000,-0.000000,-17.463329,0.0000,0.0000,1.2156
62410000,51.0000000000,0.0000000000,12.4676,0.000000,-0.000000,-17.463329,0.0000,0.0000,1.2160
62420000,51.0000000000,0.0000000000,12.4554,0.000000,-0.000000,-17.463329,0.0000,0.0000,1.2164
62430000,51.0000000000,0.0000000000,12.4433,0.000000,-0.000000,-17.463329,0.0000,0.0000,1.2169
62440000,51.0000000000,0.0000000000,12.4311,0.000000,-0.000000,-17.463329,0.0000,0.0000,1.2173
62450000,51.0000000000,0.0000000000,12.4189,0.000000,-0.000000,-17.463329,0.0000,0.0000,1.2177
62460000,51.0000000000,0.0000000000,12.4067,0.000000,-0.000000,-17.463329,0.0000,0.0000,1.2181
62470000,51.0000000000,0.0000000000,12.3945,0.000000,-0.000000,-17.463329,0.0000,0.0000,1.2185
62480000,51.0000000000,0.0000000000,12.3824,0.000000,-0.000000,-17.463329,0.0000,0.0000,1.2190
62490000,51.0000000000,0.0000000000,12.3702,0.000000,-0.000000,-17.463329,0.0000,0.0000,1.2194
62500000,51.0000000000,0.0000000000,12.3580,0.000000,-0.000000,-17.463329,0.0000,0.0000,1.2198
62510000,51.0000000000,0.0000000000,12.3458,0.000000,-0.000000,-17.463329,0.0000,0.0000,1.2202
62520000,51.0000000000,0.0000000000,12.3336,0.000000,-0.000000,-17.463329,0.0000,0.0000,1.2206
62530000,51.0000000000,0.0000000000,12.3214,0.000000,-0.000000,-17.463329,0.0000,0.0000,1.2210
62540000,51.0000000000,0.0000000000,12.3092,0.000000,-0.000000,-17.463329,0.0000,0.0000,1.2214
62550000,51.0000000000,0.0000000000,12.2969,0.000000,-0.000000,-17.463329,0.0000,0.0000,1.2218
62560000,51.0000000000,0.0000000000,12.2847,0.000000,-0.000000,-17.463329,0.0000,0.0000,1.2222
62570000,51.0000000000,0.0000000000,12.2725,0.000000,-0.000000,-17.463329,0.0000,0.0000,1.2226
62580000,51.0000000000,0.0000000000,12.2603,0.000000,-0.000000,-17.463329,0.0000,0.0000,1.2229
62590000,51.0000000000,0.0000000000,12.2480,0.000000,-0.000000,-17.463329,0.0000,0.0000,1.2233
62600000,51.0000000000,0.0000000000,12.2358,0.000000,-0.000000,-17.463329,0.0000,0.0000,1.2237
62610000,51.0000000000,0.0000000000,12.2236,0.000000,-0.000000,-17.463329,0.0000,0.0000,1.2241
62620000,51.0000000000,0.0000000000,12.2113,0.000000,-0.000000,-17.463329,0.0000,0.0000,1.2244
62630000,51.0000000000,0.0000000000,12.1991,0.000000,-0.000000,-17.463329,0.0000,0.0000,1.2248
62640000,51.0000000000,0.0000000000,12.1868,0.000000,-0.000000,-17.463329,0.0000,0.0000,1.2252
62650000,51.0000000000,0.0000000000,12.1746,0.000000,-0.000000,-17.463329,0.0000,0.0000,1.2255
62660000,51.0000000000,0.0000000000,12.1623,0.000000,-0.000000,-17.463329,0.0000,0.0000,1.2259
62670000,51.0000000000,0.0000000000,12.1500,0.000000,-0.000000,-17.463329,0.0000,0.0000,1.2263
62680000,51.0000000000,0.0000000000,12.1378,0.000000,-0.000000,-17.463329,0.0000,0.0000,1.2266
62690000,51.0000000000,0.0000000000,12.1255,0.000000,-0.000000,-17.463329,0.0000,0.0000,1.2270
62700000,51.0000000000,0.0000000000,12.1132,0.000000,-0.000000,-17.463329,0.0000,0.0000,1.2273
62710000,51.0000000000,0.0000000000,12.1010,0.000000,-0.000000,-17.463329,0.0000,0.0000,1.2276
62720000,51.0000000000,0.0000000000,12.0887,0.000000,-0.000000,-17.463329,0.0000,0.0000,1.2280
62730000,51.0000000000,0.0000000000,12.0764,0.000000,-0.000000,-17.463329,0.0000,0.0000,1.2283
62740000,51.0000000000,0.0000000000,12.0641,0.000000,-0.000000,-17.463329,0.0000,0.0000,1.2287
62750000,51.0000000000,0.0000000000,12.0518,0.000000,-0.000000,-17.463329,0.0000,0.0000,1.2290
62760000,51.0000000000,0.0000000000,12.0395,0.000000,-0.000000,-17.463329,0.0000,0.0000,1.2293
62770000,51.0000000000,0.0000000000,12.0273,0.000000,-0.000000,-17.463329,0.0000,0.0000,1.2296
62780000,51.0000000000,0.0000000000,12.0150,0.000000,-0.000000,-17.463329,0.0000,0.0000,1.2300
62790000,51.0000000000,0.0000000000,12.0027,0.000000,-0.000000,-17.463329,0.0000,0.0000,1.2303
62800000,51.0000000000,0.0000000000,11.9903,0.000000,-0.000000,-17.463329,0.0000,0.0000,1.2306
62810000,51.0000000000,0.0000000000,11.9780,0.000000,-0.000000,-17.463329,0.0000,0.0000,1.2309
62820000,51.0000000000,0.0000000000,11.9657,0.000000,-0.000000,-17.463329,0.0000,0.0000,1.2312
62830000,51.0000000000,0.0000000000,11.9534,0.000000,-0.000000,-17.463329,0.0000,0.0000,1.2315
62840000,51.0000000000,0.0000000000,11.9411,0.000000,-0.000000,-17.463329,0.0000,0.0000,1.2318
62850000,51.0000000000,0.0000000000,11.9288,0.000000,-0.000000,-17.463329,0.0000,0.0000,1.2321
62860000,51.0000000000,0.0000000000,11.9165,0.000000,-0.000000,-17.463329,0.0000,0.0000,1.2324
62870000,51.0000000000,0.0000000000,11.9041,0.000000,-0.000000,-17.463329,0.0000,0.0000,1.2327
62880000,51.0000000000,0.0000000000,11.8918,0.000000,-0.000000,-17.463329,0.0000,0.0000,1.2330
62890000,51.0000000000,0.0000000000,11.8795,0.000000,-0.000000,-17.463329,0.0000,0.0000,1.2333
62900000,51.0000000000,0.0000000000,11.8671,0.000000,-0.000000,-17.463329,0.0000,0.0000,1.2336
62910000,51.0000000000,0.0000000000,11.8548,0.000000,-0.000000,-17.463329,0.0000,0.0000,1.2339
62920000,51.0000000000,0.0000000000,11.8425,0.000000,-0.000000,-17.463329,0.0000,0.0000,1.2341
62930000,51.0000000000,0.0000000000,11.8301,0.000000,-0.000000,-17.463329,0.0000,0.0000,1.2344
62940000,51.0000000000,0.0000000000,11.8178,0.000000,-0.000000,-17.463329,0.0000,0.0000,1.2347
62950000,51.0000000000,0.0000000000,11.8054,0.000000,-0.000000,-17.463329,0.0000,0.0000,1.2350
62960000,51.0000000000,0.0000000000,11.7931,0.000000,-0.000000,-17.463329,0.0000,0.0000,1.2352
62970000,51.0000000000,0.0000000000,11.7807,0.000000,-0.000000,-17.463329,0.0000,0.0000,1.2355
62980000,51.0000000000,0.0000000000,11.7684,0.000000,-0.000000,-17.463329,0.0000,0.0000,1.2357
62990000,51.0000000000,0.0000000000,11.7560,0.000000,-0.000000,-17.463329,0.0000,0.0000,1.2360
63000000,51.0000000000,0.0000000000,11.7436,0.000000,-0.000000,-17.463329,0.0000,0.0000,1.2363
63010000,51.0000000000,0.0000000000,11.7313,0.000000,-0.000000,-17.463329,0.0000,0.0000,1.2365
63020000,51.0000000000,0.0000000000,11.7189,0.000000,-0.000000,-17.463329,0.0000,0.0000,1.2368
63030000,51.0000000000,0.0000000000,11.7065,0.000000,-0.000000,-17.463329,0.0000,0.0000,1.2370
63040000,51.0000000000,0.0000000000,11.6942,0.000000,-0.000000,-17.463329,0.0000,0.0000,1.2372
63050000,51.0000000000,0.0000000000,11.6818,0.000000,-0.000000,-17.463329,0.0000,0.0000,1.2375
63060000,51.0000000000,0.0000000000,11.6694,0.000000,-0.000000,-17.463329,0.0000,0.0000,1.2377
63070000,51.0000000000,0.0000000000,11.6570,0.000000,-0.000000,-17.463329,0.0000,0.0000,1.2379
63080000,51.0000000000,0.0000000000,11.6447,0.000000,-0.000000,-17.463329,0.0000,0.0000,1.2382
63090000,51.0000000000,0.0000000000,11.6323,0.000000,-0.000000,-17.463329,0.0000,0.0000,1.2384
63100000,51.0000000000,0.0000000000,11.6199,0.000000,-0.000000,-17.463329,0.0000,0.0000,1.2386
63110000,51.0000000000,0.0000000000,11.6075,0.000000,-0.000000,-17.463329,0.0000,0.0000,1.2388
63120000,51.0000000000,0.0000000000,11.5951,0.000000,-0.000000,-17.463329,0.0000,0.0000,1.2390
63130000,51.0000000000,0.0000000000,11.5827,0.000000,-0.000000,-17.463329,0.0000,0.0000,1.2393
63140000,51.0000000000,0.0000000000,11.5703,0.000000,-0.000000,-17.463329,0.0000,0.0000,1.2395
63150000,51.0000000000,0.0000000000,11.5579,0.000000,-0.000000,-17.463329,0.0000,0.0000,1.2397
63160000,51.0000000000,0.0000000000,11.5455,0.000000,-0.000000,-17.463329,0.0000,0.0000,1.2399
63170000,51.0000000000,0.0000000000,11.5331,0.000000,-0.000000,-17.463329,0.0000,0.0000,1.2401
63180000,51.0000000000,0.0000000000,11.5207,0.000000,-0.000000,-17.463329,0.0000,0.0000,1.2403
63190000,51.0000000000,0.0000000000,11.5083,0.000000,-0.000000,-17.463329,0.0000,0.0000,1.2405
63200000,51.0000000000,0.0000000000,11.4959,0.000000,-0.000000,-17.463329,0.0000,0.0000,1.2407
63210000,51.0000000000,0.0000000000,11.4835,0.000000,-0.000000,-17.463329,0.0000,0.0000,1.2409
63220000,51.0000000000,0.0000000000,11.4711,0.000000,-0.000000,-17.463329,0.0000,0.0000,1.2410
63230000,51.0000000000,0.0000000000,11.4587,0.000000,-0.000000,-17.463329,0.0000,0.0000,1.2412
63240000,51.0000000000,0.0000000000,11.4463,0.000000,-0.000000,-17.463329,0.0000,0.0000,1.2414
63250000,51.0000000000,0.0000000000,11.4339,0.000000,-0.000000,-17.463329,0.0000,0.0000,1.2416
63260000,51.0000000000,0.0000000000,11.4215,0.000000,-0.000000,-17.463329,0.0000,0.0000,1.2417
63270000,51.0000000000,0.0000000000,11.4090,0.000000,-0.000000,-17.463329,0.0000,0.0000,1.2419
63280000,51.0000000000,0.0000000000,11.3966,0.000000,-0.000000,-17.463329,0.0000,0.0000,1.2421
63290000,51.0000000000,0.0000000000,11.3842,0.000000,-0.000000,-17.463329,0.0000,0.0000,1.2422
63300000,51.0000000000,0.0000000000,11.3718,0.000000,-0.000000,-17.463329,0.0000,0.0000,1.2424
63310000,51.0000000000,0.0000000000,11.3593,0.000000,-0.000000,-17.463329,0.0000,0.0000,1.2426
63320000,51.0000000000,0.0000000000,11.3469,0.000000,-0.000000,-17.463329,0.0000,0.0000,1.2427
63330000,51.0000000000,0.0000000000,11.3345,0.000000,-0.000000,-17.463329,0.0000,0.0000,1.2429
63340000,51.0000000000,0.0000000000,11.3221,0.000000,-0.000000,-17.463329,0.0000,0.0000,1.2430
63350000,51.0000000000,0.0000000000,11.3096,0.000000,-0.000000,-17.463329,0.0000,0.0000,1.2432
63360000,51.0000000000,0.0000000000,11.2972,0.000000,-0.000000,-17.463329,0.0000,0.0000,1.2433
63370000,51.0000000000,0.0000000000,11.2848,0.000000,-0.000000,-17.463329,0.0000,0.0000,1.2434
63380000,51.0000000000,0.0000000000,11.2723,0.000000,-0.000000,-17.463329,0.0000,0.0000,1.2436
63390000,51.0000000000,0.0000000000,11.2599,0.000000,-0.000000,-17.463329,0.0000,0.0000,1.2437
63400000,51.0000000000,0.0000000000,11.2475,0.000000,-0.000000,-17.463329,0.0000,0.0000,1.2438
63410000,51.0000000000,0.0000000000,11.2350,0.000000,-0.000000,-17.463329,0.0000,0.0000,1.2440
63420000,51.0000000000,0.0000000000,11.2226,0.000000,-0.000000,-17.463329,0.0000,0.0000,1.2441
63430000,51.0000000000,0.0000000000,11.2101,0.000000,-0.000000,-17.463329,0.0000,0.0000,1.2442
63440000,51.0000000000,0.0000000000,11.1977,0.000000,-0.000000,-17.463329,0.0000,0.0000,1.2443
63450000,51.0000000000,0.0000000000,11.1853,0.000000,-0.000000,-17.463329,0.0000,0.0000,1.2444
63460000,51.0000000000,0.0000000000,11.1728,0.000000,-0.000000,-17.463329,0.0000,0.0000,1.2445
63470000,51.0000000000,0.0000000000,11.1604,0.000000,-0.000000,-17.463329,0.0000,0.0000,1.2446
63480000,51.0000000000,0.0000000000,11.1479,0.000000,-0.000000,-17.463329,0.0000,0.0000,1.2447
63490000,51.0000000000,0.0000000000,11.1355,0.000000,-0.000000,-17.463329,0.0000,0.0000,1.2448
63500000,51.0000000000,0.0000000000,11.1230,0.000000,-0.000000,-17.463329,0.0000,0.0000,1.2449
63510000,51.0000000000,0.0000000000,11.1106,0.000000,-0.000000,-17.463329,0.0000,0.0000,1.2450
63520000,51.0000000000,0.0000000000,11.0981,0.000000,-0.000000,-17.463329,0.0000,0.0000,1.2451
63530000,51.0000000000,0.0000000000,11.0857,0.000000,-0.000000,-17.463329,0.0000,0.0000,1.2452
63540000,51.0000000000,0.0000000000,11.0732,0.000000,-0.000000,-17.463329,0.0000,0.0000,1.2453
63550000,51.0000000000,0.0000000000,11.0608,0.000000,-0.000000,-17.463329,0.0000,0.0000,1.2454
63560000,51.0000000000,0.0000000000,11.0483,0.000000,-0.000000,-17.463329,0.0000,0.0000,1.2455
63570000,51.0000000000,0.0000000000,11.0359,0.000000,-0.000000,-17.463329,0.0000,0.0000,1.2455
63580000,51.0000000000,0.0000000000,11.0234,0.000000,-0.000000,-17.463329,0.0000,0.0000,1.2456
63590000,51.0000000000,0.0000000000,11.0109,0.000000,-0.000000,-17.463329,0.0000,0.0000,1.2457
63600000,51.0000000000,0.0000000000,10.9985,0.000000,-0.000000,-17.463329,0.0000,0.0000,1.2457
63610000,51.0000000000,0.0000000000,10.9860,0.000000,-0.000000,-17.463329,0.0000,0.0000,1.2458
63620000,51.0000000000,0.0000000000,10.9736,0.000000,-0.000000,-17.463329,0.0000,0.0000,1.2459
63630000,51.0000000000,0.0000000000,10.9611,0.000000,-0.000000,-17.463329,0.0000,0.0000,1.2459
63640000,51.0000000000,0.0000000000,10.9486,0.000000,-0.000000,-17.463329,0.0000,0.0000,1.2460
63650000,51.0000000000,0.0000000000,10.9362,0.000000,-0.000000,-17.463329,0.0000,0.0000,1.2460
63660000,51.0000000000,0.0000000000,10.9237,0.000000,-0.000000,-17.463329,0.0000,0.0000,1.2461
63670000,51.0000000000,0.0000000000,10.9113,0.000000,-0.000000,-17.463329,0.0000,0.0000,1.2461
63680000,51.0000000000,0.0000000000,10.8988,0.000000,-0.000000,-17.463329,0.0000,0.0000,1.2462
63690000,51.0000000000,0.0000000000,10.8863,0.000000,-0.000000,-17.463329,0.0000,0.0000,1.2462
63700000,51.0000000000,0.0000000000,10.8739,0.000000,-0.000000,-17.463329,0.0000,0.0000,1.2462
63710000,51.0000000000,0.0000000000,10.8614,0.000000,-0.000000,-17.463329,0.0000,0.0000,1.2463
63720000,51.0000000000,0.0000000000,10.8490,0.000000,-0.000000,-17.463329,0.0000,0.0000,1.2463
63730000,51.0000000000,0.0000000000,10.8365,0.000000,-0.000000,-17.463329,0.0000,0.0000,1.2463
63740000,51.0000000000,0.0000000000,10.8240,0.000000,-0.000000,-17.463329,0.0000,0.0000,1.2463
63750000,51.0000000000,0.0000000000,10.8116,0.000000,-0.000000,-17.463329,0.0000,0.0000,1.2464
63760000,51.0000000000,0.0000000000,10.7991,0.000000,-0.000000,-17.463329,0.0000,0.0000,1.2464
63770000,51.0000000000,0.0000000000,10.7866,0.000000,-0.000000,-17.463329,0.0000,0.0000,1.2464
63780000,51.0000000000,0.0000000000,10.7742,0.000000,-0.000000,-17.463329,0.0000,0.0000,1.2464
63790000,51.0000000000,0.0000000000,10.7617,0.000000,-0.000000,-17.463329,0.0000,0.0000,1.2464
63800000,51.0000000000,0.0000000000,10.7492,0.000000,-0.000000,-17.463329,0.0000,0.0000,1.2464
63810000,51.0000000000,0.0000000000,10.7368,0.000000,-0.000000,-17.463329,0.0000,0.0000,1.2464
63820000,51.0000000000,0.0000000000,10.7243,0.000000,-0.000000,-17.463329,0.0000,0.0000,1.2464
63830000,51.0000000000,0.0000000000,10.7119,0.000000,-0.000000,-17.463329,0.0000,0.0000,1.2464
63840000,51.0000000000,0.0000000000,10.6994,0.000000,-0.000000,-17.463329,0.0000,0.0000,1.2464
63850000,51.0000000000,0.0000000000,10.6869,0.000000,-0.000000,-17.463329,0.0000,0.0000,1.2464
63860000,51.0000000000,0.0000000000,10.6745,0.000000,-0.000000,-17.463329,0.0000,0.0000,1.2464
63870000,51.0000000000,0.0000000000,10.6620,0.000000,-0.000000,-17.463329,0.0000,0.0000,1.2464
63880000,51.0000000000,0.0000000000,10.6495,0.000000,-0.000000,-17.463329,0.0000,0.0000,1.2463
63890000,51.0000000000,0.0000000000,10.6371,0.000000,-0.000000,-17.463329,0.0000,0.0000,1.2463
63900000,51.0000000000,0.0000000000,10.6246,0.000000,-0.000000,-17.463329,0.0000,0.0000,1.2463
63910000,51.0000000000,0.0000000000,10.6121,0.000000,-0.000000,-17.463329,0.0000,0.0000,1.2462
63920000,51.0000000000,0.0000000000,10.5997,0.000000,-0.000000,-17.463329,0.0000,0.0000,1.2462
63930000,51.0000000000,0.0000000000,10.5872,0.000000,-0.000000,-17.463329,0.0000,0.0000,1.2462
63940000,51.0000000000,0.0000000000,10.5748,0.000000,-0.000000,-17.463329,0.0000,0.0000,1.2461
63950000,51.0000000000,0.0000000000,10.5623,0.000000,-0.000000,-17.463329,0.0000,0.0000,1.2461
63960000,51.0000000000,0.0000000000,10.5498,0.000000,-0.000000,-17.463329,0.0000,0.0000,1.2460
63970000,51.0000000000,0.0000000000,10.5374,0.000000,-0.000000,-17.463329,0.0000,0.0000,1.2460
63980000,51.0000000000,0.0000000000,10.5249,0.000000,-0.000000,-17.463329,0.0000,0.0000,1.2459
63990000,51.0000000000,0.0000000000,10.5125,0.000000,-0.000000,-17.463329,0.0000,0.0000,1.2459
64000000,51.0000000000,0.0000000000,10.5000,0.000000,-0.000000,-17.463329,0.0000,0.0000,1.2458
